manifest,fold,task_id,method,true_error_rmse,predicted_risk
E81_r1_p25,0,A549::Alvespimycin::dose=10.0,Ridge_M,0.4104509949684143,0.42551860213279724
E81_r1_p25,0,A549::Alvespimycin::dose=100.0,Ridge_M,0.4448831975460052,0.4243648052215576
E81_r1_p25,0,A549::Alvespimycin::dose=1000.0,Ridge_M,0.4475494921207428,0.42739740014076233
E81_r1_p25,0,A549::Alvespimycin::dose=10000.0,Ridge_M,0.4478608071804046,0.4251365661621094
E81_r1_p25,0,A549::Tanespimycin::dose=10.0,Ridge_M,0.4171493053436279,0.4259657859802246
E81_r1_p25,0,A549::Tanespimycin::dose=100.0,Ridge_M,0.4084816873073578,0.42071467638015747
E81_r1_p25,0,A549::Tanespimycin::dose=1000.0,Ridge_M,0.4488344192504883,0.42142990231513977
E81_r1_p25,0,A549::Tanespimycin::dose=10000.0,Ridge_M,0.4403448104858398,0.42222514748573303
E81_r1_p25,0,K562::Alvespimycin::dose=10.0,Ridge_M,0.2896783649921417,0.3273288607597351
E81_r1_p25,0,K562::Alvespimycin::dose=100.0,Ridge_M,0.3123195767402649,0.3373982906341553
E81_r1_p25,0,K562::Alvespimycin::dose=1000.0,Ridge_M,0.3140528798103332,0.34007054567337036
E81_r1_p25,0,K562::Alvespimycin::dose=10000.0,Ridge_M,0.3416701853275299,0.3544602692127228
E81_r1_p25,0,K562::Tanespimycin::dose=10.0,Ridge_M,0.2860576212406158,0.3241611421108246
E81_r1_p25,0,K562::Tanespimycin::dose=100.0,Ridge_M,0.2770383059978485,0.3272327780723572
E81_r1_p25,0,K562::Tanespimycin::dose=1000.0,Ridge_M,0.297801673412323,0.3374484181404114
E81_r1_p25,0,K562::Tanespimycin::dose=10000.0,Ridge_M,0.3310350477695465,0.34124818444252014
E81_r1_p25,0,MCF7::Alvespimycin::dose=10.0,Ridge_M,0.2686544954776764,0.30653199553489685
E81_r1_p25,0,MCF7::Alvespimycin::dose=100.0,Ridge_M,0.2717020511627197,0.30372023582458496
E81_r1_p25,0,MCF7::Alvespimycin::dose=1000.0,Ridge_M,0.2705402970314026,0.30465710163116455
E81_r1_p25,0,MCF7::Tanespimycin::dose=10.0,Ridge_M,0.269875556230545,0.3090931177139282
E81_r1_p25,0,MCF7::Tanespimycin::dose=100.0,Ridge_M,0.2821461260318756,0.31247150897979736
E81_r1_p25,0,MCF7::Tanespimycin::dose=1000.0,Ridge_M,0.28705695271492,0.3165799081325531
E81_r1_p25,0,MCF7::Tanespimycin::dose=10000.0,Ridge_M,0.2956448197364807,0.3162499964237213
E81_r1_p25,0,A549::Alvespimycin::dose=10.0,Ridge_P,0.4104509949684143,0.43215638399124146
E81_r1_p25,0,A549::Alvespimycin::dose=100.0,Ridge_P,0.4448831975460052,0.43037888407707214
E81_r1_p25,0,A549::Alvespimycin::dose=1000.0,Ridge_P,0.4475494921207428,0.4326019883155823
E81_r1_p25,0,A549::Alvespimycin::dose=10000.0,Ridge_P,0.4478608071804046,0.43089422583580017
E81_r1_p25,0,A549::Tanespimycin::dose=10.0,Ridge_P,0.4171493053436279,0.43297988176345825
E81_r1_p25,0,A549::Tanespimycin::dose=100.0,Ridge_P,0.4084816873073578,0.4269919991493225
E81_r1_p25,0,A549::Tanespimycin::dose=1000.0,Ridge_P,0.4488344192504883,0.42679014801979065
E81_r1_p25,0,A549::Tanespimycin::dose=10000.0,Ridge_P,0.4403448104858398,0.42754217982292175
E81_r1_p25,0,K562::Alvespimycin::dose=10.0,Ridge_P,0.2896783649921417,0.3237474858760834
E81_r1_p25,0,K562::Alvespimycin::dose=100.0,Ridge_P,0.3123195767402649,0.3329426348209381
E81_r1_p25,0,K562::Alvespimycin::dose=1000.0,Ridge_P,0.3140528798103332,0.3359394371509552
E81_r1_p25,0,K562::Alvespimycin::dose=10000.0,Ridge_P,0.3416701853275299,0.3501114845275879
E81_r1_p25,0,K562::Tanespimycin::dose=10.0,Ridge_P,0.2860576212406158,0.32072117924690247
E81_r1_p25,0,K562::Tanespimycin::dose=100.0,Ridge_P,0.2770383059978485,0.3237788677215576
E81_r1_p25,0,K562::Tanespimycin::dose=1000.0,Ridge_P,0.297801673412323,0.3335854113101959
E81_r1_p25,0,K562::Tanespimycin::dose=10000.0,Ridge_P,0.3310350477695465,0.33794552087783813
E81_r1_p25,0,MCF7::Alvespimycin::dose=10.0,Ridge_P,0.2686544954776764,0.29760047793388367
E81_r1_p25,0,MCF7::Alvespimycin::dose=100.0,Ridge_P,0.2717020511627197,0.29536956548690796
E81_r1_p25,0,MCF7::Alvespimycin::dose=1000.0,Ridge_P,0.2705402970314026,0.29753684997558594
E81_r1_p25,0,MCF7::Tanespimycin::dose=10.0,Ridge_P,0.269875556230545,0.3011746108531952
E81_r1_p25,0,MCF7::Tanespimycin::dose=100.0,Ridge_P,0.2821461260318756,0.30449187755584717
E81_r1_p25,0,MCF7::Tanespimycin::dose=1000.0,Ridge_P,0.28705695271492,0.30810412764549255
E81_r1_p25,0,MCF7::Tanespimycin::dose=10000.0,Ridge_P,0.2956448197364807,0.308666855096817
E81_r1_p25,0,A549::Alvespimycin::dose=10.0,Ridge_PQ,0.4104509949684143,0.4298763871192932
E81_r1_p25,0,A549::Alvespimycin::dose=100.0,Ridge_PQ,0.4448831975460052,0.42813026905059814
E81_r1_p25,0,A549::Alvespimycin::dose=1000.0,Ridge_PQ,0.4475494921207428,0.4303087592124939
E81_r1_p25,0,A549::Alvespimycin::dose=10000.0,Ridge_PQ,0.4478608071804046,0.4286353290081024
E81_r1_p25,0,A549::Tanespimycin::dose=10.0,Ridge_PQ,0.4171493053436279,0.43068593740463257
E81_r1_p25,0,A549::Tanespimycin::dose=100.0,Ridge_PQ,0.4084816873073578,0.42480793595314026
E81_r1_p25,0,A549::Tanespimycin::dose=1000.0,Ridge_PQ,0.4488344192504883,0.4246065616607666
E81_r1_p25,0,A549::Tanespimycin::dose=10000.0,Ridge_PQ,0.4403448104858398,0.42534443736076355
E81_r1_p25,0,K562::Alvespimycin::dose=10.0,Ridge_PQ,0.2896783649921417,0.3235177993774414
E81_r1_p25,0,K562::Alvespimycin::dose=100.0,Ridge_PQ,0.3123195767402649,0.3325386047363281
E81_r1_p25,0,K562::Alvespimycin::dose=1000.0,Ridge_PQ,0.3140528798103332,0.33548086881637573
E81_r1_p25,0,K562::Alvespimycin::dose=10000.0,Ridge_PQ,0.3416701853275299,0.3493887782096863
E81_r1_p25,0,K562::Tanespimycin::dose=10.0,Ridge_PQ,0.2860576212406158,0.320547878742218
E81_r1_p25,0,K562::Tanespimycin::dose=100.0,Ridge_PQ,0.2770383059978485,0.32354897260665894
E81_r1_p25,0,K562::Tanespimycin::dose=1000.0,Ridge_PQ,0.297801673412323,0.3331718146800995
E81_r1_p25,0,K562::Tanespimycin::dose=10000.0,Ridge_PQ,0.3310350477695465,0.33745265007019043
E81_r1_p25,0,MCF7::Alvespimycin::dose=10.0,Ridge_PQ,0.2686544954776764,0.29781222343444824
E81_r1_p25,0,MCF7::Alvespimycin::dose=100.0,Ridge_PQ,0.2717020511627197,0.29562613368034363
E81_r1_p25,0,MCF7::Alvespimycin::dose=1000.0,Ridge_PQ,0.2705402970314026,0.2977573573589325
E81_r1_p25,0,MCF7::Tanespimycin::dose=10.0,Ridge_PQ,0.269875556230545,0.3013226091861725
E81_r1_p25,0,MCF7::Tanespimycin::dose=100.0,Ridge_PQ,0.2821461260318756,0.30457666516304016
E81_r1_p25,0,MCF7::Tanespimycin::dose=1000.0,Ridge_PQ,0.28705695271492,0.30811789631843567
E81_r1_p25,0,MCF7::Tanespimycin::dose=10000.0,Ridge_PQ,0.2956448197364807,0.3086736500263214
E81_r1_p25,0,A549::Alvespimycin::dose=10.0,Ridge_PQH,0.4104509949684143,0.42823001742362976
E81_r1_p25,0,A549::Alvespimycin::dose=100.0,Ridge_PQH,0.4448831975460052,0.42650747299194336
E81_r1_p25,0,A549::Alvespimycin::dose=1000.0,Ridge_PQH,0.4475494921207428,0.42867159843444824
E81_r1_p25,0,A549::Alvespimycin::dose=10000.0,Ridge_PQH,0.4478608071804046,0.4270441234111786
E81_r1_p25,0,A549::Tanespimycin::dose=10.0,Ridge_PQH,0.4171493053436279,0.4290305972099304
E81_r1_p25,0,A549::Tanespimycin::dose=100.0,Ridge_PQH,0.4084816873073578,0.4232124090194702
E81_r1_p25,0,A549::Tanespimycin::dose=1000.0,Ridge_PQH,0.4488344192504883,0.423014760017395
E81_r1_p25,0,A549::Tanespimycin::dose=10000.0,Ridge_PQH,0.4403448104858398,0.4237564206123352
E81_r1_p25,0,K562::Alvespimycin::dose=10.0,Ridge_PQH,0.2896783649921417,0.3239290714263916
E81_r1_p25,0,K562::Alvespimycin::dose=100.0,Ridge_PQH,0.3123195767402649,0.33284491300582886
E81_r1_p25,0,K562::Alvespimycin::dose=1000.0,Ridge_PQH,0.3140528798103332,0.33576929569244385
E81_r1_p25,0,K562::Alvespimycin::dose=10000.0,Ridge_PQH,0.3416701853275299,0.34954914450645447
E81_r1_p25,0,K562::Tanespimycin::dose=10.0,Ridge_PQH,0.2860576212406158,0.3209937810897827
E81_r1_p25,0,K562::Tanespimycin::dose=100.0,Ridge_PQH,0.2770383059978485,0.3239676058292389
E81_r1_p25,0,K562::Tanespimycin::dose=1000.0,Ridge_PQH,0.297801673412323,0.3334953188896179
E81_r1_p25,0,K562::Tanespimycin::dose=10000.0,Ridge_PQH,0.3310350477695465,0.33774828910827637
E81_r1_p25,0,MCF7::Alvespimycin::dose=10.0,Ridge_PQH,0.2686544954776764,0.29779693484306335
E81_r1_p25,0,MCF7::Alvespimycin::dose=100.0,Ridge_PQH,0.2717020511627197,0.29570630192756653
E81_r1_p25,0,MCF7::Alvespimycin::dose=1000.0,Ridge_PQH,0.2705402970314026,0.29788655042648315
E81_r1_p25,0,MCF7::Tanespimycin::dose=10.0,Ridge_PQH,0.269875556230545,0.30126726627349854
E81_r1_p25,0,MCF7::Tanespimycin::dose=100.0,Ridge_PQH,0.2821461260318756,0.3045060932636261
E81_r1_p25,0,MCF7::Tanespimycin::dose=1000.0,Ridge_PQH,0.28705695271492,0.3080371618270874
E81_r1_p25,0,MCF7::Tanespimycin::dose=10000.0,Ridge_PQH,0.2956448197364807,0.308663547039032
E81_r1_p25,1,A549::Flavopiridol::dose=10.0,Ridge_M,0.4435986578464508,0.4349660575389862
E81_r1_p25,1,A549::Flavopiridol::dose=100.0,Ridge_M,0.4109095931053161,0.44509604573249817
E81_r1_p25,1,A549::Flavopiridol::dose=1000.0,Ridge_M,0.4208988547325134,0.4487455189228058
E81_r1_p25,1,A549::Flavopiridol::dose=10000.0,Ridge_M,0.4528335630893707,0.45750802755355835
E81_r1_p25,1,A549::Quisinostat::dose=10.0,Ridge_M,0.4128303825855255,0.427794873714447
E81_r1_p25,1,A549::Quisinostat::dose=100.0,Ridge_M,0.4079103171825409,0.4244438111782074
E81_r1_p25,1,A549::Quisinostat::dose=1000.0,Ridge_M,0.4408270418643951,0.428355872631073
E81_r1_p25,1,A549::Quisinostat::dose=10000.0,Ridge_M,0.4527618288993835,0.42628905177116394
E81_r1_p25,1,K562::Flavopiridol::dose=10.0,Ridge_M,0.2841570675373077,0.31144338846206665
E81_r1_p25,1,K562::Flavopiridol::dose=100.0,Ridge_M,0.2960774302482605,0.3091721832752228
E81_r1_p25,1,K562::Quisinostat::dose=10.0,Ridge_M,0.2964754998683929,0.3131071627140045
E81_r1_p25,1,K562::Quisinostat::dose=100.0,Ridge_M,0.2972677648067474,0.3182564377784729
E81_r1_p25,1,K562::Quisinostat::dose=1000.0,Ridge_M,0.3138841986656189,0.33138296008110046
E81_r1_p25,1,K562::Quisinostat::dose=10000.0,Ridge_M,0.3243409991264343,0.34382420778274536
E81_r1_p25,1,MCF7::Flavopiridol::dose=10.0,Ridge_M,0.2703993022441864,0.2904750108718872
E81_r1_p25,1,MCF7::Flavopiridol::dose=100.0,Ridge_M,0.2736591696739197,0.28873586654663086
E81_r1_p25,1,MCF7::Quisinostat::dose=10.0,Ridge_M,0.3196745216846466,0.2868190407752991
E81_r1_p25,1,MCF7::Quisinostat::dose=100.0,Ridge_M,0.3424492180347442,0.28241485357284546
E81_r1_p25,1,MCF7::Quisinostat::dose=1000.0,Ridge_M,0.3701119720935821,0.2798963189125061
E81_r1_p25,1,MCF7::Quisinostat::dose=10000.0,Ridge_M,0.386741042137146,0.27806395292282104
E81_r1_p25,1,A549::Flavopiridol::dose=10.0,Ridge_P,0.4435986578464508,0.4417620003223419
E81_r1_p25,1,A549::Flavopiridol::dose=100.0,Ridge_P,0.4109095931053161,0.45228251814842224
E81_r1_p25,1,A549::Flavopiridol::dose=1000.0,Ridge_P,0.4208988547325134,0.4556645452976227
E81_r1_p25,1,A549::Flavopiridol::dose=10000.0,Ridge_P,0.4528335630893707,0.4650530219078064
E81_r1_p25,1,A549::Quisinostat::dose=10.0,Ridge_P,0.4128303825855255,0.4346815347671509
E81_r1_p25,1,A549::Quisinostat::dose=100.0,Ridge_P,0.4079103171825409,0.4310292899608612
E81_r1_p25,1,A549::Quisinostat::dose=1000.0,Ridge_P,0.4408270418643951,0.434992253780365
E81_r1_p25,1,A549::Quisinostat::dose=10000.0,Ridge_P,0.4527618288993835,0.4325321614742279
E81_r1_p25,1,K562::Flavopiridol::dose=10.0,Ridge_P,0.2841570675373077,0.310219943523407
E81_r1_p25,1,K562::Flavopiridol::dose=100.0,Ridge_P,0.2960774302482605,0.308631032705307
E81_r1_p25,1,K562::Quisinostat::dose=10.0,Ridge_P,0.2964754998683929,0.312472939491272
E81_r1_p25,1,K562::Quisinostat::dose=100.0,Ridge_P,0.2972677648067474,0.3173283636569977
E81_r1_p25,1,K562::Quisinostat::dose=1000.0,Ridge_P,0.3138841986656189,0.33035367727279663
E81_r1_p25,1,K562::Quisinostat::dose=10000.0,Ridge_P,0.3243409991264343,0.34272849559783936
E81_r1_p25,1,MCF7::Flavopiridol::dose=10.0,Ridge_P,0.2703993022441864,0.28015971183776855
E81_r1_p25,1,MCF7::Flavopiridol::dose=100.0,Ridge_P,0.2736591696739197,0.27817806601524353
E81_r1_p25,1,MCF7::Quisinostat::dose=10.0,Ridge_P,0.3196745216846466,0.2765008807182312
E81_r1_p25,1,MCF7::Quisinostat::dose=100.0,Ridge_P,0.3424492180347442,0.27491042017936707
E81_r1_p25,1,MCF7::Quisinostat::dose=1000.0,Ridge_P,0.3701119720935821,0.2743406891822815
E81_r1_p25,1,MCF7::Quisinostat::dose=10000.0,Ridge_P,0.386741042137146,0.2749021351337433
E81_r1_p25,1,A549::Flavopiridol::dose=10.0,Ridge_PQ,0.4435986578464508,0.43967658281326294
E81_r1_p25,1,A549::Flavopiridol::dose=100.0,Ridge_PQ,0.4109095931053161,0.4500686824321747
E81_r1_p25,1,A549::Flavopiridol::dose=1000.0,Ridge_PQ,0.4208988547325134,0.4534088373184204
E81_r1_p25,1,A549::Flavopiridol::dose=10000.0,Ridge_PQ,0.4528335630893707,0.46268197894096375
E81_r1_p25,1,A549::Quisinostat::dose=10.0,Ridge_PQ,0.4128303825855255,0.43268853425979614
E81_r1_p25,1,A549::Quisinostat::dose=100.0,Ridge_PQ,0.4079103171825409,0.4290854334831238
E81_r1_p25,1,A549::Quisinostat::dose=1000.0,Ridge_PQ,0.4408270418643951,0.4330015182495117
E81_r1_p25,1,A549::Quisinostat::dose=10000.0,Ridge_PQ,0.4527618288993835,0.43057355284690857
E81_r1_p25,1,K562::Flavopiridol::dose=10.0,Ridge_PQ,0.2841570675373077,0.31003817915916443
E81_r1_p25,1,K562::Flavopiridol::dose=100.0,Ridge_PQ,0.2960774302482605,0.30847111344337463
E81_r1_p25,1,K562::Quisinostat::dose=10.0,Ridge_PQ,0.2964754998683929,0.31226423382759094
E81_r1_p25,1,K562::Quisinostat::dose=100.0,Ridge_PQ,0.2972677648067474,0.317058801651001
E81_r1_p25,1,K562::Quisinostat::dose=1000.0,Ridge_PQ,0.3138841986656189,0.32992124557495117
E81_r1_p25,1,K562::Quisinostat::dose=10000.0,Ridge_PQ,0.3243409991264343,0.3421432673931122
E81_r1_p25,1,MCF7::Flavopiridol::dose=10.0,Ridge_PQ,0.2703993022441864,0.28017646074295044
E81_r1_p25,1,MCF7::Flavopiridol::dose=100.0,Ridge_PQ,0.2736591696739197,0.27822476625442505
E81_r1_p25,1,MCF7::Quisinostat::dose=10.0,Ridge_PQ,0.3196745216846466,0.27657821774482727
E81_r1_p25,1,MCF7::Quisinostat::dose=100.0,Ridge_PQ,0.3424492180347442,0.2750359773635864
E81_r1_p25,1,MCF7::Quisinostat::dose=1000.0,Ridge_PQ,0.3701119720935821,0.27449873089790344
E81_r1_p25,1,MCF7::Quisinostat::dose=10000.0,Ridge_PQ,0.386741042137146,0.2750774323940277
E81_r1_p25,1,A549::Flavopiridol::dose=10.0,Ridge_PQH,0.4435986578464508,0.43866395950317383
E81_r1_p25,1,A549::Flavopiridol::dose=100.0,Ridge_PQH,0.4109095931053161,0.44903475046157837
E81_r1_p25,1,A549::Flavopiridol::dose=1000.0,Ridge_PQH,0.4208988547325134,0.4523634910583496
E81_r1_p25,1,A549::Flavopiridol::dose=10000.0,Ridge_PQH,0.4528335630893707,0.46161550283432007
E81_r1_p25,1,A549::Quisinostat::dose=10.0,Ridge_PQH,0.4128303825855255,0.43171197175979614
E81_r1_p25,1,A549::Quisinostat::dose=100.0,Ridge_PQH,0.4079103171825409,0.428129643201828
E81_r1_p25,1,A549::Quisinostat::dose=1000.0,Ridge_PQH,0.4408270418643951,0.43204179406166077
E81_r1_p25,1,A549::Quisinostat::dose=10000.0,Ridge_PQH,0.4527618288993835,0.42962297797203064
E81_r1_p25,1,K562::Flavopiridol::dose=10.0,Ridge_PQH,0.2841570675373077,0.3103015422821045
E81_r1_p25,1,K562::Flavopiridol::dose=100.0,Ridge_PQH,0.2960774302482605,0.308749258518219
E81_r1_p25,1,K562::Quisinostat::dose=10.0,Ridge_PQH,0.2964754998683929,0.31252801418304443
E81_r1_p25,1,K562::Quisinostat::dose=100.0,Ridge_PQH,0.2972677648067474,0.3173062205314636
E81_r1_p25,1,K562::Quisinostat::dose=1000.0,Ridge_PQH,0.3138841986656189,0.3301285207271576
E81_r1_p25,1,K562::Quisinostat::dose=10000.0,Ridge_PQH,0.3243409991264343,0.34231823682785034
E81_r1_p25,1,MCF7::Flavopiridol::dose=10.0,Ridge_PQH,0.2703993022441864,0.2798863351345062
E81_r1_p25,1,MCF7::Flavopiridol::dose=100.0,Ridge_PQH,0.2736591696739197,0.2779562473297119
E81_r1_p25,1,MCF7::Quisinostat::dose=10.0,Ridge_PQH,0.3196745216846466,0.2763483226299286
E81_r1_p25,1,MCF7::Quisinostat::dose=100.0,Ridge_PQH,0.3424492180347442,0.2749181091785431
E81_r1_p25,1,MCF7::Quisinostat::dose=1000.0,Ridge_PQH,0.3701119720935821,0.2744743227958679
E81_r1_p25,1,MCF7::Quisinostat::dose=10000.0,Ridge_PQH,0.386741042137146,0.27514177560806274
E81_r1_p25,2,A549::Hesperadin::dose=10.0,Ridge_M,0.5143042206764221,0.4180721938610077
E81_r1_p25,2,A549::Hesperadin::dose=100.0,Ridge_M,0.4666357338428497,0.41994091868400574
E81_r1_p25,2,A549::Hesperadin::dose=1000.0,Ridge_M,0.4766646325588226,0.4233342707157135
E81_r1_p25,2,A549::Hesperadin::dose=10000.0,Ridge_M,0.4092906415462494,0.4248926341533661
E81_r1_p25,2,A549::TAK901::dose=10.0,Ridge_M,0.4312043488025665,0.4226192235946655
E81_r1_p25,2,A549::TAK901::dose=100.0,Ridge_M,0.5033198595046997,0.42701560258865356
E81_r1_p25,2,A549::TAK901::dose=1000.0,Ridge_M,0.5050739645957947,0.4400157332420349
E81_r1_p25,2,A549::TAK901::dose=10000.0,Ridge_M,0.4739122092723846,0.4460693597793579
E81_r1_p25,2,K562::Hesperadin::dose=10.0,Ridge_M,0.3501030206680298,0.32018178701400757
E81_r1_p25,2,K562::Hesperadin::dose=100.0,Ridge_M,0.3730592727661133,0.3260278105735779
E81_r1_p25,2,K562::Hesperadin::dose=1000.0,Ridge_M,0.3633652925491333,0.34123051166534424
E81_r1_p25,2,K562::Hesperadin::dose=10000.0,Ridge_M,0.3372340202331543,0.3546544015407562
E81_r1_p25,2,K562::TAK901::dose=10000.0,Ridge_M,0.3203516006469726,0.35391274094581604
E81_r1_p25,2,MCF7::Hesperadin::dose=10.0,Ridge_M,0.262461245059967,0.293412446975708
E81_r1_p25,2,MCF7::Hesperadin::dose=100.0,Ridge_M,0.2601784765720367,0.29059556126594543
E81_r1_p25,2,MCF7::Hesperadin::dose=1000.0,Ridge_M,0.2538449764251709,0.28713083267211914
E81_r1_p25,2,MCF7::Hesperadin::dose=10000.0,Ridge_M,0.2675570249557495,0.2857917845249176
E81_r1_p25,2,MCF7::TAK901::dose=10000.0,Ridge_M,0.2749799489974975,0.28607606887817383
E81_r1_p25,2,A549::Hesperadin::dose=10.0,Ridge_P,0.5143042206764221,0.4245353043079376
E81_r1_p25,2,A549::Hesperadin::dose=100.0,Ridge_P,0.4666357338428497,0.4268994927406311
E81_r1_p25,2,A549::Hesperadin::dose=1000.0,Ridge_P,0.4766646325588226,0.4298112392425537
E81_r1_p25,2,A549::Hesperadin::dose=10000.0,Ridge_P,0.4092906415462494,0.4317170977592468
E81_r1_p25,2,A549::TAK901::dose=10.0,Ridge_P,0.4312043488025665,0.4288428723812103
E81_r1_p25,2,A549::TAK901::dose=100.0,Ridge_P,0.5033198595046997,0.43228673934936523
E81_r1_p25,2,A549::TAK901::dose=1000.0,Ridge_P,0.5050739645957947,0.4451318383216858
E81_r1_p25,2,A549::TAK901::dose=10000.0,Ridge_P,0.4739122092723846,0.45039406418800354
E81_r1_p25,2,K562::Hesperadin::dose=10.0,Ridge_P,0.3501030206680298,0.3148861527442932
E81_r1_p25,2,K562::Hesperadin::dose=100.0,Ridge_P,0.3730592727661133,0.3206961154937744
E81_r1_p25,2,K562::Hesperadin::dose=1000.0,Ridge_P,0.3633652925491333,0.3334542512893677
E81_r1_p25,2,K562::Hesperadin::dose=10000.0,Ridge_P,0.3372340202331543,0.3450984060764313
E81_r1_p25,2,K562::TAK901::dose=10000.0,Ridge_P,0.3203516006469726,0.34442657232284546
E81_r1_p25,2,MCF7::Hesperadin::dose=10.0,Ridge_P,0.262461245059967,0.2903033494949341
E81_r1_p25,2,MCF7::Hesperadin::dose=100.0,Ridge_P,0.2601784765720367,0.2882913053035736
E81_r1_p25,2,MCF7::Hesperadin::dose=1000.0,Ridge_P,0.2538449764251709,0.28516581654548645
E81_r1_p25,2,MCF7::Hesperadin::dose=10000.0,Ridge_P,0.2675570249557495,0.2853591740131378
E81_r1_p25,2,MCF7::TAK901::dose=10000.0,Ridge_P,0.2749799489974975,0.28510525822639465
E81_r1_p25,2,A549::Hesperadin::dose=10.0,Ridge_PQ,0.5143042206764221,0.4238767623901367
E81_r1_p25,2,A549::Hesperadin::dose=100.0,Ridge_PQ,0.4666357338428497,0.4262428283691406
E81_r1_p25,2,A549::Hesperadin::dose=1000.0,Ridge_PQ,0.4766646325588226,0.4291538596153259
E81_r1_p25,2,A549::Hesperadin::dose=10000.0,Ridge_PQ,0.4092906415462494,0.43106454610824585
E81_r1_p25,2,A549::TAK901::dose=10.0,Ridge_PQ,0.4312043488025665,0.4302670359611511
E81_r1_p25,2,A549::TAK901::dose=100.0,Ridge_PQ,0.5033198595046997,0.435137003660202
E81_r1_p25,2,A549::TAK901::dose=1000.0,Ridge_PQ,0.5050739645957947,0.45142436027526855
E81_r1_p25,2,A549::TAK901::dose=10000.0,Ridge_PQ,0.4739122092723846,0.4497167766094208
E81_r1_p25,2,K562::Hesperadin::dose=10.0,Ridge_PQ,0.3501030206680298,0.3147880434989929
E81_r1_p25,2,K562::Hesperadin::dose=100.0,Ridge_PQ,0.3730592727661133,0.32058075070381165
E81_r1_p25,2,K562::Hesperadin::dose=1000.0,Ridge_PQ,0.3633652925491333,0.3333156704902649
E81_r1_p25,2,K562::Hesperadin::dose=10000.0,Ridge_PQ,0.3372340202331543,0.34494391083717346
E81_r1_p25,2,K562::TAK901::dose=10000.0,Ridge_PQ,0.3203516006469726,0.3442791998386383
E81_r1_p25,2,MCF7::Hesperadin::dose=10.0,Ridge_PQ,0.262461245059967,0.29009681940078735
E81_r1_p25,2,MCF7::Hesperadin::dose=100.0,Ridge_PQ,0.2601784765720367,0.28811168670654297
E81_r1_p25,2,MCF7::Hesperadin::dose=1000.0,Ridge_PQ,0.2538449764251709,0.2850313186645508
E81_r1_p25,2,MCF7::Hesperadin::dose=10000.0,Ridge_PQ,0.2675570249557495,0.2852533757686615
E81_r1_p25,2,MCF7::TAK901::dose=10000.0,Ridge_PQ,0.2749799489974975,0.2849441170692444
E81_r1_p25,2,A549::Hesperadin::dose=10.0,Ridge_PQH,0.5143042206764221,0.4233359694480896
E81_r1_p25,2,A549::Hesperadin::dose=100.0,Ridge_PQH,0.4666357338428497,0.42571625113487244
E81_r1_p25,2,A549::Hesperadin::dose=1000.0,Ridge_PQH,0.4766646325588226,0.428631067276001
E81_r1_p25,2,A549::Hesperadin::dose=10000.0,Ridge_PQH,0.4092906415462494,0.43055880069732666
E81_r1_p25,2,A549::TAK901::dose=10.0,Ridge_PQH,0.4312043488025665,0.4498533010482788
E81_r1_p25,2,A549::TAK901::dose=100.0,Ridge_PQH,0.5033198595046997,0.45930033922195435
E81_r1_p25,2,A549::TAK901::dose=1000.0,Ridge_PQH,0.5050739645957947,0.44770729541778564
E81_r1_p25,2,A549::TAK901::dose=10000.0,Ridge_PQH,0.4739122092723846,0.4492005705833435
E81_r1_p25,2,K562::Hesperadin::dose=10.0,Ridge_PQH,0.3501030206680298,0.31522074341773987
E81_r1_p25,2,K562::Hesperadin::dose=100.0,Ridge_PQH,0.3730592727661133,0.32099342346191406
E81_r1_p25,2,K562::Hesperadin::dose=1000.0,Ridge_PQH,0.3633652925491333,0.33370116353034973
E81_r1_p25,2,K562::Hesperadin::dose=10000.0,Ridge_PQH,0.3372340202331543,0.345317006111145
E81_r1_p25,2,K562::TAK901::dose=10000.0,Ridge_PQH,0.3203516006469726,0.3446737825870514
E81_r1_p25,2,MCF7::Hesperadin::dose=10.0,Ridge_PQH,0.262461245059967,0.29017770290374756
E81_r1_p25,2,MCF7::Hesperadin::dose=100.0,Ridge_PQH,0.2601784765720367,0.28825464844703674
E81_r1_p25,2,MCF7::Hesperadin::dose=1000.0,Ridge_PQH,0.2538449764251709,0.28527021408081055
E81_r1_p25,2,MCF7::Hesperadin::dose=10000.0,Ridge_PQH,0.2675570249557495,0.2855677008628845
E81_r1_p25,2,MCF7::TAK901::dose=10000.0,Ridge_PQH,0.2749799489974975,0.28512758016586304
E81_r1_p25,3,A549::Dacinostat::dose=10.0,Ridge_M,0.4396175444126129,0.4207260310649872
E81_r1_p25,3,A549::Dacinostat::dose=100.0,Ridge_M,0.4272892475128174,0.4262886643409729
E81_r1_p25,3,A549::Dacinostat::dose=1000.0,Ridge_M,0.4368373155593872,0.4345857501029968
E81_r1_p25,3,A549::Dacinostat::dose=10000.0,Ridge_M,0.444628894329071,0.43692299723625183
E81_r1_p25,3,A549::Givinostat::dose=10.0,Ridge_M,0.4247903525829315,0.42282116413116455
E81_r1_p25,3,A549::Givinostat::dose=100.0,Ridge_M,0.4260882437229156,0.4278402626514435
E81_r1_p25,3,A549::Givinostat::dose=1000.0,Ridge_M,0.4460825324058532,0.4301525950431824
E81_r1_p25,3,A549::Givinostat::dose=10000.0,Ridge_M,0.4684750735759735,0.44065114855766296
E81_r1_p25,3,K562::Dacinostat::dose=10.0,Ridge_M,0.287433922290802,0.3118644058704376
E81_r1_p25,3,K562::Givinostat::dose=10.0,Ridge_M,0.2947118282318115,0.3123285174369812
E81_r1_p25,3,K562::Givinostat::dose=100.0,Ridge_M,0.3071143627166748,0.324138879776001
E81_r1_p25,3,K562::Givinostat::dose=1000.0,Ridge_M,0.3010924160480499,0.32834434509277344
E81_r1_p25,3,K562::Givinostat::dose=10000.0,Ridge_M,0.3209540843963623,0.32909199595451355
E81_r1_p25,3,MCF7::Dacinostat::dose=100.0,Ridge_M,0.306741714477539,0.29428476095199585
E81_r1_p25,3,MCF7::Givinostat::dose=10.0,Ridge_M,0.276098370552063,0.2917296290397644
E81_r1_p25,3,MCF7::Givinostat::dose=100.0,Ridge_M,0.2715438604354858,0.28691965341567993
E81_r1_p25,3,MCF7::Givinostat::dose=1000.0,Ridge_M,0.2908730506896972,0.2851508855819702
E81_r1_p25,3,MCF7::Givinostat::dose=10000.0,Ridge_M,0.3780781328678131,0.2812563180923462
E81_r1_p25,3,A549::Dacinostat::dose=10.0,Ridge_P,0.4396175444126129,0.4277341365814209
E81_r1_p25,3,A549::Dacinostat::dose=100.0,Ridge_P,0.4272892475128174,0.4339871406555176
E81_r1_p25,3,A549::Dacinostat::dose=1000.0,Ridge_P,0.4368373155593872,0.44287407398223877
E81_r1_p25,3,A549::Dacinostat::dose=10000.0,Ridge_P,0.444628894329071,0.44534051418304443
E81_r1_p25,3,A549::Givinostat::dose=10.0,Ridge_P,0.4247903525829315,0.43000149726867676
E81_r1_p25,3,A549::Givinostat::dose=100.0,Ridge_P,0.4260882437229156,0.4350779950618744
E81_r1_p25,3,A549::Givinostat::dose=1000.0,Ridge_P,0.4460825324058532,0.43755650520324707
E81_r1_p25,3,A549::Givinostat::dose=10000.0,Ridge_P,0.4684750735759735,0.4485609829425812
E81_r1_p25,3,K562::Dacinostat::dose=10.0,Ridge_P,0.287433922290802,0.3099021911621094
E81_r1_p25,3,K562::Givinostat::dose=10.0,Ridge_P,0.2947118282318115,0.31107890605926514
E81_r1_p25,3,K562::Givinostat::dose=100.0,Ridge_P,0.3071143627166748,0.3214273452758789
E81_r1_p25,3,K562::Givinostat::dose=1000.0,Ridge_P,0.3010924160480499,0.325458288192749
E81_r1_p25,3,K562::Givinostat::dose=10000.0,Ridge_P,0.3209540843963623,0.3262110650539398
E81_r1_p25,3,MCF7::Dacinostat::dose=100.0,Ridge_P,0.306741714477539,0.28739601373672485
E81_r1_p25,3,MCF7::Givinostat::dose=10.0,Ridge_P,0.276098370552063,0.28443437814712524
E81_r1_p25,3,MCF7::Givinostat::dose=100.0,Ridge_P,0.2715438604354858,0.2811916172504425
E81_r1_p25,3,MCF7::Givinostat::dose=1000.0,Ridge_P,0.2908730506896972,0.2812355160713196
E81_r1_p25,3,MCF7::Givinostat::dose=10000.0,Ridge_P,0.3780781328678131,0.27873194217681885
E81_r1_p25,3,A549::Dacinostat::dose=10.0,Ridge_PQ,0.4396175444126129,0.403947114944458
E81_r1_p25,3,A549::Dacinostat::dose=100.0,Ridge_PQ,0.4272892475128174,0.5131510496139526
E81_r1_p25,3,A549::Dacinostat::dose=1000.0,Ridge_PQ,0.4368373155593872,0.49073582887649536
E81_r1_p25,3,A549::Dacinostat::dose=10000.0,Ridge_PQ,0.444628894329071,0.5039809942245483
E81_r1_p25,3,A549::Givinostat::dose=10.0,Ridge_PQ,0.4247903525829315,0.4276502728462219
E81_r1_p25,3,A549::Givinostat::dose=100.0,Ridge_PQ,0.4260882437229156,0.4325915277004242
E81_r1_p25,3,A549::Givinostat::dose=1000.0,Ridge_PQ,0.4460825324058532,0.43500229716300964
E81_r1_p25,3,A549::Givinostat::dose=10000.0,Ridge_PQ,0.4684750735759735,0.4457337260246277
E81_r1_p25,3,K562::Dacinostat::dose=10.0,Ridge_PQ,0.287433922290802,0.28828155994415283
E81_r1_p25,3,K562::Givinostat::dose=10.0,Ridge_PQ,0.2947118282318115,0.3109348714351654
E81_r1_p25,3,K562::Givinostat::dose=100.0,Ridge_PQ,0.3071143627166748,0.3210286498069763
E81_r1_p25,3,K562::Givinostat::dose=1000.0,Ridge_PQ,0.3010924160480499,0.32496845722198486
E81_r1_p25,3,K562::Givinostat::dose=10000.0,Ridge_PQ,0.3209540843963623,0.32569804787635803
E81_r1_p25,3,MCF7::Dacinostat::dose=100.0,Ridge_PQ,0.306741714477539,0.3695804178714752
E81_r1_p25,3,MCF7::Givinostat::dose=10.0,Ridge_PQ,0.276098370552063,0.28504955768585205
E81_r1_p25,3,MCF7::Givinostat::dose=100.0,Ridge_PQ,0.2715438604354858,0.2818545401096344
E81_r1_p25,3,MCF7::Givinostat::dose=1000.0,Ridge_PQ,0.2908730506896972,0.2818864583969116
E81_r1_p25,3,MCF7::Givinostat::dose=10000.0,Ridge_PQ,0.3780781328678131,0.27938857674598694
E81_r1_p25,3,A549::Dacinostat::dose=10.0,Ridge_PQH,0.4396175444126129,0.44725462794303894
E81_r1_p25,3,A549::Dacinostat::dose=100.0,Ridge_PQH,0.4272892475128174,0.5325128436088562
E81_r1_p25,3,A549::Dacinostat::dose=1000.0,Ridge_PQH,0.4368373155593872,0.5906369090080261
E81_r1_p25,3,A549::Dacinostat::dose=10000.0,Ridge_PQH,0.444628894329071,0.6248401403427124
E81_r1_p25,3,A549::Givinostat::dose=10.0,Ridge_PQH,0.4247903525829315,0.4274056553840637
E81_r1_p25,3,A549::Givinostat::dose=100.0,Ridge_PQH,0.4260882437229156,0.43233394622802734
E81_r1_p25,3,A549::Givinostat::dose=1000.0,Ridge_PQH,0.4460825324058532,0.4347384572029114
E81_r1_p25,3,A549::Givinostat::dose=10000.0,Ridge_PQH,0.4684750735759735,0.4454442858695984
E81_r1_p25,3,K562::Dacinostat::dose=10.0,Ridge_PQH,0.287433922290802,0.24547788500785828
E81_r1_p25,3,K562::Givinostat::dose=10.0,Ridge_PQH,0.2947118282318115,0.31092211604118347
E81_r1_p25,3,K562::Givinostat::dose=100.0,Ridge_PQH,0.3071143627166748,0.3209906816482544
E81_r1_p25,3,K562::Givinostat::dose=1000.0,Ridge_PQH,0.3010924160480499,0.3249216377735138
E81_r1_p25,3,K562::Givinostat::dose=10000.0,Ridge_PQH,0.3209540843963623,0.3256489932537079
E81_r1_p25,3,MCF7::Dacinostat::dose=100.0,Ridge_PQH,0.306741714477539,0.32942891120910645
E81_r1_p25,3,MCF7::Givinostat::dose=10.0,Ridge_PQH,0.276098370552063,0.28509020805358887
E81_r1_p25,3,MCF7::Givinostat::dose=100.0,Ridge_PQH,0.2715438604354858,0.28190261125564575
E81_r1_p25,3,MCF7::Givinostat::dose=1000.0,Ridge_PQH,0.2908730506896972,0.28193598985671997
E81_r1_p25,3,MCF7::Givinostat::dose=10000.0,Ridge_PQH,0.3780781328678131,0.2794414162635803
E81_r1_p25,4,A549::Belinostat::dose=10.0,Ridge_M,0.4190932810306549,0.42711812257766724
E81_r1_p25,4,A549::Belinostat::dose=100.0,Ridge_M,0.4390156865119934,0.43076837062835693
E81_r1_p25,4,A549::Belinostat::dose=1000.0,Ridge_M,0.4670460820198059,0.4376858174800873
E81_r1_p25,4,A549::Belinostat::dose=10000.0,Ridge_M,0.4260899126529693,0.43713733553886414
E81_r1_p25,4,K562::Belinostat::dose=10.0,Ridge_M,0.2826217114925384,0.3111136853694916
E81_r1_p25,4,K562::Belinostat::dose=100.0,Ridge_M,0.2870967388153076,0.3071039617061615
E81_r1_p25,4,K562::Belinostat::dose=1000.0,Ridge_M,0.2991406321525574,0.3100142776966095
E81_r1_p25,4,K562::Belinostat::dose=10000.0,Ridge_M,0.3009213507175445,0.30132144689559937
E81_r1_p25,4,MCF7::Belinostat::dose=10.0,Ridge_M,0.2639562785625458,0.2979830801486969
E81_r1_p25,4,MCF7::Belinostat::dose=100.0,Ridge_M,0.2742405533790588,0.30018162727355957
E81_r1_p25,4,MCF7::Belinostat::dose=1000.0,Ridge_M,0.2923391759395599,0.3001875877380371
E81_r1_p25,4,MCF7::Belinostat::dose=10000.0,Ridge_M,0.3543515801429748,0.3007311224937439
E81_r1_p25,4,A549::Belinostat::dose=10.0,Ridge_P,0.4190932810306549,0.43375226855278015
E81_r1_p25,4,A549::Belinostat::dose=100.0,Ridge_P,0.4390156865119934,0.43796858191490173
E81_r1_p25,4,A549::Belinostat::dose=1000.0,Ridge_P,0.4670460820198059,0.44616788625717163
E81_r1_p25,4,A549::Belinostat::dose=10000.0,Ridge_P,0.4260899126529693,0.446418434381485
E81_r1_p25,4,K562::Belinostat::dose=10.0,Ridge_P,0.2826217114925384,0.30938321352005005
E81_r1_p25,4,K562::Belinostat::dose=100.0,Ridge_P,0.2870967388153076,0.3072361648082733
E81_r1_p25,4,K562::Belinostat::dose=1000.0,Ridge_P,0.2991406321525574,0.3091597259044647
E81_r1_p25,4,K562::Belinostat::dose=10000.0,Ridge_P,0.3009213507175445,0.3019790053367615
E81_r1_p25,4,MCF7::Belinostat::dose=10.0,Ridge_P,0.2639562785625458,0.29102447628974915
E81_r1_p25,4,MCF7::Belinostat::dose=100.0,Ridge_P,0.2742405533790588,0.2934166193008423
E81_r1_p25,4,MCF7::Belinostat::dose=1000.0,Ridge_P,0.2923391759395599,0.2938495874404907
E81_r1_p25,4,MCF7::Belinostat::dose=10000.0,Ridge_P,0.3543515801429748,0.2946297526359558
E81_r1_p25,4,A549::Belinostat::dose=10.0,Ridge_PQ,0.4190932810306549,0.4316065311431885
E81_r1_p25,4,A549::Belinostat::dose=100.0,Ridge_PQ,0.4390156865119934,0.4357571303844452
E81_r1_p25,4,A549::Belinostat::dose=1000.0,Ridge_PQ,0.4670460820198059,0.44382891058921814
E81_r1_p25,4,A549::Belinostat::dose=10000.0,Ridge_PQ,0.4260899126529693,0.44407737255096436
E81_r1_p25,4,K562::Belinostat::dose=10.0,Ridge_PQ,0.2826217114925384,0.30931705236434937
E81_r1_p25,4,K562::Belinostat::dose=100.0,Ridge_PQ,0.2870967388153076,0.30720818042755127
E81_r1_p25,4,K562::Belinostat::dose=1000.0,Ridge_PQ,0.2991406321525574,0.30909794569015503
E81_r1_p25,4,K562::Belinostat::dose=10000.0,Ridge_PQ,0.3009213507175445,0.30203402042388916
E81_r1_p25,4,MCF7::Belinostat::dose=10.0,Ridge_PQ,0.2639562785625458,0.29115793108940125
E81_r1_p25,4,MCF7::Belinostat::dose=100.0,Ridge_PQ,0.2742405533790588,0.2935135066509247
E81_r1_p25,4,MCF7::Belinostat::dose=1000.0,Ridge_PQ,0.2923391759395599,0.29394257068634033
E81_r1_p25,4,MCF7::Belinostat::dose=10000.0,Ridge_PQ,0.3543515801429748,0.29471394419670105
E81_r1_p25,4,A549::Belinostat::dose=10.0,Ridge_PQH,0.4190932810306549,0.43029657006263733
E81_r1_p25,4,A549::Belinostat::dose=100.0,Ridge_PQH,0.4390156865119934,0.43442317843437195
E81_r1_p25,4,A549::Belinostat::dose=1000.0,Ridge_PQH,0.4670460820198059,0.442449152469635
E81_r1_p25,4,A549::Belinostat::dose=10000.0,Ridge_PQH,0.4260899126529693,0.4427067041397095
E81_r1_p25,4,K562::Belinostat::dose=10.0,Ridge_PQH,0.2826217114925384,0.30973494052886963
E81_r1_p25,4,K562::Belinostat::dose=100.0,Ridge_PQH,0.2870967388153076,0.3076626658439636
E81_r1_p25,4,K562::Belinostat::dose=1000.0,Ridge_PQH,0.2991406321525574,0.3095187842845917
E81_r1_p25,4,K562::Belinostat::dose=10000.0,Ridge_PQH,0.3009213507175445,0.3025261461734772
E81_r1_p25,4,MCF7::Belinostat::dose=10.0,Ridge_PQH,0.2639562785625458,0.2910534739494324
E81_r1_p25,4,MCF7::Belinostat::dose=100.0,Ridge_PQH,0.2742405533790588,0.2934023439884186
E81_r1_p25,4,MCF7::Belinostat::dose=1000.0,Ridge_PQH,0.2923391759395599,0.29384908080101013
E81_r1_p25,4,MCF7::Belinostat::dose=10000.0,Ridge_PQH,0.3543515801429748,0.29464274644851685
E81_r1_p50,0,A549::TAK901::dose=10.0,Ridge_M,0.3299524188041687,0.3513569235801697
E81_r1_p50,0,A549::TAK901::dose=100.0,Ridge_M,0.3848665356636047,0.3452684283256531
E81_r1_p50,0,A549::TAK901::dose=1000.0,Ridge_M,0.3808416426181793,0.34942418336868286
E81_r1_p50,0,A549::TAK901::dose=10000.0,Ridge_M,0.3550176918506622,0.3492167592048645
E81_r1_p50,0,A549::Tanespimycin::dose=10.0,Ridge_M,0.3320781886577606,0.3578309416770935
E81_r1_p50,0,A549::Tanespimycin::dose=100.0,Ridge_M,0.3210249543190002,0.3474242091178894
E81_r1_p50,0,A549::Tanespimycin::dose=1000.0,Ridge_M,0.3564232885837555,0.34432125091552734
E81_r1_p50,0,A549::Tanespimycin::dose=10000.0,Ridge_M,0.351698487997055,0.3447185158729553
E81_r1_p50,0,K562::Tanespimycin::dose=10.0,Ridge_M,0.1859599947929382,0.23894694447517395
E81_r1_p50,0,K562::Tanespimycin::dose=100.0,Ridge_M,0.1823262572288513,0.23671996593475342
E81_r1_p50,0,K562::Tanespimycin::dose=1000.0,Ridge_M,0.2083024978637695,0.24310295283794403
E81_r1_p50,0,K562::Tanespimycin::dose=10000.0,Ridge_M,0.2426390796899795,0.24066874384880066
E81_r1_p50,0,MCF7::TAK901::dose=1000.0,Ridge_M,0.2283387035131454,0.26877889037132263
E81_r1_p50,0,MCF7::Tanespimycin::dose=10.0,Ridge_M,0.2138419151306152,0.26183634996414185
E81_r1_p50,0,MCF7::Tanespimycin::dose=100.0,Ridge_M,0.2325649261474609,0.2645559012889862
E81_r1_p50,0,MCF7::Tanespimycin::dose=1000.0,Ridge_M,0.2428114861249923,0.268710196018219
E81_r1_p50,0,MCF7::Tanespimycin::dose=10000.0,Ridge_M,0.2551138699054718,0.27250564098358154
E81_r1_p50,0,A549::TAK901::dose=10.0,Ridge_P,0.3299524188041687,0.35588666796684265
E81_r1_p50,0,A549::TAK901::dose=100.0,Ridge_P,0.3848665356636047,0.3495962619781494
E81_r1_p50,0,A549::TAK901::dose=1000.0,Ridge_P,0.3808416426181793,0.35510775446891785
E81_r1_p50,0,A549::TAK901::dose=10000.0,Ridge_P,0.3550176918506622,0.35367700457572937
E81_r1_p50,0,A549::Tanespimycin::dose=10.0,Ridge_P,0.3320781886577606,0.3650871515274048
E81_r1_p50,0,A549::Tanespimycin::dose=100.0,Ridge_P,0.3210249543190002,0.35184139013290405
E81_r1_p50,0,A549::Tanespimycin::dose=1000.0,Ridge_P,0.3564232885837555,0.34773799777030945
E81_r1_p50,0,A549::Tanespimycin::dose=10000.0,Ridge_P,0.351698487997055,0.3489336669445038
E81_r1_p50,0,K562::Tanespimycin::dose=10.0,Ridge_P,0.1859599947929382,0.2375180572271347
E81_r1_p50,0,K562::Tanespimycin::dose=100.0,Ridge_P,0.1823262572288513,0.2354535460472107
E81_r1_p50,0,K562::Tanespimycin::dose=1000.0,Ridge_P,0.2083024978637695,0.2428433895111084
E81_r1_p50,0,K562::Tanespimycin::dose=10000.0,Ridge_P,0.2426390796899795,0.24031265079975128
E81_r1_p50,0,MCF7::TAK901::dose=1000.0,Ridge_P,0.2283387035131454,0.2554166913032532
E81_r1_p50,0,MCF7::Tanespimycin::dose=10.0,Ridge_P,0.2138419151306152,0.2491922676563263
E81_r1_p50,0,MCF7::Tanespimycin::dose=100.0,Ridge_P,0.2325649261474609,0.25234293937683105
E81_r1_p50,0,MCF7::Tanespimycin::dose=1000.0,Ridge_P,0.2428114861249923,0.25716808438301086
E81_r1_p50,0,MCF7::Tanespimycin::dose=10000.0,Ridge_P,0.2551138699054718,0.2622378468513489
E81_r1_p50,0,A549::TAK901::dose=10.0,Ridge_PQ,0.3299524188041687,0.3448863923549652
E81_r1_p50,0,A549::TAK901::dose=100.0,Ridge_PQ,0.3848665356636047,0.3470664322376251
E81_r1_p50,0,A549::TAK901::dose=1000.0,Ridge_PQ,0.3808416426181793,0.3853558897972107
E81_r1_p50,0,A549::TAK901::dose=10000.0,Ridge_PQ,0.3550176918506622,0.3929900527000427
E81_r1_p50,0,A549::Tanespimycin::dose=10.0,Ridge_PQ,0.3320781886577606,0.3668023943901062
E81_r1_p50,0,A549::Tanespimycin::dose=100.0,Ridge_PQ,0.3210249543190002,0.3534649908542633
E81_r1_p50,0,A549::Tanespimycin::dose=1000.0,Ridge_PQ,0.3564232885837555,0.34936991333961487
E81_r1_p50,0,A549::Tanespimycin::dose=10000.0,Ridge_PQ,0.351698487997055,0.3506261706352234
E81_r1_p50,0,K562::Tanespimycin::dose=10.0,Ridge_PQ,0.1859599947929382,0.23933911323547363
E81_r1_p50,0,K562::Tanespimycin::dose=100.0,Ridge_PQ,0.1823262572288513,0.23729829490184784
E81_r1_p50,0,K562::Tanespimycin::dose=1000.0,Ridge_PQ,0.2083024978637695,0.24478209018707275
E81_r1_p50,0,K562::Tanespimycin::dose=10000.0,Ridge_PQ,0.2426390796899795,0.24229007959365845
E81_r1_p50,0,MCF7::TAK901::dose=1000.0,Ridge_PQ,0.2283387035131454,0.2850431501865387
E81_r1_p50,0,MCF7::Tanespimycin::dose=10.0,Ridge_PQ,0.2138419151306152,0.2502743899822235
E81_r1_p50,0,MCF7::Tanespimycin::dose=100.0,Ridge_PQ,0.2325649261474609,0.25344231724739075
E81_r1_p50,0,MCF7::Tanespimycin::dose=1000.0,Ridge_PQ,0.2428114861249923,0.25832998752593994
E81_r1_p50,0,MCF7::Tanespimycin::dose=10000.0,Ridge_PQ,0.2551138699054718,0.26348769664764404
E81_r1_p50,0,A549::TAK901::dose=10.0,Ridge_PQH,0.3299524188041687,0.3344581127166748
E81_r1_p50,0,A549::TAK901::dose=100.0,Ridge_PQH,0.3848665356636047,0.3309548497200012
E81_r1_p50,0,A549::TAK901::dose=1000.0,Ridge_PQH,0.3808416426181793,0.33432936668395996
E81_r1_p50,0,A549::TAK901::dose=10000.0,Ridge_PQH,0.3550176918506622,0.3448692858219147
E81_r1_p50,0,A549::Tanespimycin::dose=10.0,Ridge_PQH,0.3320781886577606,0.3648874759674072
E81_r1_p50,0,A549::Tanespimycin::dose=100.0,Ridge_PQH,0.3210249543190002,0.3518544137477875
E81_r1_p50,0,A549::Tanespimycin::dose=1000.0,Ridge_PQH,0.3564232885837555,0.34786921739578247
E81_r1_p50,0,A549::Tanespimycin::dose=10000.0,Ridge_PQH,0.351698487997055,0.3491210341453552
E81_r1_p50,0,K562::Tanespimycin::dose=10.0,Ridge_PQH,0.1859599947929382,0.240822434425354
E81_r1_p50,0,K562::Tanespimycin::dose=100.0,Ridge_PQH,0.1823262572288513,0.23884597420692444
E81_r1_p50,0,K562::Tanespimycin::dose=1000.0,Ridge_PQH,0.2083024978637695,0.2461775541305542
E81_r1_p50,0,K562::Tanespimycin::dose=10000.0,Ridge_PQH,0.2426390796899795,0.24376824498176575
E81_r1_p50,0,MCF7::TAK901::dose=1000.0,Ridge_PQH,0.2283387035131454,0.21781478822231293
E81_r1_p50,0,MCF7::Tanespimycin::dose=10.0,Ridge_PQH,0.2138419151306152,0.25111210346221924
E81_r1_p50,0,MCF7::Tanespimycin::dose=100.0,Ridge_PQH,0.2325649261474609,0.25420498847961426
E81_r1_p50,0,MCF7::Tanespimycin::dose=1000.0,Ridge_PQH,0.2428114861249923,0.2589934766292572
E81_r1_p50,0,MCF7::Tanespimycin::dose=10000.0,Ridge_PQH,0.2551138699054718,0.26405736804008484
E81_r1_p50,1,A549::Belinostat::dose=10.0,Ridge_M,0.3241702616214752,0.3450653553009033
E81_r1_p50,1,A549::Belinostat::dose=100.0,Ridge_M,0.3322384655475616,0.3387661278247833
E81_r1_p50,1,A549::Belinostat::dose=1000.0,Ridge_M,0.3726350963115692,0.3506312966346741
E81_r1_p50,1,A549::Belinostat::dose=10000.0,Ridge_M,0.382439374923706,0.3468133807182312
E81_r1_p50,1,A549::Quisinostat::dose=10.0,Ridge_M,0.3549160063266754,0.34737950563430786
E81_r1_p50,1,A549::Quisinostat::dose=100.0,Ridge_M,0.3559627532958984,0.34866753220558167
E81_r1_p50,1,A549::Quisinostat::dose=1000.0,Ridge_M,0.4035943150520324,0.340595006942749
E81_r1_p50,1,A549::Quisinostat::dose=10000.0,Ridge_M,0.4208127856254577,0.34424325823783875
E81_r1_p50,1,K562::Quisinostat::dose=10.0,Ridge_M,0.2419880032539367,0.22742986679077148
E81_r1_p50,1,K562::Quisinostat::dose=100.0,Ridge_M,0.2528126835823059,0.23167568445205688
E81_r1_p50,1,K562::Quisinostat::dose=1000.0,Ridge_M,0.2543239295482635,0.22849658131599426
E81_r1_p50,1,K562::Quisinostat::dose=10000.0,Ridge_M,0.2828013598918915,0.23694008588790894
E81_r1_p50,1,MCF7::Quisinostat::dose=10.0,Ridge_M,0.2689005732536316,0.24585118889808655
E81_r1_p50,1,MCF7::Quisinostat::dose=100.0,Ridge_M,0.3023691177368164,0.2511640191078186
E81_r1_p50,1,MCF7::Quisinostat::dose=1000.0,Ridge_M,0.3338530957698822,0.2545240819454193
E81_r1_p50,1,MCF7::Quisinostat::dose=10000.0,Ridge_M,0.3527877926826477,0.2574625313282013
E81_r1_p50,1,A549::Belinostat::dose=10.0,Ridge_P,0.3241702616214752,0.35092368721961975
E81_r1_p50,1,A549::Belinostat::dose=100.0,Ridge_P,0.3322384655475616,0.34510958194732666
E81_r1_p50,1,A549::Belinostat::dose=1000.0,Ridge_P,0.3726350963115692,0.3589438796043396
E81_r1_p50,1,A549::Belinostat::dose=10000.0,Ridge_P,0.382439374923706,0.35533249378204346
E81_r1_p50,1,A549::Quisinostat::dose=10.0,Ridge_P,0.3549160063266754,0.3559452295303345
E81_r1_p50,1,A549::Quisinostat::dose=100.0,Ridge_P,0.3559627532958984,0.3585928976535797
E81_r1_p50,1,A549::Quisinostat::dose=1000.0,Ridge_P,0.4035943150520324,0.3467664122581482
E81_r1_p50,1,A549::Quisinostat::dose=10000.0,Ridge_P,0.4208127856254577,0.3513161540031433
E81_r1_p50,1,K562::Quisinostat::dose=10.0,Ridge_P,0.2419880032539367,0.22843804955482483
E81_r1_p50,1,K562::Quisinostat::dose=100.0,Ridge_P,0.2528126835823059,0.2340279221534729
E81_r1_p50,1,K562::Quisinostat::dose=1000.0,Ridge_P,0.2543239295482635,0.23059934377670288
E81_r1_p50,1,K562::Quisinostat::dose=10000.0,Ridge_P,0.2828013598918915,0.24041229486465454
E81_r1_p50,1,MCF7::Quisinostat::dose=10.0,Ridge_P,0.2689005732536316,0.22602033615112305
E81_r1_p50,1,MCF7::Quisinostat::dose=100.0,Ridge_P,0.3023691177368164,0.2319532185792923
E81_r1_p50,1,MCF7::Quisinostat::dose=1000.0,Ridge_P,0.3338530957698822,0.23719657957553864
E81_r1_p50,1,MCF7::Quisinostat::dose=10000.0,Ridge_P,0.3527877926826477,0.24033337831497192
E81_r1_p50,1,A549::Belinostat::dose=10.0,Ridge_PQ,0.3241702616214752,0.3463996350765228
E81_r1_p50,1,A549::Belinostat::dose=100.0,Ridge_PQ,0.3322384655475616,0.3498445451259613
E81_r1_p50,1,A549::Belinostat::dose=1000.0,Ridge_PQ,0.3726350963115692,0.3608284592628479
E81_r1_p50,1,A549::Belinostat::dose=10000.0,Ridge_PQ,0.382439374923706,0.3744220435619354
E81_r1_p50,1,A549::Quisinostat::dose=10.0,Ridge_PQ,0.3549160063266754,0.3533869683742523
E81_r1_p50,1,A549::Quisinostat::dose=100.0,Ridge_PQ,0.3559627532958984,0.3560411334037781
E81_r1_p50,1,A549::Quisinostat::dose=1000.0,Ridge_PQ,0.4035943150520324,0.344391405582428
E81_r1_p50,1,A549::Quisinostat::dose=10000.0,Ridge_PQ,0.4208127856254577,0.34887707233428955
E81_r1_p50,1,K562::Quisinostat::dose=10.0,Ridge_PQ,0.2419880032539367,0.22901184856891632
E81_r1_p50,1,K562::Quisinostat::dose=100.0,Ridge_PQ,0.2528126835823059,0.23452897369861603
E81_r1_p50,1,K562::Quisinostat::dose=1000.0,Ridge_PQ,0.2543239295482635,0.23113811016082764
E81_r1_p50,1,K562::Quisinostat::dose=10000.0,Ridge_PQ,0.2828013598918915,0.24083074927330017
E81_r1_p50,1,MCF7::Quisinostat::dose=10.0,Ridge_PQ,0.2689005732536316,0.22551828622817993
E81_r1_p50,1,MCF7::Quisinostat::dose=100.0,Ridge_PQ,0.3023691177368164,0.23131448030471802
E81_r1_p50,1,MCF7::Quisinostat::dose=1000.0,Ridge_PQ,0.3338530957698822,0.23649932444095612
E81_r1_p50,1,MCF7::Quisinostat::dose=10000.0,Ridge_PQ,0.3527877926826477,0.23958128690719604
E81_r1_p50,1,A549::Belinostat::dose=10.0,Ridge_PQH,0.3241702616214752,0.34297242760658264
E81_r1_p50,1,A549::Belinostat::dose=100.0,Ridge_PQH,0.3322384655475616,0.34232258796691895
E81_r1_p50,1,A549::Belinostat::dose=1000.0,Ridge_PQH,0.3726350963115692,0.36378923058509827
E81_r1_p50,1,A549::Belinostat::dose=10000.0,Ridge_PQH,0.382439374923706,0.385151743888855
E81_r1_p50,1,A549::Quisinostat::dose=10.0,Ridge_PQH,0.3549160063266754,0.35118725895881653
E81_r1_p50,1,A549::Quisinostat::dose=100.0,Ridge_PQH,0.3559627532958984,0.35372352600097656
E81_r1_p50,1,A549::Quisinostat::dose=1000.0,Ridge_PQH,0.4035943150520324,0.3425046503543854
E81_r1_p50,1,A549::Quisinostat::dose=10000.0,Ridge_PQH,0.4208127856254577,0.3468437194824219
E81_r1_p50,1,K562::Quisinostat::dose=10.0,Ridge_PQH,0.2419880032539367,0.2298259437084198
E81_r1_p50,1,K562::Quisinostat::dose=100.0,Ridge_PQH,0.2528126835823059,0.23515768349170685
E81_r1_p50,1,K562::Quisinostat::dose=1000.0,Ridge_PQH,0.2543239295482635,0.23187752068042755
E81_r1_p50,1,K562::Quisinostat::dose=10000.0,Ridge_PQH,0.2828013598918915,0.24126696586608887
E81_r1_p50,1,MCF7::Quisinostat::dose=10.0,Ridge_PQH,0.2689005732536316,0.2272508442401886
E81_r1_p50,1,MCF7::Quisinostat::dose=100.0,Ridge_PQH,0.3023691177368164,0.23288872838020325
E81_r1_p50,1,MCF7::Quisinostat::dose=1000.0,Ridge_PQH,0.3338530957698822,0.23788700997829437
E81_r1_p50,1,MCF7::Quisinostat::dose=10000.0,Ridge_PQH,0.3527877926826477,0.2408914566040039
E81_r1_p50,2,A549::Hesperadin::dose=10.0,Ridge_M,0.4153620600700378,0.35102540254592896
E81_r1_p50,2,A549::Hesperadin::dose=100.0,Ridge_M,0.3675754070281982,0.34890297055244446
E81_r1_p50,2,A549::Hesperadin::dose=1000.0,Ridge_M,0.3886795938014984,0.35631394386291504
E81_r1_p50,2,A549::Hesperadin::dose=10000.0,Ridge_M,0.3373843431472778,0.356498122215271
E81_r1_p50,2,K562::Hesperadin::dose=10.0,Ridge_M,0.2537444531917572,0.2469673752784729
E81_r1_p50,2,K562::Hesperadin::dose=100.0,Ridge_M,0.2488963007926941,0.2338256537914276
E81_r1_p50,2,K562::Hesperadin::dose=1000.0,Ridge_M,0.215375080704689,0.22751349210739136
E81_r1_p50,2,K562::Hesperadin::dose=10000.0,Ridge_M,0.2273617535829544,0.2243506759405136
E81_r1_p50,2,MCF7::Hesperadin::dose=10.0,Ridge_M,0.2160386443138122,0.2588312029838562
E81_r1_p50,2,MCF7::Hesperadin::dose=100.0,Ridge_M,0.2221009880304336,0.2624688744544983
E81_r1_p50,2,MCF7::Hesperadin::dose=1000.0,Ridge_M,0.22207573056221,0.26609259843826294
E81_r1_p50,2,MCF7::Hesperadin::dose=10000.0,Ridge_M,0.2305282801389694,0.2729470729827881
E81_r1_p50,2,A549::Hesperadin::dose=10.0,Ridge_P,0.4153620600700378,0.35651883482933044
E81_r1_p50,2,A549::Hesperadin::dose=100.0,Ridge_P,0.3675754070281982,0.3538845479488373
E81_r1_p50,2,A549::Hesperadin::dose=1000.0,Ridge_P,0.3886795938014984,0.3619288504123688
E81_r1_p50,2,A549::Hesperadin::dose=10000.0,Ridge_P,0.3373843431472778,0.36201316118240356
E81_r1_p50,2,K562::Hesperadin::dose=10.0,Ridge_P,0.2537444531917572,0.24504144489765167
E81_r1_p50,2,K562::Hesperadin::dose=100.0,Ridge_P,0.2488963007926941,0.2318647801876068
E81_r1_p50,2,K562::Hesperadin::dose=1000.0,Ridge_P,0.215375080704689,0.22623464465141296
E81_r1_p50,2,K562::Hesperadin::dose=10000.0,Ridge_P,0.2273617535829544,0.22502286732196808
E81_r1_p50,2,MCF7::Hesperadin::dose=10.0,Ridge_P,0.2160386443138122,0.2491593360900879
E81_r1_p50,2,MCF7::Hesperadin::dose=100.0,Ridge_P,0.2221009880304336,0.2534353733062744
E81_r1_p50,2,MCF7::Hesperadin::dose=1000.0,Ridge_P,0.22207573056221,0.25797373056411743
E81_r1_p50,2,MCF7::Hesperadin::dose=10000.0,Ridge_P,0.2305282801389694,0.2648475170135498
E81_r1_p50,2,A549::Hesperadin::dose=10.0,Ridge_PQ,0.4153620600700378,0.3562869131565094
E81_r1_p50,2,A549::Hesperadin::dose=100.0,Ridge_PQ,0.3675754070281982,0.35366755723953247
E81_r1_p50,2,A549::Hesperadin::dose=1000.0,Ridge_PQ,0.3886795938014984,0.361706018447876
E81_r1_p50,2,A549::Hesperadin::dose=10000.0,Ridge_PQ,0.3373843431472778,0.3617986738681793
E81_r1_p50,2,K562::Hesperadin::dose=10.0,Ridge_PQ,0.2537444531917572,0.24657434225082397
E81_r1_p50,2,K562::Hesperadin::dose=100.0,Ridge_PQ,0.2488963007926941,0.23341046273708344
E81_r1_p50,2,K562::Hesperadin::dose=1000.0,Ridge_PQ,0.215375080704689,0.2278634011745453
E81_r1_p50,2,K562::Hesperadin::dose=10000.0,Ridge_PQ,0.2273617535829544,0.22676318883895874
E81_r1_p50,2,MCF7::Hesperadin::dose=10.0,Ridge_PQ,0.2160386443138122,0.24925732612609863
E81_r1_p50,2,MCF7::Hesperadin::dose=100.0,Ridge_PQ,0.2221009880304336,0.2535700798034668
E81_r1_p50,2,MCF7::Hesperadin::dose=1000.0,Ridge_PQ,0.22207573056221,0.25812721252441406
E81_r1_p50,2,MCF7::Hesperadin::dose=10000.0,Ridge_PQ,0.2305282801389694,0.2649623155593872
E81_r1_p50,2,A549::Hesperadin::dose=10.0,Ridge_PQH,0.4153620600700378,0.3536025583744049
E81_r1_p50,2,A549::Hesperadin::dose=100.0,Ridge_PQH,0.3675754070281982,0.35110926628112793
E81_r1_p50,2,A549::Hesperadin::dose=1000.0,Ridge_PQH,0.3886795938014984,0.3587576150894165
E81_r1_p50,2,A549::Hesperadin::dose=10000.0,Ridge_PQH,0.3373843431472778,0.3588414490222931
E81_r1_p50,2,K562::Hesperadin::dose=10.0,Ridge_PQH,0.2537444531917572,0.24734535813331604
E81_r1_p50,2,K562::Hesperadin::dose=100.0,Ridge_PQH,0.2488963007926941,0.23482374846935272
E81_r1_p50,2,K562::Hesperadin::dose=1000.0,Ridge_PQH,0.215375080704689,0.22945785522460938
E81_r1_p50,2,K562::Hesperadin::dose=10000.0,Ridge_PQH,0.2273617535829544,0.22825926542282104
E81_r1_p50,2,MCF7::Hesperadin::dose=10.0,Ridge_PQH,0.2160386443138122,0.25160545110702515
E81_r1_p50,2,MCF7::Hesperadin::dose=100.0,Ridge_PQH,0.2221009880304336,0.2556625008583069
E81_r1_p50,2,MCF7::Hesperadin::dose=1000.0,Ridge_PQH,0.22207573056221,0.25996384024620056
E81_r1_p50,2,MCF7::Hesperadin::dose=10000.0,Ridge_PQH,0.2305282801389694,0.26651617884635925
E81_r1_p50,3,A549::Alvespimycin::dose=10.0,Ridge_M,0.3239225149154663,0.34876683354377747
E81_r1_p50,3,A549::Alvespimycin::dose=100.0,Ridge_M,0.3537741601467132,0.34728702902793884
E81_r1_p50,3,A549::Alvespimycin::dose=1000.0,Ridge_M,0.3638321459293365,0.35356926918029785
E81_r1_p50,3,A549::Alvespimycin::dose=10000.0,Ridge_M,0.3593120276927948,0.3481280207633972
E81_r1_p50,3,A549::Givinostat::dose=10.0,Ridge_M,0.3312920033931732,0.3491518199443817
E81_r1_p50,3,A549::Givinostat::dose=100.0,Ridge_M,0.3438544571399688,0.35814303159713745
E81_r1_p50,3,A549::Givinostat::dose=1000.0,Ridge_M,0.3626831471920013,0.3588879406452179
E81_r1_p50,3,A549::Givinostat::dose=10000.0,Ridge_M,0.4152437150478363,0.3553379774093628
E81_r1_p50,3,K562::Alvespimycin::dose=10.0,Ridge_M,0.1973994970321655,0.24071095883846283
E81_r1_p50,3,K562::Alvespimycin::dose=100.0,Ridge_M,0.224205195903778,0.24929243326187134
E81_r1_p50,3,K562::Alvespimycin::dose=1000.0,Ridge_M,0.2225904911756515,0.22890853881835938
E81_r1_p50,3,K562::Alvespimycin::dose=10000.0,Ridge_M,0.2290801107883453,0.23480135202407837
E81_r1_p50,3,K562::Givinostat::dose=10.0,Ridge_M,0.2025528997182846,0.24483996629714966
E81_r1_p50,3,K562::Givinostat::dose=1000.0,Ridge_M,0.1999629139900207,0.2480877935886383
E81_r1_p50,3,MCF7::Alvespimycin::dose=10.0,Ridge_M,0.2209209352731704,0.26531970500946045
E81_r1_p50,3,MCF7::Alvespimycin::dose=100.0,Ridge_M,0.2369764745235443,0.2675505578517914
E81_r1_p50,3,MCF7::Alvespimycin::dose=1000.0,Ridge_M,0.2401451170444488,0.272943377494812
E81_r1_p50,3,A549::Alvespimycin::dose=10.0,Ridge_P,0.3239225149154663,0.35431358218193054
E81_r1_p50,3,A549::Alvespimycin::dose=100.0,Ridge_P,0.3537741601467132,0.35265880823135376
E81_r1_p50,3,A549::Alvespimycin::dose=1000.0,Ridge_P,0.3638321459293365,0.36008572578430176
E81_r1_p50,3,A549::Alvespimycin::dose=10000.0,Ridge_P,0.3593120276927948,0.35431963205337524
E81_r1_p50,3,A549::Givinostat::dose=10.0,Ridge_P,0.3312920033931732,0.35396113991737366
E81_r1_p50,3,A549::Givinostat::dose=100.0,Ridge_P,0.3438544571399688,0.36632609367370605
E81_r1_p50,3,A549::Givinostat::dose=1000.0,Ridge_P,0.3626831471920013,0.36810165643692017
E81_r1_p50,3,A549::Givinostat::dose=10000.0,Ridge_P,0.4152437150478363,0.36382341384887695
E81_r1_p50,3,K562::Alvespimycin::dose=10.0,Ridge_P,0.1973994970321655,0.2403852939605713
E81_r1_p50,3,K562::Alvespimycin::dose=100.0,Ridge_P,0.224205195903778,0.24920618534088135
E81_r1_p50,3,K562::Alvespimycin::dose=1000.0,Ridge_P,0.2225904911756515,0.23042845726013184
E81_r1_p50,3,K562::Alvespimycin::dose=10000.0,Ridge_P,0.2290801107883453,0.23581796884536743
E81_r1_p50,3,K562::Givinostat::dose=10.0,Ridge_P,0.2025528997182846,0.24490231275558472
E81_r1_p50,3,K562::Givinostat::dose=1000.0,Ridge_P,0.1999629139900207,0.24787764251232147
E81_r1_p50,3,MCF7::Alvespimycin::dose=10.0,Ridge_P,0.2209209352731704,0.25333571434020996
E81_r1_p50,3,MCF7::Alvespimycin::dose=100.0,Ridge_P,0.2369764745235443,0.2556173801422119
E81_r1_p50,3,MCF7::Alvespimycin::dose=1000.0,Ridge_P,0.2401451170444488,0.2604749798774719
E81_r1_p50,3,A549::Alvespimycin::dose=10.0,Ridge_PQ,0.3239225149154663,0.35427385568618774
E81_r1_p50,3,A549::Alvespimycin::dose=100.0,Ridge_PQ,0.3537741601467132,0.3526187539100647
E81_r1_p50,3,A549::Alvespimycin::dose=1000.0,Ridge_PQ,0.3638321459293365,0.360089510679245
E81_r1_p50,3,A549::Alvespimycin::dose=10000.0,Ridge_PQ,0.3593120276927948,0.354308545589447
E81_r1_p50,3,A549::Givinostat::dose=10.0,Ridge_PQ,0.3312920033931732,0.35312703251838684
E81_r1_p50,3,A549::Givinostat::dose=100.0,Ridge_PQ,0.3438544571399688,0.3599666357040405
E81_r1_p50,3,A549::Givinostat::dose=1000.0,Ridge_PQ,0.3626831471920013,0.37120917439460754
E81_r1_p50,3,A549::Givinostat::dose=10000.0,Ridge_PQ,0.4152437150478363,0.3632882237434387
E81_r1_p50,3,K562::Alvespimycin::dose=10.0,Ridge_PQ,0.1973994970321655,0.24000518023967743
E81_r1_p50,3,K562::Alvespimycin::dose=100.0,Ridge_PQ,0.224205195903778,0.2488749623298645
E81_r1_p50,3,K562::Alvespimycin::dose=1000.0,Ridge_PQ,0.2225904911756515,0.23002101480960846
E81_r1_p50,3,K562::Alvespimycin::dose=10000.0,Ridge_PQ,0.2290801107883453,0.23543833196163177
E81_r1_p50,3,K562::Givinostat::dose=10.0,Ridge_PQ,0.2025528997182846,0.2437433898448944
E81_r1_p50,3,K562::Givinostat::dose=1000.0,Ridge_PQ,0.1999629139900207,0.2505972981452942
E81_r1_p50,3,MCF7::Alvespimycin::dose=10.0,Ridge_PQ,0.2209209352731704,0.25284653902053833
E81_r1_p50,3,MCF7::Alvespimycin::dose=100.0,Ridge_PQ,0.2369764745235443,0.25514093041419983
E81_r1_p50,3,MCF7::Alvespimycin::dose=1000.0,Ridge_PQ,0.2401451170444488,0.26002582907676697
E81_r1_p50,3,A549::Alvespimycin::dose=10.0,Ridge_PQH,0.3239225149154663,0.3532373607158661
E81_r1_p50,3,A549::Alvespimycin::dose=100.0,Ridge_PQH,0.3537741601467132,0.35161924362182617
E81_r1_p50,3,A549::Alvespimycin::dose=1000.0,Ridge_PQH,0.3638321459293365,0.3589034974575043
E81_r1_p50,3,A549::Alvespimycin::dose=10000.0,Ridge_PQH,0.3593120276927948,0.35323336720466614
E81_r1_p50,3,A549::Givinostat::dose=10.0,Ridge_PQH,0.3312920033931732,0.35308170318603516
E81_r1_p50,3,A549::Givinostat::dose=100.0,Ridge_PQH,0.3438544571399688,0.37230026721954346
E81_r1_p50,3,A549::Givinostat::dose=1000.0,Ridge_PQH,0.3626831471920013,0.3848954737186432
E81_r1_p50,3,A549::Givinostat::dose=10000.0,Ridge_PQH,0.4152437150478363,0.38742950558662415
E81_r1_p50,3,K562::Alvespimycin::dose=10.0,Ridge_PQH,0.1973994970321655,0.24029840528964996
E81_r1_p50,3,K562::Alvespimycin::dose=100.0,Ridge_PQH,0.224205195903778,0.24896180629730225
E81_r1_p50,3,K562::Alvespimycin::dose=1000.0,Ridge_PQH,0.2225904911756515,0.2304096221923828
E81_r1_p50,3,K562::Alvespimycin::dose=10000.0,Ridge_PQH,0.2290801107883453,0.23574307560920715
E81_r1_p50,3,K562::Givinostat::dose=10.0,Ridge_PQH,0.2025528997182846,0.22855708003044128
E81_r1_p50,3,K562::Givinostat::dose=1000.0,Ridge_PQH,0.1999629139900207,0.2386520504951477
E81_r1_p50,3,MCF7::Alvespimycin::dose=10.0,Ridge_PQH,0.2209209352731704,0.25396695733070374
E81_r1_p50,3,MCF7::Alvespimycin::dose=100.0,Ridge_PQH,0.2369764745235443,0.25622573494911194
E81_r1_p50,3,MCF7::Alvespimycin::dose=1000.0,Ridge_PQH,0.2401451170444488,0.26105937361717224
E81_r1_p50,4,A549::Dacinostat::dose=10.0,Ridge_M,0.350277692079544,0.3457269072532654
E81_r1_p50,4,A549::Dacinostat::dose=100.0,Ridge_M,0.3558626770973205,0.3575880527496338
E81_r1_p50,4,A549::Dacinostat::dose=1000.0,Ridge_M,0.384891152381897,0.35548293590545654
E81_r1_p50,4,A549::Dacinostat::dose=10000.0,Ridge_M,0.408109575510025,0.3541087508201599
E81_r1_p50,4,A549::Flavopiridol::dose=10.0,Ridge_M,0.3479346334934234,0.3521600365638733
E81_r1_p50,4,A549::Flavopiridol::dose=100.0,Ridge_M,0.3348029553890228,0.3618488907814026
E81_r1_p50,4,A549::Flavopiridol::dose=1000.0,Ridge_M,0.32539963722229,0.3602367639541626
E81_r1_p50,4,A549::Flavopiridol::dose=10000.0,Ridge_M,0.3425893783569336,0.35885089635849
E81_r1_p50,4,K562::Dacinostat::dose=1000.0,Ridge_M,0.2624973356723785,0.2477128803730011
E81_r1_p50,4,K562::Dacinostat::dose=10000.0,Ridge_M,0.2701187431812286,0.24126110970973969
E81_r1_p50,4,K562::Flavopiridol::dose=10.0,Ridge_M,0.2001778781414032,0.22946546971797943
E81_r1_p50,4,K562::Flavopiridol::dose=100.0,Ridge_M,0.2286931127309799,0.24608314037322998
E81_r1_p50,4,MCF7::Dacinostat::dose=10000.0,Ridge_M,0.3501706719398498,0.2521905303001404
E81_r1_p50,4,MCF7::Flavopiridol::dose=10.0,Ridge_M,0.2142690420150756,0.2528190612792969
E81_r1_p50,4,MCF7::Flavopiridol::dose=100.0,Ridge_M,0.2267692983150482,0.26049384474754333
E81_r1_p50,4,A549::Dacinostat::dose=10.0,Ridge_P,0.350277692079544,0.3504140377044678
E81_r1_p50,4,A549::Dacinostat::dose=100.0,Ridge_P,0.3558626770973205,0.36739209294319153
E81_r1_p50,4,A549::Dacinostat::dose=1000.0,Ridge_P,0.384891152381897,0.36412155628204346
E81_r1_p50,4,A549::Dacinostat::dose=10000.0,Ridge_P,0.408109575510025,0.36288219690322876
E81_r1_p50,4,A549::Flavopiridol::dose=10.0,Ridge_P,0.3479346334934234,0.35830262303352356
E81_r1_p50,4,A549::Flavopiridol::dose=100.0,Ridge_P,0.3348029553890228,0.3727531433105469
E81_r1_p50,4,A549::Flavopiridol::dose=1000.0,Ridge_P,0.32539963722229,0.37141668796539307
E81_r1_p50,4,A549::Flavopiridol::dose=10000.0,Ridge_P,0.3425893783569336,0.3698623776435852
E81_r1_p50,4,K562::Dacinostat::dose=1000.0,Ridge_P,0.2624973356723785,0.24818916618824005
E81_r1_p50,4,K562::Dacinostat::dose=10000.0,Ridge_P,0.2701187431812286,0.24173536896705627
E81_r1_p50,4,K562::Flavopiridol::dose=10.0,Ridge_P,0.2001778781414032,0.2301543802022934
E81_r1_p50,4,K562::Flavopiridol::dose=100.0,Ridge_P,0.2286931127309799,0.24729059636592865
E81_r1_p50,4,MCF7::Dacinostat::dose=10000.0,Ridge_P,0.3501706719398498,0.2392023354768753
E81_r1_p50,4,MCF7::Flavopiridol::dose=10.0,Ridge_P,0.2142690420150756,0.23814798891544342
E81_r1_p50,4,MCF7::Flavopiridol::dose=100.0,Ridge_P,0.2267692983150482,0.24715133011341095
E81_r1_p50,4,A549::Dacinostat::dose=10.0,Ridge_PQ,0.350277692079544,0.3497449457645416
E81_r1_p50,4,A549::Dacinostat::dose=100.0,Ridge_PQ,0.3558626770973205,0.37728047370910645
E81_r1_p50,4,A549::Dacinostat::dose=1000.0,Ridge_PQ,0.384891152381897,0.35251906514167786
E81_r1_p50,4,A549::Dacinostat::dose=10000.0,Ridge_PQ,0.408109575510025,0.3653722107410431
E81_r1_p50,4,A549::Flavopiridol::dose=10.0,Ridge_PQ,0.3479346334934234,0.3605477213859558
E81_r1_p50,4,A549::Flavopiridol::dose=100.0,Ridge_PQ,0.3348029553890228,0.37542724609375
E81_r1_p50,4,A549::Flavopiridol::dose=1000.0,Ridge_PQ,0.32539963722229,0.374109148979187
E81_r1_p50,4,A549::Flavopiridol::dose=10000.0,Ridge_PQ,0.3425893783569336,0.37253475189208984
E81_r1_p50,4,K562::Dacinostat::dose=1000.0,Ridge_PQ,0.2624973356723785,0.23657937347888947
E81_r1_p50,4,K562::Dacinostat::dose=10000.0,Ridge_PQ,0.2701187431812286,0.2441195249557495
E81_r1_p50,4,K562::Flavopiridol::dose=10.0,Ridge_PQ,0.2001778781414032,0.23239243030548096
E81_r1_p50,4,K562::Flavopiridol::dose=100.0,Ridge_PQ,0.2286931127309799,0.24974629282951355
E81_r1_p50,4,MCF7::Dacinostat::dose=10000.0,Ridge_PQ,0.3501706719398498,0.23996078968048096
E81_r1_p50,4,MCF7::Flavopiridol::dose=10.0,Ridge_PQ,0.2142690420150756,0.2387673258781433
E81_r1_p50,4,MCF7::Flavopiridol::dose=100.0,Ridge_PQ,0.2267692983150482,0.2478816956281662
E81_r1_p50,4,A549::Dacinostat::dose=10.0,Ridge_PQH,0.350277692079544,0.3487836718559265
E81_r1_p50,4,A549::Dacinostat::dose=100.0,Ridge_PQH,0.3558626770973205,0.38441112637519836
E81_r1_p50,4,A549::Dacinostat::dose=1000.0,Ridge_PQH,0.384891152381897,0.389122873544693
E81_r1_p50,4,A549::Dacinostat::dose=10000.0,Ridge_PQH,0.408109575510025,0.3632897138595581
E81_r1_p50,4,A549::Flavopiridol::dose=10.0,Ridge_PQH,0.3479346334934234,0.35869458317756653
E81_r1_p50,4,A549::Flavopiridol::dose=100.0,Ridge_PQH,0.3348029553890228,0.37304189801216125
E81_r1_p50,4,A549::Flavopiridol::dose=1000.0,Ridge_PQH,0.32539963722229,0.3717256486415863
E81_r1_p50,4,A549::Flavopiridol::dose=10000.0,Ridge_PQH,0.3425893783569336,0.3701786398887634
E81_r1_p50,4,K562::Dacinostat::dose=1000.0,Ridge_PQH,0.2624973356723785,0.2567276060581207
E81_r1_p50,4,K562::Dacinostat::dose=10000.0,Ridge_PQH,0.2701187431812286,0.24457548558712006
E81_r1_p50,4,K562::Flavopiridol::dose=10.0,Ridge_PQH,0.2001778781414032,0.23318448662757874
E81_r1_p50,4,K562::Flavopiridol::dose=100.0,Ridge_PQH,0.2286931127309799,0.2500452995300293
E81_r1_p50,4,MCF7::Dacinostat::dose=10000.0,Ridge_PQH,0.3501706719398498,0.24146458506584167
E81_r1_p50,4,MCF7::Flavopiridol::dose=10.0,Ridge_PQH,0.2142690420150756,0.2403717190027237
E81_r1_p50,4,MCF7::Flavopiridol::dose=100.0,Ridge_PQH,0.2267692983150482,0.2492341697216034
E81_r2_p25,0,A549::Belinostat::dose=10.0,Ridge_M,0.3040532171726227,0.34537777304649353
E81_r2_p25,0,A549::Belinostat::dose=100.0,Ridge_M,0.3304560482501983,0.35056671500205994
E81_r2_p25,0,A549::Belinostat::dose=1000.0,Ridge_M,0.3722121715545654,0.3573032021522522
E81_r2_p25,0,A549::Belinostat::dose=10000.0,Ridge_M,0.4098595082759857,0.36869341135025024
E81_r2_p25,0,A549::Tanespimycin::dose=10.0,Ridge_M,0.2945119142532348,0.33864259719848633
E81_r2_p25,0,A549::Tanespimycin::dose=100.0,Ridge_M,0.2889379560947418,0.3394683301448822
E81_r2_p25,0,A549::Tanespimycin::dose=1000.0,Ridge_M,0.3158258497714996,0.3387880027294159
E81_r2_p25,0,A549::Tanespimycin::dose=10000.0,Ridge_M,0.317665547132492,0.33932191133499146
E81_r2_p25,0,K562::Belinostat::dose=10.0,Ridge_M,0.3726286888122558,0.38628512620925903
E81_r2_p25,0,K562::Belinostat::dose=100.0,Ridge_M,0.3812951743602752,0.38551026582717896
E81_r2_p25,0,K562::Belinostat::dose=1000.0,Ridge_M,0.3904536366462707,0.3850405514240265
E81_r2_p25,0,K562::Belinostat::dose=10000.0,Ridge_M,0.3998823463916778,0.38857415318489075
E81_r2_p25,0,K562::Tanespimycin::dose=10.0,Ridge_M,0.362698882818222,0.3828744888305664
E81_r2_p25,0,K562::Tanespimycin::dose=100.0,Ridge_M,0.3478846251964569,0.3837106227874756
E81_r2_p25,0,K562::Tanespimycin::dose=1000.0,Ridge_M,0.3521114289760589,0.3796132206916809
E81_r2_p25,0,K562::Tanespimycin::dose=10000.0,Ridge_M,0.3821051120758056,0.3796958029270172
E81_r2_p25,0,MCF7::Belinostat::dose=10.0,Ridge_M,0.2629055678844452,0.32777056097984314
E81_r2_p25,0,MCF7::Belinostat::dose=100.0,Ridge_M,0.2629261314868927,0.3214113116264343
E81_r2_p25,0,MCF7::Belinostat::dose=1000.0,Ridge_M,0.2838267982006073,0.3182603716850281
E81_r2_p25,0,MCF7::Belinostat::dose=10000.0,Ridge_M,0.3590293228626251,0.3139878511428833
E81_r2_p25,0,MCF7::Tanespimycin::dose=10.0,Ridge_M,0.272777110338211,0.33212172985076904
E81_r2_p25,0,MCF7::Tanespimycin::dose=100.0,Ridge_M,0.281925767660141,0.32952797412872314
E81_r2_p25,0,MCF7::Tanespimycin::dose=1000.0,Ridge_M,0.2908064723014831,0.3323146402835846
E81_r2_p25,0,MCF7::Tanespimycin::dose=10000.0,Ridge_M,0.3027132153511047,0.33312755823135376
E81_r2_p25,0,A549::Belinostat::dose=10.0,Ridge_P,0.3040532171726227,0.34054887294769287
E81_r2_p25,0,A549::Belinostat::dose=100.0,Ridge_P,0.3304560482501983,0.3456191122531891
E81_r2_p25,0,A549::Belinostat::dose=1000.0,Ridge_P,0.3722121715545654,0.3532627522945404
E81_r2_p25,0,A549::Belinostat::dose=10000.0,Ridge_P,0.4098595082759857,0.3660387396812439
E81_r2_p25,0,A549::Tanespimycin::dose=10.0,Ridge_P,0.2945119142532348,0.33329445123672485
E81_r2_p25,0,A549::Tanespimycin::dose=100.0,Ridge_P,0.2889379560947418,0.3344103991985321
E81_r2_p25,0,A549::Tanespimycin::dose=1000.0,Ridge_P,0.3158258497714996,0.3345130383968353
E81_r2_p25,0,A549::Tanespimycin::dose=10000.0,Ridge_P,0.317665547132492,0.33648228645324707
E81_r2_p25,0,K562::Belinostat::dose=10.0,Ridge_P,0.3726286888122558,0.3903310298919678
E81_r2_p25,0,K562::Belinostat::dose=100.0,Ridge_P,0.3812951743602752,0.3897709250450134
E81_r2_p25,0,K562::Belinostat::dose=1000.0,Ridge_P,0.3904536366462707,0.38984227180480957
E81_r2_p25,0,K562::Belinostat::dose=10000.0,Ridge_P,0.3998823463916778,0.3941557705402374
E81_r2_p25,0,K562::Tanespimycin::dose=10.0,Ridge_P,0.362698882818222,0.38610661029815674
E81_r2_p25,0,K562::Tanespimycin::dose=100.0,Ridge_P,0.3478846251964569,0.3869903087615967
E81_r2_p25,0,K562::Tanespimycin::dose=1000.0,Ridge_P,0.3521114289760589,0.38348665833473206
E81_r2_p25,0,K562::Tanespimycin::dose=10000.0,Ridge_P,0.3821051120758056,0.38415059447288513
E81_r2_p25,0,MCF7::Belinostat::dose=10.0,Ridge_P,0.2629055678844452,0.32530632615089417
E81_r2_p25,0,MCF7::Belinostat::dose=100.0,Ridge_P,0.2629261314868927,0.32049909234046936
E81_r2_p25,0,MCF7::Belinostat::dose=1000.0,Ridge_P,0.2838267982006073,0.31850284337997437
E81_r2_p25,0,MCF7::Belinostat::dose=10000.0,Ridge_P,0.3590293228626251,0.31565436720848083
E81_r2_p25,0,MCF7::Tanespimycin::dose=10.0,Ridge_P,0.272777110338211,0.3292243480682373
E81_r2_p25,0,MCF7::Tanespimycin::dose=100.0,Ridge_P,0.281925767660141,0.32784172892570496
E81_r2_p25,0,MCF7::Tanespimycin::dose=1000.0,Ridge_P,0.2908064723014831,0.3314985930919647
E81_r2_p25,0,MCF7::Tanespimycin::dose=10000.0,Ridge_P,0.3027132153511047,0.3338928520679474
E81_r2_p25,0,A549::Belinostat::dose=10.0,Ridge_PQ,0.3040532171726227,0.34187379479408264
E81_r2_p25,0,A549::Belinostat::dose=100.0,Ridge_PQ,0.3304560482501983,0.3469638228416443
E81_r2_p25,0,A549::Belinostat::dose=1000.0,Ridge_PQ,0.3722121715545654,0.3546975553035736
E81_r2_p25,0,A549::Belinostat::dose=10000.0,Ridge_PQ,0.4098595082759857,0.3676074147224426
E81_r2_p25,0,A549::Tanespimycin::dose=10.0,Ridge_PQ,0.2945119142532348,0.33447355031967163
E81_r2_p25,0,A549::Tanespimycin::dose=100.0,Ridge_PQ,0.2889379560947418,0.33559468388557434
E81_r2_p25,0,A549::Tanespimycin::dose=1000.0,Ridge_PQ,0.3158258497714996,0.3356866240501404
E81_r2_p25,0,A549::Tanespimycin::dose=10000.0,Ridge_PQ,0.317665547132492,0.33771970868110657
E81_r2_p25,0,K562::Belinostat::dose=10.0,Ridge_PQ,0.3726286888122558,0.39227816462516785
E81_r2_p25,0,K562::Belinostat::dose=100.0,Ridge_PQ,0.3812951743602752,0.3917020261287689
E81_r2_p25,0,K562::Belinostat::dose=1000.0,Ridge_PQ,0.3904536366462707,0.39178240299224854
E81_r2_p25,0,K562::Belinostat::dose=10000.0,Ridge_PQ,0.3998823463916778,0.3961268365383148
E81_r2_p25,0,K562::Tanespimycin::dose=10.0,Ridge_PQ,0.362698882818222,0.3879523277282715
E81_r2_p25,0,K562::Tanespimycin::dose=100.0,Ridge_PQ,0.3478846251964569,0.38884323835372925
E81_r2_p25,0,K562::Tanespimycin::dose=1000.0,Ridge_PQ,0.3521114289760589,0.38531601428985596
E81_r2_p25,0,K562::Tanespimycin::dose=10000.0,Ridge_PQ,0.3821051120758056,0.3860307037830353
E81_r2_p25,0,MCF7::Belinostat::dose=10.0,Ridge_PQ,0.2629055678844452,0.3265690505504608
E81_r2_p25,0,MCF7::Belinostat::dose=100.0,Ridge_PQ,0.2629261314868927,0.3217814266681671
E81_r2_p25,0,MCF7::Belinostat::dose=1000.0,Ridge_PQ,0.2838267982006073,0.3198041319847107
E81_r2_p25,0,MCF7::Belinostat::dose=10000.0,Ridge_PQ,0.3590293228626251,0.3169579803943634
E81_r2_p25,0,MCF7::Tanespimycin::dose=10.0,Ridge_PQ,0.272777110338211,0.33050215244293213
E81_r2_p25,0,MCF7::Tanespimycin::dose=100.0,Ridge_PQ,0.281925767660141,0.3291604518890381
E81_r2_p25,0,MCF7::Tanespimycin::dose=1000.0,Ridge_PQ,0.2908064723014831,0.33284449577331543
E81_r2_p25,0,MCF7::Tanespimycin::dose=10000.0,Ridge_PQ,0.3027132153511047,0.33528682589530945
E81_r2_p25,0,A549::Belinostat::dose=10.0,Ridge_PQH,0.3040532171726227,0.3431396484375
E81_r2_p25,0,A549::Belinostat::dose=100.0,Ridge_PQH,0.3304560482501983,0.34771180152893066
E81_r2_p25,0,A549::Belinostat::dose=1000.0,Ridge_PQH,0.3722121715545654,0.35472372174263
E81_r2_p25,0,A549::Belinostat::dose=10000.0,Ridge_PQH,0.4098595082759857,0.36639976501464844
E81_r2_p25,0,A549::Tanespimycin::dose=10.0,Ridge_PQH,0.2945119142532348,0.3364318907260895
E81_r2_p25,0,A549::Tanespimycin::dose=100.0,Ridge_PQH,0.2889379560947418,0.3374377489089966
E81_r2_p25,0,A549::Tanespimycin::dose=1000.0,Ridge_PQH,0.3158258497714996,0.3375374972820282
E81_r2_p25,0,A549::Tanespimycin::dose=10000.0,Ridge_PQH,0.317665547132492,0.33943265676498413
E81_r2_p25,0,K562::Belinostat::dose=10.0,Ridge_PQH,0.3726286888122558,0.3889046907424927
E81_r2_p25,0,K562::Belinostat::dose=100.0,Ridge_PQH,0.3812951743602752,0.388378381729126
E81_r2_p25,0,K562::Belinostat::dose=1000.0,Ridge_PQH,0.3904536366462707,0.3884640634059906
E81_r2_p25,0,K562::Belinostat::dose=10000.0,Ridge_PQH,0.3998823463916778,0.39243629574775696
E81_r2_p25,0,K562::Tanespimycin::dose=10.0,Ridge_PQH,0.362698882818222,0.38489463925361633
E81_r2_p25,0,K562::Tanespimycin::dose=100.0,Ridge_PQH,0.3478846251964569,0.3857071101665497
E81_r2_p25,0,K562::Tanespimycin::dose=1000.0,Ridge_PQH,0.3521114289760589,0.38249263167381287
E81_r2_p25,0,K562::Tanespimycin::dose=10000.0,Ridge_PQH,0.3821051120758056,0.38316622376441956
E81_r2_p25,0,MCF7::Belinostat::dose=10.0,Ridge_PQH,0.2629055678844452,0.3297049105167389
E81_r2_p25,0,MCF7::Belinostat::dose=100.0,Ridge_PQH,0.2629261314868927,0.3255463242530823
E81_r2_p25,0,MCF7::Belinostat::dose=1000.0,Ridge_PQH,0.2838267982006073,0.32386210560798645
E81_r2_p25,0,MCF7::Belinostat::dose=10000.0,Ridge_PQH,0.3590293228626251,0.32141587138175964
E81_r2_p25,0,MCF7::Tanespimycin::dose=10.0,Ridge_PQH,0.272777110338211,0.333187997341156
E81_r2_p25,0,MCF7::Tanespimycin::dose=100.0,Ridge_PQH,0.281925767660141,0.33207687735557556
E81_r2_p25,0,MCF7::Tanespimycin::dose=1000.0,Ridge_PQH,0.2908064723014831,0.33540111780166626
E81_r2_p25,0,MCF7::Tanespimycin::dose=10000.0,Ridge_PQH,0.3027132153511047,0.33766159415245056
E81_r2_p25,1,A549::Flavopiridol::dose=10.0,Ridge_M,0.3164190649986267,0.3409927785396576
E81_r2_p25,1,A549::Flavopiridol::dose=100.0,Ridge_M,0.3156548738479614,0.34171828627586365
E81_r2_p25,1,A549::Flavopiridol::dose=1000.0,Ridge_M,0.302785724401474,0.3454870879650116
E81_r2_p25,1,A549::Flavopiridol::dose=10000.0,Ridge_M,0.3145335912704468,0.34666240215301514
E81_r2_p25,1,A549::TAK901::dose=10.0,Ridge_M,0.3000862300395965,0.3399723470211029
E81_r2_p25,1,A549::TAK901::dose=100.0,Ridge_M,0.3569486141204834,0.3434312343597412
E81_r2_p25,1,A549::TAK901::dose=1000.0,Ridge_M,0.3495595753192901,0.34384357929229736
E81_r2_p25,1,A549::TAK901::dose=10000.0,Ridge_M,0.342425525188446,0.3471428155899048
E81_r2_p25,1,K562::Flavopiridol::dose=10.0,Ridge_M,0.3618215024471283,0.3831399381160736
E81_r2_p25,1,K562::Flavopiridol::dose=100.0,Ridge_M,0.3735262453556061,0.3842307925224304
E81_r2_p25,1,K562::TAK901::dose=10.0,Ridge_M,0.3867664039134979,0.3880634009838104
E81_r2_p25,1,K562::TAK901::dose=100.0,Ridge_M,0.4156352579593658,0.3891115188598633
E81_r2_p25,1,K562::TAK901::dose=1000.0,Ridge_M,0.397283673286438,0.3903231918811798
E81_r2_p25,1,K562::TAK901::dose=10000.0,Ridge_M,0.3746303915977478,0.3933275043964386
E81_r2_p25,1,MCF7::Flavopiridol::dose=10.0,Ridge_M,0.2769852578639984,0.33224186301231384
E81_r2_p25,1,MCF7::Flavopiridol::dose=100.0,Ridge_M,0.2677887976169586,0.3325690031051636
E81_r2_p25,1,MCF7::TAK901::dose=10.0,Ridge_M,0.2718636095523834,0.3292418420314789
E81_r2_p25,1,MCF7::TAK901::dose=100.0,Ridge_M,0.2688718140125274,0.32825136184692383
E81_r2_p25,1,MCF7::TAK901::dose=1000.0,Ridge_M,0.2727380096912384,0.328561395406723
E81_r2_p25,1,MCF7::TAK901::dose=10000.0,Ridge_M,0.273164689540863,0.32942816615104675
E81_r2_p25,1,A549::Flavopiridol::dose=10.0,Ridge_P,0.3164190649986267,0.33491870760917664
E81_r2_p25,1,A549::Flavopiridol::dose=100.0,Ridge_P,0.3156548738479614,0.3362323045730591
E81_r2_p25,1,A549::Flavopiridol::dose=1000.0,Ridge_P,0.302785724401474,0.34057724475860596
E81_r2_p25,1,A549::Flavopiridol::dose=10000.0,Ridge_P,0.3145335912704468,0.34237584471702576
E81_r2_p25,1,A549::TAK901::dose=10.0,Ridge_P,0.3000862300395965,0.3345910906791687
E81_r2_p25,1,A549::TAK901::dose=100.0,Ridge_P,0.3569486141204834,0.3386324644088745
E81_r2_p25,1,A549::TAK901::dose=1000.0,Ridge_P,0.3495595753192901,0.34031784534454346
E81_r2_p25,1,A549::TAK901::dose=10000.0,Ridge_P,0.342425525188446,0.3459456264972687
E81_r2_p25,1,K562::Flavopiridol::dose=10.0,Ridge_P,0.3618215024471283,0.3868916928768158
E81_r2_p25,1,K562::Flavopiridol::dose=100.0,Ridge_P,0.3735262453556061,0.38846299052238464
E81_r2_p25,1,K562::TAK901::dose=10.0,Ridge_P,0.3867664039134979,0.39171266555786133
E81_r2_p25,1,K562::TAK901::dose=100.0,Ridge_P,0.4156352579593658,0.39302435517311096
E81_r2_p25,1,K562::TAK901::dose=1000.0,Ridge_P,0.397283673286438,0.3951559066772461
E81_r2_p25,1,K562::TAK901::dose=10000.0,Ridge_P,0.3746303915977478,0.3986324071884155
E81_r2_p25,1,MCF7::Flavopiridol::dose=10.0,Ridge_P,0.2769852578639984,0.32897672057151794
E81_r2_p25,1,MCF7::Flavopiridol::dose=100.0,Ridge_P,0.2677887976169586,0.3295133113861084
E81_r2_p25,1,MCF7::TAK901::dose=10.0,Ridge_P,0.2718636095523834,0.3264457583427429
E81_r2_p25,1,MCF7::TAK901::dose=100.0,Ridge_P,0.2688718140125274,0.326269268989563
E81_r2_p25,1,MCF7::TAK901::dose=1000.0,Ridge_P,0.2727380096912384,0.3276466131210327
E81_r2_p25,1,MCF7::TAK901::dose=10000.0,Ridge_P,0.273164689540863,0.3302079737186432
E81_r2_p25,1,A549::Flavopiridol::dose=10.0,Ridge_PQ,0.3164190649986267,0.3360060751438141
E81_r2_p25,1,A549::Flavopiridol::dose=100.0,Ridge_PQ,0.3156548738479614,0.3373519480228424
E81_r2_p25,1,A549::Flavopiridol::dose=1000.0,Ridge_PQ,0.302785724401474,0.3417457044124603
E81_r2_p25,1,A549::Flavopiridol::dose=10000.0,Ridge_PQ,0.3145335912704468,0.34357157349586487
E81_r2_p25,1,A549::TAK901::dose=10.0,Ridge_PQ,0.3000862300395965,0.33571648597717285
E81_r2_p25,1,A549::TAK901::dose=100.0,Ridge_PQ,0.3569486141204834,0.3397822082042694
E81_r2_p25,1,A549::TAK901::dose=1000.0,Ridge_PQ,0.3495595753192901,0.3414856493473053
E81_r2_p25,1,A549::TAK901::dose=10000.0,Ridge_PQ,0.342425525188446,0.34721603989601135
E81_r2_p25,1,K562::Flavopiridol::dose=10.0,Ridge_PQ,0.3618215024471283,0.3885413706302643
E81_r2_p25,1,K562::Flavopiridol::dose=100.0,Ridge_PQ,0.3735262453556061,0.39014482498168945
E81_r2_p25,1,K562::TAK901::dose=10.0,Ridge_PQ,0.3867664039134979,0.39338791370391846
E81_r2_p25,1,K562::TAK901::dose=100.0,Ridge_PQ,0.4156352579593658,0.3947099447250366
E81_r2_p25,1,K562::TAK901::dose=1000.0,Ridge_PQ,0.397283673286438,0.39687904715538025
E81_r2_p25,1,K562::TAK901::dose=10000.0,Ridge_PQ,0.3746303915977478,0.40039336681365967
E81_r2_p25,1,MCF7::Flavopiridol::dose=10.0,Ridge_PQ,0.2769852578639984,0.33014586567878723
E81_r2_p25,1,MCF7::Flavopiridol::dose=100.0,Ridge_PQ,0.2677887976169586,0.3306950032711029
E81_r2_p25,1,MCF7::TAK901::dose=10.0,Ridge_PQ,0.2718636095523834,0.32762742042541504
E81_r2_p25,1,MCF7::TAK901::dose=100.0,Ridge_PQ,0.2688718140125274,0.3274717330932617
E81_r2_p25,1,MCF7::TAK901::dose=1000.0,Ridge_PQ,0.2727380096912384,0.3288707137107849
E81_r2_p25,1,MCF7::TAK901::dose=10000.0,Ridge_PQ,0.273164689540863,0.3314802944660187
E81_r2_p25,1,A549::Flavopiridol::dose=10.0,Ridge_PQH,0.3164190649986267,0.3378434181213379
E81_r2_p25,1,A549::Flavopiridol::dose=100.0,Ridge_PQH,0.3156548738479614,0.3390885293483734
E81_r2_p25,1,A549::Flavopiridol::dose=1000.0,Ridge_PQH,0.302785724401474,0.34306785464286804
E81_r2_p25,1,A549::Flavopiridol::dose=10000.0,Ridge_PQH,0.3145335912704468,0.3447324335575104
E81_r2_p25,1,A549::TAK901::dose=10.0,Ridge_PQH,0.3000862300395965,0.3376503586769104
E81_r2_p25,1,A549::TAK901::dose=100.0,Ridge_PQH,0.3569486141204834,0.3413197696208954
E81_r2_p25,1,A549::TAK901::dose=1000.0,Ridge_PQH,0.3495595753192901,0.3428766131401062
E81_r2_p25,1,A549::TAK901::dose=10000.0,Ridge_PQH,0.342425525188446,0.3481338322162628
E81_r2_p25,1,K562::Flavopiridol::dose=10.0,Ridge_PQH,0.3618215024471283,0.3854541480541229
E81_r2_p25,1,K562::Flavopiridol::dose=100.0,Ridge_PQH,0.3735262453556061,0.38693296909332275
E81_r2_p25,1,K562::TAK901::dose=10.0,Ridge_PQH,0.3867664039134979,0.38984745740890503
E81_r2_p25,1,K562::TAK901::dose=100.0,Ridge_PQH,0.4156352579593658,0.3910443186759949
E81_r2_p25,1,K562::TAK901::dose=1000.0,Ridge_PQH,0.397283673286438,0.3930319547653198
E81_r2_p25,1,K562::TAK901::dose=10000.0,Ridge_PQH,0.3746303915977478,0.3962309956550598
E81_r2_p25,1,MCF7::Flavopiridol::dose=10.0,Ridge_PQH,0.2769852578639984,0.33281153440475464
E81_r2_p25,1,MCF7::Flavopiridol::dose=100.0,Ridge_PQH,0.2677887976169586,0.3333151042461395
E81_r2_p25,1,MCF7::TAK901::dose=10.0,Ridge_PQH,0.2718636095523834,0.33059731125831604
E81_r2_p25,1,MCF7::TAK901::dose=100.0,Ridge_PQH,0.2688718140125274,0.3304971754550934
E81_r2_p25,1,MCF7::TAK901::dose=1000.0,Ridge_PQH,0.2727380096912384,0.3317817449569702
E81_r2_p25,1,MCF7::TAK901::dose=10000.0,Ridge_PQH,0.273164689540863,0.33418044447898865
E81_r2_p25,2,A549::Quisinostat::dose=10.0,Ridge_M,0.3783377110958099,0.3283836245536804
E81_r2_p25,2,A549::Quisinostat::dose=100.0,Ridge_M,0.383838027715683,0.3296065628528595
E81_r2_p25,2,A549::Quisinostat::dose=1000.0,Ridge_M,0.4339758455753326,0.33284616470336914
E81_r2_p25,2,A549::Quisinostat::dose=10000.0,Ridge_M,0.4503092169761657,0.3413545787334442
E81_r2_p25,2,K562::Hesperadin::dose=10.0,Ridge_M,0.4305636286735534,0.3788835406303406
E81_r2_p25,2,K562::Hesperadin::dose=100.0,Ridge_M,0.4374873340129852,0.37555038928985596
E81_r2_p25,2,K562::Hesperadin::dose=1000.0,Ridge_M,0.4156977534294128,0.37935519218444824
E81_r2_p25,2,K562::Hesperadin::dose=10000.0,Ridge_M,0.3792258501052856,0.3764435648918152
E81_r2_p25,2,K562::Quisinostat::dose=10.0,Ridge_M,0.3830845057964325,0.37806132435798645
E81_r2_p25,2,K562::Quisinostat::dose=100.0,Ridge_M,0.3800296485424042,0.38173508644104004
E81_r2_p25,2,K562::Quisinostat::dose=1000.0,Ridge_M,0.3959786295890808,0.38458338379859924
E81_r2_p25,2,K562::Quisinostat::dose=10000.0,Ridge_M,0.3922813236713409,0.38364341855049133
E81_r2_p25,2,MCF7::Hesperadin::dose=100.0,Ridge_M,0.2770492434501648,0.31521502137184143
E81_r2_p25,2,MCF7::Hesperadin::dose=1000.0,Ridge_M,0.2701964676380157,0.31473618745803833
E81_r2_p25,2,MCF7::Quisinostat::dose=10.0,Ridge_M,0.3364372253417969,0.3103901147842407
E81_r2_p25,2,MCF7::Quisinostat::dose=100.0,Ridge_M,0.3577893078327179,0.30549007654190063
E81_r2_p25,2,MCF7::Quisinostat::dose=1000.0,Ridge_M,0.3832933604717254,0.3023553192615509
E81_r2_p25,2,MCF7::Quisinostat::dose=10000.0,Ridge_M,0.4003935754299164,0.2977077066898346
E81_r2_p25,2,A549::Quisinostat::dose=10.0,Ridge_P,0.3783377110958099,0.32222068309783936
E81_r2_p25,2,A549::Quisinostat::dose=100.0,Ridge_P,0.383838027715683,0.3239916265010834
E81_r2_p25,2,A549::Quisinostat::dose=1000.0,Ridge_P,0.4339758455753326,0.328679621219635
E81_r2_p25,2,A549::Quisinostat::dose=10000.0,Ridge_P,0.4503092169761657,0.3382909297943115
E81_r2_p25,2,K562::Hesperadin::dose=10.0,Ridge_P,0.4305636286735534,0.38266968727111816
E81_r2_p25,2,K562::Hesperadin::dose=100.0,Ridge_P,0.4374873340129852,0.3791992664337158
E81_r2_p25,2,K562::Hesperadin::dose=1000.0,Ridge_P,0.4156977534294128,0.3828860819339752
E81_r2_p25,2,K562::Hesperadin::dose=10000.0,Ridge_P,0.3792258501052856,0.37981849908828735
E81_r2_p25,2,K562::Quisinostat::dose=10.0,Ridge_P,0.3830845057964325,0.38291290402412415
E81_r2_p25,2,K562::Quisinostat::dose=100.0,Ridge_P,0.3800296485424042,0.38709571957588196
E81_r2_p25,2,K562::Quisinostat::dose=1000.0,Ridge_P,0.3959786295890808,0.391324907541275
E81_r2_p25,2,K562::Quisinostat::dose=10000.0,Ridge_P,0.3922813236713409,0.39074718952178955
E81_r2_p25,2,MCF7::Hesperadin::dose=100.0,Ridge_P,0.2770492434501648,0.3119390308856964
E81_r2_p25,2,MCF7::Hesperadin::dose=1000.0,Ridge_P,0.2701964676380157,0.311773419380188
E81_r2_p25,2,MCF7::Quisinostat::dose=10.0,Ridge_P,0.3364372253417969,0.30786293745040894
E81_r2_p25,2,MCF7::Quisinostat::dose=100.0,Ridge_P,0.3577893078327179,0.3040485084056854
E81_r2_p25,2,MCF7::Quisinostat::dose=1000.0,Ridge_P,0.3832933604717254,0.30232298374176025
E81_r2_p25,2,MCF7::Quisinostat::dose=10000.0,Ridge_P,0.4003935754299164,0.30008071660995483
E81_r2_p25,2,A549::Quisinostat::dose=10.0,Ridge_PQ,0.3783377110958099,0.32258692383766174
E81_r2_p25,2,A549::Quisinostat::dose=100.0,Ridge_PQ,0.383838027715683,0.3243798017501831
E81_r2_p25,2,A549::Quisinostat::dose=1000.0,Ridge_PQ,0.4339758455753326,0.3291434645652771
E81_r2_p25,2,A549::Quisinostat::dose=10000.0,Ridge_PQ,0.4503092169761657,0.3388684093952179
E81_r2_p25,2,K562::Hesperadin::dose=10.0,Ridge_PQ,0.4305636286735534,0.36094850301742554
E81_r2_p25,2,K562::Hesperadin::dose=100.0,Ridge_PQ,0.4374873340129852,0.36071765422821045
E81_r2_p25,2,K562::Hesperadin::dose=1000.0,Ridge_PQ,0.4156977534294128,0.3632606863975525
E81_r2_p25,2,K562::Hesperadin::dose=10000.0,Ridge_PQ,0.3792258501052856,0.36653783917427063
E81_r2_p25,2,K562::Quisinostat::dose=10.0,Ridge_PQ,0.3830845057964325,0.3840622305870056
E81_r2_p25,2,K562::Quisinostat::dose=100.0,Ridge_PQ,0.3800296485424042,0.3882909417152405
E81_r2_p25,2,K562::Quisinostat::dose=1000.0,Ridge_PQ,0.3959786295890808,0.3925918936729431
E81_r2_p25,2,K562::Quisinostat::dose=10000.0,Ridge_PQ,0.3922813236713409,0.3919914662837982
E81_r2_p25,2,MCF7::Hesperadin::dose=100.0,Ridge_PQ,0.2770492434501648,0.2927096486091614
E81_r2_p25,2,MCF7::Hesperadin::dose=1000.0,Ridge_PQ,0.2701964676380157,0.2913621962070465
E81_r2_p25,2,MCF7::Quisinostat::dose=10.0,Ridge_PQ,0.3364372253417969,0.30816736817359924
E81_r2_p25,2,MCF7::Quisinostat::dose=100.0,Ridge_PQ,0.3577893078327179,0.30433276295661926
E81_r2_p25,2,MCF7::Quisinostat::dose=1000.0,Ridge_PQ,0.3832933604717254,0.30260899662971497
E81_r2_p25,2,MCF7::Quisinostat::dose=10000.0,Ridge_PQ,0.4003935754299164,0.3003842234611511
E81_r2_p25,2,A549::Quisinostat::dose=10.0,Ridge_PQH,0.3783377110958099,0.3227649927139282
E81_r2_p25,2,A549::Quisinostat::dose=100.0,Ridge_PQH,0.383838027715683,0.32455047965049744
E81_r2_p25,2,A549::Quisinostat::dose=1000.0,Ridge_PQH,0.4339758455753326,0.32929930090904236
E81_r2_p25,2,A549::Quisinostat::dose=10000.0,Ridge_PQH,0.4503092169761657,0.3389638662338257
E81_r2_p25,2,K562::Hesperadin::dose=10.0,Ridge_PQH,0.4305636286735534,0.3689393997192383
E81_r2_p25,2,K562::Hesperadin::dose=100.0,Ridge_PQH,0.4374873340129852,0.36979639530181885
E81_r2_p25,2,K562::Hesperadin::dose=1000.0,Ridge_PQH,0.4156977534294128,0.38028767704963684
E81_r2_p25,2,K562::Hesperadin::dose=10000.0,Ridge_PQH,0.3792258501052856,0.37155210971832275
E81_r2_p25,2,K562::Quisinostat::dose=10.0,Ridge_PQH,0.3830845057964325,0.3839002847671509
E81_r2_p25,2,K562::Quisinostat::dose=100.0,Ridge_PQH,0.3800296485424042,0.3881062865257263
E81_r2_p25,2,K562::Quisinostat::dose=1000.0,Ridge_PQH,0.3959786295890808,0.39239829778671265
E81_r2_p25,2,K562::Quisinostat::dose=10000.0,Ridge_PQH,0.3922813236713409,0.39179399609565735
E81_r2_p25,2,MCF7::Hesperadin::dose=100.0,Ridge_PQH,0.2770492434501648,0.27906593680381775
E81_r2_p25,2,MCF7::Hesperadin::dose=1000.0,Ridge_PQH,0.2701964676380157,0.28517311811447144
E81_r2_p25,2,MCF7::Quisinostat::dose=10.0,Ridge_PQH,0.3364372253417969,0.30854353308677673
E81_r2_p25,2,MCF7::Quisinostat::dose=100.0,Ridge_PQH,0.3577893078327179,0.30475884675979614
E81_r2_p25,2,MCF7::Quisinostat::dose=1000.0,Ridge_PQH,0.3832933604717254,0.30306923389434814
E81_r2_p25,2,MCF7::Quisinostat::dose=10000.0,Ridge_PQH,0.4003935754299164,0.30089789628982544
E81_r2_p25,3,A549::Alvespimycin::dose=10000.0,Ridge_M,0.323055624961853,0.3329821825027466
E81_r2_p25,3,A549::Givinostat::dose=10.0,Ridge_M,0.3031878769397735,0.3320896625518799
E81_r2_p25,3,A549::Givinostat::dose=100.0,Ridge_M,0.3040260374546051,0.3312140703201294
E81_r2_p25,3,A549::Givinostat::dose=1000.0,Ridge_M,0.3410110175609588,0.33390623331069946
E81_r2_p25,3,A549::Givinostat::dose=10000.0,Ridge_M,0.4423173666000366,0.3351755738258362
E81_r2_p25,3,K562::Alvespimycin::dose=10.0,Ridge_M,0.3639125525951385,0.38382488489151
E81_r2_p25,3,K562::Alvespimycin::dose=100.0,Ridge_M,0.3721884191036224,0.38003140687942505
E81_r2_p25,3,K562::Alvespimycin::dose=1000.0,Ridge_M,0.3695880174636841,0.3809082508087158
E81_r2_p25,3,K562::Alvespimycin::dose=10000.0,Ridge_M,0.3786303997039795,0.37788861989974976
E81_r2_p25,3,K562::Givinostat::dose=10.0,Ridge_M,0.3791494071483612,0.3840433955192566
E81_r2_p25,3,K562::Givinostat::dose=100.0,Ridge_M,0.3863765597343445,0.3864375948905945
E81_r2_p25,3,K562::Givinostat::dose=1000.0,Ridge_M,0.3779435157775879,0.3869607448577881
E81_r2_p25,3,K562::Givinostat::dose=10000.0,Ridge_M,0.398268461227417,0.39046457409858704
E81_r2_p25,3,MCF7::Alvespimycin::dose=100.0,Ridge_M,0.2807261943817138,0.31994736194610596
E81_r2_p25,3,MCF7::Givinostat::dose=10.0,Ridge_M,0.287350982427597,0.32060620188713074
E81_r2_p25,3,MCF7::Givinostat::dose=100.0,Ridge_M,0.2856205701828003,0.3183704614639282
E81_r2_p25,3,MCF7::Givinostat::dose=1000.0,Ridge_M,0.3040101528167724,0.31403735280036926
E81_r2_p25,3,MCF7::Givinostat::dose=10000.0,Ridge_M,0.3905747532844543,0.31392258405685425
E81_r2_p25,3,A549::Alvespimycin::dose=10000.0,Ridge_P,0.323055624961853,0.32844752073287964
E81_r2_p25,3,A549::Givinostat::dose=10.0,Ridge_P,0.3031878769397735,0.32569798827171326
E81_r2_p25,3,A549::Givinostat::dose=100.0,Ridge_P,0.3040260374546051,0.32540789246559143
E81_r2_p25,3,A549::Givinostat::dose=1000.0,Ridge_P,0.3410110175609588,0.32941558957099915
E81_r2_p25,3,A549::Givinostat::dose=10000.0,Ridge_P,0.4423173666000366,0.33206918835639954
E81_r2_p25,3,K562::Alvespimycin::dose=10.0,Ridge_P,0.3639125525951385,0.3878494203090668
E81_r2_p25,3,K562::Alvespimycin::dose=100.0,Ridge_P,0.3721884191036224,0.38446033000946045
E81_r2_p25,3,K562::Alvespimycin::dose=1000.0,Ridge_P,0.3695880174636841,0.38549375534057617
E81_r2_p25,3,K562::Alvespimycin::dose=10000.0,Ridge_P,0.3786303997039795,0.3829830288887024
E81_r2_p25,3,K562::Givinostat::dose=10.0,Ridge_P,0.3791494071483612,0.38839995861053467
E81_r2_p25,3,K562::Givinostat::dose=100.0,Ridge_P,0.3863765597343445,0.39108067750930786
E81_r2_p25,3,K562::Givinostat::dose=1000.0,Ridge_P,0.3779435157775879,0.3920145630836487
E81_r2_p25,3,K562::Givinostat::dose=10000.0,Ridge_P,0.398268461227417,0.395943820476532
E81_r2_p25,3,MCF7::Alvespimycin::dose=100.0,Ridge_P,0.2807261943817138,0.31935915350914
E81_r2_p25,3,MCF7::Givinostat::dose=10.0,Ridge_P,0.287350982427597,0.3180219531059265
E81_r2_p25,3,MCF7::Givinostat::dose=100.0,Ridge_P,0.2856205701828003,0.31654632091522217
E81_r2_p25,3,MCF7::Givinostat::dose=1000.0,Ridge_P,0.3040101528167724,0.3139501214027405
E81_r2_p25,3,MCF7::Givinostat::dose=10000.0,Ridge_P,0.3905747532844543,0.3149482011795044
E81_r2_p25,3,A549::Alvespimycin::dose=10000.0,Ridge_PQ,0.323055624961853,0.3285587430000305
E81_r2_p25,3,A549::Givinostat::dose=10.0,Ridge_PQ,0.3031878769397735,0.32585039734840393
E81_r2_p25,3,A549::Givinostat::dose=100.0,Ridge_PQ,0.3040260374546051,0.32556670904159546
E81_r2_p25,3,A549::Givinostat::dose=1000.0,Ridge_PQ,0.3410110175609588,0.3295089602470398
E81_r2_p25,3,A549::Givinostat::dose=10000.0,Ridge_PQ,0.4423173666000366,0.33212143182754517
E81_r2_p25,3,K562::Alvespimycin::dose=10.0,Ridge_PQ,0.3639125525951385,0.5383685827255249
E81_r2_p25,3,K562::Alvespimycin::dose=100.0,Ridge_PQ,0.3721884191036224,0.4757522940635681
E81_r2_p25,3,K562::Alvespimycin::dose=1000.0,Ridge_PQ,0.3695880174636841,0.4332893192768097
E81_r2_p25,3,K562::Alvespimycin::dose=10000.0,Ridge_PQ,0.3786303997039795,0.3821760416030884
E81_r2_p25,3,K562::Givinostat::dose=10.0,Ridge_PQ,0.3791494071483612,0.38750383257865906
E81_r2_p25,3,K562::Givinostat::dose=100.0,Ridge_PQ,0.3863765597343445,0.3901412785053253
E81_r2_p25,3,K562::Givinostat::dose=1000.0,Ridge_PQ,0.3779435157775879,0.39106035232543945
E81_r2_p25,3,K562::Givinostat::dose=10000.0,Ridge_PQ,0.398268461227417,0.39492732286453247
E81_r2_p25,3,MCF7::Alvespimycin::dose=100.0,Ridge_PQ,0.2807261943817138,0.41175293922424316
E81_r2_p25,3,MCF7::Givinostat::dose=10.0,Ridge_PQ,0.287350982427597,0.3183135390281677
E81_r2_p25,3,MCF7::Givinostat::dose=100.0,Ridge_PQ,0.2856205701828003,0.31686535477638245
E81_r2_p25,3,MCF7::Givinostat::dose=1000.0,Ridge_PQ,0.3040101528167724,0.31431636214256287
E81_r2_p25,3,MCF7::Givinostat::dose=10000.0,Ridge_PQ,0.3905747532844543,0.3153001070022583
E81_r2_p25,3,A549::Alvespimycin::dose=10000.0,Ridge_PQH,0.323055624961853,0.3299044370651245
E81_r2_p25,3,A549::Givinostat::dose=10.0,Ridge_PQH,0.3031878769397735,0.32735055685043335
E81_r2_p25,3,A549::Givinostat::dose=100.0,Ridge_PQH,0.3040260374546051,0.3270881474018097
E81_r2_p25,3,A549::Givinostat::dose=1000.0,Ridge_PQH,0.3410110175609588,0.3308091163635254
E81_r2_p25,3,A549::Givinostat::dose=10000.0,Ridge_PQH,0.4423173666000366,0.33327722549438477
E81_r2_p25,3,K562::Alvespimycin::dose=10.0,Ridge_PQH,0.3639125525951385,0.539650559425354
E81_r2_p25,3,K562::Alvespimycin::dose=100.0,Ridge_PQH,0.3721884191036224,0.4786832928657532
E81_r2_p25,3,K562::Alvespimycin::dose=1000.0,Ridge_PQH,0.3695880174636841,0.42328590154647827
E81_r2_p25,3,K562::Alvespimycin::dose=10000.0,Ridge_PQH,0.3786303997039795,0.380400151014328
E81_r2_p25,3,K562::Givinostat::dose=10.0,Ridge_PQH,0.3791494071483612,0.3854418694972992
E81_r2_p25,3,K562::Givinostat::dose=100.0,Ridge_PQH,0.3863765597343445,0.3879343271255493
E81_r2_p25,3,K562::Givinostat::dose=1000.0,Ridge_PQH,0.3779435157775879,0.38880088925361633
E81_r2_p25,3,K562::Givinostat::dose=10000.0,Ridge_PQH,0.398268461227417,0.39244958758354187
E81_r2_p25,3,MCF7::Alvespimycin::dose=100.0,Ridge_PQH,0.2807261943817138,0.3500218391418457
E81_r2_p25,3,MCF7::Givinostat::dose=10.0,Ridge_PQH,0.287350982427597,0.3203372657299042
E81_r2_p25,3,MCF7::Givinostat::dose=100.0,Ridge_PQH,0.2856205701828003,0.3189846873283386
E81_r2_p25,3,MCF7::Givinostat::dose=1000.0,Ridge_PQH,0.3040101528167724,0.31660714745521545
E81_r2_p25,3,MCF7::Givinostat::dose=10000.0,Ridge_PQH,0.3905747532844543,0.31754055619239807
E81_r2_p25,4,A549::Dacinostat::dose=10.0,Ridge_M,0.3478422164916992,0.33612239360809326
E81_r2_p25,4,A549::Dacinostat::dose=100.0,Ridge_M,0.3662223219871521,0.3428545296192169
E81_r2_p25,4,A549::Dacinostat::dose=1000.0,Ridge_M,0.4119994640350342,0.35266461968421936
E81_r2_p25,4,A549::Dacinostat::dose=10000.0,Ridge_M,0.4353670477867126,0.36395055055618286
E81_r2_p25,4,K562::Dacinostat::dose=10.0,Ridge_M,0.3777512609958648,0.3813338279724121
E81_r2_p25,4,K562::Dacinostat::dose=100.0,Ridge_M,0.383973628282547,0.38278502225875854
E81_r2_p25,4,K562::Dacinostat::dose=1000.0,Ridge_M,0.3810493648052215,0.3821278214454651
E81_r2_p25,4,K562::Dacinostat::dose=10000.0,Ridge_M,0.3934953808784485,0.38326847553253174
E81_r2_p25,4,MCF7::Dacinostat::dose=10.0,Ridge_M,0.295993447303772,0.31396371126174927
E81_r2_p25,4,MCF7::Dacinostat::dose=100.0,Ridge_M,0.3108797669410705,0.3084263503551483
E81_r2_p25,4,MCF7::Dacinostat::dose=1000.0,Ridge_M,0.3573205173015594,0.30672723054885864
E81_r2_p25,4,MCF7::Dacinostat::dose=10000.0,Ridge_M,0.3988405466079712,0.3049604296684265
E81_r2_p25,4,A549::Dacinostat::dose=10.0,Ridge_P,0.3478422164916992,0.3309657871723175
E81_r2_p25,4,A549::Dacinostat::dose=100.0,Ridge_P,0.3662223219871521,0.33775845170021057
E81_r2_p25,4,A549::Dacinostat::dose=1000.0,Ridge_P,0.4119994640350342,0.3495260179042816
E81_r2_p25,4,A549::Dacinostat::dose=10000.0,Ridge_P,0.4353670477867126,0.3619852662086487
E81_r2_p25,4,K562::Dacinostat::dose=10.0,Ridge_P,0.3777512609958648,0.38519933819770813
E81_r2_p25,4,K562::Dacinostat::dose=100.0,Ridge_P,0.383973628282547,0.3872002959251404
E81_r2_p25,4,K562::Dacinostat::dose=1000.0,Ridge_P,0.3810493648052215,0.38697150349617004
E81_r2_p25,4,K562::Dacinostat::dose=10000.0,Ridge_P,0.3934953808784485,0.3884396553039551
E81_r2_p25,4,MCF7::Dacinostat::dose=10.0,Ridge_P,0.295993447303772,0.3123486042022705
E81_r2_p25,4,MCF7::Dacinostat::dose=100.0,Ridge_P,0.3108797669410705,0.308456152677536
E81_r2_p25,4,MCF7::Dacinostat::dose=1000.0,Ridge_P,0.3573205173015594,0.3087425231933594
E81_r2_p25,4,MCF7::Dacinostat::dose=10000.0,Ridge_P,0.3988405466079712,0.3090563416481018
E81_r2_p25,4,A549::Dacinostat::dose=10.0,Ridge_PQ,0.3478422164916992,0.33141642808914185
E81_r2_p25,4,A549::Dacinostat::dose=100.0,Ridge_PQ,0.3662223219871521,0.33817604184150696
E81_r2_p25,4,A549::Dacinostat::dose=1000.0,Ridge_PQ,0.4119994640350342,0.3499695658683777
E81_r2_p25,4,A549::Dacinostat::dose=10000.0,Ridge_PQ,0.4353670477867126,0.36240875720977783
E81_r2_p25,4,K562::Dacinostat::dose=10.0,Ridge_PQ,0.3777512609958648,0.3856976330280304
E81_r2_p25,4,K562::Dacinostat::dose=100.0,Ridge_PQ,0.383973628282547,0.38771501183509827
E81_r2_p25,4,K562::Dacinostat::dose=1000.0,Ridge_PQ,0.3810493648052215,0.38749006390571594
E81_r2_p25,4,K562::Dacinostat::dose=10000.0,Ridge_PQ,0.3934953808784485,0.38895851373672485
E81_r2_p25,4,MCF7::Dacinostat::dose=10.0,Ridge_PQ,0.295993447303772,0.3129861354827881
E81_r2_p25,4,MCF7::Dacinostat::dose=100.0,Ridge_PQ,0.3108797669410705,0.30914247035980225
E81_r2_p25,4,MCF7::Dacinostat::dose=1000.0,Ridge_PQ,0.3573205173015594,0.3094831705093384
E81_r2_p25,4,MCF7::Dacinostat::dose=10000.0,Ridge_PQ,0.3988405466079712,0.30984368920326233
E81_r2_p25,4,A549::Dacinostat::dose=10.0,Ridge_PQH,0.3478422164916992,0.33212944865226746
E81_r2_p25,4,A549::Dacinostat::dose=100.0,Ridge_PQH,0.3662223219871521,0.33842143416404724
E81_r2_p25,4,A549::Dacinostat::dose=1000.0,Ridge_PQH,0.4119994640350342,0.3494901657104492
E81_r2_p25,4,A549::Dacinostat::dose=10000.0,Ridge_PQH,0.4353670477867126,0.36110883951187134
E81_r2_p25,4,K562::Dacinostat::dose=10.0,Ridge_PQH,0.3777512609958648,0.383014976978302
E81_r2_p25,4,K562::Dacinostat::dose=100.0,Ridge_PQH,0.383973628282547,0.38493573665618896
E81_r2_p25,4,K562::Dacinostat::dose=1000.0,Ridge_PQH,0.3810493648052215,0.38473597168922424
E81_r2_p25,4,K562::Dacinostat::dose=10000.0,Ridge_PQH,0.3934953808784485,0.38612473011016846
E81_r2_p25,4,MCF7::Dacinostat::dose=10.0,Ridge_PQH,0.295993447303772,0.3152865767478943
E81_r2_p25,4,MCF7::Dacinostat::dose=100.0,Ridge_PQH,0.3108797669410705,0.3118026554584503
E81_r2_p25,4,MCF7::Dacinostat::dose=1000.0,Ridge_PQH,0.3573205173015594,0.31221458315849304
E81_r2_p25,4,MCF7::Dacinostat::dose=10000.0,Ridge_PQH,0.3988405466079712,0.31264209747314453
E81_r2_p50,0,A549::Quisinostat::dose=1000.0,Ridge_M,0.3978373408317566,0.28208979964256287
E81_r2_p50,0,A549::Quisinostat::dose=10000.0,Ridge_M,0.4348492622375488,0.2767488956451416
E81_r2_p50,0,A549::Tanespimycin::dose=10.0,Ridge_M,0.2497272193431854,0.29242438077926636
E81_r2_p50,0,A549::Tanespimycin::dose=100.0,Ridge_M,0.2321279346942901,0.2883460819721222
E81_r2_p50,0,A549::Tanespimycin::dose=1000.0,Ridge_M,0.2668385207653045,0.29174375534057617
E81_r2_p50,0,A549::Tanespimycin::dose=10000.0,Ridge_M,0.2549518644809723,0.2851521372795105
E81_r2_p50,0,K562::Quisinostat::dose=10.0,Ridge_M,0.3626479506492615,0.3570138216018677
E81_r2_p50,0,K562::Quisinostat::dose=100.0,Ridge_M,0.3605180978775024,0.3619198501110077
E81_r2_p50,0,K562::Quisinostat::dose=1000.0,Ridge_M,0.3724966645240783,0.3602602481842041
E81_r2_p50,0,K562::Quisinostat::dose=10000.0,Ridge_M,0.3807203471660614,0.3697175085544586
E81_r2_p50,0,K562::Tanespimycin::dose=10.0,Ridge_M,0.3447887897491455,0.3587276041507721
E81_r2_p50,0,K562::Tanespimycin::dose=100.0,Ridge_M,0.3346808552742004,0.3589306175708771
E81_r2_p50,0,K562::Tanespimycin::dose=1000.0,Ridge_M,0.3492452800273895,0.3615471124649048
E81_r2_p50,0,K562::Tanespimycin::dose=10000.0,Ridge_M,0.3801707923412323,0.3626558780670166
E81_r2_p50,0,MCF7::Quisinostat::dose=100.0,Ridge_M,0.3113593757152557,0.30043157935142517
E81_r2_p50,0,MCF7::Tanespimycin::dose=10.0,Ridge_M,0.2465204447507858,0.2965359091758728
E81_r2_p50,0,MCF7::Tanespimycin::dose=100.0,Ridge_M,0.2515317797660827,0.29462310671806335
E81_r2_p50,0,MCF7::Tanespimycin::dose=1000.0,Ridge_M,0.2530307471752167,0.29324406385421753
E81_r2_p50,0,MCF7::Tanespimycin::dose=10000.0,Ridge_M,0.2671148180961609,0.2956046164035797
E81_r2_p50,0,A549::Quisinostat::dose=1000.0,Ridge_P,0.3978373408317566,0.27797865867614746
E81_r2_p50,0,A549::Quisinostat::dose=10000.0,Ridge_P,0.4348492622375488,0.27624958753585815
E81_r2_p50,0,A549::Tanespimycin::dose=10.0,Ridge_P,0.2497272193431854,0.2867746651172638
E81_r2_p50,0,A549::Tanespimycin::dose=100.0,Ridge_P,0.2321279346942901,0.2834474444389343
E81_r2_p50,0,A549::Tanespimycin::dose=1000.0,Ridge_P,0.2668385207653045,0.28654855489730835
E81_r2_p50,0,A549::Tanespimycin::dose=10000.0,Ridge_P,0.2549518644809723,0.2806711196899414
E81_r2_p50,0,K562::Quisinostat::dose=10.0,Ridge_P,0.3626479506492615,0.3616574704647064
E81_r2_p50,0,K562::Quisinostat::dose=100.0,Ridge_P,0.3605180978775024,0.3683135509490967
E81_r2_p50,0,K562::Quisinostat::dose=1000.0,Ridge_P,0.3724966645240783,0.3670576810836792
E81_r2_p50,0,K562::Quisinostat::dose=10000.0,Ridge_P,0.3807203471660614,0.37820136547088623
E81_r2_p50,0,K562::Tanespimycin::dose=10.0,Ridge_P,0.3447887897491455,0.36254674196243286
E81_r2_p50,0,K562::Tanespimycin::dose=100.0,Ridge_P,0.3346808552742004,0.36346936225891113
E81_r2_p50,0,K562::Tanespimycin::dose=1000.0,Ridge_P,0.3492452800273895,0.3668231964111328
E81_r2_p50,0,K562::Tanespimycin::dose=10000.0,Ridge_P,0.3801707923412323,0.36805254220962524
E81_r2_p50,0,MCF7::Quisinostat::dose=100.0,Ridge_P,0.3113593757152557,0.29263415932655334
E81_r2_p50,0,MCF7::Tanespimycin::dose=10.0,Ridge_P,0.2465204447507858,0.28779110312461853
E81_r2_p50,0,MCF7::Tanespimycin::dose=100.0,Ridge_P,0.2515317797660827,0.28630489110946655
E81_r2_p50,0,MCF7::Tanespimycin::dose=1000.0,Ridge_P,0.2530307471752167,0.28503602743148804
E81_r2_p50,0,MCF7::Tanespimycin::dose=10000.0,Ridge_P,0.2671148180961609,0.28832998871803284
E81_r2_p50,0,A549::Quisinostat::dose=1000.0,Ridge_PQ,0.3978373408317566,0.3166189193725586
E81_r2_p50,0,A549::Quisinostat::dose=10000.0,Ridge_PQ,0.4348492622375488,0.31242477893829346
E81_r2_p50,0,A549::Tanespimycin::dose=10.0,Ridge_PQ,0.2497272193431854,0.28426483273506165
E81_r2_p50,0,A549::Tanespimycin::dose=100.0,Ridge_PQ,0.2321279346942901,0.281070351600647
E81_r2_p50,0,A549::Tanespimycin::dose=1000.0,Ridge_PQ,0.2668385207653045,0.2841004729270935
E81_r2_p50,0,A549::Tanespimycin::dose=10000.0,Ridge_PQ,0.2549518644809723,0.27854543924331665
E81_r2_p50,0,K562::Quisinostat::dose=10.0,Ridge_PQ,0.3626479506492615,0.36394715309143066
E81_r2_p50,0,K562::Quisinostat::dose=100.0,Ridge_PQ,0.3605180978775024,0.38584569096565247
E81_r2_p50,0,K562::Quisinostat::dose=1000.0,Ridge_PQ,0.3724966645240783,0.4033583104610443
E81_r2_p50,0,K562::Quisinostat::dose=10000.0,Ridge_PQ,0.3807203471660614,0.4114733934402466
E81_r2_p50,0,K562::Tanespimycin::dose=10.0,Ridge_PQ,0.3447887897491455,0.3582727015018463
E81_r2_p50,0,K562::Tanespimycin::dose=100.0,Ridge_PQ,0.3346808552742004,0.35913535952568054
E81_r2_p50,0,K562::Tanespimycin::dose=1000.0,Ridge_PQ,0.3492452800273895,0.36234521865844727
E81_r2_p50,0,K562::Tanespimycin::dose=10000.0,Ridge_PQ,0.3801707923412323,0.36353808641433716
E81_r2_p50,0,MCF7::Quisinostat::dose=100.0,Ridge_PQ,0.3113593757152557,0.3120693862438202
E81_r2_p50,0,MCF7::Tanespimycin::dose=10.0,Ridge_PQ,0.2465204447507858,0.28535544872283936
E81_r2_p50,0,MCF7::Tanespimycin::dose=100.0,Ridge_PQ,0.2515317797660827,0.2839389741420746
E81_r2_p50,0,MCF7::Tanespimycin::dose=1000.0,Ridge_PQ,0.2530307471752167,0.28274357318878174
E81_r2_p50,0,MCF7::Tanespimycin::dose=10000.0,Ridge_PQ,0.2671148180961609,0.2859506905078888
E81_r2_p50,0,A549::Quisinostat::dose=1000.0,Ridge_PQH,0.3978373408317566,0.32782378792762756
E81_r2_p50,0,A549::Quisinostat::dose=10000.0,Ridge_PQH,0.4348492622375488,0.3232825994491577
E81_r2_p50,0,A549::Tanespimycin::dose=10.0,Ridge_PQH,0.2497272193431854,0.2851676344871521
E81_r2_p50,0,A549::Tanespimycin::dose=100.0,Ridge_PQH,0.2321279346942901,0.28210338950157166
E81_r2_p50,0,A549::Tanespimycin::dose=1000.0,Ridge_PQH,0.2668385207653045,0.28500863909721375
E81_r2_p50,0,A549::Tanespimycin::dose=10000.0,Ridge_PQH,0.2549518644809723,0.2796844244003296
E81_r2_p50,0,K562::Quisinostat::dose=10.0,Ridge_PQH,0.3626479506492615,0.3795384466648102
E81_r2_p50,0,K562::Quisinostat::dose=100.0,Ridge_PQH,0.3605180978775024,0.40743833780288696
E81_r2_p50,0,K562::Quisinostat::dose=1000.0,Ridge_PQH,0.3724966645240783,0.43542876839637756
E81_r2_p50,0,K562::Quisinostat::dose=10000.0,Ridge_PQH,0.3807203471660614,0.4467034935951233
E81_r2_p50,0,K562::Tanespimycin::dose=10.0,Ridge_PQH,0.3447887897491455,0.3560444414615631
E81_r2_p50,0,K562::Tanespimycin::dose=100.0,Ridge_PQH,0.3346808552742004,0.35686707496643066
E81_r2_p50,0,K562::Tanespimycin::dose=1000.0,Ridge_PQH,0.3492452800273895,0.35993435978889465
E81_r2_p50,0,K562::Tanespimycin::dose=10000.0,Ridge_PQH,0.3801707923412323,0.361076682806015
E81_r2_p50,0,MCF7::Quisinostat::dose=100.0,Ridge_PQH,0.3113593757152557,0.31270653009414673
E81_r2_p50,0,MCF7::Tanespimycin::dose=10.0,Ridge_PQH,0.2465204447507858,0.2862299680709839
E81_r2_p50,0,MCF7::Tanespimycin::dose=100.0,Ridge_PQH,0.2515317797660827,0.2848694920539856
E81_r2_p50,0,MCF7::Tanespimycin::dose=1000.0,Ridge_PQH,0.2530307471752167,0.2837238311767578
E81_r2_p50,0,MCF7::Tanespimycin::dose=10000.0,Ridge_PQH,0.2671148180961609,0.28679078817367554
E81_r2_p50,1,A549::TAK901::dose=10.0,Ridge_M,0.2395408898591995,0.2904911935329437
E81_r2_p50,1,A549::TAK901::dose=100.0,Ridge_M,0.2915304005146026,0.29082217812538147
E81_r2_p50,1,A549::TAK901::dose=1000.0,Ridge_M,0.2645855844020843,0.28505754470825195
E81_r2_p50,1,A549::TAK901::dose=10000.0,Ridge_M,0.2581627368927002,0.28222113847732544
E81_r2_p50,1,K562::Belinostat::dose=10.0,Ridge_M,0.3522544801235199,0.35832029581069946
E81_r2_p50,1,K562::Belinostat::dose=100.0,Ridge_M,0.3613461256027221,0.3578435480594635
E81_r2_p50,1,K562::Belinostat::dose=1000.0,Ridge_M,0.3753389418125152,0.35990872979164124
E81_r2_p50,1,K562::Belinostat::dose=10000.0,Ridge_M,0.3785849809646606,0.35934996604919434
E81_r2_p50,1,K562::TAK901::dose=10.0,Ridge_M,0.3589941561222076,0.35732346773147583
E81_r2_p50,1,K562::TAK901::dose=100.0,Ridge_M,0.3811416923999786,0.35538142919540405
E81_r2_p50,1,K562::TAK901::dose=1000.0,Ridge_M,0.3753422796726227,0.3586593568325043
E81_r2_p50,1,K562::TAK901::dose=10000.0,Ridge_M,0.3541771471500397,0.3616226017475128
E81_r2_p50,1,MCF7::TAK901::dose=10.0,Ridge_M,0.2584118545055389,0.30552464723587036
E81_r2_p50,1,MCF7::TAK901::dose=100.0,Ridge_M,0.2646994590759277,0.30964547395706177
E81_r2_p50,1,MCF7::TAK901::dose=1000.0,Ridge_M,0.2706955671310425,0.31218990683555603
E81_r2_p50,1,MCF7::TAK901::dose=10000.0,Ridge_M,0.2749311327934265,0.3177650570869446
E81_r2_p50,1,A549::TAK901::dose=10.0,Ridge_P,0.2395408898591995,0.28640028834342957
E81_r2_p50,1,A549::TAK901::dose=100.0,Ridge_P,0.2915304005146026,0.28704193234443665
E81_r2_p50,1,A549::TAK901::dose=1000.0,Ridge_P,0.2645855844020843,0.2829289436340332
E81_r2_p50,1,A549::TAK901::dose=10000.0,Ridge_P,0.2581627368927002,0.2849937975406647
E81_r2_p50,1,K562::Belinostat::dose=10.0,Ridge_P,0.3522544801235199,0.3642253875732422
E81_r2_p50,1,K562::Belinostat::dose=100.0,Ridge_P,0.3613461256027221,0.3636058568954468
E81_r2_p50,1,K562::Belinostat::dose=1000.0,Ridge_P,0.3753389418125152,0.367186039686203
E81_r2_p50,1,K562::Belinostat::dose=10000.0,Ridge_P,0.3785849809646606,0.3655853867530823
E81_r2_p50,1,K562::TAK901::dose=10.0,Ridge_P,0.3589941561222076,0.36350834369659424
E81_r2_p50,1,K562::TAK901::dose=100.0,Ridge_P,0.3811416923999786,0.35936272144317627
E81_r2_p50,1,K562::TAK901::dose=1000.0,Ridge_P,0.3753422796726227,0.3652908205986023
E81_r2_p50,1,K562::TAK901::dose=10000.0,Ridge_P,0.3541771471500397,0.3695119023323059
E81_r2_p50,1,MCF7::TAK901::dose=10.0,Ridge_P,0.2584118545055389,0.29763928055763245
E81_r2_p50,1,MCF7::TAK901::dose=100.0,Ridge_P,0.2646994590759277,0.30085626244544983
E81_r2_p50,1,MCF7::TAK901::dose=1000.0,Ridge_P,0.2706955671310425,0.30381113290786743
E81_r2_p50,1,MCF7::TAK901::dose=10000.0,Ridge_P,0.2749311327934265,0.3098042607307434
E81_r2_p50,1,A549::TAK901::dose=10.0,Ridge_PQ,0.2395408898591995,0.2799719572067261
E81_r2_p50,1,A549::TAK901::dose=100.0,Ridge_PQ,0.2915304005146026,0.28053903579711914
E81_r2_p50,1,A549::TAK901::dose=1000.0,Ridge_PQ,0.2645855844020843,0.2768353521823883
E81_r2_p50,1,A549::TAK901::dose=10000.0,Ridge_PQ,0.2581627368927002,0.27857956290245056
E81_r2_p50,1,K562::Belinostat::dose=10.0,Ridge_PQ,0.3522544801235199,0.3582170605659485
E81_r2_p50,1,K562::Belinostat::dose=100.0,Ridge_PQ,0.3613461256027221,0.3595910668373108
E81_r2_p50,1,K562::Belinostat::dose=1000.0,Ridge_PQ,0.3753389418125152,0.37094295024871826
E81_r2_p50,1,K562::Belinostat::dose=10000.0,Ridge_PQ,0.3785849809646606,0.35568439960479736
E81_r2_p50,1,K562::TAK901::dose=10.0,Ridge_PQ,0.3589941561222076,0.3517192304134369
E81_r2_p50,1,K562::TAK901::dose=100.0,Ridge_PQ,0.3811416923999786,0.34818553924560547
E81_r2_p50,1,K562::TAK901::dose=1000.0,Ridge_PQ,0.3753422796726227,0.353323370218277
E81_r2_p50,1,K562::TAK901::dose=10000.0,Ridge_PQ,0.3541771471500397,0.35706526041030884
E81_r2_p50,1,MCF7::TAK901::dose=10.0,Ridge_PQ,0.2584118545055389,0.290579617023468
E81_r2_p50,1,MCF7::TAK901::dose=100.0,Ridge_PQ,0.2646994590759277,0.2936196029186249
E81_r2_p50,1,MCF7::TAK901::dose=1000.0,Ridge_PQ,0.2706955671310425,0.296306848526001
E81_r2_p50,1,MCF7::TAK901::dose=10000.0,Ridge_PQ,0.2749311327934265,0.30180537700653076
E81_r2_p50,1,A549::TAK901::dose=10.0,Ridge_PQH,0.2395408898591995,0.2773316204547882
E81_r2_p50,1,A549::TAK901::dose=100.0,Ridge_PQH,0.2915304005146026,0.27793410420417786
E81_r2_p50,1,A549::TAK901::dose=1000.0,Ridge_PQH,0.2645855844020843,0.2739447355270386
E81_r2_p50,1,A549::TAK901::dose=10000.0,Ridge_PQH,0.2581627368927002,0.27573922276496887
E81_r2_p50,1,K562::Belinostat::dose=10.0,Ridge_PQH,0.3522544801235199,0.37165898084640503
E81_r2_p50,1,K562::Belinostat::dose=100.0,Ridge_PQH,0.3613461256027221,0.36301934719085693
E81_r2_p50,1,K562::Belinostat::dose=1000.0,Ridge_PQH,0.3753389418125152,0.37284818291664124
E81_r2_p50,1,K562::Belinostat::dose=10000.0,Ridge_PQH,0.3785849809646606,0.369841605424881
E81_r2_p50,1,K562::TAK901::dose=10.0,Ridge_PQH,0.3589941561222076,0.35374775528907776
E81_r2_p50,1,K562::TAK901::dose=100.0,Ridge_PQH,0.3811416923999786,0.3499901294708252
E81_r2_p50,1,K562::TAK901::dose=1000.0,Ridge_PQH,0.3753422796726227,0.3554549217224121
E81_r2_p50,1,K562::TAK901::dose=10000.0,Ridge_PQH,0.3541771471500397,0.3594381809234619
E81_r2_p50,1,MCF7::TAK901::dose=10.0,Ridge_PQH,0.2584118545055389,0.28869932889938354
E81_r2_p50,1,MCF7::TAK901::dose=100.0,Ridge_PQH,0.2646994590759277,0.29195547103881836
E81_r2_p50,1,MCF7::TAK901::dose=1000.0,Ridge_PQH,0.2706955671310425,0.2948218286037445
E81_r2_p50,1,MCF7::TAK901::dose=10000.0,Ridge_PQH,0.2749311327934265,0.30069082975387573
E81_r2_p50,2,A549::Givinostat::dose=10.0,Ridge_M,0.2560206353664398,0.2890706956386566
E81_r2_p50,2,A549::Givinostat::dose=100.0,Ridge_M,0.2513875365257263,0.2841775715351105
E81_r2_p50,2,A549::Givinostat::dose=1000.0,Ridge_M,0.2703083157539367,0.28295689821243286
E81_r2_p50,2,A549::Givinostat::dose=10000.0,Ridge_M,0.3980503380298614,0.279719740152359
E81_r2_p50,2,K562::Alvespimycin::dose=10.0,Ridge_M,0.3495852351188659,0.36044642329216003
E81_r2_p50,2,K562::Alvespimycin::dose=100.0,Ridge_M,0.3619527518749237,0.35657384991645813
E81_r2_p50,2,K562::Alvespimycin::dose=1000.0,Ridge_M,0.3635445535182953,0.35746535658836365
E81_r2_p50,2,K562::Alvespimycin::dose=10000.0,Ridge_M,0.3758507370948791,0.36319756507873535
E81_r2_p50,2,K562::Givinostat::dose=10.0,Ridge_M,0.3597842752933502,0.3571820855140686
E81_r2_p50,2,K562::Givinostat::dose=100.0,Ridge_M,0.3625307977199554,0.35786694288253784
E81_r2_p50,2,K562::Givinostat::dose=1000.0,Ridge_M,0.3573783040046692,0.36004361510276794
E81_r2_p50,2,K562::Givinostat::dose=10000.0,Ridge_M,0.3792205452919006,0.3663279414176941
E81_r2_p50,2,MCF7::Givinostat::dose=10.0,Ridge_M,0.264388769865036,0.296575665473938
E81_r2_p50,2,MCF7::Givinostat::dose=100.0,Ridge_M,0.259182721376419,0.2933984100818634
E81_r2_p50,2,MCF7::Givinostat::dose=1000.0,Ridge_M,0.2745860517024994,0.2947846055030823
E81_r2_p50,2,MCF7::Givinostat::dose=10000.0,Ridge_M,0.3448775112628937,0.2955358922481537
E81_r2_p50,2,A549::Givinostat::dose=10.0,Ridge_P,0.2560206353664398,0.28571900725364685
E81_r2_p50,2,A549::Givinostat::dose=100.0,Ridge_P,0.2513875365257263,0.28086233139038086
E81_r2_p50,2,A549::Givinostat::dose=1000.0,Ridge_P,0.2703083157539367,0.28068986535072327
E81_r2_p50,2,A549::Givinostat::dose=10000.0,Ridge_P,0.3980503380298614,0.2804831862449646
E81_r2_p50,2,K562::Alvespimycin::dose=10.0,Ridge_P,0.3495852351188659,0.3659713864326477
E81_r2_p50,2,K562::Alvespimycin::dose=100.0,Ridge_P,0.3619527518749237,0.36059707403182983
E81_r2_p50,2,K562::Alvespimycin::dose=1000.0,Ridge_P,0.3635445535182953,0.36106550693511963
E81_r2_p50,2,K562::Alvespimycin::dose=10000.0,Ridge_P,0.3758507370948791,0.36786022782325745
E81_r2_p50,2,K562::Givinostat::dose=10.0,Ridge_P,0.3597842752933502,0.36290979385375977
E81_r2_p50,2,K562::Givinostat::dose=100.0,Ridge_P,0.3625307977199554,0.3641279637813568
E81_r2_p50,2,K562::Givinostat::dose=1000.0,Ridge_P,0.3573783040046692,0.36695802211761475
E81_r2_p50,2,K562::Givinostat::dose=10000.0,Ridge_P,0.3792205452919006,0.3739977478981018
E81_r2_p50,2,MCF7::Givinostat::dose=10.0,Ridge_P,0.264388769865036,0.2902235686779022
E81_r2_p50,2,MCF7::Givinostat::dose=100.0,Ridge_P,0.259182721376419,0.2892751693725586
E81_r2_p50,2,MCF7::Givinostat::dose=1000.0,Ridge_P,0.2745860517024994,0.2910974323749542
E81_r2_p50,2,MCF7::Givinostat::dose=10000.0,Ridge_P,0.3448775112628937,0.2942653000354767
E81_r2_p50,2,A549::Givinostat::dose=10.0,Ridge_PQ,0.2560206353664398,0.2781890630722046
E81_r2_p50,2,A549::Givinostat::dose=100.0,Ridge_PQ,0.2513875365257263,0.27390632033348083
E81_r2_p50,2,A549::Givinostat::dose=1000.0,Ridge_PQ,0.2703083157539367,0.27374619245529175
E81_r2_p50,2,A549::Givinostat::dose=10000.0,Ridge_PQ,0.3980503380298614,0.2734103798866272
E81_r2_p50,2,K562::Alvespimycin::dose=10.0,Ridge_PQ,0.3495852351188659,0.3735966980457306
E81_r2_p50,2,K562::Alvespimycin::dose=100.0,Ridge_PQ,0.3619527518749237,0.37295565009117126
E81_r2_p50,2,K562::Alvespimycin::dose=1000.0,Ridge_PQ,0.3635445535182953,0.3695848882198334
E81_r2_p50,2,K562::Alvespimycin::dose=10000.0,Ridge_PQ,0.3758507370948791,0.3730197250843048
E81_r2_p50,2,K562::Givinostat::dose=10.0,Ridge_PQ,0.3597842752933502,0.3499993085861206
E81_r2_p50,2,K562::Givinostat::dose=100.0,Ridge_PQ,0.3625307977199554,0.3509818911552429
E81_r2_p50,2,K562::Givinostat::dose=1000.0,Ridge_PQ,0.3573783040046692,0.35345327854156494
E81_r2_p50,2,K562::Givinostat::dose=10000.0,Ridge_PQ,0.3792205452919006,0.35973942279815674
E81_r2_p50,2,MCF7::Givinostat::dose=10.0,Ridge_PQ,0.264388769865036,0.2827969193458557
E81_r2_p50,2,MCF7::Givinostat::dose=100.0,Ridge_PQ,0.259182721376419,0.2817767560482025
E81_r2_p50,2,MCF7::Givinostat::dose=1000.0,Ridge_PQ,0.2745860517024994,0.28352463245391846
E81_r2_p50,2,MCF7::Givinostat::dose=10000.0,Ridge_PQ,0.3448775112628937,0.2863169014453888
E81_r2_p50,2,A549::Givinostat::dose=10.0,Ridge_PQH,0.2560206353664398,0.2754416763782501
E81_r2_p50,2,A549::Givinostat::dose=100.0,Ridge_PQH,0.2513875365257263,0.27082592248916626
E81_r2_p50,2,A549::Givinostat::dose=1000.0,Ridge_PQH,0.2703083157539367,0.27063417434692383
E81_r2_p50,2,A549::Givinostat::dose=10000.0,Ridge_PQH,0.3980503380298614,0.27022579312324524
E81_r2_p50,2,K562::Alvespimycin::dose=10.0,Ridge_PQH,0.3495852351188659,0.35881584882736206
E81_r2_p50,2,K562::Alvespimycin::dose=100.0,Ridge_PQH,0.3619527518749237,0.36869996786117554
E81_r2_p50,2,K562::Alvespimycin::dose=1000.0,Ridge_PQH,0.3635445535182953,0.3750337064266205
E81_r2_p50,2,K562::Alvespimycin::dose=10000.0,Ridge_PQH,0.3758507370948791,0.3836418688297272
E81_r2_p50,2,K562::Givinostat::dose=10.0,Ridge_PQH,0.3597842752933502,0.35243546962738037
E81_r2_p50,2,K562::Givinostat::dose=100.0,Ridge_PQH,0.3625307977199554,0.3534880578517914
E81_r2_p50,2,K562::Givinostat::dose=1000.0,Ridge_PQH,0.3573783040046692,0.3561360836029053
E81_r2_p50,2,K562::Givinostat::dose=10000.0,Ridge_PQH,0.3792205452919006,0.36287590861320496
E81_r2_p50,2,MCF7::Givinostat::dose=10.0,Ridge_PQH,0.264388769865036,0.2804178297519684
E81_r2_p50,2,MCF7::Givinostat::dose=100.0,Ridge_PQH,0.259182721376419,0.27928581833839417
E81_r2_p50,2,MCF7::Givinostat::dose=1000.0,Ridge_PQH,0.2745860517024994,0.28115114569664
E81_r2_p50,2,MCF7::Givinostat::dose=10000.0,Ridge_PQH,0.3448775112628937,0.28411349654197693
E81_r2_p50,3,A549::Dacinostat::dose=10.0,Ridge_M,0.2843539714813232,0.2870508134365082
E81_r2_p50,3,A549::Dacinostat::dose=100.0,Ridge_M,0.2895027101039886,0.2800757884979248
E81_r2_p50,3,A549::Dacinostat::dose=1000.0,Ridge_M,0.3603368699550628,0.27679669857025146
E81_r2_p50,3,A549::Dacinostat::dose=10000.0,Ridge_M,0.4064147770404815,0.2726949155330658
E81_r2_p50,3,K562::Dacinostat::dose=10.0,Ridge_M,0.3592984974384308,0.3607662320137024
E81_r2_p50,3,K562::Dacinostat::dose=100.0,Ridge_M,0.3623179197311401,0.35519665479660034
E81_r2_p50,3,K562::Dacinostat::dose=1000.0,Ridge_M,0.3670538663864136,0.3593747913837433
E81_r2_p50,3,K562::Dacinostat::dose=10000.0,Ridge_M,0.3806536793708801,0.36222875118255615
E81_r2_p50,3,MCF7::Dacinostat::dose=10.0,Ridge_M,0.2641442120075226,0.2915753126144409
E81_r2_p50,3,MCF7::Dacinostat::dose=100.0,Ridge_M,0.2744791507720947,0.29086780548095703
E81_r2_p50,3,MCF7::Dacinostat::dose=1000.0,Ridge_M,0.3110477328300476,0.2930741012096405
E81_r2_p50,3,MCF7::Dacinostat::dose=10000.0,Ridge_M,0.3514844179153442,0.2937006652355194
E81_r2_p50,3,A549::Dacinostat::dose=10.0,Ridge_P,0.2843539714813232,0.28166463971138
E81_r2_p50,3,A549::Dacinostat::dose=100.0,Ridge_P,0.2895027101039886,0.2758884131908417
E81_r2_p50,3,A549::Dacinostat::dose=1000.0,Ridge_P,0.3603368699550628,0.27270588278770447
E81_r2_p50,3,A549::Dacinostat::dose=10000.0,Ridge_P,0.4064147770404815,0.27298781275749207
E81_r2_p50,3,K562::Dacinostat::dose=10.0,Ridge_P,0.3592984974384308,0.36902761459350586
E81_r2_p50,3,K562::Dacinostat::dose=100.0,Ridge_P,0.3623179197311401,0.35980430245399475
E81_r2_p50,3,K562::Dacinostat::dose=1000.0,Ridge_P,0.3670538663864136,0.3653005361557007
E81_r2_p50,3,K562::Dacinostat::dose=10000.0,Ridge_P,0.3806536793708801,0.36967891454696655
E81_r2_p50,3,MCF7::Dacinostat::dose=10.0,Ridge_P,0.2641442120075226,0.28382033109664917
E81_r2_p50,3,MCF7::Dacinostat::dose=100.0,Ridge_P,0.2744791507720947,0.28534337878227234
E81_r2_p50,3,MCF7::Dacinostat::dose=1000.0,Ridge_P,0.3110477328300476,0.28786665201187134
E81_r2_p50,3,MCF7::Dacinostat::dose=10000.0,Ridge_P,0.3514844179153442,0.2882785201072693
E81_r2_p50,3,A549::Dacinostat::dose=10.0,Ridge_PQ,0.2843539714813232,0.2733101546764374
E81_r2_p50,3,A549::Dacinostat::dose=100.0,Ridge_PQ,0.2895027101039886,0.26799917221069336
E81_r2_p50,3,A549::Dacinostat::dose=1000.0,Ridge_PQ,0.3603368699550628,0.2652934193611145
E81_r2_p50,3,A549::Dacinostat::dose=10000.0,Ridge_PQ,0.4064147770404815,0.26526275277137756
E81_r2_p50,3,K562::Dacinostat::dose=10.0,Ridge_PQ,0.3592984974384308,0.3536384701728821
E81_r2_p50,3,K562::Dacinostat::dose=100.0,Ridge_PQ,0.3623179197311401,0.3458715081214905
E81_r2_p50,3,K562::Dacinostat::dose=1000.0,Ridge_PQ,0.3670538663864136,0.3505769968032837
E81_r2_p50,3,K562::Dacinostat::dose=10000.0,Ridge_PQ,0.3806536793708801,0.3543175160884857
E81_r2_p50,3,MCF7::Dacinostat::dose=10.0,Ridge_PQ,0.2641442120075226,0.27573952078819275
E81_r2_p50,3,MCF7::Dacinostat::dose=100.0,Ridge_PQ,0.2744791507720947,0.2769542336463928
E81_r2_p50,3,MCF7::Dacinostat::dose=1000.0,Ridge_PQ,0.3110477328300476,0.2793380618095398
E81_r2_p50,3,MCF7::Dacinostat::dose=10000.0,Ridge_PQ,0.3514844179153442,0.27994588017463684
E81_r2_p50,3,A549::Dacinostat::dose=10.0,Ridge_PQH,0.2843539714813232,0.27061891555786133
E81_r2_p50,3,A549::Dacinostat::dose=100.0,Ridge_PQH,0.2895027101039886,0.2648867070674896
E81_r2_p50,3,A549::Dacinostat::dose=1000.0,Ridge_PQH,0.3603368699550628,0.26195240020751953
E81_r2_p50,3,A549::Dacinostat::dose=10000.0,Ridge_PQH,0.4064147770404815,0.26188933849334717
E81_r2_p50,3,K562::Dacinostat::dose=10.0,Ridge_PQH,0.3592984974384308,0.3569127023220062
E81_r2_p50,3,K562::Dacinostat::dose=100.0,Ridge_PQH,0.3623179197311401,0.348539263010025
E81_r2_p50,3,K562::Dacinostat::dose=1000.0,Ridge_PQH,0.3670538663864136,0.353614866733551
E81_r2_p50,3,K562::Dacinostat::dose=10000.0,Ridge_PQH,0.3806536793708801,0.3576454520225525
E81_r2_p50,3,MCF7::Dacinostat::dose=10.0,Ridge_PQH,0.2641442120075226,0.273221880197525
E81_r2_p50,3,MCF7::Dacinostat::dose=100.0,Ridge_PQH,0.2744791507720947,0.2745175361633301
E81_r2_p50,3,MCF7::Dacinostat::dose=1000.0,Ridge_PQH,0.3110477328300476,0.27707332372665405
E81_r2_p50,3,MCF7::Dacinostat::dose=10000.0,Ridge_PQH,0.3514844179153442,0.27770930528640747
E81_r2_p50,4,A549::Flavopiridol::dose=10.0,Ridge_M,0.2580265402793884,0.2919505834579468
E81_r2_p50,4,A549::Flavopiridol::dose=100.0,Ridge_M,0.2637656927108764,0.2891486883163452
E81_r2_p50,4,A549::Flavopiridol::dose=1000.0,Ridge_M,0.2359121888875961,0.2860965132713318
E81_r2_p50,4,A549::Flavopiridol::dose=10000.0,Ridge_M,0.2299039363861084,0.2848353385925293
E81_r2_p50,4,A549::Hesperadin::dose=10.0,Ridge_M,0.3421915471553802,0.3026244342327118
E81_r2_p50,4,A549::Hesperadin::dose=1000.0,Ridge_M,0.3026317954063415,0.29892462491989136
E81_r2_p50,4,K562::Flavopiridol::dose=10.0,Ridge_M,0.3448976874351501,0.35256481170654297
E81_r2_p50,4,K562::Flavopiridol::dose=100.0,Ridge_M,0.3632880449295044,0.35709354281425476
E81_r2_p50,4,K562::Hesperadin::dose=10.0,Ridge_M,0.4158402681350708,0.35740697383880615
E81_r2_p50,4,K562::Hesperadin::dose=100.0,Ridge_M,0.4282146990299225,0.35652050375938416
E81_r2_p50,4,K562::Hesperadin::dose=1000.0,Ridge_M,0.3920411467552185,0.35353121161460876
E81_r2_p50,4,K562::Hesperadin::dose=10000.0,Ridge_M,0.374799370765686,0.3574230372905731
E81_r2_p50,4,MCF7::Flavopiridol::dose=10.0,Ridge_M,0.2550740540027618,0.3039262592792511
E81_r2_p50,4,MCF7::Flavopiridol::dose=100.0,Ridge_M,0.2486006766557693,0.30501899123191833
E81_r2_p50,4,MCF7::Hesperadin::dose=100.0,Ridge_M,0.2536623477935791,0.30333131551742554
E81_r2_p50,4,A549::Flavopiridol::dose=10.0,Ridge_P,0.2580265402793884,0.2876838445663452
E81_r2_p50,4,A549::Flavopiridol::dose=100.0,Ridge_P,0.2637656927108764,0.28602486848831177
E81_r2_p50,4,A549::Flavopiridol::dose=1000.0,Ridge_P,0.2359121888875961,0.2869243919849396
E81_r2_p50,4,A549::Flavopiridol::dose=10000.0,Ridge_P,0.2299039363861084,0.29052844643592834
E81_r2_p50,4,A549::Hesperadin::dose=10.0,Ridge_P,0.3421915471553802,0.2976371943950653
E81_r2_p50,4,A549::Hesperadin::dose=1000.0,Ridge_P,0.3026317954063415,0.2938443422317505
E81_r2_p50,4,K562::Flavopiridol::dose=10.0,Ridge_P,0.3448976874351501,0.3571073114871979
E81_r2_p50,4,K562::Flavopiridol::dose=100.0,Ridge_P,0.3632880449295044,0.36320269107818604
E81_r2_p50,4,K562::Hesperadin::dose=10.0,Ridge_P,0.4158402681350708,0.3651675581932068
E81_r2_p50,4,K562::Hesperadin::dose=100.0,Ridge_P,0.4282146990299225,0.3621267080307007
E81_r2_p50,4,K562::Hesperadin::dose=1000.0,Ridge_P,0.3920411467552185,0.3581070899963379
E81_r2_p50,4,K562::Hesperadin::dose=10000.0,Ridge_P,0.374799370765686,0.36380964517593384
E81_r2_p50,4,MCF7::Flavopiridol::dose=10.0,Ridge_P,0.2550740540027618,0.2960011661052704
E81_r2_p50,4,MCF7::Flavopiridol::dose=100.0,Ridge_P,0.2486006766557693,0.2973584830760956
E81_r2_p50,4,MCF7::Hesperadin::dose=100.0,Ridge_P,0.2536623477935791,0.2956233620643616
E81_r2_p50,4,A549::Flavopiridol::dose=10.0,Ridge_PQ,0.2580265402793884,0.28294193744659424
E81_r2_p50,4,A549::Flavopiridol::dose=100.0,Ridge_PQ,0.2637656927108764,0.281372606754303
E81_r2_p50,4,A549::Flavopiridol::dose=1000.0,Ridge_PQ,0.2359121888875961,0.28202641010284424
E81_r2_p50,4,A549::Flavopiridol::dose=10000.0,Ridge_PQ,0.2299039363861084,0.28506770730018616
E81_r2_p50,4,A549::Hesperadin::dose=10.0,Ridge_PQ,0.3421915471553802,0.36150604486465454
E81_r2_p50,4,A549::Hesperadin::dose=1000.0,Ridge_PQ,0.3026317954063415,0.32945340871810913
E81_r2_p50,4,K562::Flavopiridol::dose=10.0,Ridge_PQ,0.3448976874351501,0.3481966257095337
E81_r2_p50,4,K562::Flavopiridol::dose=100.0,Ridge_PQ,0.3632880449295044,0.35362446308135986
E81_r2_p50,4,K562::Hesperadin::dose=10.0,Ridge_PQ,0.4158402681350708,0.4245748817920685
E81_r2_p50,4,K562::Hesperadin::dose=100.0,Ridge_PQ,0.4282146990299225,0.36683690547943115
E81_r2_p50,4,K562::Hesperadin::dose=1000.0,Ridge_PQ,0.3920411467552185,0.3897981643676758
E81_r2_p50,4,K562::Hesperadin::dose=10000.0,Ridge_PQ,0.374799370765686,0.3466232419013977
E81_r2_p50,4,MCF7::Flavopiridol::dose=10.0,Ridge_PQ,0.2550740540027618,0.2910501956939697
E81_r2_p50,4,MCF7::Flavopiridol::dose=100.0,Ridge_PQ,0.2486006766557693,0.2922976315021515
E81_r2_p50,4,MCF7::Hesperadin::dose=100.0,Ridge_PQ,0.2536623477935791,0.3048650622367859
E81_r2_p50,4,A549::Flavopiridol::dose=10.0,Ridge_PQH,0.2580265402793884,0.2794229984283447
E81_r2_p50,4,A549::Flavopiridol::dose=100.0,Ridge_PQH,0.2637656927108764,0.2775668799877167
E81_r2_p50,4,A549::Flavopiridol::dose=1000.0,Ridge_PQH,0.2359121888875961,0.2781137228012085
E81_r2_p50,4,A549::Flavopiridol::dose=10000.0,Ridge_PQH,0.2299039363861084,0.2813841998577118
E81_r2_p50,4,A549::Hesperadin::dose=10.0,Ridge_PQH,0.3421915471553802,0.3883960247039795
E81_r2_p50,4,A549::Hesperadin::dose=1000.0,Ridge_PQH,0.3026317954063415,0.36063486337661743
E81_r2_p50,4,K562::Flavopiridol::dose=10.0,Ridge_PQH,0.3448976874351501,0.35234540700912476
E81_r2_p50,4,K562::Flavopiridol::dose=100.0,Ridge_PQH,0.3632880449295044,0.35849207639694214
E81_r2_p50,4,K562::Hesperadin::dose=10.0,Ridge_PQH,0.4158402681350708,0.41267573833465576
E81_r2_p50,4,K562::Hesperadin::dose=100.0,Ridge_PQH,0.4282146990299225,0.31608009338378906
E81_r2_p50,4,K562::Hesperadin::dose=1000.0,Ridge_PQH,0.3920411467552185,0.3811118006706238
E81_r2_p50,4,K562::Hesperadin::dose=10000.0,Ridge_PQH,0.374799370765686,0.3434221148490906
E81_r2_p50,4,MCF7::Flavopiridol::dose=10.0,Ridge_PQH,0.2550740540027618,0.2886311113834381
E81_r2_p50,4,MCF7::Flavopiridol::dose=100.0,Ridge_PQH,0.2486006766557693,0.2900352478027344
E81_r2_p50,4,MCF7::Hesperadin::dose=100.0,Ridge_PQH,0.2536623477935791,0.2876278758049011
E81_r2_p75,0,A549::Givinostat::dose=10.0,Ridge_M,0.2313520312309265,0.2701081335544586
E81_r2_p75,0,A549::Givinostat::dose=100.0,Ridge_M,0.2341573536396026,0.27121755480766296
E81_r2_p75,0,A549::Givinostat::dose=1000.0,Ridge_M,0.2544449865818023,0.26982009410858154
E81_r2_p75,0,A549::Givinostat::dose=10000.0,Ridge_M,0.3802622556686401,0.27198171615600586
E81_r2_p75,0,K562::Givinostat::dose=10.0,Ridge_M,0.3128646612167358,0.32104814052581787
E81_r2_p75,0,K562::Givinostat::dose=100.0,Ridge_M,0.3074440062046051,0.3160609304904938
E81_r2_p75,0,K562::Givinostat::dose=1000.0,Ridge_M,0.3085318803787231,0.32031095027923584
E81_r2_p75,0,K562::Givinostat::dose=10000.0,Ridge_M,0.3462894558906555,0.3164375126361847
E81_r2_p75,0,MCF7::Givinostat::dose=10.0,Ridge_M,0.1852532923221588,0.24523727595806122
E81_r2_p75,0,MCF7::Givinostat::dose=100.0,Ridge_M,0.1846941858530044,0.24374519288539886
E81_r2_p75,0,MCF7::Givinostat::dose=1000.0,Ridge_M,0.2107741236686706,0.24413228034973145
E81_r2_p75,0,MCF7::Givinostat::dose=10000.0,Ridge_M,0.3388454020023346,0.2434057891368866
E81_r2_p75,0,A549::Givinostat::dose=10.0,Ridge_P,0.2313520312309265,0.26221102476119995
E81_r2_p75,0,A549::Givinostat::dose=100.0,Ridge_P,0.2341573536396026,0.26420843601226807
E81_r2_p75,0,A549::Givinostat::dose=1000.0,Ridge_P,0.2544449865818023,0.2616039514541626
E81_r2_p75,0,A549::Givinostat::dose=10000.0,Ridge_P,0.3802622556686401,0.2644180357456207
E81_r2_p75,0,K562::Givinostat::dose=10.0,Ridge_P,0.3128646612167358,0.3253147602081299
E81_r2_p75,0,K562::Givinostat::dose=100.0,Ridge_P,0.3074440062046051,0.3207993507385254
E81_r2_p75,0,K562::Givinostat::dose=1000.0,Ridge_P,0.3085318803787231,0.32512736320495605
E81_r2_p75,0,K562::Givinostat::dose=10000.0,Ridge_P,0.3462894558906555,0.32188674807548523
E81_r2_p75,0,MCF7::Givinostat::dose=10.0,Ridge_P,0.1852532923221588,0.24147137999534607
E81_r2_p75,0,MCF7::Givinostat::dose=100.0,Ridge_P,0.1846941858530044,0.23907320201396942
E81_r2_p75,0,MCF7::Givinostat::dose=1000.0,Ridge_P,0.2107741236686706,0.23954346776008606
E81_r2_p75,0,MCF7::Givinostat::dose=10000.0,Ridge_P,0.3388454020023346,0.23950770497322083
E81_r2_p75,0,A549::Givinostat::dose=10.0,Ridge_PQ,0.2313520312309265,0.26712387800216675
E81_r2_p75,0,A549::Givinostat::dose=100.0,Ridge_PQ,0.2341573536396026,0.2691296637058258
E81_r2_p75,0,A549::Givinostat::dose=1000.0,Ridge_PQ,0.2544449865818023,0.2664463222026825
E81_r2_p75,0,A549::Givinostat::dose=10000.0,Ridge_PQ,0.3802622556686401,0.2692451477050781
E81_r2_p75,0,K562::Givinostat::dose=10.0,Ridge_PQ,0.3128646612167358,0.3276560306549072
E81_r2_p75,0,K562::Givinostat::dose=100.0,Ridge_PQ,0.3074440062046051,0.32303017377853394
E81_r2_p75,0,K562::Givinostat::dose=1000.0,Ridge_PQ,0.3085318803787231,0.32736921310424805
E81_r2_p75,0,K562::Givinostat::dose=10000.0,Ridge_PQ,0.3462894558906555,0.3240550756454468
E81_r2_p75,0,MCF7::Givinostat::dose=10.0,Ridge_PQ,0.1852532923221588,0.24573227763175964
E81_r2_p75,0,MCF7::Givinostat::dose=100.0,Ridge_PQ,0.1846941858530044,0.24334074556827545
E81_r2_p75,0,MCF7::Givinostat::dose=1000.0,Ridge_PQ,0.2107741236686706,0.24382902681827545
E81_r2_p75,0,MCF7::Givinostat::dose=10000.0,Ridge_PQ,0.3388454020023346,0.24370887875556946
E81_r2_p75,0,A549::Givinostat::dose=10.0,Ridge_PQH,0.2313520312309265,0.2683522403240204
E81_r2_p75,0,A549::Givinostat::dose=100.0,Ridge_PQH,0.2341573536396026,0.2702632248401642
E81_r2_p75,0,A549::Givinostat::dose=1000.0,Ridge_PQH,0.2544449865818023,0.26765701174736023
E81_r2_p75,0,A549::Givinostat::dose=10000.0,Ridge_PQH,0.3802622556686401,0.2702815532684326
E81_r2_p75,0,K562::Givinostat::dose=10.0,Ridge_PQH,0.3128646612167358,0.32348889112472534
E81_r2_p75,0,K562::Givinostat::dose=100.0,Ridge_PQH,0.3074440062046051,0.31906163692474365
E81_r2_p75,0,K562::Givinostat::dose=1000.0,Ridge_PQH,0.3085318803787231,0.3231576383113861
E81_r2_p75,0,K562::Givinostat::dose=10000.0,Ridge_PQH,0.3462894558906555,0.32000136375427246
E81_r2_p75,0,MCF7::Givinostat::dose=10.0,Ridge_PQH,0.1852532923221588,0.2481071949005127
E81_r2_p75,0,MCF7::Givinostat::dose=100.0,Ridge_PQH,0.1846941858530044,0.24583883583545685
E81_r2_p75,0,MCF7::Givinostat::dose=1000.0,Ridge_PQH,0.2107741236686706,0.24630890786647797
E81_r2_p75,0,MCF7::Givinostat::dose=10000.0,Ridge_PQH,0.3388454020023346,0.246162548661232
E81_r2_p75,1,A549::Dacinostat::dose=10.0,Ridge_M,0.2469871044158935,0.2539173364639282
E81_r2_p75,1,A549::Dacinostat::dose=100.0,Ridge_M,0.2693161368370056,0.2603224515914917
E81_r2_p75,1,A549::Dacinostat::dose=1000.0,Ridge_M,0.3400445878505707,0.25913429260253906
E81_r2_p75,1,A549::Dacinostat::dose=10000.0,Ridge_M,0.3778240978717804,0.26476767659187317
E81_r2_p75,1,K562::Dacinostat::dose=10.0,Ridge_M,0.3171117603778839,0.3194781243801117
E81_r2_p75,1,K562::Dacinostat::dose=100.0,Ridge_M,0.3265131711959839,0.3155173063278198
E81_r2_p75,1,K562::Dacinostat::dose=1000.0,Ridge_M,0.3353052139282226,0.31211695075035095
E81_r2_p75,1,K562::Dacinostat::dose=10000.0,Ridge_M,0.3454717695713043,0.3125382661819458
E81_r2_p75,1,MCF7::Dacinostat::dose=10.0,Ridge_M,0.2018677592277526,0.2295757532119751
E81_r2_p75,1,MCF7::Dacinostat::dose=100.0,Ridge_M,0.2217227518558502,0.22259537875652313
E81_r2_p75,1,MCF7::Dacinostat::dose=1000.0,Ridge_M,0.2858154475688934,0.22031910717487335
E81_r2_p75,1,MCF7::Dacinostat::dose=10000.0,Ridge_M,0.3277088403701782,0.2205350548028946
E81_r2_p75,1,A549::Dacinostat::dose=10.0,Ridge_P,0.2469871044158935,0.24468564987182617
E81_r2_p75,1,A549::Dacinostat::dose=100.0,Ridge_P,0.2693161368370056,0.25278377532958984
E81_r2_p75,1,A549::Dacinostat::dose=1000.0,Ridge_P,0.3400445878505707,0.2510727345943451
E81_r2_p75,1,A549::Dacinostat::dose=10000.0,Ridge_P,0.3778240978717804,0.25839507579803467
E81_r2_p75,1,K562::Dacinostat::dose=10.0,Ridge_P,0.3171117603778839,0.32364290952682495
E81_r2_p75,1,K562::Dacinostat::dose=100.0,Ridge_P,0.3265131711959839,0.31961995363235474
E81_r2_p75,1,K562::Dacinostat::dose=1000.0,Ridge_P,0.3353052139282226,0.31723451614379883
E81_r2_p75,1,K562::Dacinostat::dose=10000.0,Ridge_P,0.3454717695713043,0.3172825574874878
E81_r2_p75,1,MCF7::Dacinostat::dose=10.0,Ridge_P,0.2018677592277526,0.22351902723312378
E81_r2_p75,1,MCF7::Dacinostat::dose=100.0,Ridge_P,0.2217227518558502,0.21829178929328918
E81_r2_p75,1,MCF7::Dacinostat::dose=1000.0,Ridge_P,0.2858154475688934,0.21745312213897705
E81_r2_p75,1,MCF7::Dacinostat::dose=10000.0,Ridge_P,0.3277088403701782,0.21876615285873413
E81_r2_p75,1,A549::Dacinostat::dose=10.0,Ridge_PQ,0.2469871044158935,0.24528689682483673
E81_r2_p75,1,A549::Dacinostat::dose=100.0,Ridge_PQ,0.2693161368370056,0.2529151141643524
E81_r2_p75,1,A549::Dacinostat::dose=1000.0,Ridge_PQ,0.3400445878505707,0.25117990374565125
E81_r2_p75,1,A549::Dacinostat::dose=10000.0,Ridge_PQ,0.3778240978717804,0.25797587633132935
E81_r2_p75,1,K562::Dacinostat::dose=10.0,Ridge_PQ,0.3171117603778839,0.31769606471061707
E81_r2_p75,1,K562::Dacinostat::dose=100.0,Ridge_PQ,0.3265131711959839,0.3138505518436432
E81_r2_p75,1,K562::Dacinostat::dose=1000.0,Ridge_PQ,0.3353052139282226,0.3115673065185547
E81_r2_p75,1,K562::Dacinostat::dose=10000.0,Ridge_PQ,0.3454717695713043,0.3115866482257843
E81_r2_p75,1,MCF7::Dacinostat::dose=10.0,Ridge_PQ,0.2018677592277526,0.2249578833580017
E81_r2_p75,1,MCF7::Dacinostat::dose=100.0,Ridge_PQ,0.2217227518558502,0.21999558806419373
E81_r2_p75,1,MCF7::Dacinostat::dose=1000.0,Ridge_PQ,0.2858154475688934,0.2191666066646576
E81_r2_p75,1,MCF7::Dacinostat::dose=10000.0,Ridge_PQ,0.3277088403701782,0.22029940783977509
E81_r2_p75,1,A549::Dacinostat::dose=10.0,Ridge_PQH,0.2469871044158935,0.24610042572021484
E81_r2_p75,1,A549::Dacinostat::dose=100.0,Ridge_PQH,0.2693161368370056,0.25339317321777344
E81_r2_p75,1,A549::Dacinostat::dose=1000.0,Ridge_PQH,0.3400445878505707,0.25160500407218933
E81_r2_p75,1,A549::Dacinostat::dose=10000.0,Ridge_PQH,0.3778240978717804,0.258014053106308
E81_r2_p75,1,K562::Dacinostat::dose=10.0,Ridge_PQH,0.3171117603778839,0.31327736377716064
E81_r2_p75,1,K562::Dacinostat::dose=100.0,Ridge_PQH,0.3265131711959839,0.30953970551490784
E81_r2_p75,1,K562::Dacinostat::dose=1000.0,Ridge_PQH,0.3353052139282226,0.3073544502258301
E81_r2_p75,1,K562::Dacinostat::dose=10000.0,Ridge_PQH,0.3454717695713043,0.30733275413513184
E81_r2_p75,1,MCF7::Dacinostat::dose=10.0,Ridge_PQH,0.2018677592277526,0.22672724723815918
E81_r2_p75,1,MCF7::Dacinostat::dose=100.0,Ridge_PQH,0.2217227518558502,0.2220572829246521
E81_r2_p75,1,MCF7::Dacinostat::dose=1000.0,Ridge_PQH,0.2858154475688934,0.2212793529033661
E81_r2_p75,1,MCF7::Dacinostat::dose=10000.0,Ridge_PQH,0.3277088403701782,0.22227585315704346
E81_r2_p75,2,A549::Quisinostat::dose=100.0,Ridge_M,0.3134579062461853,0.2702816426753998
E81_r2_p75,2,A549::Tanespimycin::dose=100.0,Ridge_M,0.2032237499952316,0.2682245969772339
E81_r2_p75,2,K562::Quisinostat::dose=10.0,Ridge_M,0.3281341195106506,0.31902506947517395
E81_r2_p75,2,K562::Quisinostat::dose=100.0,Ridge_M,0.3277289271354675,0.3197353780269623
E81_r2_p75,2,K562::Quisinostat::dose=1000.0,Ridge_M,0.3358704745769501,0.3167405128479004
E81_r2_p75,2,K562::Quisinostat::dose=10000.0,Ridge_M,0.3493391275405884,0.3131572902202606
E81_r2_p75,2,K562::Tanespimycin::dose=10.0,Ridge_M,0.3001939058303833,0.32149624824523926
E81_r2_p75,2,K562::Tanespimycin::dose=100.0,Ridge_M,0.2877382338047027,0.32046136260032654
E81_r2_p75,2,K562::Tanespimycin::dose=1000.0,Ridge_M,0.3088125586509704,0.32277753949165344
E81_r2_p75,2,K562::Tanespimycin::dose=10000.0,Ridge_M,0.3407545387744903,0.32367005944252014
E81_r2_p75,2,MCF7::Tanespimycin::dose=100.0,Ridge_M,0.1915754377841949,0.2538542151451111
E81_r2_p75,2,MCF7::Tanespimycin::dose=1000.0,Ridge_M,0.1960882395505905,0.25119566917419434
E81_r2_p75,2,A549::Quisinostat::dose=100.0,Ridge_P,0.3134579062461853,0.26181745529174805
E81_r2_p75,2,A549::Tanespimycin::dose=100.0,Ridge_P,0.2032237499952316,0.2591377794742584
E81_r2_p75,2,K562::Quisinostat::dose=10.0,Ridge_P,0.3281341195106506,0.3235000967979431
E81_r2_p75,2,K562::Quisinostat::dose=100.0,Ridge_P,0.3277289271354675,0.3240034282207489
E81_r2_p75,2,K562::Quisinostat::dose=1000.0,Ridge_P,0.3358704745769501,0.3211135268211365
E81_r2_p75,2,K562::Quisinostat::dose=10000.0,Ridge_P,0.3493391275405884,0.3177730143070221
E81_r2_p75,2,K562::Tanespimycin::dose=10.0,Ridge_P,0.3001939058303833,0.32580748200416565
E81_r2_p75,2,K562::Tanespimycin::dose=100.0,Ridge_P,0.2877382338047027,0.3253583014011383
E81_r2_p75,2,K562::Tanespimycin::dose=1000.0,Ridge_P,0.3088125586509704,0.327557772397995
E81_r2_p75,2,K562::Tanespimycin::dose=10000.0,Ridge_P,0.3407545387744903,0.3281210958957672
E81_r2_p75,2,MCF7::Tanespimycin::dose=100.0,Ridge_P,0.1915754377841949,0.2500876188278198
E81_r2_p75,2,MCF7::Tanespimycin::dose=1000.0,Ridge_P,0.1960882395505905,0.24806953966617584
E81_r2_p75,2,A549::Quisinostat::dose=100.0,Ridge_PQ,0.3134579062461853,0.23808546364307404
E81_r2_p75,2,A549::Tanespimycin::dose=100.0,Ridge_PQ,0.2032237499952316,0.26328781247138977
E81_r2_p75,2,K562::Quisinostat::dose=10.0,Ridge_PQ,0.3281341195106506,0.3202759623527527
E81_r2_p75,2,K562::Quisinostat::dose=100.0,Ridge_PQ,0.3277289271354675,0.30042925477027893
E81_r2_p75,2,K562::Quisinostat::dose=1000.0,Ridge_PQ,0.3358704745769501,0.32581889629364014
E81_r2_p75,2,K562::Quisinostat::dose=10000.0,Ridge_PQ,0.3493391275405884,0.3211207091808319
E81_r2_p75,2,K562::Tanespimycin::dose=10.0,Ridge_PQ,0.3001939058303833,0.3247116804122925
E81_r2_p75,2,K562::Tanespimycin::dose=100.0,Ridge_PQ,0.2877382338047027,0.33003291487693787
E81_r2_p75,2,K562::Tanespimycin::dose=1000.0,Ridge_PQ,0.3088125586509704,0.3208260238170624
E81_r2_p75,2,K562::Tanespimycin::dose=10000.0,Ridge_PQ,0.3407545387744903,0.3372321128845215
E81_r2_p75,2,MCF7::Tanespimycin::dose=100.0,Ridge_PQ,0.1915754377841949,0.25326040387153625
E81_r2_p75,2,MCF7::Tanespimycin::dose=1000.0,Ridge_PQ,0.1960882395505905,0.23957644402980804
E81_r2_p75,2,A549::Quisinostat::dose=100.0,Ridge_PQH,0.3134579062461853,0.24494652450084686
E81_r2_p75,2,A549::Tanespimycin::dose=100.0,Ridge_PQH,0.2032237499952316,0.26461413502693176
E81_r2_p75,2,K562::Quisinostat::dose=10.0,Ridge_PQH,0.3281341195106506,0.3328876197338104
E81_r2_p75,2,K562::Quisinostat::dose=100.0,Ridge_PQH,0.3277289271354675,0.3263765275478363
E81_r2_p75,2,K562::Quisinostat::dose=1000.0,Ridge_PQH,0.3358704745769501,0.33710578083992004
E81_r2_p75,2,K562::Quisinostat::dose=10000.0,Ridge_PQH,0.3493391275405884,0.33419370651245117
E81_r2_p75,2,K562::Tanespimycin::dose=10.0,Ridge_PQH,0.3001939058303833,0.3280019164085388
E81_r2_p75,2,K562::Tanespimycin::dose=100.0,Ridge_PQH,0.2877382338047027,0.32738956809043884
E81_r2_p75,2,K562::Tanespimycin::dose=1000.0,Ridge_PQH,0.3088125586509704,0.3218134343624115
E81_r2_p75,2,K562::Tanespimycin::dose=10000.0,Ridge_PQH,0.3407545387744903,0.3380866050720215
E81_r2_p75,2,MCF7::Tanespimycin::dose=100.0,Ridge_PQH,0.1915754377841949,0.2545681297779083
E81_r2_p75,2,MCF7::Tanespimycin::dose=1000.0,Ridge_PQH,0.1960882395505905,0.2314278483390808
E81_r2_p75,3,A549::Alvespimycin::dose=100.0,Ridge_M,0.2406565248966217,0.26740992069244385
E81_r2_p75,3,A549::Alvespimycin::dose=1000.0,Ridge_M,0.249107152223587,0.2670290768146515
E81_r2_p75,3,K562::Alvespimycin::dose=10.0,Ridge_M,0.2961452901363373,0.3135639429092407
E81_r2_p75,3,K562::Alvespimycin::dose=100.0,Ridge_M,0.3296713232994079,0.32299819588661194
E81_r2_p75,3,K562::Alvespimycin::dose=1000.0,Ridge_M,0.3300756514072418,0.3229653239250183
E81_r2_p75,3,K562::Alvespimycin::dose=10000.0,Ridge_M,0.339847594499588,0.32317110896110535
E81_r2_p75,3,K562::Hesperadin::dose=10.0,Ridge_M,0.3596945703029632,0.31758302450180054
E81_r2_p75,3,K562::Hesperadin::dose=100.0,Ridge_M,0.3792900145053863,0.31918802857398987
E81_r2_p75,3,K562::Hesperadin::dose=1000.0,Ridge_M,0.3463682830333709,0.316847026348114
E81_r2_p75,3,K562::Hesperadin::dose=10000.0,Ridge_M,0.3284764587879181,0.31745773553848267
E81_r2_p75,3,MCF7::Alvespimycin::dose=1000.0,Ridge_M,0.1845503747463226,0.24870674312114716
E81_r2_p75,3,A549::Alvespimycin::dose=100.0,Ridge_P,0.2406565248966217,0.26049405336380005
E81_r2_p75,3,A549::Alvespimycin::dose=1000.0,Ridge_P,0.249107152223587,0.26017484068870544
E81_r2_p75,3,K562::Alvespimycin::dose=10.0,Ridge_P,0.2961452901363373,0.317962110042572
E81_r2_p75,3,K562::Alvespimycin::dose=100.0,Ridge_P,0.3296713232994079,0.32701781392097473
E81_r2_p75,3,K562::Alvespimycin::dose=1000.0,Ridge_P,0.3300756514072418,0.3271332383155823
E81_r2_p75,3,K562::Alvespimycin::dose=10000.0,Ridge_P,0.339847594499588,0.32715773582458496
E81_r2_p75,3,K562::Hesperadin::dose=10.0,Ridge_P,0.3596945703029632,0.3219764530658722
E81_r2_p75,3,K562::Hesperadin::dose=100.0,Ridge_P,0.3792900145053863,0.32333725690841675
E81_r2_p75,3,K562::Hesperadin::dose=1000.0,Ridge_P,0.3463682830333709,0.3213874101638794
E81_r2_p75,3,K562::Hesperadin::dose=10000.0,Ridge_P,0.3284764587879181,0.322282999753952
E81_r2_p75,3,MCF7::Alvespimycin::dose=1000.0,Ridge_P,0.1845503747463226,0.24557536840438843
E81_r2_p75,3,A549::Alvespimycin::dose=100.0,Ridge_PQ,0.2406565248966217,0.247761070728302
E81_r2_p75,3,A549::Alvespimycin::dose=1000.0,Ridge_PQ,0.249107152223587,0.2636173963546753
E81_r2_p75,3,K562::Alvespimycin::dose=10.0,Ridge_PQ,0.2961452901363373,0.32303908467292786
E81_r2_p75,3,K562::Alvespimycin::dose=100.0,Ridge_PQ,0.3296713232994079,0.31398338079452515
E81_r2_p75,3,K562::Alvespimycin::dose=1000.0,Ridge_PQ,0.3300756514072418,0.33031708002090454
E81_r2_p75,3,K562::Alvespimycin::dose=10000.0,Ridge_PQ,0.339847594499588,0.3144107758998871
E81_r2_p75,3,K562::Hesperadin::dose=10.0,Ridge_PQ,0.3596945703029632,0.32797443866729736
E81_r2_p75,3,K562::Hesperadin::dose=100.0,Ridge_PQ,0.3792900145053863,0.32741305232048035
E81_r2_p75,3,K562::Hesperadin::dose=1000.0,Ridge_PQ,0.3463682830333709,0.32560378313064575
E81_r2_p75,3,K562::Hesperadin::dose=10000.0,Ridge_PQ,0.3284764587879181,0.326259970664978
E81_r2_p75,3,MCF7::Alvespimycin::dose=1000.0,Ridge_PQ,0.1845503747463226,0.24843475222587585
E81_r2_p75,3,A549::Alvespimycin::dose=100.0,Ridge_PQH,0.2406565248966217,0.23815272748470306
E81_r2_p75,3,A549::Alvespimycin::dose=1000.0,Ridge_PQH,0.249107152223587,0.26420676708221436
E81_r2_p75,3,K562::Alvespimycin::dose=10.0,Ridge_PQH,0.2961452901363373,0.3090396225452423
E81_r2_p75,3,K562::Alvespimycin::dose=100.0,Ridge_PQH,0.3296713232994079,0.3181172311306
E81_r2_p75,3,K562::Alvespimycin::dose=1000.0,Ridge_PQH,0.3300756514072418,0.32759642601013184
E81_r2_p75,3,K562::Alvespimycin::dose=10000.0,Ridge_PQH,0.339847594499588,0.3202103078365326
E81_r2_p75,3,K562::Hesperadin::dose=10.0,Ridge_PQH,0.3596945703029632,0.3218151926994324
E81_r2_p75,3,K562::Hesperadin::dose=100.0,Ridge_PQH,0.3792900145053863,0.3183231055736542
E81_r2_p75,3,K562::Hesperadin::dose=1000.0,Ridge_PQH,0.3463682830333709,0.31804028153419495
E81_r2_p75,3,K562::Hesperadin::dose=10000.0,Ridge_PQH,0.3284764587879181,0.3209021985530853
E81_r2_p75,3,MCF7::Alvespimycin::dose=1000.0,Ridge_PQH,0.1845503747463226,0.24961405992507935
E81_r2_p75,4,A549::Belinostat::dose=10.0,Ridge_M,0.2196729779243469,0.2746947705745697
E81_r2_p75,4,A549::Flavopiridol::dose=10.0,Ridge_M,0.2475032657384872,0.2767254114151001
E81_r2_p75,4,A549::Flavopiridol::dose=10000.0,Ridge_M,0.2356103062629699,0.27749308943748474
E81_r2_p75,4,A549::TAK901::dose=10.0,Ridge_M,0.2355143874883651,0.28032436966896057
E81_r2_p75,4,K562::Belinostat::dose=10.0,Ridge_M,0.3042883276939392,0.3242281675338745
E81_r2_p75,4,K562::Belinostat::dose=100.0,Ridge_M,0.3105491399765014,0.3222968876361847
E81_r2_p75,4,K562::Belinostat::dose=1000.0,Ridge_M,0.3241707682609558,0.32110390067100525
E81_r2_p75,4,K562::Belinostat::dose=10000.0,Ridge_M,0.3396233916282654,0.32535892724990845
E81_r2_p75,4,K562::Flavopiridol::dose=10.0,Ridge_M,0.2977174520492553,0.3239276111125946
E81_r2_p75,4,K562::Flavopiridol::dose=100.0,Ridge_M,0.3122228682041168,0.3237283527851105
E81_r2_p75,4,K562::TAK901::dose=10.0,Ridge_M,0.3107686936855316,0.3235958218574524
E81_r2_p75,4,K562::TAK901::dose=100.0,Ridge_M,0.33261638879776,0.32104986906051636
E81_r2_p75,4,K562::TAK901::dose=1000.0,Ridge_M,0.3236114382743835,0.3195522129535675
E81_r2_p75,4,K562::TAK901::dose=10000.0,Ridge_M,0.3069850504398346,0.3184681236743927
E81_r2_p75,4,A549::Belinostat::dose=10.0,Ridge_P,0.2196729779243469,0.2697804868221283
E81_r2_p75,4,A549::Flavopiridol::dose=10.0,Ridge_P,0.2475032657384872,0.27176758646965027
E81_r2_p75,4,A549::Flavopiridol::dose=10000.0,Ridge_P,0.2356103062629699,0.2722667455673218
E81_r2_p75,4,A549::TAK901::dose=10.0,Ridge_P,0.2355143874883651,0.27619513869285583
E81_r2_p75,4,K562::Belinostat::dose=10.0,Ridge_P,0.3042883276939392,0.32892096042633057
E81_r2_p75,4,K562::Belinostat::dose=100.0,Ridge_P,0.3105491399765014,0.32730066776275635
E81_r2_p75,4,K562::Belinostat::dose=1000.0,Ridge_P,0.3241707682609558,0.3262965977191925
E81_r2_p75,4,K562::Belinostat::dose=10000.0,Ridge_P,0.3396233916282654,0.32988759875297546
E81_r2_p75,4,K562::Flavopiridol::dose=10.0,Ridge_P,0.2977174520492553,0.3289499282836914
E81_r2_p75,4,K562::Flavopiridol::dose=100.0,Ridge_P,0.3122228682041168,0.3282778263092041
E81_r2_p75,4,K562::TAK901::dose=10.0,Ridge_P,0.3107686936855316,0.3286265432834625
E81_r2_p75,4,K562::TAK901::dose=100.0,Ridge_P,0.33261638879776,0.3254123330116272
E81_r2_p75,4,K562::TAK901::dose=1000.0,Ridge_P,0.3236114382743835,0.32378095388412476
E81_r2_p75,4,K562::TAK901::dose=10000.0,Ridge_P,0.3069850504398346,0.3238399922847748
E81_r2_p75,4,A549::Belinostat::dose=10.0,Ridge_PQ,0.2196729779243469,0.2725391387939453
E81_r2_p75,4,A549::Flavopiridol::dose=10.0,Ridge_PQ,0.2475032657384872,0.2711043655872345
E81_r2_p75,4,A549::Flavopiridol::dose=10000.0,Ridge_PQ,0.2356103062629699,0.272073358297348
E81_r2_p75,4,A549::TAK901::dose=10.0,Ridge_PQ,0.2355143874883651,0.2768591046333313
E81_r2_p75,4,K562::Belinostat::dose=10.0,Ridge_PQ,0.3042883276939392,0.32955771684646606
E81_r2_p75,4,K562::Belinostat::dose=100.0,Ridge_PQ,0.3105491399765014,0.332558274269104
E81_r2_p75,4,K562::Belinostat::dose=1000.0,Ridge_PQ,0.3241707682609558,0.3329072892665863
E81_r2_p75,4,K562::Belinostat::dose=10000.0,Ridge_PQ,0.3396233916282654,0.3344977796077728
E81_r2_p75,4,K562::Flavopiridol::dose=10.0,Ridge_PQ,0.2977174520492553,0.32620716094970703
E81_r2_p75,4,K562::Flavopiridol::dose=100.0,Ridge_PQ,0.3122228682041168,0.33445489406585693
E81_r2_p75,4,K562::TAK901::dose=10.0,Ridge_PQ,0.3107686936855316,0.32737085223197937
E81_r2_p75,4,K562::TAK901::dose=100.0,Ridge_PQ,0.33261638879776,0.32966822385787964
E81_r2_p75,4,K562::TAK901::dose=1000.0,Ridge_PQ,0.3236114382743835,0.32855647802352905
E81_r2_p75,4,K562::TAK901::dose=10000.0,Ridge_PQ,0.3069850504398346,0.33041638135910034
E81_r2_p75,4,A549::Belinostat::dose=10.0,Ridge_PQH,0.2196729779243469,0.226737841963768
E81_r2_p75,4,A549::Flavopiridol::dose=10.0,Ridge_PQH,0.2475032657384872,0.23785027861595154
E81_r2_p75,4,A549::Flavopiridol::dose=10000.0,Ridge_PQH,0.2356103062629699,0.27230724692344666
E81_r2_p75,4,A549::TAK901::dose=10.0,Ridge_PQH,0.2355143874883651,0.2422071099281311
E81_r2_p75,4,K562::Belinostat::dose=10.0,Ridge_PQH,0.3042883276939392,0.29889950156211853
E81_r2_p75,4,K562::Belinostat::dose=100.0,Ridge_PQH,0.3105491399765014,0.31339403986930847
E81_r2_p75,4,K562::Belinostat::dose=1000.0,Ridge_PQH,0.3241707682609558,0.3232243061065674
E81_r2_p75,4,K562::Belinostat::dose=10000.0,Ridge_PQH,0.3396233916282654,0.351632297039032
E81_r2_p75,4,K562::Flavopiridol::dose=10.0,Ridge_PQH,0.2977174520492553,0.3024294376373291
E81_r2_p75,4,K562::Flavopiridol::dose=100.0,Ridge_PQH,0.3122228682041168,0.325977087020874
E81_r2_p75,4,K562::TAK901::dose=10.0,Ridge_PQH,0.3107686936855316,0.3038167357444763
E81_r2_p75,4,K562::TAK901::dose=100.0,Ridge_PQH,0.33261638879776,0.3213655352592468
E81_r2_p75,4,K562::TAK901::dose=1000.0,Ridge_PQH,0.3236114382743835,0.32281506061553955
E81_r2_p75,4,K562::TAK901::dose=10000.0,Ridge_PQH,0.3069850504398346,0.32821929454803467
E81_r3_p25,0,A549::Alvespimycin::dose=10.0,Ridge_M,0.3543522953987121,0.37018680572509766
E81_r3_p25,0,A549::Alvespimycin::dose=100.0,Ridge_M,0.3850770890712738,0.3679857850074768
E81_r3_p25,0,A549::Alvespimycin::dose=1000.0,Ridge_M,0.389532208442688,0.36749643087387085
E81_r3_p25,0,A549::Alvespimycin::dose=10000.0,Ridge_M,0.3906496465206146,0.36798837780952454
E81_r3_p25,0,A549::Tanespimycin::dose=10.0,Ridge_M,0.3611661195755005,0.37174004316329956
E81_r3_p25,0,A549::Tanespimycin::dose=100.0,Ridge_M,0.3583090901374817,0.37099263072013855
E81_r3_p25,0,A549::Tanespimycin::dose=1000.0,Ridge_M,0.4004496037960052,0.3739110231399536
E81_r3_p25,0,A549::Tanespimycin::dose=10000.0,Ridge_M,0.3981602191925049,0.37881696224212646
E81_r3_p25,0,K562::Alvespimycin::dose=10.0,Ridge_M,0.2850510478019714,0.31657925248146057
E81_r3_p25,0,K562::Alvespimycin::dose=100.0,Ridge_M,0.2998985052108764,0.32048752903938293
E81_r3_p25,0,K562::Alvespimycin::dose=1000.0,Ridge_M,0.3058453798294067,0.3248550295829773
E81_r3_p25,0,K562::Alvespimycin::dose=10000.0,Ridge_M,0.3242114186286926,0.3338162302970886
E81_r3_p25,0,K562::Tanespimycin::dose=10.0,Ridge_M,0.2787134647369385,0.31490615010261536
E81_r3_p25,0,K562::Tanespimycin::dose=100.0,Ridge_M,0.2736349999904632,0.3174131512641907
E81_r3_p25,0,K562::Tanespimycin::dose=1000.0,Ridge_M,0.2927282750606537,0.3234410285949707
E81_r3_p25,0,K562::Tanespimycin::dose=10000.0,Ridge_M,0.321814477443695,0.32779285311698914
E81_r3_p25,0,MCF7::Alvespimycin::dose=10.0,Ridge_M,0.3225690722465515,0.34553930163383484
E81_r3_p25,0,MCF7::Alvespimycin::dose=100.0,Ridge_M,0.3330491483211517,0.34639284014701843
E81_r3_p25,0,MCF7::Alvespimycin::dose=1000.0,Ridge_M,0.3298550248146057,0.3470449447631836
E81_r3_p25,0,MCF7::Tanespimycin::dose=10.0,Ridge_M,0.3198128938674927,0.34569552540779114
E81_r3_p25,0,MCF7::Tanespimycin::dose=100.0,Ridge_M,0.3321964144706726,0.34418603777885437
E81_r3_p25,0,MCF7::Tanespimycin::dose=1000.0,Ridge_M,0.3361012041568756,0.3461790382862091
E81_r3_p25,0,MCF7::Tanespimycin::dose=10000.0,Ridge_M,0.3479814827442169,0.3460793197154999
E81_r3_p25,0,A549::Alvespimycin::dose=10.0,Ridge_P,0.3543522953987121,0.37101367115974426
E81_r3_p25,0,A549::Alvespimycin::dose=100.0,Ridge_P,0.3850770890712738,0.368712455034256
E81_r3_p25,0,A549::Alvespimycin::dose=1000.0,Ridge_P,0.389532208442688,0.3678877353668213
E81_r3_p25,0,A549::Alvespimycin::dose=10000.0,Ridge_P,0.3906496465206146,0.36772263050079346
E81_r3_p25,0,A549::Tanespimycin::dose=10.0,Ridge_P,0.3611661195755005,0.37262794375419617
E81_r3_p25,0,A549::Tanespimycin::dose=100.0,Ridge_P,0.3583090901374817,0.37189042568206787
E81_r3_p25,0,A549::Tanespimycin::dose=1000.0,Ridge_P,0.4004496037960052,0.37424492835998535
E81_r3_p25,0,A549::Tanespimycin::dose=10000.0,Ridge_P,0.3981602191925049,0.3782995939254761
E81_r3_p25,0,K562::Alvespimycin::dose=10.0,Ridge_P,0.2850510478019714,0.3111289441585541
E81_r3_p25,0,K562::Alvespimycin::dose=100.0,Ridge_P,0.2998985052108764,0.3146759867668152
E81_r3_p25,0,K562::Alvespimycin::dose=1000.0,Ridge_P,0.3058453798294067,0.3181106150150299
E81_r3_p25,0,K562::Alvespimycin::dose=10000.0,Ridge_P,0.3242114186286926,0.3253359794616699
E81_r3_p25,0,K562::Tanespimycin::dose=10.0,Ridge_P,0.2787134647369385,0.3099796772003174
E81_r3_p25,0,K562::Tanespimycin::dose=100.0,Ridge_P,0.2736349999904632,0.3121797442436218
E81_r3_p25,0,K562::Tanespimycin::dose=1000.0,Ridge_P,0.2927282750606537,0.3170832693576813
E81_r3_p25,0,K562::Tanespimycin::dose=10000.0,Ridge_P,0.321814477443695,0.3207460939884186
E81_r3_p25,0,MCF7::Alvespimycin::dose=10.0,Ridge_P,0.3225690722465515,0.35011303424835205
E81_r3_p25,0,MCF7::Alvespimycin::dose=100.0,Ridge_P,0.3330491483211517,0.35055431723594666
E81_r3_p25,0,MCF7::Alvespimycin::dose=1000.0,Ridge_P,0.3298550248146057,0.35020551085472107
E81_r3_p25,0,MCF7::Tanespimycin::dose=10.0,Ridge_P,0.3198128938674927,0.3507189452648163
E81_r3_p25,0,MCF7::Tanespimycin::dose=100.0,Ridge_P,0.3321964144706726,0.34910017251968384
E81_r3_p25,0,MCF7::Tanespimycin::dose=1000.0,Ridge_P,0.3361012041568756,0.35034045577049255
E81_r3_p25,0,MCF7::Tanespimycin::dose=10000.0,Ridge_P,0.3479814827442169,0.3495701849460602
E81_r3_p25,0,A549::Alvespimycin::dose=10.0,Ridge_PQ,0.3543522953987121,0.37062543630599976
E81_r3_p25,0,A549::Alvespimycin::dose=100.0,Ridge_PQ,0.3850770890712738,0.36837825179100037
E81_r3_p25,0,A549::Alvespimycin::dose=1000.0,Ridge_PQ,0.389532208442688,0.36761176586151123
E81_r3_p25,0,A549::Alvespimycin::dose=10000.0,Ridge_PQ,0.3906496465206146,0.36752820014953613
E81_r3_p25,0,A549::Tanespimycin::dose=10.0,Ridge_PQ,0.3611661195755005,0.372272253036499
E81_r3_p25,0,A549::Tanespimycin::dose=100.0,Ridge_PQ,0.3583090901374817,0.37161552906036377
E81_r3_p25,0,A549::Tanespimycin::dose=1000.0,Ridge_PQ,0.4004496037960052,0.37415051460266113
E81_r3_p25,0,A549::Tanespimycin::dose=10000.0,Ridge_PQ,0.3981602191925049,0.378451943397522
E81_r3_p25,0,K562::Alvespimycin::dose=10.0,Ridge_PQ,0.2850510478019714,0.30939164757728577
E81_r3_p25,0,K562::Alvespimycin::dose=100.0,Ridge_PQ,0.2998985052108764,0.3130536675453186
E81_r3_p25,0,K562::Alvespimycin::dose=1000.0,Ridge_PQ,0.3058453798294067,0.31663578748703003
E81_r3_p25,0,K562::Alvespimycin::dose=10000.0,Ridge_PQ,0.3242114186286926,0.32415953278541565
E81_r3_p25,0,K562::Tanespimycin::dose=10.0,Ridge_PQ,0.2787134647369385,0.30818480253219604
E81_r3_p25,0,K562::Tanespimycin::dose=100.0,Ridge_PQ,0.2736349999904632,0.31045252084732056
E81_r3_p25,0,K562::Tanespimycin::dose=1000.0,Ridge_PQ,0.2927282750606537,0.31561678647994995
E81_r3_p25,0,K562::Tanespimycin::dose=10000.0,Ridge_PQ,0.321814477443695,0.31943702697753906
E81_r3_p25,0,MCF7::Alvespimycin::dose=10.0,Ridge_PQ,0.3225690722465515,0.3476606607437134
E81_r3_p25,0,MCF7::Alvespimycin::dose=100.0,Ridge_PQ,0.3330491483211517,0.3481791317462921
E81_r3_p25,0,MCF7::Alvespimycin::dose=1000.0,Ridge_PQ,0.3298550248146057,0.34803763031959534
E81_r3_p25,0,MCF7::Tanespimycin::dose=10.0,Ridge_PQ,0.3198128938674927,0.3482419550418854
E81_r3_p25,0,MCF7::Tanespimycin::dose=100.0,Ridge_PQ,0.3321964144706726,0.34659498929977417
E81_r3_p25,0,MCF7::Tanespimycin::dose=1000.0,Ridge_PQ,0.3361012041568756,0.347983181476593
E81_r3_p25,0,MCF7::Tanespimycin::dose=10000.0,Ridge_PQ,0.3479814827442169,0.34739112854003906
E81_r3_p25,0,A549::Alvespimycin::dose=10.0,Ridge_PQH,0.3543522953987121,0.37016621232032776
E81_r3_p25,0,A549::Alvespimycin::dose=100.0,Ridge_PQH,0.3850770890712738,0.3680436611175537
E81_r3_p25,0,A549::Alvespimycin::dose=1000.0,Ridge_PQH,0.389532208442688,0.36741745471954346
E81_r3_p25,0,A549::Alvespimycin::dose=10000.0,Ridge_PQH,0.3906496465206146,0.36750781536102295
E81_r3_p25,0,A549::Tanespimycin::dose=10.0,Ridge_PQH,0.3611661195755005,0.3717883229255676
E81_r3_p25,0,A549::Tanespimycin::dose=100.0,Ridge_PQH,0.3583090901374817,0.3712303042411804
E81_r3_p25,0,A549::Tanespimycin::dose=1000.0,Ridge_PQH,0.4004496037960052,0.3739248216152191
E81_r3_p25,0,A549::Tanespimycin::dose=10000.0,Ridge_PQH,0.3981602191925049,0.37841320037841797
E81_r3_p25,0,K562::Alvespimycin::dose=10.0,Ridge_PQH,0.2850510478019714,0.30937275290489197
E81_r3_p25,0,K562::Alvespimycin::dose=100.0,Ridge_PQH,0.2998985052108764,0.31305378675460815
E81_r3_p25,0,K562::Alvespimycin::dose=1000.0,Ridge_PQH,0.3058453798294067,0.31676363945007324
E81_r3_p25,0,K562::Alvespimycin::dose=10000.0,Ridge_PQH,0.3242114186286926,0.3244371712207794
E81_r3_p25,0,K562::Tanespimycin::dose=10.0,Ridge_PQH,0.2787134647369385,0.3081270158290863
E81_r3_p25,0,K562::Tanespimycin::dose=100.0,Ridge_PQH,0.2736349999904632,0.3104229271411896
E81_r3_p25,0,K562::Tanespimycin::dose=1000.0,Ridge_PQH,0.2927282750606537,0.31572479009628296
E81_r3_p25,0,K562::Tanespimycin::dose=10000.0,Ridge_PQH,0.321814477443695,0.3196507692337036
E81_r3_p25,0,MCF7::Alvespimycin::dose=10.0,Ridge_PQH,0.3225690722465515,0.3459729552268982
E81_r3_p25,0,MCF7::Alvespimycin::dose=100.0,Ridge_PQH,0.3330491483211517,0.3465743660926819
E81_r3_p25,0,MCF7::Alvespimycin::dose=1000.0,Ridge_PQH,0.3298550248146057,0.3466784954071045
E81_r3_p25,0,MCF7::Tanespimycin::dose=10.0,Ridge_PQH,0.3198128938674927,0.3464890420436859
E81_r3_p25,0,MCF7::Tanespimycin::dose=100.0,Ridge_PQH,0.3321964144706726,0.3448711931705475
E81_r3_p25,0,MCF7::Tanespimycin::dose=1000.0,Ridge_PQH,0.3361012041568756,0.3464175760746002
E81_r3_p25,0,MCF7::Tanespimycin::dose=10000.0,Ridge_PQH,0.3479814827442169,0.34603583812713623
E81_r3_p25,1,A549::Flavopiridol::dose=10.0,Ridge_M,0.3829823732376098,0.37492799758911133
E81_r3_p25,1,A549::Flavopiridol::dose=100.0,Ridge_M,0.3516547679901123,0.37518203258514404
E81_r3_p25,1,A549::Flavopiridol::dose=1000.0,Ridge_M,0.356988787651062,0.37869805097579956
E81_r3_p25,1,A549::Flavopiridol::dose=10000.0,Ridge_M,0.3751552700996399,0.3809615969657898
E81_r3_p25,1,A549::TAK901::dose=10.0,Ridge_M,0.3610865771770477,0.3690151572227478
E81_r3_p25,1,A549::TAK901::dose=100.0,Ridge_M,0.418987900018692,0.36768725514411926
E81_r3_p25,1,A549::TAK901::dose=1000.0,Ridge_M,0.4008470773696899,0.3668568730354309
E81_r3_p25,1,A549::TAK901::dose=10000.0,Ridge_M,0.3726304471492767,0.36703720688819885
E81_r3_p25,1,K562::Flavopiridol::dose=10.0,Ridge_M,0.2796552181243896,0.3086192309856415
E81_r3_p25,1,K562::Flavopiridol::dose=100.0,Ridge_M,0.2958012223243713,0.31209173798561096
E81_r3_p25,1,K562::TAK901::dose=10.0,Ridge_M,0.2869849801063537,0.3105487823486328
E81_r3_p25,1,K562::TAK901::dose=100.0,Ridge_M,0.308978408575058,0.31482911109924316
E81_r3_p25,1,K562::TAK901::dose=1000.0,Ridge_M,0.3080354034900665,0.3186076283454895
E81_r3_p25,1,K562::TAK901::dose=10000.0,Ridge_M,0.3051734566688537,0.3289073407649994
E81_r3_p25,1,MCF7::Flavopiridol::dose=10.0,Ridge_M,0.3317621648311615,0.35237979888916016
E81_r3_p25,1,MCF7::Flavopiridol::dose=100.0,Ridge_M,0.3237547874450683,0.36075732111930847
E81_r3_p25,1,MCF7::TAK901::dose=10.0,Ridge_M,0.3322922885417938,0.34951043128967285
E81_r3_p25,1,MCF7::TAK901::dose=100.0,Ridge_M,0.3421875238418579,0.3596767783164978
E81_r3_p25,1,MCF7::TAK901::dose=1000.0,Ridge_M,0.3504586815834045,0.3652898371219635
E81_r3_p25,1,MCF7::TAK901::dose=10000.0,Ridge_M,0.3486183285713196,0.3734893202781677
E81_r3_p25,1,A549::Flavopiridol::dose=10.0,Ridge_P,0.3829823732376098,0.37402793765068054
E81_r3_p25,1,A549::Flavopiridol::dose=100.0,Ridge_P,0.3516547679901123,0.37450796365737915
E81_r3_p25,1,A549::Flavopiridol::dose=1000.0,Ridge_P,0.356988787651062,0.3782738149166107
E81_r3_p25,1,A549::Flavopiridol::dose=10000.0,Ridge_P,0.3751552700996399,0.38104522228240967
E81_r3_p25,1,A549::TAK901::dose=10.0,Ridge_P,0.3610865771770477,0.3682781457901001
E81_r3_p25,1,A549::TAK901::dose=100.0,Ridge_P,0.418987900018692,0.36654961109161377
E81_r3_p25,1,A549::TAK901::dose=1000.0,Ridge_P,0.4008470773696899,0.3666469156742096
E81_r3_p25,1,A549::TAK901::dose=10000.0,Ridge_P,0.3726304471492767,0.36747461557388306
E81_r3_p25,1,K562::Flavopiridol::dose=10.0,Ridge_P,0.2796552181243896,0.3033176362514496
E81_r3_p25,1,K562::Flavopiridol::dose=100.0,Ridge_P,0.2958012223243713,0.306927889585495
E81_r3_p25,1,K562::TAK901::dose=10.0,Ridge_P,0.2869849801063537,0.305314838886261
E81_r3_p25,1,K562::TAK901::dose=100.0,Ridge_P,0.308978408575058,0.3092322051525116
E81_r3_p25,1,K562::TAK901::dose=1000.0,Ridge_P,0.3080354034900665,0.31329190731048584
E81_r3_p25,1,K562::TAK901::dose=10000.0,Ridge_P,0.3051734566688537,0.3229634761810303
E81_r3_p25,1,MCF7::Flavopiridol::dose=10.0,Ridge_P,0.3317621648311615,0.3572579324245453
E81_r3_p25,1,MCF7::Flavopiridol::dose=100.0,Ridge_P,0.3237547874450683,0.3665725886821747
E81_r3_p25,1,MCF7::TAK901::dose=10.0,Ridge_P,0.3322922885417938,0.3535561263561249
E81_r3_p25,1,MCF7::TAK901::dose=100.0,Ridge_P,0.3421875238418579,0.3638260066509247
E81_r3_p25,1,MCF7::TAK901::dose=1000.0,Ridge_P,0.3504586815834045,0.3700133264064789
E81_r3_p25,1,MCF7::TAK901::dose=10000.0,Ridge_P,0.3486183285713196,0.37905940413475037
E81_r3_p25,1,A549::Flavopiridol::dose=10.0,Ridge_PQ,0.3829823732376098,0.3738285303115845
E81_r3_p25,1,A549::Flavopiridol::dose=100.0,Ridge_PQ,0.3516547679901123,0.37440577149391174
E81_r3_p25,1,A549::Flavopiridol::dose=1000.0,Ridge_PQ,0.356988787651062,0.37830692529678345
E81_r3_p25,1,A549::Flavopiridol::dose=10000.0,Ridge_PQ,0.3751552700996399,0.3811647295951843
E81_r3_p25,1,A549::TAK901::dose=10.0,Ridge_PQ,0.3610865771770477,0.3679373860359192
E81_r3_p25,1,A549::TAK901::dose=100.0,Ridge_PQ,0.418987900018692,0.36638668179512024
E81_r3_p25,1,A549::TAK901::dose=1000.0,Ridge_PQ,0.4008470773696899,0.36643943190574646
E81_r3_p25,1,A549::TAK901::dose=10000.0,Ridge_PQ,0.3726304471492767,0.3673376441001892
E81_r3_p25,1,K562::Flavopiridol::dose=10.0,Ridge_PQ,0.2796552181243896,0.30159568786621094
E81_r3_p25,1,K562::Flavopiridol::dose=100.0,Ridge_PQ,0.2958012223243713,0.3052634000778198
E81_r3_p25,1,K562::TAK901::dose=10.0,Ridge_PQ,0.2869849801063537,0.30367380380630493
E81_r3_p25,1,K562::TAK901::dose=100.0,Ridge_PQ,0.308978408575058,0.307737797498703
E81_r3_p25,1,K562::TAK901::dose=1000.0,Ridge_PQ,0.3080354034900665,0.31187450885772705
E81_r3_p25,1,K562::TAK901::dose=10000.0,Ridge_PQ,0.3051734566688537,0.3217950463294983
E81_r3_p25,1,MCF7::Flavopiridol::dose=10.0,Ridge_PQ,0.3317621648311615,0.3550433814525604
E81_r3_p25,1,MCF7::Flavopiridol::dose=100.0,Ridge_PQ,0.3237547874450683,0.3644464612007141
E81_r3_p25,1,MCF7::TAK901::dose=10.0,Ridge_PQ,0.3322922885417938,0.3514538109302521
E81_r3_p25,1,MCF7::TAK901::dose=100.0,Ridge_PQ,0.3421875238418579,0.362189918756485
E81_r3_p25,1,MCF7::TAK901::dose=1000.0,Ridge_PQ,0.3504586815834045,0.3685845136642456
E81_r3_p25,1,MCF7::TAK901::dose=10000.0,Ridge_PQ,0.3486183285713196,0.37787798047065735
E81_r3_p25,1,A549::Flavopiridol::dose=10.0,Ridge_PQH,0.3829823732376098,0.3734235465526581
E81_r3_p25,1,A549::Flavopiridol::dose=100.0,Ridge_PQH,0.3516547679901123,0.37411823868751526
E81_r3_p25,1,A549::Flavopiridol::dose=1000.0,Ridge_PQH,0.356988787651062,0.3781473934650421
E81_r3_p25,1,A549::Flavopiridol::dose=10000.0,Ridge_PQH,0.3751552700996399,0.3811132311820984
E81_r3_p25,1,A549::TAK901::dose=10.0,Ridge_PQH,0.3610865771770477,0.36756613850593567
E81_r3_p25,1,A549::TAK901::dose=100.0,Ridge_PQH,0.418987900018692,0.36622563004493713
E81_r3_p25,1,A549::TAK901::dose=1000.0,Ridge_PQH,0.4008470773696899,0.36641910672187805
E81_r3_p25,1,A549::TAK901::dose=10000.0,Ridge_PQH,0.3726304471492767,0.36750900745391846
E81_r3_p25,1,K562::Flavopiridol::dose=10.0,Ridge_PQH,0.2796552181243896,0.30166155099868774
E81_r3_p25,1,K562::Flavopiridol::dose=100.0,Ridge_PQH,0.2958012223243713,0.30534735321998596
E81_r3_p25,1,K562::TAK901::dose=10.0,Ridge_PQH,0.2869849801063537,0.3038003742694855
E81_r3_p25,1,K562::TAK901::dose=100.0,Ridge_PQH,0.308978408575058,0.3079148232936859
E81_r3_p25,1,K562::TAK901::dose=1000.0,Ridge_PQH,0.3080354034900665,0.312095046043396
E81_r3_p25,1,K562::TAK901::dose=10000.0,Ridge_PQH,0.3051734566688537,0.3221290707588196
E81_r3_p25,1,MCF7::Flavopiridol::dose=10.0,Ridge_PQH,0.3317621648311615,0.3534388840198517
E81_r3_p25,1,MCF7::Flavopiridol::dose=100.0,Ridge_PQH,0.3237547874450683,0.36278480291366577
E81_r3_p25,1,MCF7::TAK901::dose=10.0,Ridge_PQH,0.3322922885417938,0.35008537769317627
E81_r3_p25,1,MCF7::TAK901::dose=100.0,Ridge_PQH,0.3421875238418579,0.36119791865348816
E81_r3_p25,1,MCF7::TAK901::dose=1000.0,Ridge_PQH,0.3504586815834045,0.367819219827652
E81_r3_p25,1,MCF7::TAK901::dose=10000.0,Ridge_PQH,0.3486183285713196,0.3772985339164734
E81_r3_p25,2,A549::Dacinostat::dose=10.0,Ridge_M,0.3751371502876282,0.3758620321750641
E81_r3_p25,2,A549::Quisinostat::dose=10.0,Ridge_M,0.3317370116710663,0.3743385672569275
E81_r3_p25,2,A549::Quisinostat::dose=100.0,Ridge_M,0.3281801640987396,0.37954798340797424
E81_r3_p25,2,A549::Quisinostat::dose=1000.0,Ridge_M,0.3613340556621551,0.382144957780838
E81_r3_p25,2,A549::Quisinostat::dose=10000.0,Ridge_M,0.3751636445522308,0.3877781629562378
E81_r3_p25,2,K562::Dacinostat::dose=10.0,Ridge_M,0.2755195200443268,0.29807376861572266
E81_r3_p25,2,K562::Quisinostat::dose=10.0,Ridge_M,0.2932066321372986,0.2968195080757141
E81_r3_p25,2,K562::Quisinostat::dose=100.0,Ridge_M,0.3025162816047668,0.2949064373970032
E81_r3_p25,2,K562::Quisinostat::dose=1000.0,Ridge_M,0.308393120765686,0.29748308658599854
E81_r3_p25,2,K562::Quisinostat::dose=10000.0,Ridge_M,0.3320726752281189,0.295061856508255
E81_r3_p25,2,MCF7::Dacinostat::dose=10.0,Ridge_M,0.34949392080307,0.3390551507472992
E81_r3_p25,2,MCF7::Dacinostat::dose=100.0,Ridge_M,0.3619532883167267,0.3374730348587036
E81_r3_p25,2,MCF7::Dacinostat::dose=1000.0,Ridge_M,0.3843164443969726,0.33745524287223816
E81_r3_p25,2,MCF7::Dacinostat::dose=10000.0,Ridge_M,0.4161363840103149,0.3391915559768677
E81_r3_p25,2,MCF7::Quisinostat::dose=10.0,Ridge_M,0.3746389150619507,0.34090593457221985
E81_r3_p25,2,MCF7::Quisinostat::dose=100.0,Ridge_M,0.3891015350818634,0.3424926698207855
E81_r3_p25,2,MCF7::Quisinostat::dose=1000.0,Ridge_M,0.4055216908454895,0.34349119663238525
E81_r3_p25,2,MCF7::Quisinostat::dose=10000.0,Ridge_M,0.4197247922420501,0.3478926718235016
E81_r3_p25,2,A549::Dacinostat::dose=10.0,Ridge_P,0.3751371502876282,0.38167354464530945
E81_r3_p25,2,A549::Quisinostat::dose=10.0,Ridge_P,0.3317370116710663,0.3801809549331665
E81_r3_p25,2,A549::Quisinostat::dose=100.0,Ridge_P,0.3281801640987396,0.3867625594139099
E81_r3_p25,2,A549::Quisinostat::dose=1000.0,Ridge_P,0.3613340556621551,0.3900603652000427
E81_r3_p25,2,A549::Quisinostat::dose=10000.0,Ridge_P,0.3751636445522308,0.39609962701797485
E81_r3_p25,2,K562::Dacinostat::dose=10.0,Ridge_P,0.2755195200443268,0.29716718196868896
E81_r3_p25,2,K562::Quisinostat::dose=10.0,Ridge_P,0.2932066321372986,0.2962327003479004
E81_r3_p25,2,K562::Quisinostat::dose=100.0,Ridge_P,0.3025162816047668,0.29528161883354187
E81_r3_p25,2,K562::Quisinostat::dose=1000.0,Ridge_P,0.308393120765686,0.29738491773605347
E81_r3_p25,2,K562::Quisinostat::dose=10000.0,Ridge_P,0.3320726752281189,0.2967309355735779
E81_r3_p25,2,MCF7::Dacinostat::dose=10.0,Ridge_P,0.34949392080307,0.33256036043167114
E81_r3_p25,2,MCF7::Dacinostat::dose=100.0,Ridge_P,0.3619532883167267,0.33105868101119995
E81_r3_p25,2,MCF7::Dacinostat::dose=1000.0,Ridge_P,0.3843164443969726,0.33122652769088745
E81_r3_p25,2,MCF7::Dacinostat::dose=10000.0,Ridge_P,0.4161363840103149,0.3332119584083557
E81_r3_p25,2,MCF7::Quisinostat::dose=10.0,Ridge_P,0.3746389150619507,0.33426135778427124
E81_r3_p25,2,MCF7::Quisinostat::dose=100.0,Ridge_P,0.3891015350818634,0.3353700339794159
E81_r3_p25,2,MCF7::Quisinostat::dose=1000.0,Ridge_P,0.4055216908454895,0.3359602093696594
E81_r3_p25,2,MCF7::Quisinostat::dose=10000.0,Ridge_P,0.4197247922420501,0.34124353528022766
E81_r3_p25,2,A549::Dacinostat::dose=10.0,Ridge_PQ,0.3751371502876282,0.3813415765762329
E81_r3_p25,2,A549::Quisinostat::dose=10.0,Ridge_PQ,0.3317370116710663,0.37983202934265137
E81_r3_p25,2,A549::Quisinostat::dose=100.0,Ridge_PQ,0.3281801640987396,0.3864777684211731
E81_r3_p25,2,A549::Quisinostat::dose=1000.0,Ridge_PQ,0.3613340556621551,0.3898063898086548
E81_r3_p25,2,A549::Quisinostat::dose=10000.0,Ridge_PQ,0.3751636445522308,0.3959050178527832
E81_r3_p25,2,K562::Dacinostat::dose=10.0,Ridge_PQ,0.2755195200443268,0.2959746718406677
E81_r3_p25,2,K562::Quisinostat::dose=10.0,Ridge_PQ,0.2932066321372986,0.29502758383750916
E81_r3_p25,2,K562::Quisinostat::dose=100.0,Ridge_PQ,0.3025162816047668,0.2940616011619568
E81_r3_p25,2,K562::Quisinostat::dose=1000.0,Ridge_PQ,0.308393120765686,0.2961873710155487
E81_r3_p25,2,K562::Quisinostat::dose=10000.0,Ridge_PQ,0.3320726752281189,0.29551875591278076
E81_r3_p25,2,MCF7::Dacinostat::dose=10.0,Ridge_PQ,0.34949392080307,0.33172929286956787
E81_r3_p25,2,MCF7::Dacinostat::dose=100.0,Ridge_PQ,0.3619532883167267,0.33758223056793213
E81_r3_p25,2,MCF7::Dacinostat::dose=1000.0,Ridge_PQ,0.3843164443969726,0.34289661049842834
E81_r3_p25,2,MCF7::Dacinostat::dose=10000.0,Ridge_PQ,0.4161363840103149,0.352785587310791
E81_r3_p25,2,MCF7::Quisinostat::dose=10.0,Ridge_PQ,0.3746389150619507,0.33344846963882446
E81_r3_p25,2,MCF7::Quisinostat::dose=100.0,Ridge_PQ,0.3891015350818634,0.33456864953041077
E81_r3_p25,2,MCF7::Quisinostat::dose=1000.0,Ridge_PQ,0.4055216908454895,0.33516430854797363
E81_r3_p25,2,MCF7::Quisinostat::dose=10000.0,Ridge_PQ,0.4197247922420501,0.3405008316040039
E81_r3_p25,2,A549::Dacinostat::dose=10.0,Ridge_PQH,0.3751371502876282,0.3812476098537445
E81_r3_p25,2,A549::Quisinostat::dose=10.0,Ridge_PQH,0.3317370116710663,0.37974047660827637
E81_r3_p25,2,A549::Quisinostat::dose=100.0,Ridge_PQH,0.3281801640987396,0.3864264488220215
E81_r3_p25,2,A549::Quisinostat::dose=1000.0,Ridge_PQH,0.3613340556621551,0.3897797167301178
E81_r3_p25,2,A549::Quisinostat::dose=10000.0,Ridge_PQH,0.3751636445522308,0.3958955407142639
E81_r3_p25,2,K562::Dacinostat::dose=10.0,Ridge_PQH,0.2755195200443268,0.295979380607605
E81_r3_p25,2,K562::Quisinostat::dose=10.0,Ridge_PQH,0.2932066321372986,0.2950466275215149
E81_r3_p25,2,K562::Quisinostat::dose=100.0,Ridge_PQH,0.3025162816047668,0.2941057085990906
E81_r3_p25,2,K562::Quisinostat::dose=1000.0,Ridge_PQH,0.308393120765686,0.29623645544052124
E81_r3_p25,2,K562::Quisinostat::dose=10000.0,Ridge_PQH,0.3320726752281189,0.29561638832092285
E81_r3_p25,2,MCF7::Dacinostat::dose=10.0,Ridge_PQH,0.34949392080307,0.33122676610946655
E81_r3_p25,2,MCF7::Dacinostat::dose=100.0,Ridge_PQH,0.3619532883167267,0.333057165145874
E81_r3_p25,2,MCF7::Dacinostat::dose=1000.0,Ridge_PQH,0.3843164443969726,0.33333587646484375
E81_r3_p25,2,MCF7::Dacinostat::dose=10000.0,Ridge_PQH,0.4161363840103149,0.3364609181880951
E81_r3_p25,2,MCF7::Quisinostat::dose=10.0,Ridge_PQH,0.3746389150619507,0.33294951915740967
E81_r3_p25,2,MCF7::Quisinostat::dose=100.0,Ridge_PQH,0.3891015350818634,0.3340609073638916
E81_r3_p25,2,MCF7::Quisinostat::dose=1000.0,Ridge_PQH,0.4055216908454895,0.3346529006958008
E81_r3_p25,2,MCF7::Quisinostat::dose=10000.0,Ridge_PQH,0.4197247922420501,0.3400099277496338
E81_r3_p25,3,A549::Belinostat::dose=1000.0,Ridge_M,0.3938533961772918,0.3834158480167389
E81_r3_p25,3,A549::Hesperadin::dose=10.0,Ridge_M,0.4570821821689605,0.37523120641708374
E81_r3_p25,3,A549::Hesperadin::dose=100.0,Ridge_M,0.4161483347415924,0.3820055425167084
E81_r3_p25,3,A549::Hesperadin::dose=1000.0,Ridge_M,0.4310136139392853,0.387582004070282
E81_r3_p25,3,A549::Hesperadin::dose=10000.0,Ridge_M,0.369062602519989,0.3958340287208557
E81_r3_p25,3,K562::Belinostat::dose=10000.0,Ridge_M,0.3016875982284546,0.30084729194641113
E81_r3_p25,3,K562::Hesperadin::dose=10.0,Ridge_M,0.315716028213501,0.3019249737262726
E81_r3_p25,3,K562::Hesperadin::dose=100.0,Ridge_M,0.32780921459198,0.3025956153869629
E81_r3_p25,3,K562::Hesperadin::dose=1000.0,Ridge_M,0.3006110787391662,0.3007606863975525
E81_r3_p25,3,K562::Hesperadin::dose=10000.0,Ridge_M,0.3011746704578399,0.30506569147109985
E81_r3_p25,3,MCF7::Belinostat::dose=10.0,Ridge_M,0.321475476026535,0.34260135889053345
E81_r3_p25,3,MCF7::Belinostat::dose=100.0,Ridge_M,0.3329241573810577,0.34177592396736145
E81_r3_p25,3,MCF7::Belinostat::dose=1000.0,Ridge_M,0.3544108271598816,0.3455503284931183
E81_r3_p25,3,MCF7::Belinostat::dose=10000.0,Ridge_M,0.3938243091106415,0.3479454219341278
E81_r3_p25,3,MCF7::Hesperadin::dose=10.0,Ridge_M,0.3295136988162994,0.34261807799339294
E81_r3_p25,3,MCF7::Hesperadin::dose=100.0,Ridge_M,0.3328798413276672,0.345551997423172
E81_r3_p25,3,MCF7::Hesperadin::dose=1000.0,Ridge_M,0.3306488990783691,0.3484398126602173
E81_r3_p25,3,MCF7::Hesperadin::dose=10000.0,Ridge_M,0.3204424381256103,0.3521447777748108
E81_r3_p25,3,A549::Belinostat::dose=1000.0,Ridge_P,0.3938533961772918,0.3807789981365204
E81_r3_p25,3,A549::Hesperadin::dose=10.0,Ridge_P,0.4570821821689605,0.3738612234592438
E81_r3_p25,3,A549::Hesperadin::dose=100.0,Ridge_P,0.4161483347415924,0.37990039587020874
E81_r3_p25,3,A549::Hesperadin::dose=1000.0,Ridge_P,0.4310136139392853,0.3851759135723114
E81_r3_p25,3,A549::Hesperadin::dose=10000.0,Ridge_P,0.369062602519989,0.39269202947616577
E81_r3_p25,3,K562::Belinostat::dose=10000.0,Ridge_P,0.3016875982284546,0.2965100109577179
E81_r3_p25,3,K562::Hesperadin::dose=10.0,Ridge_P,0.315716028213501,0.2978237271308899
E81_r3_p25,3,K562::Hesperadin::dose=100.0,Ridge_P,0.32780921459198,0.29868704080581665
E81_r3_p25,3,K562::Hesperadin::dose=1000.0,Ridge_P,0.3006110787391662,0.2976242005825043
E81_r3_p25,3,K562::Hesperadin::dose=10000.0,Ridge_P,0.3011746704578399,0.30154138803482056
E81_r3_p25,3,MCF7::Belinostat::dose=10.0,Ridge_P,0.321475476026535,0.34983834624290466
E81_r3_p25,3,MCF7::Belinostat::dose=100.0,Ridge_P,0.3329241573810577,0.34864407777786255
E81_r3_p25,3,MCF7::Belinostat::dose=1000.0,Ridge_P,0.3544108271598816,0.35243362188339233
E81_r3_p25,3,MCF7::Belinostat::dose=10000.0,Ridge_P,0.3938243091106415,0.35465189814567566
E81_r3_p25,3,MCF7::Hesperadin::dose=10.0,Ridge_P,0.3295136988162994,0.3501468300819397
E81_r3_p25,3,MCF7::Hesperadin::dose=100.0,Ridge_P,0.3328798413276672,0.35335272550582886
E81_r3_p25,3,MCF7::Hesperadin::dose=1000.0,Ridge_P,0.3306488990783691,0.3567569851875305
E81_r3_p25,3,MCF7::Hesperadin::dose=10000.0,Ridge_P,0.3204424381256103,0.36082202196121216
E81_r3_p25,3,A549::Belinostat::dose=1000.0,Ridge_PQ,0.3938533961772918,0.3680800497531891
E81_r3_p25,3,A549::Hesperadin::dose=10.0,Ridge_PQ,0.4570821821689605,0.37367671728134155
E81_r3_p25,3,A549::Hesperadin::dose=100.0,Ridge_PQ,0.4161483347415924,0.3799581527709961
E81_r3_p25,3,A549::Hesperadin::dose=1000.0,Ridge_PQ,0.4310136139392853,0.3854294717311859
E81_r3_p25,3,A549::Hesperadin::dose=10000.0,Ridge_PQ,0.369062602519989,0.3932451903820038
E81_r3_p25,3,K562::Belinostat::dose=10000.0,Ridge_PQ,0.3016875982284546,0.3799440264701843
E81_r3_p25,3,K562::Hesperadin::dose=10.0,Ridge_PQ,0.315716028213501,0.2972000539302826
E81_r3_p25,3,K562::Hesperadin::dose=100.0,Ridge_PQ,0.32780921459198,0.298082560300827
E81_r3_p25,3,K562::Hesperadin::dose=1000.0,Ridge_PQ,0.3006110787391662,0.2971010208129883
E81_r3_p25,3,K562::Hesperadin::dose=10000.0,Ridge_PQ,0.3011746704578399,0.3010682463645935
E81_r3_p25,3,MCF7::Belinostat::dose=10.0,Ridge_PQ,0.321475476026535,0.2885834276676178
E81_r3_p25,3,MCF7::Belinostat::dose=100.0,Ridge_PQ,0.3329241573810577,0.3169735372066498
E81_r3_p25,3,MCF7::Belinostat::dose=1000.0,Ridge_PQ,0.3544108271598816,0.3368166387081146
E81_r3_p25,3,MCF7::Belinostat::dose=10000.0,Ridge_PQ,0.3938243091106415,0.4357594847679138
E81_r3_p25,3,MCF7::Hesperadin::dose=10.0,Ridge_PQ,0.3295136988162994,0.3472026586532593
E81_r3_p25,3,MCF7::Hesperadin::dose=100.0,Ridge_PQ,0.3328798413276672,0.35048097372055054
E81_r3_p25,3,MCF7::Hesperadin::dose=1000.0,Ridge_PQ,0.3306488990783691,0.3539030849933624
E81_r3_p25,3,MCF7::Hesperadin::dose=10000.0,Ridge_PQ,0.3204424381256103,0.35807788372039795
E81_r3_p25,3,A549::Belinostat::dose=1000.0,Ridge_PQH,0.3938533961772918,0.3444828391075134
E81_r3_p25,3,A549::Hesperadin::dose=10.0,Ridge_PQH,0.4570821821689605,0.37358424067497253
E81_r3_p25,3,A549::Hesperadin::dose=100.0,Ridge_PQH,0.4161483347415924,0.3799729347229004
E81_r3_p25,3,A549::Hesperadin::dose=1000.0,Ridge_PQH,0.4310136139392853,0.385558158159256
E81_r3_p25,3,A549::Hesperadin::dose=10000.0,Ridge_PQH,0.369062602519989,0.3935239613056183
E81_r3_p25,3,K562::Belinostat::dose=10000.0,Ridge_PQH,0.3016875982284546,0.4149223268032074
E81_r3_p25,3,K562::Hesperadin::dose=10.0,Ridge_PQH,0.315716028213501,0.29693692922592163
E81_r3_p25,3,K562::Hesperadin::dose=100.0,Ridge_PQH,0.32780921459198,0.2978263795375824
E81_r3_p25,3,K562::Hesperadin::dose=1000.0,Ridge_PQH,0.3006110787391662,0.2969035506248474
E81_r3_p25,3,K562::Hesperadin::dose=10000.0,Ridge_PQH,0.3011746704578399,0.30089959502220154
E81_r3_p25,3,MCF7::Belinostat::dose=10.0,Ridge_PQH,0.321475476026535,0.3277167081832886
E81_r3_p25,3,MCF7::Belinostat::dose=100.0,Ridge_PQH,0.3329241573810577,0.3758743703365326
E81_r3_p25,3,MCF7::Belinostat::dose=1000.0,Ridge_PQH,0.3544108271598816,0.32656753063201904
E81_r3_p25,3,MCF7::Belinostat::dose=10000.0,Ridge_PQH,0.3938243091106415,0.4733477234840393
E81_r3_p25,3,MCF7::Hesperadin::dose=10.0,Ridge_PQH,0.3295136988162994,0.3460600972175598
E81_r3_p25,3,MCF7::Hesperadin::dose=100.0,Ridge_PQH,0.3328798413276672,0.34937000274658203
E81_r3_p25,3,MCF7::Hesperadin::dose=1000.0,Ridge_PQH,0.3306488990783691,0.3528275787830353
E81_r3_p25,3,MCF7::Hesperadin::dose=10000.0,Ridge_PQH,0.3204424381256103,0.35708704590797424
E81_r3_p25,4,A549::Givinostat::dose=10.0,Ridge_M,0.3714994192123413,0.37533697485923767
E81_r3_p25,4,A549::Givinostat::dose=100.0,Ridge_M,0.3740744590759277,0.381246417760849
E81_r3_p25,4,A549::Givinostat::dose=1000.0,Ridge_M,0.3801737129688263,0.3858887851238251
E81_r3_p25,4,A549::Givinostat::dose=10000.0,Ridge_M,0.386936217546463,0.39375802874565125
E81_r3_p25,4,K562::Givinostat::dose=10.0,Ridge_M,0.2844699919223785,0.30506518483161926
E81_r3_p25,4,K562::Givinostat::dose=100.0,Ridge_M,0.2784697413444519,0.30270957946777344
E81_r3_p25,4,K562::Givinostat::dose=1000.0,Ridge_M,0.2785693407058716,0.31049683690071106
E81_r3_p25,4,K562::Givinostat::dose=10000.0,Ridge_M,0.3260516226291656,0.31055864691734314
E81_r3_p25,4,MCF7::Givinostat::dose=10.0,Ridge_M,0.3386158049106598,0.3420672118663788
E81_r3_p25,4,MCF7::Givinostat::dose=100.0,Ridge_M,0.3422828018665313,0.3437056839466095
E81_r3_p25,4,MCF7::Givinostat::dose=1000.0,Ridge_M,0.3646018803119659,0.3424842059612274
E81_r3_p25,4,MCF7::Givinostat::dose=10000.0,Ridge_M,0.4198150634765625,0.34422925114631653
E81_r3_p25,4,A549::Givinostat::dose=10.0,Ridge_P,0.3714994192123413,0.3772563934326172
E81_r3_p25,4,A549::Givinostat::dose=100.0,Ridge_P,0.3740744590759277,0.38266125321388245
E81_r3_p25,4,A549::Givinostat::dose=1000.0,Ridge_P,0.3801737129688263,0.38639527559280396
E81_r3_p25,4,A549::Givinostat::dose=10000.0,Ridge_P,0.386936217546463,0.3938671052455902
E81_r3_p25,4,K562::Givinostat::dose=10.0,Ridge_P,0.2844699919223785,0.3021624684333801
E81_r3_p25,4,K562::Givinostat::dose=100.0,Ridge_P,0.2784697413444519,0.30070993304252625
E81_r3_p25,4,K562::Givinostat::dose=1000.0,Ridge_P,0.2785693407058716,0.3068159818649292
E81_r3_p25,4,K562::Givinostat::dose=10000.0,Ridge_P,0.3260516226291656,0.3070226311683655
E81_r3_p25,4,MCF7::Givinostat::dose=10.0,Ridge_P,0.3386158049106598,0.3430105447769165
E81_r3_p25,4,MCF7::Givinostat::dose=100.0,Ridge_P,0.3422828018665313,0.34444233775138855
E81_r3_p25,4,MCF7::Givinostat::dose=1000.0,Ridge_P,0.3646018803119659,0.3430831730365753
E81_r3_p25,4,MCF7::Givinostat::dose=10000.0,Ridge_P,0.4198150634765625,0.34475114941596985
E81_r3_p25,4,A549::Givinostat::dose=10.0,Ridge_PQ,0.3714994192123413,0.3769659996032715
E81_r3_p25,4,A549::Givinostat::dose=100.0,Ridge_PQ,0.3740744590759277,0.3826736509799957
E81_r3_p25,4,A549::Givinostat::dose=1000.0,Ridge_PQ,0.3801737129688263,0.3866290748119354
E81_r3_p25,4,A549::Givinostat::dose=10000.0,Ridge_PQ,0.386936217546463,0.39457446336746216
E81_r3_p25,4,K562::Givinostat::dose=10.0,Ridge_PQ,0.2844699919223785,0.300117164850235
E81_r3_p25,4,K562::Givinostat::dose=100.0,Ridge_PQ,0.2784697413444519,0.29861101508140564
E81_r3_p25,4,K562::Givinostat::dose=1000.0,Ridge_PQ,0.2785693407058716,0.30510345101356506
E81_r3_p25,4,K562::Givinostat::dose=10000.0,Ridge_PQ,0.3260516226291656,0.3053697645664215
E81_r3_p25,4,MCF7::Givinostat::dose=10.0,Ridge_PQ,0.3386158049106598,0.33963513374328613
E81_r3_p25,4,MCF7::Givinostat::dose=100.0,Ridge_PQ,0.3422828018665313,0.3411717712879181
E81_r3_p25,4,MCF7::Givinostat::dose=1000.0,Ridge_PQ,0.3646018803119659,0.33990219235420227
E81_r3_p25,4,MCF7::Givinostat::dose=10000.0,Ridge_PQ,0.4198150634765625,0.3417900502681732
E81_r3_p25,4,A549::Givinostat::dose=10.0,Ridge_PQH,0.3714994192123413,0.37652745842933655
E81_r3_p25,4,A549::Givinostat::dose=100.0,Ridge_PQH,0.3740744590759277,0.3823615312576294
E81_r3_p25,4,A549::Givinostat::dose=1000.0,Ridge_PQH,0.3801737129688263,0.38645440340042114
E81_r3_p25,4,A549::Givinostat::dose=10000.0,Ridge_PQH,0.386936217546463,0.39462265372276306
E81_r3_p25,4,K562::Givinostat::dose=10.0,Ridge_PQH,0.2844699919223785,0.3001476228237152
E81_r3_p25,4,K562::Givinostat::dose=100.0,Ridge_PQH,0.2784697413444519,0.298645943403244
E81_r3_p25,4,K562::Givinostat::dose=1000.0,Ridge_PQH,0.2785693407058716,0.3053033649921417
E81_r3_p25,4,K562::Givinostat::dose=10000.0,Ridge_PQH,0.3260516226291656,0.3056505620479584
E81_r3_p25,4,MCF7::Givinostat::dose=10.0,Ridge_PQH,0.3386158049106598,0.337680846452713
E81_r3_p25,4,MCF7::Givinostat::dose=100.0,Ridge_PQH,0.3422828018665313,0.3392801880836487
E81_r3_p25,4,MCF7::Givinostat::dose=1000.0,Ridge_PQH,0.3646018803119659,0.33813098073005676
E81_r3_p25,4,MCF7::Givinostat::dose=10000.0,Ridge_PQH,0.4198150634765625,0.3401719033718109
E81_r3_p50,0,A549::Dacinostat::dose=100.0,Ridge_M,0.2704159021377563,0.2759488523006439
E81_r3_p50,0,A549::Tanespimycin::dose=10.0,Ridge_M,0.2450262606143951,0.2779345214366913
E81_r3_p50,0,A549::Tanespimycin::dose=100.0,Ridge_M,0.2468657195568084,0.27775755524635315
E81_r3_p50,0,A549::Tanespimycin::dose=1000.0,Ridge_M,0.2900960445404053,0.27820566296577454
E81_r3_p50,0,A549::Tanespimycin::dose=10000.0,Ridge_M,0.2834084331989288,0.27740296721458435
E81_r3_p50,0,K562::Dacinostat::dose=10.0,Ridge_M,0.2394181787967682,0.2809329032897949
E81_r3_p50,0,K562::Tanespimycin::dose=10.0,Ridge_M,0.2465909123420715,0.28089940547943115
E81_r3_p50,0,K562::Tanespimycin::dose=100.0,Ridge_M,0.2393159568309784,0.2813838720321655
E81_r3_p50,0,K562::Tanespimycin::dose=1000.0,Ridge_M,0.2569593787193298,0.2819066345691681
E81_r3_p50,0,K562::Tanespimycin::dose=10000.0,Ridge_M,0.2917196750640869,0.28261449933052063
E81_r3_p50,0,MCF7::Dacinostat::dose=10.0,Ridge_M,0.2721312344074249,0.2778390347957611
E81_r3_p50,0,MCF7::Dacinostat::dose=100.0,Ridge_M,0.2947176098823547,0.2788282334804535
E81_r3_p50,0,MCF7::Dacinostat::dose=1000.0,Ridge_M,0.3396205902099609,0.2790500521659851
E81_r3_p50,0,MCF7::Dacinostat::dose=10000.0,Ridge_M,0.3836537003517151,0.282977432012558
E81_r3_p50,0,MCF7::Tanespimycin::dose=10.0,Ridge_M,0.2375873774290084,0.27803072333335876
E81_r3_p50,0,MCF7::Tanespimycin::dose=100.0,Ridge_M,0.2626541256904602,0.2797008454799652
E81_r3_p50,0,MCF7::Tanespimycin::dose=1000.0,Ridge_M,0.2769002318382263,0.2821890115737915
E81_r3_p50,0,MCF7::Tanespimycin::dose=10000.0,Ridge_M,0.2962079048156738,0.28419986367225647
E81_r3_p50,0,A549::Dacinostat::dose=100.0,Ridge_P,0.2704159021377563,0.27744796872138977
E81_r3_p50,0,A549::Tanespimycin::dose=10.0,Ridge_P,0.2450262606143951,0.2821035385131836
E81_r3_p50,0,A549::Tanespimycin::dose=100.0,Ridge_P,0.2468657195568084,0.28177133202552795
E81_r3_p50,0,A549::Tanespimycin::dose=1000.0,Ridge_P,0.2900960445404053,0.2836785316467285
E81_r3_p50,0,A549::Tanespimycin::dose=10000.0,Ridge_P,0.2834084331989288,0.28080984950065613
E81_r3_p50,0,K562::Dacinostat::dose=10.0,Ridge_P,0.2394181787967682,0.2785213589668274
E81_r3_p50,0,K562::Tanespimycin::dose=10.0,Ridge_P,0.2465909123420715,0.2797643840312958
E81_r3_p50,0,K562::Tanespimycin::dose=100.0,Ridge_P,0.2393159568309784,0.28002405166625977
E81_r3_p50,0,K562::Tanespimycin::dose=1000.0,Ridge_P,0.2569593787193298,0.28006142377853394
E81_r3_p50,0,K562::Tanespimycin::dose=10000.0,Ridge_P,0.2917196750640869,0.2822131812572479
E81_r3_p50,0,MCF7::Dacinostat::dose=10.0,Ridge_P,0.2721312344074249,0.2721313536167145
E81_r3_p50,0,MCF7::Dacinostat::dose=100.0,Ridge_P,0.2947176098823547,0.2754410207271576
E81_r3_p50,0,MCF7::Dacinostat::dose=1000.0,Ridge_P,0.3396205902099609,0.276081919670105
E81_r3_p50,0,MCF7::Dacinostat::dose=10000.0,Ridge_P,0.3836537003517151,0.2862267792224884
E81_r3_p50,0,MCF7::Tanespimycin::dose=10.0,Ridge_P,0.2375873774290084,0.272444486618042
E81_r3_p50,0,MCF7::Tanespimycin::dose=100.0,Ridge_P,0.2626541256904602,0.2781226336956024
E81_r3_p50,0,MCF7::Tanespimycin::dose=1000.0,Ridge_P,0.2769002318382263,0.2842961251735687
E81_r3_p50,0,MCF7::Tanespimycin::dose=10000.0,Ridge_P,0.2962079048156738,0.2911498248577118
E81_r3_p50,0,A549::Dacinostat::dose=100.0,Ridge_PQ,0.2704159021377563,0.32261669635772705
E81_r3_p50,0,A549::Tanespimycin::dose=10.0,Ridge_PQ,0.2450262606143951,0.27990639209747314
E81_r3_p50,0,A549::Tanespimycin::dose=100.0,Ridge_PQ,0.2468657195568084,0.27961650490760803
E81_r3_p50,0,A549::Tanespimycin::dose=1000.0,Ridge_PQ,0.2900960445404053,0.280569463968277
E81_r3_p50,0,A549::Tanespimycin::dose=10000.0,Ridge_PQ,0.2834084331989288,0.27830469608306885
E81_r3_p50,0,K562::Dacinostat::dose=10.0,Ridge_PQ,0.2394181787967682,0.2904041111469269
E81_r3_p50,0,K562::Tanespimycin::dose=10.0,Ridge_PQ,0.2465909123420715,0.27122652530670166
E81_r3_p50,0,K562::Tanespimycin::dose=100.0,Ridge_PQ,0.2393159568309784,0.2711195647716522
E81_r3_p50,0,K562::Tanespimycin::dose=1000.0,Ridge_PQ,0.2569593787193298,0.2701622545719147
E81_r3_p50,0,K562::Tanespimycin::dose=10000.0,Ridge_PQ,0.2917196750640869,0.27108508348464966
E81_r3_p50,0,MCF7::Dacinostat::dose=10.0,Ridge_PQ,0.2721312344074249,0.28986313939094543
E81_r3_p50,0,MCF7::Dacinostat::dose=100.0,Ridge_PQ,0.2947176098823547,0.315829336643219
E81_r3_p50,0,MCF7::Dacinostat::dose=1000.0,Ridge_PQ,0.3396205902099609,0.2817087769508362
E81_r3_p50,0,MCF7::Dacinostat::dose=10000.0,Ridge_PQ,0.3836537003517151,0.3014044761657715
E81_r3_p50,0,MCF7::Tanespimycin::dose=10.0,Ridge_PQ,0.2375873774290084,0.2701748311519623
E81_r3_p50,0,MCF7::Tanespimycin::dose=100.0,Ridge_PQ,0.2626541256904602,0.27311673760414124
E81_r3_p50,0,MCF7::Tanespimycin::dose=1000.0,Ridge_PQ,0.2769002318382263,0.2755208909511566
E81_r3_p50,0,MCF7::Tanespimycin::dose=10000.0,Ridge_PQ,0.2962079048156738,0.2785710096359253
E81_r3_p50,0,A549::Dacinostat::dose=100.0,Ridge_PQH,0.2704159021377563,0.31053370237350464
E81_r3_p50,0,A549::Tanespimycin::dose=10.0,Ridge_PQH,0.2450262606143951,0.27887898683547974
E81_r3_p50,0,A549::Tanespimycin::dose=100.0,Ridge_PQH,0.2468657195568084,0.2782965898513794
E81_r3_p50,0,A549::Tanespimycin::dose=1000.0,Ridge_PQH,0.2900960445404053,0.27985769510269165
E81_r3_p50,0,A549::Tanespimycin::dose=10000.0,Ridge_PQH,0.2834084331989288,0.27616629004478455
E81_r3_p50,0,K562::Dacinostat::dose=10.0,Ridge_PQH,0.2394181787967682,0.2938483953475952
E81_r3_p50,0,K562::Tanespimycin::dose=10.0,Ridge_PQH,0.2465909123420715,0.2713346481323242
E81_r3_p50,0,K562::Tanespimycin::dose=100.0,Ridge_PQH,0.2393159568309784,0.27180761098861694
E81_r3_p50,0,K562::Tanespimycin::dose=1000.0,Ridge_PQH,0.2569593787193298,0.2711814045906067
E81_r3_p50,0,K562::Tanespimycin::dose=10000.0,Ridge_PQH,0.2917196750640869,0.27300894260406494
E81_r3_p50,0,MCF7::Dacinostat::dose=10.0,Ridge_PQH,0.2721312344074249,0.29315030574798584
E81_r3_p50,0,MCF7::Dacinostat::dose=100.0,Ridge_PQH,0.2947176098823547,0.31157606840133667
E81_r3_p50,0,MCF7::Dacinostat::dose=1000.0,Ridge_PQH,0.3396205902099609,0.3162147104740143
E81_r3_p50,0,MCF7::Dacinostat::dose=10000.0,Ridge_PQH,0.3836537003517151,0.34116044640541077
E81_r3_p50,0,MCF7::Tanespimycin::dose=10.0,Ridge_PQH,0.2375873774290084,0.26737073063850403
E81_r3_p50,0,MCF7::Tanespimycin::dose=100.0,Ridge_PQH,0.2626541256904602,0.2726271152496338
E81_r3_p50,0,MCF7::Tanespimycin::dose=1000.0,Ridge_PQH,0.2769002318382263,0.27815788984298706
E81_r3_p50,0,MCF7::Tanespimycin::dose=10000.0,Ridge_PQH,0.2962079048156738,0.28379303216934204
E81_r3_p50,1,A549::TAK901::dose=10.0,Ridge_M,0.2527489960193634,0.2785140872001648
E81_r3_p50,1,A549::TAK901::dose=100.0,Ridge_M,0.3182466924190521,0.28062188625335693
E81_r3_p50,1,A549::TAK901::dose=1000.0,Ridge_M,0.2946972846984863,0.2761310338973999
E81_r3_p50,1,A549::TAK901::dose=10000.0,Ridge_M,0.2797989249229431,0.2775300145149231
E81_r3_p50,1,K562::TAK901::dose=10.0,Ridge_M,0.2551597356796264,0.28233811259269714
E81_r3_p50,1,K562::TAK901::dose=100.0,Ridge_M,0.2772276103496551,0.28371667861938477
E81_r3_p50,1,K562::TAK901::dose=1000.0,Ridge_M,0.2706395089626312,0.28315097093582153
E81_r3_p50,1,K562::TAK901::dose=10000.0,Ridge_M,0.2690760195255279,0.2866326868534088
E81_r3_p50,1,MCF7::Belinostat::dose=10.0,Ridge_M,0.2329798191785812,0.2759348750114441
E81_r3_p50,1,MCF7::Belinostat::dose=100.0,Ridge_M,0.2422086298465728,0.27448615431785583
E81_r3_p50,1,MCF7::Belinostat::dose=1000.0,Ridge_M,0.2617411911487579,0.27074527740478516
E81_r3_p50,1,MCF7::Belinostat::dose=10000.0,Ridge_M,0.3400740325450897,0.27130362391471863
E81_r3_p50,1,MCF7::TAK901::dose=10.0,Ridge_M,0.2468669563531875,0.2787458598613739
E81_r3_p50,1,MCF7::TAK901::dose=100.0,Ridge_M,0.248056024312973,0.2789381146430969
E81_r3_p50,1,MCF7::TAK901::dose=1000.0,Ridge_M,0.2610919773578644,0.28367725014686584
E81_r3_p50,1,MCF7::TAK901::dose=10000.0,Ridge_M,0.2658847272396087,0.2835240364074707
E81_r3_p50,1,A549::TAK901::dose=10.0,Ridge_P,0.2527489960193634,0.28036972880363464
E81_r3_p50,1,A549::TAK901::dose=100.0,Ridge_P,0.3182466924190521,0.2847946286201477
E81_r3_p50,1,A549::TAK901::dose=1000.0,Ridge_P,0.2946972846984863,0.27577710151672363
E81_r3_p50,1,A549::TAK901::dose=10000.0,Ridge_P,0.2797989249229431,0.2789134085178375
E81_r3_p50,1,K562::TAK901::dose=10.0,Ridge_P,0.2551597356796264,0.2758200466632843
E81_r3_p50,1,K562::TAK901::dose=100.0,Ridge_P,0.2772276103496551,0.2773834466934204
E81_r3_p50,1,K562::TAK901::dose=1000.0,Ridge_P,0.2706395089626312,0.27659618854522705
E81_r3_p50,1,K562::TAK901::dose=10000.0,Ridge_P,0.2690760195255279,0.28311771154403687
E81_r3_p50,1,MCF7::Belinostat::dose=10.0,Ridge_P,0.2329798191785812,0.2730555534362793
E81_r3_p50,1,MCF7::Belinostat::dose=100.0,Ridge_P,0.2422086298465728,0.26950469613075256
E81_r3_p50,1,MCF7::Belinostat::dose=1000.0,Ridge_P,0.2617411911487579,0.26146242022514343
E81_r3_p50,1,MCF7::Belinostat::dose=10000.0,Ridge_P,0.3400740325450897,0.2627110183238983
E81_r3_p50,1,MCF7::TAK901::dose=10.0,Ridge_P,0.2468669563531875,0.27893364429473877
E81_r3_p50,1,MCF7::TAK901::dose=100.0,Ridge_P,0.248056024312973,0.2795775830745697
E81_r3_p50,1,MCF7::TAK901::dose=1000.0,Ridge_P,0.2610919773578644,0.2896186113357544
E81_r3_p50,1,MCF7::TAK901::dose=10000.0,Ridge_P,0.2658847272396087,0.28921428322792053
E81_r3_p50,1,A549::TAK901::dose=10.0,Ridge_PQ,0.2527489960193634,0.27649205923080444
E81_r3_p50,1,A549::TAK901::dose=100.0,Ridge_PQ,0.3182466924190521,0.28055131435394287
E81_r3_p50,1,A549::TAK901::dose=1000.0,Ridge_PQ,0.2946972846984863,0.2723016142845154
E81_r3_p50,1,A549::TAK901::dose=10000.0,Ridge_PQ,0.2797989249229431,0.27521389722824097
E81_r3_p50,1,K562::TAK901::dose=10.0,Ridge_PQ,0.2551597356796264,0.26944831013679504
E81_r3_p50,1,K562::TAK901::dose=100.0,Ridge_PQ,0.2772276103496551,0.27067115902900696
E81_r3_p50,1,K562::TAK901::dose=1000.0,Ridge_PQ,0.2706395089626312,0.26958951354026794
E81_r3_p50,1,K562::TAK901::dose=10000.0,Ridge_PQ,0.2690760195255279,0.2745044529438019
E81_r3_p50,1,MCF7::Belinostat::dose=10.0,Ridge_PQ,0.2329798191785812,0.2489052563905716
E81_r3_p50,1,MCF7::Belinostat::dose=100.0,Ridge_PQ,0.2422086298465728,0.26190170645713806
E81_r3_p50,1,MCF7::Belinostat::dose=1000.0,Ridge_PQ,0.2617411911487579,0.2296586036682129
E81_r3_p50,1,MCF7::Belinostat::dose=10000.0,Ridge_PQ,0.3400740325450897,0.3226606249809265
E81_r3_p50,1,MCF7::TAK901::dose=10.0,Ridge_PQ,0.2468669563531875,0.27095627784729004
E81_r3_p50,1,MCF7::TAK901::dose=100.0,Ridge_PQ,0.248056024312973,0.271315336227417
E81_r3_p50,1,MCF7::TAK901::dose=1000.0,Ridge_PQ,0.2610919773578644,0.27891749143600464
E81_r3_p50,1,MCF7::TAK901::dose=10000.0,Ridge_PQ,0.2658847272396087,0.2777254283428192
E81_r3_p50,1,A549::TAK901::dose=10.0,Ridge_PQH,0.2527489960193634,0.2776532769203186
E81_r3_p50,1,A549::TAK901::dose=100.0,Ridge_PQH,0.3182466924190521,0.2818615734577179
E81_r3_p50,1,A549::TAK901::dose=1000.0,Ridge_PQH,0.2946972846984863,0.27305296063423157
E81_r3_p50,1,A549::TAK901::dose=10000.0,Ridge_PQH,0.2797989249229431,0.2759554088115692
E81_r3_p50,1,K562::TAK901::dose=10.0,Ridge_PQH,0.2551597356796264,0.2676140367984772
E81_r3_p50,1,K562::TAK901::dose=100.0,Ridge_PQH,0.2772276103496551,0.26876550912857056
E81_r3_p50,1,K562::TAK901::dose=1000.0,Ridge_PQH,0.2706395089626312,0.267343670129776
E81_r3_p50,1,K562::TAK901::dose=10000.0,Ridge_PQH,0.2690760195255279,0.2718973755836487
E81_r3_p50,1,MCF7::Belinostat::dose=10.0,Ridge_PQH,0.2329798191785812,0.21406832337379456
E81_r3_p50,1,MCF7::Belinostat::dose=100.0,Ridge_PQH,0.2422086298465728,0.25540199875831604
E81_r3_p50,1,MCF7::Belinostat::dose=1000.0,Ridge_PQH,0.2617411911487579,0.23005138337612152
E81_r3_p50,1,MCF7::Belinostat::dose=10000.0,Ridge_PQH,0.3400740325450897,0.3336367905139923
E81_r3_p50,1,MCF7::TAK901::dose=10.0,Ridge_PQH,0.2468669563531875,0.26965126395225525
E81_r3_p50,1,MCF7::TAK901::dose=100.0,Ridge_PQH,0.248056024312973,0.26980292797088623
E81_r3_p50,1,MCF7::TAK901::dose=1000.0,Ridge_PQH,0.2610919773578644,0.2768600881099701
E81_r3_p50,1,MCF7::TAK901::dose=10000.0,Ridge_PQH,0.2658847272396087,0.27498188614845276
E81_r3_p50,2,A549::Flavopiridol::dose=1000.0,Ridge_M,0.2506362795829773,0.27937963604927063
E81_r3_p50,2,A549::Hesperadin::dose=10.0,Ridge_M,0.3431699872016907,0.27983030676841736
E81_r3_p50,2,A549::Hesperadin::dose=100.0,Ridge_M,0.2904859185218811,0.27956685423851013
E81_r3_p50,2,A549::Hesperadin::dose=1000.0,Ridge_M,0.3136768937110901,0.28026559948921204
E81_r3_p50,2,A549::Hesperadin::dose=10000.0,Ridge_M,0.2762906551361084,0.2806803584098816
E81_r3_p50,2,K562::Hesperadin::dose=10.0,Ridge_M,0.3053293824195862,0.2803289294242859
E81_r3_p50,2,K562::Hesperadin::dose=100.0,Ridge_M,0.3102165758609772,0.27977287769317627
E81_r3_p50,2,K562::Hesperadin::dose=1000.0,Ridge_M,0.2810438871383667,0.27954497933387756
E81_r3_p50,2,K562::Hesperadin::dose=10000.0,Ridge_M,0.2700688540935516,0.27955177426338196
E81_r3_p50,2,MCF7::Flavopiridol::dose=10.0,Ridge_M,0.2489886581897735,0.27957597374916077
E81_r3_p50,2,MCF7::Flavopiridol::dose=100.0,Ridge_M,0.2492689937353134,0.27986282110214233
E81_r3_p50,2,MCF7::Hesperadin::dose=10.0,Ridge_M,0.2470780164003372,0.27918046712875366
E81_r3_p50,2,MCF7::Hesperadin::dose=100.0,Ridge_M,0.2428979575634002,0.27870744466781616
E81_r3_p50,2,MCF7::Hesperadin::dose=1000.0,Ridge_M,0.2418639659881591,0.27905136346817017
E81_r3_p50,2,MCF7::Hesperadin::dose=10000.0,Ridge_M,0.2381758689880371,0.27849069237709045
E81_r3_p50,2,A549::Flavopiridol::dose=1000.0,Ridge_P,0.2506362795829773,0.2803535759449005
E81_r3_p50,2,A549::Hesperadin::dose=10.0,Ridge_P,0.3431699872016907,0.2815551161766052
E81_r3_p50,2,A549::Hesperadin::dose=100.0,Ridge_P,0.2904859185218811,0.28028440475463867
E81_r3_p50,2,A549::Hesperadin::dose=1000.0,Ridge_P,0.3136768937110901,0.2837194502353668
E81_r3_p50,2,A549::Hesperadin::dose=10000.0,Ridge_P,0.2762906551361084,0.28664934635162354
E81_r3_p50,2,K562::Hesperadin::dose=10.0,Ridge_P,0.3053293824195862,0.2729698717594147
E81_r3_p50,2,K562::Hesperadin::dose=100.0,Ridge_P,0.3102165758609772,0.26830366253852844
E81_r3_p50,2,K562::Hesperadin::dose=1000.0,Ridge_P,0.2810438871383667,0.26880133152008057
E81_r3_p50,2,K562::Hesperadin::dose=10000.0,Ridge_P,0.2700688540935516,0.26964157819747925
E81_r3_p50,2,MCF7::Flavopiridol::dose=10.0,Ridge_P,0.2489886581897735,0.2852223813533783
E81_r3_p50,2,MCF7::Flavopiridol::dose=100.0,Ridge_P,0.2492689937353134,0.2879049479961395
E81_r3_p50,2,MCF7::Hesperadin::dose=10.0,Ridge_P,0.2470780164003372,0.280986487865448
E81_r3_p50,2,MCF7::Hesperadin::dose=100.0,Ridge_P,0.2428979575634002,0.27632951736450195
E81_r3_p50,2,MCF7::Hesperadin::dose=1000.0,Ridge_P,0.2418639659881591,0.279178649187088
E81_r3_p50,2,MCF7::Hesperadin::dose=10000.0,Ridge_P,0.2381758689880371,0.27350807189941406
E81_r3_p50,2,A549::Flavopiridol::dose=1000.0,Ridge_PQ,0.2506362795829773,0.2755603492259979
E81_r3_p50,2,A549::Hesperadin::dose=10.0,Ridge_PQ,0.3431699872016907,0.27840375900268555
E81_r3_p50,2,A549::Hesperadin::dose=100.0,Ridge_PQ,0.2904859185218811,0.2759636342525482
E81_r3_p50,2,A549::Hesperadin::dose=1000.0,Ridge_PQ,0.3136768937110901,0.28091663122177124
E81_r3_p50,2,A549::Hesperadin::dose=10000.0,Ridge_PQ,0.2762906551361084,0.2832295596599579
E81_r3_p50,2,K562::Hesperadin::dose=10.0,Ridge_PQ,0.3053293824195862,0.2647966742515564
E81_r3_p50,2,K562::Hesperadin::dose=100.0,Ridge_PQ,0.3102165758609772,0.2614200711250305
E81_r3_p50,2,K562::Hesperadin::dose=1000.0,Ridge_PQ,0.2810438871383667,0.260823130607605
E81_r3_p50,2,K562::Hesperadin::dose=10000.0,Ridge_PQ,0.2700688540935516,0.2611486613750458
E81_r3_p50,2,MCF7::Flavopiridol::dose=10.0,Ridge_PQ,0.2489886581897735,0.2870560884475708
E81_r3_p50,2,MCF7::Flavopiridol::dose=100.0,Ridge_PQ,0.2492689937353134,0.33281511068344116
E81_r3_p50,2,MCF7::Hesperadin::dose=10.0,Ridge_PQ,0.2470780164003372,0.2714760899543762
E81_r3_p50,2,MCF7::Hesperadin::dose=100.0,Ridge_PQ,0.2428979575634002,0.26630765199661255
E81_r3_p50,2,MCF7::Hesperadin::dose=1000.0,Ridge_PQ,0.2418639659881591,0.26894497871398926
E81_r3_p50,2,MCF7::Hesperadin::dose=10000.0,Ridge_PQ,0.2381758689880371,0.26321154832839966
E81_r3_p50,2,A549::Flavopiridol::dose=1000.0,Ridge_PQH,0.2506362795829773,0.27624914050102234
E81_r3_p50,2,A549::Hesperadin::dose=10.0,Ridge_PQH,0.3431699872016907,0.2794477939605713
E81_r3_p50,2,A549::Hesperadin::dose=100.0,Ridge_PQH,0.2904859185218811,0.2767065465450287
E81_r3_p50,2,A549::Hesperadin::dose=1000.0,Ridge_PQH,0.3136768937110901,0.2818918228149414
E81_r3_p50,2,A549::Hesperadin::dose=10000.0,Ridge_PQH,0.2762906551361084,0.28383034467697144
E81_r3_p50,2,K562::Hesperadin::dose=10.0,Ridge_PQH,0.3053293824195862,0.26346319913864136
E81_r3_p50,2,K562::Hesperadin::dose=100.0,Ridge_PQH,0.3102165758609772,0.26073387265205383
E81_r3_p50,2,K562::Hesperadin::dose=1000.0,Ridge_PQH,0.2810438871383667,0.2599019408226013
E81_r3_p50,2,K562::Hesperadin::dose=10000.0,Ridge_PQH,0.2700688540935516,0.26006847620010376
E81_r3_p50,2,MCF7::Flavopiridol::dose=10.0,Ridge_PQH,0.2489886581897735,0.2722826898097992
E81_r3_p50,2,MCF7::Flavopiridol::dose=100.0,Ridge_PQH,0.2492689937353134,0.31282949447631836
E81_r3_p50,2,MCF7::Hesperadin::dose=10.0,Ridge_PQH,0.2470780164003372,0.2706151306629181
E81_r3_p50,2,MCF7::Hesperadin::dose=100.0,Ridge_PQH,0.2428979575634002,0.26539838314056396
E81_r3_p50,2,MCF7::Hesperadin::dose=1000.0,Ridge_PQH,0.2418639659881591,0.2678458094596863
E81_r3_p50,2,MCF7::Hesperadin::dose=10000.0,Ridge_PQH,0.2381758689880371,0.26224708557128906
E81_r3_p50,3,A549::Givinostat::dose=10.0,Ridge_M,0.2574966251850128,0.2783808410167694
E81_r3_p50,3,A549::Givinostat::dose=100.0,Ridge_M,0.2539753019809723,0.2776258587837219
E81_r3_p50,3,A549::Givinostat::dose=1000.0,Ridge_M,0.2642525434494018,0.2770480811595917
E81_r3_p50,3,A549::Givinostat::dose=10000.0,Ridge_M,0.353467047214508,0.2769804000854492
E81_r3_p50,3,K562::Givinostat::dose=10.0,Ridge_M,0.2519298791885376,0.27882587909698486
E81_r3_p50,3,K562::Givinostat::dose=100.0,Ridge_M,0.2480536252260208,0.2787095308303833
E81_r3_p50,3,K562::Givinostat::dose=1000.0,Ridge_M,0.2371130436658859,0.278936505317688
E81_r3_p50,3,K562::Givinostat::dose=10000.0,Ridge_M,0.276642382144928,0.2783432900905609
E81_r3_p50,3,MCF7::Givinostat::dose=10.0,Ridge_M,0.258714884519577,0.27769726514816284
E81_r3_p50,3,MCF7::Givinostat::dose=100.0,Ridge_M,0.2614288628101349,0.2778305113315582
E81_r3_p50,3,MCF7::Givinostat::dose=1000.0,Ridge_M,0.2955342233181,0.28031614422798157
E81_r3_p50,3,MCF7::Givinostat::dose=10000.0,Ridge_M,0.3799245953559875,0.28184276819229126
E81_r3_p50,3,A549::Givinostat::dose=10.0,Ridge_P,0.2574966251850128,0.2820283770561218
E81_r3_p50,3,A549::Givinostat::dose=100.0,Ridge_P,0.2539753019809723,0.282353013753891
E81_r3_p50,3,A549::Givinostat::dose=1000.0,Ridge_P,0.2642525434494018,0.2814790904521942
E81_r3_p50,3,A549::Givinostat::dose=10000.0,Ridge_P,0.353467047214508,0.28285646438598633
E81_r3_p50,3,K562::Givinostat::dose=10.0,Ridge_P,0.2519298791885376,0.2775741219520569
E81_r3_p50,3,K562::Givinostat::dose=100.0,Ridge_P,0.2480536252260208,0.2779143154621124
E81_r3_p50,3,K562::Givinostat::dose=1000.0,Ridge_P,0.2371130436658859,0.2795853316783905
E81_r3_p50,3,K562::Givinostat::dose=10000.0,Ridge_P,0.276642382144928,0.27970650792121887
E81_r3_p50,3,MCF7::Givinostat::dose=10.0,Ridge_P,0.258714884519577,0.2751191556453705
E81_r3_p50,3,MCF7::Givinostat::dose=100.0,Ridge_P,0.2614288628101349,0.27519315481185913
E81_r3_p50,3,MCF7::Givinostat::dose=1000.0,Ridge_P,0.2955342233181,0.2814357280731201
E81_r3_p50,3,MCF7::Givinostat::dose=10000.0,Ridge_P,0.3799245953559875,0.28571122884750366
E81_r3_p50,3,A549::Givinostat::dose=10.0,Ridge_PQ,0.2574966251850128,0.2776217460632324
E81_r3_p50,3,A549::Givinostat::dose=100.0,Ridge_PQ,0.2539753019809723,0.27906665205955505
E81_r3_p50,3,A549::Givinostat::dose=1000.0,Ridge_PQ,0.2642525434494018,0.2785007655620575
E81_r3_p50,3,A549::Givinostat::dose=10000.0,Ridge_PQ,0.353467047214508,0.2808453142642975
E81_r3_p50,3,K562::Givinostat::dose=10.0,Ridge_PQ,0.2519298791885376,0.27024900913238525
E81_r3_p50,3,K562::Givinostat::dose=100.0,Ridge_PQ,0.2480536252260208,0.27043238282203674
E81_r3_p50,3,K562::Givinostat::dose=1000.0,Ridge_PQ,0.2371130436658859,0.2718792259693146
E81_r3_p50,3,K562::Givinostat::dose=10000.0,Ridge_PQ,0.276642382144928,0.2719861567020416
E81_r3_p50,3,MCF7::Givinostat::dose=10.0,Ridge_PQ,0.258714884519577,0.26638832688331604
E81_r3_p50,3,MCF7::Givinostat::dose=100.0,Ridge_PQ,0.2614288628101349,0.2655999958515167
E81_r3_p50,3,MCF7::Givinostat::dose=1000.0,Ridge_PQ,0.2955342233181,0.26925531029701233
E81_r3_p50,3,MCF7::Givinostat::dose=10000.0,Ridge_PQ,0.3799245953559875,0.2719186842441559
E81_r3_p50,3,A549::Givinostat::dose=10.0,Ridge_PQH,0.2574966251850128,0.2792370319366455
E81_r3_p50,3,A549::Givinostat::dose=100.0,Ridge_PQH,0.2539753019809723,0.28081387281417847
E81_r3_p50,3,A549::Givinostat::dose=1000.0,Ridge_PQH,0.2642525434494018,0.2802262604236603
E81_r3_p50,3,A549::Givinostat::dose=10000.0,Ridge_PQH,0.353467047214508,0.28282517194747925
E81_r3_p50,3,K562::Givinostat::dose=10.0,Ridge_PQH,0.2519298791885376,0.26827627420425415
E81_r3_p50,3,K562::Givinostat::dose=100.0,Ridge_PQH,0.2480536252260208,0.26836979389190674
E81_r3_p50,3,K562::Givinostat::dose=1000.0,Ridge_PQH,0.2371130436658859,0.26977014541625977
E81_r3_p50,3,K562::Givinostat::dose=10000.0,Ridge_PQH,0.276642382144928,0.26976001262664795
E81_r3_p50,3,MCF7::Givinostat::dose=10.0,Ridge_PQH,0.258714884519577,0.2659798264503479
E81_r3_p50,3,MCF7::Givinostat::dose=100.0,Ridge_PQH,0.2614288628101349,0.2647643983364105
E81_r3_p50,3,MCF7::Givinostat::dose=1000.0,Ridge_PQH,0.2955342233181,0.2679077684879303
E81_r3_p50,3,MCF7::Givinostat::dose=10000.0,Ridge_PQH,0.3799245953559875,0.27022305130958557
E81_r3_p50,4,A549::Alvespimycin::dose=10.0,Ridge_M,0.2469614744186401,0.2680816650390625
E81_r3_p50,4,A549::Alvespimycin::dose=100.0,Ridge_M,0.286076933145523,0.2692534327507019
E81_r3_p50,4,A549::Alvespimycin::dose=1000.0,Ridge_M,0.3009776771068573,0.27592018246650696
E81_r3_p50,4,A549::Alvespimycin::dose=10000.0,Ridge_M,0.3009378015995025,0.27883532643318176
E81_r3_p50,4,A549::Quisinostat::dose=1000.0,Ridge_M,0.3576043546199798,0.260619580745697
E81_r3_p50,4,K562::Alvespimycin::dose=10.0,Ridge_M,0.2476769983768463,0.2776646018028259
E81_r3_p50,4,K562::Alvespimycin::dose=100.0,Ridge_M,0.2619365751743316,0.2787236273288727
E81_r3_p50,4,K562::Alvespimycin::dose=1000.0,Ridge_M,0.2669349610805511,0.2770287096500397
E81_r3_p50,4,K562::Alvespimycin::dose=10000.0,Ridge_M,0.2824535965919494,0.283284068107605
E81_r3_p50,4,K562::Quisinostat::dose=100.0,Ridge_M,0.2613730430603027,0.2882332503795624
E81_r3_p50,4,K562::Quisinostat::dose=10000.0,Ridge_M,0.2866209745407104,0.3008723556995392
E81_r3_p50,4,MCF7::Alvespimycin::dose=10.0,Ridge_M,0.2427049726247787,0.27126073837280273
E81_r3_p50,4,MCF7::Alvespimycin::dose=100.0,Ridge_M,0.264211893081665,0.2764447331428528
E81_r3_p50,4,MCF7::Alvespimycin::dose=1000.0,Ridge_M,0.2692168653011322,0.28658008575439453
E81_r3_p50,4,MCF7::Quisinostat::dose=10.0,Ridge_M,0.3087610006332397,0.2593718469142914
E81_r3_p50,4,MCF7::Quisinostat::dose=100.0,Ridge_M,0.3384589850902557,0.2687239944934845
E81_r3_p50,4,MCF7::Quisinostat::dose=1000.0,Ridge_M,0.3643463253974914,0.2753909230232239
E81_r3_p50,4,MCF7::Quisinostat::dose=10000.0,Ridge_M,0.3833345174789428,0.27046284079551697
E81_r3_p50,4,A549::Alvespimycin::dose=10.0,Ridge_P,0.2469614744186401,0.2709387242794037
E81_r3_p50,4,A549::Alvespimycin::dose=100.0,Ridge_P,0.286076933145523,0.27167612314224243
E81_r3_p50,4,A549::Alvespimycin::dose=1000.0,Ridge_P,0.3009776771068573,0.28255563974380493
E81_r3_p50,4,A549::Alvespimycin::dose=10000.0,Ridge_P,0.3009378015995025,0.2858034074306488
E81_r3_p50,4,A549::Quisinostat::dose=1000.0,Ridge_P,0.3576043546199798,0.2649042010307312
E81_r3_p50,4,K562::Alvespimycin::dose=10.0,Ridge_P,0.2476769983768463,0.2719929814338684
E81_r3_p50,4,K562::Alvespimycin::dose=100.0,Ridge_P,0.2619365751743316,0.2727842628955841
E81_r3_p50,4,K562::Alvespimycin::dose=1000.0,Ridge_P,0.2669349610805511,0.27133870124816895
E81_r3_p50,4,K562::Alvespimycin::dose=10000.0,Ridge_P,0.2824535965919494,0.2784038782119751
E81_r3_p50,4,K562::Quisinostat::dose=100.0,Ridge_P,0.2613730430603027,0.2825995981693268
E81_r3_p50,4,K562::Quisinostat::dose=10000.0,Ridge_P,0.2866209745407104,0.29745495319366455
E81_r3_p50,4,MCF7::Alvespimycin::dose=10.0,Ridge_P,0.2427049726247787,0.27028799057006836
E81_r3_p50,4,MCF7::Alvespimycin::dose=100.0,Ridge_P,0.264211893081665,0.2782248258590698
E81_r3_p50,4,MCF7::Alvespimycin::dose=1000.0,Ridge_P,0.2692168653011322,0.29266130924224854
E81_r3_p50,4,MCF7::Quisinostat::dose=10.0,Ridge_P,0.3087610006332397,0.2533002197742462
E81_r3_p50,4,MCF7::Quisinostat::dose=100.0,Ridge_P,0.3384589850902557,0.26679742336273193
E81_r3_p50,4,MCF7::Quisinostat::dose=1000.0,Ridge_P,0.3643463253974914,0.27788597345352173
E81_r3_p50,4,MCF7::Quisinostat::dose=10000.0,Ridge_P,0.3833345174789428,0.2721080183982849
E81_r3_p50,4,A549::Alvespimycin::dose=10.0,Ridge_PQ,0.2469614744186401,0.26991745829582214
E81_r3_p50,4,A549::Alvespimycin::dose=100.0,Ridge_PQ,0.286076933145523,0.26986733078956604
E81_r3_p50,4,A549::Alvespimycin::dose=1000.0,Ridge_PQ,0.3009776771068573,0.2809992730617523
E81_r3_p50,4,A549::Alvespimycin::dose=10000.0,Ridge_PQ,0.3009378015995025,0.2834490239620209
E81_r3_p50,4,A549::Quisinostat::dose=1000.0,Ridge_PQ,0.3576043546199798,0.3087383806705475
E81_r3_p50,4,K562::Alvespimycin::dose=10.0,Ridge_PQ,0.2476769983768463,0.2719644606113434
E81_r3_p50,4,K562::Alvespimycin::dose=100.0,Ridge_PQ,0.2619365751743316,0.27175939083099365
E81_r3_p50,4,K562::Alvespimycin::dose=1000.0,Ridge_PQ,0.2669349610805511,0.2706717848777771
E81_r3_p50,4,K562::Alvespimycin::dose=10000.0,Ridge_PQ,0.2824535965919494,0.2771916687488556
E81_r3_p50,4,K562::Quisinostat::dose=100.0,Ridge_PQ,0.2613730430603027,0.314378023147583
E81_r3_p50,4,K562::Quisinostat::dose=10000.0,Ridge_PQ,0.2866209745407104,0.3442356586456299
E81_r3_p50,4,MCF7::Alvespimycin::dose=10.0,Ridge_PQ,0.2427049726247787,0.2657197117805481
E81_r3_p50,4,MCF7::Alvespimycin::dose=100.0,Ridge_PQ,0.264211893081665,0.27272817492485046
E81_r3_p50,4,MCF7::Alvespimycin::dose=1000.0,Ridge_PQ,0.2692168653011322,0.2856001555919647
E81_r3_p50,4,MCF7::Quisinostat::dose=10.0,Ridge_PQ,0.3087610006332397,0.2517986297607422
E81_r3_p50,4,MCF7::Quisinostat::dose=100.0,Ridge_PQ,0.3384589850902557,0.2951832711696625
E81_r3_p50,4,MCF7::Quisinostat::dose=1000.0,Ridge_PQ,0.3643463253974914,0.31489983201026917
E81_r3_p50,4,MCF7::Quisinostat::dose=10000.0,Ridge_PQ,0.3833345174789428,0.3161034882068634
E81_r3_p50,4,A549::Alvespimycin::dose=10.0,Ridge_PQH,0.2469614744186401,0.2705993354320526
E81_r3_p50,4,A549::Alvespimycin::dose=100.0,Ridge_PQH,0.286076933145523,0.2698791027069092
E81_r3_p50,4,A549::Alvespimycin::dose=1000.0,Ridge_PQH,0.3009776771068573,0.2811584174633026
E81_r3_p50,4,A549::Alvespimycin::dose=10000.0,Ridge_PQH,0.3009378015995025,0.2828257977962494
E81_r3_p50,4,A549::Quisinostat::dose=1000.0,Ridge_PQH,0.3576043546199798,0.2907930612564087
E81_r3_p50,4,K562::Alvespimycin::dose=10.0,Ridge_PQH,0.2476769983768463,0.2702663242816925
E81_r3_p50,4,K562::Alvespimycin::dose=100.0,Ridge_PQH,0.2619365751743316,0.26945438981056213
E81_r3_p50,4,K562::Alvespimycin::dose=1000.0,Ridge_PQH,0.2669349610805511,0.2681661546230316
E81_r3_p50,4,K562::Alvespimycin::dose=10000.0,Ridge_PQH,0.2824535965919494,0.274587482213974
E81_r3_p50,4,K562::Quisinostat::dose=100.0,Ridge_PQH,0.2613730430603027,0.33038732409477234
E81_r3_p50,4,K562::Quisinostat::dose=10000.0,Ridge_PQH,0.2866209745407104,0.39247646927833557
E81_r3_p50,4,MCF7::Alvespimycin::dose=10.0,Ridge_PQH,0.2427049726247787,0.2651052474975586
E81_r3_p50,4,MCF7::Alvespimycin::dose=100.0,Ridge_PQH,0.264211893081665,0.2716354727745056
E81_r3_p50,4,MCF7::Alvespimycin::dose=1000.0,Ridge_PQH,0.2692168653011322,0.28442591428756714
E81_r3_p50,4,MCF7::Quisinostat::dose=10.0,Ridge_PQH,0.3087610006332397,0.3019638657569885
E81_r3_p50,4,MCF7::Quisinostat::dose=100.0,Ridge_PQH,0.3384589850902557,0.3145698606967926
E81_r3_p50,4,MCF7::Quisinostat::dose=1000.0,Ridge_PQH,0.3643463253974914,0.30143097043037415
E81_r3_p50,4,MCF7::Quisinostat::dose=10000.0,Ridge_PQH,0.3833345174789428,0.36641520261764526
E81_r3_p75,0,A549::TAK901::dose=10.0,Ridge_M,0.2238802015781402,0.26212871074676514
E81_r3_p75,0,A549::TAK901::dose=100.0,Ridge_M,0.2960496544837951,0.26603907346725464
E81_r3_p75,0,A549::TAK901::dose=1000.0,Ridge_M,0.2762302756309509,0.26115280389785767
E81_r3_p75,0,A549::TAK901::dose=10000.0,Ridge_M,0.271786630153656,0.2737911343574524
E81_r3_p75,0,K562::TAK901::dose=10.0,Ridge_M,0.2099072784185409,0.25672611594200134
E81_r3_p75,0,K562::TAK901::dose=100.0,Ridge_M,0.2363868206739425,0.25982075929641724
E81_r3_p75,0,K562::TAK901::dose=1000.0,Ridge_M,0.2404994219541549,0.2700435519218445
E81_r3_p75,0,K562::TAK901::dose=10000.0,Ridge_M,0.2309749126434326,0.2802027463912964
E81_r3_p75,0,MCF7::TAK901::dose=10.0,Ridge_M,0.1605852246284485,0.22704996168613434
E81_r3_p75,0,MCF7::TAK901::dose=100.0,Ridge_M,0.1600714921951294,0.2227761298418045
E81_r3_p75,0,MCF7::TAK901::dose=1000.0,Ridge_M,0.1736182272434234,0.2280295491218567
E81_r3_p75,0,MCF7::TAK901::dose=10000.0,Ridge_M,0.2068161517381668,0.22875215113162994
E81_r3_p75,0,A549::TAK901::dose=10.0,Ridge_P,0.2238802015781402,0.2710728347301483
E81_r3_p75,0,A549::TAK901::dose=100.0,Ridge_P,0.2960496544837951,0.2749621570110321
E81_r3_p75,0,A549::TAK901::dose=1000.0,Ridge_P,0.2762302756309509,0.26728856563568115
E81_r3_p75,0,A549::TAK901::dose=10000.0,Ridge_P,0.271786630153656,0.2765519618988037
E81_r3_p75,0,K562::TAK901::dose=10.0,Ridge_P,0.2099072784185409,0.24625541269779205
E81_r3_p75,0,K562::TAK901::dose=100.0,Ridge_P,0.2363868206739425,0.24675965309143066
E81_r3_p75,0,K562::TAK901::dose=1000.0,Ridge_P,0.2404994219541549,0.2514534890651703
E81_r3_p75,0,K562::TAK901::dose=10000.0,Ridge_P,0.2309749126434326,0.2557837665081024
E81_r3_p75,0,MCF7::TAK901::dose=10.0,Ridge_P,0.1605852246284485,0.22664524614810944
E81_r3_p75,0,MCF7::TAK901::dose=100.0,Ridge_P,0.1600714921951294,0.22165578603744507
E81_r3_p75,0,MCF7::TAK901::dose=1000.0,Ridge_P,0.1736182272434234,0.22533567249774933
E81_r3_p75,0,MCF7::TAK901::dose=10000.0,Ridge_P,0.2068161517381668,0.2253613919019699
E81_r3_p75,0,A549::TAK901::dose=10.0,Ridge_PQ,0.2238802015781402,0.2850680947303772
E81_r3_p75,0,A549::TAK901::dose=100.0,Ridge_PQ,0.2960496544837951,0.2870936989784241
E81_r3_p75,0,A549::TAK901::dose=1000.0,Ridge_PQ,0.2762302756309509,0.2796561121940613
E81_r3_p75,0,A549::TAK901::dose=10000.0,Ridge_PQ,0.271786630153656,0.2822924852371216
E81_r3_p75,0,K562::TAK901::dose=10.0,Ridge_PQ,0.2099072784185409,0.24672511219978333
E81_r3_p75,0,K562::TAK901::dose=100.0,Ridge_PQ,0.2363868206739425,0.2448526918888092
E81_r3_p75,0,K562::TAK901::dose=1000.0,Ridge_PQ,0.2404994219541549,0.24412992596626282
E81_r3_p75,0,K562::TAK901::dose=10000.0,Ridge_PQ,0.2309749126434326,0.24206240475177765
E81_r3_p75,0,MCF7::TAK901::dose=10.0,Ridge_PQ,0.1605852246284485,0.23827941715717316
E81_r3_p75,0,MCF7::TAK901::dose=100.0,Ridge_PQ,0.1600714921951294,0.23240569233894348
E81_r3_p75,0,MCF7::TAK901::dose=1000.0,Ridge_PQ,0.1736182272434234,0.2356940358877182
E81_r3_p75,0,MCF7::TAK901::dose=10000.0,Ridge_PQ,0.2068161517381668,0.23420745134353638
E81_r3_p75,0,A549::TAK901::dose=10.0,Ridge_PQH,0.2238802015781402,0.2837652564048767
E81_r3_p75,0,A549::TAK901::dose=100.0,Ridge_PQH,0.2960496544837951,0.28408652544021606
E81_r3_p75,0,A549::TAK901::dose=1000.0,Ridge_PQH,0.2762302756309509,0.279391884803772
E81_r3_p75,0,A549::TAK901::dose=10000.0,Ridge_PQH,0.271786630153656,0.2786185145378113
E81_r3_p75,0,K562::TAK901::dose=10.0,Ridge_PQH,0.2099072784185409,0.24929505586624146
E81_r3_p75,0,K562::TAK901::dose=100.0,Ridge_PQH,0.2363868206739425,0.24686403572559357
E81_r3_p75,0,K562::TAK901::dose=1000.0,Ridge_PQH,0.2404994219541549,0.2450244128704071
E81_r3_p75,0,K562::TAK901::dose=10000.0,Ridge_PQH,0.2309749126434326,0.24127888679504395
E81_r3_p75,0,MCF7::TAK901::dose=10.0,Ridge_PQH,0.1605852246284485,0.24564719200134277
E81_r3_p75,0,MCF7::TAK901::dose=100.0,Ridge_PQH,0.1600714921951294,0.23976875841617584
E81_r3_p75,0,MCF7::TAK901::dose=1000.0,Ridge_PQH,0.1736182272434234,0.24422815442085266
E81_r3_p75,0,MCF7::TAK901::dose=10000.0,Ridge_PQH,0.2068161517381668,0.24226103723049164
E81_r3_p75,1,A549::Givinostat::dose=10.0,Ridge_M,0.2362746000289917,0.25842416286468506
E81_r3_p75,1,A549::Givinostat::dose=100.0,Ridge_M,0.2443987131118774,0.26421836018562317
E81_r3_p75,1,A549::Givinostat::dose=1000.0,Ridge_M,0.254220962524414,0.2616327106952667
E81_r3_p75,1,A549::Givinostat::dose=10000.0,Ridge_M,0.3573037981986999,0.27055543661117554
E81_r3_p75,1,K562::Givinostat::dose=10.0,Ridge_M,0.2086741775274276,0.24944868683815002
E81_r3_p75,1,K562::Givinostat::dose=100.0,Ridge_M,0.1928796470165252,0.2408677190542221
E81_r3_p75,1,K562::Givinostat::dose=1000.0,Ridge_M,0.1944562792778015,0.24536709487438202
E81_r3_p75,1,K562::Givinostat::dose=10000.0,Ridge_M,0.2666494846343994,0.2516481280326843
E81_r3_p75,1,MCF7::Givinostat::dose=10.0,Ridge_M,0.1788776814937591,0.22556929290294647
E81_r3_p75,1,MCF7::Givinostat::dose=100.0,Ridge_M,0.1853586435317993,0.2275453805923462
E81_r3_p75,1,MCF7::Givinostat::dose=1000.0,Ridge_M,0.2255590558052063,0.22703638672828674
E81_r3_p75,1,MCF7::Givinostat::dose=10000.0,Ridge_M,0.359091192483902,0.23088783025741577
E81_r3_p75,1,A549::Givinostat::dose=10.0,Ridge_P,0.2362746000289917,0.27364736795425415
E81_r3_p75,1,A549::Givinostat::dose=100.0,Ridge_P,0.2443987131118774,0.2801487147808075
E81_r3_p75,1,A549::Givinostat::dose=1000.0,Ridge_P,0.254220962524414,0.27547067403793335
E81_r3_p75,1,A549::Givinostat::dose=10000.0,Ridge_P,0.3573037981986999,0.2835913598537445
E81_r3_p75,1,K562::Givinostat::dose=10.0,Ridge_P,0.2086741775274276,0.23905988037586212
E81_r3_p75,1,K562::Givinostat::dose=100.0,Ridge_P,0.1928796470165252,0.232183039188385
E81_r3_p75,1,K562::Givinostat::dose=1000.0,Ridge_P,0.1944562792778015,0.2364550083875656
E81_r3_p75,1,K562::Givinostat::dose=10000.0,Ridge_P,0.2666494846343994,0.24011625349521637
E81_r3_p75,1,MCF7::Givinostat::dose=10.0,Ridge_P,0.1788776814937591,0.22412574291229248
E81_r3_p75,1,MCF7::Givinostat::dose=100.0,Ridge_P,0.1853586435317993,0.22589603066444397
E81_r3_p75,1,MCF7::Givinostat::dose=1000.0,Ridge_P,0.2255590558052063,0.22505372762680054
E81_r3_p75,1,MCF7::Givinostat::dose=10000.0,Ridge_P,0.359091192483902,0.22828304767608643
E81_r3_p75,1,A549::Givinostat::dose=10.0,Ridge_PQ,0.2362746000289917,0.2808026671409607
E81_r3_p75,1,A549::Givinostat::dose=100.0,Ridge_PQ,0.2443987131118774,0.28798747062683105
E81_r3_p75,1,A549::Givinostat::dose=1000.0,Ridge_PQ,0.254220962524414,0.2825462818145752
E81_r3_p75,1,A549::Givinostat::dose=10000.0,Ridge_PQ,0.3573037981986999,0.2911725342273712
E81_r3_p75,1,K562::Givinostat::dose=10.0,Ridge_PQ,0.2086741775274276,0.23754779994487762
E81_r3_p75,1,K562::Givinostat::dose=100.0,Ridge_PQ,0.1928796470165252,0.2301323562860489
E81_r3_p75,1,K562::Givinostat::dose=1000.0,Ridge_PQ,0.1944562792778015,0.23485322296619415
E81_r3_p75,1,K562::Givinostat::dose=10000.0,Ridge_PQ,0.2666494846343994,0.23843438923358917
E81_r3_p75,1,MCF7::Givinostat::dose=10.0,Ridge_PQ,0.1788776814937591,0.22263911366462708
E81_r3_p75,1,MCF7::Givinostat::dose=100.0,Ridge_PQ,0.1853586435317993,0.2246209681034088
E81_r3_p75,1,MCF7::Givinostat::dose=1000.0,Ridge_PQ,0.2255590558052063,0.2234622985124588
E81_r3_p75,1,MCF7::Givinostat::dose=10000.0,Ridge_PQ,0.359091192483902,0.2270054966211319
E81_r3_p75,1,A549::Givinostat::dose=10.0,Ridge_PQH,0.2362746000289917,0.2777596712112427
E81_r3_p75,1,A549::Givinostat::dose=100.0,Ridge_PQH,0.2443987131118774,0.2835458815097809
E81_r3_p75,1,A549::Givinostat::dose=1000.0,Ridge_PQH,0.254220962524414,0.27958405017852783
E81_r3_p75,1,A549::Givinostat::dose=10000.0,Ridge_PQH,0.3573037981986999,0.28651249408721924
E81_r3_p75,1,K562::Givinostat::dose=10.0,Ridge_PQH,0.2086741775274276,0.2398577183485031
E81_r3_p75,1,K562::Givinostat::dose=100.0,Ridge_PQH,0.1928796470165252,0.23387902975082397
E81_r3_p75,1,K562::Givinostat::dose=1000.0,Ridge_PQH,0.1944562792778015,0.23772896826267242
E81_r3_p75,1,K562::Givinostat::dose=10000.0,Ridge_PQH,0.2666494846343994,0.240290567278862
E81_r3_p75,1,MCF7::Givinostat::dose=10.0,Ridge_PQH,0.1788776814937591,0.22911272943019867
E81_r3_p75,1,MCF7::Givinostat::dose=100.0,Ridge_PQH,0.1853586435317993,0.23106376826763153
E81_r3_p75,1,MCF7::Givinostat::dose=1000.0,Ridge_PQH,0.2255590558052063,0.22955800592899323
E81_r3_p75,1,MCF7::Givinostat::dose=10000.0,Ridge_PQH,0.359091192483902,0.2330312728881836
E81_r3_p75,2,A549::Flavopiridol::dose=100.0,Ridge_M,0.2346626669168472,0.2469848245382309
E81_r3_p75,2,A549::Quisinostat::dose=1000.0,Ridge_M,0.3650122582912445,0.24492579698562622
E81_r3_p75,2,A549::Quisinostat::dose=10000.0,Ridge_M,0.390965461730957,0.24142023921012878
E81_r3_p75,2,K562::Flavopiridol::dose=10.0,Ridge_M,0.2030226290225982,0.2388227880001068
E81_r3_p75,2,K562::Quisinostat::dose=10000.0,Ridge_M,0.27715864777565,0.23536889255046844
E81_r3_p75,2,MCF7::Flavopiridol::dose=10.0,Ridge_M,0.1697642654180526,0.20992198586463928
E81_r3_p75,2,MCF7::Flavopiridol::dose=100.0,Ridge_M,0.2017500549554824,0.21186107397079468
E81_r3_p75,2,MCF7::Quisinostat::dose=10.0,Ridge_M,0.2828425765037536,0.2065848410129547
E81_r3_p75,2,MCF7::Quisinostat::dose=100.0,Ridge_M,0.3182262182235718,0.20772266387939453
E81_r3_p75,2,MCF7::Quisinostat::dose=1000.0,Ridge_M,0.3489589989185333,0.20784033834934235
E81_r3_p75,2,MCF7::Quisinostat::dose=10000.0,Ridge_M,0.3701427578926086,0.21146579086780548
E81_r3_p75,2,A549::Flavopiridol::dose=100.0,Ridge_P,0.2346626669168472,0.2553628981113434
E81_r3_p75,2,A549::Quisinostat::dose=1000.0,Ridge_P,0.3650122582912445,0.2525234520435333
E81_r3_p75,2,A549::Quisinostat::dose=10000.0,Ridge_P,0.390965461730957,0.2481732815504074
E81_r3_p75,2,K562::Flavopiridol::dose=10.0,Ridge_P,0.2030226290225982,0.23391662538051605
E81_r3_p75,2,K562::Quisinostat::dose=10000.0,Ridge_P,0.27715864777565,0.22995129227638245
E81_r3_p75,2,MCF7::Flavopiridol::dose=10.0,Ridge_P,0.1697642654180526,0.20868554711341858
E81_r3_p75,2,MCF7::Flavopiridol::dose=100.0,Ridge_P,0.2017500549554824,0.21013997495174408
E81_r3_p75,2,MCF7::Quisinostat::dose=10.0,Ridge_P,0.2828425765037536,0.2049945741891861
E81_r3_p75,2,MCF7::Quisinostat::dose=100.0,Ridge_P,0.3182262182235718,0.20625996589660645
E81_r3_p75,2,MCF7::Quisinostat::dose=1000.0,Ridge_P,0.3489589989185333,0.2061980664730072
E81_r3_p75,2,MCF7::Quisinostat::dose=10000.0,Ridge_P,0.3701427578926086,0.20999158918857574
E81_r3_p75,2,A549::Flavopiridol::dose=100.0,Ridge_PQ,0.2346626669168472,0.2594224810600281
E81_r3_p75,2,A549::Quisinostat::dose=1000.0,Ridge_PQ,0.3650122582912445,0.2652961313724518
E81_r3_p75,2,A549::Quisinostat::dose=10000.0,Ridge_PQ,0.390965461730957,0.2505699396133423
E81_r3_p75,2,K562::Flavopiridol::dose=10.0,Ridge_PQ,0.2030226290225982,0.2385762482881546
E81_r3_p75,2,K562::Quisinostat::dose=10000.0,Ridge_PQ,0.27715864777565,0.2282032072544098
E81_r3_p75,2,MCF7::Flavopiridol::dose=10.0,Ridge_PQ,0.1697642654180526,0.21274781227111816
E81_r3_p75,2,MCF7::Flavopiridol::dose=100.0,Ridge_PQ,0.2017500549554824,0.20885515213012695
E81_r3_p75,2,MCF7::Quisinostat::dose=10.0,Ridge_PQ,0.2828425765037536,0.21057114005088806
E81_r3_p75,2,MCF7::Quisinostat::dose=100.0,Ridge_PQ,0.3182262182235718,0.22514508664608002
E81_r3_p75,2,MCF7::Quisinostat::dose=1000.0,Ridge_PQ,0.3489589989185333,0.2139744758605957
E81_r3_p75,2,MCF7::Quisinostat::dose=10000.0,Ridge_PQ,0.3701427578926086,0.20788821578025818
E81_r3_p75,2,A549::Flavopiridol::dose=100.0,Ridge_PQH,0.2346626669168472,0.2526116967201233
E81_r3_p75,2,A549::Quisinostat::dose=1000.0,Ridge_PQH,0.3650122582912445,0.29145461320877075
E81_r3_p75,2,A549::Quisinostat::dose=10000.0,Ridge_PQH,0.390965461730957,0.24740859866142273
E81_r3_p75,2,K562::Flavopiridol::dose=10.0,Ridge_PQH,0.2030226290225982,0.23176924884319305
E81_r3_p75,2,K562::Quisinostat::dose=10000.0,Ridge_PQH,0.27715864777565,0.22603262960910797
E81_r3_p75,2,MCF7::Flavopiridol::dose=10.0,Ridge_PQH,0.1697642654180526,0.1575312316417694
E81_r3_p75,2,MCF7::Flavopiridol::dose=100.0,Ridge_PQH,0.2017500549554824,0.18391135334968567
E81_r3_p75,2,MCF7::Quisinostat::dose=10.0,Ridge_PQH,0.2828425765037536,0.2885877192020416
E81_r3_p75,2,MCF7::Quisinostat::dose=100.0,Ridge_PQH,0.3182262182235718,0.2954785227775574
E81_r3_p75,2,MCF7::Quisinostat::dose=1000.0,Ridge_PQH,0.3489589989185333,0.2485753297805786
E81_r3_p75,2,MCF7::Quisinostat::dose=10000.0,Ridge_PQH,0.3701427578926086,0.2036982774734497
E81_r3_p75,3,A549::Belinostat::dose=10.0,Ridge_M,0.2122957110404968,0.252625972032547
E81_r3_p75,3,A549::Hesperadin::dose=10.0,Ridge_M,0.3052036762237549,0.25263431668281555
E81_r3_p75,3,A549::Hesperadin::dose=1000.0,Ridge_M,0.2653495073318481,0.24877363443374634
E81_r3_p75,3,MCF7::Belinostat::dose=10.0,Ridge_M,0.163555309176445,0.2305837720632553
E81_r3_p75,3,MCF7::Belinostat::dose=100.0,Ridge_M,0.1738480776548385,0.22691498696804047
E81_r3_p75,3,MCF7::Belinostat::dose=1000.0,Ridge_M,0.2161218523979187,0.23041638731956482
E81_r3_p75,3,MCF7::Belinostat::dose=10000.0,Ridge_M,0.3287759125232696,0.2279084175825119
E81_r3_p75,3,MCF7::Hesperadin::dose=10.0,Ridge_M,0.1704870015382766,0.2288760393857956
E81_r3_p75,3,MCF7::Hesperadin::dose=100.0,Ridge_M,0.1875681728124618,0.23436571657657623
E81_r3_p75,3,MCF7::Hesperadin::dose=1000.0,Ridge_M,0.1752414405345916,0.22802147269248962
E81_r3_p75,3,MCF7::Hesperadin::dose=10000.0,Ridge_M,0.1945449858903885,0.22913715243339539
E81_r3_p75,3,A549::Belinostat::dose=10.0,Ridge_P,0.2122957110404968,0.2672363817691803
E81_r3_p75,3,A549::Hesperadin::dose=10.0,Ridge_P,0.3052036762237549,0.2672883868217468
E81_r3_p75,3,A549::Hesperadin::dose=1000.0,Ridge_P,0.2653495073318481,0.2623474597930908
E81_r3_p75,3,MCF7::Belinostat::dose=10.0,Ridge_P,0.163555309176445,0.23102352023124695
E81_r3_p75,3,MCF7::Belinostat::dose=100.0,Ridge_P,0.1738480776548385,0.22536233067512512
E81_r3_p75,3,MCF7::Belinostat::dose=1000.0,Ridge_P,0.2161218523979187,0.22915366291999817
E81_r3_p75,3,MCF7::Belinostat::dose=10000.0,Ridge_P,0.3287759125232696,0.2244114875793457
E81_r3_p75,3,MCF7::Hesperadin::dose=10.0,Ridge_P,0.1704870015382766,0.2289770543575287
E81_r3_p75,3,MCF7::Hesperadin::dose=100.0,Ridge_P,0.1875681728124618,0.23646576702594757
E81_r3_p75,3,MCF7::Hesperadin::dose=1000.0,Ridge_P,0.1752414405345916,0.2277422845363617
E81_r3_p75,3,MCF7::Hesperadin::dose=10000.0,Ridge_P,0.1945449858903885,0.22795158624649048
E81_r3_p75,3,A549::Belinostat::dose=10.0,Ridge_PQ,0.2122957110404968,0.14296835660934448
E81_r3_p75,3,A549::Hesperadin::dose=10.0,Ridge_PQ,0.3052036762237549,0.19455061852931976
E81_r3_p75,3,A549::Hesperadin::dose=1000.0,Ridge_PQ,0.2653495073318481,0.1887434720993042
E81_r3_p75,3,MCF7::Belinostat::dose=10.0,Ridge_PQ,0.163555309176445,0.1014256626367569
E81_r3_p75,3,MCF7::Belinostat::dose=100.0,Ridge_PQ,0.1738480776548385,0.21630792319774628
E81_r3_p75,3,MCF7::Belinostat::dose=1000.0,Ridge_PQ,0.2161218523979187,0.19253501296043396
E81_r3_p75,3,MCF7::Belinostat::dose=10000.0,Ridge_PQ,0.3287759125232696,0.2859238088130951
E81_r3_p75,3,MCF7::Hesperadin::dose=10.0,Ridge_PQ,0.1704870015382766,0.1505846083164215
E81_r3_p75,3,MCF7::Hesperadin::dose=100.0,Ridge_PQ,0.1875681728124618,0.29437577724456787
E81_r3_p75,3,MCF7::Hesperadin::dose=1000.0,Ridge_PQ,0.1752414405345916,0.14939789474010468
E81_r3_p75,3,MCF7::Hesperadin::dose=10000.0,Ridge_PQ,0.1945449858903885,0.3085111081600189
E81_r3_p75,3,A549::Belinostat::dose=10.0,Ridge_PQH,0.2122957110404968,0.15116047859191895
E81_r3_p75,3,A549::Hesperadin::dose=10.0,Ridge_PQH,0.3052036762237549,0.22513706982135773
E81_r3_p75,3,A549::Hesperadin::dose=1000.0,Ridge_PQH,0.2653495073318481,0.21222612261772156
E81_r3_p75,3,MCF7::Belinostat::dose=10.0,Ridge_PQH,0.163555309176445,0.1067383736371994
E81_r3_p75,3,MCF7::Belinostat::dose=100.0,Ridge_PQH,0.1738480776548385,0.18545883893966675
E81_r3_p75,3,MCF7::Belinostat::dose=1000.0,Ridge_PQH,0.2161218523979187,0.22035706043243408
E81_r3_p75,3,MCF7::Belinostat::dose=10000.0,Ridge_PQH,0.3287759125232696,0.326806902885437
E81_r3_p75,3,MCF7::Hesperadin::dose=10.0,Ridge_PQH,0.1704870015382766,0.15943187475204468
E81_r3_p75,3,MCF7::Hesperadin::dose=100.0,Ridge_PQH,0.1875681728124618,0.23324759304523468
E81_r3_p75,3,MCF7::Hesperadin::dose=1000.0,Ridge_PQH,0.1752414405345916,0.16205380856990814
E81_r3_p75,3,MCF7::Hesperadin::dose=10000.0,Ridge_PQH,0.1945449858903885,0.24803100526332855
E81_r3_p75,4,A549::Dacinostat::dose=10.0,Ridge_M,0.2497444152832031,0.2583179473876953
E81_r3_p75,4,A549::Tanespimycin::dose=10000.0,Ridge_M,0.227488026022911,0.24472373723983765
E81_r3_p75,4,K562::Alvespimycin::dose=100.0,Ridge_M,0.2071125507354736,0.25198495388031006
E81_r3_p75,4,MCF7::Alvespimycin::dose=10.0,Ridge_M,0.1594113111495971,0.2268419861793518
E81_r3_p75,4,MCF7::Alvespimycin::dose=100.0,Ridge_M,0.1866652965545654,0.2231093943119049
E81_r3_p75,4,MCF7::Alvespimycin::dose=1000.0,Ridge_M,0.185422658920288,0.22318637371063232
E81_r3_p75,4,MCF7::Dacinostat::dose=10.0,Ridge_M,0.2142332196235656,0.22354330122470856
E81_r3_p75,4,MCF7::Dacinostat::dose=100.0,Ridge_M,0.2530048787593841,0.22473753988742828
E81_r3_p75,4,MCF7::Dacinostat::dose=1000.0,Ridge_M,0.3215965032577514,0.22572222352027893
E81_r3_p75,4,MCF7::Dacinostat::dose=10000.0,Ridge_M,0.3620996177196502,0.232138529419899
E81_r3_p75,4,MCF7::Tanespimycin::dose=10.0,Ridge_M,0.1568604707717895,0.22552978992462158
E81_r3_p75,4,MCF7::Tanespimycin::dose=100.0,Ridge_M,0.1849188804626464,0.22633294761180878
E81_r3_p75,4,MCF7::Tanespimycin::dose=1000.0,Ridge_M,0.1941656917333603,0.2259601652622223
E81_r3_p75,4,MCF7::Tanespimycin::dose=10000.0,Ridge_M,0.1956146657466888,0.22473251819610596
E81_r3_p75,4,A549::Dacinostat::dose=10.0,Ridge_P,0.2497444152832031,0.2716537117958069
E81_r3_p75,4,A549::Tanespimycin::dose=10000.0,Ridge_P,0.227488026022911,0.2546570599079132
E81_r3_p75,4,K562::Alvespimycin::dose=100.0,Ridge_P,0.2071125507354736,0.2420986294746399
E81_r3_p75,4,MCF7::Alvespimycin::dose=10.0,Ridge_P,0.1594113111495971,0.22542616724967957
E81_r3_p75,4,MCF7::Alvespimycin::dose=100.0,Ridge_P,0.1866652965545654,0.22236111760139465
E81_r3_p75,4,MCF7::Alvespimycin::dose=1000.0,Ridge_P,0.185422658920288,0.220554918050766
E81_r3_p75,4,MCF7::Dacinostat::dose=10.0,Ridge_P,0.2142332196235656,0.2232046127319336
E81_r3_p75,4,MCF7::Dacinostat::dose=100.0,Ridge_P,0.2530048787593841,0.22295458614826202
E81_r3_p75,4,MCF7::Dacinostat::dose=1000.0,Ridge_P,0.3215965032577514,0.223537877202034
E81_r3_p75,4,MCF7::Dacinostat::dose=10000.0,Ridge_P,0.3620996177196502,0.22966375946998596
E81_r3_p75,4,MCF7::Tanespimycin::dose=10.0,Ridge_P,0.1568604707717895,0.22448480129241943
E81_r3_p75,4,MCF7::Tanespimycin::dose=100.0,Ridge_P,0.1849188804626464,0.22477063536643982
E81_r3_p75,4,MCF7::Tanespimycin::dose=1000.0,Ridge_P,0.1941656917333603,0.22389809787273407
E81_r3_p75,4,MCF7::Tanespimycin::dose=10000.0,Ridge_P,0.1956146657466888,0.22175928950309753
E81_r3_p75,4,A549::Dacinostat::dose=10.0,Ridge_PQ,0.2497444152832031,0.2713027894496918
E81_r3_p75,4,A549::Tanespimycin::dose=10000.0,Ridge_PQ,0.227488026022911,0.2744227945804596
E81_r3_p75,4,K562::Alvespimycin::dose=100.0,Ridge_PQ,0.2071125507354736,0.25932618975639343
E81_r3_p75,4,MCF7::Alvespimycin::dose=10.0,Ridge_PQ,0.1594113111495971,0.2074020504951477
E81_r3_p75,4,MCF7::Alvespimycin::dose=100.0,Ridge_PQ,0.1866652965545654,0.2369011491537094
E81_r3_p75,4,MCF7::Alvespimycin::dose=1000.0,Ridge_PQ,0.185422658920288,0.24720622599124908
E81_r3_p75,4,MCF7::Dacinostat::dose=10.0,Ridge_PQ,0.2142332196235656,0.21663960814476013
E81_r3_p75,4,MCF7::Dacinostat::dose=100.0,Ridge_PQ,0.2530048787593841,0.23405343294143677
E81_r3_p75,4,MCF7::Dacinostat::dose=1000.0,Ridge_PQ,0.3215965032577514,0.2462274432182312
E81_r3_p75,4,MCF7::Dacinostat::dose=10000.0,Ridge_PQ,0.3620996177196502,0.2698223292827606
E81_r3_p75,4,MCF7::Tanespimycin::dose=10.0,Ridge_PQ,0.1568604707717895,0.2040848433971405
E81_r3_p75,4,MCF7::Tanespimycin::dose=100.0,Ridge_PQ,0.1849188804626464,0.21212956309318542
E81_r3_p75,4,MCF7::Tanespimycin::dose=1000.0,Ridge_PQ,0.1941656917333603,0.22758083045482635
E81_r3_p75,4,MCF7::Tanespimycin::dose=10000.0,Ridge_PQ,0.1956146657466888,0.23716485500335693
E81_r3_p75,4,A549::Dacinostat::dose=10.0,Ridge_PQH,0.2497444152832031,0.3107427656650543
E81_r3_p75,4,A549::Tanespimycin::dose=10000.0,Ridge_PQH,0.227488026022911,0.28649893403053284
E81_r3_p75,4,K562::Alvespimycin::dose=100.0,Ridge_PQH,0.2071125507354736,0.26214346289634705
E81_r3_p75,4,MCF7::Alvespimycin::dose=10.0,Ridge_PQH,0.1594113111495971,0.15305963158607483
E81_r3_p75,4,MCF7::Alvespimycin::dose=100.0,Ridge_PQH,0.1866652965545654,0.21807682514190674
E81_r3_p75,4,MCF7::Alvespimycin::dose=1000.0,Ridge_PQH,0.185422658920288,0.1869756579399109
E81_r3_p75,4,MCF7::Dacinostat::dose=10.0,Ridge_PQH,0.2142332196235656,0.250998854637146
E81_r3_p75,4,MCF7::Dacinostat::dose=100.0,Ridge_PQH,0.2530048787593841,0.2600797712802887
E81_r3_p75,4,MCF7::Dacinostat::dose=1000.0,Ridge_PQH,0.3215965032577514,0.3206673562526703
E81_r3_p75,4,MCF7::Dacinostat::dose=10000.0,Ridge_PQH,0.3620996177196502,0.34851890802383423
E81_r3_p75,4,MCF7::Tanespimycin::dose=10.0,Ridge_PQH,0.1568604707717895,0.1420040875673294
E81_r3_p75,4,MCF7::Tanespimycin::dose=100.0,Ridge_PQH,0.1849188804626464,0.15102866291999817
E81_r3_p75,4,MCF7::Tanespimycin::dose=1000.0,Ridge_PQH,0.1941656917333603,0.1878558099269867
E81_r3_p75,4,MCF7::Tanespimycin::dose=10000.0,Ridge_PQH,0.1956146657466888,0.2517892122268677
E81_r1_p25,-1,A549::Alvespimycin::dose=10.0,Magnitude_raw,0.4104509949684143,0.40502965733446145
E81_r1_p25,-1,A549::Alvespimycin::dose=100.0,Magnitude_raw,0.4448831975460052,0.40367458822278096
E81_r1_p25,-1,A549::Alvespimycin::dose=1000.0,Magnitude_raw,0.4475494921207428,0.40723617889806285
E81_r1_p25,-1,A549::Alvespimycin::dose=10000.0,Magnitude_raw,0.4478608071804046,0.40458096997409276
E81_r1_p25,-1,A549::Belinostat::dose=10.0,Magnitude_raw,0.4190932810306549,0.40638056483372204
E81_r1_p25,-1,A549::Belinostat::dose=100.0,Magnitude_raw,0.4390156865119934,0.41040902739080554
E81_r1_p25,-1,A549::Belinostat::dose=1000.0,Magnitude_raw,0.4670460820198059,0.4180432398794203
E81_r1_p25,-1,A549::Belinostat::dose=10000.0,Magnitude_raw,0.4260899126529693,0.4174379321457205
E81_r1_p25,-1,A549::Dacinostat::dose=10.0,Magnitude_raw,0.4396175444126129,0.40017342874303424
E81_r1_p25,-1,A549::Dacinostat::dose=100.0,Magnitude_raw,0.4272892475128174,0.4062604096178113
E81_r1_p25,-1,A549::Dacinostat::dose=1000.0,Magnitude_raw,0.4368373155593872,0.4153395388949041
E81_r1_p25,-1,A549::Dacinostat::dose=10000.0,Magnitude_raw,0.444628894329071,0.4178971257422553
E81_r1_p25,-1,A549::Flavopiridol::dose=10.0,Magnitude_raw,0.4435986578464508,0.41142588492075344
E81_r1_p25,-1,A549::Flavopiridol::dose=100.0,Magnitude_raw,0.4109095931053161,0.42190506335982403
E81_r1_p25,-1,A549::Flavopiridol::dose=1000.0,Magnitude_raw,0.4208988547325134,0.4256803564664475
E81_r1_p25,-1,A549::Flavopiridol::dose=10000.0,Magnitude_raw,0.4528335630893707,0.4347449157794798
E81_r1_p25,-1,A549::Givinostat::dose=10.0,Magnitude_raw,0.4247903525829315,0.4024660573994835
E81_r1_p25,-1,A549::Givinostat::dose=100.0,Magnitude_raw,0.4260882437229156,0.40795824218798776
E81_r1_p25,-1,A549::Givinostat::dose=1000.0,Magnitude_raw,0.4460825324058532,0.41048855003117607
E81_r1_p25,-1,A549::Givinostat::dose=10000.0,Magnitude_raw,0.4684750735759735,0.4219766855167435
E81_r1_p25,-1,A549::Hesperadin::dose=10.0,Magnitude_raw,0.5143042206764221,0.4058816423352741
E81_r1_p25,-1,A549::Hesperadin::dose=100.0,Magnitude_raw,0.4666357338428497,0.40810325625561217
E81_r1_p25,-1,A549::Hesperadin::dose=1000.0,Magnitude_raw,0.4766646325588226,0.4121373686033895
E81_r1_p25,-1,A549::Hesperadin::dose=10000.0,Magnitude_raw,0.4092906415462494,0.4139899809449206
E81_r1_p25,-1,A549::Quisinostat::dose=10.0,Magnitude_raw,0.4128303825855255,0.40400750268436125
E81_r1_p25,-1,A549::Quisinostat::dose=100.0,Magnitude_raw,0.4079103171825409,0.40054092367655264
E81_r1_p25,-1,A549::Quisinostat::dose=1000.0,Magnitude_raw,0.4408270418643951,0.40458783746456634
E81_r1_p25,-1,A549::Quisinostat::dose=10000.0,Magnitude_raw,0.4527618288993835,0.4024497759465161
E81_r1_p25,-1,A549::TAK901::dose=10.0,Magnitude_raw,0.4312043488025665,0.41128730461066765
E81_r1_p25,-1,A549::TAK901::dose=100.0,Magnitude_raw,0.5033198595046997,0.4165138459281292
E81_r1_p25,-1,A549::TAK901::dose=1000.0,Magnitude_raw,0.5050739645957947,0.4319687835291326
E81_r1_p25,-1,A549::TAK901::dose=10000.0,Magnitude_raw,0.4739122092723846,0.4391655263343601
E81_r1_p25,-1,A549::Tanespimycin::dose=10.0,Magnitude_raw,0.4171493053436279,0.40555484853064483
E81_r1_p25,-1,A549::Tanespimycin::dose=100.0,Magnitude_raw,0.4084816873073578,0.39938774738853017
E81_r1_p25,-1,A549::Tanespimycin::dose=1000.0,Magnitude_raw,0.4488344192504883,0.4002277389195253
E81_r1_p25,-1,A549::Tanespimycin::dose=10000.0,Magnitude_raw,0.4403448104858398,0.4011616984256868
E81_r1_p25,-1,K562::Alvespimycin::dose=10.0,Magnitude_raw,0.2896783649921417,0.2897123295786905
E81_r1_p25,-1,K562::Alvespimycin::dose=100.0,Magnitude_raw,0.3123195767402649,0.301538208862425
E81_r1_p25,-1,K562::Alvespimycin::dose=1000.0,Magnitude_raw,0.3140528798103332,0.3046765923766565
E81_r1_p25,-1,K562::Alvespimycin::dose=10000.0,Magnitude_raw,0.3416701853275299,0.3215763571765409
E81_r1_p25,-1,K562::Belinostat::dose=10.0,Magnitude_raw,0.2826217114925384,0.27835643155280243
E81_r1_p25,-1,K562::Belinostat::dose=100.0,Magnitude_raw,0.2870967388153076,0.27393124586772327
E81_r1_p25,-1,K562::Belinostat::dose=1000.0,Magnitude_raw,0.2991406321525574,0.2771431199939378
E81_r1_p25,-1,K562::Belinostat::dose=10000.0,Magnitude_raw,0.3009213507175445,0.26754958716830385
E81_r1_p25,-1,K562::Dacinostat::dose=10.0,Magnitude_raw,0.287433922290802,0.2810504261560564
E81_r1_p25,-1,K562::Flavopiridol::dose=10.0,Magnitude_raw,0.2841570675373077,0.28364519257429055
E81_r1_p25,-1,K562::Flavopiridol::dose=100.0,Magnitude_raw,0.2960774302482605,0.2812957140803027
E81_r1_p25,-1,K562::Givinostat::dose=10.0,Magnitude_raw,0.2947118282318115,0.2815582963615116
E81_r1_p25,-1,K562::Givinostat::dose=100.0,Magnitude_raw,0.3071143627166748,0.2944819217245298
E81_r1_p25,-1,K562::Givinostat::dose=1000.0,Magnitude_raw,0.3010924160480499,0.29908376370913503
E81_r1_p25,-1,K562::Givinostat::dose=10000.0,Magnitude_raw,0.3209540843963623,0.29990191594518767
E81_r1_p25,-1,K562::Hesperadin::dose=10.0,Magnitude_raw,0.3501030206680298,0.28950647460623374
E81_r1_p25,-1,K562::Hesperadin::dose=100.0,Magnitude_raw,0.3730592727661133,0.29645640095271325
E81_r1_p25,-1,K562::Hesperadin::dose=1000.0,Magnitude_raw,0.3633652925491333,0.3145298582337189
E81_r1_p25,-1,K562::Hesperadin::dose=10000.0,Magnitude_raw,0.3372340202331543,0.33048861176431593
E81_r1_p25,-1,K562::Quisinostat::dose=10.0,Magnitude_raw,0.2964754998683929,0.2853663226821956
E81_r1_p25,-1,K562::Quisinostat::dose=100.0,Magnitude_raw,0.2972677648067474,0.290693103256254
E81_r1_p25,-1,K562::Quisinostat::dose=1000.0,Magnitude_raw,0.3138841986656189,0.30427211754252054
E81_r1_p25,-1,K562::Quisinostat::dose=10000.0,Magnitude_raw,0.3243409991264343,0.3171422423802645
E81_r1_p25,-1,K562::TAK901::dose=10000.0,Magnitude_raw,0.3203516006469726,0.32960688725266224
E81_r1_p25,-1,K562::Tanespimycin::dose=10.0,Magnitude_raw,0.2860576212406158,0.28599206633181956
E81_r1_p25,-1,K562::Tanespimycin::dose=100.0,Magnitude_raw,0.2770383059978485,0.2895994854343613
E81_r1_p25,-1,K562::Tanespimycin::dose=1000.0,Magnitude_raw,0.297801673412323,0.3015970764248818
E81_r1_p25,-1,K562::Tanespimycin::dose=10000.0,Magnitude_raw,0.3310350477695465,0.30605966043661126
E81_r1_p25,-1,MCF7::Alvespimycin::dose=10.0,Magnitude_raw,0.2686544954776764,0.265287792835869
E81_r1_p25,-1,MCF7::Alvespimycin::dose=100.0,Magnitude_raw,0.2717020511627197,0.2619855842635499
E81_r1_p25,-1,MCF7::Alvespimycin::dose=1000.0,Magnitude_raw,0.2705402970314026,0.26308585698449694
E81_r1_p25,-1,MCF7::Belinostat::dose=10.0,Magnitude_raw,0.2639562785625458,0.2638653120868156
E81_r1_p25,-1,MCF7::Belinostat::dose=100.0,Magnitude_raw,0.2742405533790588,0.26629168011449567
E81_r1_p25,-1,MCF7::Belinostat::dose=1000.0,Magnitude_raw,0.2923391759395599,0.2662982496872836
E81_r1_p25,-1,MCF7::Belinostat::dose=10000.0,Magnitude_raw,0.3543515801429748,0.26689809550584015
E81_r1_p25,-1,MCF7::Dacinostat::dose=100.0,Magnitude_raw,0.306741714477539,0.2618137058576845
E81_r1_p25,-1,MCF7::Flavopiridol::dose=10.0,Magnitude_raw,0.2703993022441864,0.2619540065825928
E81_r1_p25,-1,MCF7::Flavopiridol::dose=100.0,Magnitude_raw,0.2736591696739197,0.2601549233275966
E81_r1_p25,-1,MCF7::Givinostat::dose=10.0,Magnitude_raw,0.276098370552063,0.25901775616403144
E81_r1_p25,-1,MCF7::Givinostat::dose=100.0,Magnitude_raw,0.2715438604354858,0.25375435808355046
E81_r1_p25,-1,MCF7::Givinostat::dose=1000.0,Magnitude_raw,0.2908730506896972,0.2518188810889207
E81_r1_p25,-1,MCF7::Givinostat::dose=10000.0,Magnitude_raw,0.3780781328678131,0.24755723016017184
E81_r1_p25,-1,MCF7::Hesperadin::dose=10.0,Magnitude_raw,0.262461245059967,0.2576822686214381
E81_r1_p25,-1,MCF7::Hesperadin::dose=100.0,Magnitude_raw,0.2601784765720367,0.25433346563380105
E81_r1_p25,-1,MCF7::Hesperadin::dose=1000.0,Magnitude_raw,0.2538449764251709,0.2502144968750626
E81_r1_p25,-1,MCF7::Hesperadin::dose=10000.0,Magnitude_raw,0.2675570249557495,0.2486225854883867
E81_r1_p25,-1,MCF7::Quisinostat::dose=10.0,Magnitude_raw,0.3196745216846466,0.25817201018881003
E81_r1_p25,-1,MCF7::Quisinostat::dose=100.0,Magnitude_raw,0.3424492180347442,0.2536160186327898
E81_r1_p25,-1,MCF7::Quisinostat::dose=1000.0,Magnitude_raw,0.3701119720935821,0.2510106845179342
E81_r1_p25,-1,MCF7::Quisinostat::dose=10000.0,Magnitude_raw,0.386741042137146,0.24911515791291058
E81_r1_p25,-1,MCF7::TAK901::dose=10000.0,Magnitude_raw,0.2749799489974975,0.24896054877730298
E81_r1_p25,-1,MCF7::Tanespimycin::dose=10.0,Magnitude_raw,0.269875556230545,0.2682956491817293
E81_r1_p25,-1,MCF7::Tanespimycin::dose=100.0,Magnitude_raw,0.2821461260318756,0.27226333878298725
E81_r1_p25,-1,MCF7::Tanespimycin::dose=1000.0,Magnitude_raw,0.28705695271492,0.2770884121945183
E81_r1_p25,-1,MCF7::Tanespimycin::dose=10000.0,Magnitude_raw,0.2956448197364807,0.27670094421018276
E81_r1_p50,-1,A549::Alvespimycin::dose=10.0,Magnitude_raw,0.3239225149154663,0.3102142119108515
E81_r1_p50,-1,A549::Alvespimycin::dose=100.0,Magnitude_raw,0.3537741601467132,0.3085211881965735
E81_r1_p50,-1,A549::Alvespimycin::dose=1000.0,Magnitude_raw,0.3638321459293365,0.31570865780908414
E81_r1_p50,-1,A549::Alvespimycin::dose=10000.0,Magnitude_raw,0.3593120276927948,0.30948335796062426
E81_r1_p50,-1,A549::Belinostat::dose=10.0,Magnitude_raw,0.3241702616214752,0.3128187387199222
E81_r1_p50,-1,A549::Belinostat::dose=100.0,Magnitude_raw,0.3322384655475616,0.30615644204962583
E81_r1_p50,-1,A549::Belinostat::dose=1000.0,Magnitude_raw,0.3726350963115692,0.31870546616984313
E81_r1_p50,-1,A549::Belinostat::dose=10000.0,Magnitude_raw,0.382439374923706,0.3146675079326301
E81_r1_p50,-1,A549::Dacinostat::dose=10.0,Magnitude_raw,0.350277692079544,0.30696237157707196
E81_r1_p50,-1,A549::Dacinostat::dose=100.0,Magnitude_raw,0.3558626770973205,0.3196284749765358
E81_r1_p50,-1,A549::Dacinostat::dose=1000.0,Magnitude_raw,0.384891152381897,0.31738050475082163
E81_r1_p50,-1,A549::Dacinostat::dose=10000.0,Magnitude_raw,0.408109575510025,0.3159130690481935
E81_r1_p50,-1,A549::Flavopiridol::dose=10.0,Magnitude_raw,0.3479346334934234,0.3138320802974912
E81_r1_p50,-1,A549::Flavopiridol::dose=100.0,Magnitude_raw,0.3348029553890228,0.3241785014854276
E81_r1_p50,-1,A549::Flavopiridol::dose=1000.0,Magnitude_raw,0.32539963722229,0.3224569727157808
E81_r1_p50,-1,A549::Flavopiridol::dose=10000.0,Magnitude_raw,0.3425893783569336,0.32097702904398967
E81_r1_p50,-1,A549::Givinostat::dose=10.0,Magnitude_raw,0.3312920033931732,0.31065468234359844
E81_r1_p50,-1,A549::Givinostat::dose=100.0,Magnitude_raw,0.3438544571399688,0.3209414874416854
E81_r1_p50,-1,A549::Givinostat::dose=1000.0,Magnitude_raw,0.3626831471920013,0.3217937369752482
E81_r1_p50,-1,A549::Givinostat::dose=10000.0,Magnitude_raw,0.4152437150478363,0.317732220906637
E81_r1_p50,-1,A549::Hesperadin::dose=10.0,Magnitude_raw,0.4153620600700378,0.3142013397146078
E81_r1_p50,-1,A549::Hesperadin::dose=100.0,Magnitude_raw,0.3675754070281982,0.31182508143903476
E81_r1_p50,-1,A549::Hesperadin::dose=1000.0,Magnitude_raw,0.3886795938014984,0.32012234508733933
E81_r1_p50,-1,A549::Hesperadin::dose=10000.0,Magnitude_raw,0.3373843431472778,0.3203285379195667
E81_r1_p50,-1,A549::Quisinostat::dose=10.0,Magnitude_raw,0.3549160063266754,0.31526624678104426
E81_r1_p50,-1,A549::Quisinostat::dose=100.0,Magnitude_raw,0.3559627532958984,0.31662851300610206
E81_r1_p50,-1,A549::Quisinostat::dose=1000.0,Magnitude_raw,0.4035943150520324,0.3080907051871151
E81_r1_p50,-1,A549::Quisinostat::dose=10000.0,Magnitude_raw,0.4208127856254577,0.31194924688530634
E81_r1_p50,-1,A549::TAK901::dose=10.0,Magnitude_raw,0.3299524188041687,0.3129109692660886
E81_r1_p50,-1,A549::TAK901::dose=100.0,Magnitude_raw,0.3848665356636047,0.3059105070348612
E81_r1_p50,-1,A549::TAK901::dose=1000.0,Magnitude_raw,0.3808416426181793,0.31068874747722064
E81_r1_p50,-1,A549::TAK901::dose=10000.0,Magnitude_raw,0.3550176918506622,0.31045024203881877
E81_r1_p50,-1,A549::Tanespimycin::dose=10.0,Magnitude_raw,0.3320781886577606,0.32035465080126435
E81_r1_p50,-1,A549::Tanespimycin::dose=100.0,Magnitude_raw,0.3210249543190002,0.30838921456968965
E81_r1_p50,-1,A549::Tanespimycin::dose=1000.0,Magnitude_raw,0.3564232885837555,0.3048214920743
E81_r1_p50,-1,A549::Tanespimycin::dose=10000.0,Magnitude_raw,0.351698487997055,0.30527823399625786
E81_r1_p50,-1,K562::Alvespimycin::dose=10.0,Magnitude_raw,0.1973994970321655,0.1865879695376636
E81_r1_p50,-1,K562::Alvespimycin::dose=100.0,Magnitude_raw,0.224205195903778,0.19640600331730265
E81_r1_p50,-1,K562::Alvespimycin::dose=1000.0,Magnitude_raw,0.2225904911756515,0.1730848648803851
E81_r1_p50,-1,K562::Alvespimycin::dose=10000.0,Magnitude_raw,0.2290801107883453,0.17982681479846876
E81_r1_p50,-1,K562::Dacinostat::dose=1000.0,Magnitude_raw,0.2624973356723785,0.20229644586076295
E81_r1_p50,-1,K562::Dacinostat::dose=10000.0,Magnitude_raw,0.2701187431812286,0.1954068083531654
E81_r1_p50,-1,K562::Flavopiridol::dose=10.0,Magnitude_raw,0.2001778781414032,0.18281063557469787
E81_r1_p50,-1,K562::Flavopiridol::dose=100.0,Magnitude_raw,0.2286931127309799,0.2005560835781912
E81_r1_p50,-1,K562::Givinostat::dose=10.0,Magnitude_raw,0.2025528997182846,0.19131195724344124
E81_r1_p50,-1,K562::Givinostat::dose=1000.0,Magnitude_raw,0.1999629139900207,0.1950277783188572
E81_r1_p50,-1,K562::Hesperadin::dose=10.0,Magnitude_raw,0.2537444531917572,0.19769871127135488
E81_r1_p50,-1,K562::Hesperadin::dose=100.0,Magnitude_raw,0.2488963007926941,0.18298533402593412
E81_r1_p50,-1,K562::Hesperadin::dose=1000.0,Magnitude_raw,0.215375080704689,0.17591829591011032
E81_r1_p50,-1,K562::Hesperadin::dose=10000.0,Magnitude_raw,0.2273617535829544,0.17237722423092058
E81_r1_p50,-1,K562::Quisinostat::dose=10.0,Magnitude_raw,0.2419880032539367,0.18840304625672583
E81_r1_p50,-1,K562::Quisinostat::dose=100.0,Magnitude_raw,0.2528126835823059,0.1928935886083764
E81_r1_p50,-1,K562::Quisinostat::dose=1000.0,Magnitude_raw,0.2543239295482635,0.18953124438059665
E81_r1_p50,-1,K562::Quisinostat::dose=10000.0,Magnitude_raw,0.2828013598918915,0.19846140792034395
E81_r1_p50,-1,K562::Tanespimycin::dose=10.0,Magnitude_raw,0.1859599947929382,0.1836640453755528
E81_r1_p50,-1,K562::Tanespimycin::dose=100.0,Magnitude_raw,0.1823262572288513,0.18110349642110277
E81_r1_p50,-1,K562::Tanespimycin::dose=1000.0,Magnitude_raw,0.2083024978637695,0.18844254198169852
E81_r1_p50,-1,K562::Tanespimycin::dose=10000.0,Magnitude_raw,0.2426390796899795,0.18564373489537273
E81_r1_p50,-1,MCF7::Alvespimycin::dose=10.0,Magnitude_raw,0.2209209352731704,0.21474272753179366
E81_r1_p50,-1,MCF7::Alvespimycin::dose=100.0,Magnitude_raw,0.2369764745235443,0.21729502964341071
E81_r1_p50,-1,MCF7::Alvespimycin::dose=1000.0,Magnitude_raw,0.2401451170444488,0.2234649173991629
E81_r1_p50,-1,MCF7::Dacinostat::dose=10000.0,Magnitude_raw,0.3501706719398498,0.20707796224427305
E81_r1_p50,-1,MCF7::Flavopiridol::dose=10.0,Magnitude_raw,0.2142690420150756,0.20774917563190998
E81_r1_p50,-1,MCF7::Flavopiridol::dose=100.0,Magnitude_raw,0.2267692983150482,0.21594479568602612
E81_r1_p50,-1,MCF7::Hesperadin::dose=10.0,Magnitude_raw,0.2160386443138122,0.21098136363964057
E81_r1_p50,-1,MCF7::Hesperadin::dose=100.0,Magnitude_raw,0.2221009880304336,0.21505408312474064
E81_r1_p50,-1,MCF7::Hesperadin::dose=1000.0,Magnitude_raw,0.22207573056221,0.21911115801886016
E81_r1_p50,-1,MCF7::Hesperadin::dose=10000.0,Magnitude_raw,0.2305282801389694,0.22678540688249352
E81_r1_p50,-1,MCF7::Quisinostat::dose=10.0,Magnitude_raw,0.2689005732536316,0.2078861179472385
E81_r1_p50,-1,MCF7::Quisinostat::dose=100.0,Magnitude_raw,0.3023691177368164,0.21350518333636115
E81_r1_p50,-1,MCF7::Quisinostat::dose=1000.0,Magnitude_raw,0.3338530957698822,0.21705888818841113
E81_r1_p50,-1,MCF7::Quisinostat::dose=10000.0,Magnitude_raw,0.3527877926826477,0.2201667054797219
E81_r1_p50,-1,MCF7::TAK901::dose=1000.0,Magnitude_raw,0.2283387035131454,0.2179642673554306
E81_r1_p50,-1,MCF7::Tanespimycin::dose=10.0,Magnitude_raw,0.2138419151306152,0.20998187298151832
E81_r1_p50,-1,MCF7::Tanespimycin::dose=100.0,Magnitude_raw,0.2325649261474609,0.21310874834799998
E81_r1_p50,-1,MCF7::Tanespimycin::dose=1000.0,Magnitude_raw,0.2428114861249923,0.21788526310332065
E81_r1_p50,-1,MCF7::Tanespimycin::dose=10000.0,Magnitude_raw,0.2551138699054718,0.22224921816051044
E81_r2_p25,-1,A549::Alvespimycin::dose=10000.0,Magnitude_raw,0.323055624961853,0.2847718545633923
E81_r2_p25,-1,A549::Belinostat::dose=10.0,Magnitude_raw,0.3040532171726227,0.29418301650866413
E81_r2_p25,-1,A549::Belinostat::dose=100.0,Magnitude_raw,0.3304560482501983,0.30367626442346957
E81_r2_p25,-1,A549::Belinostat::dose=1000.0,Magnitude_raw,0.3722121715545654,0.3160007396852744
E81_r2_p25,-1,A549::Belinostat::dose=10000.0,Magnitude_raw,0.4098595082759857,0.3368392305087383
E81_r2_p25,-1,A549::Dacinostat::dose=10.0,Magnitude_raw,0.3478422164916992,0.29608941646467885
E81_r2_p25,-1,A549::Dacinostat::dose=100.0,Magnitude_raw,0.3662223219871521,0.3066416978173395
E81_r2_p25,-1,A549::Dacinostat::dose=1000.0,Magnitude_raw,0.4119994640350342,0.3220184818670381
E81_r2_p25,-1,A549::Dacinostat::dose=10000.0,Magnitude_raw,0.4353670477867126,0.33970854200229017
E81_r2_p25,-1,A549::Flavopiridol::dose=10.0,Magnitude_raw,0.3164190649986267,0.2854704734721894
E81_r2_p25,-1,A549::Flavopiridol::dose=100.0,Magnitude_raw,0.3156548738479614,0.28683461959275547
E81_r2_p25,-1,A549::Flavopiridol::dose=1000.0,Magnitude_raw,0.302785724401474,0.2939208697880987
E81_r2_p25,-1,A549::Flavopiridol::dose=10000.0,Magnitude_raw,0.3145335912704468,0.2961306950038534
E81_r2_p25,-1,A549::Givinostat::dose=10.0,Magnitude_raw,0.3031878769397735,0.28333691582691817
E81_r2_p25,-1,A549::Givinostat::dose=100.0,Magnitude_raw,0.3040260374546051,0.2819291618029376
E81_r2_p25,-1,A549::Givinostat::dose=1000.0,Magnitude_raw,0.3410110175609588,0.2862575248927027
E81_r2_p25,-1,A549::Givinostat::dose=10000.0,Magnitude_raw,0.4423173666000366,0.28829833617477235
E81_r2_p25,-1,A549::Quisinostat::dose=10.0,Magnitude_raw,0.3783377110958099,0.29040201468225163
E81_r2_p25,-1,A549::Quisinostat::dose=100.0,Magnitude_raw,0.383838027715683,0.2923032498804302
E81_r2_p25,-1,A549::Quisinostat::dose=1000.0,Magnitude_raw,0.4339758455753326,0.297339639768177
E81_r2_p25,-1,A549::Quisinostat::dose=10000.0,Magnitude_raw,0.4503092169761657,0.31056717908604176
E81_r2_p25,-1,A549::TAK901::dose=10.0,Magnitude_raw,0.3000862300395965,0.2835518320270898
E81_r2_p25,-1,A549::TAK901::dose=100.0,Magnitude_raw,0.3569486141204834,0.29005538583480445
E81_r2_p25,-1,A549::TAK901::dose=1000.0,Magnitude_raw,0.3495595753192901,0.2908306520800199
E81_r2_p25,-1,A549::TAK901::dose=10000.0,Magnitude_raw,0.342425525188446,0.2970340055848902
E81_r2_p25,-1,A549::Tanespimycin::dose=10.0,Magnitude_raw,0.2945119142532348,0.281860949771864
E81_r2_p25,-1,A549::Tanespimycin::dose=100.0,Magnitude_raw,0.2889379560947418,0.2833716107383469
E81_r2_p25,-1,A549::Tanespimycin::dose=1000.0,Magnitude_raw,0.3158258497714996,0.28212696965849515
E81_r2_p25,-1,A549::Tanespimycin::dose=10000.0,Magnitude_raw,0.317665547132492,0.2831037556018066
E81_r2_p25,-1,K562::Alvespimycin::dose=10.0,Magnitude_raw,0.3639125525951385,0.3665152606993074
E81_r2_p25,-1,K562::Alvespimycin::dose=100.0,Magnitude_raw,0.3721884191036224,0.3604162094539498
E81_r2_p25,-1,K562::Alvespimycin::dose=1000.0,Magnitude_raw,0.3695880174636841,0.36182597249058174
E81_r2_p25,-1,K562::Alvespimycin::dose=10000.0,Magnitude_raw,0.3786303997039795,0.35697107190144695
E81_r2_p25,-1,K562::Belinostat::dose=10.0,Magnitude_raw,0.3726286888122558,0.36902341466112887
E81_r2_p25,-1,K562::Belinostat::dose=100.0,Magnitude_raw,0.3812951743602752,0.3676058094479003
E81_r2_p25,-1,K562::Belinostat::dose=1000.0,Magnitude_raw,0.3904536366462707,0.3667464900591926
E81_r2_p25,-1,K562::Belinostat::dose=10000.0,Magnitude_raw,0.3998823463916778,0.3732112216082618
E81_r2_p25,-1,K562::Dacinostat::dose=10.0,Magnitude_raw,0.3777512609958648,0.36695589472113554
E81_r2_p25,-1,K562::Dacinostat::dose=100.0,Magnitude_raw,0.383973628282547,0.36923056152456163
E81_r2_p25,-1,K562::Dacinostat::dose=1000.0,Magnitude_raw,0.3810493648052215,0.36820045627345555
E81_r2_p25,-1,K562::Dacinostat::dose=10000.0,Magnitude_raw,0.3934953808784485,0.36998833686206617
E81_r2_p25,-1,K562::Flavopiridol::dose=10.0,Magnitude_raw,0.3618215024471283,0.364717074853613
E81_r2_p25,-1,K562::Flavopiridol::dose=100.0,Magnitude_raw,0.3735262453556061,0.36676814278138203
E81_r2_p25,-1,K562::Givinostat::dose=10.0,Magnitude_raw,0.3791494071483612,0.36686656068025203
E81_r2_p25,-1,K562::Givinostat::dose=100.0,Magnitude_raw,0.3863765597343445,0.3707158757018459
E81_r2_p25,-1,K562::Givinostat::dose=1000.0,Magnitude_raw,0.3779435157775879,0.37155697859950115
E81_r2_p25,-1,K562::Givinostat::dose=10000.0,Magnitude_raw,0.398268461227417,0.37719033320571294
E81_r2_p25,-1,K562::Hesperadin::dose=10.0,Magnitude_raw,0.4305636286735534,0.36891125211154724
E81_r2_p25,-1,K562::Hesperadin::dose=100.0,Magnitude_raw,0.4374873340129852,0.36372938351686696
E81_r2_p25,-1,K562::Hesperadin::dose=1000.0,Magnitude_raw,0.4156977534294128,0.36964448923065135
E81_r2_p25,-1,K562::Hesperadin::dose=10000.0,Magnitude_raw,0.3792258501052856,0.3651179217874311
E81_r2_p25,-1,K562::Quisinostat::dose=10.0,Magnitude_raw,0.3830845057964325,0.36763297560522834
E81_r2_p25,-1,K562::Quisinostat::dose=100.0,Magnitude_raw,0.3800296485424042,0.37334436928995823
E81_r2_p25,-1,K562::Quisinostat::dose=1000.0,Magnitude_raw,0.3959786295890808,0.37777244428788714
E81_r2_p25,-1,K562::Quisinostat::dose=10000.0,Magnitude_raw,0.3922813236713409,0.37631112482375684
E81_r2_p25,-1,K562::TAK901::dose=10.0,Magnitude_raw,0.3867664039134979,0.3739743377335824
E81_r2_p25,-1,K562::TAK901::dose=100.0,Magnitude_raw,0.4156352579593658,0.3759450729483443
E81_r2_p25,-1,K562::TAK901::dose=1000.0,Magnitude_raw,0.397283673286438,0.37822327529872923
E81_r2_p25,-1,K562::TAK901::dose=10000.0,Magnitude_raw,0.3746303915977478,0.38387211496038126
E81_r2_p25,-1,K562::Tanespimycin::dose=10.0,Magnitude_raw,0.362698882818222,0.3627836523867379
E81_r2_p25,-1,K562::Tanespimycin::dose=100.0,Magnitude_raw,0.3478846251964569,0.36431336825795424
E81_r2_p25,-1,K562::Tanespimycin::dose=1000.0,Magnitude_raw,0.3521114289760589,0.3568171028188671
E81_r2_p25,-1,K562::Tanespimycin::dose=10000.0,Magnitude_raw,0.3821051120758056,0.35696820657502293
E81_r2_p25,-1,MCF7::Alvespimycin::dose=100.0,Magnitude_raw,0.2807261943817138,0.26381487415364463
E81_r2_p25,-1,MCF7::Belinostat::dose=10.0,Magnitude_raw,0.2629055678844452,0.26197042202763343
E81_r2_p25,-1,MCF7::Belinostat::dose=100.0,Magnitude_raw,0.2629261314868927,0.2503361263826146
E81_r2_p25,-1,MCF7::Belinostat::dose=1000.0,Magnitude_raw,0.2838267982006073,0.24457143120688485
E81_r2_p25,-1,MCF7::Belinostat::dose=10000.0,Magnitude_raw,0.3590293228626251,0.23675482625898236
E81_r2_p25,-1,MCF7::Dacinostat::dose=10.0,Magnitude_raw,0.295993447303772,0.2613568918038733
E81_r2_p25,-1,MCF7::Dacinostat::dose=100.0,Magnitude_raw,0.3108797669410705,0.25267739672440737
E81_r2_p25,-1,MCF7::Dacinostat::dose=1000.0,Magnitude_raw,0.3573205173015594,0.25001409031669397
E81_r2_p25,-1,MCF7::Dacinostat::dose=10000.0,Magnitude_raw,0.3988405466079712,0.24724475573851595
E81_r2_p25,-1,MCF7::Flavopiridol::dose=10.0,Magnitude_raw,0.2769852578639984,0.2690167243366286
E81_r2_p25,-1,MCF7::Flavopiridol::dose=100.0,Magnitude_raw,0.2677887976169586,0.26963180643895646
E81_r2_p25,-1,MCF7::Givinostat::dose=10.0,Magnitude_raw,0.287350982427597,0.2648741175861046
E81_r2_p25,-1,MCF7::Givinostat::dose=100.0,Magnitude_raw,0.2856205701828003,0.261279552515875
E81_r2_p25,-1,MCF7::Givinostat::dose=1000.0,Magnitude_raw,0.3040101528167724,0.25431291674798184
E81_r2_p25,-1,MCF7::Givinostat::dose=10000.0,Magnitude_raw,0.3905747532844543,0.2541284118256797
E81_r2_p25,-1,MCF7::Hesperadin::dose=100.0,Magnitude_raw,0.2770492434501648,0.26992954481880416
E81_r2_p25,-1,MCF7::Hesperadin::dose=1000.0,Magnitude_raw,0.2701964676380157,0.26918515029649864
E81_r2_p25,-1,MCF7::Quisinostat::dose=10.0,Magnitude_raw,0.3364372253417969,0.2624285481331525
E81_r2_p25,-1,MCF7::Quisinostat::dose=100.0,Magnitude_raw,0.3577893078327179,0.25481078240534244
E81_r2_p25,-1,MCF7::Quisinostat::dose=1000.0,Magnitude_raw,0.3832933604717254,0.24993735441788278
E81_r2_p25,-1,MCF7::Quisinostat::dose=10000.0,Magnitude_raw,0.4003935754299164,0.2427119789923227
E81_r2_p25,-1,MCF7::TAK901::dose=10.0,Magnitude_raw,0.2718636095523834,0.26337597869782087
E81_r2_p25,-1,MCF7::TAK901::dose=100.0,Magnitude_raw,0.2688718140125274,0.26151364010729006
E81_r2_p25,-1,MCF7::TAK901::dose=1000.0,Magnitude_raw,0.2727380096912384,0.2620965470603667
E81_r2_p25,-1,MCF7::TAK901::dose=10000.0,Magnitude_raw,0.273164689540863,0.26372629021576427
E81_r2_p25,-1,MCF7::Tanespimycin::dose=10.0,Magnitude_raw,0.272777110338211,0.2699309781619254
E81_r2_p25,-1,MCF7::Tanespimycin::dose=100.0,Magnitude_raw,0.281925767660141,0.26518562644890536
E81_r2_p25,-1,MCF7::Tanespimycin::dose=1000.0,Magnitude_raw,0.2908064723014831,0.27028386089121265
E81_r2_p25,-1,MCF7::Tanespimycin::dose=10000.0,Magnitude_raw,0.3027132153511047,0.27177114184620416
E81_r2_p50,-1,A549::Dacinostat::dose=10.0,Magnitude_raw,0.2843539714813232,0.23800957399276038
E81_r2_p50,-1,A549::Dacinostat::dose=100.0,Magnitude_raw,0.2895027101039886,0.227112918237727
E81_r2_p50,-1,A549::Dacinostat::dose=1000.0,Magnitude_raw,0.3603368699550628,0.22199023297169546
E81_r2_p50,-1,A549::Dacinostat::dose=10000.0,Magnitude_raw,0.4064147770404815,0.21558226634048194
E81_r2_p50,-1,A549::Flavopiridol::dose=10.0,Magnitude_raw,0.2580265402793884,0.22495044884270068
E81_r2_p50,-1,A549::Flavopiridol::dose=100.0,Magnitude_raw,0.2637656927108764,0.21936804469734417
E81_r2_p50,-1,A549::Flavopiridol::dose=1000.0,Magnitude_raw,0.2359121888875961,0.21328706604247685
E81_r2_p50,-1,A549::Flavopiridol::dose=10000.0,Magnitude_raw,0.2299039363861084,0.2107743294943898
E81_r2_p50,-1,A549::Givinostat::dose=10.0,Magnitude_raw,0.2560206353664398,0.23226132712526998
E81_r2_p50,-1,A549::Givinostat::dose=100.0,Magnitude_raw,0.2513875365257263,0.22403057996244757
E81_r2_p50,-1,A549::Givinostat::dose=1000.0,Magnitude_raw,0.2703083157539367,0.22197725297722756
E81_r2_p50,-1,A549::Givinostat::dose=10000.0,Magnitude_raw,0.3980503380298614,0.2165320225313607
E81_r2_p50,-1,A549::Hesperadin::dose=10.0,Magnitude_raw,0.3421915471553802,0.24621663911907313
E81_r2_p50,-1,A549::Hesperadin::dose=1000.0,Magnitude_raw,0.3026317954063415,0.23884524995844697
E81_r2_p50,-1,A549::Quisinostat::dose=1000.0,Magnitude_raw,0.3978373408317566,0.2205595879587152
E81_r2_p50,-1,A549::Quisinostat::dose=10000.0,Magnitude_raw,0.4348492622375488,0.21178411318194576
E81_r2_p50,-1,A549::TAK901::dose=10.0,Magnitude_raw,0.2395408898591995,0.22444731654159628
E81_r2_p50,-1,A549::TAK901::dose=100.0,Magnitude_raw,0.2915304005146026,0.22505482496324394
E81_r2_p50,-1,A549::TAK901::dose=1000.0,Magnitude_raw,0.2645855844020843,0.21447382095075598
E81_r2_p50,-1,A549::TAK901::dose=10000.0,Magnitude_raw,0.2581627368927002,0.20926759079909368
E81_r2_p50,-1,A549::Tanespimycin::dose=10.0,Magnitude_raw,0.2497272193431854,0.2375400635916637
E81_r2_p50,-1,A549::Tanespimycin::dose=100.0,Magnitude_raw,0.2321279346942901,0.2308391061094543
E81_r2_p50,-1,A549::Tanespimycin::dose=1000.0,Magnitude_raw,0.2668385207653045,0.2364217379553547
E81_r2_p50,-1,A549::Tanespimycin::dose=10000.0,Magnitude_raw,0.2549518644809723,0.22559123068623402
E81_r2_p50,-1,K562::Alvespimycin::dose=10.0,Magnitude_raw,0.3495852351188659,0.35232300282158646
E81_r2_p50,-1,K562::Alvespimycin::dose=100.0,Magnitude_raw,0.3619527518749237,0.3458089172026413
E81_r2_p50,-1,K562::Alvespimycin::dose=1000.0,Magnitude_raw,0.3635445535182953,0.3473085415722215
E81_r2_p50,-1,K562::Alvespimycin::dose=10000.0,Magnitude_raw,0.3758507370948791,0.35695074164997487
E81_r2_p50,-1,K562::Belinostat::dose=10.0,Magnitude_raw,0.3522544801235199,0.34894782574472966
E81_r2_p50,-1,K562::Belinostat::dose=100.0,Magnitude_raw,0.3613461256027221,0.3480727537974731
E81_r2_p50,-1,K562::Belinostat::dose=1000.0,Magnitude_raw,0.3753389418125152,0.35186337694694636
E81_r2_p50,-1,K562::Belinostat::dose=10000.0,Magnitude_raw,0.3785849809646606,0.3508378067520185
E81_r2_p50,-1,K562::Dacinostat::dose=10.0,Magnitude_raw,0.3592984974384308,0.35317029553912693
E81_r2_p50,-1,K562::Dacinostat::dose=100.0,Magnitude_raw,0.3623179197311401,0.3444693517469712
E81_r2_p50,-1,K562::Dacinostat::dose=1000.0,Magnitude_raw,0.3670538663864136,0.35099657330368705
E81_r2_p50,-1,K562::Dacinostat::dose=10000.0,Magnitude_raw,0.3806536793708801,0.3554551140216938
E81_r2_p50,-1,K562::Flavopiridol::dose=10.0,Magnitude_raw,0.3448976874351501,0.34571577878399445
E81_r2_p50,-1,K562::Flavopiridol::dose=100.0,Magnitude_raw,0.3632880449295044,0.3547386604721491
E81_r2_p50,-1,K562::Givinostat::dose=10.0,Magnitude_raw,0.3597842752933502,0.34683205704402303
E81_r2_p50,-1,K562::Givinostat::dose=100.0,Magnitude_raw,0.3625307977199554,0.3479840511706088
E81_r2_p50,-1,K562::Givinostat::dose=1000.0,Magnitude_raw,0.3573783040046692,0.35164544807400766
E81_r2_p50,-1,K562::Givinostat::dose=10000.0,Magnitude_raw,0.3792205452919006,0.3622163829792549
E81_r2_p50,-1,K562::Hesperadin::dose=10.0,Magnitude_raw,0.4158402681350708,0.3553631160743681
E81_r2_p50,-1,K562::Hesperadin::dose=100.0,Magnitude_raw,0.4282146990299225,0.3535969560128134
E81_r2_p50,-1,K562::Hesperadin::dose=1000.0,Magnitude_raw,0.3920411467552185,0.34764120890792344
E81_r2_p50,-1,K562::Hesperadin::dose=10000.0,Magnitude_raw,0.374799370765686,0.3553951564867595
E81_r2_p50,-1,K562::Quisinostat::dose=10.0,Magnitude_raw,0.3626479506492615,0.34366505170381156
E81_r2_p50,-1,K562::Quisinostat::dose=100.0,Magnitude_raw,0.3605180978775024,0.3517260129705171
E81_r2_p50,-1,K562::Quisinostat::dose=1000.0,Magnitude_raw,0.3724966645240783,0.34899915793211367
E81_r2_p50,-1,K562::Quisinostat::dose=10000.0,Magnitude_raw,0.3807203471660614,0.3645381190669405
E81_r2_p50,-1,K562::TAK901::dose=10.0,Magnitude_raw,0.3589941561222076,0.3471181214039208
E81_r2_p50,-1,K562::TAK901::dose=100.0,Magnitude_raw,0.3811416923999786,0.34355351670466766
E81_r2_p50,-1,K562::TAK901::dose=1000.0,Magnitude_raw,0.3753422796726227,0.3495701738680124
E81_r2_p50,-1,K562::TAK901::dose=10000.0,Magnitude_raw,0.3541771471500397,0.355009194801486
E81_r2_p50,-1,K562::Tanespimycin::dose=10.0,Magnitude_raw,0.3447887897491455,0.3464809451790395
E81_r2_p50,-1,K562::Tanespimycin::dose=100.0,Magnitude_raw,0.3346808552742004,0.34681452129868634
E81_r2_p50,-1,K562::Tanespimycin::dose=1000.0,Magnitude_raw,0.3492452800273895,0.3511135888619162
E81_r2_p50,-1,K562::Tanespimycin::dose=10000.0,Magnitude_raw,0.3801707923412323,0.3529353498387596
E81_r2_p50,-1,MCF7::Dacinostat::dose=10.0,Magnitude_raw,0.2641442120075226,0.245077880567513
E81_r2_p50,-1,MCF7::Dacinostat::dose=100.0,Magnitude_raw,0.2744791507720947,0.24397257992217689
E81_r2_p50,-1,MCF7::Dacinostat::dose=1000.0,Magnitude_raw,0.3110477328300476,0.24741935276817956
E81_r2_p50,-1,MCF7::Dacinostat::dose=10000.0,Magnitude_raw,0.3514844179153442,0.24839816487625133
E81_r2_p50,-1,MCF7::Flavopiridol::dose=10.0,Magnitude_raw,0.2550740540027618,0.24881030488194517
E81_r2_p50,-1,MCF7::Flavopiridol::dose=100.0,Magnitude_raw,0.2486006766557693,0.2509874310478988
E81_r2_p50,-1,MCF7::Givinostat::dose=10.0,Magnitude_raw,0.264388769865036,0.24488550686773336
E81_r2_p50,-1,MCF7::Givinostat::dose=100.0,Magnitude_raw,0.259182721376419,0.2395410435705518
E81_r2_p50,-1,MCF7::Givinostat::dose=1000.0,Magnitude_raw,0.2745860517024994,0.24187277194779205
E81_r2_p50,-1,MCF7::Givinostat::dose=10000.0,Magnitude_raw,0.3448775112628937,0.24313650232108883
E81_r2_p50,-1,MCF7::Hesperadin::dose=100.0,Magnitude_raw,0.2536623477935791,0.24762495023802583
E81_r2_p50,-1,MCF7::Quisinostat::dose=100.0,Magnitude_raw,0.3113593757152557,0.25069642008447635
E81_r2_p50,-1,MCF7::TAK901::dose=10.0,Magnitude_raw,0.2584118545055389,0.25204128633080153
E81_r2_p50,-1,MCF7::TAK901::dose=100.0,Magnitude_raw,0.2646994590759277,0.2596050642574654
E81_r2_p50,-1,MCF7::TAK901::dose=1000.0,Magnitude_raw,0.2706955671310425,0.2642753651936968
E81_r2_p50,-1,MCF7::TAK901::dose=10000.0,Magnitude_raw,0.2749311327934265,0.2745085474408466
E81_r2_p50,-1,MCF7::Tanespimycin::dose=10.0,Magnitude_raw,0.2465204447507858,0.24429557690135237
E81_r2_p50,-1,MCF7::Tanespimycin::dose=100.0,Magnitude_raw,0.2515317797660827,0.2411527092872409
E81_r2_p50,-1,MCF7::Tanespimycin::dose=1000.0,Magnitude_raw,0.2530307471752167,0.23888683366043406
E81_r2_p50,-1,MCF7::Tanespimycin::dose=10000.0,Magnitude_raw,0.2671148180961609,0.24276541737760335
E81_r2_p75,-1,A549::Alvespimycin::dose=100.0,Magnitude_raw,0.2406565248966217,0.1981196739754316
E81_r2_p75,-1,A549::Alvespimycin::dose=1000.0,Magnitude_raw,0.249107152223587,0.19735171018541803
E81_r2_p75,-1,A549::Belinostat::dose=10.0,Magnitude_raw,0.2196729779243469,0.20753367553593727
E81_r2_p75,-1,A549::Dacinostat::dose=10.0,Magnitude_raw,0.2469871044158935,0.19864334921798457
E81_r2_p75,-1,A549::Dacinostat::dose=100.0,Magnitude_raw,0.2693161368370056,0.20839630284621682
E81_r2_p75,-1,A549::Dacinostat::dose=1000.0,Magnitude_raw,0.3400445878505707,0.20658711778030425
E81_r2_p75,-1,A549::Dacinostat::dose=10000.0,Magnitude_raw,0.3778240978717804,0.21516498169396092
E81_r2_p75,-1,A549::Flavopiridol::dose=10.0,Magnitude_raw,0.2475032657384872,0.21126264252707805
E81_r2_p75,-1,A549::Flavopiridol::dose=10000.0,Magnitude_raw,0.2356103062629699,0.21267236869778758
E81_r2_p75,-1,A549::Givinostat::dose=10.0,Magnitude_raw,0.2313520312309265,0.20548976210356945
E81_r2_p75,-1,A549::Givinostat::dose=100.0,Magnitude_raw,0.2341573536396026,0.20750009721030568
E81_r2_p75,-1,A549::Givinostat::dose=1000.0,Magnitude_raw,0.2544449865818023,0.20496783120154005
E81_r2_p75,-1,A549::Givinostat::dose=10000.0,Magnitude_raw,0.3802622556686401,0.20888480472268617
E81_r2_p75,-1,A549::Quisinostat::dose=100.0,Magnitude_raw,0.3134579062461853,0.20044312922534302
E81_r2_p75,-1,A549::TAK901::dose=10.0,Magnitude_raw,0.2355143874883651,0.2178715914055695
E81_r2_p75,-1,A549::Tanespimycin::dose=100.0,Magnitude_raw,0.2032237499952316,0.19646189590232171
E81_r2_p75,-1,K562::Alvespimycin::dose=10.0,Magnitude_raw,0.2961452901363373,0.2911841722711557
E81_r2_p75,-1,K562::Alvespimycin::dose=100.0,Magnitude_raw,0.3296713232994079,0.3102073146535397
E81_r2_p75,-1,K562::Alvespimycin::dose=1000.0,Magnitude_raw,0.3300756514072418,0.3101410854152182
E81_r2_p75,-1,K562::Alvespimycin::dose=10000.0,Magnitude_raw,0.339847594499588,0.3105560274661398
E81_r2_p75,-1,K562::Belinostat::dose=10.0,Magnitude_raw,0.3042883276939392,0.29849426971155313
E81_r2_p75,-1,K562::Belinostat::dose=100.0,Magnitude_raw,0.3105491399765014,0.29494777422173846
E81_r2_p75,-1,K562::Belinostat::dose=1000.0,Magnitude_raw,0.3241707682609558,0.2927570356449433
E81_r2_p75,-1,K562::Belinostat::dose=10000.0,Magnitude_raw,0.3396233916282654,0.30057075080887063
E81_r2_p75,-1,K562::Dacinostat::dose=10.0,Magnitude_raw,0.3171117603778839,0.2984718631742164
E81_r2_p75,-1,K562::Dacinostat::dose=100.0,Magnitude_raw,0.3265131711959839,0.29244079338129053
E81_r2_p75,-1,K562::Dacinostat::dose=1000.0,Magnitude_raw,0.3353052139282226,0.287263114587973
E81_r2_p75,-1,K562::Dacinostat::dose=10000.0,Magnitude_raw,0.3454717695713043,0.2879046531330448
E81_r2_p75,-1,K562::Flavopiridol::dose=10.0,Magnitude_raw,0.2977174520492553,0.2979423308695451
E81_r2_p75,-1,K562::Flavopiridol::dose=100.0,Magnitude_raw,0.3122228682041168,0.29757642073364327
E81_r2_p75,-1,K562::Givinostat::dose=10.0,Magnitude_raw,0.3128646612167358,0.2977958626074843
E81_r2_p75,-1,K562::Givinostat::dose=100.0,Magnitude_raw,0.3074440062046051,0.2887587699660864
E81_r2_p75,-1,K562::Givinostat::dose=1000.0,Magnitude_raw,0.3085318803787231,0.29646004892564665
E81_r2_p75,-1,K562::Givinostat::dose=10000.0,Magnitude_raw,0.3462894558906555,0.2894411552926348
E81_r2_p75,-1,K562::Hesperadin::dose=10.0,Magnitude_raw,0.3596945703029632,0.2992882234713259
E81_r2_p75,-1,K562::Hesperadin::dose=100.0,Magnitude_raw,0.3792900145053863,0.3025245322271801
E81_r2_p75,-1,K562::Hesperadin::dose=1000.0,Magnitude_raw,0.3463682830333709,0.29780417674557225
E81_r2_p75,-1,K562::Hesperadin::dose=10000.0,Magnitude_raw,0.3284764587879181,0.2990355973086207
E81_r2_p75,-1,K562::Quisinostat::dose=10.0,Magnitude_raw,0.3281341195106506,0.29478231100522606
E81_r2_p75,-1,K562::Quisinostat::dose=100.0,Magnitude_raw,0.3277289271354675,0.2961570709046384
E81_r2_p75,-1,K562::Quisinostat::dose=1000.0,Magnitude_raw,0.3358704745769501,0.2903607404214601
E81_r2_p75,-1,K562::Quisinostat::dose=10000.0,Magnitude_raw,0.3493391275405884,0.2834256918425002
E81_r2_p75,-1,K562::TAK901::dose=10.0,Magnitude_raw,0.3107686936855316,0.29733304698854823
E81_r2_p75,-1,K562::TAK901::dose=100.0,Magnitude_raw,0.33261638879776,0.2926577715540884
E81_r2_p75,-1,K562::TAK901::dose=1000.0,Magnitude_raw,0.3236114382743835,0.2899075858834119
E81_r2_p75,-1,K562::TAK901::dose=10000.0,Magnitude_raw,0.3069850504398346,0.28791679819303323
E81_r2_p75,-1,K562::Tanespimycin::dose=10.0,Magnitude_raw,0.3001939058303833,0.29956510109135986
E81_r2_p75,-1,K562::Tanespimycin::dose=100.0,Magnitude_raw,0.2877382338047027,0.2975621443051577
E81_r2_p75,-1,K562::Tanespimycin::dose=1000.0,Magnitude_raw,0.3088125586509704,0.3020449185612841
E81_r2_p75,-1,K562::Tanespimycin::dose=10000.0,Magnitude_raw,0.3407545387744903,0.30377230290543333
E81_r2_p75,-1,MCF7::Alvespimycin::dose=1000.0,Magnitude_raw,0.1845503747463226,0.16040675901844437
E81_r2_p75,-1,MCF7::Dacinostat::dose=10.0,Magnitude_raw,0.2018677592277526,0.16157873196152142
E81_r2_p75,-1,MCF7::Dacinostat::dose=100.0,Magnitude_raw,0.2217227518558502,0.15094981666641452
E81_r2_p75,-1,MCF7::Dacinostat::dose=1000.0,Magnitude_raw,0.2858154475688934,0.14748375443618594
E81_r2_p75,-1,MCF7::Dacinostat::dose=10000.0,Magnitude_raw,0.3277088403701782,0.14781257367190612
E81_r2_p75,-1,MCF7::Givinostat::dose=10.0,Magnitude_raw,0.1852532923221588,0.16042237638260076
E81_r2_p75,-1,MCF7::Givinostat::dose=100.0,Magnitude_raw,0.1846941858530044,0.15771865172970617
E81_r2_p75,-1,MCF7::Givinostat::dose=1000.0,Magnitude_raw,0.2107741236686706,0.1584200639495704
E81_r2_p75,-1,MCF7::Givinostat::dose=10000.0,Magnitude_raw,0.3388454020023346,0.1571036222154217
E81_r2_p75,-1,MCF7::Tanespimycin::dose=100.0,Magnitude_raw,0.1915754377841949,0.16864912872522367
E81_r2_p75,-1,MCF7::Tanespimycin::dose=1000.0,Magnitude_raw,0.1960882395505905,0.1635037477926005
E81_r3_p25,-1,A549::Alvespimycin::dose=10.0,Magnitude_raw,0.3543522953987121,0.34730485571359904
E81_r3_p25,-1,A549::Alvespimycin::dose=100.0,Magnitude_raw,0.3850770890712738,0.34456883206375727
E81_r3_p25,-1,A549::Alvespimycin::dose=1000.0,Magnitude_raw,0.389532208442688,0.3439605392895816
E81_r3_p25,-1,A549::Alvespimycin::dose=10000.0,Magnitude_raw,0.3906496465206146,0.3445720749497894
E81_r3_p25,-1,A549::Belinostat::dose=1000.0,Magnitude_raw,0.3938533961772918,0.3646567581829188
E81_r3_p25,-1,A549::Dacinostat::dose=10.0,Magnitude_raw,0.3751371502876282,0.35399488881218233
E81_r3_p25,-1,A549::Flavopiridol::dose=10.0,Magnitude_raw,0.3829823732376098,0.3507308157680097
E81_r3_p25,-1,A549::Flavopiridol::dose=100.0,Magnitude_raw,0.3516547679901123,0.3510201457414246
E81_r3_p25,-1,A549::Flavopiridol::dose=1000.0,Magnitude_raw,0.356988787651062,0.35502458209974735
E81_r3_p25,-1,A549::Flavopiridol::dose=10000.0,Magnitude_raw,0.3751552700996399,0.3576025901321015
E81_r3_p25,-1,A549::Givinostat::dose=10.0,Magnitude_raw,0.3714994192123413,0.3531952784438078
E81_r3_p25,-1,A549::Givinostat::dose=100.0,Magnitude_raw,0.3740744590759277,0.35980392276724144
E81_r3_p25,-1,A549::Givinostat::dose=1000.0,Magnitude_raw,0.3801737129688263,0.3649955551060622
E81_r3_p25,-1,A549::Givinostat::dose=10000.0,Magnitude_raw,0.386936217546463,0.37379587663382524
E81_r3_p25,-1,A549::Hesperadin::dose=10.0,Magnitude_raw,0.4570821821689605,0.35530684472391755
E81_r3_p25,-1,A549::Hesperadin::dose=100.0,Magnitude_raw,0.4161483347415924,0.363045689980208
E81_r3_p25,-1,A549::Hesperadin::dose=1000.0,Magnitude_raw,0.4310136139392853,0.3694160813532637
E81_r3_p25,-1,A549::Hesperadin::dose=10000.0,Magnitude_raw,0.369062602519989,0.3788429587596796
E81_r3_p25,-1,A549::Quisinostat::dose=10.0,Magnitude_raw,0.3317370116710663,0.3524305629716968
E81_r3_p25,-1,A549::Quisinostat::dose=100.0,Magnitude_raw,0.3281801640987396,0.3577797849418775
E81_r3_p25,-1,A549::Quisinostat::dose=1000.0,Magnitude_raw,0.3613340556621551,0.3604464546109541
E81_r3_p25,-1,A549::Quisinostat::dose=10000.0,Magnitude_raw,0.3751636445522308,0.36623084543041085
E81_r3_p25,-1,A549::TAK901::dose=10.0,Magnitude_raw,0.3610865771770477,0.34399657508326087
E81_r3_p25,-1,A549::TAK901::dose=100.0,Magnitude_raw,0.418987900018692,0.3424841978749724
E81_r3_p25,-1,A549::TAK901::dose=1000.0,Magnitude_raw,0.4008470773696899,0.3415384650127133
E81_r3_p25,-1,A549::TAK901::dose=10000.0,Magnitude_raw,0.3726304471492767,0.34174382835020245
E81_r3_p25,-1,A549::Tanespimycin::dose=10.0,Magnitude_raw,0.3611661195755005,0.34923566875114664
E81_r3_p25,-1,A549::Tanespimycin::dose=100.0,Magnitude_raw,0.3583090901374817,0.34830657181114494
E81_r3_p25,-1,A549::Tanespimycin::dose=1000.0,Magnitude_raw,0.4004496037960052,0.3519343374469633
E81_r3_p25,-1,A549::Tanespimycin::dose=10000.0,Magnitude_raw,0.3981602191925049,0.3580327632753093
E81_r3_p25,-1,K562::Alvespimycin::dose=10.0,Magnitude_raw,0.2850510478019714,0.2806668420377473
E81_r3_p25,-1,K562::Alvespimycin::dose=100.0,Magnitude_raw,0.2998985052108764,0.28552510741172304
E81_r3_p25,-1,K562::Alvespimycin::dose=1000.0,Magnitude_raw,0.3058453798294067,0.29095421022251444
E81_r3_p25,-1,K562::Alvespimycin::dose=10000.0,Magnitude_raw,0.3242114186286926,0.3020936462715894
E81_r3_p25,-1,K562::Belinostat::dose=10000.0,Magnitude_raw,0.3016875982284546,0.2703327142211573
E81_r3_p25,-1,K562::Dacinostat::dose=10.0,Magnitude_raw,0.2755195200443268,0.2741190051751223
E81_r3_p25,-1,K562::Flavopiridol::dose=10.0,Magnitude_raw,0.2796552181243896,0.27521052802424856
E81_r3_p25,-1,K562::Flavopiridol::dose=100.0,Magnitude_raw,0.2958012223243713,0.2791654219125119
E81_r3_p25,-1,K562::Givinostat::dose=10.0,Magnitude_raw,0.2844699919223785,0.27460912512881863
E81_r3_p25,-1,K562::Givinostat::dose=100.0,Magnitude_raw,0.2784697413444519,0.27197483238435466
E81_r3_p25,-1,K562::Givinostat::dose=1000.0,Magnitude_raw,0.2785693407058716,0.28068345489969826
E81_r3_p25,-1,K562::Givinostat::dose=10000.0,Magnitude_raw,0.3260516226291656,0.2807525622138957
E81_r3_p25,-1,K562::Hesperadin::dose=10.0,Magnitude_raw,0.315716028213501,0.27156384629208086
E81_r3_p25,-1,K562::Hesperadin::dose=100.0,Magnitude_raw,0.32780921459198,0.27232996215619437
E81_r3_p25,-1,K562::Hesperadin::dose=1000.0,Magnitude_raw,0.3006110787391662,0.27023377811319593
E81_r3_p25,-1,K562::Hesperadin::dose=10000.0,Magnitude_raw,0.3011746704578399,0.27515169213069607
E81_r3_p25,-1,K562::Quisinostat::dose=10.0,Magnitude_raw,0.2932066321372986,0.27283106491580755
E81_r3_p25,-1,K562::Quisinostat::dose=100.0,Magnitude_raw,0.3025162816047668,0.27086667581251717
E81_r3_p25,-1,K562::Quisinostat::dose=1000.0,Magnitude_raw,0.308393120765686,0.2735124498466532
E81_r3_p25,-1,K562::Quisinostat::dose=10000.0,Magnitude_raw,0.3320726752281189,0.2710262572194322
E81_r3_p25,-1,K562::TAK901::dose=10.0,Magnitude_raw,0.2869849801063537,0.2774081103508071
E81_r3_p25,-1,K562::TAK901::dose=100.0,Magnitude_raw,0.308978408575058,0.28228306443651574
E81_r3_p25,-1,K562::TAK901::dose=1000.0,Magnitude_raw,0.3080354034900665,0.28658648083483335
E81_r3_p25,-1,K562::TAK901::dose=10000.0,Magnitude_raw,0.3051734566688537,0.29831700890380985
E81_r3_p25,-1,K562::Tanespimycin::dose=10.0,Magnitude_raw,0.2787134647369385,0.2785870454670039
E81_r3_p25,-1,K562::Tanespimycin::dose=100.0,Magnitude_raw,0.2736349999904632,0.28170342118455316
E81_r3_p25,-1,K562::Tanespimycin::dose=1000.0,Magnitude_raw,0.2927282750606537,0.2891965078636901
E81_r3_p25,-1,K562::Tanespimycin::dose=10000.0,Magnitude_raw,0.321814477443695,0.29460613703566946
E81_r3_p25,-1,MCF7::Alvespimycin::dose=10.0,Magnitude_raw,0.3225690722465515,0.3166662402315468
E81_r3_p25,-1,MCF7::Alvespimycin::dose=100.0,Magnitude_raw,0.3330491483211517,0.3177272732714439
E81_r3_p25,-1,MCF7::Alvespimycin::dose=1000.0,Magnitude_raw,0.3298550248146057,0.3185378848425902
E81_r3_p25,-1,MCF7::Belinostat::dose=10.0,Magnitude_raw,0.321475476026535,0.3180314126723532
E81_r3_p25,-1,MCF7::Belinostat::dose=100.0,Magnitude_raw,0.3329241573810577,0.31708846050353595
E81_r3_p25,-1,MCF7::Belinostat::dose=1000.0,Magnitude_raw,0.3544108271598816,0.32140024063068395
E81_r3_p25,-1,MCF7::Belinostat::dose=10000.0,Magnitude_raw,0.3938243091106415,0.32413632428073436
E81_r3_p25,-1,MCF7::Dacinostat::dose=10.0,Magnitude_raw,0.34949392080307,0.3162002040709328
E81_r3_p25,-1,MCF7::Dacinostat::dose=100.0,Magnitude_raw,0.3619532883167267,0.31457564087474643
E81_r3_p25,-1,MCF7::Dacinostat::dose=1000.0,Magnitude_raw,0.3843164443969726,0.3145573599797328
E81_r3_p25,-1,MCF7::Dacinostat::dose=10000.0,Magnitude_raw,0.4161363840103149,0.31634026773325546
E81_r3_p25,-1,MCF7::Flavopiridol::dose=10.0,Magnitude_raw,0.3317621648311615,0.32505023251038184
E81_r3_p25,-1,MCF7::Flavopiridol::dose=100.0,Magnitude_raw,0.3237547874450683,0.3345915596892816
E81_r3_p25,-1,MCF7::Givinostat::dose=10.0,Magnitude_raw,0.3386158049106598,0.31598915457334115
E81_r3_p25,-1,MCF7::Givinostat::dose=100.0,Magnitude_raw,0.3422828018665313,0.31782146638592734
E81_r3_p25,-1,MCF7::Givinostat::dose=1000.0,Magnitude_raw,0.3646018803119659,0.31645547506056215
E81_r3_p25,-1,MCF7::Givinostat::dose=10000.0,Magnitude_raw,0.4198150634765625,0.3184069935331034
E81_r3_p25,-1,MCF7::Hesperadin::dose=10.0,Magnitude_raw,0.3295136988162994,0.31805050360700565
E81_r3_p25,-1,MCF7::Hesperadin::dose=100.0,Magnitude_raw,0.3328798413276672,0.32140216011371386
E81_r3_p25,-1,MCF7::Hesperadin::dose=1000.0,Magnitude_raw,0.3306488990783691,0.3247011030083655
E81_r3_p25,-1,MCF7::Hesperadin::dose=10000.0,Magnitude_raw,0.3204424381256103,0.3289335550861463
E81_r3_p25,-1,MCF7::Quisinostat::dose=10.0,Magnitude_raw,0.3746389150619507,0.31810067398792646
E81_r3_p25,-1,MCF7::Quisinostat::dose=100.0,Magnitude_raw,0.3891015350818634,0.31972999881724684
E81_r3_p25,-1,MCF7::Quisinostat::dose=1000.0,Magnitude_raw,0.4055216908454895,0.32075530926776125
E81_r3_p25,-1,MCF7::Quisinostat::dose=10000.0,Magnitude_raw,0.4197247922420501,0.32527491928593816
E81_r3_p25,-1,MCF7::TAK901::dose=10.0,Magnitude_raw,0.3322922885417938,0.32178225263101673
E81_r3_p25,-1,MCF7::TAK901::dose=100.0,Magnitude_raw,0.3421875238418579,0.33336089501436655
E81_r3_p25,-1,MCF7::TAK901::dose=1000.0,Magnitude_raw,0.3504586815834045,0.33975372118623676
E81_r3_p25,-1,MCF7::TAK901::dose=10000.0,Magnitude_raw,0.3486183285713196,0.3490922655015571
E81_r3_p25,-1,MCF7::Tanespimycin::dose=10.0,Magnitude_raw,0.3198128938674927,0.3168604426398187
E81_r3_p25,-1,MCF7::Tanespimycin::dose=100.0,Magnitude_raw,0.3321964144706726,0.31498403899264704
E81_r3_p25,-1,MCF7::Tanespimycin::dose=1000.0,Magnitude_raw,0.3361012041568756,0.3174614921576287
E81_r3_p25,-1,MCF7::Tanespimycin::dose=10000.0,Magnitude_raw,0.3479814827442169,0.3173375323992842
E81_r3_p50,-1,A549::Alvespimycin::dose=10.0,Magnitude_raw,0.2469614744186401,0.2323608697916833
E81_r3_p50,-1,A549::Alvespimycin::dose=100.0,Magnitude_raw,0.286076933145523,0.23359726957184265
E81_r3_p50,-1,A549::Alvespimycin::dose=1000.0,Magnitude_raw,0.3009776771068573,0.24063165192236224
E81_r3_p50,-1,A549::Alvespimycin::dose=10000.0,Magnitude_raw,0.3009378015995025,0.243707541509596
E81_r3_p50,-1,A549::Dacinostat::dose=100.0,Magnitude_raw,0.2704159021377563,0.2236734740867718
E81_r3_p50,-1,A549::Flavopiridol::dose=1000.0,Magnitude_raw,0.2506362795829773,0.23545692686334713
E81_r3_p50,-1,A549::Givinostat::dose=10.0,Magnitude_raw,0.2574966251850128,0.2383162316399908
E81_r3_p50,-1,A549::Givinostat::dose=100.0,Magnitude_raw,0.2539753019809723,0.23513574467729909
E81_r3_p50,-1,A549::Givinostat::dose=1000.0,Magnitude_raw,0.2642525434494018,0.23270170686979882
E81_r3_p50,-1,A549::Givinostat::dose=10000.0,Magnitude_raw,0.353467047214508,0.2324165022217274
E81_r3_p50,-1,A549::Hesperadin::dose=10.0,Magnitude_raw,0.3431699872016907,0.24189748407030787
E81_r3_p50,-1,A549::Hesperadin::dose=100.0,Magnitude_raw,0.2904859185218811,0.23813242923217368
E81_r3_p50,-1,A549::Hesperadin::dose=1000.0,Magnitude_raw,0.3136768937110901,0.24811870152244653
E81_r3_p50,-1,A549::Hesperadin::dose=10000.0,Magnitude_raw,0.2762906551361084,0.254045996115713
E81_r3_p50,-1,A549::Quisinostat::dose=1000.0,Magnitude_raw,0.3576043546199798,0.2244872927823955
E81_r3_p50,-1,A549::TAK901::dose=10.0,Magnitude_raw,0.2527489960193634,0.2355175334122512
E81_r3_p50,-1,A549::TAK901::dose=100.0,Magnitude_raw,0.3182466924190521,0.23967154262499765
E81_r3_p50,-1,A549::TAK901::dose=1000.0,Magnitude_raw,0.2946972846984863,0.23082102973415802
E81_r3_p50,-1,A549::TAK901::dose=10000.0,Magnitude_raw,0.2797989249229431,0.2335781289977505
E81_r3_p50,-1,A549::Tanespimycin::dose=10.0,Magnitude_raw,0.2450262606143951,0.2327122033043607
E81_r3_p50,-1,A549::Tanespimycin::dose=100.0,Magnitude_raw,0.2468657195568084,0.23190660311115988
E81_r3_p50,-1,A549::Tanespimycin::dose=1000.0,Magnitude_raw,0.2900960445404053,0.23394648764747047
E81_r3_p50,-1,A549::Tanespimycin::dose=10000.0,Magnitude_raw,0.2834084331989288,0.2302925413263612
E81_r3_p50,-1,K562::Alvespimycin::dose=10.0,Magnitude_raw,0.2476769983768463,0.24247227039074654
E81_r3_p50,-1,K562::Alvespimycin::dose=100.0,Magnitude_raw,0.2619365751743316,0.24358970322109974
E81_r3_p50,-1,K562::Alvespimycin::dose=1000.0,Magnitude_raw,0.2669349610805511,0.24180129813953358
E81_r3_p50,-1,K562::Alvespimycin::dose=10000.0,Magnitude_raw,0.2824535965919494,0.24840161119976414
E81_r3_p50,-1,K562::Dacinostat::dose=10.0,Magnitude_raw,0.2394181787967682,0.24636074782349301
E81_r3_p50,-1,K562::Givinostat::dose=10.0,Magnitude_raw,0.2519298791885376,0.24019100748811897
E81_r3_p50,-1,K562::Givinostat::dose=100.0,Magnitude_raw,0.2480536252260208,0.23970092358883127
E81_r3_p50,-1,K562::Givinostat::dose=1000.0,Magnitude_raw,0.2371130436658859,0.2406571143525292
E81_r3_p50,-1,K562::Givinostat::dose=10000.0,Magnitude_raw,0.276642382144928,0.23815808987924442
E81_r3_p50,-1,K562::Hesperadin::dose=10.0,Magnitude_raw,0.3053293824195862,0.24902379164563276
E81_r3_p50,-1,K562::Hesperadin::dose=100.0,Magnitude_raw,0.3102165758609772,0.24107688522817955
E81_r3_p50,-1,K562::Hesperadin::dose=1000.0,Magnitude_raw,0.2810438871383667,0.23781960292501556
E81_r3_p50,-1,K562::Hesperadin::dose=10000.0,Magnitude_raw,0.2700688540935516,0.23791699954891413
E81_r3_p50,-1,K562::Quisinostat::dose=100.0,Magnitude_raw,0.2613730430603027,0.25362372252656157
E81_r3_p50,-1,K562::Quisinostat::dose=10000.0,Magnitude_raw,0.2866209745407104,0.2669598216046822
E81_r3_p50,-1,K562::TAK901::dose=10.0,Magnitude_raw,0.2551597356796264,0.2430538854878453
E81_r3_p50,-1,K562::TAK901::dose=100.0,Magnitude_raw,0.2772276103496551,0.24577077878663536
E81_r3_p50,-1,K562::TAK901::dose=1000.0,Magnitude_raw,0.2706395089626312,0.24465585258909303
E81_r3_p50,-1,K562::TAK901::dose=10000.0,Magnitude_raw,0.2690760195255279,0.2515175938981278
E81_r3_p50,-1,K562::Tanespimycin::dose=10.0,Magnitude_raw,0.2465909123420715,0.24620823504755776
E81_r3_p50,-1,K562::Tanespimycin::dose=100.0,Magnitude_raw,0.2393159568309784,0.24841350793678924
E81_r3_p50,-1,K562::Tanespimycin::dose=1000.0,Magnitude_raw,0.2569593787193298,0.25079307519969424
E81_r3_p50,-1,K562::Tanespimycin::dose=10000.0,Magnitude_raw,0.2917196750640869,0.25401530489683494
E81_r3_p50,-1,MCF7::Alvespimycin::dose=10.0,Magnitude_raw,0.2427049726247787,0.23571527879360438
E81_r3_p50,-1,MCF7::Alvespimycin::dose=100.0,Magnitude_raw,0.264211893081665,0.2411851184781179
E81_r3_p50,-1,MCF7::Alvespimycin::dose=1000.0,Magnitude_raw,0.2692168653011322,0.2518794037011377
E81_r3_p50,-1,MCF7::Belinostat::dose=10.0,Magnitude_raw,0.2329798191785812,0.2304344036060863
E81_r3_p50,-1,MCF7::Belinostat::dose=100.0,Magnitude_raw,0.2422086298465728,0.22757930857076528
E81_r3_p50,-1,MCF7::Belinostat::dose=1000.0,Magnitude_raw,0.2617411911487579,0.22020679742259322
E81_r3_p50,-1,MCF7::Belinostat::dose=10000.0,Magnitude_raw,0.3400740325450897,0.2213072020990678
E81_r3_p50,-1,MCF7::Dacinostat::dose=10.0,Magnitude_raw,0.2721312344074249,0.2322776054173781
E81_r3_p50,-1,MCF7::Dacinostat::dose=100.0,Magnitude_raw,0.2947176098823547,0.2367803813083908
E81_r3_p50,-1,MCF7::Dacinostat::dose=1000.0,Magnitude_raw,0.3396205902099609,0.23779010501763417
E81_r3_p50,-1,MCF7::Dacinostat::dose=10000.0,Magnitude_raw,0.3836537003517151,0.25566736095028325
E81_r3_p50,-1,MCF7::Flavopiridol::dose=10.0,Magnitude_raw,0.2489886581897735,0.2382628747479216
E81_r3_p50,-1,MCF7::Flavopiridol::dose=100.0,Magnitude_raw,0.2492689937353134,0.24236234227568992
E81_r3_p50,-1,MCF7::Givinostat::dose=10.0,Magnitude_raw,0.258714884519577,0.23543652760054642
E81_r3_p50,-1,MCF7::Givinostat::dose=100.0,Magnitude_raw,0.2614288628101349,0.23599786687310675
E81_r3_p50,-1,MCF7::Givinostat::dose=1000.0,Magnitude_raw,0.2955342233181,0.24646912141313096
E81_r3_p50,-1,MCF7::Givinostat::dose=10000.0,Magnitude_raw,0.3799245953559875,0.25290034376723586
E81_r3_p50,-1,MCF7::Hesperadin::dose=10.0,Magnitude_raw,0.2470780164003372,0.23261044899973332
E81_r3_p50,-1,MCF7::Hesperadin::dose=100.0,Magnitude_raw,0.2428979575634002,0.2258502802768511
E81_r3_p50,-1,MCF7::Hesperadin::dose=1000.0,Magnitude_raw,0.2418639659881591,0.23076520797194056
E81_r3_p50,-1,MCF7::Hesperadin::dose=10000.0,Magnitude_raw,0.2381758689880371,0.22275263121898115
E81_r3_p50,-1,MCF7::Quisinostat::dose=10.0,Magnitude_raw,0.3087610006332397,0.2231707800908777
E81_r3_p50,-1,MCF7::Quisinostat::dose=100.0,Magnitude_raw,0.3384589850902557,0.2330386464843729
E81_r3_p50,-1,MCF7::Quisinostat::dose=1000.0,Magnitude_raw,0.3643463253974914,0.24007320131931567
E81_r3_p50,-1,MCF7::Quisinostat::dose=10000.0,Magnitude_raw,0.3833345174789428,0.23487337533553554
E81_r3_p50,-1,MCF7::TAK901::dose=10.0,Magnitude_raw,0.2468669563531875,0.23597430208175374
E81_r3_p50,-1,MCF7::TAK901::dose=100.0,Magnitude_raw,0.248056024312973,0.2363531677998605
E81_r3_p50,-1,MCF7::TAK901::dose=1000.0,Magnitude_raw,0.2610919773578644,0.24569303276592594
E81_r3_p50,-1,MCF7::TAK901::dose=10000.0,Magnitude_raw,0.2658847272396087,0.24539109494104958
E81_r3_p50,-1,MCF7::Tanespimycin::dose=10.0,Magnitude_raw,0.2375873774290084,0.233150158235206
E81_r3_p50,-1,MCF7::Tanespimycin::dose=100.0,Magnitude_raw,0.2626541256904602,0.2407524982946483
E81_r3_p50,-1,MCF7::Tanespimycin::dose=1000.0,Magnitude_raw,0.2769002318382263,0.2520784004723557
E81_r3_p50,-1,MCF7::Tanespimycin::dose=10000.0,Magnitude_raw,0.2962079048156738,0.26123173062842764
E81_r3_p75,-1,A549::Belinostat::dose=10.0,Magnitude_raw,0.2122957110404968,0.19823324184002386
E81_r3_p75,-1,A549::Dacinostat::dose=10.0,Magnitude_raw,0.2497444152832031,0.20695240124876266
E81_r3_p75,-1,A549::Flavopiridol::dose=100.0,Magnitude_raw,0.2346626669168472,0.20518343079608006
E81_r3_p75,-1,A549::Givinostat::dose=10.0,Magnitude_raw,0.2362746000289917,0.20906196304077632
E81_r3_p75,-1,A549::Givinostat::dose=100.0,Magnitude_raw,0.2443987131118774,0.2186265797209616
E81_r3_p75,-1,A549::Givinostat::dose=1000.0,Magnitude_raw,0.254220962524414,0.2143583888765685
E81_r3_p75,-1,A549::Givinostat::dose=10000.0,Magnitude_raw,0.3573037981986999,0.22908729035404696
E81_r3_p75,-1,A549::Hesperadin::dose=10.0,Magnitude_raw,0.3052036762237549,0.19824901146478024
E81_r3_p75,-1,A549::Hesperadin::dose=1000.0,Magnitude_raw,0.2653495073318481,0.1909672086251685
E81_r3_p75,-1,A549::Quisinostat::dose=1000.0,Magnitude_raw,0.3650122582912445,0.20232776389297913
E81_r3_p75,-1,A549::Quisinostat::dose=10000.0,Magnitude_raw,0.390965461730957,0.1974659237308907
E81_r3_p75,-1,A549::TAK901::dose=10.0,Magnitude_raw,0.2238802015781402,0.20470119083792263
E81_r3_p75,-1,A549::TAK901::dose=100.0,Magnitude_raw,0.2960496544837951,0.21069758997748717
E81_r3_p75,-1,A549::TAK901::dose=1000.0,Magnitude_raw,0.2762302756309509,0.20320469398423815
E81_r3_p75,-1,A549::TAK901::dose=10000.0,Magnitude_raw,0.271786630153656,0.22258505012176688
E81_r3_p75,-1,A549::Tanespimycin::dose=10000.0,Magnitude_raw,0.227488026022911,0.1841349919415966
E81_r3_p75,-1,K562::Alvespimycin::dose=100.0,Magnitude_raw,0.2071125507354736,0.19632270225395487
E81_r3_p75,-1,K562::Flavopiridol::dose=10.0,Magnitude_raw,0.2030226290225982,0.19386353229848455
E81_r3_p75,-1,K562::Givinostat::dose=10.0,Magnitude_raw,0.2086741775274276,0.19424599624635447
E81_r3_p75,-1,K562::Givinostat::dose=100.0,Magnitude_raw,0.1928796470165252,0.18008121955272122
E81_r3_p75,-1,K562::Givinostat::dose=1000.0,Magnitude_raw,0.1944562792778015,0.18750841554318914
E81_r3_p75,-1,K562::Givinostat::dose=10000.0,Magnitude_raw,0.2666494846343994,0.1978766503900883
E81_r3_p75,-1,K562::Quisinostat::dose=10000.0,Magnitude_raw,0.27715864777565,0.1890733401782879
E81_r3_p75,-1,K562::TAK901::dose=10.0,Magnitude_raw,0.2099072784185409,0.19641655009526185
E81_r3_p75,-1,K562::TAK901::dose=100.0,Magnitude_raw,0.2363868206739425,0.20116204363307735
E81_r3_p75,-1,K562::TAK901::dose=1000.0,Magnitude_raw,0.2404994219541549,0.2168382684515334
E81_r3_p75,-1,K562::TAK901::dose=10000.0,Magnitude_raw,0.2309749126434326,0.23241697339609935
E81_r3_p75,-1,MCF7::Alvespimycin::dose=10.0,Magnitude_raw,0.1594113111495971,0.15412108499923266
E81_r3_p75,-1,MCF7::Alvespimycin::dose=100.0,Magnitude_raw,0.1866652965545654,0.1478560817511107
E81_r3_p75,-1,MCF7::Alvespimycin::dose=1000.0,Magnitude_raw,0.185422658920288,0.14798528385745985
E81_r3_p75,-1,MCF7::Belinostat::dose=10.0,Magnitude_raw,0.163555309176445,0.15665859930988504
E81_r3_p75,-1,MCF7::Belinostat::dose=100.0,Magnitude_raw,0.1738480776548385,0.14973874930285483
E81_r3_p75,-1,MCF7::Belinostat::dose=1000.0,Magnitude_raw,0.2161218523979187,0.1563428817297584
E81_r3_p75,-1,MCF7::Belinostat::dose=10000.0,Magnitude_raw,0.3287759125232696,0.15161249748169392
E81_r3_p75,-1,MCF7::Dacinostat::dose=10.0,Magnitude_raw,0.2142332196235656,0.1485843678977259
E81_r3_p75,-1,MCF7::Dacinostat::dose=100.0,Magnitude_raw,0.2530048787593841,0.15058884438079276
E81_r3_p75,-1,MCF7::Dacinostat::dose=1000.0,Magnitude_raw,0.3215965032577514,0.15224162263370755
E81_r3_p75,-1,MCF7::Dacinostat::dose=10000.0,Magnitude_raw,0.3620996177196502,0.16301115684283457
E81_r3_p75,-1,MCF7::Flavopiridol::dose=10.0,Magnitude_raw,0.1697642654180526,0.15378110048153013
E81_r3_p75,-1,MCF7::Flavopiridol::dose=100.0,Magnitude_raw,0.2017500549554824,0.1564704239698668
E81_r3_p75,-1,MCF7::Givinostat::dose=10.0,Magnitude_raw,0.1788776814937591,0.15482779908884298
E81_r3_p75,-1,MCF7::Givinostat::dose=100.0,Magnitude_raw,0.1853586435317993,0.15808976749880946
E81_r3_p75,-1,MCF7::Givinostat::dose=1000.0,Magnitude_raw,0.2255590558052063,0.15724957042238058
E81_r3_p75,-1,MCF7::Givinostat::dose=10000.0,Magnitude_raw,0.359091192483902,0.1636072291710431
E81_r3_p75,-1,MCF7::Hesperadin::dose=10.0,Magnitude_raw,0.1704870015382766,0.15343758099647395
E81_r3_p75,-1,MCF7::Hesperadin::dose=100.0,Magnitude_raw,0.1875681728124618,0.16379185160177243
E81_r3_p75,-1,MCF7::Hesperadin::dose=1000.0,Magnitude_raw,0.1752414405345916,0.15182572303841982
E81_r3_p75,-1,MCF7::Hesperadin::dose=10000.0,Magnitude_raw,0.1945449858903885,0.15393006198586262
E81_r3_p75,-1,MCF7::Quisinostat::dose=10.0,Magnitude_raw,0.2828425765037536,0.1491528338385009
E81_r3_p75,-1,MCF7::Quisinostat::dose=100.0,Magnitude_raw,0.3182262182235718,0.15073086527119234
E81_r3_p75,-1,MCF7::Quisinostat::dose=1000.0,Magnitude_raw,0.3489589989185333,0.15089408443593835
E81_r3_p75,-1,MCF7::Quisinostat::dose=10000.0,Magnitude_raw,0.3701427578926086,0.15592220145209873
E81_r3_p75,-1,MCF7::TAK901::dose=10.0,Magnitude_raw,0.1605852246284485,0.15090935624129168
E81_r3_p75,-1,MCF7::TAK901::dose=100.0,Magnitude_raw,0.1600714921951294,0.14435562193726534
E81_r3_p75,-1,MCF7::TAK901::dose=1000.0,Magnitude_raw,0.1736182272434234,0.15241150843391202
E81_r3_p75,-1,MCF7::TAK901::dose=10000.0,Magnitude_raw,0.2068161517381668,0.15351960842902793
E81_r3_p75,-1,MCF7::Tanespimycin::dose=10.0,Magnitude_raw,0.1568604707717895,0.15191862765544428
E81_r3_p75,-1,MCF7::Tanespimycin::dose=100.0,Magnitude_raw,0.1849188804626464,0.15326669982630114
E81_r3_p75,-1,MCF7::Tanespimycin::dose=1000.0,Magnitude_raw,0.1941656917333603,0.15264099499577394
E81_r3_p75,-1,MCF7::Tanespimycin::dose=10000.0,Magnitude_raw,0.1956146657466888,0.15058042870571373
