line,seed,method,budget,order,target,n_tasks,n_planned,utility20,spearman,aurc,high_risk_miss_rate,error_at_10,error_at_20,error_at_50
Exphormer_to_GAT,20260930,ManualHGB,0.1,0,K562,566,566,0.9217401690030993,0.8947134671235561,0.03995905389320851,0.19298245614035092,0.030433978736465087,0.03275201808727859,0.039555652321312335
Exphormer_to_GAT,20260930,ManualHGB,0.1,0,RPE1,416,416,0.6195991929034799,0.5696368792247617,0.06498088290872571,0.5238095238095238,0.052792047329131134,0.054666412913042146,0.06686762662245618
Exphormer_to_GAT,20260930,ManualHGB,0.1,0,hepg2,405,405,0.8081455050099421,0.7740841549177256,0.04550672916635773,0.32098765432098764,0.037417395189514306,0.03908467786931812,0.045740372322999524
Exphormer_to_GAT,20260930,ManualHGB,0.1,0,jurkat,421,421,0.7145177219755477,0.7095420640381598,0.046142134133713084,0.4117647058823529,0.03868807871729658,0.04078033377215906,0.046531737891938714
Exphormer_to_GAT,20260930,ManualHGB,0.1,1,K562,566,566,0.9198931386555387,0.8938859128644971,0.039976223985448985,0.20175438596491224,0.03007820943035675,0.032655581379436666,0.03951929877493266
Exphormer_to_GAT,20260930,ManualHGB,0.1,1,RPE1,416,416,0.5905774600156812,0.5727365595167861,0.06468088961959295,0.5238095238095238,0.05235759253818263,0.053574665448775524,0.06675942376606497
Exphormer_to_GAT,20260930,ManualHGB,0.1,1,hepg2,405,405,0.8290920651675985,0.7738192053697543,0.04545525025744972,0.2962962962962963,0.037284959825645426,0.03878417033787642,0.04593424415354022
Exphormer_to_GAT,20260930,ManualHGB,0.1,1,jurkat,421,421,0.7262146028026574,0.7048011185937633,0.046271454561593456,0.4117647058823529,0.03944787009278612,0.04102041380589677,0.04663776125190005
Exphormer_to_GAT,20260930,ManualHGB,0.1,2,K562,566,566,0.9243392336955932,0.8937585649673385,0.039950837699960155,0.19298245614035092,0.03054676591782122,0.032627866084594684,0.039584468686295705
Exphormer_to_GAT,20260930,ManualHGB,0.1,2,RPE1,416,416,0.6071117517861302,0.5702206559676165,0.06435348884863436,0.5238095238095238,0.051369803234060374,0.053648622919951844,0.06752678188507305
Exphormer_to_GAT,20260930,ManualHGB,0.1,2,hepg2,405,405,0.8244504764444666,0.7784031107302724,0.045342647963861865,0.32098765432098764,0.03760036328781803,0.03854186986808755,0.045903116157397665
Exphormer_to_GAT,20260930,ManualHGB,0.1,2,jurkat,421,421,0.7285165477051514,0.7025863782871075,0.04611289412019268,0.4,0.03816294727203871,0.04033878387019891,0.04654760697143855
Exphormer_to_GAT,20260930,ManualHGB,0.1,3,K562,566,566,0.9178383695636345,0.8952716112197859,0.039953785420638564,0.19298245614035092,0.030725514148093633,0.032716513740538244,0.0394116168752905
Exphormer_to_GAT,20260930,ManualHGB,0.1,3,RPE1,416,416,0.6206213030058049,0.5690871900570121,0.06439153212264802,0.5119047619047619,0.04954637316875076,0.053572242288666805,0.06737095882018276
Exphormer_to_GAT,20260930,ManualHGB,0.1,3,hepg2,405,405,0.8044676117850621,0.781198528272329,0.045246352113760345,0.33333333333333337,0.03643013885135708,0.03797384165537265,0.04578235500228672
Exphormer_to_GAT,20260930,ManualHGB,0.1,3,jurkat,421,421,0.7227866695120929,0.7110366625787917,0.04585680074156972,0.4117647058823529,0.038292638470657836,0.0402410219119686,0.046476972941738436
Exphormer_to_GAT,20260930,ManualHGB,0.1,4,K562,566,566,0.9153556879224183,0.8911551641759881,0.0399166057987081,0.19298245614035092,0.03059621792294218,0.03278221806378301,0.03967579599757921
Exphormer_to_GAT,20260930,ManualHGB,0.1,4,RPE1,416,416,0.6006509829251786,0.5584207159660359,0.06461580498076613,0.5357142857142857,0.05044705365907461,0.054110606716616216,0.06675769160825896
Exphormer_to_GAT,20260930,ManualHGB,0.1,4,hepg2,405,405,0.8081455050099421,0.7836236372360247,0.04527305225771562,0.32098765432098764,0.0374761595308909,0.03885958483258378,0.04573194056773224
Exphormer_to_GAT,20260930,ManualHGB,0.1,4,jurkat,421,421,0.7125215833438621,0.7091326913543031,0.04608602790949017,0.42352941176470593,0.038277162712470496,0.04013360012662544,0.04660876279676623
Exphormer_to_GAT,20260930,ManualHGB,0.25,0,K562,566,566,0.9234283560123887,0.8979686610750531,0.03990477827802307,0.1842105263157895,0.030308494921778607,0.032679146394325585,0.03951474530977101
Exphormer_to_GAT,20260930,ManualHGB,0.25,0,RPE1,416,416,0.6273592554856223,0.5749724267031383,0.06416580237672012,0.5119047619047619,0.05068285404211149,0.05455755637210096,0.06684028779708899
Exphormer_to_GAT,20260930,ManualHGB,0.25,0,hepg2,405,405,0.8152906764608373,0.7860180226727232,0.04532062626207596,0.308641975308642,0.037745438822646214,0.038627935560541726,0.04553002775586171
Exphormer_to_GAT,20260930,ManualHGB,0.25,0,jurkat,421,421,0.7087225418073018,0.7074916796195376,0.04628286519285265,0.42352941176470593,0.03881545882910341,0.040386503499487456,0.04623267012443747
Exphormer_to_GAT,20260930,ManualHGB,0.25,1,K562,566,566,0.9159874096336497,0.8928767035038365,0.03996522522891842,0.19298245614035092,0.03015958657567693,0.032477230276449276,0.03948573158521468
Exphormer_to_GAT,20260930,ManualHGB,0.25,1,RPE1,416,416,0.6035145337007113,0.5642743530209713,0.06460433234762836,0.5238095238095238,0.05107249889844886,0.054090400779508524,0.06706798016170025
Exphormer_to_GAT,20260930,ManualHGB,0.25,1,hepg2,405,405,0.7928361439242202,0.7732969953662776,0.04535599825865433,0.345679012345679,0.037062759046911684,0.03847990043128804,0.04609538201528669
Exphormer_to_GAT,20260930,ManualHGB,0.25,1,jurkat,421,421,0.6993143732158883,0.714825193302518,0.04601614593891806,0.42352941176470593,0.03927382818058374,0.040376553036812306,0.04615713184064909
Exphormer_to_GAT,20260930,ManualHGB,0.25,2,K562,566,566,0.9152251371950311,0.8928908024263896,0.03998031212422526,0.20175438596491224,0.030938905862635487,0.03290658048575155,0.039529000878218014
Exphormer_to_GAT,20260930,ManualHGB,0.25,2,RPE1,416,416,0.6035901899553596,0.5640264881984779,0.06530724233534907,0.5238095238095238,0.0515154521482568,0.05494211644183313,0.0673528805767738
Exphormer_to_GAT,20260930,ManualHGB,0.25,2,hepg2,405,405,0.8171365475831994,0.777346208603487,0.045373183039878535,0.32098765432098764,0.03699266373286462,0.03840900437183617,0.04606011879360515
Exphormer_to_GAT,20260930,ManualHGB,0.25,2,jurkat,421,421,0.7179452869444276,0.705778780646757,0.04631021614454804,0.4117647058823529,0.03864630727476548,0.040613909125556756,0.046587409959398744
Exphormer_to_GAT,20260930,ManualHGB,0.25,3,K562,566,566,0.9242760080660883,0.8928571393123617,0.040005830259227784,0.20175438596491224,0.030468922023694504,0.032857348279915946,0.039484278958281736
Exphormer_to_GAT,20260930,ManualHGB,0.25,3,RPE1,416,416,0.6164709744556452,0.5718951069857946,0.06434484824525606,0.5238095238095238,0.049488567252416044,0.05383740249906445,0.06716255584862992
Exphormer_to_GAT,20260930,ManualHGB,0.25,3,hepg2,405,405,0.8050393798293255,0.7834478175294939,0.04542919979463006,0.32098765432098764,0.0367038791257684,0.03860204040521163,0.045827322376061186
Exphormer_to_GAT,20260930,ManualHGB,0.25,3,jurkat,421,421,0.7269275991984281,0.7147422739393886,0.04598763338630446,0.4117647058823529,0.03771131304568407,0.04061413909940513,0.0463438755460696
Exphormer_to_GAT,20260930,ManualHGB,0.25,4,K562,566,566,0.9108577916033588,0.8920945999967558,0.040249844780716394,0.21052631578947367,0.03036329123383168,0.03295201256007291,0.03964114460202223
Exphormer_to_GAT,20260930,ManualHGB,0.25,4,RPE1,416,416,0.6152327283474202,0.5744232611532217,0.06429101583158407,0.5238095238095238,0.052214419182581864,0.054006378202970495,0.06691336851691364
Exphormer_to_GAT,20260930,ManualHGB,0.25,4,hepg2,405,405,0.8064502605656668,0.7764201115051365,0.04540753015275436,0.33333333333333337,0.03874736028612555,0.03864955355281335,0.04605347327232447
Exphormer_to_GAT,20260930,ManualHGB,0.25,4,jurkat,421,421,0.7353217599273771,0.7091453492880236,0.046122154056059586,0.4,0.03809545016638791,0.040687700541947765,0.04634327790153645
Exphormer_to_GAT,20260930,ManualHGB,0.5,0,K562,566,566,0.9352832683513841,0.8932028477300255,0.03989395133864827,0.1842105263157895,0.030617173219944074,0.032472789257686,0.039638815925010285
Exphormer_to_GAT,20260930,ManualHGB,0.5,0,RPE1,416,416,0.6342076887284556,0.5601210153790864,0.06499670686685516,0.5,0.049978443801467196,0.05447410195097313,0.06732974906440323
Exphormer_to_GAT,20260930,ManualHGB,0.5,0,hepg2,405,405,0.8056245223171262,0.7837002490241777,0.04541628637994528,0.33333333333333337,0.03852786874670327,0.038958443298721245,0.04524762120828355
Exphormer_to_GAT,20260930,ManualHGB,0.5,0,jurkat,421,421,0.7004266465623926,0.703217954069919,0.04619702728894663,0.4117647058823529,0.03867220544781818,0.040866501247953865,0.046324646897469506
Exphormer_to_GAT,20260930,ManualHGB,0.5,1,K562,566,566,0.9265004035415362,0.8925213114054312,0.04012363760617679,0.17543859649122806,0.0300681579567203,0.03287537978590467,0.03951797545227576
Exphormer_to_GAT,20260930,ManualHGB,0.5,1,RPE1,416,416,0.6148753421705988,0.5653395118963526,0.06424041724590043,0.5238095238095238,0.04803371100432109,0.05444144536569532,0.0671593427056632
Exphormer_to_GAT,20260930,ManualHGB,0.5,1,hepg2,405,405,0.8204500792672305,0.7867556292816414,0.045213137760330945,0.32098765432098764,0.037376507623499304,0.03866810005137915,0.045471983520751165
Exphormer_to_GAT,20260930,ManualHGB,0.5,1,jurkat,421,421,0.7154719206032778,0.6978930765117718,0.04625663064812249,0.4117647058823529,0.03929293852212785,0.04170363920196177,0.04634974679255248
Exphormer_to_GAT,20260930,ManualHGB,0.5,2,K562,566,566,0.9258082950663952,0.8933925133148833,0.040229700630698785,0.1842105263157895,0.031192362431405003,0.03236599631751012,0.03951534500981401
Exphormer_to_GAT,20260930,ManualHGB,0.5,2,RPE1,416,416,0.581517887377675,0.5579932120554584,0.06552986127687127,0.5357142857142857,0.05139100184647054,0.05321278708214279,0.06621489872590111
Exphormer_to_GAT,20260930,ManualHGB,0.5,2,hepg2,405,405,0.8309416218634308,0.7747178009064405,0.045396309757167665,0.32098765432098764,0.03784178999782361,0.03852355111882042,0.04631849103237693
Exphormer_to_GAT,20260930,ManualHGB,0.5,2,jurkat,421,421,0.7045405634578868,0.7040682760554402,0.04609278160548339,0.4,0.03706065254521304,0.040147756032597265,0.046856519406406255
Exphormer_to_GAT,20260930,ManualHGB,0.5,3,K562,566,566,0.930504904800889,0.8975432736336162,0.040003558997684555,0.19298245614035092,0.03087621411951327,0.03266839320026653,0.03940553922681124
Exphormer_to_GAT,20260930,ManualHGB,0.5,3,RPE1,416,416,0.6377338063993968,0.5649662615429968,0.06453418919632294,0.5,0.04811515313106081,0.05334067342682568,0.06778793577825803
Exphormer_to_GAT,20260930,ManualHGB,0.5,3,hepg2,405,405,0.806384935197145,0.7892659030082483,0.04505419431466347,0.33333333333333337,0.03637946881943015,0.03876747611884005,0.04537465755340939
Exphormer_to_GAT,20260930,ManualHGB,0.5,3,jurkat,421,421,0.7247074868994041,0.7105765146120001,0.0459596847736866,0.4,0.03873214607080204,0.04025937524391874,0.04619449126346764
Exphormer_to_GAT,20260930,ManualHGB,0.5,4,K562,566,566,0.9222671425356903,0.8921311630989868,0.04012547351252074,0.20175438596491224,0.030852172475965254,0.03256247104818994,0.03965116655281017
Exphormer_to_GAT,20260930,ManualHGB,0.5,4,RPE1,416,416,0.6280180959022452,0.5887045988174158,0.06382028343283794,0.5119047619047619,0.04736215852133133,0.05320506543253065,0.0663031343715612
Exphormer_to_GAT,20260930,ManualHGB,0.5,4,hepg2,405,405,0.8001311994476293,0.7893313120684502,0.045294665243459875,0.345679012345679,0.039157639275009204,0.039124873959497826,0.045432420549100225
Exphormer_to_GAT,20260930,ManualHGB,0.5,4,jurkat,421,421,0.7576317978265826,0.7094612344455008,0.04593297205251413,0.3764705882352941,0.03763044787296353,0.04047296690588907,0.04658996532168669
Exphormer_to_GAT,20260930,ManualHGB,0.75,0,K562,566,566,0.9381459259580808,0.8902767927838395,0.04008372361377972,0.19298245614035092,0.0309674595379069,0.032782373179975906,0.03964981340505113
Exphormer_to_GAT,20260930,ManualHGB,0.75,0,RPE1,416,416,0.6202153573844794,0.5743664436814687,0.06461043707769966,0.5119047619047619,0.04929728443096218,0.0530126882220916,0.06709679609415567
Exphormer_to_GAT,20260930,ManualHGB,0.75,0,hepg2,405,405,0.8351994972109221,0.7927728717145642,0.045265958268345105,0.33333333333333337,0.037668969136151136,0.038690351610376914,0.0452908531317258
Exphormer_to_GAT,20260930,ManualHGB,0.75,0,jurkat,421,421,0.7086935403580338,0.7178286438568767,0.04587838614504526,0.4,0.03660094181696491,0.04048081969444984,0.0461597195041514
Exphormer_to_GAT,20260930,ManualHGB,0.75,1,K562,566,566,0.9258326309112047,0.8924707775713605,0.04016313890221391,0.1842105263157895,0.030099101454888626,0.0328672569252624,0.03949771151179532
Exphormer_to_GAT,20260930,ManualHGB,0.75,1,RPE1,416,416,0.6272162561654864,0.5759915902674018,0.06434407466828088,0.5119047619047619,0.049342497839563404,0.05458820779033082,0.06659542406110168
Exphormer_to_GAT,20260930,ManualHGB,0.75,1,hepg2,405,405,0.8189987188956516,0.7918640444545676,0.044971459112137804,0.345679012345679,0.03625250055000465,0.03862068796148059,0.045686786568625605
Exphormer_to_GAT,20260930,ManualHGB,0.75,1,jurkat,421,421,0.7331320435325791,0.7070181988445337,0.04609310311804823,0.388235294117647,0.03930269025095203,0.04123042189060296,0.04621515456724123
Exphormer_to_GAT,20260930,ManualHGB,0.75,2,K562,566,566,0.9301031065305094,0.8931693010189307,0.04022936197540979,0.20175438596491224,0.030971156786560247,0.03314234630082845,0.039614099027272955
Exphormer_to_GAT,20260930,ManualHGB,0.75,2,RPE1,416,416,0.6269407850751058,0.5739697028290249,0.06478216807815852,0.5,0.05253328153606083,0.05319793420216217,0.0667949384715252
Exphormer_to_GAT,20260930,ManualHGB,0.75,2,hepg2,405,405,0.8334224329713102,0.7878923935104954,0.045274033831031006,0.33333333333333337,0.03800520708026679,0.03863609064585852,0.045234309208641924
Exphormer_to_GAT,20260930,ManualHGB,0.75,2,jurkat,421,421,0.7446442526191025,0.713896187615988,0.04598249800563381,0.3764705882352941,0.03771263298021873,0.040654556098079074,0.04605041618996774
Exphormer_to_GAT,20260930,ManualHGB,0.75,3,K562,566,566,0.9347285576807166,0.8867220783750585,0.04038199316625412,0.19298245614035092,0.03101035180279659,0.032830868055333064,0.03963506284247364
Exphormer_to_GAT,20260930,ManualHGB,0.75,3,RPE1,416,416,0.6354809273692645,0.5719229078952444,0.06464991010322754,0.5,0.05117071350933477,0.053343773183290505,0.0673618287994257
Exphormer_to_GAT,20260930,ManualHGB,0.75,3,hepg2,405,405,0.8151279867451499,0.7892252800053334,0.045207045588023666,0.33333333333333337,0.037250326436751274,0.038697529075998785,0.045426249455333294
Exphormer_to_GAT,20260930,ManualHGB,0.75,3,jurkat,421,421,0.7412365999408641,0.7143640389010049,0.04592647555956419,0.3764705882352941,0.03793837788268528,0.040171002825710005,0.046381390007440446
Exphormer_to_GAT,20260930,ManualHGB,0.75,4,K562,566,566,0.9247184963392765,0.8925077177807694,0.04005457487930406,0.20175438596491224,0.03056302470013027,0.032423717106687774,0.03984161508297482
Exphormer_to_GAT,20260930,ManualHGB,0.75,4,RPE1,416,416,0.6323951508489327,0.5867048059468586,0.0643088678656662,0.5,0.049805580810948526,0.05579586478435056,0.06607198625993002
Exphormer_to_GAT,20260930,ManualHGB,0.75,4,hepg2,405,405,0.8256472325511923,0.7972762598119205,0.04505251602644683,0.33333333333333337,0.035756628274154593,0.038991596963731924,0.04522484000566383
Exphormer_to_GAT,20260930,ManualHGB,0.75,4,jurkat,421,421,0.7369735650922166,0.7181680009018825,0.045738266778991996,0.388235294117647,0.036279416756169754,0.04054580794206658,0.046204688741935784
Exphormer_to_GAT,20260930,ManualHGB,1.0,0,K562,566,566,0.943303620503977,0.8914960561916376,0.0402514674211481,0.1842105263157895,0.03139843310452293,0.03271161485026612,0.03969709162995961
Exphormer_to_GAT,20260930,ManualHGB,1.0,0,RPE1,416,416,0.6212231469617581,0.5705449356918543,0.06442109720533784,0.5119047619047619,0.05065704561944773,0.05345408186855134,0.06735929081460526
Exphormer_to_GAT,20260930,ManualHGB,1.0,0,hepg2,405,405,0.8595702245270942,0.7982295273862363,0.045006986479732655,0.2962962962962963,0.03688014657692251,0.038079515273019005,0.045075231493576604
Exphormer_to_GAT,20260930,ManualHGB,1.0,0,jurkat,421,421,0.7152918428650578,0.7181723883393345,0.04581650696159339,0.4117647058823529,0.03682875099792527,0.04002998631335164,0.046479148927329426
Exphormer_to_GAT,20260930,ManualHGB,1.0,1,K562,566,566,0.943303620503977,0.8914960561916376,0.0402514674211481,0.1842105263157895,0.03139843310452293,0.03271161485026612,0.03969709162995961
Exphormer_to_GAT,20260930,ManualHGB,1.0,1,RPE1,416,416,0.6212231469617581,0.5705449356918543,0.06442109720533784,0.5119047619047619,0.05065704561944773,0.05345408186855134,0.06735929081460526
Exphormer_to_GAT,20260930,ManualHGB,1.0,1,hepg2,405,405,0.8595702245270942,0.7982295273862363,0.045006986479732655,0.2962962962962963,0.03688014657692251,0.038079515273019005,0.045075231493576604
Exphormer_to_GAT,20260930,ManualHGB,1.0,1,jurkat,421,421,0.7152918428650578,0.7181723883393345,0.04581650696159339,0.4117647058823529,0.03682875099792527,0.04002998631335164,0.046479148927329426
Exphormer_to_GAT,20260930,ManualHGB,1.0,2,K562,566,566,0.943303620503977,0.8914960561916376,0.0402514674211481,0.1842105263157895,0.03139843310452293,0.03271161485026612,0.03969709162995961
Exphormer_to_GAT,20260930,ManualHGB,1.0,2,RPE1,416,416,0.6212231469617581,0.5705449356918543,0.06442109720533784,0.5119047619047619,0.05065704561944773,0.05345408186855134,0.06735929081460526
Exphormer_to_GAT,20260930,ManualHGB,1.0,2,hepg2,405,405,0.8595702245270942,0.7982295273862363,0.045006986479732655,0.2962962962962963,0.03688014657692251,0.038079515273019005,0.045075231493576604
Exphormer_to_GAT,20260930,ManualHGB,1.0,2,jurkat,421,421,0.7152918428650578,0.7181723883393345,0.04581650696159339,0.4117647058823529,0.03682875099792527,0.04002998631335164,0.046479148927329426
Exphormer_to_GAT,20260930,ManualHGB,1.0,3,K562,566,566,0.943303620503977,0.8914960561916376,0.0402514674211481,0.1842105263157895,0.03139843310452293,0.03271161485026612,0.03969709162995961
Exphormer_to_GAT,20260930,ManualHGB,1.0,3,RPE1,416,416,0.6212231469617581,0.5705449356918543,0.06442109720533784,0.5119047619047619,0.05065704561944773,0.05345408186855134,0.06735929081460526
Exphormer_to_GAT,20260930,ManualHGB,1.0,3,hepg2,405,405,0.8595702245270942,0.7982295273862363,0.045006986479732655,0.2962962962962963,0.03688014657692251,0.038079515273019005,0.045075231493576604
Exphormer_to_GAT,20260930,ManualHGB,1.0,3,jurkat,421,421,0.7152918428650578,0.7181723883393345,0.04581650696159339,0.4117647058823529,0.03682875099792527,0.04002998631335164,0.046479148927329426
Exphormer_to_GAT,20260930,ManualHGB,1.0,4,K562,566,566,0.943303620503977,0.8914960561916376,0.0402514674211481,0.1842105263157895,0.03139843310452293,0.03271161485026612,0.03969709162995961
Exphormer_to_GAT,20260930,ManualHGB,1.0,4,RPE1,416,416,0.6212231469617581,0.5705449356918543,0.06442109720533784,0.5119047619047619,0.05065704561944773,0.05345408186855134,0.06735929081460526
Exphormer_to_GAT,20260930,ManualHGB,1.0,4,hepg2,405,405,0.8595702245270942,0.7982295273862363,0.045006986479732655,0.2962962962962963,0.03688014657692251,0.038079515273019005,0.045075231493576604
Exphormer_to_GAT,20260930,ManualHGB,1.0,4,jurkat,421,421,0.7152918428650578,0.7181723883393345,0.04581650696159339,0.4117647058823529,0.03682875099792527,0.04002998631335164,0.046479148927329426
Exphormer_to_GAT,20260930,ManualHistoryDistance,0.1,0,K562,56,566,0.7868678244292833,0.7043745727956254,0.04254554334475137,0.25,0.032600424109239516,0.038646954417632884,0.04042849398048526
Exphormer_to_GAT,20260930,ManualHistoryDistance,0.1,0,RPE1,41,416,0.8692021481219672,0.5994773519163764,0.06535439549987863,0.33333333333333337,0.0542003059482594,0.06029549796524469,0.06727804607956377
Exphormer_to_GAT,20260930,ManualHistoryDistance,0.1,0,hepg2,41,405,0.736349889272225,0.7216027874564462,0.045401665690145046,0.2222222222222222,0.0371806017182734,0.04063449088684462,0.04576250008920094
Exphormer_to_GAT,20260930,ManualHistoryDistance,0.1,0,jurkat,46,421,0.6922003091444158,0.6427998766574159,0.04357185225341066,0.4,0.03770181902407717,0.040854937048314825,0.04405445960903132
Exphormer_to_GAT,20260930,ManualHistoryDistance,0.1,1,K562,56,566,0.34338779203760095,0.456390977443609,0.051366528977166946,0.6666666666666667,0.05388928935982979,0.04479534217125534,0.04849909810080745
Exphormer_to_GAT,20260930,ManualHistoryDistance,0.1,1,RPE1,39,416,0.1712491851707622,0.3955465587044535,0.07096004743611083,0.625,0.07100404435545052,0.06584317319498327,0.06618515926923782
Exphormer_to_GAT,20260930,ManualHistoryDistance,0.1,1,hepg2,38,405,0.4352697804979987,0.434292592187329,0.04883824447168949,0.625,0.0432649850388084,0.04004502991704281,0.05059361763864396
Exphormer_to_GAT,20260930,ManualHistoryDistance,0.1,1,jurkat,44,421,0.5042792016220244,0.4622973925299506,0.05041489246553274,0.6666666666666667,0.045446761562120734,0.04497061132745545,0.04996487111652526
Exphormer_to_GAT,20260930,ManualHistoryDistance,0.1,2,K562,55,566,0.8200172454642195,0.7335497835497837,0.0423438007097594,0.4545454545454546,0.03275121340117738,0.04057531952103326,0.041498205479775015
Exphormer_to_GAT,20260930,ManualHistoryDistance,0.1,2,RPE1,37,416,0.3990287211043801,0.49431009957325744,0.06734672313513237,0.75,0.055980879102093324,0.0517212301467886,0.06704522327250213
Exphormer_to_GAT,20260930,ManualHistoryDistance,0.1,2,hepg2,44,405,0.6234654823505021,0.6200140944326991,0.047404709187093746,0.4444444444444444,0.03922110625762866,0.03907347450066372,0.04828747854104253
Exphormer_to_GAT,20260930,ManualHistoryDistance,0.1,2,jurkat,41,421,0.5609566399082215,0.6167247386759582,0.0455833664479781,0.4444444444444444,0.0394224846562448,0.03638738681389827,0.046354968705407236
Exphormer_to_GAT,20260930,ManualHistoryDistance,0.1,3,K562,56,566,0.8342081815735388,0.8213943950786056,0.04239789484654788,0.33333333333333337,0.03101739801671985,0.03086181102820756,0.043211255653907224
Exphormer_to_GAT,20260930,ManualHistoryDistance,0.1,3,RPE1,42,416,0.5560499999702743,0.4856170488615186,0.06404636265821363,0.6666666666666667,0.053722000311153574,0.059073230919143675,0.0664584409342539
Exphormer_to_GAT,20260930,ManualHistoryDistance,0.1,3,hepg2,41,405,0.18858387034603605,0.47526132404181193,0.048939317014078526,0.7777777777777778,0.034170139649739785,0.04901704039642756,0.048983711328969844
Exphormer_to_GAT,20260930,ManualHistoryDistance,0.1,3,jurkat,42,421,0.6704243159119903,0.6745806660724415,0.045783537857679316,0.4444444444444444,0.030668371397865223,0.03357194470633037,0.04895295147759514
Exphormer_to_GAT,20260930,ManualHistoryDistance,0.1,4,K562,57,566,0.4534001285211835,0.5541223749027743,0.05389122281681655,0.5833333333333333,0.06087314385963005,0.05062592305629927,0.04715981322214615
Exphormer_to_GAT,20260930,ManualHistoryDistance,0.1,4,RPE1,42,416,0.43447047173873926,0.4924236285552224,0.07241695841310786,0.7777777777777778,0.07483626160601983,0.0703264793623362,0.06480557358081633
Exphormer_to_GAT,20260930,ManualHistoryDistance,0.1,4,hepg2,38,405,0.5801472148081978,0.6292811029653135,0.05004743906216484,0.375,0.04908241670788355,0.044796527682525435,0.04609247549608188
Exphormer_to_GAT,20260930,ManualHistoryDistance,0.1,4,jurkat,46,421,0.7224690326248483,0.7092815294480419,0.04653877966528802,0.4,0.039136292678030885,0.0403544582226584,0.04616440032657986
Exphormer_to_GAT,20260930,ManualHistoryDistance,0.25,0,K562,139,566,0.6605241090214494,0.6393225792037176,0.04644147972998794,0.3571428571428571,0.041928469469153185,0.040722784328369,0.044187990539289956
Exphormer_to_GAT,20260930,ManualHistoryDistance,0.25,0,RPE1,109,416,0.6732717150850296,0.5103604855898434,0.06705608371979827,0.40909090909090906,0.0536930545228581,0.06512836428012422,0.06791687973013934
Exphormer_to_GAT,20260930,ManualHistoryDistance,0.25,0,hepg2,99,405,0.6254217528505535,0.6562894248608533,0.04590554658640755,0.5,0.03594276477538451,0.0405683230310346,0.046173479620129826
Exphormer_to_GAT,20260930,ManualHistoryDistance,0.25,0,jurkat,102,421,0.620868152009494,0.6446160892502728,0.0444450928874839,0.47619047619047616,0.035112895596016214,0.03978970372104315,0.04606500642954452
Exphormer_to_GAT,20260930,ManualHistoryDistance,0.25,1,K562,143,566,0.5961849838521218,0.6052521422239733,0.04399824944049917,0.5172413793103448,0.03531588458080294,0.03713063631561531,0.04356850039098374
Exphormer_to_GAT,20260930,ManualHistoryDistance,0.25,1,RPE1,99,416,0.547506149334324,0.4233518862090291,0.06838479939168175,0.6,0.061431046015818704,0.06663716193547517,0.06673034378066887
Exphormer_to_GAT,20260930,ManualHistoryDistance,0.25,1,hepg2,94,405,0.5040446022833633,0.4772965357800817,0.04957557282502333,0.5263157894736843,0.04001758537621578,0.04379127313301728,0.05006649468998804
Exphormer_to_GAT,20260930,ManualHistoryDistance,0.25,1,jurkat,107,421,0.5892965160853127,0.668880659887537,0.0461336953200055,0.5454545454545454,0.038863332850767644,0.03782110888919074,0.04551923242693565
Exphormer_to_GAT,20260930,ManualHistoryDistance,0.25,2,K562,140,566,0.6815814040086208,0.64138112002799,0.0441427670034812,0.4642857142857143,0.03652598782162051,0.04096462445583336,0.043584759930627374
Exphormer_to_GAT,20260930,ManualHistoryDistance,0.25,2,RPE1,97,416,0.48716574135212354,0.5312434252051336,0.06669977935416307,0.6,0.0581519007614447,0.062348174489701313,0.06653933998191025
Exphormer_to_GAT,20260930,ManualHistoryDistance,0.25,2,hepg2,104,405,0.5386535676835441,0.549087805398485,0.04932189375474179,0.5714285714285714,0.04092714401466027,0.04219405998424125,0.04922051520741419
Exphormer_to_GAT,20260930,ManualHistoryDistance,0.25,2,jurkat,106,421,0.5161926752166383,0.5157618963649646,0.049457869574969,0.5909090909090908,0.04389595472647521,0.0413279283921285,0.04930824957263967
Exphormer_to_GAT,20260930,ManualHistoryDistance,0.25,3,K562,140,566,0.8583930216277705,0.751997550895454,0.042287967248529346,0.3571428571428571,0.03496648548875602,0.03360468725862358,0.04134303698178645
Exphormer_to_GAT,20260930,ManualHistoryDistance,0.25,3,RPE1,103,416,0.5970279515088619,0.5679611650485438,0.06599997776104416,0.47619047619047616,0.05301982808530948,0.05812313524764329,0.06810592160138138
Exphormer_to_GAT,20260930,ManualHistoryDistance,0.25,3,hepg2,104,405,0.5774742895111825,0.5728048650378749,0.04883781950556917,0.47619047619047616,0.04181920989887509,0.04299082248130466,0.04778686855388944
Exphormer_to_GAT,20260930,ManualHistoryDistance,0.25,3,jurkat,107,421,0.7107401507691093,0.7255138227629851,0.044757988033544735,0.36363636363636365,0.03615766782272411,0.036137591100214785,0.045999699351843566
Exphormer_to_GAT,20260930,ManualHistoryDistance,0.25,4,K562,141,566,0.5616310576872106,0.5217817543559227,0.05315003085257474,0.5517241379310345,0.057589841152016395,0.05097705066022148,0.047184081386866375
Exphormer_to_GAT,20260930,ManualHistoryDistance,0.25,4,RPE1,103,416,0.6168192950006199,0.5768791459825156,0.06636724545893231,0.6666666666666667,0.06653557440482367,0.06011272111223481,0.06579801375972769
Exphormer_to_GAT,20260930,ManualHistoryDistance,0.25,4,hepg2,97,405,0.5131624676113252,0.5109404586576899,0.05297266969062818,0.55,0.0535705854608306,0.047750854358188544,0.049655734514462896
Exphormer_to_GAT,20260930,ManualHistoryDistance,0.25,4,jurkat,106,421,0.7256014590048824,0.6820918457314155,0.04680381716277152,0.40909090909090906,0.039409905141475576,0.040011353043403856,0.04610234365055623
Exphormer_to_GAT,20260930,ManualHistoryDistance,0.5,0,K562,282,566,0.7106934134424076,0.6569770661826461,0.045094261202273764,0.38596491228070173,0.03687320706791014,0.04050499541593362,0.043092804928020284
Exphormer_to_GAT,20260930,ManualHistoryDistance,0.5,0,RPE1,212,416,0.5072986378326582,0.5117614387028601,0.07022901562083804,0.4883720930232558,0.06071399426496792,0.06614045505652348,0.06947143368454012
Exphormer_to_GAT,20260930,ManualHistoryDistance,0.5,0,hepg2,197,405,0.4980301001552485,0.5635051436356731,0.05026191848602974,0.575,0.04084146418551197,0.04746446303770496,0.04926858602763174
Exphormer_to_GAT,20260930,ManualHistoryDistance,0.5,0,jurkat,206,421,0.6372699252023843,0.5986986378939348,0.04775413494072438,0.5,0.041291019372678685,0.041601599337792984,0.04713798432961827
Exphormer_to_GAT,20260930,ManualHistoryDistance,0.5,1,K562,283,566,0.5421875157715441,0.5985031306552191,0.04754682686157704,0.49122807017543857,0.04047490368492107,0.04248878309130633,0.044688032438449536
Exphormer_to_GAT,20260930,ManualHistoryDistance,0.5,1,RPE1,198,416,0.48216421401651616,0.45092792063687154,0.070585655987759,0.6,0.07004807009502118,0.0650453098806093,0.06660662196097875
Exphormer_to_GAT,20260930,ManualHistoryDistance,0.5,1,hepg2,199,405,0.4910041444066909,0.49699710674585046,0.05079522030502787,0.575,0.04304659127260131,0.046432405919247736,0.051100246642972316
Exphormer_to_GAT,20260930,ManualHistoryDistance,0.5,1,jurkat,210,421,0.5694058713344271,0.5831573764225297,0.04874711911381512,0.5476190476190477,0.04008020603041731,0.041463317810199685,0.048131542534540946
Exphormer_to_GAT,20260930,ManualHistoryDistance,0.5,2,K562,282,566,0.6566862870776156,0.601170917767401,0.04835733942625568,0.42105263157894735,0.04707643194448699,0.043487597783295244,0.04455467637897187
Exphormer_to_GAT,20260930,ManualHistoryDistance,0.5,2,RPE1,200,416,0.551924803506577,0.5022650566264157,0.06829931332265989,0.525,0.06184515698099815,0.06207109863539384,0.06695814399390768
Exphormer_to_GAT,20260930,ManualHistoryDistance,0.5,2,hepg2,205,405,0.5343388992000978,0.5688958225961471,0.048929147077670154,0.5609756097560976,0.04007698819842842,0.04293396311950151,0.04801120122168246
Exphormer_to_GAT,20260930,ManualHistoryDistance,0.5,2,jurkat,210,421,0.5784618607300146,0.5734065884228019,0.0481960675167672,0.5714285714285714,0.03815855065195009,0.041479724076730826,0.048426862680526386
Exphormer_to_GAT,20260930,ManualHistoryDistance,0.5,3,K562,284,566,0.6803302614316109,0.6674468982389782,0.04809193546491837,0.42105263157894735,0.045495970736403296,0.0404220967562784,0.044162801972270634
Exphormer_to_GAT,20260930,ManualHistoryDistance,0.5,3,RPE1,218,416,0.50474758592094,0.47907560742678523,0.07068072685405044,0.5681818181818181,0.0635903976557868,0.0634147473270792,0.06883819758991802
Exphormer_to_GAT,20260930,ManualHistoryDistance,0.5,3,hepg2,205,405,0.5204234973229959,0.6089036230168127,0.04816671101019024,0.5609756097560976,0.03940539324764032,0.04370385951085776,0.047657165370390116
Exphormer_to_GAT,20260930,ManualHistoryDistance,0.5,3,jurkat,206,421,0.5628648661947329,0.6880052987950732,0.04616238951656338,0.5,0.0390572182574083,0.03872813356438907,0.04652828656571928
Exphormer_to_GAT,20260930,ManualHistoryDistance,0.5,4,K562,283,566,0.6762281069782271,0.6241508898515519,0.04868260521691309,0.4035087719298246,0.04659726197798842,0.04209510392139934,0.0452077736701771
Exphormer_to_GAT,20260930,ManualHistoryDistance,0.5,4,RPE1,202,416,0.593043361388041,0.5873192201214092,0.06548138289697283,0.5609756097560976,0.05995809519486157,0.05634819518880328,0.06432409516544317
Exphormer_to_GAT,20260930,ManualHistoryDistance,0.5,4,hepg2,199,405,0.5514428314594862,0.5177280341099437,0.05157901340270892,0.55,0.049261652165557716,0.0456190445216912,0.049850458599553775
Exphormer_to_GAT,20260930,ManualHistoryDistance,0.5,4,jurkat,202,421,0.6424084363561872,0.6300417630910948,0.04810386366990582,0.46341463414634143,0.04178800289959165,0.04042850020404583,0.04775073377757024
Exphormer_to_GAT,20260930,ManualHistoryDistance,0.75,0,K562,424,566,0.6778616434546813,0.6398554797270172,0.045856782367596834,0.4117647058823529,0.03923846728357936,0.040657000179879485,0.043800567644541245
Exphormer_to_GAT,20260930,ManualHistoryDistance,0.75,0,RPE1,312,416,0.5518663146864906,0.5199631121988149,0.06941556649116307,0.5079365079365079,0.06290007141077389,0.06453565744581582,0.06817601897580455
Exphormer_to_GAT,20260930,ManualHistoryDistance,0.75,0,hepg2,302,405,0.5233311411625527,0.5436242838822617,0.050607791926483146,0.5245901639344263,0.042760412940286284,0.046808039724297784,0.04921606651071923
Exphormer_to_GAT,20260930,ManualHistoryDistance,0.75,0,jurkat,315,421,0.6399885440655864,0.5811170876477657,0.0491471085154688,0.4920634920634921,0.04380038847073156,0.04279228861036364,0.04831760484919039
Exphormer_to_GAT,20260930,ManualHistoryDistance,0.75,1,K562,425,566,0.6350046948428713,0.6455928467586876,0.04620295974966149,0.43529411764705883,0.04058944498193637,0.040588916297349314,0.04390657082277817
Exphormer_to_GAT,20260930,ManualHistoryDistance,0.75,1,RPE1,308,416,0.5099153772193615,0.48802148169657106,0.06844507453286154,0.5806451612903225,0.06255167212883053,0.06201258734074105,0.0666228236062839
Exphormer_to_GAT,20260930,ManualHistoryDistance,0.75,1,hepg2,304,405,0.5377016096585984,0.5197887390119512,0.05004385024280934,0.540983606557377,0.04197622672526508,0.04705506092753054,0.049844397234216305
Exphormer_to_GAT,20260930,ManualHistoryDistance,0.75,1,jurkat,316,421,0.6511537400339366,0.6320306216165339,0.04786766505443739,0.46875,0.04052870078480615,0.041209929114766196,0.047694444303236425
Exphormer_to_GAT,20260930,ManualHistoryDistance,0.75,2,K562,423,566,0.6469875266066476,0.6207668300986237,0.04794804254417815,0.42352941176470593,0.043134098554964376,0.0429388915291071,0.04485101596921917
Exphormer_to_GAT,20260930,ManualHistoryDistance,0.75,2,RPE1,316,416,0.5037933766803109,0.47270390167007986,0.0692696189279001,0.546875,0.06272369173143696,0.06253573711523527,0.06839166242529772
Exphormer_to_GAT,20260930,ManualHistoryDistance,0.75,2,hepg2,305,405,0.5633628239063335,0.5669618839770593,0.04897168451368338,0.5081967213114754,0.040355834919096965,0.04444016951638175,0.04850757445129774
Exphormer_to_GAT,20260930,ManualHistoryDistance,0.75,2,jurkat,320,421,0.610203013664404,0.5881742009199309,0.04889352553372499,0.515625,0.04305093115250505,0.04161739824399183,0.04838836686255273
Exphormer_to_GAT,20260930,ManualHistoryDistance,0.75,3,K562,427,566,0.6573511325595838,0.6361604590003634,0.04771782019710031,0.4418604651162791,0.043046244857785104,0.0412752929636714,0.04452140005790446
Exphormer_to_GAT,20260930,ManualHistoryDistance,0.75,3,RPE1,320,416,0.536726336325062,0.48950319339056053,0.06920460453722435,0.546875,0.06195857581967194,0.06311147330564153,0.0677440847101102
Exphormer_to_GAT,20260930,ManualHistoryDistance,0.75,3,hepg2,306,405,0.5078589497237824,0.5666355696975219,0.04913652257565085,0.5483870967741935,0.04038473005425288,0.044402297394525864,0.048500372411644684
Exphormer_to_GAT,20260930,ManualHistoryDistance,0.75,3,jurkat,310,421,0.6641489111753416,0.6873123784645472,0.04620937102474133,0.4354838709677419,0.037880165916049695,0.03896708193194986,0.04700115662924031
Exphormer_to_GAT,20260930,ManualHistoryDistance,0.75,4,K562,425,566,0.6456115766224174,0.6324747151052822,0.04718511873699091,0.42352941176470593,0.04377443547500843,0.040914330678536524,0.04352217942614162
Exphormer_to_GAT,20260930,ManualHistoryDistance,0.75,4,RPE1,303,416,0.5848955924114907,0.5586454210077683,0.06734630304753343,0.540983606557377,0.061942361996597646,0.06140478382992664,0.06545620224093096
Exphormer_to_GAT,20260930,ManualHistoryDistance,0.75,4,hepg2,302,405,0.525217689246983,0.5299191752798302,0.050009949999183255,0.5573770491803278,0.04478868341657388,0.045550277621305965,0.04895668889247007
Exphormer_to_GAT,20260930,ManualHistoryDistance,0.75,4,jurkat,319,421,0.6089193806543608,0.6248706157212988,0.04798111101561359,0.515625,0.042467281281688446,0.04064737623864624,0.04709729943520955
Exphormer_to_GAT,20260930,ManualHistoryDistance,1.0,0,K562,566,566,0.6535929065262329,0.6283157382879077,0.04710445703296938,0.4385964912280702,0.041472863652729806,0.04163611220093259,0.04426158905008518
Exphormer_to_GAT,20260930,ManualHistoryDistance,1.0,0,RPE1,416,416,0.5552622874271125,0.5038533214207134,0.06844501653131015,0.5357142857142857,0.0632482757146893,0.06236233091291625,0.06693498017678655
Exphormer_to_GAT,20260930,ManualHistoryDistance,1.0,0,hepg2,405,405,0.5335589962961347,0.5351664887342593,0.05011247716124568,0.5432098765432098,0.04285061335152475,0.0465268473579767,0.04901484890310257
Exphormer_to_GAT,20260930,ManualHistoryDistance,1.0,0,jurkat,421,421,0.6165398238594998,0.6002142109334418,0.04870090817421736,0.49411764705882355,0.043007051995324896,0.041787500497031865,0.04819581406131855
Exphormer_to_GAT,20260930,ManualHistoryDistance,1.0,1,K562,566,566,0.6535929065262329,0.6283157382879077,0.04710445703296938,0.4385964912280702,0.041472863652729806,0.04163611220093259,0.04426158905008518
Exphormer_to_GAT,20260930,ManualHistoryDistance,1.0,1,RPE1,416,416,0.5552622874271125,0.5038533214207134,0.06844501653131015,0.5357142857142857,0.0632482757146893,0.06236233091291625,0.06693498017678655
Exphormer_to_GAT,20260930,ManualHistoryDistance,1.0,1,hepg2,405,405,0.5335589962961347,0.5351664887342593,0.05011247716124568,0.5432098765432098,0.04285061335152475,0.0465268473579767,0.04901484890310257
Exphormer_to_GAT,20260930,ManualHistoryDistance,1.0,1,jurkat,421,421,0.6165398238594998,0.6002142109334418,0.04870090817421736,0.49411764705882355,0.043007051995324896,0.041787500497031865,0.04819581406131855
Exphormer_to_GAT,20260930,ManualHistoryDistance,1.0,2,K562,566,566,0.6535929065262329,0.6283157382879077,0.04710445703296938,0.4385964912280702,0.041472863652729806,0.04163611220093259,0.04426158905008518
Exphormer_to_GAT,20260930,ManualHistoryDistance,1.0,2,RPE1,416,416,0.5552622874271125,0.5038533214207134,0.06844501653131015,0.5357142857142857,0.0632482757146893,0.06236233091291625,0.06693498017678655
Exphormer_to_GAT,20260930,ManualHistoryDistance,1.0,2,hepg2,405,405,0.5335589962961347,0.5351664887342593,0.05011247716124568,0.5432098765432098,0.04285061335152475,0.0465268473579767,0.04901484890310257
Exphormer_to_GAT,20260930,ManualHistoryDistance,1.0,2,jurkat,421,421,0.6165398238594998,0.6002142109334418,0.04870090817421736,0.49411764705882355,0.043007051995324896,0.041787500497031865,0.04819581406131855
Exphormer_to_GAT,20260930,ManualHistoryDistance,1.0,3,K562,566,566,0.6535929065262329,0.6283157382879077,0.04710445703296938,0.4385964912280702,0.041472863652729806,0.04163611220093259,0.04426158905008518
Exphormer_to_GAT,20260930,ManualHistoryDistance,1.0,3,RPE1,416,416,0.5552622874271125,0.5038533214207134,0.06844501653131015,0.5357142857142857,0.0632482757146893,0.06236233091291625,0.06693498017678655
Exphormer_to_GAT,20260930,ManualHistoryDistance,1.0,3,hepg2,405,405,0.5335589962961347,0.5351664887342593,0.05011247716124568,0.5432098765432098,0.04285061335152475,0.0465268473579767,0.04901484890310257
Exphormer_to_GAT,20260930,ManualHistoryDistance,1.0,3,jurkat,421,421,0.6165398238594998,0.6002142109334418,0.04870090817421736,0.49411764705882355,0.043007051995324896,0.041787500497031865,0.04819581406131855
Exphormer_to_GAT,20260930,ManualHistoryDistance,1.0,4,K562,566,566,0.6535929065262329,0.6283157382879077,0.04710445703296938,0.4385964912280702,0.041472863652729806,0.04163611220093259,0.04426158905008518
Exphormer_to_GAT,20260930,ManualHistoryDistance,1.0,4,RPE1,416,416,0.5552622874271125,0.5038533214207134,0.06844501653131015,0.5357142857142857,0.0632482757146893,0.06236233091291625,0.06693498017678655
Exphormer_to_GAT,20260930,ManualHistoryDistance,1.0,4,hepg2,405,405,0.5335589962961347,0.5351664887342593,0.05011247716124568,0.5432098765432098,0.04285061335152475,0.0465268473579767,0.04901484890310257
Exphormer_to_GAT,20260930,ManualHistoryDistance,1.0,4,jurkat,421,421,0.6165398238594998,0.6002142109334418,0.04870090817421736,0.49411764705882355,0.043007051995324896,0.041787500497031865,0.04819581406131855
GAT_to_Exphormer,20260930,ManualHGB,0.1,0,K562,566,566,0.9269929280292413,0.8790115411301731,0.0397195967384794,0.21052631578947367,0.03188654544947919,0.03248707399265524,0.038817907524563836
GAT_to_Exphormer,20260930,ManualHGB,0.1,0,RPE1,416,416,0.628430293231975,0.5723502005339061,0.06468585572449938,0.48809523809523814,0.05392307634048154,0.05342705621655756,0.06642018261731605
GAT_to_Exphormer,20260930,ManualHGB,0.1,0,hepg2,405,405,0.8130533744723485,0.7654000793922896,0.04538657450957263,0.33333333333333337,0.03682416068397612,0.038841629430043705,0.04567715626125204
GAT_to_Exphormer,20260930,ManualHGB,0.1,0,jurkat,421,421,0.7266595770154456,0.694276684406653,0.04613060303850707,0.388235294117647,0.037160411304228806,0.04096802510761798,0.046922464280520194
GAT_to_Exphormer,20260930,ManualHGB,0.1,1,K562,566,566,0.9273438897097397,0.8750357791219943,0.03986938813042985,0.2192982456140351,0.03223993945068181,0.03243591696511915,0.03900781377603109
GAT_to_Exphormer,20260930,ManualHGB,0.1,1,RPE1,416,416,0.6209805000653088,0.5776523043935545,0.06453295716463679,0.48809523809523814,0.05303634486011653,0.055134394446310644,0.06661167065610384
GAT_to_Exphormer,20260930,ManualHGB,0.1,1,hepg2,405,405,0.8104870959838173,0.7677859448593563,0.045364645167066724,0.33333333333333337,0.03695453045781714,0.03855970180275715,0.04579772825643332
GAT_to_Exphormer,20260930,ManualHGB,0.1,1,jurkat,421,421,0.7584367223892562,0.6937259773990951,0.04613252719020982,0.3647058823529412,0.03704432238162093,0.04052681533803441,0.04681895588854165
GAT_to_Exphormer,20260930,ManualHGB,0.1,2,K562,566,566,0.9278955186090534,0.8761066566399991,0.039809319898445834,0.22807017543859653,0.03189051100278889,0.03273630305550188,0.03905228782755207
GAT_to_Exphormer,20260930,ManualHGB,0.1,2,RPE1,416,416,0.6226340077275361,0.5742304288991283,0.06420811597269346,0.48809523809523814,0.04983804210419585,0.05428531494667316,0.06630041477816319
GAT_to_Exphormer,20260930,ManualHGB,0.1,2,hepg2,405,405,0.80481764307622,0.7682492087651075,0.04536311359101153,0.345679012345679,0.037106962577654806,0.038482779929661454,0.045800106830289906
GAT_to_Exphormer,20260930,ManualHGB,0.1,2,jurkat,421,421,0.7164299311179446,0.6897535021767462,0.046202438903468854,0.4117647058823529,0.03699680628649761,0.040458252942110993,0.0469514180789873
GAT_to_Exphormer,20260930,ManualHGB,0.1,3,K562,566,566,0.9240878827684702,0.8780346266211101,0.03973515555326486,0.22807017543859653,0.031820619451586346,0.03251474363289623,0.038961735025287714
GAT_to_Exphormer,20260930,ManualHGB,0.1,3,RPE1,416,416,0.6368689548087335,0.5748028985909376,0.06425766805937909,0.48809523809523814,0.04925682564320371,0.05393003836957361,0.06633789384535081
GAT_to_Exphormer,20260930,ManualHGB,0.1,3,hepg2,405,405,0.8060828157843789,0.7653433153779575,0.04542843462340217,0.345679012345679,0.03745235117080716,0.03794774378213817,0.045977084905980806
GAT_to_Exphormer,20260930,ManualHGB,0.1,3,jurkat,421,421,0.7184150333435071,0.6917981369589703,0.04592235590597286,0.4,0.03653288138174451,0.04020322015713136,0.046793821904728014
GAT_to_Exphormer,20260930,ManualHGB,0.1,4,K562,566,566,0.9273420372671811,0.8730786633199847,0.039777500201498714,0.21052631578947367,0.03164519727968687,0.032930431283817695,0.03898906225732861
GAT_to_Exphormer,20260930,ManualHGB,0.1,4,RPE1,416,416,0.6322381282190616,0.5712723967610829,0.06449348366637757,0.48809523809523814,0.048307471912176936,0.05555039172134775,0.06607111340244388
GAT_to_Exphormer,20260930,ManualHGB,0.1,4,hepg2,405,405,0.8047198211695787,0.7681770284985956,0.0453091104378706,0.345679012345679,0.03680435202634357,0.038349888618861516,0.04595361701878445
GAT_to_Exphormer,20260930,ManualHGB,0.1,4,jurkat,421,421,0.7204530845181735,0.695171688443637,0.04602955426843164,0.4,0.036233362896797836,0.04015625346237874,0.04674315056266393
GAT_to_Exphormer,20260930,ManualHGB,0.25,0,K562,566,566,0.9228591856556705,0.88403119311035,0.039693222030666615,0.22807017543859653,0.03174039957179662,0.032779794372076086,0.0387770328618401
GAT_to_Exphormer,20260930,ManualHGB,0.25,0,RPE1,416,416,0.6363937597752873,0.5755878622565557,0.06446513406429091,0.48809523809523814,0.05308807911478105,0.054586144429028094,0.06658912527630831
GAT_to_Exphormer,20260930,ManualHGB,0.25,0,hepg2,405,405,0.7992908534204763,0.7818538824536723,0.04520376683955402,0.3580246913580247,0.036816666557785024,0.03849266763272493,0.045284820131147686
GAT_to_Exphormer,20260930,ManualHGB,0.25,0,jurkat,421,421,0.7296475043889454,0.6964598500519564,0.04595975114616485,0.388235294117647,0.037295643241462124,0.04066586783556065,0.04653406043772066
GAT_to_Exphormer,20260930,ManualHGB,0.25,1,K562,566,566,0.9246457012533459,0.874445084451918,0.039776559330176875,0.2192982456140351,0.03262432080524997,0.03274822798062158,0.03894100292362714
GAT_to_Exphormer,20260930,ManualHGB,0.25,1,RPE1,416,416,0.6178349279117104,0.5746513504406217,0.0649226021706833,0.5,0.05360264621148219,0.05472794347248383,0.06576452421866685
GAT_to_Exphormer,20260930,ManualHGB,0.25,1,hepg2,405,405,0.8141414272897748,0.764063452534501,0.045352200449193025,0.33333333333333337,0.036726145976721324,0.038432054992876705,0.045889943682318836
GAT_to_Exphormer,20260930,ManualHGB,0.25,1,jurkat,421,421,0.7400848168108293,0.69499368282665,0.04598250926829892,0.3764705882352941,0.03645791203299157,0.039798586253464566,0.046756727944929175
GAT_to_Exphormer,20260930,ManualHGB,0.25,2,K562,566,566,0.9235112127708672,0.8779156282794692,0.039791180330735546,0.22807017543859653,0.032289180777296415,0.03302861228916385,0.0389600604226497
GAT_to_Exphormer,20260930,ManualHGB,0.25,2,RPE1,416,416,0.6277711833921403,0.5704484942104264,0.06470459096119709,0.47619047619047616,0.049545931366291596,0.0551208855294082,0.06615548702596839
GAT_to_Exphormer,20260930,ManualHGB,0.25,2,hepg2,405,405,0.803409321564395,0.7662847817855175,0.04540411843437544,0.345679012345679,0.03690085086011353,0.03818002423910632,0.046073234264733635
GAT_to_Exphormer,20260930,ManualHGB,0.25,2,jurkat,421,421,0.7109974698307064,0.6952636455573897,0.04612930926042363,0.4117647058823529,0.03770467463812234,0.040390338008502384,0.04674203054512582
GAT_to_Exphormer,20260930,ManualHGB,0.25,3,K562,566,566,0.9305540352459749,0.8779627773868154,0.039727188447418654,0.21052631578947367,0.03194167649022703,0.03305061554402005,0.03885435546615458
GAT_to_Exphormer,20260930,ManualHGB,0.25,3,RPE1,416,416,0.6337089481711499,0.5730882831803699,0.06446651649451937,0.48809523809523814,0.05203887737292677,0.055284588804703584,0.06638225480198437
GAT_to_Exphormer,20260930,ManualHGB,0.25,3,hepg2,405,405,0.8059183374209096,0.7681545104305801,0.045471262117170924,0.345679012345679,0.03754484550536782,0.03826625376956283,0.04560113985390336
GAT_to_Exphormer,20260930,ManualHGB,0.25,3,jurkat,421,421,0.7484065380489505,0.6927508819220052,0.04609230489776157,0.3647058823529412,0.037580840895704064,0.04007706773476089,0.046789484819998554
GAT_to_Exphormer,20260930,ManualHGB,0.25,4,K562,566,566,0.9275183131723781,0.8745969554509659,0.03998837809040992,0.21052631578947367,0.031232476643136067,0.032735371206923936,0.03894595759391106
GAT_to_Exphormer,20260930,ManualHGB,0.25,4,RPE1,416,416,0.6350855975180882,0.5764353626788744,0.06431836909086266,0.48809523809523814,0.05141354413160017,0.055142905860357944,0.06644970848409083
GAT_to_Exphormer,20260930,ManualHGB,0.25,4,hepg2,405,405,0.8055513536297455,0.7692490627159803,0.045426777839959964,0.345679012345679,0.03734602728226876,0.03902680390221567,0.04564868491383048
GAT_to_Exphormer,20260930,ManualHGB,0.25,4,jurkat,421,421,0.734800701162136,0.6954703678659859,0.045967905513181105,0.388235294117647,0.03647772416463599,0.04136485106723569,0.046574002196444614
GAT_to_Exphormer,20260930,ManualHGB,0.5,0,K562,566,566,0.9252752024591626,0.8775448740130739,0.039725860461585834,0.2192982456140351,0.03147760201532436,0.03288823694249722,0.03906915159893235
GAT_to_Exphormer,20260930,ManualHGB,0.5,0,RPE1,416,416,0.6243102083315026,0.5721153018726786,0.06445393964863044,0.48809523809523814,0.04970164985443036,0.05391768901880027,0.06677328630335186
GAT_to_Exphormer,20260930,ManualHGB,0.5,0,hepg2,405,405,0.8143250920112668,0.7694506107400304,0.04545908203487972,0.33333333333333337,0.03888252295606213,0.0388301225994993,0.04558287365109516
GAT_to_Exphormer,20260930,ManualHGB,0.5,0,jurkat,421,421,0.743201051593613,0.6925595014714557,0.04604581457615073,0.3764705882352941,0.037688464472099885,0.039697581636519035,0.0467767337681442
GAT_to_Exphormer,20260930,ManualHGB,0.5,1,K562,566,566,0.9172317217641718,0.8710830991863128,0.040127162785613096,0.23684210526315785,0.032777824852659516,0.032556255464763116,0.039082269599865875
GAT_to_Exphormer,20260930,ManualHGB,0.5,1,RPE1,416,416,0.6132665090978676,0.5701220363421681,0.06444533968720857,0.5,0.04960423469145702,0.05560426921213385,0.06728511036064075
GAT_to_Exphormer,20260930,ManualHGB,0.5,1,hepg2,405,405,0.8044587842522436,0.7776732713174221,0.045154642758676374,0.345679012345679,0.03622087575964531,0.038633129573641074,0.04526842611852198
GAT_to_Exphormer,20260930,ManualHGB,0.5,1,jurkat,421,421,0.7488236944368571,0.6856809731965035,0.046326553980014736,0.3764705882352941,0.03815173346760363,0.04120693390177348,0.04659998272204882
GAT_to_Exphormer,20260930,ManualHGB,0.5,2,K562,566,566,0.9229814231379508,0.8778552147204116,0.04006612726783027,0.2192982456140351,0.0326642717892202,0.032827254827508645,0.03909823851866897
GAT_to_Exphormer,20260930,ManualHGB,0.5,2,RPE1,416,416,0.628877804871377,0.5650937777588089,0.06455007686661857,0.48809523809523814,0.049377236421179894,0.05446859079617942,0.06712937349746326
GAT_to_Exphormer,20260930,ManualHGB,0.5,2,hepg2,405,405,0.8145740942810817,0.7659709507653952,0.04542438682243047,0.33333333333333337,0.037072953102454224,0.0387867622830791,0.045855422484369406
GAT_to_Exphormer,20260930,ManualHGB,0.5,2,jurkat,421,421,0.7325299749495789,0.6914837048053702,0.046092815542153553,0.3764705882352941,0.03751653067634748,0.04028073253825118,0.04669818362567979
GAT_to_Exphormer,20260930,ManualHGB,0.5,3,K562,566,566,0.9298903197439609,0.8791609888179165,0.039777173437859796,0.2192982456140351,0.03173558310075123,0.032745125389306434,0.039058288644255736
GAT_to_Exphormer,20260930,ManualHGB,0.5,3,RPE1,416,416,0.6383881395273819,0.5690608899779708,0.06443743073007194,0.47619047619047616,0.04899345323542852,0.05439489898276778,0.06697829024281941
GAT_to_Exphormer,20260930,ManualHGB,0.5,3,hepg2,405,405,0.805766816198681,0.7818848157514234,0.045030553772778655,0.345679012345679,0.034776394832430814,0.03784852902548687,0.04525100538198376
GAT_to_Exphormer,20260930,ManualHGB,0.5,3,jurkat,421,421,0.7361587795486922,0.6991071890208227,0.04594015564495378,0.388235294117647,0.036388762087436306,0.040631809138363645,0.04648755803845319
GAT_to_Exphormer,20260930,ManualHGB,0.5,4,K562,566,566,0.9245366661358738,0.8805203098880485,0.039843471558651866,0.2192982456140351,0.03133213336012129,0.032414001316932575,0.03909959591742761
GAT_to_Exphormer,20260930,ManualHGB,0.5,4,RPE1,416,416,0.6135900672662385,0.5865469325665995,0.06379850054800285,0.5,0.04738506697458345,0.05416457038711118,0.06626156183658308
GAT_to_Exphormer,20260930,ManualHGB,0.5,4,hepg2,405,405,0.8037886723632462,0.7807007774926027,0.045145737559364886,0.3580246913580247,0.037761654825952985,0.038600058901210384,0.04531608552798065
GAT_to_Exphormer,20260930,ManualHGB,0.5,4,jurkat,421,421,0.7471415116888434,0.7033154864355702,0.04591007865028806,0.3764705882352941,0.036094546144445294,0.03996108327569673,0.04649709160970327
GAT_to_Exphormer,20260930,ManualHGB,0.75,0,K562,566,566,0.9252646726094809,0.873789501889512,0.040100630946061123,0.23684210526315785,0.031640894780960244,0.03350756536203969,0.039120875638285195
GAT_to_Exphormer,20260930,ManualHGB,0.75,0,RPE1,416,416,0.6340597217156152,0.5759947333326699,0.06477580279841919,0.47619047619047616,0.0520329098239227,0.05386710096934508,0.06659144553200398
GAT_to_Exphormer,20260930,ManualHGB,0.75,0,hepg2,405,405,0.8303259290457466,0.7796981633851413,0.04518545139893086,0.32098765432098764,0.03699677786302907,0.038937342034360514,0.04499448165096786
GAT_to_Exphormer,20260930,ManualHGB,0.75,0,jurkat,421,421,0.7305004648862746,0.6993110794378047,0.04612206514043701,0.3764705882352941,0.037206871335009335,0.04082734054640046,0.04647550488231734
GAT_to_Exphormer,20260930,ManualHGB,0.75,1,K562,566,566,0.9227338417779538,0.8739895153406287,0.03996013723487473,0.21052631578947367,0.03177040898929667,0.03281440457578259,0.03916236823429265
GAT_to_Exphormer,20260930,ManualHGB,0.75,1,RPE1,416,416,0.6332928326382662,0.5805667077816334,0.06389679400830131,0.5,0.0483368520768707,0.054780062719205935,0.06613687519995226
GAT_to_Exphormer,20260930,ManualHGB,0.75,1,hepg2,405,405,0.8140357741532384,0.779402577861591,0.04495624811508642,0.33333333333333337,0.035662211103705814,0.0381732383601999,0.04584679065823671
GAT_to_Exphormer,20260930,ManualHGB,0.75,1,jurkat,421,421,0.7622645170073267,0.6921466784048776,0.0462208758317874,0.3764705882352941,0.03790760827498731,0.041696116725580525,0.0466751013973749
GAT_to_Exphormer,20260930,ManualHGB,0.75,2,K562,566,566,0.9339599357512158,0.8743764901377207,0.040000957992998236,0.2192982456140351,0.032251279218548576,0.033071625319709474,0.039256543687476726
GAT_to_Exphormer,20260930,ManualHGB,0.75,2,RPE1,416,416,0.6202600212474677,0.58380147251158,0.0640248169926581,0.48809523809523814,0.04783727231410532,0.055429372886206384,0.06633339723564105
GAT_to_Exphormer,20260930,ManualHGB,0.75,2,hepg2,405,405,0.8233372638408173,0.77951085748969,0.045085976919095334,0.33333333333333337,0.03648562624540165,0.03877027945544175,0.04557031638133813
GAT_to_Exphormer,20260930,ManualHGB,0.75,2,jurkat,421,421,0.7571639069234848,0.6946907522134017,0.046203733812514684,0.3764705882352941,0.040567911099076176,0.04207733519705934,0.04638933069494995
GAT_to_Exphormer,20260930,ManualHGB,0.75,3,K562,566,566,0.9356799324140878,0.873929054821739,0.04015677566964483,0.21052631578947367,0.03182107786354864,0.033299354720705276,0.03905818439856322
GAT_to_Exphormer,20260930,ManualHGB,0.75,3,RPE1,416,416,0.6443778034915993,0.5665592641734619,0.06445930082632138,0.47619047619047616,0.049960055396435,0.05589505323733905,0.06758078306102841
GAT_to_Exphormer,20260930,ManualHGB,0.75,3,hepg2,405,405,0.8220431287534433,0.7840043086742812,0.04517391942115504,0.32098765432098764,0.03611952381121279,0.03851338069081634,0.04540788669804818
GAT_to_Exphormer,20260930,ManualHGB,0.75,3,jurkat,421,421,0.7462350046728409,0.7013603158710816,0.046141515767372125,0.3647058823529412,0.03702105626177921,0.040110001079286514,0.04643930996235512
GAT_to_Exphormer,20260930,ManualHGB,0.75,4,K562,566,566,0.9304966011114376,0.8768127679565376,0.039779571706751796,0.22807017543859653,0.031152074574538176,0.03320409036772043,0.039148917338190384
GAT_to_Exphormer,20260930,ManualHGB,0.75,4,RPE1,416,416,0.6142283002516981,0.5867259263975911,0.06428286756091431,0.5119047619047619,0.0489284084676961,0.05534961273171729,0.06600213964392243
GAT_to_Exphormer,20260930,ManualHGB,0.75,4,hepg2,405,405,0.8332206911298594,0.7877551602886657,0.044968101297655105,0.33333333333333337,0.03606214581903539,0.03913790869579719,0.045082187199359094
GAT_to_Exphormer,20260930,ManualHGB,0.75,4,jurkat,421,421,0.7330040104982105,0.7167240127348077,0.04567577444003916,0.4,0.03616986758640405,0.03981133010579799,0.04619587455115577
GAT_to_Exphormer,20260930,ManualHGB,1.0,0,K562,566,566,0.9339552518829229,0.8780661078034221,0.040003004752902575,0.2192982456140351,0.0318185165206753,0.0326313455767674,0.03903998132311497
GAT_to_Exphormer,20260930,ManualHGB,1.0,0,RPE1,416,416,0.6391367460041925,0.5758354391556264,0.06419138723694301,0.48809523809523814,0.04658129944844059,0.05600364291733434,0.06776186990283808
GAT_to_Exphormer,20260930,ManualHGB,1.0,0,hepg2,405,405,0.8339606073897696,0.7903703342419629,0.04506431538111252,0.32098765432098764,0.03664224121244534,0.0393252302967074,0.04503459221466902
GAT_to_Exphormer,20260930,ManualHGB,1.0,0,jurkat,421,421,0.7390044302690484,0.7065450124393511,0.04600259591992907,0.388235294117647,0.03710647325377906,0.04118493445667571,0.04656556681920404
GAT_to_Exphormer,20260930,ManualHGB,1.0,1,K562,566,566,0.9339552518829229,0.8780661078034221,0.040003004752902575,0.2192982456140351,0.0318185165206753,0.0326313455767674,0.03903998132311497
GAT_to_Exphormer,20260930,ManualHGB,1.0,1,RPE1,416,416,0.6391367460041925,0.5758354391556264,0.06419138723694301,0.48809523809523814,0.04658129944844059,0.05600364291733434,0.06776186990283808
GAT_to_Exphormer,20260930,ManualHGB,1.0,1,hepg2,405,405,0.8339606073897696,0.7903703342419629,0.04506431538111252,0.32098765432098764,0.03664224121244534,0.0393252302967074,0.04503459221466902
GAT_to_Exphormer,20260930,ManualHGB,1.0,1,jurkat,421,421,0.7390044302690484,0.7065450124393511,0.04600259591992907,0.388235294117647,0.03710647325377906,0.04118493445667571,0.04656556681920404
GAT_to_Exphormer,20260930,ManualHGB,1.0,2,K562,566,566,0.9339552518829229,0.8780661078034221,0.040003004752902575,0.2192982456140351,0.0318185165206753,0.0326313455767674,0.03903998132311497
GAT_to_Exphormer,20260930,ManualHGB,1.0,2,RPE1,416,416,0.6391367460041925,0.5758354391556264,0.06419138723694301,0.48809523809523814,0.04658129944844059,0.05600364291733434,0.06776186990283808
GAT_to_Exphormer,20260930,ManualHGB,1.0,2,hepg2,405,405,0.8339606073897696,0.7903703342419629,0.04506431538111252,0.32098765432098764,0.03664224121244534,0.0393252302967074,0.04503459221466902
GAT_to_Exphormer,20260930,ManualHGB,1.0,2,jurkat,421,421,0.7390044302690484,0.7065450124393511,0.04600259591992907,0.388235294117647,0.03710647325377906,0.04118493445667571,0.04656556681920404
GAT_to_Exphormer,20260930,ManualHGB,1.0,3,K562,566,566,0.9339552518829229,0.8780661078034221,0.040003004752902575,0.2192982456140351,0.0318185165206753,0.0326313455767674,0.03903998132311497
GAT_to_Exphormer,20260930,ManualHGB,1.0,3,RPE1,416,416,0.6391367460041925,0.5758354391556264,0.06419138723694301,0.48809523809523814,0.04658129944844059,0.05600364291733434,0.06776186990283808
GAT_to_Exphormer,20260930,ManualHGB,1.0,3,hepg2,405,405,0.8339606073897696,0.7903703342419629,0.04506431538111252,0.32098765432098764,0.03664224121244534,0.0393252302967074,0.04503459221466902
GAT_to_Exphormer,20260930,ManualHGB,1.0,3,jurkat,421,421,0.7390044302690484,0.7065450124393511,0.04600259591992907,0.388235294117647,0.03710647325377906,0.04118493445667571,0.04656556681920404
GAT_to_Exphormer,20260930,ManualHGB,1.0,4,K562,566,566,0.9339552518829229,0.8780661078034221,0.040003004752902575,0.2192982456140351,0.0318185165206753,0.0326313455767674,0.03903998132311497
GAT_to_Exphormer,20260930,ManualHGB,1.0,4,RPE1,416,416,0.6391367460041925,0.5758354391556264,0.06419138723694301,0.48809523809523814,0.04658129944844059,0.05600364291733434,0.06776186990283808
GAT_to_Exphormer,20260930,ManualHGB,1.0,4,hepg2,405,405,0.8339606073897696,0.7903703342419629,0.04506431538111252,0.32098765432098764,0.03664224121244534,0.0393252302967074,0.04503459221466902
GAT_to_Exphormer,20260930,ManualHGB,1.0,4,jurkat,421,421,0.7390044302690484,0.7065450124393511,0.04600259591992907,0.388235294117647,0.03710647325377906,0.04118493445667571,0.04656556681920404
GAT_to_Exphormer,20260930,ManualHistoryDistance,0.1,0,K562,56,566,0.806995472579357,0.7103896103896106,0.041389070667036905,0.25,0.032036631429140684,0.03727502159942043,0.04041637358082759
GAT_to_Exphormer,20260930,ManualHistoryDistance,0.1,0,RPE1,41,416,0.8673079440069708,0.6055749128919862,0.06496931464365992,0.33333333333333337,0.04324468020685872,0.06059690713990998,0.06736612209180122
GAT_to_Exphormer,20260930,ManualHistoryDistance,0.1,0,hepg2,41,405,0.7461631659073877,0.7151567944250872,0.04545883530604835,0.2222222222222222,0.03707129965514356,0.03884859736606076,0.04557975899639128
GAT_to_Exphormer,20260930,ManualHistoryDistance,0.1,0,jurkat,46,421,0.6763561276290161,0.6356460067838421,0.043169268089287116,0.4,0.030731440007009697,0.03973951103493886,0.04390861025826104
GAT_to_Exphormer,20260930,ManualHistoryDistance,0.1,1,K562,56,566,0.3397016100112477,0.4825017088174983,0.050563407915627204,0.6666666666666667,0.05258560706903104,0.04526513862746081,0.04725459072399476
GAT_to_Exphormer,20260930,ManualHistoryDistance,0.1,1,RPE1,39,416,0.3010355721444571,0.35344129554655873,0.07136356591157596,0.5,0.07046408320620348,0.06566815111458665,0.06608854444476464
GAT_to_Exphormer,20260930,ManualHistoryDistance,0.1,1,hepg2,38,405,0.4395937822261194,0.3913994966626545,0.049412970751192484,0.625,0.042786132758885556,0.04650298939135511,0.05022163189196587
GAT_to_Exphormer,20260930,ManualHistoryDistance,0.1,1,jurkat,44,421,0.49843467587625273,0.441014799154334,0.05073678088188245,0.6666666666666667,0.04604263108607134,0.045493837516151686,0.049265415932070566
GAT_to_Exphormer,20260930,ManualHistoryDistance,0.1,2,K562,55,566,0.8558419613626599,0.7370129870129872,0.04087220131180249,0.2727272727272727,0.03035839791258405,0.03341813518450268,0.04052365502977184
GAT_to_Exphormer,20260930,ManualHistoryDistance,0.1,2,RPE1,37,416,0.466825777262293,0.5052157420578474,0.06746493091583099,0.625,0.05634667221499838,0.0519743918897695,0.0673961115629704
GAT_to_Exphormer,20260930,ManualHistoryDistance,0.1,2,hepg2,44,405,0.6187928685692317,0.6066243833685693,0.04754930423114529,0.4444444444444444,0.03934843731003172,0.039082265867947226,0.04811959749890335
GAT_to_Exphormer,20260930,ManualHistoryDistance,0.1,2,jurkat,41,421,0.5533965595200749,0.6020905923344949,0.0458091801710845,0.4444444444444444,0.03957837639406874,0.03826171219139893,0.046478062978193506
GAT_to_Exphormer,20260930,ManualHistoryDistance,0.1,3,K562,56,566,0.8962553184493502,0.8069719753930281,0.041303180274456085,0.25,0.02772933753662865,0.03313785056356383,0.04288230484917997
GAT_to_Exphormer,20260930,ManualHistoryDistance,0.1,3,RPE1,42,416,0.3751248456283387,0.4935580585041731,0.06370511346959987,0.6666666666666667,0.0455730902637423,0.059248052719071326,0.06497655569526127
GAT_to_Exphormer,20260930,ManualHistoryDistance,0.1,3,hepg2,41,405,0.348070074374817,0.49912891986062724,0.04857933595653422,0.7777777777777778,0.03421049058490428,0.04487245431240924,0.048850722147395
GAT_to_Exphormer,20260930,ManualHistoryDistance,0.1,3,jurkat,42,421,0.6796396284383959,0.6838181670853254,0.04585850443224977,0.4444444444444444,0.031096471844502215,0.034035899902181,0.04847189283168793
GAT_to_Exphormer,20260930,ManualHistoryDistance,0.1,4,K562,57,566,0.4352505405962271,0.626976925071299,0.04719172557228898,0.5,0.04074327163292535,0.04021491626750292,0.042893569777010365
GAT_to_Exphormer,20260930,ManualHistoryDistance,0.1,4,RPE1,42,416,0.429137808274904,0.47394862652945463,0.07287549832889112,0.7777777777777778,0.08150018142377367,0.06603660897203285,0.06526712919625467
GAT_to_Exphormer,20260930,ManualHistoryDistance,0.1,4,hepg2,38,405,0.43140867974559705,0.6284057336688915,0.04707329451123704,0.5,0.048836736401846076,0.04276119728499861,0.04610819033562214
GAT_to_Exphormer,20260930,ManualHistoryDistance,0.1,4,jurkat,46,421,0.7174317947826092,0.6981806968855997,0.04647692883096668,0.4,0.03921136163652328,0.04056651926164474,0.04641552862304687
GAT_to_Exphormer,20260930,ManualHistoryDistance,0.25,0,K562,139,566,0.667183086197792,0.6450332901380759,0.04496151558744402,0.3928571428571429,0.040421907808847156,0.03940721263109849,0.04272424019464444
GAT_to_Exphormer,20260930,ManualHistoryDistance,0.25,0,RPE1,109,416,0.7343508127420697,0.4923825410063943,0.06818777980482695,0.36363636363636365,0.05611552696759188,0.06483797516915234,0.06837964386090059
GAT_to_Exphormer,20260930,ManualHistoryDistance,0.25,0,hepg2,99,405,0.6541452794402481,0.6605318491032776,0.04580956773839975,0.4,0.03627729221995823,0.038875044586459295,0.04618586752639173
GAT_to_Exphormer,20260930,ManualHistoryDistance,0.25,0,jurkat,102,421,0.6431506101920517,0.6533239845972033,0.04412593336076254,0.47619047619047616,0.03512051204536632,0.03804209954091718,0.04616900935810692
GAT_to_Exphormer,20260930,ManualHistoryDistance,0.25,1,K562,143,566,0.5800714978615502,0.628176401063725,0.04299680776175833,0.5172413793103448,0.03500766988804089,0.03644702965452781,0.04228225144260984
GAT_to_Exphormer,20260930,ManualHistoryDistance,0.25,1,RPE1,99,416,0.4968696472785891,0.4069511440940012,0.06854508144208078,0.55,0.06119193130296522,0.06535480952631788,0.06577047657845406
GAT_to_Exphormer,20260930,ManualHistoryDistance,0.25,1,hepg2,94,405,0.4533926977811075,0.45264602824838346,0.04993614908632135,0.5789473684210527,0.040245696848141464,0.04380856700817159,0.049776442415194765
GAT_to_Exphormer,20260930,ManualHistoryDistance,0.25,1,jurkat,107,421,0.5734005083278957,0.6630321910695743,0.04621647737981464,0.5454545454545454,0.03921480234744831,0.03866132549051881,0.04533949821067815
GAT_to_Exphormer,20260930,ManualHistoryDistance,0.25,2,K562,140,566,0.7311463226205408,0.6729220878616257,0.0423348560698074,0.3928571428571429,0.03244560808571069,0.03949386022870549,0.04220773760946507
GAT_to_Exphormer,20260930,ManualHistoryDistance,0.25,2,RPE1,97,416,0.5780981451177643,0.542933410477593,0.06707480245515123,0.5,0.05815798945793114,0.06043143358287303,0.06698716142968185
GAT_to_Exphormer,20260930,ManualHistoryDistance,0.25,2,hepg2,104,405,0.5877898252597522,0.5640883388456204,0.049004447399550934,0.5238095238095238,0.04453079894015091,0.04308808175588676,0.0484961799432762
GAT_to_Exphormer,20260930,ManualHistoryDistance,0.25,2,jurkat,106,421,0.4339129807289321,0.5085673980401542,0.04941024305610456,0.6363636363636364,0.04396219265871191,0.04201274100718042,0.04936163454680396
GAT_to_Exphormer,20260930,ManualHistoryDistance,0.25,3,K562,140,566,0.8689240221432479,0.7643567820515624,0.041193470601919774,0.3214285714285714,0.03360625494534564,0.03206925178567617,0.04073358357707026
GAT_to_Exphormer,20260930,ManualHistoryDistance,0.25,3,RPE1,103,416,0.5839991330525885,0.565522997847384,0.06576240886803075,0.47619047619047616,0.05278488733871231,0.06118405839413499,0.06755481334297206
GAT_to_Exphormer,20260930,ManualHistoryDistance,0.25,3,hepg2,104,405,0.6811919405142903,0.5972474127813934,0.0483776849852932,0.4285714285714286,0.04170209189569462,0.0433780353971716,0.04780882457888117
GAT_to_Exphormer,20260930,ManualHistoryDistance,0.25,3,jurkat,107,421,0.7086417096952404,0.735329845804189,0.04478437850122886,0.36363636363636365,0.03645334548754577,0.0357796606944546,0.04566210623662551
GAT_to_Exphormer,20260930,ManualHistoryDistance,0.25,4,K562,141,566,0.5661326021049394,0.5733635857699387,0.049302652778199944,0.5172413793103448,0.04591303055511402,0.04342034011515281,0.044840444228392555
GAT_to_Exphormer,20260930,ManualHistoryDistance,0.25,4,RPE1,103,416,0.6255598571327997,0.5620085226024689,0.06772939501195717,0.5714285714285714,0.06415214059893935,0.06030075938222,0.06574244759730703
GAT_to_Exphormer,20260930,ManualHistoryDistance,0.25,4,hepg2,97,405,0.5614192406203403,0.5254576057227014,0.052241882337913485,0.5,0.05337969539548084,0.047744212728703946,0.049591529232621154
GAT_to_Exphormer,20260930,ManualHistoryDistance,0.25,4,jurkat,106,421,0.6898154053716837,0.6824545935461118,0.04656978684440653,0.4545454545454546,0.03801137831897169,0.04015305557661191,0.04588847221591711
GAT_to_Exphormer,20260930,ManualHistoryDistance,0.5,0,K562,282,566,0.7441530740213962,0.6665179965330519,0.04370673987154598,0.3508771929824561,0.037139404814046394,0.03861231472900396,0.042097123110076094
GAT_to_Exphormer,20260930,ManualHistoryDistance,0.5,0,RPE1,212,416,0.520332155515609,0.5093432813639415,0.07066478015905661,0.5116279069767442,0.06133047351715212,0.06582099340489105,0.07033919366915262
GAT_to_Exphormer,20260930,ManualHistoryDistance,0.5,0,hepg2,197,405,0.5413471060397806,0.5607473261570434,0.05020820983387668,0.525,0.04111210520019794,0.04689998516799131,0.04912161106527184
GAT_to_Exphormer,20260930,ManualHistoryDistance,0.5,0,jurkat,206,421,0.6079535015044996,0.5992916636637873,0.047605735263526024,0.5,0.04032856414996477,0.042170320220985894,0.04752879066818293
GAT_to_Exphormer,20260930,ManualHistoryDistance,0.5,1,K562,283,566,0.5626157089265108,0.6333946086866283,0.04456598482241005,0.45614035087719296,0.03603625555308261,0.03830376715086036,0.04286183256906804
GAT_to_Exphormer,20260930,ManualHistoryDistance,0.5,1,RPE1,198,416,0.4344473055666805,0.4399562804021647,0.07061704740070357,0.575,0.06694797639366404,0.06504078312019816,0.06691806761128972
GAT_to_Exphormer,20260930,ManualHistoryDistance,0.5,1,hepg2,199,405,0.4972141693979276,0.49247753921120757,0.05048826128280339,0.575,0.042844060994000024,0.04584859147157714,0.050613189697805004
GAT_to_Exphormer,20260930,ManualHistoryDistance,0.5,1,jurkat,210,421,0.5161163414682167,0.5637503927850648,0.048944853805120474,0.5952380952380952,0.040326873944285434,0.0422629803011456,0.04838127511245153
GAT_to_Exphormer,20260930,ManualHistoryDistance,0.5,2,K562,282,566,0.7054498743676997,0.6246144230720352,0.04712895659266034,0.4035087719298246,0.0456297246484311,0.04250302837149677,0.04361363540627649
GAT_to_Exphormer,20260930,ManualHistoryDistance,0.5,2,RPE1,200,416,0.5630019350617776,0.5016680417010426,0.06835441214587275,0.5,0.063118237027843,0.060151508674369955,0.06718972597766673
GAT_to_Exphormer,20260930,ManualHistoryDistance,0.5,2,hepg2,205,405,0.4910704755405052,0.5720285272527197,0.04878938097676532,0.5609756097560976,0.040240827004411533,0.04335004766625288,0.04792541572965252
GAT_to_Exphormer,20260930,ManualHistoryDistance,0.5,2,jurkat,210,421,0.5296510268124653,0.5733573485631356,0.04802971709933148,0.5714285714285714,0.03789743939165092,0.04226425319772201,0.048134151960265645
GAT_to_Exphormer,20260930,ManualHistoryDistance,0.5,3,K562,284,566,0.6703495199938995,0.6954707976331113,0.04567351960000236,0.42105263157894735,0.040592092206810135,0.037385025922014564,0.04297905759300489
GAT_to_Exphormer,20260930,ManualHistoryDistance,0.5,3,RPE1,218,416,0.5027612353853665,0.47239916857255215,0.07146202279523521,0.5681818181818181,0.06529301145994504,0.06508560998794942,0.06850963788163766
GAT_to_Exphormer,20260930,ManualHistoryDistance,0.5,3,hepg2,205,405,0.5399479472124155,0.6197267066902536,0.0479907727753893,0.5121951219512195,0.04066822744675371,0.04291329927067224,0.047074415922942675
GAT_to_Exphormer,20260930,ManualHistoryDistance,0.5,3,jurkat,206,421,0.5652708724469351,0.6893354885427283,0.04607289049617531,0.47619047619047616,0.037572986598805466,0.03874174065370296,0.046181876955361995
GAT_to_Exphormer,20260930,ManualHistoryDistance,0.5,4,K562,283,566,0.6999427964698377,0.6531130244363708,0.046135967287780334,0.38596491228070173,0.04043761454590652,0.03955423063015133,0.043162761557335436
GAT_to_Exphormer,20260930,ManualHistoryDistance,0.5,4,RPE1,202,416,0.5889293046510867,0.5718311335581759,0.06638457003232007,0.5365853658536586,0.05726043773623307,0.05921792954418106,0.06415217593075
GAT_to_Exphormer,20260930,ManualHistoryDistance,0.5,4,hepg2,199,405,0.6029223536886313,0.5303380539058931,0.05107179557179545,0.475,0.048685055656825585,0.04520443913334339,0.049825742943374315
GAT_to_Exphormer,20260930,ManualHistoryDistance,0.5,4,jurkat,202,421,0.5917726395615656,0.6279496047538728,0.04822649676835835,0.4878048780487805,0.04102094631484244,0.04048308890795411,0.0476776435474349
GAT_to_Exphormer,20260930,ManualHistoryDistance,0.75,0,K562,424,566,0.7182734456129036,0.6502141828228682,0.04451801368795272,0.3764705882352941,0.03731501448096095,0.039448000809178554,0.0429883835684213
GAT_to_Exphormer,20260930,ManualHistoryDistance,0.75,0,RPE1,312,416,0.5706426855374643,0.5103697551639366,0.07005187112308049,0.47619047619047616,0.06407876382564942,0.06455850376648758,0.0689775929708818
GAT_to_Exphormer,20260930,ManualHistoryDistance,0.75,0,hepg2,302,405,0.5430376544225307,0.5463250489973862,0.05026900342891098,0.5081967213114754,0.04378950901184746,0.046247976831910516,0.04882621729227671
GAT_to_Exphormer,20260930,ManualHistoryDistance,0.75,0,jurkat,315,421,0.6064552900069354,0.5839547267750123,0.04914053806888191,0.5079365079365079,0.0438817656099464,0.04287113692833725,0.04824465410803806
GAT_to_Exphormer,20260930,ManualHistoryDistance,0.75,1,K562,425,566,0.6736933548117482,0.6708727392099546,0.04384429786965376,0.4,0.03572709287764243,0.03790948427812696,0.042410505534948954
GAT_to_Exphormer,20260930,ManualHistoryDistance,0.75,1,RPE1,308,416,0.4535921540548328,0.47564888860230564,0.06905479724731593,0.5806451612903225,0.0624627224899281,0.06166896094130276,0.06684365235681991
GAT_to_Exphormer,20260930,ManualHistoryDistance,0.75,1,hepg2,304,405,0.49716756416801644,0.5218868263012669,0.049760923277911484,0.5573770491803278,0.04283130392571916,0.04640848751615595,0.04942938944321837
GAT_to_Exphormer,20260930,ManualHistoryDistance,0.75,1,jurkat,316,421,0.610699578823367,0.6252890742209115,0.04789436942313616,0.515625,0.03937757248051203,0.0414500597888117,0.047453237721171694
GAT_to_Exphormer,20260930,ManualHistoryDistance,0.75,2,K562,423,566,0.6574600695456688,0.6508463644475562,0.04570362263386438,0.4117647058823529,0.03865548060689068,0.039774096700538816,0.04339576885579234
GAT_to_Exphormer,20260930,ManualHistoryDistance,0.75,2,RPE1,316,416,0.5035083214858035,0.46811864545362936,0.06945826507069908,0.515625,0.061339277941478566,0.06275716945787838,0.06832999134748825
GAT_to_Exphormer,20260930,ManualHistoryDistance,0.75,2,hepg2,305,405,0.5381341623636325,0.571009913887902,0.048843228400236666,0.5245901639344263,0.04070375156851701,0.04431405175641488,0.048219502214600744
GAT_to_Exphormer,20260930,ManualHistoryDistance,0.75,2,jurkat,320,421,0.5576533593530445,0.5884206632877275,0.0488005263017656,0.53125,0.04218395391402767,0.04197558546252385,0.048008689508323155
GAT_to_Exphormer,20260930,ManualHistoryDistance,0.75,3,K562,427,566,0.6862367535904295,0.6612259738914567,0.04571111502527218,0.43023255813953487,0.039774849303927495,0.038951954104875064,0.04312092202895576
GAT_to_Exphormer,20260930,ManualHistoryDistance,0.75,3,RPE1,320,416,0.4809821716275355,0.4818588316292151,0.0697988763617442,0.578125,0.06081164525325416,0.063525296135009,0.06770691736973951
GAT_to_Exphormer,20260930,ManualHistoryDistance,0.75,3,hepg2,306,405,0.5440824474620255,0.5732243578266465,0.04893578808838888,0.5,0.04120628777604214,0.04365232572485775,0.04803358686335376
GAT_to_Exphormer,20260930,ManualHistoryDistance,0.75,3,jurkat,310,421,0.6351299533933947,0.6885514232802262,0.046054585321513394,0.4516129032258065,0.03674843799758846,0.03926021522251009,0.04668705987349937
GAT_to_Exphormer,20260930,ManualHistoryDistance,0.75,4,K562,425,566,0.6739371456168158,0.6563644463897705,0.045053021197208526,0.4117647058823529,0.03972546112548043,0.03830364232537466,0.04217113196602375
GAT_to_Exphormer,20260930,ManualHistoryDistance,0.75,4,RPE1,303,416,0.5381296934339806,0.5442572359362112,0.06812409920417671,0.540983606557377,0.06116360348851498,0.06112879223771755,0.06529612899919202
GAT_to_Exphormer,20260930,ManualHistoryDistance,0.75,4,hepg2,302,405,0.5645536236600626,0.5332124618591537,0.04969473300360189,0.5245901639344263,0.044188074533610226,0.04418984198534583,0.048819974516564134
GAT_to_Exphormer,20260930,ManualHistoryDistance,0.75,4,jurkat,319,421,0.5828482441123168,0.6240584521204235,0.04796989446626825,0.515625,0.0416308302635624,0.04052419163331265,0.046825667205628065
GAT_to_Exphormer,20260930,ManualHistoryDistance,1.0,0,K562,566,566,0.6704063318871274,0.648480558752925,0.04517435067013502,0.4298245614035088,0.038496444302285986,0.03918905863236724,0.04302152778144039
GAT_to_Exphormer,20260930,ManualHistoryDistance,1.0,0,RPE1,416,416,0.5175649378973148,0.49420493262479914,0.06903274645078529,0.5238095238095238,0.061914688297116716,0.06271726220750284,0.06695706736490584
GAT_to_Exphormer,20260930,ManualHistoryDistance,1.0,0,hepg2,405,405,0.5131311610184104,0.5380638063806381,0.04985282845209375,0.5308641975308642,0.043137581461504655,0.046122527386008236,0.04877052703695083
GAT_to_Exphormer,20260930,ManualHistoryDistance,1.0,0,jurkat,421,421,0.5593562495228003,0.5994067386385383,0.04869287013877525,0.5294117647058824,0.04220702273075301,0.04192229113976609,0.04797661433619187
GAT_to_Exphormer,20260930,ManualHistoryDistance,1.0,1,K562,566,566,0.6704063318871274,0.648480558752925,0.04517435067013502,0.4298245614035088,0.038496444302285986,0.03918905863236724,0.04302152778144039
GAT_to_Exphormer,20260930,ManualHistoryDistance,1.0,1,RPE1,416,416,0.5175649378973148,0.49420493262479914,0.06903274645078529,0.5238095238095238,0.061914688297116716,0.06271726220750284,0.06695706736490584
GAT_to_Exphormer,20260930,ManualHistoryDistance,1.0,1,hepg2,405,405,0.5131311610184104,0.5380638063806381,0.04985282845209375,0.5308641975308642,0.043137581461504655,0.046122527386008236,0.04877052703695083
GAT_to_Exphormer,20260930,ManualHistoryDistance,1.0,1,jurkat,421,421,0.5593562495228003,0.5994067386385383,0.04869287013877525,0.5294117647058824,0.04220702273075301,0.04192229113976609,0.04797661433619187
GAT_to_Exphormer,20260930,ManualHistoryDistance,1.0,2,K562,566,566,0.6704063318871274,0.648480558752925,0.04517435067013502,0.4298245614035088,0.038496444302285986,0.03918905863236724,0.04302152778144039
GAT_to_Exphormer,20260930,ManualHistoryDistance,1.0,2,RPE1,416,416,0.5175649378973148,0.49420493262479914,0.06903274645078529,0.5238095238095238,0.061914688297116716,0.06271726220750284,0.06695706736490584
GAT_to_Exphormer,20260930,ManualHistoryDistance,1.0,2,hepg2,405,405,0.5131311610184104,0.5380638063806381,0.04985282845209375,0.5308641975308642,0.043137581461504655,0.046122527386008236,0.04877052703695083
GAT_to_Exphormer,20260930,ManualHistoryDistance,1.0,2,jurkat,421,421,0.5593562495228003,0.5994067386385383,0.04869287013877525,0.5294117647058824,0.04220702273075301,0.04192229113976609,0.04797661433619187
GAT_to_Exphormer,20260930,ManualHistoryDistance,1.0,3,K562,566,566,0.6704063318871274,0.648480558752925,0.04517435067013502,0.4298245614035088,0.038496444302285986,0.03918905863236724,0.04302152778144039
GAT_to_Exphormer,20260930,ManualHistoryDistance,1.0,3,RPE1,416,416,0.5175649378973148,0.49420493262479914,0.06903274645078529,0.5238095238095238,0.061914688297116716,0.06271726220750284,0.06695706736490584
GAT_to_Exphormer,20260930,ManualHistoryDistance,1.0,3,hepg2,405,405,0.5131311610184104,0.5380638063806381,0.04985282845209375,0.5308641975308642,0.043137581461504655,0.046122527386008236,0.04877052703695083
GAT_to_Exphormer,20260930,ManualHistoryDistance,1.0,3,jurkat,421,421,0.5593562495228003,0.5994067386385383,0.04869287013877525,0.5294117647058824,0.04220702273075301,0.04192229113976609,0.04797661433619187
GAT_to_Exphormer,20260930,ManualHistoryDistance,1.0,4,K562,566,566,0.6704063318871274,0.648480558752925,0.04517435067013502,0.4298245614035088,0.038496444302285986,0.03918905863236724,0.04302152778144039
GAT_to_Exphormer,20260930,ManualHistoryDistance,1.0,4,RPE1,416,416,0.5175649378973148,0.49420493262479914,0.06903274645078529,0.5238095238095238,0.061914688297116716,0.06271726220750284,0.06695706736490584
GAT_to_Exphormer,20260930,ManualHistoryDistance,1.0,4,hepg2,405,405,0.5131311610184104,0.5380638063806381,0.04985282845209375,0.5308641975308642,0.043137581461504655,0.046122527386008236,0.04877052703695083
GAT_to_Exphormer,20260930,ManualHistoryDistance,1.0,4,jurkat,421,421,0.5593562495228003,0.5994067386385383,0.04869287013877525,0.5294117647058824,0.04220702273075301,0.04192229113976609,0.04797661433619187
TxPert_to_McFaline,20260930,ManualHGB,0.1,0,a172,189,189,-0.1946489677245827,-0.142796185492442,0.020504088072564316,0.8947368421052632,0.019633671400792686,0.020778836183847415,0.02038710884720815
TxPert_to_McFaline,20260930,ManualHGB,0.1,0,t98g,177,177,-0.023799071892916912,-0.05231622757573919,0.020531740636443807,0.7777777777777778,0.01975210291400284,0.02128466141480205,0.020740645444427514
TxPert_to_McFaline,20260930,ManualHGB,0.1,0,u87mg,177,177,-0.003096418835010927,0.035757804718792446,0.026102355741327268,0.75,0.026275854150379703,0.026497281903806107,0.026078113393249773
TxPert_to_McFaline,20260930,ManualHGB,0.1,1,a172,189,189,-0.017097704620230178,0.014506658717257743,0.02004024646257014,0.8421052631578947,0.020204947414435393,0.019990337947714275,0.01989888923008137
TxPert_to_McFaline,20260930,ManualHGB,0.1,1,t98g,177,177,0.05461006880744962,0.05806800173964694,0.019908978367622305,0.75,0.019099392782428212,0.01975310098461013,0.020201261134739915
TxPert_to_McFaline,20260930,ManualHGB,0.1,1,u87mg,177,177,-0.03425647064420721,0.06950485690261038,0.02594150952082113,0.8055555555555556,0.025484128731838935,0.025585404309825546,0.025805081898355415
TxPert_to_McFaline,20260930,ManualHGB,0.1,2,a172,189,189,0.028756212885307813,0.0832387445777583,0.019958880387361152,0.8157894736842105,0.019997391361427964,0.019978138545467955,0.01994785403582166
TxPert_to_McFaline,20260930,ManualHGB,0.1,2,t98g,177,177,0.0597833950338357,-0.038035685355772356,0.02039066310401182,0.75,0.02021717053541217,0.02004885255097284,0.020665733886341672
TxPert_to_McFaline,20260930,ManualHGB,0.1,2,u87mg,177,177,0.05786181442531854,0.19215182028294767,0.025338323787008926,0.75,0.02386120865151238,0.02498229034952108,0.025509383427433908
TxPert_to_McFaline,20260930,ManualHGB,0.1,3,a172,189,189,-0.04174136391058102,-0.012141113781302537,0.02053614548354118,0.8421052631578947,0.021659838105341788,0.021097076049447498,0.02033599369063134
TxPert_to_McFaline,20260930,ManualHGB,0.1,3,t98g,177,177,0.11425610342324398,0.060480977818252415,0.020042429205875664,0.7222222222222222,0.018954464962434598,0.02023447667170599,0.02041546031860676
TxPert_to_McFaline,20260930,ManualHGB,0.1,3,u87mg,177,177,0.11892054512450649,0.08979078584311882,0.02566596409673158,0.75,0.025017902168155585,0.025582145243211604,0.025730234748869693
TxPert_to_McFaline,20260930,ManualHGB,0.1,4,a172,189,189,0.03152880875885761,0.02312703409282092,0.02001670209460251,0.8157894736842105,0.019333124819288436,0.020049240029354095,0.02013409899387459
TxPert_to_McFaline,20260930,ManualHGB,0.1,4,t98g,177,177,0.06573800037093974,0.006640499307333578,0.019927806523347996,0.7222222222222222,0.019474843423753323,0.020336199422196468,0.020110931227476522
TxPert_to_McFaline,20260930,ManualHGB,0.1,4,u87mg,177,177,-0.028733350249321537,-0.003070355916305993,0.02612218385932306,0.8333333333333334,0.026523095752527776,0.026571428763492368,0.026022091004212558
TxPert_to_McFaline,20260930,ManualHGB,0.25,0,a172,189,189,0.04284177376960856,0.18749268269388417,0.019499479966159035,0.8421052631578947,0.017235996920091784,0.018487035578711734,0.02009517170058766
TxPert_to_McFaline,20260930,ManualHGB,0.25,0,t98g,177,177,0.035982182480578266,0.12669033388305784,0.019408803093409026,0.75,0.016975548457932383,0.018996165261573283,0.01999778807530009
TxPert_to_McFaline,20260930,ManualHGB,0.25,0,u87mg,177,177,0.06287332961818644,0.08834058456584958,0.025901886296760008,0.7777777777777778,0.025260448314500732,0.02550299007096626,0.025905753749104813
TxPert_to_McFaline,20260930,ManualHGB,0.25,1,a172,189,189,-0.05885426315023864,0.08965869748120493,0.019623752634529413,0.8157894736842105,0.018004794286447513,0.019454337305724472,0.0200191308523266
TxPert_to_McFaline,20260930,ManualHGB,0.25,1,t98g,177,177,0.021864356769543743,0.21361520238595866,0.019027075323470064,0.7777777777777778,0.01671304096971811,0.018149427818305714,0.019493333478496976
TxPert_to_McFaline,20260930,ManualHGB,0.25,1,u87mg,177,177,-0.009502494662391999,0.12286189015537842,0.025477291065451328,0.75,0.024167325202544082,0.02504737405176401,0.025958918365284994
TxPert_to_McFaline,20260930,ManualHGB,0.25,2,a172,189,189,0.242750885579305,0.1504380431413633,0.01987711858247081,0.7105263157894737,0.01946693522052466,0.019977188302432468,0.01999762070084157
TxPert_to_McFaline,20260930,ManualHGB,0.25,2,t98g,177,177,0.07434601474602266,0.12689267295947138,0.019755692515781353,0.75,0.019402358076508794,0.019841490925066083,0.019869720189364795
TxPert_to_McFaline,20260930,ManualHGB,0.25,2,u87mg,177,177,0.05500662038906038,0.16856294768739546,0.02557956551365556,0.75,0.02526966577139866,0.02490368308286123,0.025459315030990897
TxPert_to_McFaline,20260930,ManualHGB,0.25,3,a172,189,189,0.2037690033628892,0.11502610929885554,0.019811476579734373,0.7631578947368421,0.018671185735188472,0.019775313862806898,0.01980662017046415
TxPert_to_McFaline,20260930,ManualHGB,0.25,3,t98g,177,177,0.0413746116317453,0.07149584959239597,0.019485383636986542,0.7777777777777778,0.01711645430653451,0.01948398666937867,0.02016452046558095
TxPert_to_McFaline,20260930,ManualHGB,0.25,3,u87mg,177,177,0.0288588312129341,0.13110407861069723,0.02551215352352573,0.8055555555555556,0.023829741242006916,0.02493337676585261,0.02552388974154731
TxPert_to_McFaline,20260930,ManualHGB,0.25,4,a172,189,189,0.016428806937328753,0.06265171766324623,0.019759367823646488,0.7894736842105263,0.018356535266392658,0.01906180878336678,0.020153740290314297
TxPert_to_McFaline,20260930,ManualHGB,0.25,4,t98g,177,177,0.04166905621925766,-0.05363874606731235,0.019991806709098427,0.7777777777777778,0.019128847028205127,0.019458774132198466,0.020460601892268556
TxPert_to_McFaline,20260930,ManualHGB,0.25,4,u87mg,177,177,-0.15389851201728347,-0.08544554323283891,0.026196055038138738,0.8333333333333334,0.025721607920093273,0.025931660034176882,0.026538795599880174
TxPert_to_McFaline,20260930,ManualHGB,0.5,0,a172,189,189,0.31311851683987935,0.14529474263245243,0.020108847238456386,0.6052631578947368,0.02005097565110202,0.020377124157899815,0.020373026067365557
TxPert_to_McFaline,20260930,ManualHGB,0.5,0,t98g,177,177,0.4446792540641912,0.13271152136443656,0.01957556717124504,0.6111111111111112,0.019499014770219134,0.020166756238461484,0.01979888846354478
TxPert_to_McFaline,20260930,ManualHGB,0.5,0,u87mg,177,177,0.33161131767162083,0.20472033207311757,0.025678695933783555,0.6666666666666667,0.026505607839627812,0.02569378219439966,0.02563457660086106
TxPert_to_McFaline,20260930,ManualHGB,0.5,1,a172,189,189,0.022764837893318585,0.18087100324137073,0.019332655623867954,0.8421052631578947,0.01747452429190288,0.018467281142850504,0.020088095352444314
TxPert_to_McFaline,20260930,ManualHGB,0.5,1,t98g,177,177,0.1721151978077281,0.2607412631842579,0.01878135749892788,0.75,0.015854103964626762,0.01770361361088626,0.01939018871544712
TxPert_to_McFaline,20260930,ManualHGB,0.5,1,u87mg,177,177,-0.10117396627351943,0.11696436955092793,0.02536557147810572,0.8333333333333334,0.02374923270294395,0.024022631682014177,0.026168809262864082
TxPert_to_McFaline,20260930,ManualHGB,0.5,2,a172,189,189,0.21715165280899892,0.19810500305504172,0.019855646582358416,0.6842105263157895,0.020442697943676875,0.0194808192154248,0.019747064741317835
TxPert_to_McFaline,20260930,ManualHGB,0.5,2,t98g,177,177,0.2221936044361536,0.19302698950115638,0.01956965008436838,0.6666666666666667,0.020208874603860047,0.01905451623574111,0.01940850034740878
TxPert_to_McFaline,20260930,ManualHGB,0.5,2,u87mg,177,177,0.2704017336578558,0.191215533591844,0.02569651025737922,0.6388888888888888,0.026599014697108573,0.025362766090349435,0.025212336881731443
TxPert_to_McFaline,20260930,ManualHGB,0.5,3,a172,189,189,-0.13408569670263643,-0.043614115377135505,0.02015359799997784,0.8421052631578947,0.01848562494976707,0.01945182325049177,0.020990930841190525
TxPert_to_McFaline,20260930,ManualHGB,0.5,3,t98g,177,177,0.04839450570961203,0.06896156339090595,0.0194091750794591,0.75,0.01755492248494189,0.018274231635776208,0.020104674187662357
TxPert_to_McFaline,20260930,ManualHGB,0.5,3,u87mg,177,177,0.035605573093482015,0.14052306949008408,0.02530953445022286,0.6944444444444444,0.023339513019009658,0.02443692258564315,0.02590745529026304
TxPert_to_McFaline,20260930,ManualHGB,0.5,4,a172,189,189,-0.02217564375413781,-0.13441122400661226,0.021516715418483257,0.868421052631579,0.024784462401840852,0.02204455148110265,0.020846614886879188
TxPert_to_McFaline,20260930,ManualHGB,0.5,4,t98g,177,177,-0.048907905200411474,-0.07153519106791412,0.020694721674116085,0.8055555555555556,0.02161846342561006,0.02054643984476362,0.020331249661164192
TxPert_to_McFaline,20260930,ManualHGB,0.5,4,u87mg,177,177,-0.06776883023138885,-0.12861657699688406,0.02687625323951508,0.8055555555555556,0.02804356423464059,0.026846053036644987,0.02662779515752887
TxPert_to_McFaline,20260930,ManualHGB,0.75,0,a172,189,189,0.15711058022841237,0.4494807409472615,0.018666133833027045,0.7894736842105263,0.017298478282558715,0.017319131718475815,0.018642325838041852
TxPert_to_McFaline,20260930,ManualHGB,0.75,0,t98g,177,177,0.013353369347283858,0.3863998383042514,0.01846490977058975,0.7777777777777778,0.016082703458239297,0.016977645557887208,0.01867558037107687
TxPert_to_McFaline,20260930,ManualHGB,0.75,0,u87mg,177,177,0.002881175359851067,0.3084517159774768,0.024695155486991256,0.7777777777777778,0.022306319627020676,0.02291187157984557,0.02514802082105386
TxPert_to_McFaline,20260930,ManualHGB,0.75,1,a172,189,189,0.21851753573722807,-0.018399548978175213,0.020079153964378087,0.7105263157894737,0.019653238007997172,0.020500839204740735,0.020261002160978696
TxPert_to_McFaline,20260930,ManualHGB,0.75,1,t98g,177,177,0.3286894863391604,0.18109972467997412,0.01907526531956621,0.6388888888888888,0.01748146680243836,0.018234918961969715,0.01953121664877958
TxPert_to_McFaline,20260930,ManualHGB,0.75,1,u87mg,177,177,-0.0477105229443175,-0.05166827894929012,0.026506867647339925,0.8333333333333334,0.02636846213689878,0.026553122711080266,0.02640756835794506
TxPert_to_McFaline,20260930,ManualHGB,0.75,2,a172,189,189,0.5457195105367597,0.35788600748679206,0.01930211808228314,0.5263157894736843,0.019255668334741696,0.018957713099978696,0.019123051175205748
TxPert_to_McFaline,20260930,ManualHGB,0.75,2,t98g,177,177,0.2777019623252971,0.20576602770907765,0.019364867922502804,0.6111111111111112,0.019521982433522087,0.019765834365167836,0.01914186805723881
TxPert_to_McFaline,20260930,ManualHGB,0.75,2,u87mg,177,177,0.37018931064950444,0.2758071663207959,0.025342186795355562,0.6666666666666667,0.026149987486188075,0.02563964372557187,0.02507450636566231
TxPert_to_McFaline,20260930,ManualHGB,0.75,3,a172,189,189,-0.1136688423873453,0.028978871200718313,0.019778735159641465,0.8157894736842105,0.018853655334168037,0.019511340305465863,0.019473236374384636
TxPert_to_McFaline,20260930,ManualHGB,0.75,3,t98g,177,177,0.12325087128947845,0.16127926310190313,0.01929192996081346,0.7777777777777778,0.018578762036963844,0.01894318955443293,0.01894825585848412
TxPert_to_McFaline,20260930,ManualHGB,0.75,3,u87mg,177,177,0.03050341103277061,0.13771033589502904,0.025454535440953774,0.7222222222222222,0.024256801726063357,0.025500649526014947,0.025438488088817702
TxPert_to_McFaline,20260930,ManualHGB,0.75,4,a172,189,189,0.02494381826544631,0.3120160081938424,0.019228501489468995,0.7894736842105263,0.01866057851187553,0.01852694429111587,0.019079384990194077
TxPert_to_McFaline,20260930,ManualHGB,0.75,4,t98g,177,177,0.10135883955535753,0.28188206370287655,0.018745313871959813,0.75,0.01681940124183854,0.017192393938073546,0.01881425079795003
TxPert_to_McFaline,20260930,ManualHGB,0.75,4,u87mg,177,177,0.03814917431315988,0.23453048357948175,0.025028029054373926,0.75,0.023942866310953256,0.024061731999464687,0.0248707360526307
TxPert_to_McFaline,20260930,ManualHGB,1.0,0,a172,189,189,0.6421529309454532,0.3055868493768023,0.019415124604683913,0.4473684210526315,0.01916139184441823,0.019705792299065373,0.019467301627567848
TxPert_to_McFaline,20260930,ManualHGB,1.0,0,t98g,177,177,0.5021045637261538,0.30590637543191246,0.019014424969116834,0.5,0.01807325791261127,0.018663952040997456,0.01883138548377625
TxPert_to_McFaline,20260930,ManualHGB,1.0,0,u87mg,177,177,0.6063636129786726,0.20247060064442332,0.025513037445780512,0.4444444444444444,0.02593125522493287,0.02609806032578727,0.025616058416202948
TxPert_to_McFaline,20260930,ManualHGB,1.0,1,a172,189,189,0.6421529309454532,0.3055868493768023,0.019415124604683913,0.4473684210526315,0.01916139184441823,0.019705792299065373,0.019467301627567848
TxPert_to_McFaline,20260930,ManualHGB,1.0,1,t98g,177,177,0.5021045637261538,0.30590637543191246,0.019014424969116834,0.5,0.01807325791261127,0.018663952040997456,0.01883138548377625
TxPert_to_McFaline,20260930,ManualHGB,1.0,1,u87mg,177,177,0.6063636129786726,0.20247060064442332,0.025513037445780512,0.4444444444444444,0.02593125522493287,0.02609806032578727,0.025616058416202948
TxPert_to_McFaline,20260930,ManualHGB,1.0,2,a172,189,189,0.6421529309454532,0.3055868493768023,0.019415124604683913,0.4473684210526315,0.01916139184441823,0.019705792299065373,0.019467301627567848
TxPert_to_McFaline,20260930,ManualHGB,1.0,2,t98g,177,177,0.5021045637261538,0.30590637543191246,0.019014424969116834,0.5,0.01807325791261127,0.018663952040997456,0.01883138548377625
TxPert_to_McFaline,20260930,ManualHGB,1.0,2,u87mg,177,177,0.6063636129786726,0.20247060064442332,0.025513037445780512,0.4444444444444444,0.02593125522493287,0.02609806032578727,0.025616058416202948
TxPert_to_McFaline,20260930,ManualHGB,1.0,3,a172,189,189,0.6421529309454532,0.3055868493768023,0.019415124604683913,0.4473684210526315,0.01916139184441823,0.019705792299065373,0.019467301627567848
TxPert_to_McFaline,20260930,ManualHGB,1.0,3,t98g,177,177,0.5021045637261538,0.30590637543191246,0.019014424969116834,0.5,0.01807325791261127,0.018663952040997456,0.01883138548377625
TxPert_to_McFaline,20260930,ManualHGB,1.0,3,u87mg,177,177,0.6063636129786726,0.20247060064442332,0.025513037445780512,0.4444444444444444,0.02593125522493287,0.02609806032578727,0.025616058416202948
TxPert_to_McFaline,20260930,ManualHGB,1.0,4,a172,189,189,0.6421529309454532,0.3055868493768023,0.019415124604683913,0.4473684210526315,0.01916139184441823,0.019705792299065373,0.019467301627567848
TxPert_to_McFaline,20260930,ManualHGB,1.0,4,t98g,177,177,0.5021045637261538,0.30590637543191246,0.019014424969116834,0.5,0.01807325791261127,0.018663952040997456,0.01883138548377625
TxPert_to_McFaline,20260930,ManualHGB,1.0,4,u87mg,177,177,0.6063636129786726,0.20247060064442332,0.025513037445780512,0.4444444444444444,0.02593125522493287,0.02609806032578727,0.025616058416202948
TxPert_to_McFaline,20260930,ManualHistoryDistance,0.1,0,a172,22,189,0.7792878326927709,0.7865612648221344,0.016802359335791002,0.4,0.014873854957963667,0.015530012210044542,0.01713439999291099
TxPert_to_McFaline,20260930,ManualHistoryDistance,0.1,0,t98g,20,177,0.27353260634693427,0.6796992481203006,0.016998210955819406,0.75,0.01550377415710605,0.01475509738332485,0.01696667930437661
TxPert_to_McFaline,20260930,ManualHistoryDistance,0.1,0,u87mg,26,177,0.6573625765419511,0.6341880341880342,0.023258721645270493,0.33333333333333337,0.019472783317081032,0.02222065784242305,0.023837192831778778
TxPert_to_McFaline,20260930,ManualHistoryDistance,0.1,1,a172,21,189,0.7101429623629765,0.525974025974026,0.019399817183555008,0.4,0.018720349820157297,0.0187482206807773,0.019307700316161077
TxPert_to_McFaline,20260930,ManualHistoryDistance,0.1,1,t98g,21,177,0.005219367375564828,0.33246753246753247,0.01820243221525121,0.8,0.015879163681665965,0.01612885230665094,0.01882834112624409
TxPert_to_McFaline,20260930,ManualHistoryDistance,0.1,1,u87mg,19,177,,0.5842105263157895,0.023615085267914664,0.5,0.0197103678218861,0.021351737083479125,0.023565780936693752
TxPert_to_McFaline,20260930,ManualHistoryDistance,0.1,2,a172,22,189,0.845240619317036,0.5821569734613213,0.019188197548788487,0.4,0.016489551764888633,0.01883424886369692,0.019115755285322923
TxPert_to_McFaline,20260930,ManualHistoryDistance,0.1,2,t98g,15,177,,0.25,0.01875710713148624,1.0,0.0160607086810845,0.016486196694136434,0.0196674147258846
TxPert_to_McFaline,20260930,ManualHistoryDistance,0.1,2,u87mg,18,177,,0.7647058823529412,0.021446267306020436,0.5,0.0183508384474482,0.018298491530445275,0.020995726655011433
TxPert_to_McFaline,20260930,ManualHistoryDistance,0.1,3,a172,22,189,0.946202363631788,0.7843026538678713,0.01810284349812358,0.19999999999999996,0.0171662108505193,0.017236784775967462,0.018093314713485274
TxPert_to_McFaline,20260930,ManualHistoryDistance,0.1,3,t98g,15,177,,0.5714285714285713,0.018169488592578404,0.6666666666666667,0.018367522816088153,0.016944265649036835,0.018551904579695914
TxPert_to_McFaline,20260930,ManualHistoryDistance,0.1,3,u87mg,13,177,,0.45604395604395603,0.023545273615122955,1.0,0.01917798234122985,0.0197793871908353,0.024965311709311815
TxPert_to_McFaline,20260930,ManualHistoryDistance,0.1,4,a172,25,189,0.8010253055894777,0.7253846153846153,0.01809338403745343,0.19999999999999996,0.015878647837480536,0.01704475684869484,0.01831515489393534
TxPert_to_McFaline,20260930,ManualHistoryDistance,0.1,4,t98g,20,177,0.5959343446030757,0.7774436090225564,0.01763289804105268,0.25,0.0147668579212247,0.016556147716495998,0.017555520873136603
TxPert_to_McFaline,20260930,ManualHistoryDistance,0.1,4,u87mg,16,177,,0.4147058823529412,0.025149180584376464,0.5,0.02503812191932545,0.022636579499091126,0.024807099635333424
TxPert_to_McFaline,20260930,ManualHistoryDistance,0.25,0,a172,49,189,0.6572188411799128,0.6662244897959182,0.017390823724005227,0.5,0.01533562950919698,0.01632695654727845,0.017783398386813507
TxPert_to_McFaline,20260930,ManualHistoryDistance,0.25,0,t98g,48,177,0.359774359698238,0.6567520625271385,0.01747088954251586,0.6,0.015582894344917001,0.01607075334879591,0.017211384847099557
TxPert_to_McFaline,20260930,ManualHistoryDistance,0.25,0,u87mg,53,177,0.6855623850078528,0.5666827930978875,0.023620513045058435,0.36363636363636365,0.020792517807545548,0.022246260175280645,0.024396710358428764
TxPert_to_McFaline,20260930,ManualHistoryDistance,0.25,1,a172,48,189,0.6074244755420948,0.6835649153278333,0.018163989218513105,0.5,0.01736970692393014,0.016572642800419132,0.01839466623510624
TxPert_to_McFaline,20260930,ManualHistoryDistance,0.25,1,t98g,54,177,0.1743878520451045,0.4861063464837049,0.01755115862265341,0.8181818181818181,0.015735868168150518,0.015865919974632645,0.017869743855704754
TxPert_to_McFaline,20260930,ManualHistoryDistance,0.25,1,u87mg,50,177,0.6687093115448699,0.7561584633853542,0.023393251336194142,0.4,0.019804577350744524,0.02101742314401833,0.02340855758689393
TxPert_to_McFaline,20260930,ManualHistoryDistance,0.25,2,a172,45,189,0.6818022492967621,0.606060606060606,0.01913387275930625,0.5555555555555556,0.01715177852506438,0.017951638747897777,0.019337349833647877
TxPert_to_McFaline,20260930,ManualHistoryDistance,0.25,2,t98g,39,177,0.2681120450945698,0.4153846153846154,0.01848861269265631,0.625,0.0161956826884312,0.017290297695416325,0.019186840164626913
TxPert_to_McFaline,20260930,ManualHistoryDistance,0.25,2,u87mg,51,177,0.44457827636490377,0.5610859728506787,0.023374287974941916,0.6363636363636364,0.019553490319361714,0.021450230487447593,0.024294095115925278
TxPert_to_McFaline,20260930,ManualHistoryDistance,0.25,3,a172,52,189,0.7738025957203835,0.6196533765901134,0.018681516378930056,0.36363636363636365,0.017565807427258964,0.017947214225759744,0.018606360091455464
TxPert_to_McFaline,20260930,ManualHistoryDistance,0.25,3,t98g,41,177,0.35798857980789334,0.6670731707317075,0.01749175405784235,0.5555555555555556,0.01623081269283608,0.015744096529027977,0.01746926447833974
TxPert_to_McFaline,20260930,ManualHistoryDistance,0.25,3,u87mg,43,177,0.10487128864447207,0.3731501057082452,0.024085789815431594,0.6666666666666667,0.022136527814217717,0.022375398881204746,0.02496835657711981
TxPert_to_McFaline,20260930,ManualHistoryDistance,0.25,4,a172,52,189,0.7843812055508664,0.6678050029881328,0.01824754048518571,0.2727272727272727,0.01641442638181592,0.017496837191731788,0.018432929501882522
TxPert_to_McFaline,20260930,ManualHistoryDistance,0.25,4,t98g,43,177,0.5867912690163043,0.604500151011779,0.01861189558728212,0.4444444444444444,0.017004544640772938,0.017437203463914388,0.01883796100824489
TxPert_to_McFaline,20260930,ManualHistoryDistance,0.25,4,u87mg,46,177,0.14845659426668142,0.2511871723712612,0.02468707823544442,0.7,0.022549838020420317,0.022957267147036393,0.0253511322373242
TxPert_to_McFaline,20260930,ManualHistoryDistance,0.5,0,a172,103,189,0.7058363559378568,0.6890128717655845,0.017959223407733114,0.38095238095238093,0.0164841052449714,0.016831739090727445,0.018163497686491885
TxPert_to_McFaline,20260930,ManualHistoryDistance,0.5,0,t98g,88,177,0.5308057494498315,0.6215878271283154,0.017679260733279314,0.5555555555555556,0.016045863975479854,0.016119431660157425,0.018000918152237335
TxPert_to_McFaline,20260930,ManualHistoryDistance,0.5,0,u87mg,90,177,0.6010745781351547,0.5377865580112771,0.023899624705073362,0.4444444444444444,0.021384703517276258,0.022521332572563155,0.024480934880104725
TxPert_to_McFaline,20260930,ManualHistoryDistance,0.5,1,a172,92,189,0.6685495365811378,0.6556108687945995,0.018196735770193127,0.4736842105263158,0.01613120632061359,0.016924581315886412,0.018412073225173804
TxPert_to_McFaline,20260930,ManualHistoryDistance,0.5,1,t98g,98,177,0.429043863197773,0.5843773310636343,0.017876853808381298,0.6,0.01642157590696812,0.016073210115930242,0.01800762041494435
TxPert_to_McFaline,20260930,ManualHistoryDistance,0.5,1,u87mg,93,177,0.6214449922459875,0.6772850705738412,0.02332593951102646,0.4736842105263158,0.020345194221316,0.020902607246620044,0.02381880024046558
TxPert_to_McFaline,20260930,ManualHistoryDistance,0.5,2,a172,92,189,0.8129053136504474,0.7072422668495599,0.0180284048958955,0.368421052631579,0.01602146393793931,0.016802943353908428,0.018188966809177542
TxPert_to_McFaline,20260930,ManualHistoryDistance,0.5,2,t98g,76,177,0.47315539032075293,0.5082706766917293,0.01770017694653078,0.5625,0.015441555392143601,0.01620293506708173,0.018170865373629712
TxPert_to_McFaline,20260930,ManualHistoryDistance,0.5,2,u87mg,95,177,0.5024393577081662,0.6734602463605823,0.022909589513858568,0.5789473684210527,0.01951201795436437,0.020605042824238612,0.02339579874678288
TxPert_to_McFaline,20260930,ManualHistoryDistance,0.5,3,a172,89,189,0.7931366416300538,0.721297242083759,0.018717098937020803,0.38888888888888884,0.01749671676730041,0.017841533165729184,0.01864267825123608
TxPert_to_McFaline,20260930,ManualHistoryDistance,0.5,3,t98g,81,177,0.20509574338280195,0.5953252032520325,0.017985225236449683,0.7058823529411764,0.01591869237327929,0.01615600552180043,0.01814879035698504
TxPert_to_McFaline,20260930,ManualHistoryDistance,0.5,3,u87mg,88,177,0.494771406079389,0.5267514353140081,0.023618515975416088,0.5555555555555556,0.0212851463307932,0.02232305238630585,0.02409676911768538
TxPert_to_McFaline,20260930,ManualHistoryDistance,0.5,4,a172,98,189,0.7973595362833015,0.7340626972438459,0.01853220629225669,0.4,0.016497149064133028,0.01760188747132082,0.01854330864180209
TxPert_to_McFaline,20260930,ManualHistoryDistance,0.5,4,t98g,82,177,0.5517364744200718,0.5685070906933969,0.01838276343407065,0.5294117647058824,0.01611203046634121,0.016776754643832333,0.01847196164995353
TxPert_to_McFaline,20260930,ManualHistoryDistance,0.5,4,u87mg,86,177,0.40346220785938725,0.48948535308269253,0.024293202156060425,0.5555555555555556,0.02201843894945163,0.02301965934124643,0.02470563993154393
TxPert_to_McFaline,20260930,ManualHistoryDistance,0.75,0,a172,146,189,0.6864246837694422,0.6982406755805772,0.018018598126632514,0.43333333333333335,0.01648045213502587,0.016884868518087723,0.01821251728826
TxPert_to_McFaline,20260930,ManualHistoryDistance,0.75,0,t98g,125,177,0.45274998680755785,0.6270660522273425,0.01764494135308941,0.56,0.01572850199805342,0.016234641744926975,0.017775160928123507
TxPert_to_McFaline,20260930,ManualHistoryDistance,0.75,0,u87mg,133,177,0.5988812542015824,0.5920619051019679,0.023822295975685148,0.4814814814814815,0.021423882471677428,0.022214133581913004,0.024229258399963344
TxPert_to_McFaline,20260930,ManualHistoryDistance,0.75,1,a172,138,189,0.7028805674919321,0.660795134124373,0.018196730440163112,0.5,0.01618614860657142,0.016957175741254774,0.018422065422608703
TxPert_to_McFaline,20260930,ManualHistoryDistance,0.75,1,t98g,139,177,0.45506989795658587,0.5722775816613789,0.01784210926873877,0.5714285714285714,0.015697792291449582,0.016356456192673244,0.018084954974264256
TxPert_to_McFaline,20260930,ManualHistoryDistance,0.75,1,u87mg,139,177,0.603929596323562,0.6492559989275659,0.02336920806075608,0.5,0.020640795654787634,0.021573478402184654,0.02372826910730149
TxPert_to_McFaline,20260930,ManualHistoryDistance,0.75,2,a172,135,189,0.7918656290302143,0.7347868500634085,0.01790322488461866,0.33333333333333337,0.015993323391568035,0.016680817348747472,0.018128811844601207
TxPert_to_McFaline,20260930,ManualHistoryDistance,0.75,2,t98g,125,177,0.5103199813919498,0.5263594470046082,0.0179483437098628,0.52,0.015592131572380876,0.016540074706875227,0.018291907543845326
TxPert_to_McFaline,20260930,ManualHistoryDistance,0.75,2,u87mg,131,177,0.46158324073786733,0.6174931938290716,0.023155159820949244,0.5925925925925926,0.020412068200377286,0.021005227164684424,0.023757032131256847
TxPert_to_McFaline,20260930,ManualHistoryDistance,0.75,3,a172,137,189,0.7723208317300855,0.6942567252226184,0.01852760974044306,0.3571428571428571,0.017139922036620285,0.017423345783839878,0.018592685598986795
TxPert_to_McFaline,20260930,ManualHistoryDistance,0.75,3,t98g,127,177,0.5426085735876387,0.6477901199850018,0.017832196140533108,0.5,0.0159507590672742,0.016141008132894482,0.017921485070822418
TxPert_to_McFaline,20260930,ManualHistoryDistance,0.75,3,u87mg,127,177,0.5418580487986718,0.562570303712036,0.02363484007667485,0.5,0.021264762320778747,0.022113336302743106,0.024016139188202227
TxPert_to_McFaline,20260930,ManualHistoryDistance,0.75,4,a172,152,189,0.7687140436969944,0.6772223703005078,0.01823400329454264,0.3870967741935484,0.01637783802102242,0.017155947261940745,0.01844881685438917
TxPert_to_McFaline,20260930,ManualHistoryDistance,0.75,4,t98g,127,177,0.4839055855292394,0.6008506749156356,0.01783257138249006,0.5384615384615384,0.01554515234011546,0.016066063302449574,0.018040013989081644
TxPert_to_McFaline,20260930,ManualHistoryDistance,0.75,4,u87mg,137,177,0.4597438227252569,0.5461851513058412,0.023807593353681,0.5714285714285714,0.021540737757344466,0.022326313364583256,0.024290841026242165
TxPert_to_McFaline,20260930,ManualHistoryDistance,1.0,0,a172,189,189,0.7371354619029981,0.6929220213654705,0.018089190099077126,0.42105263157894735,0.016306551111545706,0.01697111891825627,0.018181648095411417
TxPert_to_McFaline,20260930,ManualHistoryDistance,1.0,0,t98g,177,177,0.5103370958599521,0.603194629594363,0.01783096081122349,0.5,0.015832537810653174,0.01627843995161373,0.01796221337467425
TxPert_to_McFaline,20260930,ManualHistoryDistance,1.0,0,u87mg,177,177,0.5664821791419712,0.5907532764321948,0.023613477963364073,0.5,0.020968760208310986,0.021889239721378313,0.024067190520128977
TxPert_to_McFaline,20260930,ManualHistoryDistance,1.0,1,a172,189,189,0.7371354619029981,0.6929220213654705,0.018089190099077126,0.42105263157894735,0.016306551111545706,0.01697111891825627,0.018181648095411417
TxPert_to_McFaline,20260930,ManualHistoryDistance,1.0,1,t98g,177,177,0.5103370958599521,0.603194629594363,0.01783096081122349,0.5,0.015832537810653174,0.01627843995161373,0.01796221337467425
TxPert_to_McFaline,20260930,ManualHistoryDistance,1.0,1,u87mg,177,177,0.5664821791419712,0.5907532764321948,0.023613477963364073,0.5,0.020968760208310986,0.021889239721378313,0.024067190520128977
TxPert_to_McFaline,20260930,ManualHistoryDistance,1.0,2,a172,189,189,0.7371354619029981,0.6929220213654705,0.018089190099077126,0.42105263157894735,0.016306551111545706,0.01697111891825627,0.018181648095411417
TxPert_to_McFaline,20260930,ManualHistoryDistance,1.0,2,t98g,177,177,0.5103370958599521,0.603194629594363,0.01783096081122349,0.5,0.015832537810653174,0.01627843995161373,0.01796221337467425
TxPert_to_McFaline,20260930,ManualHistoryDistance,1.0,2,u87mg,177,177,0.5664821791419712,0.5907532764321948,0.023613477963364073,0.5,0.020968760208310986,0.021889239721378313,0.024067190520128977
TxPert_to_McFaline,20260930,ManualHistoryDistance,1.0,3,a172,189,189,0.7371354619029981,0.6929220213654705,0.018089190099077126,0.42105263157894735,0.016306551111545706,0.01697111891825627,0.018181648095411417
TxPert_to_McFaline,20260930,ManualHistoryDistance,1.0,3,t98g,177,177,0.5103370958599521,0.603194629594363,0.01783096081122349,0.5,0.015832537810653174,0.01627843995161373,0.01796221337467425
TxPert_to_McFaline,20260930,ManualHistoryDistance,1.0,3,u87mg,177,177,0.5664821791419712,0.5907532764321948,0.023613477963364073,0.5,0.020968760208310986,0.021889239721378313,0.024067190520128977
TxPert_to_McFaline,20260930,ManualHistoryDistance,1.0,4,a172,189,189,0.7371354619029981,0.6929220213654705,0.018089190099077126,0.42105263157894735,0.016306551111545706,0.01697111891825627,0.018181648095411417
TxPert_to_McFaline,20260930,ManualHistoryDistance,1.0,4,t98g,177,177,0.5103370958599521,0.603194629594363,0.01783096081122349,0.5,0.015832537810653174,0.01627843995161373,0.01796221337467425
TxPert_to_McFaline,20260930,ManualHistoryDistance,1.0,4,u87mg,177,177,0.5664821791419712,0.5907532764321948,0.023613477963364073,0.5,0.020968760208310986,0.021889239721378313,0.024067190520128977
