stage_path,seed,collective,selected_epoch,elapsed_seconds,n_fit_queries,n_fit_genes,fit_query_ids_hash,pca_unique_history_ids_hash,pca_history_rows,pca_components,parameters,effective_parameters,skipped_zero_choice_batches,validation_genes_disjoint,outer,inner,builder,stage,evaluation_gene_hash,audit_sha256,fit_gene_hash,unique_history_gene_disjoint
/home/yyf/runtime_artifacts/safeconf_research_20261001/publicset_execution_v1/risk_followup_v1/nested/outer0/inner0/B2_Pointwise/seed20260930/early,20260930,False,9,8.101126034976915,859,276,4ec024eaf7f721805b532d16dc7e57e99b67286b77bed999b7e8a429fadf51a8,a83da5c8ed475712c81e891b8be5000de01b3f1aa98dbc5e3fcfd88349f963c9,937,32,15745,11649,0,True,0,0,B2_Pointwise,early,b7a345071c71794eb73c8c036a35bb404d67678f9bfe566114d2426e1be3a4d5,feedac84d6500a86c5c9cbe39f4c6a10d35e45e3462afc992a4332d7d89839bf,,
/home/yyf/runtime_artifacts/safeconf_research_20261001/publicset_execution_v1/risk_followup_v1/nested/outer0/inner0/B2_Pointwise/seed20260930/refit,20260930,False,9,3.4624425629153848,1076,345,24b5e33fe51808976fed8bbf7a97b371f0b0099d5d10dc455bf8f2b71a3f0bcb,c8af129063805acd89dd0ff54cee698e56d4924870cfeefdb13871dea82a9488,1179,32,15745,11649,0,,0,0,B2_Pointwise,refit,ebfed2fcb834aef85a10baefd69edd862b97ab570e1e167a353296fb46ecff41,b771137b7fb4f29c076369aa064570ec1538a856ce3e6d3e52e4ae8c5d473dea,75d16b53d01b1d3827db93c687599fe6b808ed08f6215230eee471f78a66cea6,True
/home/yyf/runtime_artifacts/safeconf_research_20261001/publicset_execution_v1/risk_followup_v1/nested/outer0/inner0/B2_Pointwise/seed20261001/early,20261001,False,6,4.9008492298889905,859,276,4ec024eaf7f721805b532d16dc7e57e99b67286b77bed999b7e8a429fadf51a8,a83da5c8ed475712c81e891b8be5000de01b3f1aa98dbc5e3fcfd88349f963c9,937,32,15745,11649,0,True,0,0,B2_Pointwise,early,b7a345071c71794eb73c8c036a35bb404d67678f9bfe566114d2426e1be3a4d5,493e56c78d336ad62f7537783e2d5385f3a4c8376a355eb7d023e0eac88447ec,,
/home/yyf/runtime_artifacts/safeconf_research_20261001/publicset_execution_v1/risk_followup_v1/nested/outer0/inner0/B2_Pointwise/seed20261001/refit,20261001,False,6,2.3219024408608675,1076,345,24b5e33fe51808976fed8bbf7a97b371f0b0099d5d10dc455bf8f2b71a3f0bcb,c8af129063805acd89dd0ff54cee698e56d4924870cfeefdb13871dea82a9488,1179,32,15745,11649,0,,0,0,B2_Pointwise,refit,ebfed2fcb834aef85a10baefd69edd862b97ab570e1e167a353296fb46ecff41,fdf4f60197488503a7f6d9914f19f9ebb93cce8869b659e5583a2aadf672d0cb,75d16b53d01b1d3827db93c687599fe6b808ed08f6215230eee471f78a66cea6,True
/home/yyf/runtime_artifacts/safeconf_research_20261001/publicset_execution_v1/risk_followup_v1/nested/outer0/inner0/B2_Pointwise/seed20261002/early,20261002,False,8,5.3833923630882055,859,276,4ec024eaf7f721805b532d16dc7e57e99b67286b77bed999b7e8a429fadf51a8,a83da5c8ed475712c81e891b8be5000de01b3f1aa98dbc5e3fcfd88349f963c9,937,32,15745,11649,0,True,0,0,B2_Pointwise,early,b7a345071c71794eb73c8c036a35bb404d67678f9bfe566114d2426e1be3a4d5,b6b48623c3c7b1f7a293b0fc71d81d03873cc0ddb0ddb49ccbc110391d72b366,,
/home/yyf/runtime_artifacts/safeconf_research_20261001/publicset_execution_v1/risk_followup_v1/nested/outer0/inner0/B2_Pointwise/seed20261002/refit,20261002,False,8,3.0808814158663154,1076,345,24b5e33fe51808976fed8bbf7a97b371f0b0099d5d10dc455bf8f2b71a3f0bcb,c8af129063805acd89dd0ff54cee698e56d4924870cfeefdb13871dea82a9488,1179,32,15745,11649,0,,0,0,B2_Pointwise,refit,ebfed2fcb834aef85a10baefd69edd862b97ab570e1e167a353296fb46ecff41,c329fdfdb7dac5f7d0cab62483b6d013888978f07bcb4a1f2e41e01ebf6713a7,75d16b53d01b1d3827db93c687599fe6b808ed08f6215230eee471f78a66cea6,True
/home/yyf/runtime_artifacts/safeconf_research_20261001/publicset_execution_v1/risk_followup_v1/nested/outer0/inner0/B3_DeepSets/seed20260930/early,20260930,True,9,6.125160927185789,859,276,4ec024eaf7f721805b532d16dc7e57e99b67286b77bed999b7e8a429fadf51a8,a83da5c8ed475712c81e891b8be5000de01b3f1aa98dbc5e3fcfd88349f963c9,937,32,15745,15745,0,True,0,0,B3_DeepSets,early,b7a345071c71794eb73c8c036a35bb404d67678f9bfe566114d2426e1be3a4d5,85a925cfbf99db3f96f58d56909b59cd2b7e7e9c713d65aec470713d08d96093,,
/home/yyf/runtime_artifacts/safeconf_research_20261001/publicset_execution_v1/risk_followup_v1/nested/outer0/inner0/B3_DeepSets/seed20260930/refit,20260930,True,9,3.7925628719385713,1076,345,24b5e33fe51808976fed8bbf7a97b371f0b0099d5d10dc455bf8f2b71a3f0bcb,c8af129063805acd89dd0ff54cee698e56d4924870cfeefdb13871dea82a9488,1179,32,15745,15745,0,,0,0,B3_DeepSets,refit,ebfed2fcb834aef85a10baefd69edd862b97ab570e1e167a353296fb46ecff41,ffcc2c2e532cedc2c5ae901f9e1f5328291bd222927d278abf47af06b8399daa,75d16b53d01b1d3827db93c687599fe6b808ed08f6215230eee471f78a66cea6,True
/home/yyf/runtime_artifacts/safeconf_research_20261001/publicset_execution_v1/risk_followup_v1/nested/outer0/inner0/B3_DeepSets/seed20261001/early,20261001,True,6,5.0864673550240695,859,276,4ec024eaf7f721805b532d16dc7e57e99b67286b77bed999b7e8a429fadf51a8,a83da5c8ed475712c81e891b8be5000de01b3f1aa98dbc5e3fcfd88349f963c9,937,32,15745,15745,0,True,0,0,B3_DeepSets,early,b7a345071c71794eb73c8c036a35bb404d67678f9bfe566114d2426e1be3a4d5,7ef6470b257cff064cad0cc7cbd770d76c00959fccd1872c8bddaef742bbdbb4,,
/home/yyf/runtime_artifacts/safeconf_research_20261001/publicset_execution_v1/risk_followup_v1/nested/outer0/inner0/B3_DeepSets/seed20261001/refit,20261001,True,6,2.379094163188711,1076,345,24b5e33fe51808976fed8bbf7a97b371f0b0099d5d10dc455bf8f2b71a3f0bcb,c8af129063805acd89dd0ff54cee698e56d4924870cfeefdb13871dea82a9488,1179,32,15745,15745,0,,0,0,B3_DeepSets,refit,ebfed2fcb834aef85a10baefd69edd862b97ab570e1e167a353296fb46ecff41,3e679a6c79e7cf3ef55682d9aeb13c36019ead38d7fdb5e5ff30cda3bca14639,75d16b53d01b1d3827db93c687599fe6b808ed08f6215230eee471f78a66cea6,True
/home/yyf/runtime_artifacts/safeconf_research_20261001/publicset_execution_v1/risk_followup_v1/nested/outer0/inner0/B3_DeepSets/seed20261002/early,20261002,True,7,5.2706143509130925,859,276,4ec024eaf7f721805b532d16dc7e57e99b67286b77bed999b7e8a429fadf51a8,a83da5c8ed475712c81e891b8be5000de01b3f1aa98dbc5e3fcfd88349f963c9,937,32,15745,15745,0,True,0,0,B3_DeepSets,early,b7a345071c71794eb73c8c036a35bb404d67678f9bfe566114d2426e1be3a4d5,011661fc647a289a0a52ef2f3a7b09a6aa5c6baafab3a92e5248d69d3a1b976d,,
/home/yyf/runtime_artifacts/safeconf_research_20261001/publicset_execution_v1/risk_followup_v1/nested/outer0/inner0/B3_DeepSets/seed20261002/refit,20261002,True,7,2.7629234581254423,1076,345,24b5e33fe51808976fed8bbf7a97b371f0b0099d5d10dc455bf8f2b71a3f0bcb,c8af129063805acd89dd0ff54cee698e56d4924870cfeefdb13871dea82a9488,1179,32,15745,15745,0,,0,0,B3_DeepSets,refit,ebfed2fcb834aef85a10baefd69edd862b97ab570e1e167a353296fb46ecff41,64bf1dfaaca4aa072b63e333a677669ef59e6238370ec6a50c5f62320495ec43,75d16b53d01b1d3827db93c687599fe6b808ed08f6215230eee471f78a66cea6,True
/home/yyf/runtime_artifacts/safeconf_research_20261001/publicset_execution_v1/risk_followup_v1/nested/outer0/inner1/B2_Pointwise/seed20260930/early,20260930,False,49,18.30467506404966,867,276,61315bbf0485a959d385bc82e5cb19a87ee0322f46f197037766b5dd6781918d,ee9cee139d248c6bdb9033936ddf890212ac1c7306f05ecc2b459398000a8466,949,32,15745,11649,0,True,0,1,B2_Pointwise,early,04953716afe62f0de347662db9d27c95b3a85e831e2b2e5312d82b421186222e,6433cd8db6767eaa8182680a116f8d6017bdf62115e1eaf97118789de078cbd3,,
/home/yyf/runtime_artifacts/safeconf_research_20261001/publicset_execution_v1/risk_followup_v1/nested/outer0/inner1/B2_Pointwise/seed20260930/refit,20260930,False,49,17.89655883400701,1087,345,705bf80ccf8b5027dd7e8db480ba8eabd4a1d0f4ae0650dcc196c0c84e9fc9bf,eb7c46d724dd910cec8c08425d5d7954396c5317871af1b6997d0ea160b61417,1180,32,15745,11649,0,,0,1,B2_Pointwise,refit,61c68d0f7a45943572f3e59721bcb5cc311e1e0deffe5e8043af3f0e10d0435a,fb66f0efb8eca1e2a382ac74826052fc61f0696214d517cd94f340b3dd5be1a5,96582211d010d406edc788f90c1200d0995461b773d827fa1573df92eca5718c,True
/home/yyf/runtime_artifacts/safeconf_research_20261001/publicset_execution_v1/risk_followup_v1/nested/outer0/inner1/B2_Pointwise/seed20261001/early,20261001,False,28,11.697547492804006,867,276,61315bbf0485a959d385bc82e5cb19a87ee0322f46f197037766b5dd6781918d,ee9cee139d248c6bdb9033936ddf890212ac1c7306f05ecc2b459398000a8466,949,32,15745,11649,0,True,0,1,B2_Pointwise,early,04953716afe62f0de347662db9d27c95b3a85e831e2b2e5312d82b421186222e,bab7b598447d3bceeee3b3b6b9cdc3ecb81c03bc5fd98f384eb08e36972acadd,,
/home/yyf/runtime_artifacts/safeconf_research_20261001/publicset_execution_v1/risk_followup_v1/nested/outer0/inner1/B2_Pointwise/seed20261001/refit,20261001,False,28,10.31789169809781,1087,345,705bf80ccf8b5027dd7e8db480ba8eabd4a1d0f4ae0650dcc196c0c84e9fc9bf,eb7c46d724dd910cec8c08425d5d7954396c5317871af1b6997d0ea160b61417,1180,32,15745,11649,0,,0,1,B2_Pointwise,refit,61c68d0f7a45943572f3e59721bcb5cc311e1e0deffe5e8043af3f0e10d0435a,6a92cb17aabce416183c4d492d3b9ddf4954361e6e24436ae2d5e695773193a4,96582211d010d406edc788f90c1200d0995461b773d827fa1573df92eca5718c,True
/home/yyf/runtime_artifacts/safeconf_research_20261001/publicset_execution_v1/risk_followup_v1/nested/outer0/inner1/B2_Pointwise/seed20261002/early,20261002,False,15,7.851902867201716,867,276,61315bbf0485a959d385bc82e5cb19a87ee0322f46f197037766b5dd6781918d,ee9cee139d248c6bdb9033936ddf890212ac1c7306f05ecc2b459398000a8466,949,32,15745,11649,0,True,0,1,B2_Pointwise,early,04953716afe62f0de347662db9d27c95b3a85e831e2b2e5312d82b421186222e,7127028b6b21eab50b754de8d1f3fd0d59876d990e1bbb22f892c1fa224a04e7,,
/home/yyf/runtime_artifacts/safeconf_research_20261001/publicset_execution_v1/risk_followup_v1/nested/outer0/inner1/B2_Pointwise/seed20261002/refit,20261002,False,15,5.60796391707845,1087,345,705bf80ccf8b5027dd7e8db480ba8eabd4a1d0f4ae0650dcc196c0c84e9fc9bf,eb7c46d724dd910cec8c08425d5d7954396c5317871af1b6997d0ea160b61417,1180,32,15745,11649,0,,0,1,B2_Pointwise,refit,61c68d0f7a45943572f3e59721bcb5cc311e1e0deffe5e8043af3f0e10d0435a,13084c9c71107ec34aaf7e346b723391d415d27f1304b6da465fa640da35ca30,96582211d010d406edc788f90c1200d0995461b773d827fa1573df92eca5718c,True
/home/yyf/runtime_artifacts/safeconf_research_20261001/publicset_execution_v1/risk_followup_v1/nested/outer0/inner1/B3_DeepSets/seed20260930/early,20260930,True,26,11.753697934793308,867,276,61315bbf0485a959d385bc82e5cb19a87ee0322f46f197037766b5dd6781918d,ee9cee139d248c6bdb9033936ddf890212ac1c7306f05ecc2b459398000a8466,949,32,15745,15745,0,True,0,1,B3_DeepSets,early,04953716afe62f0de347662db9d27c95b3a85e831e2b2e5312d82b421186222e,bf85aaa266904946aae0d364ff704e5e87b9efd78d2485267a05c2b6312e4529,,
/home/yyf/runtime_artifacts/safeconf_research_20261001/publicset_execution_v1/risk_followup_v1/nested/outer0/inner1/B3_DeepSets/seed20260930/refit,20260930,True,26,10.005740539170802,1087,345,705bf80ccf8b5027dd7e8db480ba8eabd4a1d0f4ae0650dcc196c0c84e9fc9bf,eb7c46d724dd910cec8c08425d5d7954396c5317871af1b6997d0ea160b61417,1180,32,15745,15745,0,,0,1,B3_DeepSets,refit,61c68d0f7a45943572f3e59721bcb5cc311e1e0deffe5e8043af3f0e10d0435a,bad3d7f3767df344814de1c04f58e85d049f87ec398e2048aafbaaa508339a86,96582211d010d406edc788f90c1200d0995461b773d827fa1573df92eca5718c,True
/home/yyf/runtime_artifacts/safeconf_research_20261001/publicset_execution_v1/risk_followup_v1/nested/outer0/inner1/B3_DeepSets/seed20261001/early,20261001,True,19,9.497195531846955,867,276,61315bbf0485a959d385bc82e5cb19a87ee0322f46f197037766b5dd6781918d,ee9cee139d248c6bdb9033936ddf890212ac1c7306f05ecc2b459398000a8466,949,32,15745,15745,0,True,0,1,B3_DeepSets,early,04953716afe62f0de347662db9d27c95b3a85e831e2b2e5312d82b421186222e,18eec896072ccec37308ace8c549918cd2f2496d2952339bbde6ae1758b69d40,,
/home/yyf/runtime_artifacts/safeconf_research_20261001/publicset_execution_v1/risk_followup_v1/nested/outer0/inner1/B3_DeepSets/seed20261001/refit,20261001,True,19,7.151965480996296,1087,345,705bf80ccf8b5027dd7e8db480ba8eabd4a1d0f4ae0650dcc196c0c84e9fc9bf,eb7c46d724dd910cec8c08425d5d7954396c5317871af1b6997d0ea160b61417,1180,32,15745,15745,0,,0,1,B3_DeepSets,refit,61c68d0f7a45943572f3e59721bcb5cc311e1e0deffe5e8043af3f0e10d0435a,1934d9df8fe0aba0421faeff613f73b3686763d26ece0e24fe92a98a2cd3c9b5,96582211d010d406edc788f90c1200d0995461b773d827fa1573df92eca5718c,True
/home/yyf/runtime_artifacts/safeconf_research_20261001/publicset_execution_v1/risk_followup_v1/nested/outer0/inner1/B3_DeepSets/seed20261002/early,20261002,True,21,10.078476930968463,867,276,61315bbf0485a959d385bc82e5cb19a87ee0322f46f197037766b5dd6781918d,ee9cee139d248c6bdb9033936ddf890212ac1c7306f05ecc2b459398000a8466,949,32,15745,15745,0,True,0,1,B3_DeepSets,early,04953716afe62f0de347662db9d27c95b3a85e831e2b2e5312d82b421186222e,f24eb51c6df2dd98bee176b3add7e39db6b7cb998ad82608533f94f4766b7711,,
/home/yyf/runtime_artifacts/safeconf_research_20261001/publicset_execution_v1/risk_followup_v1/nested/outer0/inner1/B3_DeepSets/seed20261002/refit,20261002,True,21,8.500190696911886,1087,345,705bf80ccf8b5027dd7e8db480ba8eabd4a1d0f4ae0650dcc196c0c84e9fc9bf,eb7c46d724dd910cec8c08425d5d7954396c5317871af1b6997d0ea160b61417,1180,32,15745,15745,0,,0,1,B3_DeepSets,refit,61c68d0f7a45943572f3e59721bcb5cc311e1e0deffe5e8043af3f0e10d0435a,163f86019d8aa5de2bc0b24ca5ee77e42fbedac9269c51d4efe89e69adc80957,96582211d010d406edc788f90c1200d0995461b773d827fa1573df92eca5718c,True
/home/yyf/runtime_artifacts/safeconf_research_20261001/publicset_execution_v1/risk_followup_v1/nested/outer0/inner2/B2_Pointwise/seed20260930/early,20260930,False,18,8.657612660899758,874,276,4e400a21375ec4cbf4bc9c9ff5fe52cab21edde476e54510c3bb8672f2db14a5,c66adba589d7732231ae342b8ab3b5f73d6d380be074516a227c8817350aa787,952,32,15745,11649,0,True,0,2,B2_Pointwise,early,db03c77d4c00dad53ae15714694e8d17ecc9ec8c073ab58f9a07cb1492c8c0c2,fc715b7da56b9d222f9367cb74deb2f2fceb7612912a93237b083deb42cbe1ec,,
/home/yyf/runtime_artifacts/safeconf_research_20261001/publicset_execution_v1/risk_followup_v1/nested/outer0/inner2/B2_Pointwise/seed20260930/refit,20260930,False,18,6.861547926906496,1087,345,c70f7446dbad650a5b2bd4b47bbfc0dadc7da294e1acb13c8305c60542bdd270,e49f1f46b9dcd89792eee9c18e063eca731f17880e695687f508f3607e5193d1,1184,32,15745,11649,0,,0,2,B2_Pointwise,refit,33250fb4f1ee04435de72eb26105e77072368f1789f21c615d0366a447877789,215a0d82b307b9b4e0c60692976755c554b73e9e39b74617be453c994526b3d2,6bc57c9f40e164191e10786d49c001e1efdb913ca4a4b08db9e241932c191680,True
/home/yyf/runtime_artifacts/safeconf_research_20261001/publicset_execution_v1/risk_followup_v1/nested/outer0/inner2/B2_Pointwise/seed20261001/early,20261001,False,31,12.698539336910471,874,276,4e400a21375ec4cbf4bc9c9ff5fe52cab21edde476e54510c3bb8672f2db14a5,c66adba589d7732231ae342b8ab3b5f73d6d380be074516a227c8817350aa787,952,32,15745,11649,0,True,0,2,B2_Pointwise,early,db03c77d4c00dad53ae15714694e8d17ecc9ec8c073ab58f9a07cb1492c8c0c2,4ea5d7237790dbc6e173a92aadeb0e3e6368c0471027a19f6ee4e540022fbef9,,
/home/yyf/runtime_artifacts/safeconf_research_20261001/publicset_execution_v1/risk_followup_v1/nested/outer0/inner2/B2_Pointwise/seed20261001/refit,20261001,False,31,11.42535660089925,1087,345,c70f7446dbad650a5b2bd4b47bbfc0dadc7da294e1acb13c8305c60542bdd270,e49f1f46b9dcd89792eee9c18e063eca731f17880e695687f508f3607e5193d1,1184,32,15745,11649,0,,0,2,B2_Pointwise,refit,33250fb4f1ee04435de72eb26105e77072368f1789f21c615d0366a447877789,3c52fcb184fdcd71b6bcaa8454f693e8f8d98d327752cbb219a58304a78af435,6bc57c9f40e164191e10786d49c001e1efdb913ca4a4b08db9e241932c191680,True
/home/yyf/runtime_artifacts/safeconf_research_20261001/publicset_execution_v1/risk_followup_v1/nested/outer0/inner2/B2_Pointwise/seed20261002/early,20261002,False,15,8.530177680775523,874,276,4e400a21375ec4cbf4bc9c9ff5fe52cab21edde476e54510c3bb8672f2db14a5,c66adba589d7732231ae342b8ab3b5f73d6d380be074516a227c8817350aa787,952,32,15745,11649,0,True,0,2,B2_Pointwise,early,db03c77d4c00dad53ae15714694e8d17ecc9ec8c073ab58f9a07cb1492c8c0c2,08a18fd740eb8e711d2b3eb59512e7c169732e82b1f05a6107919aec0c218fd3,,
/home/yyf/runtime_artifacts/safeconf_research_20261001/publicset_execution_v1/risk_followup_v1/nested/outer0/inner2/B2_Pointwise/seed20261002/refit,20261002,False,15,5.906931851059198,1087,345,c70f7446dbad650a5b2bd4b47bbfc0dadc7da294e1acb13c8305c60542bdd270,e49f1f46b9dcd89792eee9c18e063eca731f17880e695687f508f3607e5193d1,1184,32,15745,11649,0,,0,2,B2_Pointwise,refit,33250fb4f1ee04435de72eb26105e77072368f1789f21c615d0366a447877789,c9ba488edf0df721f1b12704f1a71cba2405b28ace7cae24d27ee74b3df3706e,6bc57c9f40e164191e10786d49c001e1efdb913ca4a4b08db9e241932c191680,True
/home/yyf/runtime_artifacts/safeconf_research_20261001/publicset_execution_v1/risk_followup_v1/nested/outer0/inner2/B3_DeepSets/seed20260930/early,20260930,True,20,9.821368389995769,874,276,4e400a21375ec4cbf4bc9c9ff5fe52cab21edde476e54510c3bb8672f2db14a5,c66adba589d7732231ae342b8ab3b5f73d6d380be074516a227c8817350aa787,952,32,15745,15745,0,True,0,2,B3_DeepSets,early,db03c77d4c00dad53ae15714694e8d17ecc9ec8c073ab58f9a07cb1492c8c0c2,0f8ed1442dc57b1cb0f996a46943563e2edcfced5a62cb81ae8cd4e452733e8a,,
/home/yyf/runtime_artifacts/safeconf_research_20261001/publicset_execution_v1/risk_followup_v1/nested/outer0/inner2/B3_DeepSets/seed20260930/refit,20260930,True,20,7.596102545037866,1087,345,c70f7446dbad650a5b2bd4b47bbfc0dadc7da294e1acb13c8305c60542bdd270,e49f1f46b9dcd89792eee9c18e063eca731f17880e695687f508f3607e5193d1,1184,32,15745,15745,0,,0,2,B3_DeepSets,refit,33250fb4f1ee04435de72eb26105e77072368f1789f21c615d0366a447877789,d7b0690ec189ac5afdf5001ced57485358f862c90f689fc960a578ef8b502c7e,6bc57c9f40e164191e10786d49c001e1efdb913ca4a4b08db9e241932c191680,True
/home/yyf/runtime_artifacts/safeconf_research_20261001/publicset_execution_v1/risk_followup_v1/nested/outer0/inner2/B3_DeepSets/seed20261001/early,20261001,True,29,12.704233447089791,874,276,4e400a21375ec4cbf4bc9c9ff5fe52cab21edde476e54510c3bb8672f2db14a5,c66adba589d7732231ae342b8ab3b5f73d6d380be074516a227c8817350aa787,952,32,15745,15745,0,True,0,2,B3_DeepSets,early,db03c77d4c00dad53ae15714694e8d17ecc9ec8c073ab58f9a07cb1492c8c0c2,5d686abc68172a940592da3f814ddbf41f9408a1470c19eae93d01a29cca8717,,
/home/yyf/runtime_artifacts/safeconf_research_20261001/publicset_execution_v1/risk_followup_v1/nested/outer0/inner2/B3_DeepSets/seed20261001/refit,20261001,True,29,10.851507837884128,1087,345,c70f7446dbad650a5b2bd4b47bbfc0dadc7da294e1acb13c8305c60542bdd270,e49f1f46b9dcd89792eee9c18e063eca731f17880e695687f508f3607e5193d1,1184,32,15745,15745,0,,0,2,B3_DeepSets,refit,33250fb4f1ee04435de72eb26105e77072368f1789f21c615d0366a447877789,6fb97b255a22d0c5cac2c9434946e128cb48702db72132535c0c98c40252d4da,6bc57c9f40e164191e10786d49c001e1efdb913ca4a4b08db9e241932c191680,True
/home/yyf/runtime_artifacts/safeconf_research_20261001/publicset_execution_v1/risk_followup_v1/nested/outer0/inner2/B3_DeepSets/seed20261002/early,20261002,True,31,14.185882454970852,874,276,4e400a21375ec4cbf4bc9c9ff5fe52cab21edde476e54510c3bb8672f2db14a5,c66adba589d7732231ae342b8ab3b5f73d6d380be074516a227c8817350aa787,952,32,15745,15745,0,True,0,2,B3_DeepSets,early,db03c77d4c00dad53ae15714694e8d17ecc9ec8c073ab58f9a07cb1492c8c0c2,70d79a7878c0a8c8eac4fe72bc79a1e5c95cc7ac483e7d0d6cfdaee068865699,,
/home/yyf/runtime_artifacts/safeconf_research_20261001/publicset_execution_v1/risk_followup_v1/nested/outer0/inner2/B3_DeepSets/seed20261002/refit,20261002,True,31,12.742200400913134,1087,345,c70f7446dbad650a5b2bd4b47bbfc0dadc7da294e1acb13c8305c60542bdd270,e49f1f46b9dcd89792eee9c18e063eca731f17880e695687f508f3607e5193d1,1184,32,15745,15745,0,,0,2,B3_DeepSets,refit,33250fb4f1ee04435de72eb26105e77072368f1789f21c615d0366a447877789,d3843bd5c9a7c655e0fbf5f86970599a3b90c0dc317cc2eecaa325679e1c6a08,6bc57c9f40e164191e10786d49c001e1efdb913ca4a4b08db9e241932c191680,True
/home/yyf/runtime_artifacts/safeconf_research_20261001/publicset_execution_v1/risk_followup_v1/nested/outer0/inner3/B2_Pointwise/seed20260930/early,20260930,False,19,9.057443670928478,869,276,fc4c6f811a6d2103195274e38a347f952f7de565d4f71e11d6ae18337a37b426,fee435cabc22396b5eb5d42b7fcce975cbb408d0ec905f0e061304ea627b007b,951,32,15745,11649,0,True,0,3,B2_Pointwise,early,14d7b24474fac17506de4d55726b666ab4a47e8cdeb7d6d840c69083a275507a,44ec437a8171d5f3d890e9935ce4127965430299d036516a4b9e0621ee87c9e6,,
/home/yyf/runtime_artifacts/safeconf_research_20261001/publicset_execution_v1/risk_followup_v1/nested/outer0/inner3/B2_Pointwise/seed20260930/refit,20260930,False,19,7.046812665881589,1088,345,c02ce8309eb04427c95c23a9de2a8f855f08d3e2b73aeff42191f3283b044d13,8ca22224a01936b90334e7dd5f7a3528342c931c3b06b8e3fcb90db805cba8b2,1185,32,15745,11649,0,,0,3,B2_Pointwise,refit,56b4f7ddb313d25664eb91a163759afb621ace72eb14e588769470d9e5343a3e,3918939aacb6dc7cb8648654e93c90bbb9b76e1aa14d75f2e5229e1ad00a561c,879c21a9c99aa63a70f34a39edf59eead690b752db9e6487ecaedee6a656957a,True
/home/yyf/runtime_artifacts/safeconf_research_20261001/publicset_execution_v1/risk_followup_v1/nested/outer0/inner3/B2_Pointwise/seed20261001/early,20261001,False,22,9.846208868781105,869,276,fc4c6f811a6d2103195274e38a347f952f7de565d4f71e11d6ae18337a37b426,fee435cabc22396b5eb5d42b7fcce975cbb408d0ec905f0e061304ea627b007b,951,32,15745,11649,0,True,0,3,B2_Pointwise,early,14d7b24474fac17506de4d55726b666ab4a47e8cdeb7d6d840c69083a275507a,2c5860c0fb237a10080c4f9eeb3da061aee1f34abeeb3ece1e47e0458fd22dfa,,
/home/yyf/runtime_artifacts/safeconf_research_20261001/publicset_execution_v1/risk_followup_v1/nested/outer0/inner3/B2_Pointwise/seed20261001/refit,20261001,False,22,8.151880200020969,1088,345,c02ce8309eb04427c95c23a9de2a8f855f08d3e2b73aeff42191f3283b044d13,8ca22224a01936b90334e7dd5f7a3528342c931c3b06b8e3fcb90db805cba8b2,1185,32,15745,11649,0,,0,3,B2_Pointwise,refit,56b4f7ddb313d25664eb91a163759afb621ace72eb14e588769470d9e5343a3e,c891efa71fdfb923d5f368df31ad605ba72f6e7772477ebab17f1766e6f8f9b4,879c21a9c99aa63a70f34a39edf59eead690b752db9e6487ecaedee6a656957a,True
/home/yyf/runtime_artifacts/safeconf_research_20261001/publicset_execution_v1/risk_followup_v1/nested/outer0/inner3/B2_Pointwise/seed20261002/early,20261002,False,20,9.275975122116506,869,276,fc4c6f811a6d2103195274e38a347f952f7de565d4f71e11d6ae18337a37b426,fee435cabc22396b5eb5d42b7fcce975cbb408d0ec905f0e061304ea627b007b,951,32,15745,11649,0,True,0,3,B2_Pointwise,early,14d7b24474fac17506de4d55726b666ab4a47e8cdeb7d6d840c69083a275507a,62135a5404076a1da512fe366b38d1b7118c07359f56c61666897c7636fe5abf,,
/home/yyf/runtime_artifacts/safeconf_research_20261001/publicset_execution_v1/risk_followup_v1/nested/outer0/inner3/B2_Pointwise/seed20261002/refit,20261002,False,20,7.426753423176706,1088,345,c02ce8309eb04427c95c23a9de2a8f855f08d3e2b73aeff42191f3283b044d13,8ca22224a01936b90334e7dd5f7a3528342c931c3b06b8e3fcb90db805cba8b2,1185,32,15745,11649,0,,0,3,B2_Pointwise,refit,56b4f7ddb313d25664eb91a163759afb621ace72eb14e588769470d9e5343a3e,9944c4e4d5efdc045ac159370b51badbb9bedeb82f57aa38c0cc35bed57de7bd,879c21a9c99aa63a70f34a39edf59eead690b752db9e6487ecaedee6a656957a,True
/home/yyf/runtime_artifacts/safeconf_research_20261001/publicset_execution_v1/risk_followup_v1/nested/outer0/inner3/B3_DeepSets/seed20260930/early,20260930,True,20,9.772555417148396,869,276,fc4c6f811a6d2103195274e38a347f952f7de565d4f71e11d6ae18337a37b426,fee435cabc22396b5eb5d42b7fcce975cbb408d0ec905f0e061304ea627b007b,951,32,15745,15745,0,True,0,3,B3_DeepSets,early,14d7b24474fac17506de4d55726b666ab4a47e8cdeb7d6d840c69083a275507a,61be36615396cfe156c6b845e1a8bc80bcf70cf9a705b7d8e6d4d288a6411b42,,
/home/yyf/runtime_artifacts/safeconf_research_20261001/publicset_execution_v1/risk_followup_v1/nested/outer0/inner3/B3_DeepSets/seed20260930/refit,20260930,True,20,7.720888435840607,1088,345,c02ce8309eb04427c95c23a9de2a8f855f08d3e2b73aeff42191f3283b044d13,8ca22224a01936b90334e7dd5f7a3528342c931c3b06b8e3fcb90db805cba8b2,1185,32,15745,15745,0,,0,3,B3_DeepSets,refit,56b4f7ddb313d25664eb91a163759afb621ace72eb14e588769470d9e5343a3e,e21d9de3aa63dca71166c3c438c3263c57171f48e90d609775ec4e2df71ad36d,879c21a9c99aa63a70f34a39edf59eead690b752db9e6487ecaedee6a656957a,True
/home/yyf/runtime_artifacts/safeconf_research_20261001/publicset_execution_v1/risk_followup_v1/nested/outer0/inner3/B3_DeepSets/seed20261001/early,20261001,True,20,9.750434663845226,869,276,fc4c6f811a6d2103195274e38a347f952f7de565d4f71e11d6ae18337a37b426,fee435cabc22396b5eb5d42b7fcce975cbb408d0ec905f0e061304ea627b007b,951,32,15745,15745,0,True,0,3,B3_DeepSets,early,14d7b24474fac17506de4d55726b666ab4a47e8cdeb7d6d840c69083a275507a,f0d397934f39c265fa69ba991b01507329e60315b82644d8f11aa88eef53378f,,
/home/yyf/runtime_artifacts/safeconf_research_20261001/publicset_execution_v1/risk_followup_v1/nested/outer0/inner3/B3_DeepSets/seed20261001/refit,20261001,True,20,7.598783300956711,1088,345,c02ce8309eb04427c95c23a9de2a8f855f08d3e2b73aeff42191f3283b044d13,8ca22224a01936b90334e7dd5f7a3528342c931c3b06b8e3fcb90db805cba8b2,1185,32,15745,15745,0,,0,3,B3_DeepSets,refit,56b4f7ddb313d25664eb91a163759afb621ace72eb14e588769470d9e5343a3e,a4d90f4c4a853ab396b716e050331ec644ec3ce6331adc2b7b8cc6a9a804509f,879c21a9c99aa63a70f34a39edf59eead690b752db9e6487ecaedee6a656957a,True
/home/yyf/runtime_artifacts/safeconf_research_20261001/publicset_execution_v1/risk_followup_v1/nested/outer0/inner3/B3_DeepSets/seed20261002/early,20261002,True,20,9.78869794216007,869,276,fc4c6f811a6d2103195274e38a347f952f7de565d4f71e11d6ae18337a37b426,fee435cabc22396b5eb5d42b7fcce975cbb408d0ec905f0e061304ea627b007b,951,32,15745,15745,0,True,0,3,B3_DeepSets,early,14d7b24474fac17506de4d55726b666ab4a47e8cdeb7d6d840c69083a275507a,cd6748b89258be9d2143079815e0363ceb02dedc371b6f2d3a8cc7e7797a24fc,,
/home/yyf/runtime_artifacts/safeconf_research_20261001/publicset_execution_v1/risk_followup_v1/nested/outer0/inner3/B3_DeepSets/seed20261002/refit,20261002,True,20,7.733219688991085,1088,345,c02ce8309eb04427c95c23a9de2a8f855f08d3e2b73aeff42191f3283b044d13,8ca22224a01936b90334e7dd5f7a3528342c931c3b06b8e3fcb90db805cba8b2,1185,32,15745,15745,0,,0,3,B3_DeepSets,refit,56b4f7ddb313d25664eb91a163759afb621ace72eb14e588769470d9e5343a3e,8c6fde909d391b8d41fc21978adc880f00af85b60b87223c61efe8779e8ef905,879c21a9c99aa63a70f34a39edf59eead690b752db9e6487ecaedee6a656957a,True
/home/yyf/runtime_artifacts/safeconf_research_20261001/publicset_execution_v1/risk_followup_v1/nested/outer1/inner0/B2_Pointwise/seed20260930/early,20260930,False,15,7.838833380956203,873,276,a5582008a5bd5b7c0e3b11df2ba526ec925bd239078fcac4a21c45da87b27383,46392fe24461e74816e335f5a6d743d6ca2173d0839c989d0fbf1a2925ed9e83,947,32,15745,11649,0,True,1,0,B2_Pointwise,early,f106991810d698dafcbdb2931cc87ceddde4b23fbd6544dadbcef20633e0fa86,be9fb844333542de1ab731f4fc9e4ed5b7dfefa8fee890ff60c33aa80ed90d49,,
/home/yyf/runtime_artifacts/safeconf_research_20261001/publicset_execution_v1/risk_followup_v1/nested/outer1/inner0/B2_Pointwise/seed20260930/refit,20260930,False,15,5.505469639087096,1087,345,29f4879d2bf4139250c838bade85e7f1198c648466c8d2aa725b0a99fb9437ff,5c2eb14545a251799d800caec602dd3a563cff175fc2211f4bc7f721c5112975,1179,32,15745,11649,0,,1,0,B2_Pointwise,refit,8df811e4ae9e32709a3ae9d7194a172793ba7ed03f1ed07e59c9e2261a19f4ed,189c993572cbd4ef4d5dfae2f9894cb5aa1b8aab4da1287cb4fadbd8e02a8a1f,153a4c79c77a65d15053fd6a89dedbd4e92f338ac285a3476d1c9c4bfc43187e,True
/home/yyf/runtime_artifacts/safeconf_research_20261001/publicset_execution_v1/risk_followup_v1/nested/outer1/inner0/B2_Pointwise/seed20261001/early,20261001,False,4,4.475814364152029,873,276,a5582008a5bd5b7c0e3b11df2ba526ec925bd239078fcac4a21c45da87b27383,46392fe24461e74816e335f5a6d743d6ca2173d0839c989d0fbf1a2925ed9e83,947,32,15745,11649,0,True,1,0,B2_Pointwise,early,f106991810d698dafcbdb2931cc87ceddde4b23fbd6544dadbcef20633e0fa86,01b6f368513fad1f658a6d0db47d55738b4bbfcf2316af46ffdc5aecbfad6e88,,
/home/yyf/runtime_artifacts/safeconf_research_20261001/publicset_execution_v1/risk_followup_v1/nested/outer1/inner0/B2_Pointwise/seed20261001/refit,20261001,False,4,1.6358890009578317,1087,345,29f4879d2bf4139250c838bade85e7f1198c648466c8d2aa725b0a99fb9437ff,5c2eb14545a251799d800caec602dd3a563cff175fc2211f4bc7f721c5112975,1179,32,15745,11649,0,,1,0,B2_Pointwise,refit,8df811e4ae9e32709a3ae9d7194a172793ba7ed03f1ed07e59c9e2261a19f4ed,414821ef1ee3a7c4086b201a98e217f738aaf620fe4a59355ee9732ac8f741c8,153a4c79c77a65d15053fd6a89dedbd4e92f338ac285a3476d1c9c4bfc43187e,True
/home/yyf/runtime_artifacts/safeconf_research_20261001/publicset_execution_v1/risk_followup_v1/nested/outer1/inner0/B2_Pointwise/seed20261002/early,20261002,False,9,5.924635716015473,873,276,a5582008a5bd5b7c0e3b11df2ba526ec925bd239078fcac4a21c45da87b27383,46392fe24461e74816e335f5a6d743d6ca2173d0839c989d0fbf1a2925ed9e83,947,32,15745,11649,0,True,1,0,B2_Pointwise,early,f106991810d698dafcbdb2931cc87ceddde4b23fbd6544dadbcef20633e0fa86,a98cc33ad792c42ccf43c50f646588bfb9c8cdc6428b0b3f058c50d28bcb16cc,,
/home/yyf/runtime_artifacts/safeconf_research_20261001/publicset_execution_v1/risk_followup_v1/nested/outer1/inner0/B2_Pointwise/seed20261002/refit,20261002,False,9,3.32740700407885,1087,345,29f4879d2bf4139250c838bade85e7f1198c648466c8d2aa725b0a99fb9437ff,5c2eb14545a251799d800caec602dd3a563cff175fc2211f4bc7f721c5112975,1179,32,15745,11649,0,,1,0,B2_Pointwise,refit,8df811e4ae9e32709a3ae9d7194a172793ba7ed03f1ed07e59c9e2261a19f4ed,562a2cffe94e2aa7c9a14eb167f78cd6cdf7f0ec47e1c9482fbce4ef57cee4ad,153a4c79c77a65d15053fd6a89dedbd4e92f338ac285a3476d1c9c4bfc43187e,True
/home/yyf/runtime_artifacts/safeconf_research_20261001/publicset_execution_v1/risk_followup_v1/nested/outer1/inner0/B3_DeepSets/seed20260930/early,20260930,True,15,8.16949896607548,873,276,a5582008a5bd5b7c0e3b11df2ba526ec925bd239078fcac4a21c45da87b27383,46392fe24461e74816e335f5a6d743d6ca2173d0839c989d0fbf1a2925ed9e83,947,32,15745,15745,0,True,1,0,B3_DeepSets,early,f106991810d698dafcbdb2931cc87ceddde4b23fbd6544dadbcef20633e0fa86,3fc2e2213c5a9efdb853c2422704194e690436a4c61c6472241fd0615c6275a4,,
/home/yyf/runtime_artifacts/safeconf_research_20261001/publicset_execution_v1/risk_followup_v1/nested/outer1/inner0/B3_DeepSets/seed20260930/refit,20260930,True,15,5.827572268201038,1087,345,29f4879d2bf4139250c838bade85e7f1198c648466c8d2aa725b0a99fb9437ff,5c2eb14545a251799d800caec602dd3a563cff175fc2211f4bc7f721c5112975,1179,32,15745,15745,0,,1,0,B3_DeepSets,refit,8df811e4ae9e32709a3ae9d7194a172793ba7ed03f1ed07e59c9e2261a19f4ed,b120ff94b29d0418a3b8300df4087b5be72465bff7161d95a2010910cb403518,153a4c79c77a65d15053fd6a89dedbd4e92f338ac285a3476d1c9c4bfc43187e,True
/home/yyf/runtime_artifacts/safeconf_research_20261001/publicset_execution_v1/risk_followup_v1/nested/outer1/inner0/B3_DeepSets/seed20261001/early,20261001,True,6,5.231577754020691,873,276,a5582008a5bd5b7c0e3b11df2ba526ec925bd239078fcac4a21c45da87b27383,46392fe24461e74816e335f5a6d743d6ca2173d0839c989d0fbf1a2925ed9e83,947,32,15745,15745,0,True,1,0,B3_DeepSets,early,f106991810d698dafcbdb2931cc87ceddde4b23fbd6544dadbcef20633e0fa86,084b5da3fd7bfb03b799e79346bf87fc4ef9e920eb4fbf2586f3b8834079c18a,,
/home/yyf/runtime_artifacts/safeconf_research_20261001/publicset_execution_v1/risk_followup_v1/nested/outer1/inner0/B3_DeepSets/seed20261001/refit,20261001,True,6,2.3577147792093456,1087,345,29f4879d2bf4139250c838bade85e7f1198c648466c8d2aa725b0a99fb9437ff,5c2eb14545a251799d800caec602dd3a563cff175fc2211f4bc7f721c5112975,1179,32,15745,15745,0,,1,0,B3_DeepSets,refit,8df811e4ae9e32709a3ae9d7194a172793ba7ed03f1ed07e59c9e2261a19f4ed,d69fb3ec6569483397f7ec3688c7fd8d12760ad73c9e71a676259754655b6592,153a4c79c77a65d15053fd6a89dedbd4e92f338ac285a3476d1c9c4bfc43187e,True
/home/yyf/runtime_artifacts/safeconf_research_20261001/publicset_execution_v1/risk_followup_v1/nested/outer1/inner0/B3_DeepSets/seed20261002/early,20261002,True,12,7.11026052897796,873,276,a5582008a5bd5b7c0e3b11df2ba526ec925bd239078fcac4a21c45da87b27383,46392fe24461e74816e335f5a6d743d6ca2173d0839c989d0fbf1a2925ed9e83,947,32,15745,15745,0,True,1,0,B3_DeepSets,early,f106991810d698dafcbdb2931cc87ceddde4b23fbd6544dadbcef20633e0fa86,cf3c45bb13aebcfd817e4096ace45cdf55f1b972ac7bf418e165b1978839275f,,
/home/yyf/runtime_artifacts/safeconf_research_20261001/publicset_execution_v1/risk_followup_v1/nested/outer1/inner0/B3_DeepSets/seed20261002/refit,20261002,True,12,4.622136374935508,1087,345,29f4879d2bf4139250c838bade85e7f1198c648466c8d2aa725b0a99fb9437ff,5c2eb14545a251799d800caec602dd3a563cff175fc2211f4bc7f721c5112975,1179,32,15745,15745,0,,1,0,B3_DeepSets,refit,8df811e4ae9e32709a3ae9d7194a172793ba7ed03f1ed07e59c9e2261a19f4ed,b5c2f2aaaec4c062c37ce8173aa92dcb69b3509cf290ffbfd7f3c321ec4a9ef5,153a4c79c77a65d15053fd6a89dedbd4e92f338ac285a3476d1c9c4bfc43187e,True
/home/yyf/runtime_artifacts/safeconf_research_20261001/publicset_execution_v1/risk_followup_v1/nested/outer1/inner1/B2_Pointwise/seed20260930/early,20260930,False,9,8.290079932194203,877,276,7a3d5f60034e504096b437cbd9ab910c3910cdd17e9de1862a903aac9f8322f0,002cf3b0f3592542100a19ab6dbaea633baf44c0ab18dc9d52d82cd114a3c717,948,32,15745,11649,0,True,1,1,B2_Pointwise,early,705fe6474ddaf1927058fb4c00a76427f7ea31d7993154fddd66f3d9dcb13321,859cab309f7cb41256d09a9b7cb20bc404a807a878e8cc192a9b4eea200da4ea,,
/home/yyf/runtime_artifacts/safeconf_research_20261001/publicset_execution_v1/risk_followup_v1/nested/outer1/inner1/B2_Pointwise/seed20260930/refit,20260930,False,9,3.499635722953826,1085,345,e9372f599ea9f7ebb2ff92361331d790e891f11fdc35830295a158e2197edbc7,26e54fb8263a5471af83b418473798a2b77fb7305797dcdf97a1ba4333f8d106,1179,32,15745,11649,0,,1,1,B2_Pointwise,refit,82290378ca2057b14af222c2d4a77d57834e5452b42ee6c8a7389b7b56a58239,0440f9bdea7cdaf9fbf63ecece5923e258df8469bf8b52eee0f310290ba7dabf,d3aa3660b89538b48bfd3119ce6c49411ab7cd3611b6052d0828154f04c28657,True
/home/yyf/runtime_artifacts/safeconf_research_20261001/publicset_execution_v1/risk_followup_v1/nested/outer1/inner1/B2_Pointwise/seed20261001/early,20261001,False,9,5.994089029962197,877,276,7a3d5f60034e504096b437cbd9ab910c3910cdd17e9de1862a903aac9f8322f0,002cf3b0f3592542100a19ab6dbaea633baf44c0ab18dc9d52d82cd114a3c717,948,32,15745,11649,0,True,1,1,B2_Pointwise,early,705fe6474ddaf1927058fb4c00a76427f7ea31d7993154fddd66f3d9dcb13321,c7a10290a51a75cde46838a83ec684ebd8ffaca9c29a4359653beabf2993b13b,,
/home/yyf/runtime_artifacts/safeconf_research_20261001/publicset_execution_v1/risk_followup_v1/nested/outer1/inner1/B2_Pointwise/seed20261001/refit,20261001,False,9,3.4705404909327626,1085,345,e9372f599ea9f7ebb2ff92361331d790e891f11fdc35830295a158e2197edbc7,26e54fb8263a5471af83b418473798a2b77fb7305797dcdf97a1ba4333f8d106,1179,32,15745,11649,0,,1,1,B2_Pointwise,refit,82290378ca2057b14af222c2d4a77d57834e5452b42ee6c8a7389b7b56a58239,fe6b2a9922a3ea625705fc6fbe73b49ca1e38bbe3e6925d164e8824bef9a6c99,d3aa3660b89538b48bfd3119ce6c49411ab7cd3611b6052d0828154f04c28657,True
/home/yyf/runtime_artifacts/safeconf_research_20261001/publicset_execution_v1/risk_followup_v1/nested/outer1/inner1/B2_Pointwise/seed20261002/early,20261002,False,8,5.701242859940976,877,276,7a3d5f60034e504096b437cbd9ab910c3910cdd17e9de1862a903aac9f8322f0,002cf3b0f3592542100a19ab6dbaea633baf44c0ab18dc9d52d82cd114a3c717,948,32,15745,11649,0,True,1,1,B2_Pointwise,early,705fe6474ddaf1927058fb4c00a76427f7ea31d7993154fddd66f3d9dcb13321,efdd49e2c3b578beb1fe07c6d555362e8d95c7d5eb072d3385a2163058c1ed47,,
/home/yyf/runtime_artifacts/safeconf_research_20261001/publicset_execution_v1/risk_followup_v1/nested/outer1/inner1/B2_Pointwise/seed20261002/refit,20261002,False,8,3.0999217741191387,1085,345,e9372f599ea9f7ebb2ff92361331d790e891f11fdc35830295a158e2197edbc7,26e54fb8263a5471af83b418473798a2b77fb7305797dcdf97a1ba4333f8d106,1179,32,15745,11649,0,,1,1,B2_Pointwise,refit,82290378ca2057b14af222c2d4a77d57834e5452b42ee6c8a7389b7b56a58239,1741ee77462694c2daf38cac5c5bb9d4d13312fef72e5079c13811c31a760fd8,d3aa3660b89538b48bfd3119ce6c49411ab7cd3611b6052d0828154f04c28657,True
/home/yyf/runtime_artifacts/safeconf_research_20261001/publicset_execution_v1/risk_followup_v1/nested/outer1/inner1/B3_DeepSets/seed20260930/early,20260930,True,10,6.297777686035261,877,276,7a3d5f60034e504096b437cbd9ab910c3910cdd17e9de1862a903aac9f8322f0,002cf3b0f3592542100a19ab6dbaea633baf44c0ab18dc9d52d82cd114a3c717,948,32,15745,15745,0,True,1,1,B3_DeepSets,early,705fe6474ddaf1927058fb4c00a76427f7ea31d7993154fddd66f3d9dcb13321,46e2235ddf5c0cee92efa19843cf51cf78ff274dc13c242bd04f8800bcdb435a,,
/home/yyf/runtime_artifacts/safeconf_research_20261001/publicset_execution_v1/risk_followup_v1/nested/outer1/inner1/B3_DeepSets/seed20260930/refit,20260930,True,10,3.887921639950946,1085,345,e9372f599ea9f7ebb2ff92361331d790e891f11fdc35830295a158e2197edbc7,26e54fb8263a5471af83b418473798a2b77fb7305797dcdf97a1ba4333f8d106,1179,32,15745,15745,0,,1,1,B3_DeepSets,refit,82290378ca2057b14af222c2d4a77d57834e5452b42ee6c8a7389b7b56a58239,9ef558792240e5fec5a7e3174f0500aaa63cb2718eb794e38f49a3636a2f5ef9,d3aa3660b89538b48bfd3119ce6c49411ab7cd3611b6052d0828154f04c28657,True
/home/yyf/runtime_artifacts/safeconf_research_20261001/publicset_execution_v1/risk_followup_v1/nested/outer1/inner1/B3_DeepSets/seed20261001/early,20261001,True,8,5.708963596029207,877,276,7a3d5f60034e504096b437cbd9ab910c3910cdd17e9de1862a903aac9f8322f0,002cf3b0f3592542100a19ab6dbaea633baf44c0ab18dc9d52d82cd114a3c717,948,32,15745,15745,0,True,1,1,B3_DeepSets,early,705fe6474ddaf1927058fb4c00a76427f7ea31d7993154fddd66f3d9dcb13321,676d786323c58fda538568b716510e62dcf3a9ee4fb9314ac6c8dda9c3c93166,,
/home/yyf/runtime_artifacts/safeconf_research_20261001/publicset_execution_v1/risk_followup_v1/nested/outer1/inner1/B3_DeepSets/seed20261001/refit,20261001,True,8,3.1412660940550268,1085,345,e9372f599ea9f7ebb2ff92361331d790e891f11fdc35830295a158e2197edbc7,26e54fb8263a5471af83b418473798a2b77fb7305797dcdf97a1ba4333f8d106,1179,32,15745,15745,0,,1,1,B3_DeepSets,refit,82290378ca2057b14af222c2d4a77d57834e5452b42ee6c8a7389b7b56a58239,091960da0da71a09aff66a0e996743fe32657465030e5d073fba9ef70a1757dd,d3aa3660b89538b48bfd3119ce6c49411ab7cd3611b6052d0828154f04c28657,True
/home/yyf/runtime_artifacts/safeconf_research_20261001/publicset_execution_v1/risk_followup_v1/nested/outer1/inner1/B3_DeepSets/seed20261002/early,20261002,True,8,5.845187740167603,877,276,7a3d5f60034e504096b437cbd9ab910c3910cdd17e9de1862a903aac9f8322f0,002cf3b0f3592542100a19ab6dbaea633baf44c0ab18dc9d52d82cd114a3c717,948,32,15745,15745,0,True,1,1,B3_DeepSets,early,705fe6474ddaf1927058fb4c00a76427f7ea31d7993154fddd66f3d9dcb13321,d0c3fe763f721930a790a9d5b8c7bdfe06feb20c72b5f8cb4e43798ef631b02c,,
/home/yyf/runtime_artifacts/safeconf_research_20261001/publicset_execution_v1/risk_followup_v1/nested/outer1/inner1/B3_DeepSets/seed20261002/refit,20261002,True,8,3.1133643321227282,1085,345,e9372f599ea9f7ebb2ff92361331d790e891f11fdc35830295a158e2197edbc7,26e54fb8263a5471af83b418473798a2b77fb7305797dcdf97a1ba4333f8d106,1179,32,15745,15745,0,,1,1,B3_DeepSets,refit,82290378ca2057b14af222c2d4a77d57834e5452b42ee6c8a7389b7b56a58239,58d81ba96d5cdb1c4395f1115a4b958ad4bc109905b65c12e50015d7835876f1,d3aa3660b89538b48bfd3119ce6c49411ab7cd3611b6052d0828154f04c28657,True
/home/yyf/runtime_artifacts/safeconf_research_20261001/publicset_execution_v1/risk_followup_v1/nested/outer1/inner2/B2_Pointwise/seed20260930/early,20260930,False,13,6.996835287893191,858,276,dbf30ddafa1a6878879c16d845e486e51cdefc9b904e7edc78138c90b9a5d82e,47cfcc9462bae3edb1f2cd7a438001ff709d67500cd8d6ac21d17315aa797140,935,32,15745,11649,0,True,1,2,B2_Pointwise,early,601bcca0bcd28afe05e0a3f9e685784e518f601aa7c451a7d51ca619651cc152,a3d5ecf1a76f69aa80ffdbfe5188ddd6da0656710a5108c1b4c844c5bedbb655,,
/home/yyf/runtime_artifacts/safeconf_research_20261001/publicset_execution_v1/risk_followup_v1/nested/outer1/inner2/B2_Pointwise/seed20260930/refit,20260930,False,13,4.785170265939087,1089,345,59547544a536bc463c57c5153acb941b784dcba5981ae715964279cd826a4c0a,0446fe4b7e9616a7a4919a8d22bfe2fdaa8cf3f079aecb9daca2a96ab00fc66d,1184,32,15745,11649,0,,1,2,B2_Pointwise,refit,15b623a60b20ee93e558bbc366b3bad58c18db266a1637f15d62b09ca694b68a,8fc56d68df6aaa9025187a452ec916516d283bb95280236efaf476a5406251d0,328c953e538fd39b5852a62e76434adb0c539b3eb0c79a718293389213bb6843,True
/home/yyf/runtime_artifacts/safeconf_research_20261001/publicset_execution_v1/risk_followup_v1/nested/outer1/inner2/B2_Pointwise/seed20261001/early,20261001,False,21,8.665035983081907,858,276,dbf30ddafa1a6878879c16d845e486e51cdefc9b904e7edc78138c90b9a5d82e,47cfcc9462bae3edb1f2cd7a438001ff709d67500cd8d6ac21d17315aa797140,935,32,15745,11649,0,True,1,2,B2_Pointwise,early,601bcca0bcd28afe05e0a3f9e685784e518f601aa7c451a7d51ca619651cc152,9627d14cfc2e2451f13ec845d52181cae41559589ea5e5dfb8abe2c8fefebd00,,
/home/yyf/runtime_artifacts/safeconf_research_20261001/publicset_execution_v1/risk_followup_v1/nested/outer1/inner2/B2_Pointwise/seed20261001/refit,20261001,False,21,2.987092141993344,1089,345,59547544a536bc463c57c5153acb941b784dcba5981ae715964279cd826a4c0a,0446fe4b7e9616a7a4919a8d22bfe2fdaa8cf3f079aecb9daca2a96ab00fc66d,1184,32,15745,11649,3,,1,2,B2_Pointwise,refit,15b623a60b20ee93e558bbc366b3bad58c18db266a1637f15d62b09ca694b68a,732c306e7ad0b983b4d2a9053be4dc6a30c0c75475c026fb08a65cb909fc2ab2,328c953e538fd39b5852a62e76434adb0c539b3eb0c79a718293389213bb6843,True
/home/yyf/runtime_artifacts/safeconf_research_20261001/publicset_execution_v1/risk_followup_v1/nested/outer1/inner2/B2_Pointwise/seed20261002/early,20261002,False,16,7.8850989860948175,858,276,dbf30ddafa1a6878879c16d845e486e51cdefc9b904e7edc78138c90b9a5d82e,47cfcc9462bae3edb1f2cd7a438001ff709d67500cd8d6ac21d17315aa797140,935,32,15745,11649,0,True,1,2,B2_Pointwise,early,601bcca0bcd28afe05e0a3f9e685784e518f601aa7c451a7d51ca619651cc152,2dec9dd1aa613d963c2f19e3649c248b39d87dd3e3e443f81350587a3ec07f88,,
/home/yyf/runtime_artifacts/safeconf_research_20261001/publicset_execution_v1/risk_followup_v1/nested/outer1/inner2/B2_Pointwise/seed20261002/refit,20261002,False,16,6.171111240983009,1089,345,59547544a536bc463c57c5153acb941b784dcba5981ae715964279cd826a4c0a,0446fe4b7e9616a7a4919a8d22bfe2fdaa8cf3f079aecb9daca2a96ab00fc66d,1184,32,15745,11649,1,,1,2,B2_Pointwise,refit,15b623a60b20ee93e558bbc366b3bad58c18db266a1637f15d62b09ca694b68a,c2b133e3f8b6da95ffe2ea66856060e76c8f4ec64667895df7f4055d2493c423,328c953e538fd39b5852a62e76434adb0c539b3eb0c79a718293389213bb6843,True
/home/yyf/runtime_artifacts/safeconf_research_20261001/publicset_execution_v1/risk_followup_v1/nested/outer1/inner2/B3_DeepSets/seed20260930/early,20260930,True,11,6.588374578161165,858,276,dbf30ddafa1a6878879c16d845e486e51cdefc9b904e7edc78138c90b9a5d82e,47cfcc9462bae3edb1f2cd7a438001ff709d67500cd8d6ac21d17315aa797140,935,32,15745,15745,0,True,1,2,B3_DeepSets,early,601bcca0bcd28afe05e0a3f9e685784e518f601aa7c451a7d51ca619651cc152,2979d5e4e57aac8ed277c43d37c69855ef6b3c579f36e0e124f5e8c7ad57ce25,,
/home/yyf/runtime_artifacts/safeconf_research_20261001/publicset_execution_v1/risk_followup_v1/nested/outer1/inner2/B3_DeepSets/seed20260930/refit,20260930,True,11,4.370138183934614,1089,345,59547544a536bc463c57c5153acb941b784dcba5981ae715964279cd826a4c0a,0446fe4b7e9616a7a4919a8d22bfe2fdaa8cf3f079aecb9daca2a96ab00fc66d,1184,32,15745,15745,0,,1,2,B3_DeepSets,refit,15b623a60b20ee93e558bbc366b3bad58c18db266a1637f15d62b09ca694b68a,5b0f9aac9263f5614185d20e03d7bcca16b7989f6b1819c91b3145b165a708d6,328c953e538fd39b5852a62e76434adb0c539b3eb0c79a718293389213bb6843,True
/home/yyf/runtime_artifacts/safeconf_research_20261001/publicset_execution_v1/risk_followup_v1/nested/outer1/inner2/B3_DeepSets/seed20261001/early,20261001,True,20,6.806021181168035,858,276,dbf30ddafa1a6878879c16d845e486e51cdefc9b904e7edc78138c90b9a5d82e,47cfcc9462bae3edb1f2cd7a438001ff709d67500cd8d6ac21d17315aa797140,935,32,15745,15745,0,True,1,2,B3_DeepSets,early,601bcca0bcd28afe05e0a3f9e685784e518f601aa7c451a7d51ca619651cc152,bc69956ef508b2871880bdf72bf3c7212752d55a6bae9026560c008fff9cb832,,
/home/yyf/runtime_artifacts/safeconf_research_20261001/publicset_execution_v1/risk_followup_v1/nested/outer1/inner2/B3_DeepSets/seed20261001/refit,20261001,True,20,7.827823527855799,1089,345,59547544a536bc463c57c5153acb941b784dcba5981ae715964279cd826a4c0a,0446fe4b7e9616a7a4919a8d22bfe2fdaa8cf3f079aecb9daca2a96ab00fc66d,1184,32,15745,15745,3,,1,2,B3_DeepSets,refit,15b623a60b20ee93e558bbc366b3bad58c18db266a1637f15d62b09ca694b68a,99a30008f9aa46c264635a192204f4cbe580bcc9442419059b172a0dcf7f32ec,328c953e538fd39b5852a62e76434adb0c539b3eb0c79a718293389213bb6843,True
/home/yyf/runtime_artifacts/safeconf_research_20261001/publicset_execution_v1/risk_followup_v1/nested/outer1/inner2/B3_DeepSets/seed20261002/early,20261002,True,15,7.874310266925022,858,276,dbf30ddafa1a6878879c16d845e486e51cdefc9b904e7edc78138c90b9a5d82e,47cfcc9462bae3edb1f2cd7a438001ff709d67500cd8d6ac21d17315aa797140,935,32,15745,15745,0,True,1,2,B3_DeepSets,early,601bcca0bcd28afe05e0a3f9e685784e518f601aa7c451a7d51ca619651cc152,db594c74f8393d0be9605f7d9c3c0a6f955c2a3af39bb1c50d0458157931c35a,,
/home/yyf/runtime_artifacts/safeconf_research_20261001/publicset_execution_v1/risk_followup_v1/nested/outer1/inner2/B3_DeepSets/seed20261002/refit,20261002,True,15,5.724660725099966,1089,345,59547544a536bc463c57c5153acb941b784dcba5981ae715964279cd826a4c0a,0446fe4b7e9616a7a4919a8d22bfe2fdaa8cf3f079aecb9daca2a96ab00fc66d,1184,32,15745,15745,1,,1,2,B3_DeepSets,refit,15b623a60b20ee93e558bbc366b3bad58c18db266a1637f15d62b09ca694b68a,54ad3f23784ded9054966c3b18916258a647da8d32259937211d3e59ffc1052a,328c953e538fd39b5852a62e76434adb0c539b3eb0c79a718293389213bb6843,True
/home/yyf/runtime_artifacts/safeconf_research_20261001/publicset_execution_v1/risk_followup_v1/nested/outer1/inner3/B2_Pointwise/seed20260930/early,20260930,False,28,11.416693445993587,848,276,a84aa4ac44e888124c103da5a307ea0063f73cd9851e3c1a287963ce02ff8b4b,5a1ba2d38f6c5a38e936c49ae6c71bdf1159c1aaf11a61ad8908860653ffe149,935,32,15745,11649,0,True,1,3,B2_Pointwise,early,94fab2245267e6ac1818c06c8897a3a1256d233d5cdf76590e6d4b2f365549de,399ea89959a3c54cd013a43e3b4eae1e92c49d23d9ac9800eb4b05abba1156ec,,
/home/yyf/runtime_artifacts/safeconf_research_20261001/publicset_execution_v1/risk_followup_v1/nested/outer1/inner3/B2_Pointwise/seed20260930/refit,20260930,False,28,6.280869695125148,1077,345,0ec6a029af327d39b8d8f18fcbcf7a7eea8db4c64069775715e954ea1283d326,4a544831a3c46aadbdddd3d7dc85f6399a717307b496a51d9a9621cc6f691eef,1177,32,15745,11649,0,,1,3,B2_Pointwise,refit,1ecea29a68e804d960e794f6e5963adc69999247f6b52bf47ed533cc23123ba6,e15e37e678a07f30aab611cf5cd02e9ec6537dc58841af1be81e2a19b43eed78,7ed37c3f0db4ae29c65d56826d5bc189bd31e242fab150f658f585a12b16b96b,True
/home/yyf/runtime_artifacts/safeconf_research_20261001/publicset_execution_v1/risk_followup_v1/nested/outer1/inner3/B2_Pointwise/seed20261001/early,20261001,False,15,7.562805538997054,848,276,a84aa4ac44e888124c103da5a307ea0063f73cd9851e3c1a287963ce02ff8b4b,5a1ba2d38f6c5a38e936c49ae6c71bdf1159c1aaf11a61ad8908860653ffe149,935,32,15745,11649,0,True,1,3,B2_Pointwise,early,94fab2245267e6ac1818c06c8897a3a1256d233d5cdf76590e6d4b2f365549de,bbd7c1bc8a82ecf5b27dd23001bc9788f9a3278a5b66c2c68e378b7ab3e409de,,
/home/yyf/runtime_artifacts/safeconf_research_20261001/publicset_execution_v1/risk_followup_v1/nested/outer1/inner3/B2_Pointwise/seed20261001/refit,20261001,False,15,5.63667929591611,1077,345,0ec6a029af327d39b8d8f18fcbcf7a7eea8db4c64069775715e954ea1283d326,4a544831a3c46aadbdddd3d7dc85f6399a717307b496a51d9a9621cc6f691eef,1177,32,15745,11649,0,,1,3,B2_Pointwise,refit,1ecea29a68e804d960e794f6e5963adc69999247f6b52bf47ed533cc23123ba6,16f91d0a8acb6a6bc8868d274363c54f73d17c194818e49ecdfc62b1fbf225b0,7ed37c3f0db4ae29c65d56826d5bc189bd31e242fab150f658f585a12b16b96b,True
/home/yyf/runtime_artifacts/safeconf_research_20261001/publicset_execution_v1/risk_followup_v1/nested/outer1/inner3/B2_Pointwise/seed20261002/early,20261002,False,8,5.548007019795477,848,276,a84aa4ac44e888124c103da5a307ea0063f73cd9851e3c1a287963ce02ff8b4b,5a1ba2d38f6c5a38e936c49ae6c71bdf1159c1aaf11a61ad8908860653ffe149,935,32,15745,11649,0,True,1,3,B2_Pointwise,early,94fab2245267e6ac1818c06c8897a3a1256d233d5cdf76590e6d4b2f365549de,ba36e4f0aa90157158663b857f1196799361d6478fbe42135dbcf6c8fddc4d98,,
/home/yyf/runtime_artifacts/safeconf_research_20261001/publicset_execution_v1/risk_followup_v1/nested/outer1/inner3/B2_Pointwise/seed20261002/refit,20261002,False,8,3.1063855241518468,1077,345,0ec6a029af327d39b8d8f18fcbcf7a7eea8db4c64069775715e954ea1283d326,4a544831a3c46aadbdddd3d7dc85f6399a717307b496a51d9a9621cc6f691eef,1177,32,15745,11649,0,,1,3,B2_Pointwise,refit,1ecea29a68e804d960e794f6e5963adc69999247f6b52bf47ed533cc23123ba6,4cc2d4cc320ed3643e434eb683972e86b0fbe1a94bef0adb8dd0ff35018835c8,7ed37c3f0db4ae29c65d56826d5bc189bd31e242fab150f658f585a12b16b96b,True
/home/yyf/runtime_artifacts/safeconf_research_20261001/publicset_execution_v1/risk_followup_v1/nested/outer1/inner3/B3_DeepSets/seed20260930/early,20260930,True,9,2.3824015560094267,848,276,a84aa4ac44e888124c103da5a307ea0063f73cd9851e3c1a287963ce02ff8b4b,5a1ba2d38f6c5a38e936c49ae6c71bdf1159c1aaf11a61ad8908860653ffe149,935,32,15745,15745,0,True,1,3,B3_DeepSets,early,94fab2245267e6ac1818c06c8897a3a1256d233d5cdf76590e6d4b2f365549de,1d676c0cc413950d331e955ea8df060bff48b8926a651ad35465d8d34ed51160,,
/home/yyf/runtime_artifacts/safeconf_research_20261001/publicset_execution_v1/risk_followup_v1/nested/outer1/inner3/B3_DeepSets/seed20260930/refit,20260930,True,9,3.1814583470113575,1077,345,0ec6a029af327d39b8d8f18fcbcf7a7eea8db4c64069775715e954ea1283d326,4a544831a3c46aadbdddd3d7dc85f6399a717307b496a51d9a9621cc6f691eef,1177,32,15745,15745,0,,1,3,B3_DeepSets,refit,1ecea29a68e804d960e794f6e5963adc69999247f6b52bf47ed533cc23123ba6,06dc9fc43e2128e098771ba5b77143a7b376b6fb1df8ce58aebdc6e666886699,7ed37c3f0db4ae29c65d56826d5bc189bd31e242fab150f658f585a12b16b96b,True
/home/yyf/runtime_artifacts/safeconf_research_20261001/publicset_execution_v1/risk_followup_v1/nested/outer1/inner3/B3_DeepSets/seed20261001/early,20261001,True,19,8.739106361055747,848,276,a84aa4ac44e888124c103da5a307ea0063f73cd9851e3c1a287963ce02ff8b4b,5a1ba2d38f6c5a38e936c49ae6c71bdf1159c1aaf11a61ad8908860653ffe149,935,32,15745,15745,0,True,1,3,B3_DeepSets,early,94fab2245267e6ac1818c06c8897a3a1256d233d5cdf76590e6d4b2f365549de,e16bddf5a866c0ed55d58d1c32c25b41c1a1ba860eda69872bb5ac5f5c64911f,,
/home/yyf/runtime_artifacts/safeconf_research_20261001/publicset_execution_v1/risk_followup_v1/nested/outer1/inner3/B3_DeepSets/seed20261001/refit,20261001,True,19,7.265789137920365,1077,345,0ec6a029af327d39b8d8f18fcbcf7a7eea8db4c64069775715e954ea1283d326,4a544831a3c46aadbdddd3d7dc85f6399a717307b496a51d9a9621cc6f691eef,1177,32,15745,15745,0,,1,3,B3_DeepSets,refit,1ecea29a68e804d960e794f6e5963adc69999247f6b52bf47ed533cc23123ba6,3c37c7419c5788a6cb2d4361ded54aabd45d3921530d395dabbd86279085d7ca,7ed37c3f0db4ae29c65d56826d5bc189bd31e242fab150f658f585a12b16b96b,True
/home/yyf/runtime_artifacts/safeconf_research_20261001/publicset_execution_v1/risk_followup_v1/nested/outer1/inner3/B3_DeepSets/seed20261002/early,20261002,True,8,5.688683652784675,848,276,a84aa4ac44e888124c103da5a307ea0063f73cd9851e3c1a287963ce02ff8b4b,5a1ba2d38f6c5a38e936c49ae6c71bdf1159c1aaf11a61ad8908860653ffe149,935,32,15745,15745,0,True,1,3,B3_DeepSets,early,94fab2245267e6ac1818c06c8897a3a1256d233d5cdf76590e6d4b2f365549de,eb1ce5e99036af56c55c5a01d7349e8ad8928845480187a212567fe26c495186,,
/home/yyf/runtime_artifacts/safeconf_research_20261001/publicset_execution_v1/risk_followup_v1/nested/outer1/inner3/B3_DeepSets/seed20261002/refit,20261002,True,8,3.1392371149268,1077,345,0ec6a029af327d39b8d8f18fcbcf7a7eea8db4c64069775715e954ea1283d326,4a544831a3c46aadbdddd3d7dc85f6399a717307b496a51d9a9621cc6f691eef,1177,32,15745,15745,0,,1,3,B3_DeepSets,refit,1ecea29a68e804d960e794f6e5963adc69999247f6b52bf47ed533cc23123ba6,2ce902896603dc09c3533b5541ffb9eae87cf23a024e481fa3e849e85bc78545,7ed37c3f0db4ae29c65d56826d5bc189bd31e242fab150f658f585a12b16b96b,True
/home/yyf/runtime_artifacts/safeconf_research_20261001/publicset_execution_v1/risk_followup_v1/nested/outer2/inner0/B2_Pointwise/seed20260930/early,20260930,False,15,7.41438097297214,853,276,2cb74969bbe23735839a20d90a6b6f979fa58125511078daf988955b8a1be4c9,6de0cc096fafafcfc9390df7b229c6793849637ab26f24415baff29a3f39e09c,922,32,15745,11649,0,True,2,0,B2_Pointwise,early,3bb99d4c4276b18d5902f89ab8d19e303872a9447e273d7a6f4d864ccf9122fb,a8a5ce3f514e326caffa8cbee2627950f6321c9bd5269448e93f7a980f00d7c0,,
/home/yyf/runtime_artifacts/safeconf_research_20261001/publicset_execution_v1/risk_followup_v1/nested/outer2/inner0/B2_Pointwise/seed20260930/refit,20260930,False,15,5.529829204082489,1073,345,c3447ab0493776781afbe0e73e09c92e650bfa9c4e74993a594c241653b41abd,6c76f01738ba4a4a8d5aceec5f1fc93a1206c5fff2036ff3ac1527e0042e3df3,1164,32,15745,11649,0,,2,0,B2_Pointwise,refit,3c88338a5b0033d742a18fec6f209939954ef3670a8bc762dfa2e594769b701a,a6682ddca8a8564998e17078295c98ed0755bfdd77b2a9eec0b14a6f89b99409,4c3d6873d54dfc97fe4888a61b5ac0c22b371cba4d9c9052c1ab61d597e45cc2,True
/home/yyf/runtime_artifacts/safeconf_research_20261001/publicset_execution_v1/risk_followup_v1/nested/outer2/inner0/B2_Pointwise/seed20261001/early,20261001,False,11,6.392368772998452,853,276,2cb74969bbe23735839a20d90a6b6f979fa58125511078daf988955b8a1be4c9,6de0cc096fafafcfc9390df7b229c6793849637ab26f24415baff29a3f39e09c,922,32,15745,11649,0,True,2,0,B2_Pointwise,early,3bb99d4c4276b18d5902f89ab8d19e303872a9447e273d7a6f4d864ccf9122fb,2bd7f2ca5ede456197cfa69367c455342a60c5b086e119db4b1b58cfc65b9f46,,
/home/yyf/runtime_artifacts/safeconf_research_20261001/publicset_execution_v1/risk_followup_v1/nested/outer2/inner0/B2_Pointwise/seed20261001/refit,20261001,False,11,4.1945896060206,1073,345,c3447ab0493776781afbe0e73e09c92e650bfa9c4e74993a594c241653b41abd,6c76f01738ba4a4a8d5aceec5f1fc93a1206c5fff2036ff3ac1527e0042e3df3,1164,32,15745,11649,0,,2,0,B2_Pointwise,refit,3c88338a5b0033d742a18fec6f209939954ef3670a8bc762dfa2e594769b701a,91db0699b2773c9a6d148b9a10b7689c1da0e4fd30fd5922ab0f6b68dba3d1ec,4c3d6873d54dfc97fe4888a61b5ac0c22b371cba4d9c9052c1ab61d597e45cc2,True
/home/yyf/runtime_artifacts/safeconf_research_20261001/publicset_execution_v1/risk_followup_v1/nested/outer2/inner0/B2_Pointwise/seed20261002/early,20261002,False,12,6.674746257951483,853,276,2cb74969bbe23735839a20d90a6b6f979fa58125511078daf988955b8a1be4c9,6de0cc096fafafcfc9390df7b229c6793849637ab26f24415baff29a3f39e09c,922,32,15745,11649,0,True,2,0,B2_Pointwise,early,3bb99d4c4276b18d5902f89ab8d19e303872a9447e273d7a6f4d864ccf9122fb,68b9c11de6b74528cc0c4c40f5dca91ec54ab04cb18016c355d301e4f0e284dd,,
/home/yyf/runtime_artifacts/safeconf_research_20261001/publicset_execution_v1/risk_followup_v1/nested/outer2/inner0/B2_Pointwise/seed20261002/refit,20261002,False,12,4.539766130037606,1073,345,c3447ab0493776781afbe0e73e09c92e650bfa9c4e74993a594c241653b41abd,6c76f01738ba4a4a8d5aceec5f1fc93a1206c5fff2036ff3ac1527e0042e3df3,1164,32,15745,11649,0,,2,0,B2_Pointwise,refit,3c88338a5b0033d742a18fec6f209939954ef3670a8bc762dfa2e594769b701a,2bca02ee06ae3b8bc13c81096e90e5783a44e2fb177d53e609074bd00a74aa91,4c3d6873d54dfc97fe4888a61b5ac0c22b371cba4d9c9052c1ab61d597e45cc2,True
/home/yyf/runtime_artifacts/safeconf_research_20261001/publicset_execution_v1/risk_followup_v1/nested/outer2/inner0/B3_DeepSets/seed20260930/early,20260930,True,15,7.78994543896988,853,276,2cb74969bbe23735839a20d90a6b6f979fa58125511078daf988955b8a1be4c9,6de0cc096fafafcfc9390df7b229c6793849637ab26f24415baff29a3f39e09c,922,32,15745,15745,0,True,2,0,B3_DeepSets,early,3bb99d4c4276b18d5902f89ab8d19e303872a9447e273d7a6f4d864ccf9122fb,2fce3cce4aeedd95f0735d365d6cfcee6e7011842e194a2eb17fd78aa26d97a2,,
/home/yyf/runtime_artifacts/safeconf_research_20261001/publicset_execution_v1/risk_followup_v1/nested/outer2/inner0/B3_DeepSets/seed20260930/refit,20260930,True,15,5.722604418871924,1073,345,c3447ab0493776781afbe0e73e09c92e650bfa9c4e74993a594c241653b41abd,6c76f01738ba4a4a8d5aceec5f1fc93a1206c5fff2036ff3ac1527e0042e3df3,1164,32,15745,15745,0,,2,0,B3_DeepSets,refit,3c88338a5b0033d742a18fec6f209939954ef3670a8bc762dfa2e594769b701a,4278a31240cd47a56ea507c7448fb6aaef485fdbf4dcccec0dcde55bd4d7829d,4c3d6873d54dfc97fe4888a61b5ac0c22b371cba4d9c9052c1ab61d597e45cc2,True
/home/yyf/runtime_artifacts/safeconf_research_20261001/publicset_execution_v1/risk_followup_v1/nested/outer2/inner0/B3_DeepSets/seed20261001/early,20261001,True,18,8.698544998886064,853,276,2cb74969bbe23735839a20d90a6b6f979fa58125511078daf988955b8a1be4c9,6de0cc096fafafcfc9390df7b229c6793849637ab26f24415baff29a3f39e09c,922,32,15745,15745,0,True,2,0,B3_DeepSets,early,3bb99d4c4276b18d5902f89ab8d19e303872a9447e273d7a6f4d864ccf9122fb,f175c6f325a11e1593040c4383137b0014490dcdd9631e6760f5f2b0b683b690,,
/home/yyf/runtime_artifacts/safeconf_research_20261001/publicset_execution_v1/risk_followup_v1/nested/outer2/inner0/B3_DeepSets/seed20261001/refit,20261001,True,18,6.851867923978716,1073,345,c3447ab0493776781afbe0e73e09c92e650bfa9c4e74993a594c241653b41abd,6c76f01738ba4a4a8d5aceec5f1fc93a1206c5fff2036ff3ac1527e0042e3df3,1164,32,15745,15745,0,,2,0,B3_DeepSets,refit,3c88338a5b0033d742a18fec6f209939954ef3670a8bc762dfa2e594769b701a,9716e6687eaa8cfb69352f67fefa0be81ce0df1a17c6ee4b836cf242c5df0f76,4c3d6873d54dfc97fe4888a61b5ac0c22b371cba4d9c9052c1ab61d597e45cc2,True
/home/yyf/runtime_artifacts/safeconf_research_20261001/publicset_execution_v1/risk_followup_v1/nested/outer2/inner0/B3_DeepSets/seed20261002/early,20261002,True,14,7.525410111993551,853,276,2cb74969bbe23735839a20d90a6b6f979fa58125511078daf988955b8a1be4c9,6de0cc096fafafcfc9390df7b229c6793849637ab26f24415baff29a3f39e09c,922,32,15745,15745,0,True,2,0,B3_DeepSets,early,3bb99d4c4276b18d5902f89ab8d19e303872a9447e273d7a6f4d864ccf9122fb,471db529db97ec2fda73758acb5fdc488dec2ee885a1c8c2d94750a47207e3ab,,
/home/yyf/runtime_artifacts/safeconf_research_20261001/publicset_execution_v1/risk_followup_v1/nested/outer2/inner0/B3_DeepSets/seed20261002/refit,20261002,True,14,5.401564090978354,1073,345,c3447ab0493776781afbe0e73e09c92e650bfa9c4e74993a594c241653b41abd,6c76f01738ba4a4a8d5aceec5f1fc93a1206c5fff2036ff3ac1527e0042e3df3,1164,32,15745,15745,0,,2,0,B3_DeepSets,refit,3c88338a5b0033d742a18fec6f209939954ef3670a8bc762dfa2e594769b701a,f4674b8b8923244e5a231a09972a521aeb8bb3157f9dc1c49403b10bb18e9f8c,4c3d6873d54dfc97fe4888a61b5ac0c22b371cba4d9c9052c1ab61d597e45cc2,True
/home/yyf/runtime_artifacts/safeconf_research_20261001/publicset_execution_v1/risk_followup_v1/nested/outer2/inner1/B2_Pointwise/seed20260930/early,20260930,False,31,12.446865945123136,877,276,40e7244afe71ab33a90ef327252ac3f5d1078e087933e6b06481a05c74063d2a,727cd93ada274a8daef418747d7ae9e8cd679759c73755046b37e18aca6ece74,959,32,15745,11649,0,True,2,1,B2_Pointwise,early,58ff37eb0401259677f0a81e1322d34d59fcb36c694351e85409fb72bc9e2cc3,bb04f73bb3630be7fc04038a23beead94daff2f7673423a72c77d8945d765fa2,,
/home/yyf/runtime_artifacts/safeconf_research_20261001/publicset_execution_v1/risk_followup_v1/nested/outer2/inner1/B2_Pointwise/seed20260930/refit,20260930,False,31,11.483225283911452,1082,345,fbbea62b1497ae0305c4192572639a7afce8362d901c18ff51b8e87b4470ddee,a2c4fd519dcad1478573493649d7ff3755c59355a6cdc25fca4f5672ab2799a8,1183,32,15745,11649,0,,2,1,B2_Pointwise,refit,6f93c963346b35a275c105f3c14cd66fa721479186758bd002068d593e0502a1,8c2325fb71aad56d8f0a3b9fe8ba2e6184408d85a709253b7d0db0275764dea3,337782e8bd83d6d8383a94e85f2e56cb743cd44079dff4f1d75e211d5c261199,True
/home/yyf/runtime_artifacts/safeconf_research_20261001/publicset_execution_v1/risk_followup_v1/nested/outer2/inner1/B2_Pointwise/seed20261001/early,20261001,False,11,6.599619060056284,877,276,40e7244afe71ab33a90ef327252ac3f5d1078e087933e6b06481a05c74063d2a,727cd93ada274a8daef418747d7ae9e8cd679759c73755046b37e18aca6ece74,959,32,15745,11649,0,True,2,1,B2_Pointwise,early,58ff37eb0401259677f0a81e1322d34d59fcb36c694351e85409fb72bc9e2cc3,084202dabe2c6965046cac3732711f6f6e0ec589727384c09508bb2bd04a6815,,
/home/yyf/runtime_artifacts/safeconf_research_20261001/publicset_execution_v1/risk_followup_v1/nested/outer2/inner1/B2_Pointwise/seed20261001/refit,20261001,False,11,4.18267885199748,1082,345,fbbea62b1497ae0305c4192572639a7afce8362d901c18ff51b8e87b4470ddee,a2c4fd519dcad1478573493649d7ff3755c59355a6cdc25fca4f5672ab2799a8,1183,32,15745,11649,0,,2,1,B2_Pointwise,refit,6f93c963346b35a275c105f3c14cd66fa721479186758bd002068d593e0502a1,3453003280efec78edde4ed9d4c20b76b0c1a13013d24c6dc8468be7e7c1c334,337782e8bd83d6d8383a94e85f2e56cb743cd44079dff4f1d75e211d5c261199,True
/home/yyf/runtime_artifacts/safeconf_research_20261001/publicset_execution_v1/risk_followup_v1/nested/outer2/inner1/B2_Pointwise/seed20261002/early,20261002,False,19,9.075334741035476,877,276,40e7244afe71ab33a90ef327252ac3f5d1078e087933e6b06481a05c74063d2a,727cd93ada274a8daef418747d7ae9e8cd679759c73755046b37e18aca6ece74,959,32,15745,11649,0,True,2,1,B2_Pointwise,early,58ff37eb0401259677f0a81e1322d34d59fcb36c694351e85409fb72bc9e2cc3,428668595966027a1f20707088142e12deaf37b4a0bc70192d6db4e527341ede,,
/home/yyf/runtime_artifacts/safeconf_research_20261001/publicset_execution_v1/risk_followup_v1/nested/outer2/inner1/B2_Pointwise/seed20261002/refit,20261002,False,19,7.0918034601490945,1082,345,fbbea62b1497ae0305c4192572639a7afce8362d901c18ff51b8e87b4470ddee,a2c4fd519dcad1478573493649d7ff3755c59355a6cdc25fca4f5672ab2799a8,1183,32,15745,11649,0,,2,1,B2_Pointwise,refit,6f93c963346b35a275c105f3c14cd66fa721479186758bd002068d593e0502a1,8bd454837cdb41a91b1d71764eecdb1765586ae41d1560f05caf6cffb8755afa,337782e8bd83d6d8383a94e85f2e56cb743cd44079dff4f1d75e211d5c261199,True
/home/yyf/runtime_artifacts/safeconf_research_20261001/publicset_execution_v1/risk_followup_v1/nested/outer2/inner1/B3_DeepSets/seed20260930/early,20260930,True,11,6.793046236038208,877,276,40e7244afe71ab33a90ef327252ac3f5d1078e087933e6b06481a05c74063d2a,727cd93ada274a8daef418747d7ae9e8cd679759c73755046b37e18aca6ece74,959,32,15745,15745,0,True,2,1,B3_DeepSets,early,58ff37eb0401259677f0a81e1322d34d59fcb36c694351e85409fb72bc9e2cc3,233cbf3a3ea23df6ebc9c9badcdcde5cbe977ab04ed4676dc0cdedf433304333,,
/home/yyf/runtime_artifacts/safeconf_research_20261001/publicset_execution_v1/risk_followup_v1/nested/outer2/inner1/B3_DeepSets/seed20260930/refit,20260930,True,11,4.232381792040542,1082,345,fbbea62b1497ae0305c4192572639a7afce8362d901c18ff51b8e87b4470ddee,a2c4fd519dcad1478573493649d7ff3755c59355a6cdc25fca4f5672ab2799a8,1183,32,15745,15745,0,,2,1,B3_DeepSets,refit,6f93c963346b35a275c105f3c14cd66fa721479186758bd002068d593e0502a1,37f6bf7d7bb225ba33e47128fbd52689d0150aeb4a91fc5e70e5771388a484e6,337782e8bd83d6d8383a94e85f2e56cb743cd44079dff4f1d75e211d5c261199,True
/home/yyf/runtime_artifacts/safeconf_research_20261001/publicset_execution_v1/risk_followup_v1/nested/outer2/inner1/B3_DeepSets/seed20261001/early,20261001,True,11,6.793235393008217,877,276,40e7244afe71ab33a90ef327252ac3f5d1078e087933e6b06481a05c74063d2a,727cd93ada274a8daef418747d7ae9e8cd679759c73755046b37e18aca6ece74,959,32,15745,15745,0,True,2,1,B3_DeepSets,early,58ff37eb0401259677f0a81e1322d34d59fcb36c694351e85409fb72bc9e2cc3,3b6b05761839ea63f41b5a0bc8b4552324423076b253ad9ae239c9266bc7415c,,
/home/yyf/runtime_artifacts/safeconf_research_20261001/publicset_execution_v1/risk_followup_v1/nested/outer2/inner1/B3_DeepSets/seed20261001/refit,20261001,True,11,4.219711592188105,1082,345,fbbea62b1497ae0305c4192572639a7afce8362d901c18ff51b8e87b4470ddee,a2c4fd519dcad1478573493649d7ff3755c59355a6cdc25fca4f5672ab2799a8,1183,32,15745,15745,0,,2,1,B3_DeepSets,refit,6f93c963346b35a275c105f3c14cd66fa721479186758bd002068d593e0502a1,b58c942d311c8c884d8a9bab858f93e69d5b7dea1db6774e3a7ffdf2a0956317,337782e8bd83d6d8383a94e85f2e56cb743cd44079dff4f1d75e211d5c261199,True
/home/yyf/runtime_artifacts/safeconf_research_20261001/publicset_execution_v1/risk_followup_v1/nested/outer2/inner1/B3_DeepSets/seed20261002/early,20261002,True,21,9.976713598007336,877,276,40e7244afe71ab33a90ef327252ac3f5d1078e087933e6b06481a05c74063d2a,727cd93ada274a8daef418747d7ae9e8cd679759c73755046b37e18aca6ece74,959,32,15745,15745,0,True,2,1,B3_DeepSets,early,58ff37eb0401259677f0a81e1322d34d59fcb36c694351e85409fb72bc9e2cc3,daef3418e27d7cdf0858a9e5c18db403c6aa1e0b19cd832db162066aa6110448,,
/home/yyf/runtime_artifacts/safeconf_research_20261001/publicset_execution_v1/risk_followup_v1/nested/outer2/inner1/B3_DeepSets/seed20261002/refit,20261002,True,21,8.009795920923352,1082,345,fbbea62b1497ae0305c4192572639a7afce8362d901c18ff51b8e87b4470ddee,a2c4fd519dcad1478573493649d7ff3755c59355a6cdc25fca4f5672ab2799a8,1183,32,15745,15745,0,,2,1,B3_DeepSets,refit,6f93c963346b35a275c105f3c14cd66fa721479186758bd002068d593e0502a1,465cfd88cee497e6a46ab59b0b14c9e14f14ed22c18900abce660606f03600c8,337782e8bd83d6d8383a94e85f2e56cb743cd44079dff4f1d75e211d5c261199,True
/home/yyf/runtime_artifacts/safeconf_research_20261001/publicset_execution_v1/risk_followup_v1/nested/outer2/inner2/B2_Pointwise/seed20260930/early,20260930,False,15,5.5552964869420975,870,276,d6645e7f7f70891442b92be9e6c77be2ce4f5527c92b0fa684a1e1c5569924e6,d5302a2c5a0bd27f7dde0cf1174cd69e463cd3238b99aac98217e283f9602965,946,32,15745,11649,0,True,2,2,B2_Pointwise,early,a065ab445fabd1df104b545ec562bdbca766bfbea76005d2e700ec1e50993483,eb4380ff517c427bfcc2f4c0253bab6c2a1513f8120cd5dbeeb8b9de8ae71e0d,,
/home/yyf/runtime_artifacts/safeconf_research_20261001/publicset_execution_v1/risk_followup_v1/nested/outer2/inner2/B2_Pointwise/seed20260930/refit,20260930,False,15,5.286388444947079,1087,345,fd5eb01bce3b90ad4d805a16d9b27b287d639af0ed1cdb827ae5d97fa0da4b0e,486e858513fdcac21b4aacd2b485a54e3bf261d83adbb4b061b0c4980e084012,1184,32,15745,11649,0,,2,2,B2_Pointwise,refit,06cfd097bf1302b261df265bcd726b8dc6dcfb51cd349fcb432bf018a826e403,df8e9c140ad5be3fb13fef86ca609b4f959cb0d5b3c9993c9b750e1868992e43,dcf315bacba5a3fa210d5bfb62830a750b07d90988843fea6cc35a3d7524d905,True
/home/yyf/runtime_artifacts/safeconf_research_20261001/publicset_execution_v1/risk_followup_v1/nested/outer2/inner2/B2_Pointwise/seed20261001/early,20261001,False,22,9.944436395075172,870,276,d6645e7f7f70891442b92be9e6c77be2ce4f5527c92b0fa684a1e1c5569924e6,d5302a2c5a0bd27f7dde0cf1174cd69e463cd3238b99aac98217e283f9602965,946,32,15745,11649,0,True,2,2,B2_Pointwise,early,a065ab445fabd1df104b545ec562bdbca766bfbea76005d2e700ec1e50993483,90b295957058325ba34a05927c07256fba1abb0296e52163a07da2e7ff93add0,,
/home/yyf/runtime_artifacts/safeconf_research_20261001/publicset_execution_v1/risk_followup_v1/nested/outer2/inner2/B2_Pointwise/seed20261001/refit,20261001,False,22,8.169557199114934,1087,345,fd5eb01bce3b90ad4d805a16d9b27b287d639af0ed1cdb827ae5d97fa0da4b0e,486e858513fdcac21b4aacd2b485a54e3bf261d83adbb4b061b0c4980e084012,1184,32,15745,11649,0,,2,2,B2_Pointwise,refit,06cfd097bf1302b261df265bcd726b8dc6dcfb51cd349fcb432bf018a826e403,43210456c8223b161fd0bccc78e13ead7f79fe3f58643bb57bf0335edf12ed37,dcf315bacba5a3fa210d5bfb62830a750b07d90988843fea6cc35a3d7524d905,True
/home/yyf/runtime_artifacts/safeconf_research_20261001/publicset_execution_v1/risk_followup_v1/nested/outer2/inner2/B2_Pointwise/seed20261002/early,20261002,False,40,15.15105429594405,870,276,d6645e7f7f70891442b92be9e6c77be2ce4f5527c92b0fa684a1e1c5569924e6,d5302a2c5a0bd27f7dde0cf1174cd69e463cd3238b99aac98217e283f9602965,946,32,15745,11649,0,True,2,2,B2_Pointwise,early,a065ab445fabd1df104b545ec562bdbca766bfbea76005d2e700ec1e50993483,3d5e0eea823c5726f02504de47a06ec866aceb8f39ec71a8576ea35e354c4be1,,
/home/yyf/runtime_artifacts/safeconf_research_20261001/publicset_execution_v1/risk_followup_v1/nested/outer2/inner2/B2_Pointwise/seed20261002/refit,20261002,False,40,14.671251023886725,1087,345,fd5eb01bce3b90ad4d805a16d9b27b287d639af0ed1cdb827ae5d97fa0da4b0e,486e858513fdcac21b4aacd2b485a54e3bf261d83adbb4b061b0c4980e084012,1184,32,15745,11649,0,,2,2,B2_Pointwise,refit,06cfd097bf1302b261df265bcd726b8dc6dcfb51cd349fcb432bf018a826e403,8328e4804ac9b7f22d4381dc1cf607888666de36b3e2cca76961fcc3ae7512a1,dcf315bacba5a3fa210d5bfb62830a750b07d90988843fea6cc35a3d7524d905,True
/home/yyf/runtime_artifacts/safeconf_research_20261001/publicset_execution_v1/risk_followup_v1/nested/outer2/inner2/B3_DeepSets/seed20260930/early,20260930,True,15,7.696988716023043,870,276,d6645e7f7f70891442b92be9e6c77be2ce4f5527c92b0fa684a1e1c5569924e6,d5302a2c5a0bd27f7dde0cf1174cd69e463cd3238b99aac98217e283f9602965,946,32,15745,15745,0,True,2,2,B3_DeepSets,early,a065ab445fabd1df104b545ec562bdbca766bfbea76005d2e700ec1e50993483,7577bfe2d9106ff598d411fdddabdce7c3575be1c28e6630f8bb072a435c3f9a,,
/home/yyf/runtime_artifacts/safeconf_research_20261001/publicset_execution_v1/risk_followup_v1/nested/outer2/inner2/B3_DeepSets/seed20260930/refit,20260930,True,15,5.387497675837949,1087,345,fd5eb01bce3b90ad4d805a16d9b27b287d639af0ed1cdb827ae5d97fa0da4b0e,486e858513fdcac21b4aacd2b485a54e3bf261d83adbb4b061b0c4980e084012,1184,32,15745,15745,0,,2,2,B3_DeepSets,refit,06cfd097bf1302b261df265bcd726b8dc6dcfb51cd349fcb432bf018a826e403,d8017ece66fe470e603b39287ed0b1b1ec6cd064f1d6a65f7eb00da3b7d8799e,dcf315bacba5a3fa210d5bfb62830a750b07d90988843fea6cc35a3d7524d905,True
/home/yyf/runtime_artifacts/safeconf_research_20261001/publicset_execution_v1/risk_followup_v1/nested/outer2/inner2/B3_DeepSets/seed20261001/early,20261001,True,22,10.280611824942753,870,276,d6645e7f7f70891442b92be9e6c77be2ce4f5527c92b0fa684a1e1c5569924e6,d5302a2c5a0bd27f7dde0cf1174cd69e463cd3238b99aac98217e283f9602965,946,32,15745,15745,0,True,2,2,B3_DeepSets,early,a065ab445fabd1df104b545ec562bdbca766bfbea76005d2e700ec1e50993483,6447bccf5afde92ca8076c461a25434b61ac5f6a9c3898a898728fba29914327,,
/home/yyf/runtime_artifacts/safeconf_research_20261001/publicset_execution_v1/risk_followup_v1/nested/outer2/inner2/B3_DeepSets/seed20261001/refit,20261001,True,22,8.356982408091426,1087,345,fd5eb01bce3b90ad4d805a16d9b27b287d639af0ed1cdb827ae5d97fa0da4b0e,486e858513fdcac21b4aacd2b485a54e3bf261d83adbb4b061b0c4980e084012,1184,32,15745,15745,0,,2,2,B3_DeepSets,refit,06cfd097bf1302b261df265bcd726b8dc6dcfb51cd349fcb432bf018a826e403,bdfbe9e78a4348b290cfae3e9888b66792fd291a6502435845a3d69e59bd6c31,dcf315bacba5a3fa210d5bfb62830a750b07d90988843fea6cc35a3d7524d905,True
/home/yyf/runtime_artifacts/safeconf_research_20261001/publicset_execution_v1/risk_followup_v1/nested/outer2/inner2/B3_DeepSets/seed20261002/early,20261002,True,12,7.115192454075441,870,276,d6645e7f7f70891442b92be9e6c77be2ce4f5527c92b0fa684a1e1c5569924e6,d5302a2c5a0bd27f7dde0cf1174cd69e463cd3238b99aac98217e283f9602965,946,32,15745,15745,0,True,2,2,B3_DeepSets,early,a065ab445fabd1df104b545ec562bdbca766bfbea76005d2e700ec1e50993483,20903a19fae0dbeb49fc2249e896021dcf645e41fc85f332e0ab1d48e41cdc3f,,
/home/yyf/runtime_artifacts/safeconf_research_20261001/publicset_execution_v1/risk_followup_v1/nested/outer2/inner2/B3_DeepSets/seed20261002/refit,20261002,True,12,4.6114762159995735,1087,345,fd5eb01bce3b90ad4d805a16d9b27b287d639af0ed1cdb827ae5d97fa0da4b0e,486e858513fdcac21b4aacd2b485a54e3bf261d83adbb4b061b0c4980e084012,1184,32,15745,15745,0,,2,2,B3_DeepSets,refit,06cfd097bf1302b261df265bcd726b8dc6dcfb51cd349fcb432bf018a826e403,717f00e9821d667800f34983772ab089ab4d2cfd6f046637f50282a98b4cbe2f,dcf315bacba5a3fa210d5bfb62830a750b07d90988843fea6cc35a3d7524d905,True
/home/yyf/runtime_artifacts/safeconf_research_20261001/publicset_execution_v1/risk_followup_v1/nested/outer2/inner3/B2_Pointwise/seed20260930/early,20260930,False,17,8.448828754015267,875,276,dd7dd3aceede35ebf83a6a9755875048108709ceddfcc4f84951555f51debc8f,b330051289d9beacab6b95bbaf7a48c291545f5588b437a8a99140f8f87d2909,956,32,15745,11649,0,True,2,3,B2_Pointwise,early,283cef379385917551253431ad5af6040351e027f79312e40d03928515460e03,bf56a0f9d4e0bcb99209e72f854f965111cc125b8c35f5a32986a92d56f08b21,,
/home/yyf/runtime_artifacts/safeconf_research_20261001/publicset_execution_v1/risk_followup_v1/nested/outer2/inner3/B2_Pointwise/seed20260930/refit,20260930,False,17,5.628685834817588,1096,345,da2da2802d14b71335bd991dc6363b6268d802ffebad1c998927a4064dac2fc7,8b8e267b61b0223bfdd554b3fb573be304e7e22616e845333ee3004d231fd948,1197,32,15745,11649,0,,2,3,B2_Pointwise,refit,c362941cc35d790313369d3f4ddb60a3fc34b5b28d92e8577749fcbc94a2599d,0019ceb85be556185bc8d64ecd276516fb5f370de59052ba645858c33133b073,4dc85063bafde2a585467f9ad5f3b4d92d747d84e696deddf3d8346bca9e4563,True
/home/yyf/runtime_artifacts/safeconf_research_20261001/publicset_execution_v1/risk_followup_v1/nested/outer2/inner3/B2_Pointwise/seed20261001/early,20261001,False,12,6.910461438121274,875,276,dd7dd3aceede35ebf83a6a9755875048108709ceddfcc4f84951555f51debc8f,b330051289d9beacab6b95bbaf7a48c291545f5588b437a8a99140f8f87d2909,956,32,15745,11649,0,True,2,3,B2_Pointwise,early,283cef379385917551253431ad5af6040351e027f79312e40d03928515460e03,c72507a39aff51473bbee1b4fadddc0c94aa202494565b58f8676a392f2861e0,,
/home/yyf/runtime_artifacts/safeconf_research_20261001/publicset_execution_v1/risk_followup_v1/nested/outer2/inner3/B2_Pointwise/seed20261001/refit,20261001,False,12,4.672816563164815,1096,345,da2da2802d14b71335bd991dc6363b6268d802ffebad1c998927a4064dac2fc7,8b8e267b61b0223bfdd554b3fb573be304e7e22616e845333ee3004d231fd948,1197,32,15745,11649,0,,2,3,B2_Pointwise,refit,c362941cc35d790313369d3f4ddb60a3fc34b5b28d92e8577749fcbc94a2599d,dd2e0dbb41c0f5a84e8c1645b1906cab6af69ec6ccb747bfcb7e771d2d284e8b,4dc85063bafde2a585467f9ad5f3b4d92d747d84e696deddf3d8346bca9e4563,True
/home/yyf/runtime_artifacts/safeconf_research_20261001/publicset_execution_v1/risk_followup_v1/nested/outer2/inner3/B2_Pointwise/seed20261002/early,20261002,False,9,5.946453493088484,875,276,dd7dd3aceede35ebf83a6a9755875048108709ceddfcc4f84951555f51debc8f,b330051289d9beacab6b95bbaf7a48c291545f5588b437a8a99140f8f87d2909,956,32,15745,11649,0,True,2,3,B2_Pointwise,early,283cef379385917551253431ad5af6040351e027f79312e40d03928515460e03,e3d190add1700111ab286ca7cf37a2c1965498790c4f611f3a55b041a7504d6b,,
/home/yyf/runtime_artifacts/safeconf_research_20261001/publicset_execution_v1/risk_followup_v1/nested/outer2/inner3/B2_Pointwise/seed20261002/refit,20261002,False,9,3.560597211122513,1096,345,da2da2802d14b71335bd991dc6363b6268d802ffebad1c998927a4064dac2fc7,8b8e267b61b0223bfdd554b3fb573be304e7e22616e845333ee3004d231fd948,1197,32,15745,11649,0,,2,3,B2_Pointwise,refit,c362941cc35d790313369d3f4ddb60a3fc34b5b28d92e8577749fcbc94a2599d,b5dff7e2ac4fe2b86d67cf47140a92b3cfd3cd7201c6a7719024e0e2898680ef,4dc85063bafde2a585467f9ad5f3b4d92d747d84e696deddf3d8346bca9e4563,True
/home/yyf/runtime_artifacts/safeconf_research_20261001/publicset_execution_v1/risk_followup_v1/nested/outer2/inner3/B3_DeepSets/seed20260930/early,20260930,True,18,9.092454106779769,875,276,dd7dd3aceede35ebf83a6a9755875048108709ceddfcc4f84951555f51debc8f,b330051289d9beacab6b95bbaf7a48c291545f5588b437a8a99140f8f87d2909,956,32,15745,15745,0,True,2,3,B3_DeepSets,early,283cef379385917551253431ad5af6040351e027f79312e40d03928515460e03,d312b86dd196f199c0d9df2636cb5b1daf297e35897e4b6b04d970b279fa2650,,
/home/yyf/runtime_artifacts/safeconf_research_20261001/publicset_execution_v1/risk_followup_v1/nested/outer2/inner3/B3_DeepSets/seed20260930/refit,20260930,True,18,7.1060260029044,1096,345,da2da2802d14b71335bd991dc6363b6268d802ffebad1c998927a4064dac2fc7,8b8e267b61b0223bfdd554b3fb573be304e7e22616e845333ee3004d231fd948,1197,32,15745,15745,0,,2,3,B3_DeepSets,refit,c362941cc35d790313369d3f4ddb60a3fc34b5b28d92e8577749fcbc94a2599d,1710d7a258e0887a36b8181917407f1c4bb6297d8ff2f3b471a4868b1ada6dc7,4dc85063bafde2a585467f9ad5f3b4d92d747d84e696deddf3d8346bca9e4563,True
/home/yyf/runtime_artifacts/safeconf_research_20261001/publicset_execution_v1/risk_followup_v1/nested/outer2/inner3/B3_DeepSets/seed20261001/early,20261001,True,14,7.752044025808573,875,276,dd7dd3aceede35ebf83a6a9755875048108709ceddfcc4f84951555f51debc8f,b330051289d9beacab6b95bbaf7a48c291545f5588b437a8a99140f8f87d2909,956,32,15745,15745,0,True,2,3,B3_DeepSets,early,283cef379385917551253431ad5af6040351e027f79312e40d03928515460e03,2618b1dd28d6d4bad426a76efaaff6e117e9928c0cb5132fcb6d208b591a2612,,
/home/yyf/runtime_artifacts/safeconf_research_20261001/publicset_execution_v1/risk_followup_v1/nested/outer2/inner3/B3_DeepSets/seed20261001/refit,20261001,True,14,5.513319570105523,1096,345,da2da2802d14b71335bd991dc6363b6268d802ffebad1c998927a4064dac2fc7,8b8e267b61b0223bfdd554b3fb573be304e7e22616e845333ee3004d231fd948,1197,32,15745,15745,0,,2,3,B3_DeepSets,refit,c362941cc35d790313369d3f4ddb60a3fc34b5b28d92e8577749fcbc94a2599d,9b0457a194bd9c929b1c1a4a2ae385545b5e8e358cda6a919ea889dfae74428a,4dc85063bafde2a585467f9ad5f3b4d92d747d84e696deddf3d8346bca9e4563,True
/home/yyf/runtime_artifacts/safeconf_research_20261001/publicset_execution_v1/risk_followup_v1/nested/outer2/inner3/B3_DeepSets/seed20261002/early,20261002,True,14,7.453452521003783,875,276,dd7dd3aceede35ebf83a6a9755875048108709ceddfcc4f84951555f51debc8f,b330051289d9beacab6b95bbaf7a48c291545f5588b437a8a99140f8f87d2909,956,32,15745,15745,0,True,2,3,B3_DeepSets,early,283cef379385917551253431ad5af6040351e027f79312e40d03928515460e03,da72882bf749431919b7b8b0b4cc48dcda9d6c7a248ec9bce09f47a943c67ea5,,
/home/yyf/runtime_artifacts/safeconf_research_20261001/publicset_execution_v1/risk_followup_v1/nested/outer2/inner3/B3_DeepSets/seed20261002/refit,20261002,True,14,5.425704667111859,1096,345,da2da2802d14b71335bd991dc6363b6268d802ffebad1c998927a4064dac2fc7,8b8e267b61b0223bfdd554b3fb573be304e7e22616e845333ee3004d231fd948,1197,32,15745,15745,0,,2,3,B3_DeepSets,refit,c362941cc35d790313369d3f4ddb60a3fc34b5b28d92e8577749fcbc94a2599d,be6ba52e0f936fa035e71e556f7ff636f137f34a44b73cee29cc4b2e99195e99,4dc85063bafde2a585467f9ad5f3b4d92d747d84e696deddf3d8346bca9e4563,True
/home/yyf/runtime_artifacts/safeconf_research_20261001/publicset_execution_v1/risk_followup_v1/nested/outer3/inner0/B2_Pointwise/seed20260930/early,20260930,False,12,6.848252827068791,869,276,5f97a3cd505446b3866556144a4ec59ca69240d04b77839efe684c439df4c90d,23bb66d7916bde532ba2f11eba3229ae9555c2f250e11914ca74bfae20536fda,941,32,15745,11649,0,True,3,0,B2_Pointwise,early,c042c3a70afb3f8552dbcb8bd20283fbe080fb738f2d70fae211e15d1725f5b0,9a3a3d123b72c5ec700bcdf86bf9a794cf3042a13a229a2b261571fe4b1da4e6,,
/home/yyf/runtime_artifacts/safeconf_research_20261001/publicset_execution_v1/risk_followup_v1/nested/outer3/inner0/B2_Pointwise/seed20260930/refit,20260930,False,12,4.5466373059898615,1084,345,b949efa2eaa0fcc3c77b30e39b6d21196125094c01515ce7ccd78117e3d82eee,11d66f9f9a3f844d0c8f72a084e33f7ad719b1a7a4fd98f0476953a518389f62,1185,32,15745,11649,0,,3,0,B2_Pointwise,refit,62926e6a4c7801197d845181162d753bb15e7fac900674ef63000e277ddd3dd0,bf7cd4083c7f40243c3408953e08c0c5ed71bd05d39c01f05122c3a1389a058b,d250539aaf328e87201f690b6865ce0816061a070a8eeaef5176ea4b14086b48,True
/home/yyf/runtime_artifacts/safeconf_research_20261001/publicset_execution_v1/risk_followup_v1/nested/outer3/inner0/B2_Pointwise/seed20261001/early,20261001,False,37,14.424846129957587,869,276,5f97a3cd505446b3866556144a4ec59ca69240d04b77839efe684c439df4c90d,23bb66d7916bde532ba2f11eba3229ae9555c2f250e11914ca74bfae20536fda,941,32,15745,11649,0,True,3,0,B2_Pointwise,early,c042c3a70afb3f8552dbcb8bd20283fbe080fb738f2d70fae211e15d1725f5b0,f3b9a736b40ecfa69371ec7895dcbef50201e5376c5432187c6d934caea7647e,,
/home/yyf/runtime_artifacts/safeconf_research_20261001/publicset_execution_v1/risk_followup_v1/nested/outer3/inner0/B2_Pointwise/seed20261001/refit,20261001,False,37,13.664765730965883,1084,345,b949efa2eaa0fcc3c77b30e39b6d21196125094c01515ce7ccd78117e3d82eee,11d66f9f9a3f844d0c8f72a084e33f7ad719b1a7a4fd98f0476953a518389f62,1185,32,15745,11649,0,,3,0,B2_Pointwise,refit,62926e6a4c7801197d845181162d753bb15e7fac900674ef63000e277ddd3dd0,1e63cb54dc704d1e60f468b06c155ff904feea77581a88f2e89620b99f288199,d250539aaf328e87201f690b6865ce0816061a070a8eeaef5176ea4b14086b48,True
/home/yyf/runtime_artifacts/safeconf_research_20261001/publicset_execution_v1/risk_followup_v1/nested/outer3/inner0/B2_Pointwise/seed20261002/early,20261002,False,28,11.773843507980928,869,276,5f97a3cd505446b3866556144a4ec59ca69240d04b77839efe684c439df4c90d,23bb66d7916bde532ba2f11eba3229ae9555c2f250e11914ca74bfae20536fda,941,32,15745,11649,0,True,3,0,B2_Pointwise,early,c042c3a70afb3f8552dbcb8bd20283fbe080fb738f2d70fae211e15d1725f5b0,0a10b9381d83585c054d20e071bfe5f86e63a5ca2f65505ad363dcdbf83f3d6d,,
/home/yyf/runtime_artifacts/safeconf_research_20261001/publicset_execution_v1/risk_followup_v1/nested/outer3/inner0/B2_Pointwise/seed20261002/refit,20261002,False,28,10.32787772314623,1084,345,b949efa2eaa0fcc3c77b30e39b6d21196125094c01515ce7ccd78117e3d82eee,11d66f9f9a3f844d0c8f72a084e33f7ad719b1a7a4fd98f0476953a518389f62,1185,32,15745,11649,0,,3,0,B2_Pointwise,refit,62926e6a4c7801197d845181162d753bb15e7fac900674ef63000e277ddd3dd0,f9c54fd58827931e0c969594ae0b3e1cc9c6c0c7170560fda697125f52f95f65,d250539aaf328e87201f690b6865ce0816061a070a8eeaef5176ea4b14086b48,True
/home/yyf/runtime_artifacts/safeconf_research_20261001/publicset_execution_v1/risk_followup_v1/nested/outer3/inner0/B3_DeepSets/seed20260930/early,20260930,True,29,12.540658676065505,869,276,5f97a3cd505446b3866556144a4ec59ca69240d04b77839efe684c439df4c90d,23bb66d7916bde532ba2f11eba3229ae9555c2f250e11914ca74bfae20536fda,941,32,15745,15745,0,True,3,0,B3_DeepSets,early,c042c3a70afb3f8552dbcb8bd20283fbe080fb738f2d70fae211e15d1725f5b0,5490fa7ea66800ee0798706c15f08a81af4fea10ba89cb9ec6f8d22bcc372613,,
/home/yyf/runtime_artifacts/safeconf_research_20261001/publicset_execution_v1/risk_followup_v1/nested/outer3/inner0/B3_DeepSets/seed20260930/refit,20260930,True,29,10.999343899078667,1084,345,b949efa2eaa0fcc3c77b30e39b6d21196125094c01515ce7ccd78117e3d82eee,11d66f9f9a3f844d0c8f72a084e33f7ad719b1a7a4fd98f0476953a518389f62,1185,32,15745,15745,0,,3,0,B3_DeepSets,refit,62926e6a4c7801197d845181162d753bb15e7fac900674ef63000e277ddd3dd0,88dc5e4b97af75d075747ce1d263d8269711818371a3fe89fb2828980f11cc59,d250539aaf328e87201f690b6865ce0816061a070a8eeaef5176ea4b14086b48,True
/home/yyf/runtime_artifacts/safeconf_research_20261001/publicset_execution_v1/risk_followup_v1/nested/outer3/inner0/B3_DeepSets/seed20261001/early,20261001,True,14,7.768934733001515,869,276,5f97a3cd505446b3866556144a4ec59ca69240d04b77839efe684c439df4c90d,23bb66d7916bde532ba2f11eba3229ae9555c2f250e11914ca74bfae20536fda,941,32,15745,15745,0,True,3,0,B3_DeepSets,early,c042c3a70afb3f8552dbcb8bd20283fbe080fb738f2d70fae211e15d1725f5b0,53954614118b4a8ba46fed6e22a28814c6effd0b454b6ed467d11fb2b58a999b,,
/home/yyf/runtime_artifacts/safeconf_research_20261001/publicset_execution_v1/risk_followup_v1/nested/outer3/inner0/B3_DeepSets/seed20261001/refit,20261001,True,14,5.374400725122541,1084,345,b949efa2eaa0fcc3c77b30e39b6d21196125094c01515ce7ccd78117e3d82eee,11d66f9f9a3f844d0c8f72a084e33f7ad719b1a7a4fd98f0476953a518389f62,1185,32,15745,15745,0,,3,0,B3_DeepSets,refit,62926e6a4c7801197d845181162d753bb15e7fac900674ef63000e277ddd3dd0,54a65527c6049d3c6b0d317cb58252d79b54cd1d090fe3adcb2c789c15c62a36,d250539aaf328e87201f690b6865ce0816061a070a8eeaef5176ea4b14086b48,True
/home/yyf/runtime_artifacts/safeconf_research_20261001/publicset_execution_v1/risk_followup_v1/nested/outer3/inner0/B3_DeepSets/seed20261002/early,20261002,True,28,12.226443895837292,869,276,5f97a3cd505446b3866556144a4ec59ca69240d04b77839efe684c439df4c90d,23bb66d7916bde532ba2f11eba3229ae9555c2f250e11914ca74bfae20536fda,941,32,15745,15745,0,True,3,0,B3_DeepSets,early,c042c3a70afb3f8552dbcb8bd20283fbe080fb738f2d70fae211e15d1725f5b0,1213b0c4fa5409160f6e9e11387213416e546f3cd52d524ba23f4b86bc2a20c8,,
/home/yyf/runtime_artifacts/safeconf_research_20261001/publicset_execution_v1/risk_followup_v1/nested/outer3/inner0/B3_DeepSets/seed20261002/refit,20261002,True,28,10.658377294894308,1084,345,b949efa2eaa0fcc3c77b30e39b6d21196125094c01515ce7ccd78117e3d82eee,11d66f9f9a3f844d0c8f72a084e33f7ad719b1a7a4fd98f0476953a518389f62,1185,32,15745,15745,0,,3,0,B3_DeepSets,refit,62926e6a4c7801197d845181162d753bb15e7fac900674ef63000e277ddd3dd0,c030b46c2694f49a21d51ebffde1eb03c11e81c3f5bc165372b63634070c5375,d250539aaf328e87201f690b6865ce0816061a070a8eeaef5176ea4b14086b48,True
/home/yyf/runtime_artifacts/safeconf_research_20261001/publicset_execution_v1/risk_followup_v1/nested/outer3/inner1/B2_Pointwise/seed20260930/early,20260930,False,23,10.250876548001543,875,276,5539e8fcb3e76854866917f36d72fa2d7e7aed14334f8582033884f062ca8d9b,94a3aca01723f5fc6599360d49ef272c9b8a0e10bd9ee929c1fd01920bd84f57,953,32,15745,11649,0,True,3,1,B2_Pointwise,early,2c3d9fb16fce49ad23407cc7daee9f346697d3a73b09afa48b322eed25d016f1,e92af4791f5ccab7bc09de821a1d34094d8835dea832322b682c97d0559bd87b,,
/home/yyf/runtime_artifacts/safeconf_research_20261001/publicset_execution_v1/risk_followup_v1/nested/outer3/inner1/B2_Pointwise/seed20260930/refit,20260930,False,23,8.463814918883145,1090,345,62829327989d1782f27259d89dcd37b1abf4eadd620a645d4f5385a237d643e0,2d901a6771c3c0d3b4d856fb9f0a445325d2729f996f1460f9f25db64a8a561c,1188,32,15745,11649,0,,3,1,B2_Pointwise,refit,2636a776611542ef02a8d0fa58e0eb10668b5bbd80ca9ef493deb620010f3ab6,cf20989c749dcda48aacc1dca35af454d4c721201d696938315cca9d4cea3b67,fe370ea26536369e44ac3d166d652b198da46d12f52552e54d21307c130a732d,True
/home/yyf/runtime_artifacts/safeconf_research_20261001/publicset_execution_v1/risk_followup_v1/nested/outer3/inner1/B2_Pointwise/seed20261001/early,20261001,False,20,9.098347733961418,875,276,5539e8fcb3e76854866917f36d72fa2d7e7aed14334f8582033884f062ca8d9b,94a3aca01723f5fc6599360d49ef272c9b8a0e10bd9ee929c1fd01920bd84f57,953,32,15745,11649,0,True,3,1,B2_Pointwise,early,2c3d9fb16fce49ad23407cc7daee9f346697d3a73b09afa48b322eed25d016f1,b30b2f194c046b3d46b39010df995f6d00f36e0497a08230bc794cebe99d7495,,
/home/yyf/runtime_artifacts/safeconf_research_20261001/publicset_execution_v1/risk_followup_v1/nested/outer3/inner1/B2_Pointwise/seed20261001/refit,20261001,False,20,7.525370536837727,1090,345,62829327989d1782f27259d89dcd37b1abf4eadd620a645d4f5385a237d643e0,2d901a6771c3c0d3b4d856fb9f0a445325d2729f996f1460f9f25db64a8a561c,1188,32,15745,11649,0,,3,1,B2_Pointwise,refit,2636a776611542ef02a8d0fa58e0eb10668b5bbd80ca9ef493deb620010f3ab6,b03b1ed87c9a9ce227c416f73b5f6d05a8e13ff972ee13385e935def8369fb79,fe370ea26536369e44ac3d166d652b198da46d12f52552e54d21307c130a732d,True
/home/yyf/runtime_artifacts/safeconf_research_20261001/publicset_execution_v1/risk_followup_v1/nested/outer3/inner1/B2_Pointwise/seed20261002/early,20261002,False,17,8.397031312109903,875,276,5539e8fcb3e76854866917f36d72fa2d7e7aed14334f8582033884f062ca8d9b,94a3aca01723f5fc6599360d49ef272c9b8a0e10bd9ee929c1fd01920bd84f57,953,32,15745,11649,0,True,3,1,B2_Pointwise,early,2c3d9fb16fce49ad23407cc7daee9f346697d3a73b09afa48b322eed25d016f1,ad5acc54d4fad27b520f94b381876905dbbc596155563e4720a165bbcb8155cb,,
/home/yyf/runtime_artifacts/safeconf_research_20261001/publicset_execution_v1/risk_followup_v1/nested/outer3/inner1/B2_Pointwise/seed20261002/refit,20261002,False,17,6.524685935815796,1090,345,62829327989d1782f27259d89dcd37b1abf4eadd620a645d4f5385a237d643e0,2d901a6771c3c0d3b4d856fb9f0a445325d2729f996f1460f9f25db64a8a561c,1188,32,15745,11649,1,,3,1,B2_Pointwise,refit,2636a776611542ef02a8d0fa58e0eb10668b5bbd80ca9ef493deb620010f3ab6,01a1e794d5d2283a9e47c2bd983ed843c0fba6e231311d1cb382ee2557c00559,fe370ea26536369e44ac3d166d652b198da46d12f52552e54d21307c130a732d,True
/home/yyf/runtime_artifacts/safeconf_research_20261001/publicset_execution_v1/risk_followup_v1/nested/outer3/inner1/B3_DeepSets/seed20260930/early,20260930,True,12,6.921183760976419,875,276,5539e8fcb3e76854866917f36d72fa2d7e7aed14334f8582033884f062ca8d9b,94a3aca01723f5fc6599360d49ef272c9b8a0e10bd9ee929c1fd01920bd84f57,953,32,15745,15745,0,True,3,1,B3_DeepSets,early,2c3d9fb16fce49ad23407cc7daee9f346697d3a73b09afa48b322eed25d016f1,ac994676f25d34366a0e70946228ebdfd8145f0030ce30fd85e8b5fe54da6a1b,,
/home/yyf/runtime_artifacts/safeconf_research_20261001/publicset_execution_v1/risk_followup_v1/nested/outer3/inner1/B3_DeepSets/seed20260930/refit,20260930,True,12,4.749140651896596,1090,345,62829327989d1782f27259d89dcd37b1abf4eadd620a645d4f5385a237d643e0,2d901a6771c3c0d3b4d856fb9f0a445325d2729f996f1460f9f25db64a8a561c,1188,32,15745,15745,0,,3,1,B3_DeepSets,refit,2636a776611542ef02a8d0fa58e0eb10668b5bbd80ca9ef493deb620010f3ab6,b475e11d2284db2c1356a5b01d9dadae2c631fbbd0fc647a6473328d72ffc452,fe370ea26536369e44ac3d166d652b198da46d12f52552e54d21307c130a732d,True
/home/yyf/runtime_artifacts/safeconf_research_20261001/publicset_execution_v1/risk_followup_v1/nested/outer3/inner1/B3_DeepSets/seed20261001/early,20261001,True,15,8.074804262025282,875,276,5539e8fcb3e76854866917f36d72fa2d7e7aed14334f8582033884f062ca8d9b,94a3aca01723f5fc6599360d49ef272c9b8a0e10bd9ee929c1fd01920bd84f57,953,32,15745,15745,0,True,3,1,B3_DeepSets,early,2c3d9fb16fce49ad23407cc7daee9f346697d3a73b09afa48b322eed25d016f1,5367ecf3642633fc0cad7ae2b6493d00f0c1a0b1ae08a28ed68ee8d8249fd14c,,
/home/yyf/runtime_artifacts/safeconf_research_20261001/publicset_execution_v1/risk_followup_v1/nested/outer3/inner1/B3_DeepSets/seed20261001/refit,20261001,True,15,5.925475860014558,1090,345,62829327989d1782f27259d89dcd37b1abf4eadd620a645d4f5385a237d643e0,2d901a6771c3c0d3b4d856fb9f0a445325d2729f996f1460f9f25db64a8a561c,1188,32,15745,15745,0,,3,1,B3_DeepSets,refit,2636a776611542ef02a8d0fa58e0eb10668b5bbd80ca9ef493deb620010f3ab6,5542dbef70afeb7e5c4d18d88d446a3bbf6a1c60f60f5f39170f41c3e3da7db5,fe370ea26536369e44ac3d166d652b198da46d12f52552e54d21307c130a732d,True
/home/yyf/runtime_artifacts/safeconf_research_20261001/publicset_execution_v1/risk_followup_v1/nested/outer3/inner1/B3_DeepSets/seed20261002/early,20261002,True,14,7.756024896167219,875,276,5539e8fcb3e76854866917f36d72fa2d7e7aed14334f8582033884f062ca8d9b,94a3aca01723f5fc6599360d49ef272c9b8a0e10bd9ee929c1fd01920bd84f57,953,32,15745,15745,0,True,3,1,B3_DeepSets,early,2c3d9fb16fce49ad23407cc7daee9f346697d3a73b09afa48b322eed25d016f1,3dbf01364389979e81526f053900e621a41eb3fca78222ffa64a418b7fab94a4,,
/home/yyf/runtime_artifacts/safeconf_research_20261001/publicset_execution_v1/risk_followup_v1/nested/outer3/inner1/B3_DeepSets/seed20261002/refit,20261002,True,14,5.514663556125015,1090,345,62829327989d1782f27259d89dcd37b1abf4eadd620a645d4f5385a237d643e0,2d901a6771c3c0d3b4d856fb9f0a445325d2729f996f1460f9f25db64a8a561c,1188,32,15745,15745,1,,3,1,B3_DeepSets,refit,2636a776611542ef02a8d0fa58e0eb10668b5bbd80ca9ef493deb620010f3ab6,bc1bbe66905452e4018d375c2291ce81cb43067b677dfa95cd1fe4d8da9d5aab,fe370ea26536369e44ac3d166d652b198da46d12f52552e54d21307c130a732d,True
/home/yyf/runtime_artifacts/safeconf_research_20261001/publicset_execution_v1/risk_followup_v1/nested/outer3/inner2/B2_Pointwise/seed20260930/early,20260930,False,11,6.595330483978614,869,276,184b3541ff3ed2397ce378a77b7f1b12dc18a0ef815795f7e9f70f696b7f8fc4,b1c9e7cc7ede019aac8576917b35f345dc503f033ca90e184969a124c67c062b,943,32,15745,11649,0,True,3,2,B2_Pointwise,early,1b002c3cd55a1e7a8f8e7d25f37e30192b8d575e885e97fa2dec7135bc7cf739,c8b62e6bbae6b47171d455ecec4a20c73fcb58d7b92e8f10a7599c3648353a98,,
/home/yyf/runtime_artifacts/safeconf_research_20261001/publicset_execution_v1/risk_followup_v1/nested/outer3/inner2/B2_Pointwise/seed20260930/refit,20260930,False,11,4.167710336856544,1077,345,d9fa0b815b5f8eda1395f8d7c829320f25947923cdf3fccc6dcdc7eb3fd55aa8,411b7f41660c59037eddd7ef8b629fd604384ba5a43ee8cecdb22085e15fa00a,1177,32,15745,11649,0,,3,2,B2_Pointwise,refit,f50320b3bad3cd82a6437b87212ae725311fc5d2510c51af2e1a3c5f9b542ec7,a50ee06b37cda0800f79df0944b89e7492571719c78a7910ae7f12f9316b57d9,d30081291a45340f975ac4162219ebd8af9f180b30fac59289a0bb371a2ae5f9,True
/home/yyf/runtime_artifacts/safeconf_research_20261001/publicset_execution_v1/risk_followup_v1/nested/outer3/inner2/B2_Pointwise/seed20261001/early,20261001,False,18,8.721761205000803,869,276,184b3541ff3ed2397ce378a77b7f1b12dc18a0ef815795f7e9f70f696b7f8fc4,b1c9e7cc7ede019aac8576917b35f345dc503f033ca90e184969a124c67c062b,943,32,15745,11649,0,True,3,2,B2_Pointwise,early,1b002c3cd55a1e7a8f8e7d25f37e30192b8d575e885e97fa2dec7135bc7cf739,468aace9eead7fc0a8070a37f92ee5f4a59feacd4eeb408a57ec861b5be7bba9,,
/home/yyf/runtime_artifacts/safeconf_research_20261001/publicset_execution_v1/risk_followup_v1/nested/outer3/inner2/B2_Pointwise/seed20261001/refit,20261001,False,18,6.715031560044736,1077,345,d9fa0b815b5f8eda1395f8d7c829320f25947923cdf3fccc6dcdc7eb3fd55aa8,411b7f41660c59037eddd7ef8b629fd604384ba5a43ee8cecdb22085e15fa00a,1177,32,15745,11649,0,,3,2,B2_Pointwise,refit,f50320b3bad3cd82a6437b87212ae725311fc5d2510c51af2e1a3c5f9b542ec7,45451d416fe9b61d5b485407ab37076c18f087329b56e0feeff4df8b4a67081a,d30081291a45340f975ac4162219ebd8af9f180b30fac59289a0bb371a2ae5f9,True
/home/yyf/runtime_artifacts/safeconf_research_20261001/publicset_execution_v1/risk_followup_v1/nested/outer3/inner2/B2_Pointwise/seed20261002/early,20261002,False,15,7.816049516899511,869,276,184b3541ff3ed2397ce378a77b7f1b12dc18a0ef815795f7e9f70f696b7f8fc4,b1c9e7cc7ede019aac8576917b35f345dc503f033ca90e184969a124c67c062b,943,32,15745,11649,0,True,3,2,B2_Pointwise,early,1b002c3cd55a1e7a8f8e7d25f37e30192b8d575e885e97fa2dec7135bc7cf739,d189d42b5131077962004cf82fe01ff0f506017993446cd9e4388deff03b7715,,
/home/yyf/runtime_artifacts/safeconf_research_20261001/publicset_execution_v1/risk_followup_v1/nested/outer3/inner2/B2_Pointwise/seed20261002/refit,20261002,False,15,5.645707879913971,1077,345,d9fa0b815b5f8eda1395f8d7c829320f25947923cdf3fccc6dcdc7eb3fd55aa8,411b7f41660c59037eddd7ef8b629fd604384ba5a43ee8cecdb22085e15fa00a,1177,32,15745,11649,0,,3,2,B2_Pointwise,refit,f50320b3bad3cd82a6437b87212ae725311fc5d2510c51af2e1a3c5f9b542ec7,9fae452bc1d4758223967ca055d1fb977511c45b4b5d5996fb4fc5c5dddfb57d,d30081291a45340f975ac4162219ebd8af9f180b30fac59289a0bb371a2ae5f9,True
/home/yyf/runtime_artifacts/safeconf_research_20261001/publicset_execution_v1/risk_followup_v1/nested/outer3/inner2/B3_DeepSets/seed20260930/early,20260930,True,16,8.375108017819002,869,276,184b3541ff3ed2397ce378a77b7f1b12dc18a0ef815795f7e9f70f696b7f8fc4,b1c9e7cc7ede019aac8576917b35f345dc503f033ca90e184969a124c67c062b,943,32,15745,15745,0,True,3,2,B3_DeepSets,early,1b002c3cd55a1e7a8f8e7d25f37e30192b8d575e885e97fa2dec7135bc7cf739,608e94b8c561cdc09edd94886e73c8601586b73b1284c4107753f22e377761b3,,
/home/yyf/runtime_artifacts/safeconf_research_20261001/publicset_execution_v1/risk_followup_v1/nested/outer3/inner2/B3_DeepSets/seed20260930/refit,20260930,True,16,6.109034940134734,1077,345,d9fa0b815b5f8eda1395f8d7c829320f25947923cdf3fccc6dcdc7eb3fd55aa8,411b7f41660c59037eddd7ef8b629fd604384ba5a43ee8cecdb22085e15fa00a,1177,32,15745,15745,0,,3,2,B3_DeepSets,refit,f50320b3bad3cd82a6437b87212ae725311fc5d2510c51af2e1a3c5f9b542ec7,9de12c511beb24df917ea10adc4d8d20fca3e758cbfb25a0f4e4e472bf49df72,d30081291a45340f975ac4162219ebd8af9f180b30fac59289a0bb371a2ae5f9,True
/home/yyf/runtime_artifacts/safeconf_research_20261001/publicset_execution_v1/risk_followup_v1/nested/outer3/inner2/B3_DeepSets/seed20261001/early,20261001,True,18,9.052057419205084,869,276,184b3541ff3ed2397ce378a77b7f1b12dc18a0ef815795f7e9f70f696b7f8fc4,b1c9e7cc7ede019aac8576917b35f345dc503f033ca90e184969a124c67c062b,943,32,15745,15745,0,True,3,2,B3_DeepSets,early,1b002c3cd55a1e7a8f8e7d25f37e30192b8d575e885e97fa2dec7135bc7cf739,7271a4ccaec94ba0bac9e322dda3ec66cad126d6d01c0a8d722b81f36b40d815,,
/home/yyf/runtime_artifacts/safeconf_research_20261001/publicset_execution_v1/risk_followup_v1/nested/outer3/inner2/B3_DeepSets/seed20261001/refit,20261001,True,18,6.889626201009378,1077,345,d9fa0b815b5f8eda1395f8d7c829320f25947923cdf3fccc6dcdc7eb3fd55aa8,411b7f41660c59037eddd7ef8b629fd604384ba5a43ee8cecdb22085e15fa00a,1177,32,15745,15745,0,,3,2,B3_DeepSets,refit,f50320b3bad3cd82a6437b87212ae725311fc5d2510c51af2e1a3c5f9b542ec7,0a16cc85fbe91ba5658631c964771830738acef1e477ce7964747708a7ae76d8,d30081291a45340f975ac4162219ebd8af9f180b30fac59289a0bb371a2ae5f9,True
/home/yyf/runtime_artifacts/safeconf_research_20261001/publicset_execution_v1/risk_followup_v1/nested/outer3/inner2/B3_DeepSets/seed20261002/early,20261002,True,13,7.471627044957131,869,276,184b3541ff3ed2397ce378a77b7f1b12dc18a0ef815795f7e9f70f696b7f8fc4,b1c9e7cc7ede019aac8576917b35f345dc503f033ca90e184969a124c67c062b,943,32,15745,15745,0,True,3,2,B3_DeepSets,early,1b002c3cd55a1e7a8f8e7d25f37e30192b8d575e885e97fa2dec7135bc7cf739,d13207e2e3b4845108df7fdb954dd8e3c90e9af464296b5add17939d8d33c872,,
/home/yyf/runtime_artifacts/safeconf_research_20261001/publicset_execution_v1/risk_followup_v1/nested/outer3/inner2/B3_DeepSets/seed20261002/refit,20261002,True,13,5.408879710128531,1077,345,d9fa0b815b5f8eda1395f8d7c829320f25947923cdf3fccc6dcdc7eb3fd55aa8,411b7f41660c59037eddd7ef8b629fd604384ba5a43ee8cecdb22085e15fa00a,1177,32,15745,15745,0,,3,2,B3_DeepSets,refit,f50320b3bad3cd82a6437b87212ae725311fc5d2510c51af2e1a3c5f9b542ec7,0db9b861794797b8e2e47f9cbd17da121829c3abc2e8cb172f1133a4b71a521f,d30081291a45340f975ac4162219ebd8af9f180b30fac59289a0bb371a2ae5f9,True
/home/yyf/runtime_artifacts/safeconf_research_20261001/publicset_execution_v1/risk_followup_v1/nested/outer3/inner3/B2_Pointwise/seed20260930/early,20260930,False,19,8.888206308940426,866,276,3f7516d2b36df071e789371e5cb56010f72ec98ee6638ecba80fde5f31c88c99,a0468a5c106aa5da8931f2cfdb208e2cdbba9f62f88a73bc6a89111ce31d4e2a,945,32,15745,11649,0,True,3,3,B2_Pointwise,early,373130f7532046392dc9addb42cac1311bbf5369ab225b150de91e62a780ba69,13d74dead335129044353fd9bbfb72251489f53088732a697b1c436957460e06,,
/home/yyf/runtime_artifacts/safeconf_research_20261001/publicset_execution_v1/risk_followup_v1/nested/outer3/inner3/B2_Pointwise/seed20260930/refit,20260930,False,19,7.203759280964732,1090,345,0375325dc5b961b19ee92fa04d7fceb6db0a0665fefb38bcc0fa4d48fda6ddcf,6c87664b0803d0dc4b1d5c900c017b2ba0cc2b2f9a476a51e932b6ecda07db8d,1184,32,15745,11649,1,,3,3,B2_Pointwise,refit,6dae852af9e4f9650790dc414ed6f6602bbb483c92c458905ed06274714c2720,fad404387072892d4fc41919e50435ee1819a20df3f94143ba3b2c5e3ca546af,181aa548e961ca2a6ba2d2b42927be08d999294719a953205dea64663e597a97,True
/home/yyf/runtime_artifacts/safeconf_research_20261001/publicset_execution_v1/risk_followup_v1/nested/outer3/inner3/B2_Pointwise/seed20261001/early,20261001,False,13,7.209361493121833,866,276,3f7516d2b36df071e789371e5cb56010f72ec98ee6638ecba80fde5f31c88c99,a0468a5c106aa5da8931f2cfdb208e2cdbba9f62f88a73bc6a89111ce31d4e2a,945,32,15745,11649,0,True,3,3,B2_Pointwise,early,373130f7532046392dc9addb42cac1311bbf5369ab225b150de91e62a780ba69,f1d66a39bbbf2e4e7f497657989306c1973f0a383b998e266f7716ddc7dc0010,,
/home/yyf/runtime_artifacts/safeconf_research_20261001/publicset_execution_v1/risk_followup_v1/nested/outer3/inner3/B2_Pointwise/seed20261001/refit,20261001,False,13,5.037233087932691,1090,345,0375325dc5b961b19ee92fa04d7fceb6db0a0665fefb38bcc0fa4d48fda6ddcf,6c87664b0803d0dc4b1d5c900c017b2ba0cc2b2f9a476a51e932b6ecda07db8d,1184,32,15745,11649,0,,3,3,B2_Pointwise,refit,6dae852af9e4f9650790dc414ed6f6602bbb483c92c458905ed06274714c2720,119f7036c4c9b955c3926dda61220f1f82d71626d59cbfefb279ed3be174e235,181aa548e961ca2a6ba2d2b42927be08d999294719a953205dea64663e597a97,True
/home/yyf/runtime_artifacts/safeconf_research_20261001/publicset_execution_v1/risk_followup_v1/nested/outer3/inner3/B2_Pointwise/seed20261002/early,20261002,False,8,6.173802538076416,866,276,3f7516d2b36df071e789371e5cb56010f72ec98ee6638ecba80fde5f31c88c99,a0468a5c106aa5da8931f2cfdb208e2cdbba9f62f88a73bc6a89111ce31d4e2a,945,32,15745,11649,0,True,3,3,B2_Pointwise,early,373130f7532046392dc9addb42cac1311bbf5369ab225b150de91e62a780ba69,b7726c91ef7322b01e318820597a01511d24e2c8205fe2283334c6f1ff0cfd00,,
/home/yyf/runtime_artifacts/safeconf_research_20261001/publicset_execution_v1/risk_followup_v1/nested/outer3/inner3/B2_Pointwise/seed20261002/refit,20261002,False,8,3.368319887900725,1090,345,0375325dc5b961b19ee92fa04d7fceb6db0a0665fefb38bcc0fa4d48fda6ddcf,6c87664b0803d0dc4b1d5c900c017b2ba0cc2b2f9a476a51e932b6ecda07db8d,1184,32,15745,11649,0,,3,3,B2_Pointwise,refit,6dae852af9e4f9650790dc414ed6f6602bbb483c92c458905ed06274714c2720,11fda39764bfe4b9464a2603e36fe9156aa15646d4dc421075f056dd227636a2,181aa548e961ca2a6ba2d2b42927be08d999294719a953205dea64663e597a97,True
/home/yyf/runtime_artifacts/safeconf_research_20261001/publicset_execution_v1/risk_followup_v1/nested/outer3/inner3/B3_DeepSets/seed20260930/early,20260930,True,16,8.154418075922877,866,276,3f7516d2b36df071e789371e5cb56010f72ec98ee6638ecba80fde5f31c88c99,a0468a5c106aa5da8931f2cfdb208e2cdbba9f62f88a73bc6a89111ce31d4e2a,945,32,15745,15745,0,True,3,3,B3_DeepSets,early,373130f7532046392dc9addb42cac1311bbf5369ab225b150de91e62a780ba69,6e2efe912272b4c3e537da72441c0fa6f692de53c359bccf4d290a2e90dbbd94,,
/home/yyf/runtime_artifacts/safeconf_research_20261001/publicset_execution_v1/risk_followup_v1/nested/outer3/inner3/B3_DeepSets/seed20260930/refit,20260930,True,16,6.29894935595803,1090,345,0375325dc5b961b19ee92fa04d7fceb6db0a0665fefb38bcc0fa4d48fda6ddcf,6c87664b0803d0dc4b1d5c900c017b2ba0cc2b2f9a476a51e932b6ecda07db8d,1184,32,15745,15745,1,,3,3,B3_DeepSets,refit,6dae852af9e4f9650790dc414ed6f6602bbb483c92c458905ed06274714c2720,0d6e4fee9352736945a1347d3e4f9579225788bd2337dadf65addab2d33aec09,181aa548e961ca2a6ba2d2b42927be08d999294719a953205dea64663e597a97,True
/home/yyf/runtime_artifacts/safeconf_research_20261001/publicset_execution_v1/risk_followup_v1/nested/outer3/inner3/B3_DeepSets/seed20261001/early,20261001,True,23,10.6348612960428,866,276,3f7516d2b36df071e789371e5cb56010f72ec98ee6638ecba80fde5f31c88c99,a0468a5c106aa5da8931f2cfdb208e2cdbba9f62f88a73bc6a89111ce31d4e2a,945,32,15745,15745,0,True,3,3,B3_DeepSets,early,373130f7532046392dc9addb42cac1311bbf5369ab225b150de91e62a780ba69,efe0d6715e7cf97cef3243d0c02794e9975e2f767612c87285ed7b6cdd91161d,,
/home/yyf/runtime_artifacts/safeconf_research_20261001/publicset_execution_v1/risk_followup_v1/nested/outer3/inner3/B3_DeepSets/seed20261001/refit,20261001,True,23,9.023531635990366,1090,345,0375325dc5b961b19ee92fa04d7fceb6db0a0665fefb38bcc0fa4d48fda6ddcf,6c87664b0803d0dc4b1d5c900c017b2ba0cc2b2f9a476a51e932b6ecda07db8d,1184,32,15745,15745,0,,3,3,B3_DeepSets,refit,6dae852af9e4f9650790dc414ed6f6602bbb483c92c458905ed06274714c2720,45285065123395c0da5026c61379288db80cc26a03a1268c39610cc832e7aafe,181aa548e961ca2a6ba2d2b42927be08d999294719a953205dea64663e597a97,True
/home/yyf/runtime_artifacts/safeconf_research_20261001/publicset_execution_v1/risk_followup_v1/nested/outer3/inner3/B3_DeepSets/seed20261002/early,20261002,True,14,7.787738517159596,866,276,3f7516d2b36df071e789371e5cb56010f72ec98ee6638ecba80fde5f31c88c99,a0468a5c106aa5da8931f2cfdb208e2cdbba9f62f88a73bc6a89111ce31d4e2a,945,32,15745,15745,0,True,3,3,B3_DeepSets,early,373130f7532046392dc9addb42cac1311bbf5369ab225b150de91e62a780ba69,7ecd4b08da88556f84d18f92a7f08ee17ae2620718a1e4afc16ee844d5c52505,,
/home/yyf/runtime_artifacts/safeconf_research_20261001/publicset_execution_v1/risk_followup_v1/nested/outer3/inner3/B3_DeepSets/seed20261002/refit,20261002,True,14,5.514405771158636,1090,345,0375325dc5b961b19ee92fa04d7fceb6db0a0665fefb38bcc0fa4d48fda6ddcf,6c87664b0803d0dc4b1d5c900c017b2ba0cc2b2f9a476a51e932b6ecda07db8d,1184,32,15745,15745,1,,3,3,B3_DeepSets,refit,6dae852af9e4f9650790dc414ed6f6602bbb483c92c458905ed06274714c2720,5265a9147dc8b25aee08af0234e24114a011d56adf2eec1031d52853e9e4af18,181aa548e961ca2a6ba2d2b42927be08d999294719a953205dea64663e597a97,True
/home/yyf/runtime_artifacts/safeconf_research_20261001/publicset_execution_v1/risk_followup_v1/nested/outer4/inner0/B2_Pointwise/seed20260930/early,20260930,False,14,7.2374039778951555,863,276,994e0a2c63377b5ea887a987c0be1ca702a7bceea595086e01048d4843c0c10b,a66541e98996b0a487a88e19a5c778ecdf1bfe3d101889d4cf726c4d88414ab2,940,32,15745,11649,0,True,4,0,B2_Pointwise,early,b1fdd39703d5e42a66c082835df5efef96f11809bfb0b0fe36f2733bfa8818db,f00d3022a40ab571fe2011b9520b377721ede89c86586986413f04b86fc15060,,
/home/yyf/runtime_artifacts/safeconf_research_20261001/publicset_execution_v1/risk_followup_v1/nested/outer4/inner0/B2_Pointwise/seed20260930/refit,20260930,False,14,5.2469727110583335,1074,345,c3baa5b5f0576b96362a257c81aea8c94e85d8cb720f10a6f7b39de3ab913f63,d98ba2906054b5480d61fa77744511edd09cca4147af432d5513edf904ae6765,1171,32,15745,11649,0,,4,0,B2_Pointwise,refit,ae2ee2e0303161e88b8e7c83a8335c1f6260049c3e9e4db70fb20616e6f234b1,afec8009a2b97a8891f3670da79f029c240e49f23f289b360133266f85a61925,0093b36fe43e0c2c63cdbc22f008ab6795fac4e72424389665c25c06d611f6d2,True
/home/yyf/runtime_artifacts/safeconf_research_20261001/publicset_execution_v1/risk_followup_v1/nested/outer4/inner0/B2_Pointwise/seed20261001/early,20261001,False,11,6.376977356150746,863,276,994e0a2c63377b5ea887a987c0be1ca702a7bceea595086e01048d4843c0c10b,a66541e98996b0a487a88e19a5c778ecdf1bfe3d101889d4cf726c4d88414ab2,940,32,15745,11649,0,True,4,0,B2_Pointwise,early,b1fdd39703d5e42a66c082835df5efef96f11809bfb0b0fe36f2733bfa8818db,3770ad247f4c2eab967cf5cc657195d41d0bd34bc94e37359afd5429c1082dbc,,
/home/yyf/runtime_artifacts/safeconf_research_20261001/publicset_execution_v1/risk_followup_v1/nested/outer4/inner0/B2_Pointwise/seed20261001/refit,20261001,False,11,4.174952839966863,1074,345,c3baa5b5f0576b96362a257c81aea8c94e85d8cb720f10a6f7b39de3ab913f63,d98ba2906054b5480d61fa77744511edd09cca4147af432d5513edf904ae6765,1171,32,15745,11649,0,,4,0,B2_Pointwise,refit,ae2ee2e0303161e88b8e7c83a8335c1f6260049c3e9e4db70fb20616e6f234b1,0106861aa6b4e427bca2c5f6a702ff5e0b89f6b90474fdc8507cda810b15ffd6,0093b36fe43e0c2c63cdbc22f008ab6795fac4e72424389665c25c06d611f6d2,True
/home/yyf/runtime_artifacts/safeconf_research_20261001/publicset_execution_v1/risk_followup_v1/nested/outer4/inner0/B2_Pointwise/seed20261002/early,20261002,False,9,6.27066116197966,863,276,994e0a2c63377b5ea887a987c0be1ca702a7bceea595086e01048d4843c0c10b,a66541e98996b0a487a88e19a5c778ecdf1bfe3d101889d4cf726c4d88414ab2,940,32,15745,11649,0,True,4,0,B2_Pointwise,early,b1fdd39703d5e42a66c082835df5efef96f11809bfb0b0fe36f2733bfa8818db,2591dddcc958f6e93a4201488a348bc25a8e454dee652298df4f988ec98843bb,,
/home/yyf/runtime_artifacts/safeconf_research_20261001/publicset_execution_v1/risk_followup_v1/nested/outer4/inner0/B2_Pointwise/seed20261002/refit,20261002,False,9,3.679457803023979,1074,345,c3baa5b5f0576b96362a257c81aea8c94e85d8cb720f10a6f7b39de3ab913f63,d98ba2906054b5480d61fa77744511edd09cca4147af432d5513edf904ae6765,1171,32,15745,11649,0,,4,0,B2_Pointwise,refit,ae2ee2e0303161e88b8e7c83a8335c1f6260049c3e9e4db70fb20616e6f234b1,a1f1dd27cab45a3295979b7ff96e3ec3afcf4f82f3d28d4f27f513cf773c5f14,0093b36fe43e0c2c63cdbc22f008ab6795fac4e72424389665c25c06d611f6d2,True
/home/yyf/runtime_artifacts/safeconf_research_20261001/publicset_execution_v1/risk_followup_v1/nested/outer4/inner0/B3_DeepSets/seed20260930/early,20260930,True,10,6.828887003008276,863,276,994e0a2c63377b5ea887a987c0be1ca702a7bceea595086e01048d4843c0c10b,a66541e98996b0a487a88e19a5c778ecdf1bfe3d101889d4cf726c4d88414ab2,940,32,15745,15745,0,True,4,0,B3_DeepSets,early,b1fdd39703d5e42a66c082835df5efef96f11809bfb0b0fe36f2733bfa8818db,a6e1785e5f7751741ee45d77492d5ff59ec8011626bec4c48186a9c1b645900a,,
/home/yyf/runtime_artifacts/safeconf_research_20261001/publicset_execution_v1/risk_followup_v1/nested/outer4/inner0/B3_DeepSets/seed20260930/refit,20260930,True,10,4.244348683161661,1074,345,c3baa5b5f0576b96362a257c81aea8c94e85d8cb720f10a6f7b39de3ab913f63,d98ba2906054b5480d61fa77744511edd09cca4147af432d5513edf904ae6765,1171,32,15745,15745,0,,4,0,B3_DeepSets,refit,ae2ee2e0303161e88b8e7c83a8335c1f6260049c3e9e4db70fb20616e6f234b1,6bfc7e57f9c938348a4e4bb7673c1c4454fdbc9c2926d6e0f1bb91de11e967aa,0093b36fe43e0c2c63cdbc22f008ab6795fac4e72424389665c25c06d611f6d2,True
/home/yyf/runtime_artifacts/safeconf_research_20261001/publicset_execution_v1/risk_followup_v1/nested/outer4/inner0/B3_DeepSets/seed20261001/early,20261001,True,8,5.653458019020036,863,276,994e0a2c63377b5ea887a987c0be1ca702a7bceea595086e01048d4843c0c10b,a66541e98996b0a487a88e19a5c778ecdf1bfe3d101889d4cf726c4d88414ab2,940,32,15745,15745,0,True,4,0,B3_DeepSets,early,b1fdd39703d5e42a66c082835df5efef96f11809bfb0b0fe36f2733bfa8818db,b8e8f2ee52aafbab408fc05b45cfa958ee2597eee304bb684aa0b38217c1c78e,,
/home/yyf/runtime_artifacts/safeconf_research_20261001/publicset_execution_v1/risk_followup_v1/nested/outer4/inner0/B3_DeepSets/seed20261001/refit,20261001,True,8,3.112504701130092,1074,345,c3baa5b5f0576b96362a257c81aea8c94e85d8cb720f10a6f7b39de3ab913f63,d98ba2906054b5480d61fa77744511edd09cca4147af432d5513edf904ae6765,1171,32,15745,15745,0,,4,0,B3_DeepSets,refit,ae2ee2e0303161e88b8e7c83a8335c1f6260049c3e9e4db70fb20616e6f234b1,af871060a119b51c2ed6df0df1a3cdb12def89be64dd6db37e19070adec47059,0093b36fe43e0c2c63cdbc22f008ab6795fac4e72424389665c25c06d611f6d2,True
/home/yyf/runtime_artifacts/safeconf_research_20261001/publicset_execution_v1/risk_followup_v1/nested/outer4/inner0/B3_DeepSets/seed20261002/early,20261002,True,12,7.567196798045188,863,276,994e0a2c63377b5ea887a987c0be1ca702a7bceea595086e01048d4843c0c10b,a66541e98996b0a487a88e19a5c778ecdf1bfe3d101889d4cf726c4d88414ab2,940,32,15745,15745,0,True,4,0,B3_DeepSets,early,b1fdd39703d5e42a66c082835df5efef96f11809bfb0b0fe36f2733bfa8818db,7374ac57ed4d79b4c5dc6334c02d8999edf961cb7011e0ce87bc84779d122968,,
/home/yyf/runtime_artifacts/safeconf_research_20261001/publicset_execution_v1/risk_followup_v1/nested/outer4/inner0/B3_DeepSets/seed20261002/refit,20261002,True,12,5.057833485072479,1074,345,c3baa5b5f0576b96362a257c81aea8c94e85d8cb720f10a6f7b39de3ab913f63,d98ba2906054b5480d61fa77744511edd09cca4147af432d5513edf904ae6765,1171,32,15745,15745,0,,4,0,B3_DeepSets,refit,ae2ee2e0303161e88b8e7c83a8335c1f6260049c3e9e4db70fb20616e6f234b1,7e3ad7bbc5bdb5ed7105acfb402985bf9eefdd74665c0ff317a5d7ea2e73bb2e,0093b36fe43e0c2c63cdbc22f008ab6795fac4e72424389665c25c06d611f6d2,True
/home/yyf/runtime_artifacts/safeconf_research_20261001/publicset_execution_v1/risk_followup_v1/nested/outer4/inner1/B2_Pointwise/seed20260930/early,20260930,False,19,9.552904069889337,859,276,535281ad6137a848b907054b081de5676fa5660c45e195da7e6b9bc16ee8ac46,ca363af4b48c395bb60443799d9a4e79fe7ace937f3b56c1872a5f0f19b2a7af,936,32,15745,11649,0,True,4,1,B2_Pointwise,early,af781fe4d18fae950e722a9c5467034b3375e269998c7dcdc269d7923a032467,43d0d576962b4927cb18fa8e15ad1902155610503e2e750da2af9b8c3612a09e,,
/home/yyf/runtime_artifacts/safeconf_research_20261001/publicset_execution_v1/risk_followup_v1/nested/outer4/inner1/B2_Pointwise/seed20260930/refit,20260930,False,19,7.545266018947586,1086,345,f4e07877f5f486a8a760bc044bc9241993979f4762d79f25706984cc447e6169,ccb1e614287c1fb700326651fc2a16cf3927fe321b18e833b231600f60597315,1177,32,15745,11649,0,,4,1,B2_Pointwise,refit,dcd4a89157911b52771bf0bf68408db03e8b4c408ce518af26685c3b75dd24b0,039d1910eeb8acf3ee82710902094e2156b8e302823e5c2b3ac04f1c7f4d42e8,231e9c173fe60db62e8ebc222d03e14e0806d358e6a7b072d0336f119b8bb8f3,True
/home/yyf/runtime_artifacts/safeconf_research_20261001/publicset_execution_v1/risk_followup_v1/nested/outer4/inner1/B2_Pointwise/seed20261001/early,20261001,False,8,5.557281655957922,859,276,535281ad6137a848b907054b081de5676fa5660c45e195da7e6b9bc16ee8ac46,ca363af4b48c395bb60443799d9a4e79fe7ace937f3b56c1872a5f0f19b2a7af,936,32,15745,11649,0,True,4,1,B2_Pointwise,early,af781fe4d18fae950e722a9c5467034b3375e269998c7dcdc269d7923a032467,c172cce4e711499f194a93911b1f853a0c887cb0e390fc69ecdde3c88c7f1a6e,,
/home/yyf/runtime_artifacts/safeconf_research_20261001/publicset_execution_v1/risk_followup_v1/nested/outer4/inner1/B2_Pointwise/seed20261001/refit,20261001,False,8,3.2904709428548813,1086,345,f4e07877f5f486a8a760bc044bc9241993979f4762d79f25706984cc447e6169,ccb1e614287c1fb700326651fc2a16cf3927fe321b18e833b231600f60597315,1177,32,15745,11649,0,,4,1,B2_Pointwise,refit,dcd4a89157911b52771bf0bf68408db03e8b4c408ce518af26685c3b75dd24b0,0c6d1f7080fb0b41efd71bf700029d84a8b076b1532aa6a31afb681741a69116,231e9c173fe60db62e8ebc222d03e14e0806d358e6a7b072d0336f119b8bb8f3,True
/home/yyf/runtime_artifacts/safeconf_research_20261001/publicset_execution_v1/risk_followup_v1/nested/outer4/inner1/B2_Pointwise/seed20261002/early,20261002,False,13,7.592197839869186,859,276,535281ad6137a848b907054b081de5676fa5660c45e195da7e6b9bc16ee8ac46,ca363af4b48c395bb60443799d9a4e79fe7ace937f3b56c1872a5f0f19b2a7af,936,32,15745,11649,0,True,4,1,B2_Pointwise,early,af781fe4d18fae950e722a9c5467034b3375e269998c7dcdc269d7923a032467,11433d204cf3adb8f7bae5e43fb18f69a452a06763a91d6ae079ab53abc0171e,,
/home/yyf/runtime_artifacts/safeconf_research_20261001/publicset_execution_v1/risk_followup_v1/nested/outer4/inner1/B2_Pointwise/seed20261002/refit,20261002,False,13,5.25742645515129,1086,345,f4e07877f5f486a8a760bc044bc9241993979f4762d79f25706984cc447e6169,ccb1e614287c1fb700326651fc2a16cf3927fe321b18e833b231600f60597315,1177,32,15745,11649,0,,4,1,B2_Pointwise,refit,dcd4a89157911b52771bf0bf68408db03e8b4c408ce518af26685c3b75dd24b0,fdab55682bc9009b56a224f94e73f5308c58482ad188d4db5bd77890ccd63891,231e9c173fe60db62e8ebc222d03e14e0806d358e6a7b072d0336f119b8bb8f3,True
/home/yyf/runtime_artifacts/safeconf_research_20261001/publicset_execution_v1/risk_followup_v1/nested/outer4/inner1/B3_DeepSets/seed20260930/early,20260930,True,11,6.90304404287599,859,276,535281ad6137a848b907054b081de5676fa5660c45e195da7e6b9bc16ee8ac46,ca363af4b48c395bb60443799d9a4e79fe7ace937f3b56c1872a5f0f19b2a7af,936,32,15745,15745,0,True,4,1,B3_DeepSets,early,af781fe4d18fae950e722a9c5467034b3375e269998c7dcdc269d7923a032467,f34bd76e75c89b2acce127bd06f134dd29b8f6543163a4c3eaf2374fff532c9e,,
/home/yyf/runtime_artifacts/safeconf_research_20261001/publicset_execution_v1/risk_followup_v1/nested/outer4/inner1/B3_DeepSets/seed20260930/refit,20260930,True,11,4.600226687034592,1086,345,f4e07877f5f486a8a760bc044bc9241993979f4762d79f25706984cc447e6169,ccb1e614287c1fb700326651fc2a16cf3927fe321b18e833b231600f60597315,1177,32,15745,15745,0,,4,1,B3_DeepSets,refit,dcd4a89157911b52771bf0bf68408db03e8b4c408ce518af26685c3b75dd24b0,b179109690fece149e3fd9ab1d5af00892c08c8585e5798222fd73813d47afb0,231e9c173fe60db62e8ebc222d03e14e0806d358e6a7b072d0336f119b8bb8f3,True
/home/yyf/runtime_artifacts/safeconf_research_20261001/publicset_execution_v1/risk_followup_v1/nested/outer4/inner1/B3_DeepSets/seed20261001/early,20261001,True,8,6.221424710005522,859,276,535281ad6137a848b907054b081de5676fa5660c45e195da7e6b9bc16ee8ac46,ca363af4b48c395bb60443799d9a4e79fe7ace937f3b56c1872a5f0f19b2a7af,936,32,15745,15745,0,True,4,1,B3_DeepSets,early,af781fe4d18fae950e722a9c5467034b3375e269998c7dcdc269d7923a032467,653516c9007fab8fe25bc81942365e8a0c3f373c81dbc393046474858e892a3d,,
/home/yyf/runtime_artifacts/safeconf_research_20261001/publicset_execution_v1/risk_followup_v1/nested/outer4/inner1/B3_DeepSets/seed20261001/refit,20261001,True,8,3.4144114018417895,1086,345,f4e07877f5f486a8a760bc044bc9241993979f4762d79f25706984cc447e6169,ccb1e614287c1fb700326651fc2a16cf3927fe321b18e833b231600f60597315,1177,32,15745,15745,0,,4,1,B3_DeepSets,refit,dcd4a89157911b52771bf0bf68408db03e8b4c408ce518af26685c3b75dd24b0,c771bd3fb17f2e3c608d07acc26649430b49a7ca5b78d8487fbec9c688a119d5,231e9c173fe60db62e8ebc222d03e14e0806d358e6a7b072d0336f119b8bb8f3,True
/home/yyf/runtime_artifacts/safeconf_research_20261001/publicset_execution_v1/risk_followup_v1/nested/outer4/inner1/B3_DeepSets/seed20261002/early,20261002,True,13,7.680330097908154,859,276,535281ad6137a848b907054b081de5676fa5660c45e195da7e6b9bc16ee8ac46,ca363af4b48c395bb60443799d9a4e79fe7ace937f3b56c1872a5f0f19b2a7af,936,32,15745,15745,0,True,4,1,B3_DeepSets,early,af781fe4d18fae950e722a9c5467034b3375e269998c7dcdc269d7923a032467,d7f3db03616c60d801c6caafb67ea84cf5d864bf6e0b15e6d34c4c73309ac1cd,,
/home/yyf/runtime_artifacts/safeconf_research_20261001/publicset_execution_v1/risk_followup_v1/nested/outer4/inner1/B3_DeepSets/seed20261002/refit,20261002,True,13,5.466109747998416,1086,345,f4e07877f5f486a8a760bc044bc9241993979f4762d79f25706984cc447e6169,ccb1e614287c1fb700326651fc2a16cf3927fe321b18e833b231600f60597315,1177,32,15745,15745,0,,4,1,B3_DeepSets,refit,dcd4a89157911b52771bf0bf68408db03e8b4c408ce518af26685c3b75dd24b0,d23c308827dec7e456b3b90dc3381cb1cc1c5c49decdddc584d7df4bc9d7a175,231e9c173fe60db62e8ebc222d03e14e0806d358e6a7b072d0336f119b8bb8f3,True
/home/yyf/runtime_artifacts/safeconf_research_20261001/publicset_execution_v1/risk_followup_v1/nested/outer4/inner2/B2_Pointwise/seed20260930/early,20260930,False,25,11.107590675121173,870,276,f3445af112a7c2013f2a3449e113f6c6cd95ac9f1cc17e5119b2d49d50dd6326,ad5e53f121a6db2322b2392a05627acdd249cb63bd6de8dcf28ec026ae16edbe,946,32,15745,11649,0,True,4,2,B2_Pointwise,early,3ad27f4c7c091096c208095c2e5f6e5da2f86775a290261cd7fc6ba8941e4059,bc8f60b38d8ac91dec9001e160be16ed1a92e9200d2825dc1159fbe88d65d83b,,
/home/yyf/runtime_artifacts/safeconf_research_20261001/publicset_execution_v1/risk_followup_v1/nested/outer4/inner2/B2_Pointwise/seed20260930/refit,20260930,False,25,9.950117938918993,1090,345,cdeb00691ec9f0952fd58530966271764912e86fb7d4ec00a8a70af2f93f1948,1d36871247adee319727e6e652853f61583eaa8e5e9bd6167b428c80c013bc20,1185,32,15745,11649,0,,4,2,B2_Pointwise,refit,58174daa7a1d01c7481abb24826914b6a56343487fc7ace1e58a5b1898c8cfaf,08c599472b73560fe469488e5c1c1e92f34539ba36bc52480b37173bb0351541,487ff99206c241a64c29749715d12012d2c63305bbaa96fa165f0429dbd316cb,True
/home/yyf/runtime_artifacts/safeconf_research_20261001/publicset_execution_v1/risk_followup_v1/nested/outer4/inner2/B2_Pointwise/seed20261001/early,20261001,False,21,10.534397196024656,870,276,f3445af112a7c2013f2a3449e113f6c6cd95ac9f1cc17e5119b2d49d50dd6326,ad5e53f121a6db2322b2392a05627acdd249cb63bd6de8dcf28ec026ae16edbe,946,32,15745,11649,0,True,4,2,B2_Pointwise,early,3ad27f4c7c091096c208095c2e5f6e5da2f86775a290261cd7fc6ba8941e4059,463ff0352c7be9125da52fd275b1ee09a9bea59cacafb500d07e6200c5ba3e82,,
/home/yyf/runtime_artifacts/safeconf_research_20261001/publicset_execution_v1/risk_followup_v1/nested/outer4/inner2/B2_Pointwise/seed20261001/refit,20261001,False,21,8.645272927125916,1090,345,cdeb00691ec9f0952fd58530966271764912e86fb7d4ec00a8a70af2f93f1948,1d36871247adee319727e6e652853f61583eaa8e5e9bd6167b428c80c013bc20,1185,32,15745,11649,0,,4,2,B2_Pointwise,refit,58174daa7a1d01c7481abb24826914b6a56343487fc7ace1e58a5b1898c8cfaf,1f748e0f0826cb87cb85401f787e672f09249b36b490db918635bdbf34746a6d,487ff99206c241a64c29749715d12012d2c63305bbaa96fa165f0429dbd316cb,True
/home/yyf/runtime_artifacts/safeconf_research_20261001/publicset_execution_v1/risk_followup_v1/nested/outer4/inner2/B2_Pointwise/seed20261002/early,20261002,False,17,8.705099766841158,870,276,f3445af112a7c2013f2a3449e113f6c6cd95ac9f1cc17e5119b2d49d50dd6326,ad5e53f121a6db2322b2392a05627acdd249cb63bd6de8dcf28ec026ae16edbe,946,32,15745,11649,0,True,4,2,B2_Pointwise,early,3ad27f4c7c091096c208095c2e5f6e5da2f86775a290261cd7fc6ba8941e4059,07cbc8e4eaf55017ab9cbb19030da05a1a732d52aca1bade5e9636a9be669a89,,
/home/yyf/runtime_artifacts/safeconf_research_20261001/publicset_execution_v1/risk_followup_v1/nested/outer4/inner2/B2_Pointwise/seed20261002/refit,20261002,False,17,6.553563469089568,1090,345,cdeb00691ec9f0952fd58530966271764912e86fb7d4ec00a8a70af2f93f1948,1d36871247adee319727e6e652853f61583eaa8e5e9bd6167b428c80c013bc20,1185,32,15745,11649,0,,4,2,B2_Pointwise,refit,58174daa7a1d01c7481abb24826914b6a56343487fc7ace1e58a5b1898c8cfaf,61dcfb7be00e04e66ca79bb6e5f5055d39dd33dc6c38e3c5641c1387d8161bde,487ff99206c241a64c29749715d12012d2c63305bbaa96fa165f0429dbd316cb,True
/home/yyf/runtime_artifacts/safeconf_research_20261001/publicset_execution_v1/risk_followup_v1/nested/outer4/inner2/B3_DeepSets/seed20260930/early,20260930,True,22,11.372273485874757,870,276,f3445af112a7c2013f2a3449e113f6c6cd95ac9f1cc17e5119b2d49d50dd6326,ad5e53f121a6db2322b2392a05627acdd249cb63bd6de8dcf28ec026ae16edbe,946,32,15745,15745,0,True,4,2,B3_DeepSets,early,3ad27f4c7c091096c208095c2e5f6e5da2f86775a290261cd7fc6ba8941e4059,5647dd129ca27513d86fcc85b77cb8bc623b471452504fbc1e42e9e91a831696,,
/home/yyf/runtime_artifacts/safeconf_research_20261001/publicset_execution_v1/risk_followup_v1/nested/outer4/inner2/B3_DeepSets/seed20260930/refit,20260930,True,22,9.46280276007019,1090,345,cdeb00691ec9f0952fd58530966271764912e86fb7d4ec00a8a70af2f93f1948,1d36871247adee319727e6e652853f61583eaa8e5e9bd6167b428c80c013bc20,1185,32,15745,15745,0,,4,2,B3_DeepSets,refit,58174daa7a1d01c7481abb24826914b6a56343487fc7ace1e58a5b1898c8cfaf,a3b9174d798401aac2f482e66097462dda461b45e74d82604ee67ef1a3cba638,487ff99206c241a64c29749715d12012d2c63305bbaa96fa165f0429dbd316cb,True
/home/yyf/runtime_artifacts/safeconf_research_20261001/publicset_execution_v1/risk_followup_v1/nested/outer4/inner2/B3_DeepSets/seed20261001/early,20261001,True,15,8.88383177598007,870,276,f3445af112a7c2013f2a3449e113f6c6cd95ac9f1cc17e5119b2d49d50dd6326,ad5e53f121a6db2322b2392a05627acdd249cb63bd6de8dcf28ec026ae16edbe,946,32,15745,15745,0,True,4,2,B3_DeepSets,early,3ad27f4c7c091096c208095c2e5f6e5da2f86775a290261cd7fc6ba8941e4059,069afa33e3cb1c0660df36a10e36e465b7a27d04110e79720e4a18f780fa4f98,,
/home/yyf/runtime_artifacts/safeconf_research_20261001/publicset_execution_v1/risk_followup_v1/nested/outer4/inner2/B3_DeepSets/seed20261001/refit,20261001,True,15,6.467580436030403,1090,345,cdeb00691ec9f0952fd58530966271764912e86fb7d4ec00a8a70af2f93f1948,1d36871247adee319727e6e652853f61583eaa8e5e9bd6167b428c80c013bc20,1185,32,15745,15745,0,,4,2,B3_DeepSets,refit,58174daa7a1d01c7481abb24826914b6a56343487fc7ace1e58a5b1898c8cfaf,f6f3832821c16aff16d445436f0c1c9ec0f9214cca180529301368c997eeb022,487ff99206c241a64c29749715d12012d2c63305bbaa96fa165f0429dbd316cb,True
/home/yyf/runtime_artifacts/safeconf_research_20261001/publicset_execution_v1/risk_followup_v1/nested/outer4/inner2/B3_DeepSets/seed20261002/early,20261002,True,20,9.721098680980504,870,276,f3445af112a7c2013f2a3449e113f6c6cd95ac9f1cc17e5119b2d49d50dd6326,ad5e53f121a6db2322b2392a05627acdd249cb63bd6de8dcf28ec026ae16edbe,946,32,15745,15745,0,True,4,2,B3_DeepSets,early,3ad27f4c7c091096c208095c2e5f6e5da2f86775a290261cd7fc6ba8941e4059,ad3b9bf4c850b73b8ac20ec58d05cb15b92366f39fb67825023ce47208bffb80,,
/home/yyf/runtime_artifacts/safeconf_research_20261001/publicset_execution_v1/risk_followup_v1/nested/outer4/inner2/B3_DeepSets/seed20261002/refit,20261002,True,20,8.59388009691611,1090,345,cdeb00691ec9f0952fd58530966271764912e86fb7d4ec00a8a70af2f93f1948,1d36871247adee319727e6e652853f61583eaa8e5e9bd6167b428c80c013bc20,1185,32,15745,15745,0,,4,2,B3_DeepSets,refit,58174daa7a1d01c7481abb24826914b6a56343487fc7ace1e58a5b1898c8cfaf,3a3c8c37797168d2162c0f9a50f66f69b9d6e62188f03f2927c527cf02b45636,487ff99206c241a64c29749715d12012d2c63305bbaa96fa165f0429dbd316cb,True
/home/yyf/runtime_artifacts/safeconf_research_20261001/publicset_execution_v1/risk_followup_v1/nested/outer4/inner3/B2_Pointwise/seed20260930/early,20260930,False,14,8.17885393393226,877,276,d383b009d8b2d9749f7c655df70f8c7eb6cfc91ceb3e741d381133ce46959722,1be22b486b26787780c9bf2dfe7267db2d0b3a10db2eab91853c7df10cd54ad0,954,32,15745,11649,0,True,4,3,B2_Pointwise,early,d25e3ac1dce9fc907b25f3f3865dddb239388ce3a104232355da864a38eae158,9c00e2b5504c0b966228b009d5c5b57369d3508c2298ac667db0f4a5d550160e,,
/home/yyf/runtime_artifacts/safeconf_research_20261001/publicset_execution_v1/risk_followup_v1/nested/outer4/inner3/B2_Pointwise/seed20260930/refit,20260930,False,14,5.821090383920819,1091,345,868f39846719e51370b3e2840b2695647841a21c505a57dec4e86dee7947e3ac,ff9c5ef375b3e61f4509adc2561921bdfce7d5756b0450b5eb1a29f46f34c6ca,1186,32,15745,11649,0,,4,3,B2_Pointwise,refit,5c2816c7a19f0d253821df69558b7be6f7cedee51d0c61cd068b6e87d69b1a94,519a179d4cb9f3fa9f8823d759fc6daee135ea7ff8f16b3bb9fb3105a42e956f,0d8eabfcd6a593823c188b58135dfcdfd0643694ba912612739745c9547374bf,True
/home/yyf/runtime_artifacts/safeconf_research_20261001/publicset_execution_v1/risk_followup_v1/nested/outer4/inner3/B2_Pointwise/seed20261001/early,20261001,False,19,9.875664834864438,877,276,d383b009d8b2d9749f7c655df70f8c7eb6cfc91ceb3e741d381133ce46959722,1be22b486b26787780c9bf2dfe7267db2d0b3a10db2eab91853c7df10cd54ad0,954,32,15745,11649,0,True,4,3,B2_Pointwise,early,d25e3ac1dce9fc907b25f3f3865dddb239388ce3a104232355da864a38eae158,63384234897ddcab0922b0d0556d6fafaebd4590862fe47433ec6d57f3da2fc0,,
/home/yyf/runtime_artifacts/safeconf_research_20261001/publicset_execution_v1/risk_followup_v1/nested/outer4/inner3/B2_Pointwise/seed20261001/refit,20261001,False,19,7.8390330818947405,1091,345,868f39846719e51370b3e2840b2695647841a21c505a57dec4e86dee7947e3ac,ff9c5ef375b3e61f4509adc2561921bdfce7d5756b0450b5eb1a29f46f34c6ca,1186,32,15745,11649,0,,4,3,B2_Pointwise,refit,5c2816c7a19f0d253821df69558b7be6f7cedee51d0c61cd068b6e87d69b1a94,41ec9b843b798b26398b48e0a8ca258551b9cfa62885678890669fc6c52cd04d,0d8eabfcd6a593823c188b58135dfcdfd0643694ba912612739745c9547374bf,True
/home/yyf/runtime_artifacts/safeconf_research_20261001/publicset_execution_v1/risk_followup_v1/nested/outer4/inner3/B2_Pointwise/seed20261002/early,20261002,False,18,8.720944011816755,877,276,d383b009d8b2d9749f7c655df70f8c7eb6cfc91ceb3e741d381133ce46959722,1be22b486b26787780c9bf2dfe7267db2d0b3a10db2eab91853c7df10cd54ad0,954,32,15745,11649,0,True,4,3,B2_Pointwise,early,d25e3ac1dce9fc907b25f3f3865dddb239388ce3a104232355da864a38eae158,96e8f2fd32cc0cce652f04755a4be1e8b328dde53fda175ecbc9efa75366c48f,,
/home/yyf/runtime_artifacts/safeconf_research_20261001/publicset_execution_v1/risk_followup_v1/nested/outer4/inner3/B2_Pointwise/seed20261002/refit,20261002,False,18,7.07877905620262,1091,345,868f39846719e51370b3e2840b2695647841a21c505a57dec4e86dee7947e3ac,ff9c5ef375b3e61f4509adc2561921bdfce7d5756b0450b5eb1a29f46f34c6ca,1186,32,15745,11649,0,,4,3,B2_Pointwise,refit,5c2816c7a19f0d253821df69558b7be6f7cedee51d0c61cd068b6e87d69b1a94,c36087a5bc7db139bb2a34b06a0eb5ffe07eb0de84236ad2f7ceb6a42af946a5,0d8eabfcd6a593823c188b58135dfcdfd0643694ba912612739745c9547374bf,True
/home/yyf/runtime_artifacts/safeconf_research_20261001/publicset_execution_v1/risk_followup_v1/nested/outer4/inner3/B3_DeepSets/seed20260930/early,20260930,True,14,8.34737700293772,877,276,d383b009d8b2d9749f7c655df70f8c7eb6cfc91ceb3e741d381133ce46959722,1be22b486b26787780c9bf2dfe7267db2d0b3a10db2eab91853c7df10cd54ad0,954,32,15745,15745,0,True,4,3,B3_DeepSets,early,d25e3ac1dce9fc907b25f3f3865dddb239388ce3a104232355da864a38eae158,1cd867abed8ca8fe260c749c5c565bf33a75efaaa83fe6ed18674280f32eb75f,,
/home/yyf/runtime_artifacts/safeconf_research_20261001/publicset_execution_v1/risk_followup_v1/nested/outer4/inner3/B3_DeepSets/seed20260930/refit,20260930,True,14,5.539382565999404,1091,345,868f39846719e51370b3e2840b2695647841a21c505a57dec4e86dee7947e3ac,ff9c5ef375b3e61f4509adc2561921bdfce7d5756b0450b5eb1a29f46f34c6ca,1186,32,15745,15745,0,,4,3,B3_DeepSets,refit,5c2816c7a19f0d253821df69558b7be6f7cedee51d0c61cd068b6e87d69b1a94,9152233daa68cc69982240ae8f8b39dd7782c9b92946c5c17cf798c6e320328c,0d8eabfcd6a593823c188b58135dfcdfd0643694ba912612739745c9547374bf,True
/home/yyf/runtime_artifacts/safeconf_research_20261001/publicset_execution_v1/risk_followup_v1/nested/outer4/inner3/B3_DeepSets/seed20261001/early,20261001,True,17,9.580543637974188,877,276,d383b009d8b2d9749f7c655df70f8c7eb6cfc91ceb3e741d381133ce46959722,1be22b486b26787780c9bf2dfe7267db2d0b3a10db2eab91853c7df10cd54ad0,954,32,15745,15745,0,True,4,3,B3_DeepSets,early,d25e3ac1dce9fc907b25f3f3865dddb239388ce3a104232355da864a38eae158,8ff3603cbbbd04eaf34bff8b3c16a79ce286c341f35c55e5549205b687bcf436,,
/home/yyf/runtime_artifacts/safeconf_research_20261001/publicset_execution_v1/risk_followup_v1/nested/outer4/inner3/B3_DeepSets/seed20261001/refit,20261001,True,17,7.321920073125511,1091,345,868f39846719e51370b3e2840b2695647841a21c505a57dec4e86dee7947e3ac,ff9c5ef375b3e61f4509adc2561921bdfce7d5756b0450b5eb1a29f46f34c6ca,1186,32,15745,15745,0,,4,3,B3_DeepSets,refit,5c2816c7a19f0d253821df69558b7be6f7cedee51d0c61cd068b6e87d69b1a94,f8dbd49b1228c033de12c6625e0276f8c4e408750befbf2ba92ce340e2f21258,0d8eabfcd6a593823c188b58135dfcdfd0643694ba912612739745c9547374bf,True
/home/yyf/runtime_artifacts/safeconf_research_20261001/publicset_execution_v1/risk_followup_v1/nested/outer4/inner3/B3_DeepSets/seed20261002/early,20261002,True,20,10.127930529881269,877,276,d383b009d8b2d9749f7c655df70f8c7eb6cfc91ceb3e741d381133ce46959722,1be22b486b26787780c9bf2dfe7267db2d0b3a10db2eab91853c7df10cd54ad0,954,32,15745,15745,0,True,4,3,B3_DeepSets,early,d25e3ac1dce9fc907b25f3f3865dddb239388ce3a104232355da864a38eae158,fda1614d7774f797e4abf1c929fd2387b81976791b23db84c8231e020c8c2929,,
/home/yyf/runtime_artifacts/safeconf_research_20261001/publicset_execution_v1/risk_followup_v1/nested/outer4/inner3/B3_DeepSets/seed20261002/refit,20261002,True,20,8.52938257693313,1091,345,868f39846719e51370b3e2840b2695647841a21c505a57dec4e86dee7947e3ac,ff9c5ef375b3e61f4509adc2561921bdfce7d5756b0450b5eb1a29f46f34c6ca,1186,32,15745,15745,0,,4,3,B3_DeepSets,refit,5c2816c7a19f0d253821df69558b7be6f7cedee51d0c61cd068b6e87d69b1a94,f164d521dceda9639aab2f51177e8ded195f7fe754f82eb7d3c76806749c4b49,0d8eabfcd6a593823c188b58135dfcdfd0643694ba912612739745c9547374bf,True
