scope,readout,candidate,comparator,metric,candidate_value,comparator_value,delta,ci95_lower,ci95_upper,bootstrap_valid_draws,bootstrap_replicates,valid_strata,planned_strata,valid_strata_fraction,nonnegative_strata_fraction,actual_gain_ge_0_005,ci_lower_ge_minus_0_005,nonnegative_ge_60pct,valid_ge_80pct,macro_safety_pass,adoption_gate_pass,aurc_relative_change,error_at_10_relative_change,error_at_20_relative_change,error_at_50_relative_change,miss_rate_change,role
ALL/DOMAIN_MACRO,risk,B2_Pointwise,NearestControl,utility20,0.7515701046105483,0.6338927833283325,0.11767732128221575,0.07076977118568088,0.16641893953367506,5000,5000,55,55,1.0,0.8545454545454545,True,True,True,True,True,True,-0.037634931970887166,-0.0674166318217326,-0.06792198388035456,-0.03851512576149752,-0.08878075488077253,FIXED_STRONG_SIMPLE_COMPARISON
ALL/DOMAIN_MACRO,risk,B2_Pointwise,NearestControl,aurc,0.03805087397991,0.039538918487385194,-0.0014880445074751947,-0.0018109152787355526,-0.0011557349134856375,5000,5000,55,55,1.0,0.8545454545454545,True,True,True,True,True,True,-0.037634931970887166,-0.0674166318217326,-0.06792198388035456,-0.03851512576149752,-0.08878075488077253,FIXED_STRONG_SIMPLE_COMPARISON
ALL/DOMAIN_MACRO,risk,B2_Pointwise,NearestControl,high_risk_miss_rate,0.3808001134282851,0.46958086830905765,-0.08878075488077253,-0.13413912389708132,-0.037070628274710936,5000,5000,55,55,1.0,0.8545454545454545,True,True,True,True,True,True,-0.037634931970887166,-0.0674166318217326,-0.06792198388035456,-0.03851512576149752,-0.08878075488077253,FIXED_STRONG_SIMPLE_COMPARISON
ALL/DOMAIN_MACRO,risk,B2_Pointwise,NearestControl,error_at_10,0.033858989867256675,0.03630666278490223,-0.0024476729176455547,-0.003942017542851501,-0.0013163746903549337,5000,5000,55,55,1.0,0.8545454545454545,True,True,True,True,True,True,-0.037634931970887166,-0.0674166318217326,-0.06792198388035456,-0.03851512576149752,-0.08878075488077253,FIXED_STRONG_SIMPLE_COMPARISON
ALL/DOMAIN_MACRO,risk,B2_Pointwise,NearestControl,error_at_20,0.03433237938557497,0.03683423360686572,-0.0025018542212907474,-0.003485465011943924,-0.0016802063247181025,5000,5000,55,55,1.0,0.8545454545454545,True,True,True,True,True,True,-0.037634931970887166,-0.0674166318217326,-0.06792198388035456,-0.03851512576149752,-0.08878075488077253,FIXED_STRONG_SIMPLE_COMPARISON
ALL/DOMAIN_MACRO,risk,B2_Pointwise,NearestControl,error_at_50,0.037508455262107915,0.03901096758471075,-0.0015025123226028378,-0.001969873932015555,-0.0011436853232713246,5000,5000,55,55,1.0,0.8545454545454545,True,True,True,True,True,True,-0.037634931970887166,-0.0674166318217326,-0.06792198388035456,-0.03851512576149752,-0.08878075488077253,FIXED_STRONG_SIMPLE_COMPARISON
ALL/DOMAIN_MACRO,risk,B2_Pointwise,NearestControl,bio_rmse,0.0446926689721842,0.054265866526067366,-0.009573197553883167,-0.009830760563446625,-0.009331737961436624,5000,5000,55,55,1.0,0.8545454545454545,True,True,True,True,True,True,-0.037634931970887166,-0.0674166318217326,-0.06792198388035456,-0.03851512576149752,-0.08878075488077253,FIXED_STRONG_SIMPLE_COMPARISON
ALL/DOMAIN_MACRO,risk,B2_Pointwise,NearestControl,bio_cosine,0.3836600217619204,0.2912403392469154,0.09241968251500499,0.08841261486555638,0.09635009163398929,5000,5000,55,55,1.0,0.8545454545454545,True,True,True,True,True,True,-0.037634931970887166,-0.0674166318217326,-0.06792198388035456,-0.03851512576149752,-0.08878075488077253,FIXED_STRONG_SIMPLE_COMPARISON
ALL/DOMAIN_MACRO,risk,B2_Pointwise,SameContextSupport,utility20,0.7515701046105483,0.7119591726693983,0.03961093194114995,-0.008326683479514506,0.06509547831475763,5000,5000,55,55,1.0,0.8,True,False,True,True,True,False,-0.0076135893474938675,-0.008280188454280567,-0.017370237317959194,-0.010389186166808843,-0.012227485117489556,FIXED_STRONG_SIMPLE_COMPARISON
ALL/DOMAIN_MACRO,risk,B2_Pointwise,SameContextSupport,aurc,0.03805087397991,0.03834280031594859,-0.0002919263360385907,-0.0004757942298074743,-0.00012524877328753132,5000,5000,55,55,1.0,0.8,True,False,True,True,True,False,-0.0076135893474938675,-0.008280188454280567,-0.017370237317959194,-0.010389186166808843,-0.012227485117489556,FIXED_STRONG_SIMPLE_COMPARISON
ALL/DOMAIN_MACRO,risk,B2_Pointwise,SameContextSupport,high_risk_miss_rate,0.3808001134282851,0.3930275985457747,-0.012227485117489556,-0.051017958565891385,0.03191785408844642,5000,5000,55,55,1.0,0.8,True,False,True,True,True,False,-0.0076135893474938675,-0.008280188454280567,-0.017370237317959194,-0.010389186166808843,-0.012227485117489556,FIXED_STRONG_SIMPLE_COMPARISON
ALL/DOMAIN_MACRO,risk,B2_Pointwise,SameContextSupport,error_at_10,0.033858989867256675,0.03414168949038459,-0.0002826996231279147,-0.0009766857987973804,0.0006166463572241158,5000,5000,55,55,1.0,0.8,True,False,True,True,True,False,-0.0076135893474938675,-0.008280188454280567,-0.017370237317959194,-0.010389186166808843,-0.012227485117489556,FIXED_STRONG_SIMPLE_COMPARISON
ALL/DOMAIN_MACRO,risk,B2_Pointwise,SameContextSupport,error_at_20,0.03433237938557497,0.03493928302341096,-0.0006069036378359913,-0.0011070925504873019,4.4724342033840514e-05,5000,5000,55,55,1.0,0.8,True,False,True,True,True,False,-0.0076135893474938675,-0.008280188454280567,-0.017370237317959194,-0.010389186166808843,-0.012227485117489556,FIXED_STRONG_SIMPLE_COMPARISON
ALL/DOMAIN_MACRO,risk,B2_Pointwise,SameContextSupport,error_at_50,0.037508455262107915,0.0379022285708676,-0.0003937733087596845,-0.0007297238549359566,-0.00010808141849160306,5000,5000,55,55,1.0,0.8,True,False,True,True,True,False,-0.0076135893474938675,-0.008280188454280567,-0.017370237317959194,-0.010389186166808843,-0.012227485117489556,FIXED_STRONG_SIMPLE_COMPARISON
ALL/DOMAIN_MACRO,risk,B2_Pointwise,SameContextSupport,bio_rmse,0.0446926689721842,0.047330532308111864,-0.002637863335927665,-0.002802885015513821,-0.0024853197220362014,5000,5000,55,55,1.0,0.8,True,False,True,True,True,False,-0.0076135893474938675,-0.008280188454280567,-0.017370237317959194,-0.010389186166808843,-0.012227485117489556,FIXED_STRONG_SIMPLE_COMPARISON
ALL/DOMAIN_MACRO,risk,B2_Pointwise,SameContextSupport,bio_cosine,0.3836600217619204,0.3525470790591209,0.031112942702799462,0.028664778497437343,0.03365285285428864,5000,5000,55,55,1.0,0.8,True,False,True,True,True,False,-0.0076135893474938675,-0.008280188454280567,-0.017370237317959194,-0.010389186166808843,-0.012227485117489556,FIXED_STRONG_SIMPLE_COMPARISON
ALL/DOMAIN_MACRO,risk,B2_Pointwise,SameConditionSupport,utility20,0.7515701046105483,0.6290495035625077,0.12252060104804063,0.06070951764982562,0.14879798466160374,5000,5000,55,55,1.0,0.9090909090909091,True,True,True,True,True,True,-0.011592826855539038,-0.019840933795618087,-0.02416709391413923,-0.01395139649398787,-0.09146028935029382,FIXED_STRONG_SIMPLE_COMPARISON
ALL/DOMAIN_MACRO,risk,B2_Pointwise,SameConditionSupport,aurc,0.03805087397991,0.03849716494757638,-0.00044629096766637955,-0.0006326534524242766,-0.00027339603384373903,5000,5000,55,55,1.0,0.9090909090909091,True,True,True,True,True,True,-0.011592826855539038,-0.019840933795618087,-0.02416709391413923,-0.01395139649398787,-0.09146028935029382,FIXED_STRONG_SIMPLE_COMPARISON
ALL/DOMAIN_MACRO,risk,B2_Pointwise,SameConditionSupport,high_risk_miss_rate,0.3808001134282851,0.47226040277857895,-0.09146028935029382,-0.11603330494166314,-0.03089946542280828,5000,5000,55,55,1.0,0.9090909090909091,True,True,True,True,True,True,-0.011592826855539038,-0.019840933795618087,-0.02416709391413923,-0.01395139649398787,-0.09146028935029382,FIXED_STRONG_SIMPLE_COMPARISON
ALL/DOMAIN_MACRO,risk,B2_Pointwise,SameConditionSupport,error_at_10,0.033858989867256675,0.03454438267696075,-0.0006853928097040746,-0.0013335045887023392,0.00032272727106648493,5000,5000,55,55,1.0,0.9090909090909091,True,True,True,True,True,True,-0.011592826855539038,-0.019840933795618087,-0.02416709391413923,-0.01395139649398787,-0.09146028935029382,FIXED_STRONG_SIMPLE_COMPARISON
ALL/DOMAIN_MACRO,risk,B2_Pointwise,SameConditionSupport,error_at_20,0.03433237938557497,0.03518264158900393,-0.0008502622034289586,-0.001327362881850581,-0.00016166070671409075,5000,5000,55,55,1.0,0.9090909090909091,True,True,True,True,True,True,-0.011592826855539038,-0.019840933795618087,-0.02416709391413923,-0.01395139649398787,-0.09146028935029382,FIXED_STRONG_SIMPLE_COMPARISON
ALL/DOMAIN_MACRO,risk,B2_Pointwise,SameConditionSupport,error_at_50,0.037508455262107915,0.038039154590090364,-0.0005306993279824493,-0.0008678456586359103,-0.00023012507186783644,5000,5000,55,55,1.0,0.9090909090909091,True,True,True,True,True,True,-0.011592826855539038,-0.019840933795618087,-0.02416709391413923,-0.01395139649398787,-0.09146028935029382,FIXED_STRONG_SIMPLE_COMPARISON
ALL/DOMAIN_MACRO,risk,B2_Pointwise,SameConditionSupport,bio_rmse,0.0446926689721842,0.04891936611318992,-0.0042266971410057225,-0.004407133780681758,-0.004059291178410033,5000,5000,55,55,1.0,0.9090909090909091,True,True,True,True,True,True,-0.011592826855539038,-0.019840933795618087,-0.02416709391413923,-0.01395139649398787,-0.09146028935029382,FIXED_STRONG_SIMPLE_COMPARISON
ALL/DOMAIN_MACRO,risk,B2_Pointwise,SameConditionSupport,bio_cosine,0.3836600217619204,0.316957824648003,0.0667021971139174,0.06345393589509803,0.07004521316477064,5000,5000,55,55,1.0,0.9090909090909091,True,True,True,True,True,True,-0.011592826855539038,-0.019840933795618087,-0.02416709391413923,-0.01395139649398787,-0.09146028935029382,FIXED_STRONG_SIMPLE_COMPARISON
ALL/DOMAIN_MACRO,risk,B3_DeepSets,NearestControl,utility20,0.7478546077249035,0.6338927833283325,0.11396182439657099,0.07055281163600999,0.1669322315142941,5000,5000,55,55,1.0,0.8727272727272727,True,True,True,True,True,True,-0.03751191594575505,-0.0673981802988318,-0.06744482475777885,-0.03823423461256736,-0.08558380653727715,FIXED_STRONG_SIMPLE_COMPARISON
ALL/DOMAIN_MACRO,risk,B3_DeepSets,NearestControl,aurc,0.03805573790050034,0.039538918487385194,-0.0014831805868848538,-0.0018063828776413691,-0.0011509460198546697,5000,5000,55,55,1.0,0.8727272727272727,True,True,True,True,True,True,-0.03751191594575505,-0.0673981802988318,-0.06744482475777885,-0.03823423461256736,-0.08558380653727715,FIXED_STRONG_SIMPLE_COMPARISON
ALL/DOMAIN_MACRO,risk,B3_DeepSets,NearestControl,high_risk_miss_rate,0.3839970617717805,0.46958086830905765,-0.08558380653727715,-0.13385785397887606,-0.03607889212759719,5000,5000,55,55,1.0,0.8727272727272727,True,True,True,True,True,True,-0.03751191594575505,-0.0673981802988318,-0.06744482475777885,-0.03823423461256736,-0.08558380653727715,FIXED_STRONG_SIMPLE_COMPARISON
ALL/DOMAIN_MACRO,risk,B3_DeepSets,NearestControl,error_at_10,0.0338596597804765,0.03630666278490223,-0.002447003004425727,-0.00392786463563579,-0.0012916490296002857,5000,5000,55,55,1.0,0.8727272727272727,True,True,True,True,True,True,-0.03751191594575505,-0.0673981802988318,-0.06744482475777885,-0.03823423461256736,-0.08558380653727715,FIXED_STRONG_SIMPLE_COMPARISON
ALL/DOMAIN_MACRO,risk,B3_DeepSets,NearestControl,error_at_20,0.03434995517616357,0.03683423360686572,-0.002484278430702147,-0.003488922610853804,-0.0016425398709847174,5000,5000,55,55,1.0,0.8727272727272727,True,True,True,True,True,True,-0.03751191594575505,-0.0673981802988318,-0.06744482475777885,-0.03823423461256736,-0.08558380653727715,FIXED_STRONG_SIMPLE_COMPARISON
ALL/DOMAIN_MACRO,risk,B3_DeepSets,NearestControl,error_at_50,0.03751941309761366,0.03901096758471075,-0.001491554487097091,-0.0019606136606752527,-0.0011380347206624013,5000,5000,55,55,1.0,0.8727272727272727,True,True,True,True,True,True,-0.03751191594575505,-0.0673981802988318,-0.06744482475777885,-0.03823423461256736,-0.08558380653727715,FIXED_STRONG_SIMPLE_COMPARISON
ALL/DOMAIN_MACRO,risk,B3_DeepSets,NearestControl,bio_rmse,0.04468905281206702,0.054265866526067366,-0.009576813714000348,-0.009836147355191605,-0.009335561191126527,5000,5000,55,55,1.0,0.8727272727272727,True,True,True,True,True,True,-0.03751191594575505,-0.0673981802988318,-0.06744482475777885,-0.03823423461256736,-0.08558380653727715,FIXED_STRONG_SIMPLE_COMPARISON
ALL/DOMAIN_MACRO,risk,B3_DeepSets,NearestControl,bio_cosine,0.3835215529574025,0.2912403392469154,0.09228121371048709,0.08826401431359918,0.09619944018389345,5000,5000,55,55,1.0,0.8727272727272727,True,True,True,True,True,True,-0.03751191594575505,-0.0673981802988318,-0.06744482475777885,-0.03823423461256736,-0.08558380653727715,FIXED_STRONG_SIMPLE_COMPARISON
ALL/DOMAIN_MACRO,risk,B3_DeepSets,SameContextSupport,utility20,0.7478546077249035,0.7119591726693983,0.03589543505550519,-0.008774106267662155,0.06617741621384866,5000,5000,55,55,1.0,0.7818181818181819,True,False,True,True,True,False,-0.007486735790887109,-0.008260566893958647,-0.016867199216781682,-0.010100078219362995,-0.00903053677399418,FIXED_STRONG_SIMPLE_COMPARISON
ALL/DOMAIN_MACRO,risk,B3_DeepSets,SameContextSupport,aurc,0.03805573790050034,0.03834280031594859,-0.00028706241544824984,-0.0004767666650932312,-0.00011812955762919455,5000,5000,55,55,1.0,0.7818181818181819,True,False,True,True,True,False,-0.007486735790887109,-0.008260566893958647,-0.016867199216781682,-0.010100078219362995,-0.00903053677399418,FIXED_STRONG_SIMPLE_COMPARISON
ALL/DOMAIN_MACRO,risk,B3_DeepSets,SameContextSupport,high_risk_miss_rate,0.3839970617717805,0.3930275985457747,-0.00903053677399418,-0.05157558388437116,0.03255872569221016,5000,5000,55,55,1.0,0.7818181818181819,True,False,True,True,True,False,-0.007486735790887109,-0.008260566893958647,-0.016867199216781682,-0.010100078219362995,-0.00903053677399418,FIXED_STRONG_SIMPLE_COMPARISON
ALL/DOMAIN_MACRO,risk,B3_DeepSets,SameContextSupport,error_at_10,0.0338596597804765,0.03414168949038459,-0.0002820297099080868,-0.0009770222569294934,0.0006199157820302854,5000,5000,55,55,1.0,0.7818181818181819,True,False,True,True,True,False,-0.007486735790887109,-0.008260566893958647,-0.016867199216781682,-0.010100078219362995,-0.00903053677399418,FIXED_STRONG_SIMPLE_COMPARISON
ALL/DOMAIN_MACRO,risk,B3_DeepSets,SameContextSupport,error_at_20,0.03434995517616357,0.03493928302341096,-0.0005893278472473909,-0.0010947572798480037,7.658597958586472e-05,5000,5000,55,55,1.0,0.7818181818181819,True,False,True,True,True,False,-0.007486735790887109,-0.008260566893958647,-0.016867199216781682,-0.010100078219362995,-0.00903053677399418,FIXED_STRONG_SIMPLE_COMPARISON
ALL/DOMAIN_MACRO,risk,B3_DeepSets,SameContextSupport,error_at_50,0.03751941309761366,0.0379022285708676,-0.00038281547325393767,-0.0007243463091260018,-0.00010399887549995295,5000,5000,55,55,1.0,0.7818181818181819,True,False,True,True,True,False,-0.007486735790887109,-0.008260566893958647,-0.016867199216781682,-0.010100078219362995,-0.00903053677399418,FIXED_STRONG_SIMPLE_COMPARISON
ALL/DOMAIN_MACRO,risk,B3_DeepSets,SameContextSupport,bio_rmse,0.04468905281206702,0.047330532308111864,-0.0026414794960448462,-0.0028046782629157726,-0.002489818683884516,5000,5000,55,55,1.0,0.7818181818181819,True,False,True,True,True,False,-0.007486735790887109,-0.008260566893958647,-0.016867199216781682,-0.010100078219362995,-0.00903053677399418,FIXED_STRONG_SIMPLE_COMPARISON
ALL/DOMAIN_MACRO,risk,B3_DeepSets,SameContextSupport,bio_cosine,0.3835215529574025,0.3525470790591209,0.030974473898281563,0.028536601580519953,0.03349293192117136,5000,5000,55,55,1.0,0.7818181818181819,True,False,True,True,True,False,-0.007486735790887109,-0.008260566893958647,-0.016867199216781682,-0.010100078219362995,-0.00903053677399418,FIXED_STRONG_SIMPLE_COMPARISON
ALL/DOMAIN_MACRO,risk,B3_DeepSets,SameConditionSupport,utility20,0.7478546077249035,0.6290495035625077,0.11880510416239587,0.05843924701914434,0.14882510690199116,5000,5000,55,55,1.0,0.9090909090909091,True,True,True,True,True,True,-0.011466481952038629,-0.019821540969117393,-0.023667535330849296,-0.013663329221625263,-0.08826334100679845,FIXED_STRONG_SIMPLE_COMPARISON
ALL/DOMAIN_MACRO,risk,B3_DeepSets,SameConditionSupport,aurc,0.03805573790050034,0.03849716494757638,-0.0004414270470760387,-0.0006330243588310525,-0.0002628302328040803,5000,5000,55,55,1.0,0.9090909090909091,True,True,True,True,True,True,-0.011466481952038629,-0.019821540969117393,-0.023667535330849296,-0.013663329221625263,-0.08826334100679845,FIXED_STRONG_SIMPLE_COMPARISON
ALL/DOMAIN_MACRO,risk,B3_DeepSets,SameConditionSupport,high_risk_miss_rate,0.3839970617717805,0.47226040277857895,-0.08826334100679845,-0.11613002402683416,-0.029780178779888176,5000,5000,55,55,1.0,0.9090909090909091,True,True,True,True,True,True,-0.011466481952038629,-0.019821540969117393,-0.023667535330849296,-0.013663329221625263,-0.08826334100679845,FIXED_STRONG_SIMPLE_COMPARISON
ALL/DOMAIN_MACRO,risk,B3_DeepSets,SameConditionSupport,error_at_10,0.0338596597804765,0.03454438267696075,-0.0006847228964842467,-0.00133793728340641,0.0003141751181578923,5000,5000,55,55,1.0,0.9090909090909091,True,True,True,True,True,True,-0.011466481952038629,-0.019821540969117393,-0.023667535330849296,-0.013663329221625263,-0.08826334100679845,FIXED_STRONG_SIMPLE_COMPARISON
ALL/DOMAIN_MACRO,risk,B3_DeepSets,SameConditionSupport,error_at_20,0.03434995517616357,0.03518264158900393,-0.0008326864128403583,-0.0013111510171493737,-0.00013388045886589527,5000,5000,55,55,1.0,0.9090909090909091,True,True,True,True,True,True,-0.011466481952038629,-0.019821540969117393,-0.023667535330849296,-0.013663329221625263,-0.08826334100679845,FIXED_STRONG_SIMPLE_COMPARISON
ALL/DOMAIN_MACRO,risk,B3_DeepSets,SameConditionSupport,error_at_50,0.03751941309761366,0.038039154590090364,-0.0005197414924767024,-0.0008592258056540637,-0.00021665264333247967,5000,5000,55,55,1.0,0.9090909090909091,True,True,True,True,True,True,-0.011466481952038629,-0.019821540969117393,-0.023667535330849296,-0.013663329221625263,-0.08826334100679845,FIXED_STRONG_SIMPLE_COMPARISON
ALL/DOMAIN_MACRO,risk,B3_DeepSets,SameConditionSupport,bio_rmse,0.04468905281206702,0.04891936611318992,-0.004230313301122904,-0.004411589805708417,-0.004064128983407893,5000,5000,55,55,1.0,0.9090909090909091,True,True,True,True,True,True,-0.011466481952038629,-0.019821540969117393,-0.023667535330849296,-0.013663329221625263,-0.08826334100679845,FIXED_STRONG_SIMPLE_COMPARISON
ALL/DOMAIN_MACRO,risk,B3_DeepSets,SameConditionSupport,bio_cosine,0.3835215529574025,0.316957824648003,0.0665637283093995,0.063321070430973,0.06993391191890803,5000,5000,55,55,1.0,0.9090909090909091,True,True,True,True,True,True,-0.011466481952038629,-0.019821540969117393,-0.023667535330849296,-0.013663329221625263,-0.08826334100679845,FIXED_STRONG_SIMPLE_COMPARISON
ALL/DOMAIN_MACRO,direct_risk,B2_Pointwise,NearestControl,utility20,0.6342886818012259,0.6338927833283325,0.00039589847289334124,-0.0554849654949375,0.05682789400325682,5000,5000,55,55,1.0,0.4909090909090909,False,False,False,True,True,False,-0.001212340274050064,0.030169732607710848,0.006796547274023413,-0.0025921354129103103,0.013640706648156309,FIXED_STRONG_SIMPLE_COMPARISON
ALL/DOMAIN_MACRO,direct_risk,B2_Pointwise,NearestControl,aurc,0.039490983864110554,0.039538918487385194,-4.793462327463971e-05,-0.0005356257033964423,0.0004962322124503557,5000,5000,55,55,1.0,0.4909090909090909,False,False,False,True,True,False,-0.001212340274050064,0.030169732607710848,0.006796547274023413,-0.0025921354129103103,0.013640706648156309,FIXED_STRONG_SIMPLE_COMPARISON
ALL/DOMAIN_MACRO,direct_risk,B2_Pointwise,NearestControl,high_risk_miss_rate,0.48322157495721396,0.46958086830905765,0.013640706648156309,-0.05480705038628334,0.05598171218590187,5000,5000,55,55,1.0,0.4909090909090909,False,False,False,True,True,False,-0.001212340274050064,0.030169732607710848,0.006796547274023413,-0.0025921354129103103,0.013640706648156309,FIXED_STRONG_SIMPLE_COMPARISON
ALL/DOMAIN_MACRO,direct_risk,B2_Pointwise,NearestControl,error_at_10,0.03740202509300106,0.03630666278490223,0.0010953623080988267,-0.0009066583760309688,0.0024256449161810492,5000,5000,55,55,1.0,0.4909090909090909,False,False,False,True,True,False,-0.001212340274050064,0.030169732607710848,0.006796547274023413,-0.0025921354129103103,0.013640706648156309,FIXED_STRONG_SIMPLE_COMPARISON
ALL/DOMAIN_MACRO,direct_risk,B2_Pointwise,NearestControl,error_at_20,0.0370845792168772,0.03683423360686572,0.0002503456100114848,-0.0008850354345102332,0.001321427551566414,5000,5000,55,55,1.0,0.4909090909090909,False,False,False,True,True,False,-0.001212340274050064,0.030169732607710848,0.006796547274023413,-0.0025921354129103103,0.013640706648156309,FIXED_STRONG_SIMPLE_COMPARISON
ALL/DOMAIN_MACRO,direct_risk,B2_Pointwise,NearestControl,error_at_50,0.03890984587414253,0.03901096758471075,-0.00010112171056822494,-0.000629401662423565,0.00037523688665260657,5000,5000,55,55,1.0,0.4909090909090909,False,False,False,True,True,False,-0.001212340274050064,0.030169732607710848,0.006796547274023413,-0.0025921354129103103,0.013640706648156309,FIXED_STRONG_SIMPLE_COMPARISON
ALL/DOMAIN_MACRO,direct_risk,B2_Pointwise,NearestControl,bio_rmse,0.0446926689721842,0.054265866526067366,-0.009573197553883167,-0.009830760563446625,-0.009331737961436624,5000,5000,55,55,1.0,0.4909090909090909,False,False,False,True,True,False,-0.001212340274050064,0.030169732607710848,0.006796547274023413,-0.0025921354129103103,0.013640706648156309,FIXED_STRONG_SIMPLE_COMPARISON
ALL/DOMAIN_MACRO,direct_risk,B2_Pointwise,NearestControl,bio_cosine,0.3836600217619204,0.2912403392469154,0.09241968251500499,0.08841261486555638,0.09635009163398929,5000,5000,55,55,1.0,0.4909090909090909,False,False,False,True,True,False,-0.001212340274050064,0.030169732607710848,0.006796547274023413,-0.0025921354129103103,0.013640706648156309,FIXED_STRONG_SIMPLE_COMPARISON
ALL/DOMAIN_MACRO,direct_risk,B2_Pointwise,SameContextSupport,utility20,0.6342886818012259,0.4337847582413307,0.20050392355989516,0.13521488032039264,0.24586700430836245,5000,5000,55,55,1.0,0.8181818181818182,True,True,True,True,True,True,-0.08574419330801249,-0.13850233423039096,-0.13925263318485187,-0.09420201895123312,-0.06915223985920327,FIXED_STRONG_SIMPLE_COMPARISON
ALL/DOMAIN_MACRO,direct_risk,B2_Pointwise,SameContextSupport,aurc,0.039490983864110554,0.043194676561037204,-0.00370369269692665,-0.004400131971683776,-0.002980526738576436,5000,5000,55,55,1.0,0.8181818181818182,True,True,True,True,True,True,-0.08574419330801249,-0.13850233423039096,-0.13925263318485187,-0.09420201895123312,-0.06915223985920327,FIXED_STRONG_SIMPLE_COMPARISON
ALL/DOMAIN_MACRO,direct_risk,B2_Pointwise,SameContextSupport,high_risk_miss_rate,0.48322157495721396,0.5523738148164172,-0.06915223985920327,-0.12791928128640898,-0.03169839169996418,5000,5000,55,55,1.0,0.8181818181818182,True,True,True,True,True,True,-0.08574419330801249,-0.13850233423039096,-0.13925263318485187,-0.09420201895123312,-0.06915223985920327,FIXED_STRONG_SIMPLE_COMPARISON
ALL/DOMAIN_MACRO,direct_risk,B2_Pointwise,SameContextSupport,error_at_10,0.03740202509300106,0.043415120642942645,-0.006013095549941588,-0.008192450657612668,-0.003925402709431111,5000,5000,55,55,1.0,0.8181818181818182,True,True,True,True,True,True,-0.08574419330801249,-0.13850233423039096,-0.13925263318485187,-0.09420201895123312,-0.06915223985920327,FIXED_STRONG_SIMPLE_COMPARISON
ALL/DOMAIN_MACRO,direct_risk,B2_Pointwise,SameContextSupport,error_at_20,0.0370845792168772,0.04308416226016918,-0.005999583043291977,-0.007348383981202296,-0.004541072532847739,5000,5000,55,55,1.0,0.8181818181818182,True,True,True,True,True,True,-0.08574419330801249,-0.13850233423039096,-0.13925263318485187,-0.09420201895123312,-0.06915223985920327,FIXED_STRONG_SIMPLE_COMPARISON
ALL/DOMAIN_MACRO,direct_risk,B2_Pointwise,SameContextSupport,error_at_50,0.03890984587414253,0.042956428131017965,-0.0040465822568754375,-0.004733426039004031,-0.003254516845538199,5000,5000,55,55,1.0,0.8181818181818182,True,True,True,True,True,True,-0.08574419330801249,-0.13850233423039096,-0.13925263318485187,-0.09420201895123312,-0.06915223985920327,FIXED_STRONG_SIMPLE_COMPARISON
ALL/DOMAIN_MACRO,direct_risk,B2_Pointwise,SameContextSupport,bio_rmse,0.0446926689721842,0.047330532308111864,-0.002637863335927665,-0.002802885015513821,-0.0024853197220362014,5000,5000,55,55,1.0,0.8181818181818182,True,True,True,True,True,True,-0.08574419330801249,-0.13850233423039096,-0.13925263318485187,-0.09420201895123312,-0.06915223985920327,FIXED_STRONG_SIMPLE_COMPARISON
ALL/DOMAIN_MACRO,direct_risk,B2_Pointwise,SameContextSupport,bio_cosine,0.3836600217619204,0.3525470790591209,0.031112942702799462,0.028664778497437343,0.03365285285428864,5000,5000,55,55,1.0,0.8181818181818182,True,True,True,True,True,True,-0.08574419330801249,-0.13850233423039096,-0.13925263318485187,-0.09420201895123312,-0.06915223985920327,FIXED_STRONG_SIMPLE_COMPARISON
ALL/DOMAIN_MACRO,direct_risk,B2_Pointwise,SameConditionSupport,utility20,0.6342886818012259,0.3783320175117589,0.255956664289467,0.18531766325194593,0.3065705185996353,5000,5000,55,55,1.0,0.8727272727272727,True,True,True,True,True,True,-0.08830571405356483,-0.14347609185042237,-0.14253156998390706,-0.09511165926234062,-0.13648028218724562,FIXED_STRONG_SIMPLE_COMPARISON
ALL/DOMAIN_MACRO,direct_risk,B2_Pointwise,SameConditionSupport,aurc,0.039490983864110554,0.043316037484116436,-0.003825053620005882,-0.004515183341240872,-0.003093864526045809,5000,5000,55,55,1.0,0.8727272727272727,True,True,True,True,True,True,-0.08830571405356483,-0.14347609185042237,-0.14253156998390706,-0.09511165926234062,-0.13648028218724562,FIXED_STRONG_SIMPLE_COMPARISON
ALL/DOMAIN_MACRO,direct_risk,B2_Pointwise,SameConditionSupport,high_risk_miss_rate,0.48322157495721396,0.6197018571444596,-0.13648028218724562,-0.17738787695194408,-0.07469317025236318,5000,5000,55,55,1.0,0.8727272727272727,True,True,True,True,True,True,-0.08830571405356483,-0.14347609185042237,-0.14253156998390706,-0.09511165926234062,-0.13648028218724562,FIXED_STRONG_SIMPLE_COMPARISON
ALL/DOMAIN_MACRO,direct_risk,B2_Pointwise,SameConditionSupport,error_at_10,0.03740202509300106,0.043667228360039445,-0.006265203267038388,-0.008445277085486404,-0.0041616691084785315,5000,5000,55,55,1.0,0.8727272727272727,True,True,True,True,True,True,-0.08830571405356483,-0.14347609185042237,-0.14253156998390706,-0.09511165926234062,-0.13648028218724562,FIXED_STRONG_SIMPLE_COMPARISON
ALL/DOMAIN_MACRO,direct_risk,B2_Pointwise,SameConditionSupport,error_at_20,0.0370845792168772,0.04324891496726148,-0.0061643357503842755,-0.0075158603331187575,-0.004686056625315495,5000,5000,55,55,1.0,0.8727272727272727,True,True,True,True,True,True,-0.08830571405356483,-0.14347609185042237,-0.14253156998390706,-0.09511165926234062,-0.13648028218724562,FIXED_STRONG_SIMPLE_COMPARISON
ALL/DOMAIN_MACRO,direct_risk,B2_Pointwise,SameConditionSupport,error_at_50,0.03890984587414253,0.04299961014242206,-0.004089764268279533,-0.0048370450966510655,-0.0033422077253166408,5000,5000,55,55,1.0,0.8727272727272727,True,True,True,True,True,True,-0.08830571405356483,-0.14347609185042237,-0.14253156998390706,-0.09511165926234062,-0.13648028218724562,FIXED_STRONG_SIMPLE_COMPARISON
ALL/DOMAIN_MACRO,direct_risk,B2_Pointwise,SameConditionSupport,bio_rmse,0.0446926689721842,0.04891936611318992,-0.0042266971410057225,-0.004407133780681758,-0.004059291178410033,5000,5000,55,55,1.0,0.8727272727272727,True,True,True,True,True,True,-0.08830571405356483,-0.14347609185042237,-0.14253156998390706,-0.09511165926234062,-0.13648028218724562,FIXED_STRONG_SIMPLE_COMPARISON
ALL/DOMAIN_MACRO,direct_risk,B2_Pointwise,SameConditionSupport,bio_cosine,0.3836600217619204,0.316957824648003,0.0667021971139174,0.06345393589509803,0.07004521316477064,5000,5000,55,55,1.0,0.8727272727272727,True,True,True,True,True,True,-0.08830571405356483,-0.14347609185042237,-0.14253156998390706,-0.09511165926234062,-0.13648028218724562,FIXED_STRONG_SIMPLE_COMPARISON
ALL/DOMAIN_MACRO,direct_risk,B3_DeepSets,NearestControl,utility20,0.6394600217314972,0.6338927833283325,0.005567238403164643,-0.0576023204759761,0.05745009839631949,5000,5000,55,55,1.0,0.509090909090909,True,False,False,True,True,False,-0.001853265028413897,0.032353784091757584,0.0015975178003429672,-0.00319449834261795,0.013488790629185066,FIXED_STRONG_SIMPLE_COMPARISON
ALL/DOMAIN_MACRO,direct_risk,B3_DeepSets,NearestControl,aurc,0.039465642392491215,0.039538918487385194,-7.327609489397868e-05,-0.0005753494369621998,0.000488168504779197,5000,5000,55,55,1.0,0.509090909090909,True,False,False,True,True,False,-0.001853265028413897,0.032353784091757584,0.0015975178003429672,-0.00319449834261795,0.013488790629185066,FIXED_STRONG_SIMPLE_COMPARISON
ALL/DOMAIN_MACRO,direct_risk,B3_DeepSets,NearestControl,high_risk_miss_rate,0.4830696589382427,0.46958086830905765,0.013488790629185066,-0.05329637483155367,0.05822198500858416,5000,5000,55,55,1.0,0.509090909090909,True,False,False,True,True,False,-0.001853265028413897,0.032353784091757584,0.0015975178003429672,-0.00319449834261795,0.013488790629185066,FIXED_STRONG_SIMPLE_COMPARISON
ALL/DOMAIN_MACRO,direct_risk,B3_DeepSets,NearestControl,error_at_10,0.03748132071373721,0.03630666278490223,0.0011746579288349768,-0.0009547913389419134,0.0025465846144792303,5000,5000,55,55,1.0,0.509090909090909,True,False,False,True,True,False,-0.001853265028413897,0.032353784091757584,0.0015975178003429672,-0.00319449834261795,0.013488790629185066,FIXED_STRONG_SIMPLE_COMPARISON
ALL/DOMAIN_MACRO,direct_risk,B3_DeepSets,NearestControl,error_at_20,0.03689307695071468,0.03683423360686572,5.884334384895912e-05,-0.0010506996159030083,0.0012037190498036,5000,5000,55,55,1.0,0.509090909090909,True,False,False,True,True,False,-0.001853265028413897,0.032353784091757584,0.0015975178003429672,-0.00319449834261795,0.013488790629185066,FIXED_STRONG_SIMPLE_COMPARISON
ALL/DOMAIN_MACRO,direct_risk,B3_DeepSets,NearestControl,error_at_50,0.03888634711341747,0.03901096758471075,-0.00012462047129328108,-0.0006241680890068799,0.0003793672797221243,5000,5000,55,55,1.0,0.509090909090909,True,False,False,True,True,False,-0.001853265028413897,0.032353784091757584,0.0015975178003429672,-0.00319449834261795,0.013488790629185066,FIXED_STRONG_SIMPLE_COMPARISON
ALL/DOMAIN_MACRO,direct_risk,B3_DeepSets,NearestControl,bio_rmse,0.04468905281206702,0.054265866526067366,-0.009576813714000348,-0.009836147355191605,-0.009335561191126527,5000,5000,55,55,1.0,0.509090909090909,True,False,False,True,True,False,-0.001853265028413897,0.032353784091757584,0.0015975178003429672,-0.00319449834261795,0.013488790629185066,FIXED_STRONG_SIMPLE_COMPARISON
ALL/DOMAIN_MACRO,direct_risk,B3_DeepSets,NearestControl,bio_cosine,0.3835215529574025,0.2912403392469154,0.09228121371048709,0.08826401431359918,0.09619944018389345,5000,5000,55,55,1.0,0.509090909090909,True,False,False,True,True,False,-0.001853265028413897,0.032353784091757584,0.0015975178003429672,-0.00319449834261795,0.013488790629185066,FIXED_STRONG_SIMPLE_COMPARISON
ALL/DOMAIN_MACRO,direct_risk,B3_DeepSets,SameContextSupport,utility20,0.6394600217314972,0.4337847582413307,0.20567526349016646,0.1345095343119348,0.24677181970095485,5000,5000,55,55,1.0,0.8363636363636363,True,True,True,True,True,True,-0.08633087374266117,-0.1366758825342573,-0.14369747453992138,-0.09474905607111153,-0.06930415587817451,FIXED_STRONG_SIMPLE_COMPARISON
ALL/DOMAIN_MACRO,direct_risk,B3_DeepSets,SameContextSupport,aurc,0.039465642392491215,0.043194676561037204,-0.003729034168545989,-0.004401771095482476,-0.003021168149747611,5000,5000,55,55,1.0,0.8363636363636363,True,True,True,True,True,True,-0.08633087374266117,-0.1366758825342573,-0.14369747453992138,-0.09474905607111153,-0.06930415587817451,FIXED_STRONG_SIMPLE_COMPARISON
ALL/DOMAIN_MACRO,direct_risk,B3_DeepSets,SameContextSupport,high_risk_miss_rate,0.4830696589382427,0.5523738148164172,-0.06930415587817451,-0.12611967481517233,-0.029864468409980034,5000,5000,55,55,1.0,0.8363636363636363,True,True,True,True,True,True,-0.08633087374266117,-0.1366758825342573,-0.14369747453992138,-0.09474905607111153,-0.06930415587817451,FIXED_STRONG_SIMPLE_COMPARISON
ALL/DOMAIN_MACRO,direct_risk,B3_DeepSets,SameContextSupport,error_at_10,0.03748132071373721,0.043415120642942645,-0.005933799929205438,-0.008184351433636666,-0.003966643519890242,5000,5000,55,55,1.0,0.8363636363636363,True,True,True,True,True,True,-0.08633087374266117,-0.1366758825342573,-0.14369747453992138,-0.09474905607111153,-0.06930415587817451,FIXED_STRONG_SIMPLE_COMPARISON
ALL/DOMAIN_MACRO,direct_risk,B3_DeepSets,SameContextSupport,error_at_20,0.03689307695071468,0.04308416226016918,-0.006191085309454503,-0.007506680461702101,-0.004683291554470183,5000,5000,55,55,1.0,0.8363636363636363,True,True,True,True,True,True,-0.08633087374266117,-0.1366758825342573,-0.14369747453992138,-0.09474905607111153,-0.06930415587817451,FIXED_STRONG_SIMPLE_COMPARISON
ALL/DOMAIN_MACRO,direct_risk,B3_DeepSets,SameContextSupport,error_at_50,0.03888634711341747,0.042956428131017965,-0.004070081017600494,-0.004731685737530356,-0.0032698334989254723,5000,5000,55,55,1.0,0.8363636363636363,True,True,True,True,True,True,-0.08633087374266117,-0.1366758825342573,-0.14369747453992138,-0.09474905607111153,-0.06930415587817451,FIXED_STRONG_SIMPLE_COMPARISON
ALL/DOMAIN_MACRO,direct_risk,B3_DeepSets,SameContextSupport,bio_rmse,0.04468905281206702,0.047330532308111864,-0.0026414794960448462,-0.0028046782629157726,-0.002489818683884516,5000,5000,55,55,1.0,0.8363636363636363,True,True,True,True,True,True,-0.08633087374266117,-0.1366758825342573,-0.14369747453992138,-0.09474905607111153,-0.06930415587817451,FIXED_STRONG_SIMPLE_COMPARISON
ALL/DOMAIN_MACRO,direct_risk,B3_DeepSets,SameContextSupport,bio_cosine,0.3835215529574025,0.3525470790591209,0.030974473898281563,0.028536601580519953,0.03349293192117136,5000,5000,55,55,1.0,0.8363636363636363,True,True,True,True,True,True,-0.08633087374266117,-0.1366758825342573,-0.14369747453992138,-0.09474905607111153,-0.06930415587817451,FIXED_STRONG_SIMPLE_COMPARISON
ALL/DOMAIN_MACRO,direct_risk,B3_DeepSets,SameConditionSupport,utility20,0.6394600217314972,0.3783320175117589,0.2611280042197383,0.18521873406771167,0.30806949656298327,5000,5000,55,55,1.0,0.8727272727272727,True,True,True,True,True,True,-0.08889075075339296,-0.14166018496294255,-0.14695947913047153,-0.09565814702460694,-0.13663219820621686,FIXED_STRONG_SIMPLE_COMPARISON
ALL/DOMAIN_MACRO,direct_risk,B3_DeepSets,SameConditionSupport,aurc,0.039465642392491215,0.043316037484116436,-0.003850395091625221,-0.004512132857500951,-0.003128721545949805,5000,5000,55,55,1.0,0.8727272727272727,True,True,True,True,True,True,-0.08889075075339296,-0.14166018496294255,-0.14695947913047153,-0.09565814702460694,-0.13663219820621686,FIXED_STRONG_SIMPLE_COMPARISON
ALL/DOMAIN_MACRO,direct_risk,B3_DeepSets,SameConditionSupport,high_risk_miss_rate,0.4830696589382427,0.6197018571444596,-0.13663219820621686,-0.17564375642202523,-0.07334454333033298,5000,5000,55,55,1.0,0.8727272727272727,True,True,True,True,True,True,-0.08889075075339296,-0.14166018496294255,-0.14695947913047153,-0.09565814702460694,-0.13663219820621686,FIXED_STRONG_SIMPLE_COMPARISON
ALL/DOMAIN_MACRO,direct_risk,B3_DeepSets,SameConditionSupport,error_at_10,0.03748132071373721,0.043667228360039445,-0.006185907646302238,-0.008395647521884625,-0.004180459038277654,5000,5000,55,55,1.0,0.8727272727272727,True,True,True,True,True,True,-0.08889075075339296,-0.14166018496294255,-0.14695947913047153,-0.09565814702460694,-0.13663219820621686,FIXED_STRONG_SIMPLE_COMPARISON
ALL/DOMAIN_MACRO,direct_risk,B3_DeepSets,SameConditionSupport,error_at_20,0.03689307695071468,0.04324891496726148,-0.006355838016546801,-0.007665349572642316,-0.004834505657994063,5000,5000,55,55,1.0,0.8727272727272727,True,True,True,True,True,True,-0.08889075075339296,-0.14166018496294255,-0.14695947913047153,-0.09565814702460694,-0.13663219820621686,FIXED_STRONG_SIMPLE_COMPARISON
ALL/DOMAIN_MACRO,direct_risk,B3_DeepSets,SameConditionSupport,error_at_50,0.03888634711341747,0.04299961014242206,-0.004113263029004589,-0.00483247003112491,-0.003340152299170715,5000,5000,55,55,1.0,0.8727272727272727,True,True,True,True,True,True,-0.08889075075339296,-0.14166018496294255,-0.14695947913047153,-0.09565814702460694,-0.13663219820621686,FIXED_STRONG_SIMPLE_COMPARISON
ALL/DOMAIN_MACRO,direct_risk,B3_DeepSets,SameConditionSupport,bio_rmse,0.04468905281206702,0.04891936611318992,-0.004230313301122904,-0.004411589805708417,-0.004064128983407893,5000,5000,55,55,1.0,0.8727272727272727,True,True,True,True,True,True,-0.08889075075339296,-0.14166018496294255,-0.14695947913047153,-0.09565814702460694,-0.13663219820621686,FIXED_STRONG_SIMPLE_COMPARISON
ALL/DOMAIN_MACRO,direct_risk,B3_DeepSets,SameConditionSupport,bio_cosine,0.3835215529574025,0.316957824648003,0.0665637283093995,0.063321070430973,0.06993391191890803,5000,5000,55,55,1.0,0.8727272727272727,True,True,True,True,True,True,-0.08889075075339296,-0.14166018496294255,-0.14695947913047153,-0.09565814702460694,-0.13663219820621686,FIXED_STRONG_SIMPLE_COMPARISON
McFaline/DecoderOnly,risk,B2_Pointwise,NearestControl,utility20,0.8698703779640958,0.7958109998412641,0.0740593781228317,0.005317824423293736,0.15595214519548858,5000,5000,15,15,1.0,0.6666666666666666,True,True,True,True,True,True,-0.009239829921343727,-0.008133551301073488,-0.011169291815887364,-0.01380209690650515,-0.05092592592592593,FIXED_STRONG_SIMPLE_COMPARISON
McFaline/DecoderOnly,risk,B2_Pointwise,NearestControl,aurc,0.024613160592637642,0.02484270294261386,-0.0002295423499762174,-0.00035403026611012306,-0.00011573043169676965,5000,5000,15,15,1.0,0.6666666666666666,True,True,True,True,True,True,-0.009239829921343727,-0.008133551301073488,-0.011169291815887364,-0.01380209690650515,-0.05092592592592593,FIXED_STRONG_SIMPLE_COMPARISON
McFaline/DecoderOnly,risk,B2_Pointwise,NearestControl,high_risk_miss_rate,0.29298941798941797,0.3439153439153439,-0.05092592592592593,-0.13307098765432093,0.034241181657848195,5000,5000,15,15,1.0,0.6666666666666666,True,True,True,True,True,True,-0.009239829921343727,-0.008133551301073488,-0.011169291815887364,-0.01380209690650515,-0.05092592592592593,FIXED_STRONG_SIMPLE_COMPARISON
McFaline/DecoderOnly,risk,B2_Pointwise,NearestControl,error_at_10,0.02164975729667474,0.021827290685226472,-0.000177533388551733,-0.0006542164893062031,0.00011549131204891773,5000,5000,15,15,1.0,0.6666666666666666,True,True,True,True,True,True,-0.009239829921343727,-0.008133551301073488,-0.011169291815887364,-0.01380209690650515,-0.05092592592592593,FIXED_STRONG_SIMPLE_COMPARISON
McFaline/DecoderOnly,risk,B2_Pointwise,NearestControl,error_at_20,0.022795553308808097,0.023053039433483836,-0.0002574861246757397,-0.0005915862656907965,2.4318316129708562e-05,5000,5000,15,15,1.0,0.6666666666666666,True,True,True,True,True,True,-0.009239829921343727,-0.008133551301073488,-0.011169291815887364,-0.01380209690650515,-0.05092592592592593,FIXED_STRONG_SIMPLE_COMPARISON
McFaline/DecoderOnly,risk,B2_Pointwise,NearestControl,error_at_50,0.024899062741438552,0.025247531619500958,-0.0003484688780624051,-0.0005798670604571128,-9.652896563389586e-05,5000,5000,15,15,1.0,0.6666666666666666,True,True,True,True,True,True,-0.009239829921343727,-0.008133551301073488,-0.011169291815887364,-0.01380209690650515,-0.05092592592592593,FIXED_STRONG_SIMPLE_COMPARISON
McFaline/DecoderOnly,risk,B2_Pointwise,NearestControl,bio_rmse,0.02963951750028215,0.04191007598926382,-0.012270558488981672,-0.012573060789051436,-0.011974679138482514,5000,5000,15,15,1.0,0.6666666666666666,True,True,True,True,True,True,-0.009239829921343727,-0.008133551301073488,-0.011169291815887364,-0.01380209690650515,-0.05092592592592593,FIXED_STRONG_SIMPLE_COMPARISON
McFaline/DecoderOnly,risk,B2_Pointwise,NearestControl,bio_cosine,0.21862026345546953,0.11435038013358681,0.10426988332188272,0.09735138291506258,0.11131615566869542,5000,5000,15,15,1.0,0.6666666666666666,True,True,True,True,True,True,-0.009239829921343727,-0.008133551301073488,-0.011169291815887364,-0.01380209690650515,-0.05092592592592593,FIXED_STRONG_SIMPLE_COMPARISON
McFaline/DecoderOnly,risk,B2_Pointwise,SameContextSupport,utility20,0.8698703779640958,0.8721751331985307,-0.002304755234434852,-0.07935128468596198,0.036240504524716534,5000,5000,15,15,1.0,0.6,False,False,True,True,False,False,0.0013320405921485002,0.006667047415159359,0.002703246187633654,-0.0004253474209969426,0.020502645502645522,FIXED_STRONG_SIMPLE_COMPARISON
McFaline/DecoderOnly,risk,B2_Pointwise,SameContextSupport,aurc,0.024613160592637642,0.024580418477453677,3.274211518396533e-05,-2.4321075395728265e-05,8.858363984014769e-05,5000,5000,15,15,1.0,0.6,False,False,True,True,False,False,0.0013320405921485002,0.006667047415159359,0.002703246187633654,-0.0004253474209969426,0.020502645502645522,FIXED_STRONG_SIMPLE_COMPARISON
McFaline/DecoderOnly,risk,B2_Pointwise,SameContextSupport,high_risk_miss_rate,0.29298941798941797,0.27248677248677244,0.020502645502645522,-0.0417436868686869,0.10402535273368589,5000,5000,15,15,1.0,0.6,False,False,True,True,False,False,0.0013320405921485002,0.006667047415159359,0.002703246187633654,-0.0004253474209969426,0.020502645502645522,FIXED_STRONG_SIMPLE_COMPARISON
McFaline/DecoderOnly,risk,B2_Pointwise,SameContextSupport,error_at_10,0.02164975729667474,0.021506373286247212,0.00014338401042752677,-9.043019771989882e-05,0.0004334159486547673,5000,5000,15,15,1.0,0.6,False,False,True,True,False,False,0.0013320405921485002,0.006667047415159359,0.002703246187633654,-0.0004253474209969426,0.020502645502645522,FIXED_STRONG_SIMPLE_COMPARISON
McFaline/DecoderOnly,risk,B2_Pointwise,SameContextSupport,error_at_20,0.022795553308808097,0.0227340974465564,6.145586225169558e-05,-0.00011768056118286099,0.00026008594563482507,5000,5000,15,15,1.0,0.6,False,False,True,True,False,False,0.0013320405921485002,0.006667047415159359,0.002703246187633654,-0.0004253474209969426,0.020502645502645522,FIXED_STRONG_SIMPLE_COMPARISON
McFaline/DecoderOnly,risk,B2_Pointwise,SameContextSupport,error_at_50,0.024899062741438552,0.024909658000226865,-1.0595258788312356e-05,-0.00014514961053691908,0.00011425498839045627,5000,5000,15,15,1.0,0.6,False,False,True,True,False,False,0.0013320405921485002,0.006667047415159359,0.002703246187633654,-0.0004253474209969426,0.020502645502645522,FIXED_STRONG_SIMPLE_COMPARISON
McFaline/DecoderOnly,risk,B2_Pointwise,SameContextSupport,bio_rmse,0.02963951750028215,0.03206495626613746,-0.0024254387658553082,-0.00250902526778274,-0.00234842232951059,5000,5000,15,15,1.0,0.6,False,False,True,True,False,False,0.0013320405921485002,0.006667047415159359,0.002703246187633654,-0.0004253474209969426,0.020502645502645522,FIXED_STRONG_SIMPLE_COMPARISON
McFaline/DecoderOnly,risk,B2_Pointwise,SameContextSupport,bio_cosine,0.21862026345546953,0.18086289431263677,0.03775736914283276,0.03461092459843689,0.04093172783826834,5000,5000,15,15,1.0,0.6,False,False,True,True,False,False,0.0013320405921485002,0.006667047415159359,0.002703246187633654,-0.0004253474209969426,0.020502645502645522,FIXED_STRONG_SIMPLE_COMPARISON
McFaline/DecoderOnly,risk,B2_Pointwise,SameConditionSupport,utility20,0.8698703779640958,0.7063557949847495,0.1635145829793463,0.058661037638492855,0.2109015060625749,5000,5000,15,15,1.0,1.0,True,True,True,True,True,True,-0.011088654016875055,-0.02967055816442117,-0.018313796336062425,-0.011294982184653286,-0.137962962962963,FIXED_STRONG_SIMPLE_COMPARISON
McFaline/DecoderOnly,risk,B2_Pointwise,SameConditionSupport,aurc,0.024613160592637642,0.024889147740709255,-0.00027598714807161237,-0.0003731748232304455,-0.00018256126899467362,5000,5000,15,15,1.0,1.0,True,True,True,True,True,True,-0.011088654016875055,-0.02967055816442117,-0.018313796336062425,-0.011294982184653286,-0.137962962962963,FIXED_STRONG_SIMPLE_COMPARISON
McFaline/DecoderOnly,risk,B2_Pointwise,SameConditionSupport,high_risk_miss_rate,0.29298941798941797,0.430952380952381,-0.137962962962963,-0.17256812169312177,-0.021539021164021198,5000,5000,15,15,1.0,1.0,True,True,True,True,True,True,-0.011088654016875055,-0.02967055816442117,-0.018313796336062425,-0.011294982184653286,-0.137962962962963,FIXED_STRONG_SIMPLE_COMPARISON
McFaline/DecoderOnly,risk,B2_Pointwise,SameConditionSupport,error_at_10,0.02164975729667474,0.02231175965939954,-0.0006620023627247999,-0.0009414234992323677,-8.838291895679248e-05,5000,5000,15,15,1.0,1.0,True,True,True,True,True,True,-0.011088654016875055,-0.02967055816442117,-0.018313796336062425,-0.011294982184653286,-0.137962962962963,FIXED_STRONG_SIMPLE_COMPARISON
McFaline/DecoderOnly,risk,B2_Pointwise,SameConditionSupport,error_at_20,0.022795553308808097,0.02322081457774234,-0.0004252612689342426,-0.0006235962749865854,-0.0001237724636725723,5000,5000,15,15,1.0,1.0,True,True,True,True,True,True,-0.011088654016875055,-0.02967055816442117,-0.018313796336062425,-0.011294982184653286,-0.137962962962963,FIXED_STRONG_SIMPLE_COMPARISON
McFaline/DecoderOnly,risk,B2_Pointwise,SameConditionSupport,error_at_50,0.024899062741438552,0.025183510038672394,-0.0002844472972338419,-0.000488693020024702,-0.00010468484914905867,5000,5000,15,15,1.0,1.0,True,True,True,True,True,True,-0.011088654016875055,-0.02967055816442117,-0.018313796336062425,-0.011294982184653286,-0.137962962962963,FIXED_STRONG_SIMPLE_COMPARISON
McFaline/DecoderOnly,risk,B2_Pointwise,SameConditionSupport,bio_rmse,0.02963951750028215,0.03524262387629359,-0.005603106376011437,-0.005780868067993236,-0.005451114783080981,5000,5000,15,15,1.0,1.0,True,True,True,True,True,True,-0.011088654016875055,-0.02967055816442117,-0.018313796336062425,-0.011294982184653286,-0.137962962962963,FIXED_STRONG_SIMPLE_COMPARISON
McFaline/DecoderOnly,risk,B2_Pointwise,SameConditionSupport,bio_cosine,0.21862026345546953,0.10968438549040098,0.10893587796506855,0.10345562948699193,0.1142696193363673,5000,5000,15,15,1.0,1.0,True,True,True,True,True,True,-0.011088654016875055,-0.02967055816442117,-0.018313796336062425,-0.011294982184653286,-0.137962962962963,FIXED_STRONG_SIMPLE_COMPARISON
McFaline/DecoderOnly,risk,B3_DeepSets,NearestControl,utility20,0.8647880700592522,0.7958109998412641,0.06897707021798805,0.0037938635980306057,0.1566794299789871,5000,5000,15,15,1.0,0.7333333333333333,True,True,True,True,True,True,-0.009133206689659118,-0.006679790928754636,-0.011655915226307,-0.013645640377213036,-0.04845679012345677,FIXED_STRONG_SIMPLE_COMPARISON
McFaline/DecoderOnly,risk,B3_DeepSets,NearestControl,aurc,0.024615809401909165,0.02484270294261386,-0.00022689354070469514,-0.00035143313775401865,-0.00011299636156042982,5000,5000,15,15,1.0,0.7333333333333333,True,True,True,True,True,True,-0.009133206689659118,-0.006679790928754636,-0.011655915226307,-0.013645640377213036,-0.04845679012345677,FIXED_STRONG_SIMPLE_COMPARISON
McFaline/DecoderOnly,risk,B3_DeepSets,NearestControl,high_risk_miss_rate,0.2954585537918871,0.3439153439153439,-0.04845679012345677,-0.1359794973544972,0.03163183421516721,5000,5000,15,15,1.0,0.7333333333333333,True,True,True,True,True,True,-0.009133206689659118,-0.006679790928754636,-0.011655915226307,-0.013645640377213036,-0.04845679012345677,FIXED_STRONG_SIMPLE_COMPARISON
McFaline/DecoderOnly,risk,B3_DeepSets,NearestControl,error_at_10,0.021681488946908006,0.021827290685226472,-0.00014580173831846635,-0.000634524955828153,0.00012992368379815118,5000,5000,15,15,1.0,0.7333333333333333,True,True,True,True,True,True,-0.009133206689659118,-0.006679790928754636,-0.011655915226307,-0.013645640377213036,-0.04845679012345677,FIXED_STRONG_SIMPLE_COMPARISON
McFaline/DecoderOnly,risk,B3_DeepSets,NearestControl,error_at_20,0.022784335160138437,0.023053039433483836,-0.00026870427334539995,-0.0005905949215252589,3.5864588921568346e-05,5000,5000,15,15,1.0,0.7333333333333333,True,True,True,True,True,True,-0.009133206689659118,-0.006679790928754636,-0.011655915226307,-0.013645640377213036,-0.04845679012345677,FIXED_STRONG_SIMPLE_COMPARISON
McFaline/DecoderOnly,risk,B3_DeepSets,NearestControl,error_at_50,0.024903012882608933,0.025247531619500958,-0.0003445187368920251,-0.0005839763987434502,-9.769358166018772e-05,5000,5000,15,15,1.0,0.7333333333333333,True,True,True,True,True,True,-0.009133206689659118,-0.006679790928754636,-0.011655915226307,-0.013645640377213036,-0.04845679012345677,FIXED_STRONG_SIMPLE_COMPARISON
McFaline/DecoderOnly,risk,B3_DeepSets,NearestControl,bio_rmse,0.029639382073971696,0.04191007598926382,-0.012270693915292126,-0.012573227493746434,-0.011974893428180746,5000,5000,15,15,1.0,0.7333333333333333,True,True,True,True,True,True,-0.009133206689659118,-0.006679790928754636,-0.011655915226307,-0.013645640377213036,-0.04845679012345677,FIXED_STRONG_SIMPLE_COMPARISON
McFaline/DecoderOnly,risk,B3_DeepSets,NearestControl,bio_cosine,0.21845831271453398,0.11435038013358681,0.10410793258094717,0.09719230348590939,0.11117986859210492,5000,5000,15,15,1.0,0.7333333333333333,True,True,True,True,True,True,-0.009133206689659118,-0.006679790928754636,-0.011655915226307,-0.013645640377213036,-0.04845679012345677,FIXED_STRONG_SIMPLE_COMPARISON
McFaline/DecoderOnly,risk,B3_DeepSets,SameContextSupport,utility20,0.8647880700592522,0.8721751331985307,-0.007387063139278505,-0.08129323506540181,0.03639482283435374,5000,5000,15,15,1.0,0.5333333333333333,False,False,False,True,False,False,0.0014398015431653377,0.008142500752220064,0.0022097958232181756,-0.0002667687215084126,0.02297178130511468,FIXED_STRONG_SIMPLE_COMPARISON
McFaline/DecoderOnly,risk,B3_DeepSets,SameContextSupport,aurc,0.024615809401909165,0.024580418477453677,3.539092445548758e-05,-2.2694172706506573e-05,9.235065822280132e-05,5000,5000,15,15,1.0,0.5333333333333333,False,False,False,True,False,False,0.0014398015431653377,0.008142500752220064,0.0022097958232181756,-0.0002667687215084126,0.02297178130511468,FIXED_STRONG_SIMPLE_COMPARISON
McFaline/DecoderOnly,risk,B3_DeepSets,SameContextSupport,high_risk_miss_rate,0.2954585537918871,0.27248677248677244,0.02297178130511468,-0.04340672599005934,0.10239913019079695,5000,5000,15,15,1.0,0.5333333333333333,False,False,False,True,False,False,0.0014398015431653377,0.008142500752220064,0.0022097958232181756,-0.0002667687215084126,0.02297178130511468,FIXED_STRONG_SIMPLE_COMPARISON
McFaline/DecoderOnly,risk,B3_DeepSets,SameContextSupport,error_at_10,0.021681488946908006,0.021506373286247212,0.00017511566066079343,-7.76016629921882e-05,0.00044980636327008927,5000,5000,15,15,1.0,0.5333333333333333,False,False,False,True,False,False,0.0014398015431653377,0.008142500752220064,0.0022097958232181756,-0.0002667687215084126,0.02297178130511468,FIXED_STRONG_SIMPLE_COMPARISON
McFaline/DecoderOnly,risk,B3_DeepSets,SameContextSupport,error_at_20,0.022784335160138437,0.0227340974465564,5.0237713582035326e-05,-0.0001140877758214252,0.00027357241604025815,5000,5000,15,15,1.0,0.5333333333333333,False,False,False,True,False,False,0.0014398015431653377,0.008142500752220064,0.0022097958232181756,-0.0002667687215084126,0.02297178130511468,FIXED_STRONG_SIMPLE_COMPARISON
McFaline/DecoderOnly,risk,B3_DeepSets,SameContextSupport,error_at_50,0.024903012882608933,0.024909658000226865,-6.645117617932322e-06,-0.00014839400291967705,0.00011567935062561956,5000,5000,15,15,1.0,0.5333333333333333,False,False,False,True,False,False,0.0014398015431653377,0.008142500752220064,0.0022097958232181756,-0.0002667687215084126,0.02297178130511468,FIXED_STRONG_SIMPLE_COMPARISON
McFaline/DecoderOnly,risk,B3_DeepSets,SameContextSupport,bio_rmse,0.029639382073971696,0.03206495626613746,-0.0024255741921657623,-0.0025088341155302465,-0.0023485668693788257,5000,5000,15,15,1.0,0.5333333333333333,False,False,False,True,False,False,0.0014398015431653377,0.008142500752220064,0.0022097958232181756,-0.0002667687215084126,0.02297178130511468,FIXED_STRONG_SIMPLE_COMPARISON
McFaline/DecoderOnly,risk,B3_DeepSets,SameContextSupport,bio_cosine,0.21845831271453398,0.18086289431263677,0.0375954184018972,0.034421732073745506,0.040779417572267135,5000,5000,15,15,1.0,0.5333333333333333,False,False,False,True,False,False,0.0014398015431653377,0.008142500752220064,0.0022097958232181756,-0.0002667687215084126,0.02297178130511468,FIXED_STRONG_SIMPLE_COMPARISON
McFaline/DecoderOnly,risk,B3_DeepSets,SameConditionSupport,utility20,0.8647880700592522,0.7063557949847495,0.15843227507450264,0.05746982967862165,0.21122410727156948,5000,5000,15,15,1.0,1.0,True,True,True,True,True,True,-0.010982229751202438,-0.028248364186103613,-0.01879690379261191,-0.011138127911189654,-0.13549382716049385,FIXED_STRONG_SIMPLE_COMPARISON
McFaline/DecoderOnly,risk,B3_DeepSets,SameConditionSupport,aurc,0.024615809401909165,0.024889147740709255,-0.0002733383388000901,-0.0003687313848028894,-0.00018043236305010672,5000,5000,15,15,1.0,1.0,True,True,True,True,True,True,-0.010982229751202438,-0.028248364186103613,-0.01879690379261191,-0.011138127911189654,-0.13549382716049385,FIXED_STRONG_SIMPLE_COMPARISON
McFaline/DecoderOnly,risk,B3_DeepSets,SameConditionSupport,high_risk_miss_rate,0.2954585537918871,0.430952380952381,-0.13549382716049385,-0.1734794372294373,-0.021893839185505887,5000,5000,15,15,1.0,1.0,True,True,True,True,True,True,-0.010982229751202438,-0.028248364186103613,-0.01879690379261191,-0.011138127911189654,-0.13549382716049385,FIXED_STRONG_SIMPLE_COMPARISON
McFaline/DecoderOnly,risk,B3_DeepSets,SameConditionSupport,error_at_10,0.021681488946908006,0.02231175965939954,-0.0006302707124915333,-0.0009200841425918102,-8.031626594149507e-05,5000,5000,15,15,1.0,1.0,True,True,True,True,True,True,-0.010982229751202438,-0.028248364186103613,-0.01879690379261191,-0.011138127911189654,-0.13549382716049385,FIXED_STRONG_SIMPLE_COMPARISON
McFaline/DecoderOnly,risk,B3_DeepSets,SameConditionSupport,error_at_20,0.022784335160138437,0.02322081457774234,-0.0004364794176039029,-0.0006200550145443294,-0.00012025040365977376,5000,5000,15,15,1.0,1.0,True,True,True,True,True,True,-0.010982229751202438,-0.028248364186103613,-0.01879690379261191,-0.011138127911189654,-0.13549382716049385,FIXED_STRONG_SIMPLE_COMPARISON
McFaline/DecoderOnly,risk,B3_DeepSets,SameConditionSupport,error_at_50,0.024903012882608933,0.025183510038672394,-0.00028049715606346184,-0.0004921963430872238,-0.00010558747277488447,5000,5000,15,15,1.0,1.0,True,True,True,True,True,True,-0.010982229751202438,-0.028248364186103613,-0.01879690379261191,-0.011138127911189654,-0.13549382716049385,FIXED_STRONG_SIMPLE_COMPARISON
McFaline/DecoderOnly,risk,B3_DeepSets,SameConditionSupport,bio_rmse,0.029639382073971696,0.03524262387629359,-0.005603241802321891,-0.005781139829383443,-0.005450952343066968,5000,5000,15,15,1.0,1.0,True,True,True,True,True,True,-0.010982229751202438,-0.028248364186103613,-0.01879690379261191,-0.011138127911189654,-0.13549382716049385,FIXED_STRONG_SIMPLE_COMPARISON
McFaline/DecoderOnly,risk,B3_DeepSets,SameConditionSupport,bio_cosine,0.21845831271453398,0.10968438549040098,0.108773927224133,0.10333093953626751,0.11409919452256038,5000,5000,15,15,1.0,1.0,True,True,True,True,True,True,-0.010982229751202438,-0.028248364186103613,-0.01879690379261191,-0.011138127911189654,-0.13549382716049385,FIXED_STRONG_SIMPLE_COMPARISON
McFaline/DecoderOnly,direct_risk,B2_Pointwise,NearestControl,utility20,0.7798857628524519,0.7958109998412641,-0.015925236988812208,-0.1082410253838459,0.07600672422248547,5000,5000,15,15,1.0,0.4,False,False,False,True,False,False,0.0015845632749359217,0.015688368541913977,0.0015482972851012114,-0.001975284588894946,0.06507936507936507,FIXED_STRONG_SIMPLE_COMPARISON
McFaline/DecoderOnly,direct_risk,B2_Pointwise,NearestControl,aurc,0.024882067777346868,0.02484270294261386,3.9364834733008475e-05,-0.00011269026161281875,0.0001712869057182904,5000,5000,15,15,1.0,0.4,False,False,False,True,False,False,0.0015845632749359217,0.015688368541913977,0.0015482972851012114,-0.001975284588894946,0.06507936507936507,FIXED_STRONG_SIMPLE_COMPARISON
McFaline/DecoderOnly,direct_risk,B2_Pointwise,NearestControl,high_risk_miss_rate,0.40899470899470897,0.3439153439153439,0.06507936507936507,-0.06076410934744273,0.13651479076479073,5000,5000,15,15,1.0,0.4,False,False,False,True,False,False,0.0015845632749359217,0.015688368541913977,0.0015482972851012114,-0.001975284588894946,0.06507936507936507,FIXED_STRONG_SIMPLE_COMPARISON
McFaline/DecoderOnly,direct_risk,B2_Pointwise,NearestControl,error_at_10,0.02216972526576779,0.021827290685226472,0.000342434580541319,-0.0002680072411722249,0.0007014852392280257,5000,5000,15,15,1.0,0.4,False,False,False,True,False,False,0.0015845632749359217,0.015688368541913977,0.0015482972851012114,-0.001975284588894946,0.06507936507936507,FIXED_STRONG_SIMPLE_COMPARISON
McFaline/DecoderOnly,direct_risk,B2_Pointwise,NearestControl,error_at_20,0.02308873239185203,0.023053039433483836,3.5692958368194194e-05,-0.0003203388523545939,0.00040108198921208146,5000,5000,15,15,1.0,0.4,False,False,False,True,False,False,0.0015845632749359217,0.015688368541913977,0.0015482972851012114,-0.001975284588894946,0.06507936507936507,FIXED_STRONG_SIMPLE_COMPARISON
McFaline/DecoderOnly,direct_risk,B2_Pointwise,NearestControl,error_at_50,0.02519766055938532,0.025247531619500958,-4.9871060115638105e-05,-0.0003181031754359919,0.00023476990577238536,5000,5000,15,15,1.0,0.4,False,False,False,True,False,False,0.0015845632749359217,0.015688368541913977,0.0015482972851012114,-0.001975284588894946,0.06507936507936507,FIXED_STRONG_SIMPLE_COMPARISON
McFaline/DecoderOnly,direct_risk,B2_Pointwise,NearestControl,bio_rmse,0.02963951750028215,0.04191007598926382,-0.012270558488981672,-0.012573060789051436,-0.011974679138482514,5000,5000,15,15,1.0,0.4,False,False,False,True,False,False,0.0015845632749359217,0.015688368541913977,0.0015482972851012114,-0.001975284588894946,0.06507936507936507,FIXED_STRONG_SIMPLE_COMPARISON
McFaline/DecoderOnly,direct_risk,B2_Pointwise,NearestControl,bio_cosine,0.21862026345546953,0.11435038013358681,0.10426988332188272,0.09735138291506258,0.11131615566869542,5000,5000,15,15,1.0,0.4,False,False,False,True,False,False,0.0015845632749359217,0.015688368541913977,0.0015482972851012114,-0.001975284588894946,0.06507936507936507,FIXED_STRONG_SIMPLE_COMPARISON
McFaline/DecoderOnly,direct_risk,B2_Pointwise,SameContextSupport,utility20,0.7798857628524519,0.8259659852248992,-0.046080222372447244,-0.14588365260692693,-0.0035456732201828807,5000,5000,15,15,1.0,0.3333333333333333,False,False,False,True,False,False,0.006907568365957717,0.018110215613784668,0.009459459060938319,0.006780825274907902,0.09246031746031741,FIXED_STRONG_SIMPLE_COMPARISON
McFaline/DecoderOnly,direct_risk,B2_Pointwise,SameContextSupport,aurc,0.024882067777346868,0.02471137228387934,0.0001706954934675292,7.370069242589195e-05,0.00025909359166061775,5000,5000,15,15,1.0,0.3333333333333333,False,False,False,True,False,False,0.006907568365957717,0.018110215613784668,0.009459459060938319,0.006780825274907902,0.09246031746031741,FIXED_STRONG_SIMPLE_COMPARISON
McFaline/DecoderOnly,direct_risk,B2_Pointwise,SameContextSupport,high_risk_miss_rate,0.40899470899470897,0.31653439153439156,0.09246031746031741,-0.007516534391534402,0.15049643257976564,5000,5000,15,15,1.0,0.3333333333333333,False,False,False,True,False,False,0.006907568365957717,0.018110215613784668,0.009459459060938319,0.006780825274907902,0.09246031746031741,FIXED_STRONG_SIMPLE_COMPARISON
McFaline/DecoderOnly,direct_risk,B2_Pointwise,SameContextSupport,error_at_10,0.02216972526576779,0.021775368644545427,0.0003943566212223637,-5.8356366629062215e-05,0.0007743192210586516,5000,5000,15,15,1.0,0.3333333333333333,False,False,False,True,False,False,0.006907568365957717,0.018110215613784668,0.009459459060938319,0.006780825274907902,0.09246031746031741,FIXED_STRONG_SIMPLE_COMPARISON
McFaline/DecoderOnly,direct_risk,B2_Pointwise,SameContextSupport,error_at_20,0.02308873239185203,0.022872372124117395,0.00021636026773463532,-0.00012637014567936028,0.00048180860536735446,5000,5000,15,15,1.0,0.3333333333333333,False,False,False,True,False,False,0.006907568365957717,0.018110215613784668,0.009459459060938319,0.006780825274907902,0.09246031746031741,FIXED_STRONG_SIMPLE_COMPARISON
McFaline/DecoderOnly,direct_risk,B2_Pointwise,SameContextSupport,error_at_50,0.02519766055938532,0.025027950400728916,0.000169710158656404,8.171952294507968e-06,0.0003529237594184174,5000,5000,15,15,1.0,0.3333333333333333,False,False,False,True,False,False,0.006907568365957717,0.018110215613784668,0.009459459060938319,0.006780825274907902,0.09246031746031741,FIXED_STRONG_SIMPLE_COMPARISON
McFaline/DecoderOnly,direct_risk,B2_Pointwise,SameContextSupport,bio_rmse,0.02963951750028215,0.03206495626613746,-0.0024254387658553082,-0.00250902526778274,-0.00234842232951059,5000,5000,15,15,1.0,0.3333333333333333,False,False,False,True,False,False,0.006907568365957717,0.018110215613784668,0.009459459060938319,0.006780825274907902,0.09246031746031741,FIXED_STRONG_SIMPLE_COMPARISON
McFaline/DecoderOnly,direct_risk,B2_Pointwise,SameContextSupport,bio_cosine,0.21862026345546953,0.18086289431263677,0.03775736914283276,0.03461092459843689,0.04093172783826834,5000,5000,15,15,1.0,0.3333333333333333,False,False,False,True,False,False,0.006907568365957717,0.018110215613784668,0.009459459060938319,0.006780825274907902,0.09246031746031741,FIXED_STRONG_SIMPLE_COMPARISON
McFaline/DecoderOnly,direct_risk,B2_Pointwise,SameConditionSupport,utility20,0.7798857628524519,0.7150605037657555,0.06482525908669645,-0.04888817358075172,0.12226059293592778,5000,5000,15,15,1.0,0.5333333333333333,True,False,False,True,True,False,-0.002886354131534337,-0.004930918484967872,-0.004876551316296567,0.003318670557460938,-0.04219576719576723,FIXED_STRONG_SIMPLE_COMPARISON
McFaline/DecoderOnly,direct_risk,B2_Pointwise,SameConditionSupport,aurc,0.024882067777346868,0.0249540941300378,-7.202635269093136e-05,-0.0001788166561877841,4.2631533384021e-05,5000,5000,15,15,1.0,0.5333333333333333,True,False,False,True,True,False,-0.002886354131534337,-0.004930918484967872,-0.004876551316296567,0.003318670557460938,-0.04219576719576723,FIXED_STRONG_SIMPLE_COMPARISON
McFaline/DecoderOnly,direct_risk,B2_Pointwise,SameConditionSupport,high_risk_miss_rate,0.40899470899470897,0.4511904761904762,-0.04219576719576723,-0.10730445326278663,0.06449955908289244,5000,5000,15,15,1.0,0.5333333333333333,True,False,False,True,True,False,-0.002886354131534337,-0.004930918484967872,-0.004876551316296567,0.003318670557460938,-0.04219576719576723,FIXED_STRONG_SIMPLE_COMPARISON
McFaline/DecoderOnly,direct_risk,B2_Pointwise,SameConditionSupport,error_at_10,0.02216972526576779,0.02227958407873904,-0.00010985881297125022,-0.0005293624801043868,0.0003671409406492257,5000,5000,15,15,1.0,0.5333333333333333,True,False,False,True,True,False,-0.002886354131534337,-0.004930918484967872,-0.004876551316296567,0.003318670557460938,-0.04219576719576723,FIXED_STRONG_SIMPLE_COMPARISON
McFaline/DecoderOnly,direct_risk,B2_Pointwise,SameConditionSupport,error_at_20,0.02308873239185203,0.02320187753830199,-0.00011314514644995832,-0.0004210329472544761,0.00018648220452633887,5000,5000,15,15,1.0,0.5333333333333333,True,False,False,True,True,False,-0.002886354131534337,-0.004930918484967872,-0.004876551316296567,0.003318670557460938,-0.04219576719576723,FIXED_STRONG_SIMPLE_COMPARISON
McFaline/DecoderOnly,direct_risk,B2_Pointwise,SameConditionSupport,error_at_50,0.02519766055938532,0.02511431442353711,8.334613584820919e-05,-0.00024166269000113188,0.00020890060573756835,5000,5000,15,15,1.0,0.5333333333333333,True,False,False,True,True,False,-0.002886354131534337,-0.004930918484967872,-0.004876551316296567,0.003318670557460938,-0.04219576719576723,FIXED_STRONG_SIMPLE_COMPARISON
McFaline/DecoderOnly,direct_risk,B2_Pointwise,SameConditionSupport,bio_rmse,0.02963951750028215,0.03524262387629359,-0.005603106376011437,-0.005780868067993236,-0.005451114783080981,5000,5000,15,15,1.0,0.5333333333333333,True,False,False,True,True,False,-0.002886354131534337,-0.004930918484967872,-0.004876551316296567,0.003318670557460938,-0.04219576719576723,FIXED_STRONG_SIMPLE_COMPARISON
McFaline/DecoderOnly,direct_risk,B2_Pointwise,SameConditionSupport,bio_cosine,0.21862026345546953,0.10968438549040098,0.10893587796506855,0.10345562948699193,0.1142696193363673,5000,5000,15,15,1.0,0.5333333333333333,True,False,False,True,True,False,-0.002886354131534337,-0.004930918484967872,-0.004876551316296567,0.003318670557460938,-0.04219576719576723,FIXED_STRONG_SIMPLE_COMPARISON
McFaline/DecoderOnly,direct_risk,B3_DeepSets,NearestControl,utility20,0.7893969542428478,0.7958109998412641,-0.006414045598416296,-0.11056261776023002,0.07810501751912864,5000,5000,15,15,1.0,0.4666666666666667,False,False,False,True,False,False,0.0014704438061750285,0.015383893458489593,0.0019156265350309266,-0.0017365768697351575,0.06261022927689597,FIXED_STRONG_SIMPLE_COMPARISON
McFaline/DecoderOnly,direct_risk,B3_DeepSets,NearestControl,aurc,0.024879232741284472,0.02484270294261386,3.6529798670612706e-05,-0.00011676104236585036,0.00017019428804222847,5000,5000,15,15,1.0,0.4666666666666667,False,False,False,True,False,False,0.0014704438061750285,0.015383893458489593,0.0019156265350309266,-0.0017365768697351575,0.06261022927689597,FIXED_STRONG_SIMPLE_COMPARISON
McFaline/DecoderOnly,direct_risk,B3_DeepSets,NearestControl,high_risk_miss_rate,0.40652557319223986,0.3439153439153439,0.06261022927689597,-0.05953108465608472,0.13690476190476192,5000,5000,15,15,1.0,0.4666666666666667,False,False,False,True,False,False,0.0014704438061750285,0.015383893458489593,0.0019156265350309266,-0.0017365768697351575,0.06261022927689597,FIXED_STRONG_SIMPLE_COMPARISON
McFaline/DecoderOnly,direct_risk,B3_DeepSets,NearestControl,error_at_10,0.02216307939961548,0.021827290685226472,0.00033578871438900634,-0.0002753001779007407,0.0006913836353123332,5000,5000,15,15,1.0,0.4666666666666667,False,False,False,True,False,False,0.0014704438061750285,0.015383893458489593,0.0019156265350309266,-0.0017365768697351575,0.06261022927689597,FIXED_STRONG_SIMPLE_COMPARISON
McFaline/DecoderOnly,direct_risk,B3_DeepSets,NearestControl,error_at_20,0.023097200447535732,0.023053039433483836,4.416101405189596e-05,-0.0003228918874749971,0.0003993934915816575,5000,5000,15,15,1.0,0.4666666666666667,False,False,False,True,False,False,0.0014704438061750285,0.015383893458489593,0.0019156265350309266,-0.0017365768697351575,0.06261022927689597,FIXED_STRONG_SIMPLE_COMPARISON
McFaline/DecoderOnly,direct_risk,B3_DeepSets,NearestControl,error_at_50,0.025203687340072625,0.025247531619500958,-4.384427942833238e-05,-0.0003214821662234577,0.00023791844908935058,5000,5000,15,15,1.0,0.4666666666666667,False,False,False,True,False,False,0.0014704438061750285,0.015383893458489593,0.0019156265350309266,-0.0017365768697351575,0.06261022927689597,FIXED_STRONG_SIMPLE_COMPARISON
McFaline/DecoderOnly,direct_risk,B3_DeepSets,NearestControl,bio_rmse,0.029639382073971696,0.04191007598926382,-0.012270693915292126,-0.012573227493746434,-0.011974893428180746,5000,5000,15,15,1.0,0.4666666666666667,False,False,False,True,False,False,0.0014704438061750285,0.015383893458489593,0.0019156265350309266,-0.0017365768697351575,0.06261022927689597,FIXED_STRONG_SIMPLE_COMPARISON
McFaline/DecoderOnly,direct_risk,B3_DeepSets,NearestControl,bio_cosine,0.21845831271453398,0.11435038013358681,0.10410793258094717,0.09719230348590939,0.11117986859210492,5000,5000,15,15,1.0,0.4666666666666667,False,False,False,True,False,False,0.0014704438061750285,0.015383893458489593,0.0019156265350309266,-0.0017365768697351575,0.06261022927689597,FIXED_STRONG_SIMPLE_COMPARISON
McFaline/DecoderOnly,direct_risk,B3_DeepSets,SameContextSupport,utility20,0.7893969542428478,0.8259659852248992,-0.03656903098205133,-0.1456576688314173,-0.002775548424038993,5000,5000,15,15,1.0,0.4,False,False,False,True,False,False,0.006792842399717257,0.017805014528062643,0.009829689819591146,0.007021627281896464,0.08999118165784831,FIXED_STRONG_SIMPLE_COMPARISON
McFaline/DecoderOnly,direct_risk,B3_DeepSets,SameContextSupport,aurc,0.024879232741284472,0.02471137228387934,0.00016786045740513345,6.707375840648522e-05,0.00025841501407561124,5000,5000,15,15,1.0,0.4,False,False,False,True,False,False,0.006792842399717257,0.017805014528062643,0.009829689819591146,0.007021627281896464,0.08999118165784831,FIXED_STRONG_SIMPLE_COMPARISON
McFaline/DecoderOnly,direct_risk,B3_DeepSets,SameContextSupport,high_risk_miss_rate,0.40652557319223986,0.31653439153439156,0.08999118165784831,-0.007822310405643722,0.1521785714285714,5000,5000,15,15,1.0,0.4,False,False,False,True,False,False,0.006792842399717257,0.017805014528062643,0.009829689819591146,0.007021627281896464,0.08999118165784831,FIXED_STRONG_SIMPLE_COMPARISON
McFaline/DecoderOnly,direct_risk,B3_DeepSets,SameContextSupport,error_at_10,0.02216307939961548,0.021775368644545427,0.00038771075507005107,-6.349006260710845e-05,0.0007689511331522606,5000,5000,15,15,1.0,0.4,False,False,False,True,False,False,0.006792842399717257,0.017805014528062643,0.009829689819591146,0.007021627281896464,0.08999118165784831,FIXED_STRONG_SIMPLE_COMPARISON
McFaline/DecoderOnly,direct_risk,B3_DeepSets,SameContextSupport,error_at_20,0.023097200447535732,0.022872372124117395,0.00022482832341833708,-0.00013404687273815542,0.00047509050072216247,5000,5000,15,15,1.0,0.4,False,False,False,True,False,False,0.006792842399717257,0.017805014528062643,0.009829689819591146,0.007021627281896464,0.08999118165784831,FIXED_STRONG_SIMPLE_COMPARISON
McFaline/DecoderOnly,direct_risk,B3_DeepSets,SameContextSupport,error_at_50,0.025203687340072625,0.025027950400728916,0.0001757369393437097,4.325739150550477e-06,0.00035258128710806045,5000,5000,15,15,1.0,0.4,False,False,False,True,False,False,0.006792842399717257,0.017805014528062643,0.009829689819591146,0.007021627281896464,0.08999118165784831,FIXED_STRONG_SIMPLE_COMPARISON
McFaline/DecoderOnly,direct_risk,B3_DeepSets,SameContextSupport,bio_rmse,0.029639382073971696,0.03206495626613746,-0.0024255741921657623,-0.0025088341155302465,-0.0023485668693788257,5000,5000,15,15,1.0,0.4,False,False,False,True,False,False,0.006792842399717257,0.017805014528062643,0.009829689819591146,0.007021627281896464,0.08999118165784831,FIXED_STRONG_SIMPLE_COMPARISON
McFaline/DecoderOnly,direct_risk,B3_DeepSets,SameContextSupport,bio_cosine,0.21845831271453398,0.18086289431263677,0.0375954184018972,0.034421732073745506,0.040779417572267135,5000,5000,15,15,1.0,0.4,False,False,False,True,False,False,0.006792842399717257,0.017805014528062643,0.009829689819591146,0.007021627281896464,0.08999118165784831,FIXED_STRONG_SIMPLE_COMPARISON
McFaline/DecoderOnly,direct_risk,B3_DeepSets,SameConditionSupport,utility20,0.7893969542428478,0.7150605037657555,0.07433645047709236,-0.04915987643847193,0.1253753381480073,5000,5000,15,15,1.0,0.5333333333333333,True,False,False,True,True,False,-0.002999964188770724,-0.0052292124804403746,-0.0045115784527978015,0.003558644485702333,-0.04466490299823633,FIXED_STRONG_SIMPLE_COMPARISON
McFaline/DecoderOnly,direct_risk,B3_DeepSets,SameConditionSupport,aurc,0.024879232741284472,0.0249540941300378,-7.486138875332712e-05,-0.0001801271812803839,3.8966271089649114e-05,5000,5000,15,15,1.0,0.5333333333333333,True,False,False,True,True,False,-0.002999964188770724,-0.0052292124804403746,-0.0045115784527978015,0.003558644485702333,-0.04466490299823633,FIXED_STRONG_SIMPLE_COMPARISON
McFaline/DecoderOnly,direct_risk,B3_DeepSets,SameConditionSupport,high_risk_miss_rate,0.40652557319223986,0.4511904761904762,-0.04466490299823633,-0.10516358024691365,0.06511552028218698,5000,5000,15,15,1.0,0.5333333333333333,True,False,False,True,True,False,-0.002999964188770724,-0.0052292124804403746,-0.0045115784527978015,0.003558644485702333,-0.04466490299823633,FIXED_STRONG_SIMPLE_COMPARISON
McFaline/DecoderOnly,direct_risk,B3_DeepSets,SameConditionSupport,error_at_10,0.02216307939961548,0.02227958407873904,-0.00011650467912356285,-0.0005301486383088703,0.0003663369372176675,5000,5000,15,15,1.0,0.5333333333333333,True,False,False,True,True,False,-0.002999964188770724,-0.0052292124804403746,-0.0045115784527978015,0.003558644485702333,-0.04466490299823633,FIXED_STRONG_SIMPLE_COMPARISON
McFaline/DecoderOnly,direct_risk,B3_DeepSets,SameConditionSupport,error_at_20,0.023097200447535732,0.02320187753830199,-0.00010467709076625656,-0.0004251088321199015,0.00018395770565735183,5000,5000,15,15,1.0,0.5333333333333333,True,False,False,True,True,False,-0.002999964188770724,-0.0052292124804403746,-0.0045115784527978015,0.003558644485702333,-0.04466490299823633,FIXED_STRONG_SIMPLE_COMPARISON
McFaline/DecoderOnly,direct_risk,B3_DeepSets,SameConditionSupport,error_at_50,0.025203687340072625,0.02511431442353711,8.937291653551491e-05,-0.00024124791347638654,0.0002120164468013116,5000,5000,15,15,1.0,0.5333333333333333,True,False,False,True,True,False,-0.002999964188770724,-0.0052292124804403746,-0.0045115784527978015,0.003558644485702333,-0.04466490299823633,FIXED_STRONG_SIMPLE_COMPARISON
McFaline/DecoderOnly,direct_risk,B3_DeepSets,SameConditionSupport,bio_rmse,0.029639382073971696,0.03524262387629359,-0.005603241802321891,-0.005781139829383443,-0.005450952343066968,5000,5000,15,15,1.0,0.5333333333333333,True,False,False,True,True,False,-0.002999964188770724,-0.0052292124804403746,-0.0045115784527978015,0.003558644485702333,-0.04466490299823633,FIXED_STRONG_SIMPLE_COMPARISON
McFaline/DecoderOnly,direct_risk,B3_DeepSets,SameConditionSupport,bio_cosine,0.21845831271453398,0.10968438549040098,0.108773927224133,0.10333093953626751,0.11409919452256038,5000,5000,15,15,1.0,0.5333333333333333,True,False,False,True,True,False,-0.002999964188770724,-0.0052292124804403746,-0.0045115784527978015,0.003558644485702333,-0.04466490299823633,FIXED_STRONG_SIMPLE_COMPARISON
Source/MACRO,risk,B2_Pointwise,NearestControl,utility20,0.6332698312570006,0.47197456681540084,0.1612952644415998,0.10309336148055397,0.21437473488927267,5000,5000,40,40,1.0,0.925,True,True,True,True,True,True,-0.05064146542618876,-0.09289586118431199,-0.09377026977845582,-0.050337959094703275,-0.12663558383561918,FIXED_STRONG_SIMPLE_COMPARISON
Source/MACRO,risk,B2_Pointwise,NearestControl,aurc,0.05148858736718236,0.05423513403215653,-0.0027465466649741685,-0.0033849390829265476,-0.0020938931230694703,5000,5000,40,40,1.0,0.925,True,True,True,True,True,True,-0.05064146542618876,-0.09289586118431199,-0.09377026977845582,-0.050337959094703275,-0.12663558383561918,FIXED_STRONG_SIMPLE_COMPARISON
Source/MACRO,risk,B2_Pointwise,NearestControl,high_risk_miss_rate,0.4686108088671523,0.5952463927027715,-0.12663558383561918,-0.16838508930568463,-0.07571237091209915,5000,5000,40,40,1.0,0.925,True,True,True,True,True,True,-0.05064146542618876,-0.09289586118431199,-0.09377026977845582,-0.050337959094703275,-0.12663558383561918,FIXED_STRONG_SIMPLE_COMPARISON
Source/MACRO,risk,B2_Pointwise,NearestControl,error_at_10,0.046068222437838605,0.05078603488457799,-0.004717812446739383,-0.007589970108964061,-0.002396748298176115,5000,5000,40,40,1.0,0.925,True,True,True,True,True,True,-0.05064146542618876,-0.09289586118431199,-0.09377026977845582,-0.050337959094703275,-0.12663558383561918,FIXED_STRONG_SIMPLE_COMPARISON
Source/MACRO,risk,B2_Pointwise,NearestControl,error_at_20,0.04586920546234184,0.05061542778024761,-0.0047462223179057655,-0.00670688366257258,-0.0031307035629449674,5000,5000,40,40,1.0,0.925,True,True,True,True,True,True,-0.05064146542618876,-0.09289586118431199,-0.09377026977845582,-0.050337959094703275,-0.12663558383561918,FIXED_STRONG_SIMPLE_COMPARISON
Source/MACRO,risk,B2_Pointwise,NearestControl,error_at_50,0.05011784778277728,0.052774403549920544,-0.0026565557671432635,-0.0035841185017253386,-0.0019999392077060386,5000,5000,40,40,1.0,0.925,True,True,True,True,True,True,-0.05064146542618876,-0.09289586118431199,-0.09377026977845582,-0.050337959094703275,-0.12663558383561918,FIXED_STRONG_SIMPLE_COMPARISON
Source/MACRO,risk,B2_Pointwise,NearestControl,bio_rmse,0.05974582044408625,0.0666216570628709,-0.006875836618784652,-0.007283880482019147,-0.006493962069824229,5000,5000,40,40,1.0,0.925,True,True,True,True,True,True,-0.05064146542618876,-0.09289586118431199,-0.09377026977845582,-0.050337959094703275,-0.12663558383561918,FIXED_STRONG_SIMPLE_COMPARISON
Source/MACRO,risk,B2_Pointwise,NearestControl,bio_cosine,0.5486997800683712,0.468130298360244,0.08056948170812717,0.07691986688613259,0.0843246341581624,5000,5000,40,40,1.0,0.925,True,True,True,True,True,True,-0.05064146542618876,-0.09289586118431199,-0.09377026977845582,-0.050337959094703275,-0.12663558383561918,FIXED_STRONG_SIMPLE_COMPARISON
Source/MACRO,risk,B2_Pointwise,SameContextSupport,utility20,0.6332698312570006,0.5517432121402659,0.08152661911673476,0.0324969190416569,0.123252085935152,5000,5000,40,40,1.0,0.875,True,True,True,True,True,True,-0.011833655728013868,-0.015152386223951162,-0.027050111620443688,-0.015265830140537827,-0.044957615737624634,FIXED_STRONG_SIMPLE_COMPARISON
Source/MACRO,risk,B2_Pointwise,SameContextSupport,aurc,0.05148858736718236,0.0521051821544435,-0.0006165947872611363,-0.0009811658396947003,-0.0002885429466077188,5000,5000,40,40,1.0,0.875,True,True,True,True,True,True,-0.011833655728013868,-0.015152386223951162,-0.027050111620443688,-0.015265830140537827,-0.044957615737624634,FIXED_STRONG_SIMPLE_COMPARISON
Source/MACRO,risk,B2_Pointwise,SameContextSupport,high_risk_miss_rate,0.4686108088671523,0.5135684246047769,-0.044957615737624634,-0.0903559909759358,-0.011185371793919449,5000,5000,40,40,1.0,0.875,True,True,True,True,True,True,-0.011833655728013868,-0.015152386223951162,-0.027050111620443688,-0.015265830140537827,-0.044957615737624634,FIXED_STRONG_SIMPLE_COMPARISON
Source/MACRO,risk,B2_Pointwise,SameContextSupport,error_at_10,0.046068222437838605,0.046777005694521964,-0.0007087832566833596,-0.002098054267707053,0.0010515021204428143,5000,5000,40,40,1.0,0.875,True,True,True,True,True,True,-0.011833655728013868,-0.015152386223951162,-0.027050111620443688,-0.015265830140537827,-0.044957615737624634,FIXED_STRONG_SIMPLE_COMPARISON
Source/MACRO,risk,B2_Pointwise,SameContextSupport,error_at_20,0.04586920546234184,0.04714446860026553,-0.001275263137923685,-0.0022564526578101713,1.2501529064267718e-05,5000,5000,40,40,1.0,0.875,True,True,True,True,True,True,-0.011833655728013868,-0.015152386223951162,-0.027050111620443688,-0.015265830140537827,-0.044957615737624634,FIXED_STRONG_SIMPLE_COMPARISON
Source/MACRO,risk,B2_Pointwise,SameContextSupport,error_at_50,0.05011784778277728,0.05089479914150834,-0.0007769513587310567,-0.0014217660264312525,-0.00021803539046792486,5000,5000,40,40,1.0,0.875,True,True,True,True,True,True,-0.011833655728013868,-0.015152386223951162,-0.027050111620443688,-0.015265830140537827,-0.044957615737624634,FIXED_STRONG_SIMPLE_COMPARISON
Source/MACRO,risk,B2_Pointwise,SameContextSupport,bio_rmse,0.05974582044408625,0.06259610835008626,-0.002850287906000011,-0.0031677314013765752,-0.002553298936732144,5000,5000,40,40,1.0,0.875,True,True,True,True,True,True,-0.011833655728013868,-0.015152386223951162,-0.027050111620443688,-0.015265830140537827,-0.044957615737624634,FIXED_STRONG_SIMPLE_COMPARISON
Source/MACRO,risk,B2_Pointwise,SameContextSupport,bio_cosine,0.5486997800683712,0.524231263805605,0.024468516262766138,0.020829142926262624,0.028350556177067308,5000,5000,40,40,1.0,0.875,True,True,True,True,True,True,-0.011833655728013868,-0.015152386223951162,-0.027050111620443688,-0.015265830140537827,-0.044957615737624634,FIXED_STRONG_SIMPLE_COMPARISON
Source/MACRO,risk,B2_Pointwise,SameConditionSupport,utility20,0.6332698312570006,0.5517432121402659,0.08152661911673476,0.0324969190416569,0.123252085935152,5000,5000,40,40,1.0,0.875,True,True,True,True,True,True,-0.011833655728013868,-0.015152386223951162,-0.027050111620443688,-0.015265830140537827,-0.044957615737624634,FIXED_STRONG_SIMPLE_COMPARISON
Source/MACRO,risk,B2_Pointwise,SameConditionSupport,aurc,0.05148858736718236,0.0521051821544435,-0.0006165947872611363,-0.0009811658396947003,-0.0002885429466077188,5000,5000,40,40,1.0,0.875,True,True,True,True,True,True,-0.011833655728013868,-0.015152386223951162,-0.027050111620443688,-0.015265830140537827,-0.044957615737624634,FIXED_STRONG_SIMPLE_COMPARISON
Source/MACRO,risk,B2_Pointwise,SameConditionSupport,high_risk_miss_rate,0.4686108088671523,0.5135684246047769,-0.044957615737624634,-0.0903559909759358,-0.011185371793919449,5000,5000,40,40,1.0,0.875,True,True,True,True,True,True,-0.011833655728013868,-0.015152386223951162,-0.027050111620443688,-0.015265830140537827,-0.044957615737624634,FIXED_STRONG_SIMPLE_COMPARISON
Source/MACRO,risk,B2_Pointwise,SameConditionSupport,error_at_10,0.046068222437838605,0.046777005694521964,-0.0007087832566833596,-0.002098054267707053,0.0010515021204428143,5000,5000,40,40,1.0,0.875,True,True,True,True,True,True,-0.011833655728013868,-0.015152386223951162,-0.027050111620443688,-0.015265830140537827,-0.044957615737624634,FIXED_STRONG_SIMPLE_COMPARISON
Source/MACRO,risk,B2_Pointwise,SameConditionSupport,error_at_20,0.04586920546234184,0.04714446860026553,-0.001275263137923685,-0.0022564526578101713,1.2501529064267718e-05,5000,5000,40,40,1.0,0.875,True,True,True,True,True,True,-0.011833655728013868,-0.015152386223951162,-0.027050111620443688,-0.015265830140537827,-0.044957615737624634,FIXED_STRONG_SIMPLE_COMPARISON
Source/MACRO,risk,B2_Pointwise,SameConditionSupport,error_at_50,0.05011784778277728,0.05089479914150834,-0.0007769513587310567,-0.0014217660264312525,-0.00021803539046792486,5000,5000,40,40,1.0,0.875,True,True,True,True,True,True,-0.011833655728013868,-0.015152386223951162,-0.027050111620443688,-0.015265830140537827,-0.044957615737624634,FIXED_STRONG_SIMPLE_COMPARISON
Source/MACRO,risk,B2_Pointwise,SameConditionSupport,bio_rmse,0.05974582044408625,0.06259610835008626,-0.002850287906000011,-0.0031677314013765752,-0.002553298936732144,5000,5000,40,40,1.0,0.875,True,True,True,True,True,True,-0.011833655728013868,-0.015152386223951162,-0.027050111620443688,-0.015265830140537827,-0.044957615737624634,FIXED_STRONG_SIMPLE_COMPARISON
Source/MACRO,risk,B2_Pointwise,SameConditionSupport,bio_cosine,0.5486997800683712,0.524231263805605,0.024468516262766138,0.020829142926262624,0.028350556177067308,5000,5000,40,40,1.0,0.875,True,True,True,True,True,True,-0.011833655728013868,-0.015152386223951162,-0.027050111620443688,-0.015265830140537827,-0.044957615737624634,FIXED_STRONG_SIMPLE_COMPARISON
Source/MACRO,risk,B3_DeepSets,NearestControl,utility20,0.6309211453905548,0.47197456681540084,0.15894657857515393,0.10202888904912245,0.21388008234972666,5000,5000,40,40,1.0,0.925,True,True,True,True,True,True,-0.050510940591402535,-0.09349428994258525,-0.09285415127703395,-0.04999753781785992,-0.12271082295109759,FIXED_STRONG_SIMPLE_COMPARISON
Source/MACRO,risk,B3_DeepSets,NearestControl,aurc,0.05149566639909152,0.05423513403215653,-0.0027394676330650125,-0.003377900194325662,-0.002088781019215883,5000,5000,40,40,1.0,0.925,True,True,True,True,True,True,-0.050510940591402535,-0.09349428994258525,-0.09285415127703395,-0.04999753781785992,-0.12271082295109759,FIXED_STRONG_SIMPLE_COMPARISON
Source/MACRO,risk,B3_DeepSets,NearestControl,high_risk_miss_rate,0.4725355697516739,0.5952463927027715,-0.12271082295109759,-0.16512929111048893,-0.07467947133628602,5000,5000,40,40,1.0,0.925,True,True,True,True,True,True,-0.050510940591402535,-0.09349428994258525,-0.09285415127703395,-0.04999753781785992,-0.12271082295109759,FIXED_STRONG_SIMPLE_COMPARISON
Source/MACRO,risk,B3_DeepSets,NearestControl,error_at_10,0.046037830614045004,0.05078603488457799,-0.004748204270532984,-0.0075918940277895355,-0.0023925027682136896,5000,5000,40,40,1.0,0.925,True,True,True,True,True,True,-0.050510940591402535,-0.09349428994258525,-0.09285415127703395,-0.04999753781785992,-0.12271082295109759,FIXED_STRONG_SIMPLE_COMPARISON
Source/MACRO,risk,B3_DeepSets,NearestControl,error_at_20,0.04591557519218871,0.05061542778024761,-0.004699852588058898,-0.006697623224692567,-0.003052737861564724,5000,5000,40,40,1.0,0.925,True,True,True,True,True,True,-0.050510940591402535,-0.09349428994258525,-0.09285415127703395,-0.04999753781785992,-0.12271082295109759,FIXED_STRONG_SIMPLE_COMPARISON
Source/MACRO,risk,B3_DeepSets,NearestControl,error_at_50,0.05013581331261839,0.052774403549920544,-0.0026385902373021533,-0.003562934374668075,-0.0020081409630758195,5000,5000,40,40,1.0,0.925,True,True,True,True,True,True,-0.050510940591402535,-0.09349428994258525,-0.09285415127703395,-0.04999753781785992,-0.12271082295109759,FIXED_STRONG_SIMPLE_COMPARISON
Source/MACRO,risk,B3_DeepSets,NearestControl,bio_rmse,0.05973872355016233,0.0666216570628709,-0.006882933512708571,-0.007286534086915071,-0.006502105466951153,5000,5000,40,40,1.0,0.925,True,True,True,True,True,True,-0.050510940591402535,-0.09349428994258525,-0.09285415127703395,-0.04999753781785992,-0.12271082295109759,FIXED_STRONG_SIMPLE_COMPARISON
Source/MACRO,risk,B3_DeepSets,NearestControl,bio_cosine,0.548584793200271,0.468130298360244,0.08045449484002698,0.07679786620817114,0.0842217339726254,5000,5000,40,40,1.0,0.925,True,True,True,True,True,True,-0.050510940591402535,-0.09349428994258525,-0.09285415127703395,-0.04999753781785992,-0.12271082295109759,FIXED_STRONG_SIMPLE_COMPARISON
Source/MACRO,risk,B3_DeepSets,SameContextSupport,utility20,0.6309211453905548,0.5517432121402659,0.07917793325028888,0.02931107037617852,0.1239118912996288,5000,5000,40,40,1.0,0.875,True,True,True,True,True,True,-0.011697795308446132,-0.01580210339464983,-0.02606654491105868,-0.01491283670812131,-0.04103285485310304,FIXED_STRONG_SIMPLE_COMPARISON
Source/MACRO,risk,B3_DeepSets,SameContextSupport,aurc,0.05149566639909152,0.0521051821544435,-0.0006095157553519803,-0.000984873369687641,-0.00027236110410018484,5000,5000,40,40,1.0,0.875,True,True,True,True,True,True,-0.011697795308446132,-0.01580210339464983,-0.02606654491105868,-0.01491283670812131,-0.04103285485310304,FIXED_STRONG_SIMPLE_COMPARISON
Source/MACRO,risk,B3_DeepSets,SameContextSupport,high_risk_miss_rate,0.4725355697516739,0.5135684246047769,-0.04103285485310304,-0.0874756674338945,-0.008988685962258424,5000,5000,40,40,1.0,0.875,True,True,True,True,True,True,-0.011697795308446132,-0.01580210339464983,-0.02606654491105868,-0.01491283670812131,-0.04103285485310304,FIXED_STRONG_SIMPLE_COMPARISON
Source/MACRO,risk,B3_DeepSets,SameContextSupport,error_at_10,0.046037830614045004,0.046777005694521964,-0.0007391750804769601,-0.00211429269780197,0.00103179998803113,5000,5000,40,40,1.0,0.875,True,True,True,True,True,True,-0.011697795308446132,-0.01580210339464983,-0.02606654491105868,-0.01491283670812131,-0.04103285485310304,FIXED_STRONG_SIMPLE_COMPARISON
Source/MACRO,risk,B3_DeepSets,SameContextSupport,error_at_20,0.04591557519218871,0.04714446860026553,-0.0012288934080768171,-0.0022417303240279372,4.9244313184417234e-05,5000,5000,40,40,1.0,0.875,True,True,True,True,True,True,-0.011697795308446132,-0.01580210339464983,-0.02606654491105868,-0.01491283670812131,-0.04103285485310304,FIXED_STRONG_SIMPLE_COMPARISON
Source/MACRO,risk,B3_DeepSets,SameContextSupport,error_at_50,0.05013581331261839,0.05089479914150834,-0.0007589858288899465,-0.0014176871911912201,-0.0002090766938287415,5000,5000,40,40,1.0,0.875,True,True,True,True,True,True,-0.011697795308446132,-0.01580210339464983,-0.02606654491105868,-0.01491283670812131,-0.04103285485310304,FIXED_STRONG_SIMPLE_COMPARISON
Source/MACRO,risk,B3_DeepSets,SameContextSupport,bio_rmse,0.05973872355016233,0.06259610835008626,-0.00285738479992393,-0.0031737223722291025,-0.0025641484218628546,5000,5000,40,40,1.0,0.875,True,True,True,True,True,True,-0.011697795308446132,-0.01580210339464983,-0.02606654491105868,-0.01491283670812131,-0.04103285485310304,FIXED_STRONG_SIMPLE_COMPARISON
Source/MACRO,risk,B3_DeepSets,SameContextSupport,bio_cosine,0.548584793200271,0.524231263805605,0.02435352939466595,0.020748968162588095,0.028207123854803152,5000,5000,40,40,1.0,0.875,True,True,True,True,True,True,-0.011697795308446132,-0.01580210339464983,-0.02606654491105868,-0.01491283670812131,-0.04103285485310304,FIXED_STRONG_SIMPLE_COMPARISON
Source/MACRO,risk,B3_DeepSets,SameConditionSupport,utility20,0.6309211453905548,0.5517432121402659,0.07917793325028888,0.02931107037617852,0.1239118912996288,5000,5000,40,40,1.0,0.875,True,True,True,True,True,True,-0.011697795308446132,-0.01580210339464983,-0.02606654491105868,-0.01491283670812131,-0.04103285485310304,FIXED_STRONG_SIMPLE_COMPARISON
Source/MACRO,risk,B3_DeepSets,SameConditionSupport,aurc,0.05149566639909152,0.0521051821544435,-0.0006095157553519803,-0.000984873369687641,-0.00027236110410018484,5000,5000,40,40,1.0,0.875,True,True,True,True,True,True,-0.011697795308446132,-0.01580210339464983,-0.02606654491105868,-0.01491283670812131,-0.04103285485310304,FIXED_STRONG_SIMPLE_COMPARISON
Source/MACRO,risk,B3_DeepSets,SameConditionSupport,high_risk_miss_rate,0.4725355697516739,0.5135684246047769,-0.04103285485310304,-0.0874756674338945,-0.008988685962258424,5000,5000,40,40,1.0,0.875,True,True,True,True,True,True,-0.011697795308446132,-0.01580210339464983,-0.02606654491105868,-0.01491283670812131,-0.04103285485310304,FIXED_STRONG_SIMPLE_COMPARISON
Source/MACRO,risk,B3_DeepSets,SameConditionSupport,error_at_10,0.046037830614045004,0.046777005694521964,-0.0007391750804769601,-0.00211429269780197,0.00103179998803113,5000,5000,40,40,1.0,0.875,True,True,True,True,True,True,-0.011697795308446132,-0.01580210339464983,-0.02606654491105868,-0.01491283670812131,-0.04103285485310304,FIXED_STRONG_SIMPLE_COMPARISON
Source/MACRO,risk,B3_DeepSets,SameConditionSupport,error_at_20,0.04591557519218871,0.04714446860026553,-0.0012288934080768171,-0.0022417303240279372,4.9244313184417234e-05,5000,5000,40,40,1.0,0.875,True,True,True,True,True,True,-0.011697795308446132,-0.01580210339464983,-0.02606654491105868,-0.01491283670812131,-0.04103285485310304,FIXED_STRONG_SIMPLE_COMPARISON
Source/MACRO,risk,B3_DeepSets,SameConditionSupport,error_at_50,0.05013581331261839,0.05089479914150834,-0.0007589858288899465,-0.0014176871911912201,-0.0002090766938287415,5000,5000,40,40,1.0,0.875,True,True,True,True,True,True,-0.011697795308446132,-0.01580210339464983,-0.02606654491105868,-0.01491283670812131,-0.04103285485310304,FIXED_STRONG_SIMPLE_COMPARISON
Source/MACRO,risk,B3_DeepSets,SameConditionSupport,bio_rmse,0.05973872355016233,0.06259610835008626,-0.00285738479992393,-0.0031737223722291025,-0.0025641484218628546,5000,5000,40,40,1.0,0.875,True,True,True,True,True,True,-0.011697795308446132,-0.01580210339464983,-0.02606654491105868,-0.01491283670812131,-0.04103285485310304,FIXED_STRONG_SIMPLE_COMPARISON
Source/MACRO,risk,B3_DeepSets,SameConditionSupport,bio_cosine,0.548584793200271,0.524231263805605,0.02435352939466595,0.020748968162588095,0.028207123854803152,5000,5000,40,40,1.0,0.875,True,True,True,True,True,True,-0.011697795308446132,-0.01580210339464983,-0.02606654491105868,-0.01491283670812131,-0.04103285485310304,FIXED_STRONG_SIMPLE_COMPARISON
Source/MACRO,direct_risk,B2_Pointwise,NearestControl,utility20,0.48869160074999984,0.47197456681540084,0.016717033934599,-0.04534220919791303,0.0800245629205418,5000,5000,40,40,1.0,0.525,True,False,False,True,True,False,-0.0024934774052941923,0.036393666878246585,0.009186887912389401,-0.0028872398505968093,-0.037797951783052564,FIXED_STRONG_SIMPLE_COMPARISON
Source/MACRO,direct_risk,B2_Pointwise,NearestControl,aurc,0.05409989995087425,0.05423513403215653,-0.00013523408128228442,-0.0010624246871235694,0.0009395711857545569,5000,5000,40,40,1.0,0.525,True,False,False,True,True,False,-0.0024934774052941923,0.036393666878246585,0.009186887912389401,-0.0028872398505968093,-0.037797951783052564,FIXED_STRONG_SIMPLE_COMPARISON
Source/MACRO,direct_risk,B2_Pointwise,NearestControl,high_risk_miss_rate,0.5574484409197189,0.5952463927027715,-0.037797951783052564,-0.08486753818868005,0.010686415402706399,5000,5000,40,40,1.0,0.525,True,False,False,True,True,False,-0.0024934774052941923,0.036393666878246585,0.009186887912389401,-0.0028872398505968093,-0.037797951783052564,FIXED_STRONG_SIMPLE_COMPARISON
Source/MACRO,direct_risk,B2_Pointwise,NearestControl,error_at_10,0.05263432492023433,0.05078603488457799,0.0018482900356563414,-0.0019647048411999867,0.004594890468527068,5000,5000,40,40,1.0,0.525,True,False,False,True,True,False,-0.0024934774052941923,0.036393666878246585,0.009186887912389401,-0.0028872398505968093,-0.037797951783052564,FIXED_STRONG_SIMPLE_COMPARISON
Source/MACRO,direct_risk,B2_Pointwise,NearestControl,error_at_20,0.05108042604190238,0.05061542778024761,0.0004649982616547754,-0.0018008039337731913,0.0025688568385500593,5000,5000,40,40,1.0,0.525,True,False,False,True,True,False,-0.0024934774052941923,0.036393666878246585,0.009186887912389401,-0.0028872398505968093,-0.037797951783052564,FIXED_STRONG_SIMPLE_COMPARISON
Source/MACRO,direct_risk,B2_Pointwise,NearestControl,error_at_50,0.052622031188899736,0.052774403549920544,-0.0001523723610208083,-0.0012045106854285561,0.0007346174548939784,5000,5000,40,40,1.0,0.525,True,False,False,True,True,False,-0.0024934774052941923,0.036393666878246585,0.009186887912389401,-0.0028872398505968093,-0.037797951783052564,FIXED_STRONG_SIMPLE_COMPARISON
Source/MACRO,direct_risk,B2_Pointwise,NearestControl,bio_rmse,0.05974582044408625,0.0666216570628709,-0.006875836618784652,-0.007283880482019147,-0.006493962069824229,5000,5000,40,40,1.0,0.525,True,False,False,True,True,False,-0.0024934774052941923,0.036393666878246585,0.009186887912389401,-0.0028872398505968093,-0.037797951783052564,FIXED_STRONG_SIMPLE_COMPARISON
Source/MACRO,direct_risk,B2_Pointwise,NearestControl,bio_cosine,0.5486997800683712,0.468130298360244,0.08056948170812717,0.07691986688613259,0.0843246341581624,5000,5000,40,40,1.0,0.525,True,False,False,True,True,False,-0.0024934774052941923,0.036393666878246585,0.009186887912389401,-0.0028872398505968093,-0.037797951783052564,FIXED_STRONG_SIMPLE_COMPARISON
Source/MACRO,direct_risk,B2_Pointwise,SameContextSupport,utility20,0.48869160074999984,0.04160353125776227,0.44708806949223756,0.3697158301677678,0.5391273887202567,5000,5000,40,40,1.0,1.0,True,True,True,True,True,True,-0.12286525570934353,-0.19092417242260112,-0.19299063987301499,-0.13571302370458982,-0.2307647971787241,FIXED_STRONG_SIMPLE_COMPARISON
Source/MACRO,direct_risk,B2_Pointwise,SameContextSupport,aurc,0.05409989995087425,0.061677980838195076,-0.007578080887320829,-0.008965626878346492,-0.006138750199350366,5000,5000,40,40,1.0,1.0,True,True,True,True,True,True,-0.12286525570934353,-0.19092417242260112,-0.19299063987301499,-0.13571302370458982,-0.2307647971787241,FIXED_STRONG_SIMPLE_COMPARISON
Source/MACRO,direct_risk,B2_Pointwise,SameContextSupport,high_risk_miss_rate,0.5574484409197189,0.788213238098443,-0.2307647971787241,-0.2863519635647638,-0.17432146093776843,5000,5000,40,40,1.0,1.0,True,True,True,True,True,True,-0.12286525570934353,-0.19092417242260112,-0.19299063987301499,-0.13571302370458982,-0.2307647971787241,FIXED_STRONG_SIMPLE_COMPARISON
Source/MACRO,direct_risk,B2_Pointwise,SameContextSupport,error_at_10,0.05263432492023433,0.06505487264133986,-0.012420547721105527,-0.01675361900755135,-0.008263325278156146,5000,5000,40,40,1.0,1.0,True,True,True,True,True,True,-0.12286525570934353,-0.19092417242260112,-0.19299063987301499,-0.13571302370458982,-0.2307647971787241,FIXED_STRONG_SIMPLE_COMPARISON
Source/MACRO,direct_risk,B2_Pointwise,SameContextSupport,error_at_20,0.05108042604190238,0.06329595239622096,-0.012215526354318579,-0.014892869307788503,-0.00926889203601582,5000,5000,40,40,1.0,1.0,True,True,True,True,True,True,-0.12286525570934353,-0.19092417242260112,-0.19299063987301499,-0.13571302370458982,-0.2307647971787241,FIXED_STRONG_SIMPLE_COMPARISON
Source/MACRO,direct_risk,B2_Pointwise,SameContextSupport,error_at_50,0.052622031188899736,0.060884905861307015,-0.008262874672407279,-0.009626142638353501,-0.006686617289641097,5000,5000,40,40,1.0,1.0,True,True,True,True,True,True,-0.12286525570934353,-0.19092417242260112,-0.19299063987301499,-0.13571302370458982,-0.2307647971787241,FIXED_STRONG_SIMPLE_COMPARISON
Source/MACRO,direct_risk,B2_Pointwise,SameContextSupport,bio_rmse,0.05974582044408625,0.06259610835008626,-0.002850287906000011,-0.0031677314013765752,-0.002553298936732144,5000,5000,40,40,1.0,1.0,True,True,True,True,True,True,-0.12286525570934353,-0.19092417242260112,-0.19299063987301499,-0.13571302370458982,-0.2307647971787241,FIXED_STRONG_SIMPLE_COMPARISON
Source/MACRO,direct_risk,B2_Pointwise,SameContextSupport,bio_cosine,0.5486997800683712,0.524231263805605,0.024468516262766138,0.020829142926262624,0.028350556177067308,5000,5000,40,40,1.0,1.0,True,True,True,True,True,True,-0.12286525570934353,-0.19092417242260112,-0.19299063987301499,-0.13571302370458982,-0.2307647971787241,FIXED_STRONG_SIMPLE_COMPARISON
Source/MACRO,direct_risk,B2_Pointwise,SameConditionSupport,utility20,0.48869160074999984,0.04160353125776227,0.44708806949223756,0.3697158301677678,0.5391273887202567,5000,5000,40,40,1.0,1.0,True,True,True,True,True,True,-0.12286525570934353,-0.19092417242260112,-0.19299063987301499,-0.13571302370458982,-0.2307647971787241,FIXED_STRONG_SIMPLE_COMPARISON
Source/MACRO,direct_risk,B2_Pointwise,SameConditionSupport,aurc,0.05409989995087425,0.061677980838195076,-0.007578080887320829,-0.008965626878346492,-0.006138750199350366,5000,5000,40,40,1.0,1.0,True,True,True,True,True,True,-0.12286525570934353,-0.19092417242260112,-0.19299063987301499,-0.13571302370458982,-0.2307647971787241,FIXED_STRONG_SIMPLE_COMPARISON
Source/MACRO,direct_risk,B2_Pointwise,SameConditionSupport,high_risk_miss_rate,0.5574484409197189,0.788213238098443,-0.2307647971787241,-0.2863519635647638,-0.17432146093776843,5000,5000,40,40,1.0,1.0,True,True,True,True,True,True,-0.12286525570934353,-0.19092417242260112,-0.19299063987301499,-0.13571302370458982,-0.2307647971787241,FIXED_STRONG_SIMPLE_COMPARISON
Source/MACRO,direct_risk,B2_Pointwise,SameConditionSupport,error_at_10,0.05263432492023433,0.06505487264133986,-0.012420547721105527,-0.01675361900755135,-0.008263325278156146,5000,5000,40,40,1.0,1.0,True,True,True,True,True,True,-0.12286525570934353,-0.19092417242260112,-0.19299063987301499,-0.13571302370458982,-0.2307647971787241,FIXED_STRONG_SIMPLE_COMPARISON
Source/MACRO,direct_risk,B2_Pointwise,SameConditionSupport,error_at_20,0.05108042604190238,0.06329595239622096,-0.012215526354318579,-0.014892869307788503,-0.00926889203601582,5000,5000,40,40,1.0,1.0,True,True,True,True,True,True,-0.12286525570934353,-0.19092417242260112,-0.19299063987301499,-0.13571302370458982,-0.2307647971787241,FIXED_STRONG_SIMPLE_COMPARISON
Source/MACRO,direct_risk,B2_Pointwise,SameConditionSupport,error_at_50,0.052622031188899736,0.060884905861307015,-0.008262874672407279,-0.009626142638353501,-0.006686617289641097,5000,5000,40,40,1.0,1.0,True,True,True,True,True,True,-0.12286525570934353,-0.19092417242260112,-0.19299063987301499,-0.13571302370458982,-0.2307647971787241,FIXED_STRONG_SIMPLE_COMPARISON
Source/MACRO,direct_risk,B2_Pointwise,SameConditionSupport,bio_rmse,0.05974582044408625,0.06259610835008626,-0.002850287906000011,-0.0031677314013765752,-0.002553298936732144,5000,5000,40,40,1.0,1.0,True,True,True,True,True,True,-0.12286525570934353,-0.19092417242260112,-0.19299063987301499,-0.13571302370458982,-0.2307647971787241,FIXED_STRONG_SIMPLE_COMPARISON
Source/MACRO,direct_risk,B2_Pointwise,SameConditionSupport,bio_cosine,0.5486997800683712,0.524231263805605,0.024468516262766138,0.020829142926262624,0.028350556177067308,5000,5000,40,40,1.0,1.0,True,True,True,True,True,True,-0.12286525570934353,-0.19092417242260112,-0.19299063987301499,-0.13571302370458982,-0.2307647971787241,FIXED_STRONG_SIMPLE_COMPARISON
Source/MACRO,direct_risk,B3_DeepSets,NearestControl,utility20,0.4895230892201465,0.47197456681540084,0.017548522404745637,-0.046241805895410305,0.07886327891929891,5000,5000,40,40,1.0,0.525,True,False,False,True,True,False,-0.0033757082327853295,0.03964726027257527,0.0014526336508552003,-0.0038919750739378187,-0.03563264801852595,FIXED_STRONG_SIMPLE_COMPARISON
Source/MACRO,direct_risk,B3_DeepSets,NearestControl,aurc,0.054052052043697965,0.05423513403215653,-0.0001830819884585666,-0.0011479674646302526,0.0009559260419192594,5000,5000,40,40,1.0,0.525,True,False,False,True,True,False,-0.0033757082327853295,0.03964726027257527,0.0014526336508552003,-0.0038919750739378187,-0.03563264801852595,FIXED_STRONG_SIMPLE_COMPARISON
Source/MACRO,direct_risk,B3_DeepSets,NearestControl,high_risk_miss_rate,0.5596137446842455,0.5952463927027715,-0.03563264801852595,-0.0833635728992843,0.011953033845884056,5000,5000,40,40,1.0,0.525,True,False,False,True,True,False,-0.0033757082327853295,0.03964726027257527,0.0014526336508552003,-0.0038919750739378187,-0.03563264801852595,FIXED_STRONG_SIMPLE_COMPARISON
Source/MACRO,direct_risk,B3_DeepSets,NearestControl,error_at_10,0.05279956202785894,0.05078603488457799,0.0020135271432809507,-0.002075912703647985,0.0048423940564629635,5000,5000,40,40,1.0,0.525,True,False,False,True,True,False,-0.0033757082327853295,0.03964726027257527,0.0014526336508552003,-0.0038919750739378187,-0.03563264801852595,FIXED_STRONG_SIMPLE_COMPARISON
Source/MACRO,direct_risk,B3_DeepSets,NearestControl,error_at_20,0.050688953453893626,0.05061542778024761,7.352567364601881e-05,-0.0021247853362449495,0.0023433459168909427,5000,5000,40,40,1.0,0.525,True,False,False,True,True,False,-0.0033757082327853295,0.03964726027257527,0.0014526336508552003,-0.0038919750739378187,-0.03563264801852595,FIXED_STRONG_SIMPLE_COMPARISON
Source/MACRO,direct_risk,B3_DeepSets,NearestControl,error_at_50,0.05256900688676232,0.052774403549920544,-0.0002053966631582263,-0.0011813401961877825,0.0007457620957053233,5000,5000,40,40,1.0,0.525,True,False,False,True,True,False,-0.0033757082327853295,0.03964726027257527,0.0014526336508552003,-0.0038919750739378187,-0.03563264801852595,FIXED_STRONG_SIMPLE_COMPARISON
Source/MACRO,direct_risk,B3_DeepSets,NearestControl,bio_rmse,0.05973872355016233,0.0666216570628709,-0.006882933512708571,-0.007286534086915071,-0.006502105466951153,5000,5000,40,40,1.0,0.525,True,False,False,True,True,False,-0.0033757082327853295,0.03964726027257527,0.0014526336508552003,-0.0038919750739378187,-0.03563264801852595,FIXED_STRONG_SIMPLE_COMPARISON
Source/MACRO,direct_risk,B3_DeepSets,NearestControl,bio_cosine,0.548584793200271,0.468130298360244,0.08045449484002698,0.07679786620817114,0.0842217339726254,5000,5000,40,40,1.0,0.525,True,False,False,True,True,False,-0.0033757082327853295,0.03964726027257527,0.0014526336508552003,-0.0038919750739378187,-0.03563264801852595,FIXED_STRONG_SIMPLE_COMPARISON
Source/MACRO,direct_risk,B3_DeepSets,SameContextSupport,utility20,0.4895230892201465,0.04160353125776227,0.4479195579623842,0.3687519516746271,0.5376985857700572,5000,5000,40,40,1.0,1.0,True,True,True,True,True,True,-0.12364102538477771,-0.18838420729907235,-0.19917543642300936,-0.13658391775275022,-0.2285994934141975,FIXED_STRONG_SIMPLE_COMPARISON
Source/MACRO,direct_risk,B3_DeepSets,SameContextSupport,aurc,0.054052052043697965,0.061677980838195076,-0.007625928794497111,-0.008946942325749888,-0.006219644970900019,5000,5000,40,40,1.0,1.0,True,True,True,True,True,True,-0.12364102538477771,-0.18838420729907235,-0.19917543642300936,-0.13658391775275022,-0.2285994934141975,FIXED_STRONG_SIMPLE_COMPARISON
Source/MACRO,direct_risk,B3_DeepSets,SameContextSupport,high_risk_miss_rate,0.5596137446842455,0.788213238098443,-0.2285994934141975,-0.2841003274187975,-0.17263457744599006,5000,5000,40,40,1.0,1.0,True,True,True,True,True,True,-0.12364102538477771,-0.18838420729907235,-0.19917543642300936,-0.13658391775275022,-0.2285994934141975,FIXED_STRONG_SIMPLE_COMPARISON
Source/MACRO,direct_risk,B3_DeepSets,SameContextSupport,error_at_10,0.05279956202785894,0.06505487264133986,-0.012255310613480917,-0.0167019183211848,-0.008319481123762676,5000,5000,40,40,1.0,1.0,True,True,True,True,True,True,-0.12364102538477771,-0.18838420729907235,-0.19917543642300936,-0.13658391775275022,-0.2285994934141975,FIXED_STRONG_SIMPLE_COMPARISON
Source/MACRO,direct_risk,B3_DeepSets,SameContextSupport,error_at_20,0.050688953453893626,0.06329595239622096,-0.012606998942327335,-0.015208881571776942,-0.009576903454936923,5000,5000,40,40,1.0,1.0,True,True,True,True,True,True,-0.12364102538477771,-0.18838420729907235,-0.19917543642300936,-0.13658391775275022,-0.2285994934141975,FIXED_STRONG_SIMPLE_COMPARISON
Source/MACRO,direct_risk,B3_DeepSets,SameContextSupport,error_at_50,0.05256900688676232,0.060884905861307015,-0.008315898974544697,-0.009635835249156522,-0.006693749569425171,5000,5000,40,40,1.0,1.0,True,True,True,True,True,True,-0.12364102538477771,-0.18838420729907235,-0.19917543642300936,-0.13658391775275022,-0.2285994934141975,FIXED_STRONG_SIMPLE_COMPARISON
Source/MACRO,direct_risk,B3_DeepSets,SameContextSupport,bio_rmse,0.05973872355016233,0.06259610835008626,-0.00285738479992393,-0.0031737223722291025,-0.0025641484218628546,5000,5000,40,40,1.0,1.0,True,True,True,True,True,True,-0.12364102538477771,-0.18838420729907235,-0.19917543642300936,-0.13658391775275022,-0.2285994934141975,FIXED_STRONG_SIMPLE_COMPARISON
Source/MACRO,direct_risk,B3_DeepSets,SameContextSupport,bio_cosine,0.548584793200271,0.524231263805605,0.02435352939466595,0.020748968162588095,0.028207123854803152,5000,5000,40,40,1.0,1.0,True,True,True,True,True,True,-0.12364102538477771,-0.18838420729907235,-0.19917543642300936,-0.13658391775275022,-0.2285994934141975,FIXED_STRONG_SIMPLE_COMPARISON
Source/MACRO,direct_risk,B3_DeepSets,SameConditionSupport,utility20,0.4895230892201465,0.04160353125776227,0.4479195579623842,0.3687519516746271,0.5376985857700572,5000,5000,40,40,1.0,1.0,True,True,True,True,True,True,-0.12364102538477771,-0.18838420729907235,-0.19917543642300936,-0.13658391775275022,-0.2285994934141975,FIXED_STRONG_SIMPLE_COMPARISON
Source/MACRO,direct_risk,B3_DeepSets,SameConditionSupport,aurc,0.054052052043697965,0.061677980838195076,-0.007625928794497111,-0.008946942325749888,-0.006219644970900019,5000,5000,40,40,1.0,1.0,True,True,True,True,True,True,-0.12364102538477771,-0.18838420729907235,-0.19917543642300936,-0.13658391775275022,-0.2285994934141975,FIXED_STRONG_SIMPLE_COMPARISON
Source/MACRO,direct_risk,B3_DeepSets,SameConditionSupport,high_risk_miss_rate,0.5596137446842455,0.788213238098443,-0.2285994934141975,-0.2841003274187975,-0.17263457744599006,5000,5000,40,40,1.0,1.0,True,True,True,True,True,True,-0.12364102538477771,-0.18838420729907235,-0.19917543642300936,-0.13658391775275022,-0.2285994934141975,FIXED_STRONG_SIMPLE_COMPARISON
Source/MACRO,direct_risk,B3_DeepSets,SameConditionSupport,error_at_10,0.05279956202785894,0.06505487264133986,-0.012255310613480917,-0.0167019183211848,-0.008319481123762676,5000,5000,40,40,1.0,1.0,True,True,True,True,True,True,-0.12364102538477771,-0.18838420729907235,-0.19917543642300936,-0.13658391775275022,-0.2285994934141975,FIXED_STRONG_SIMPLE_COMPARISON
Source/MACRO,direct_risk,B3_DeepSets,SameConditionSupport,error_at_20,0.050688953453893626,0.06329595239622096,-0.012606998942327335,-0.015208881571776942,-0.009576903454936923,5000,5000,40,40,1.0,1.0,True,True,True,True,True,True,-0.12364102538477771,-0.18838420729907235,-0.19917543642300936,-0.13658391775275022,-0.2285994934141975,FIXED_STRONG_SIMPLE_COMPARISON
Source/MACRO,direct_risk,B3_DeepSets,SameConditionSupport,error_at_50,0.05256900688676232,0.060884905861307015,-0.008315898974544697,-0.009635835249156522,-0.006693749569425171,5000,5000,40,40,1.0,1.0,True,True,True,True,True,True,-0.12364102538477771,-0.18838420729907235,-0.19917543642300936,-0.13658391775275022,-0.2285994934141975,FIXED_STRONG_SIMPLE_COMPARISON
Source/MACRO,direct_risk,B3_DeepSets,SameConditionSupport,bio_rmse,0.05973872355016233,0.06259610835008626,-0.00285738479992393,-0.0031737223722291025,-0.0025641484218628546,5000,5000,40,40,1.0,1.0,True,True,True,True,True,True,-0.12364102538477771,-0.18838420729907235,-0.19917543642300936,-0.13658391775275022,-0.2285994934141975,FIXED_STRONG_SIMPLE_COMPARISON
Source/MACRO,direct_risk,B3_DeepSets,SameConditionSupport,bio_cosine,0.548584793200271,0.524231263805605,0.02435352939466595,0.020748968162588095,0.028207123854803152,5000,5000,40,40,1.0,1.0,True,True,True,True,True,True,-0.12364102538477771,-0.18838420729907235,-0.19917543642300936,-0.13658391775275022,-0.2285994934141975,FIXED_STRONG_SIMPLE_COMPARISON
Source/TxPert_Exphormer,risk,B2_Pointwise,NearestControl,utility20,0.6357196014418423,0.48494259340816737,0.1507770080336749,0.09700800236903365,0.2116202568719606,5000,5000,20,20,1.0,0.9,True,True,True,True,True,True,-0.048455163702439234,-0.09134307357261896,-0.08121826923007476,-0.047641855953075435,-0.12628651231659715,FIXED_STRONG_SIMPLE_COMPARISON
Source/TxPert_Exphormer,risk,B2_Pointwise,NearestControl,aurc,0.05125865474060317,0.053868880146572415,-0.002610225405969245,-0.0032431760935746562,-0.0019437780183744532,5000,5000,20,20,1.0,0.9,True,True,True,True,True,True,-0.048455163702439234,-0.09134307357261896,-0.08121826923007476,-0.047641855953075435,-0.12628651231659715,FIXED_STRONG_SIMPLE_COMPARISON
Source/TxPert_Exphormer,risk,B2_Pointwise,NearestControl,high_risk_miss_rate,0.4639040228982516,0.5901905352148488,-0.12628651231659715,-0.17143499154975428,-0.07557360069747322,5000,5000,20,20,1.0,0.9,True,True,True,True,True,True,-0.048455163702439234,-0.09134307357261896,-0.08121826923007476,-0.047641855953075435,-0.12628651231659715,FIXED_STRONG_SIMPLE_COMPARISON
Source/TxPert_Exphormer,risk,B2_Pointwise,NearestControl,error_at_10,0.045503449343248334,0.05007770041676442,-0.0045742510735160835,-0.0074769171205285034,-0.0021417131347312257,5000,5000,20,20,1.0,0.9,True,True,True,True,True,True,-0.048455163702439234,-0.09134307357261896,-0.08121826923007476,-0.047641855953075435,-0.12628651231659715,FIXED_STRONG_SIMPLE_COMPARISON
Source/TxPert_Exphormer,risk,B2_Pointwise,NearestControl,error_at_20,0.045715018032630325,0.049756124334690274,-0.004041106302059949,-0.006142496015689889,-0.0024653324948615027,5000,5000,20,20,1.0,0.9,True,True,True,True,True,True,-0.048455163702439234,-0.09134307357261896,-0.08121826923007476,-0.047641855953075435,-0.12628651231659715,FIXED_STRONG_SIMPLE_COMPARISON
Source/TxPert_Exphormer,risk,B2_Pointwise,NearestControl,error_at_50,0.04998849069962289,0.052489172284707064,-0.002500681585084173,-0.0034504733161612507,-0.0017882761216027475,5000,5000,20,20,1.0,0.9,True,True,True,True,True,True,-0.048455163702439234,-0.09134307357261896,-0.08121826923007476,-0.047641855953075435,-0.12628651231659715,FIXED_STRONG_SIMPLE_COMPARISON
Source/TxPert_Exphormer,risk,B2_Pointwise,NearestControl,bio_rmse,0.05974582044408625,0.0666216570628709,-0.006875836618784652,-0.007283880482019147,-0.006493962069824229,5000,5000,20,20,1.0,0.9,True,True,True,True,True,True,-0.048455163702439234,-0.09134307357261896,-0.08121826923007476,-0.047641855953075435,-0.12628651231659715,FIXED_STRONG_SIMPLE_COMPARISON
Source/TxPert_Exphormer,risk,B2_Pointwise,NearestControl,bio_cosine,0.5486997800683712,0.468130298360244,0.08056948170812717,0.07691986688613259,0.0843246341581624,5000,5000,20,20,1.0,0.9,True,True,True,True,True,True,-0.048455163702439234,-0.09134307357261896,-0.08121826923007476,-0.047641855953075435,-0.12628651231659715,FIXED_STRONG_SIMPLE_COMPARISON
Source/TxPert_Exphormer,risk,B2_Pointwise,SameContextSupport,utility20,0.6357196014418423,0.558914004991267,0.07680559645057528,0.02915201449795174,0.12492258222855039,5000,5000,20,20,1.0,0.9,True,True,True,True,True,True,-0.01197909540236411,-0.017255548438468913,-0.02438388440150842,-0.014408175471667437,-0.04324746488984599,FIXED_STRONG_SIMPLE_COMPARISON
Source/TxPert_Exphormer,risk,B2_Pointwise,SameContextSupport,aurc,0.05125865474060317,0.05188013178878829,-0.0006214770481851178,-0.0009859207362433076,-0.0003053322508176734,5000,5000,20,20,1.0,0.9,True,True,True,True,True,True,-0.01197909540236411,-0.017255548438468913,-0.02438388440150842,-0.014408175471667437,-0.04324746488984599,FIXED_STRONG_SIMPLE_COMPARISON
Source/TxPert_Exphormer,risk,B2_Pointwise,SameContextSupport,high_risk_miss_rate,0.4639040228982516,0.5071514877880976,-0.04324746488984599,-0.0914187381922774,-0.009011042664606757,5000,5000,20,20,1.0,0.9,True,True,True,True,True,True,-0.01197909540236411,-0.017255548438468913,-0.02438388440150842,-0.014408175471667437,-0.04324746488984599,FIXED_STRONG_SIMPLE_COMPARISON
Source/TxPert_Exphormer,risk,B2_Pointwise,SameContextSupport,error_at_10,0.045503449343248334,0.04630242304695352,-0.0007989737037051858,-0.0021877933171881654,0.0010421940898555817,5000,5000,20,20,1.0,0.9,True,True,True,True,True,True,-0.01197909540236411,-0.017255548438468913,-0.02438388440150842,-0.014408175471667437,-0.04324746488984599,FIXED_STRONG_SIMPLE_COMPARISON
Source/TxPert_Exphormer,risk,B2_Pointwise,SameContextSupport,error_at_20,0.045715018032630325,0.04685758804279945,-0.001142570010169125,-0.002304484059846468,0.00012191048196300869,5000,5000,20,20,1.0,0.9,True,True,True,True,True,True,-0.01197909540236411,-0.017255548438468913,-0.02438388440150842,-0.014408175471667437,-0.04324746488984599,FIXED_STRONG_SIMPLE_COMPARISON
Source/TxPert_Exphormer,risk,B2_Pointwise,SameContextSupport,error_at_50,0.04998849069962289,0.050719262736930185,-0.0007307720373072937,-0.0014214293811186964,-0.00015063237306641223,5000,5000,20,20,1.0,0.9,True,True,True,True,True,True,-0.01197909540236411,-0.017255548438468913,-0.02438388440150842,-0.014408175471667437,-0.04324746488984599,FIXED_STRONG_SIMPLE_COMPARISON
Source/TxPert_Exphormer,risk,B2_Pointwise,SameContextSupport,bio_rmse,0.05974582044408625,0.06259610835008626,-0.002850287906000011,-0.0031677314013765752,-0.002553298936732144,5000,5000,20,20,1.0,0.9,True,True,True,True,True,True,-0.01197909540236411,-0.017255548438468913,-0.02438388440150842,-0.014408175471667437,-0.04324746488984599,FIXED_STRONG_SIMPLE_COMPARISON
Source/TxPert_Exphormer,risk,B2_Pointwise,SameContextSupport,bio_cosine,0.5486997800683712,0.524231263805605,0.024468516262766138,0.020829142926262624,0.028350556177067308,5000,5000,20,20,1.0,0.9,True,True,True,True,True,True,-0.01197909540236411,-0.017255548438468913,-0.02438388440150842,-0.014408175471667437,-0.04324746488984599,FIXED_STRONG_SIMPLE_COMPARISON
Source/TxPert_Exphormer,risk,B2_Pointwise,SameConditionSupport,utility20,0.6357196014418423,0.558914004991267,0.07680559645057528,0.02915201449795174,0.12492258222855039,5000,5000,20,20,1.0,0.9,True,True,True,True,True,True,-0.01197909540236411,-0.017255548438468913,-0.02438388440150842,-0.014408175471667437,-0.04324746488984599,FIXED_STRONG_SIMPLE_COMPARISON
Source/TxPert_Exphormer,risk,B2_Pointwise,SameConditionSupport,aurc,0.05125865474060317,0.05188013178878829,-0.0006214770481851178,-0.0009859207362433076,-0.0003053322508176734,5000,5000,20,20,1.0,0.9,True,True,True,True,True,True,-0.01197909540236411,-0.017255548438468913,-0.02438388440150842,-0.014408175471667437,-0.04324746488984599,FIXED_STRONG_SIMPLE_COMPARISON
Source/TxPert_Exphormer,risk,B2_Pointwise,SameConditionSupport,high_risk_miss_rate,0.4639040228982516,0.5071514877880976,-0.04324746488984599,-0.0914187381922774,-0.009011042664606757,5000,5000,20,20,1.0,0.9,True,True,True,True,True,True,-0.01197909540236411,-0.017255548438468913,-0.02438388440150842,-0.014408175471667437,-0.04324746488984599,FIXED_STRONG_SIMPLE_COMPARISON
Source/TxPert_Exphormer,risk,B2_Pointwise,SameConditionSupport,error_at_10,0.045503449343248334,0.04630242304695352,-0.0007989737037051858,-0.0021877933171881654,0.0010421940898555817,5000,5000,20,20,1.0,0.9,True,True,True,True,True,True,-0.01197909540236411,-0.017255548438468913,-0.02438388440150842,-0.014408175471667437,-0.04324746488984599,FIXED_STRONG_SIMPLE_COMPARISON
Source/TxPert_Exphormer,risk,B2_Pointwise,SameConditionSupport,error_at_20,0.045715018032630325,0.04685758804279945,-0.001142570010169125,-0.002304484059846468,0.00012191048196300869,5000,5000,20,20,1.0,0.9,True,True,True,True,True,True,-0.01197909540236411,-0.017255548438468913,-0.02438388440150842,-0.014408175471667437,-0.04324746488984599,FIXED_STRONG_SIMPLE_COMPARISON
Source/TxPert_Exphormer,risk,B2_Pointwise,SameConditionSupport,error_at_50,0.04998849069962289,0.050719262736930185,-0.0007307720373072937,-0.0014214293811186964,-0.00015063237306641223,5000,5000,20,20,1.0,0.9,True,True,True,True,True,True,-0.01197909540236411,-0.017255548438468913,-0.02438388440150842,-0.014408175471667437,-0.04324746488984599,FIXED_STRONG_SIMPLE_COMPARISON
Source/TxPert_Exphormer,risk,B2_Pointwise,SameConditionSupport,bio_rmse,0.05974582044408625,0.06259610835008626,-0.002850287906000011,-0.0031677314013765752,-0.002553298936732144,5000,5000,20,20,1.0,0.9,True,True,True,True,True,True,-0.01197909540236411,-0.017255548438468913,-0.02438388440150842,-0.014408175471667437,-0.04324746488984599,FIXED_STRONG_SIMPLE_COMPARISON
Source/TxPert_Exphormer,risk,B2_Pointwise,SameConditionSupport,bio_cosine,0.5486997800683712,0.524231263805605,0.024468516262766138,0.020829142926262624,0.028350556177067308,5000,5000,20,20,1.0,0.9,True,True,True,True,True,True,-0.01197909540236411,-0.017255548438468913,-0.02438388440150842,-0.014408175471667437,-0.04324746488984599,FIXED_STRONG_SIMPLE_COMPARISON
Source/TxPert_Exphormer,risk,B3_DeepSets,NearestControl,utility20,0.6290672789564473,0.48494259340816737,0.14412468554827995,0.09748203930942528,0.2119214518420257,5000,5000,20,20,1.0,0.9,True,True,True,True,True,True,-0.04836997806622055,-0.09282501439604725,-0.07760003804751393,-0.046891525859643214,-0.12022408429428222,FIXED_STRONG_SIMPLE_COMPARISON
Source/TxPert_Exphormer,risk,B3_DeepSets,NearestControl,aurc,0.051263243595430844,0.053868880146572415,-0.0026056365511415713,-0.003236959959134031,-0.0019464152474954956,5000,5000,20,20,1.0,0.9,True,True,True,True,True,True,-0.04836997806622055,-0.09282501439604725,-0.07760003804751393,-0.046891525859643214,-0.12022408429428222,FIXED_STRONG_SIMPLE_COMPARISON
Source/TxPert_Exphormer,risk,B3_DeepSets,NearestControl,high_risk_miss_rate,0.46996645092056655,0.5901905352148488,-0.12022408429428222,-0.16818156157957026,-0.07433047150713151,5000,5000,20,20,1.0,0.9,True,True,True,True,True,True,-0.04836997806622055,-0.09282501439604725,-0.07760003804751393,-0.046891525859643214,-0.12022408429428222,FIXED_STRONG_SIMPLE_COMPARISON
Source/TxPert_Exphormer,risk,B3_DeepSets,NearestControl,error_at_10,0.04542923715465732,0.05007770041676442,-0.004648463262107098,-0.007426775374197209,-0.002093298644586797,5000,5000,20,20,1.0,0.9,True,True,True,True,True,True,-0.04836997806622055,-0.09282501439604725,-0.07760003804751393,-0.046891525859643214,-0.12022408429428222,FIXED_STRONG_SIMPLE_COMPARISON
Source/TxPert_Exphormer,risk,B3_DeepSets,NearestControl,error_at_20,0.045895047193221475,0.049756124334690274,-0.0038610771414687994,-0.006059864229986593,-0.0023849852219182013,5000,5000,20,20,1.0,0.9,True,True,True,True,True,True,-0.04836997806622055,-0.09282501439604725,-0.07760003804751393,-0.046891525859643214,-0.12022408429428222,FIXED_STRONG_SIMPLE_COMPARISON
Source/TxPert_Exphormer,risk,B3_DeepSets,NearestControl,error_at_50,0.050027874905167455,0.052489172284707064,-0.0024612973795396093,-0.0034224290469022107,-0.0017853857126947314,5000,5000,20,20,1.0,0.9,True,True,True,True,True,True,-0.04836997806622055,-0.09282501439604725,-0.07760003804751393,-0.046891525859643214,-0.12022408429428222,FIXED_STRONG_SIMPLE_COMPARISON
Source/TxPert_Exphormer,risk,B3_DeepSets,NearestControl,bio_rmse,0.05973872355016233,0.0666216570628709,-0.006882933512708571,-0.007286534086915071,-0.006502105466951153,5000,5000,20,20,1.0,0.9,True,True,True,True,True,True,-0.04836997806622055,-0.09282501439604725,-0.07760003804751393,-0.046891525859643214,-0.12022408429428222,FIXED_STRONG_SIMPLE_COMPARISON
Source/TxPert_Exphormer,risk,B3_DeepSets,NearestControl,bio_cosine,0.548584793200271,0.468130298360244,0.08045449484002698,0.07679786620817114,0.0842217339726254,5000,5000,20,20,1.0,0.9,True,True,True,True,True,True,-0.04836997806622055,-0.09282501439604725,-0.07760003804751393,-0.046891525859643214,-0.12022408429428222,FIXED_STRONG_SIMPLE_COMPARISON
Source/TxPert_Exphormer,risk,B3_DeepSets,SameContextSupport,utility20,0.6290672789564473,0.558914004991267,0.07015327396518034,0.027374759415632888,0.12506837544377764,5000,5000,20,20,1.0,0.9,True,True,True,True,True,True,-0.011890644300382417,-0.018858319604802026,-0.020541835160162236,-0.013631661709059308,-0.03718503686753105,FIXED_STRONG_SIMPLE_COMPARISON
Source/TxPert_Exphormer,risk,B3_DeepSets,SameContextSupport,aurc,0.051263243595430844,0.05188013178878829,-0.0006168881933574441,-0.000988931351456461,-0.0002871935992789363,5000,5000,20,20,1.0,0.9,True,True,True,True,True,True,-0.011890644300382417,-0.018858319604802026,-0.020541835160162236,-0.013631661709059308,-0.03718503686753105,FIXED_STRONG_SIMPLE_COMPARISON
Source/TxPert_Exphormer,risk,B3_DeepSets,SameContextSupport,high_risk_miss_rate,0.46996645092056655,0.5071514877880976,-0.03718503686753105,-0.08920537262866951,-0.007015095149596316,5000,5000,20,20,1.0,0.9,True,True,True,True,True,True,-0.011890644300382417,-0.018858319604802026,-0.020541835160162236,-0.013631661709059308,-0.03718503686753105,FIXED_STRONG_SIMPLE_COMPARISON
Source/TxPert_Exphormer,risk,B3_DeepSets,SameContextSupport,error_at_10,0.04542923715465732,0.04630242304695352,-0.0008731858922962007,-0.002177885025116414,0.001014852504709241,5000,5000,20,20,1.0,0.9,True,True,True,True,True,True,-0.011890644300382417,-0.018858319604802026,-0.020541835160162236,-0.013631661709059308,-0.03718503686753105,FIXED_STRONG_SIMPLE_COMPARISON
Source/TxPert_Exphormer,risk,B3_DeepSets,SameContextSupport,error_at_20,0.045895047193221475,0.04685758804279945,-0.0009625408495779753,-0.0022656284413640243,0.00018916936495728669,5000,5000,20,20,1.0,0.9,True,True,True,True,True,True,-0.011890644300382417,-0.018858319604802026,-0.020541835160162236,-0.013631661709059308,-0.03718503686753105,FIXED_STRONG_SIMPLE_COMPARISON
Source/TxPert_Exphormer,risk,B3_DeepSets,SameContextSupport,error_at_50,0.050027874905167455,0.050719262736930185,-0.0006913878317627298,-0.0013989494184773888,-0.0001238496373080009,5000,5000,20,20,1.0,0.9,True,True,True,True,True,True,-0.011890644300382417,-0.018858319604802026,-0.020541835160162236,-0.013631661709059308,-0.03718503686753105,FIXED_STRONG_SIMPLE_COMPARISON
Source/TxPert_Exphormer,risk,B3_DeepSets,SameContextSupport,bio_rmse,0.05973872355016233,0.06259610835008626,-0.00285738479992393,-0.0031737223722291025,-0.0025641484218628546,5000,5000,20,20,1.0,0.9,True,True,True,True,True,True,-0.011890644300382417,-0.018858319604802026,-0.020541835160162236,-0.013631661709059308,-0.03718503686753105,FIXED_STRONG_SIMPLE_COMPARISON
Source/TxPert_Exphormer,risk,B3_DeepSets,SameContextSupport,bio_cosine,0.548584793200271,0.524231263805605,0.02435352939466595,0.020748968162588095,0.028207123854803152,5000,5000,20,20,1.0,0.9,True,True,True,True,True,True,-0.011890644300382417,-0.018858319604802026,-0.020541835160162236,-0.013631661709059308,-0.03718503686753105,FIXED_STRONG_SIMPLE_COMPARISON
Source/TxPert_Exphormer,risk,B3_DeepSets,SameConditionSupport,utility20,0.6290672789564473,0.558914004991267,0.07015327396518034,0.027374759415632888,0.12506837544377764,5000,5000,20,20,1.0,0.9,True,True,True,True,True,True,-0.011890644300382417,-0.018858319604802026,-0.020541835160162236,-0.013631661709059308,-0.03718503686753105,FIXED_STRONG_SIMPLE_COMPARISON
Source/TxPert_Exphormer,risk,B3_DeepSets,SameConditionSupport,aurc,0.051263243595430844,0.05188013178878829,-0.0006168881933574441,-0.000988931351456461,-0.0002871935992789363,5000,5000,20,20,1.0,0.9,True,True,True,True,True,True,-0.011890644300382417,-0.018858319604802026,-0.020541835160162236,-0.013631661709059308,-0.03718503686753105,FIXED_STRONG_SIMPLE_COMPARISON
Source/TxPert_Exphormer,risk,B3_DeepSets,SameConditionSupport,high_risk_miss_rate,0.46996645092056655,0.5071514877880976,-0.03718503686753105,-0.08920537262866951,-0.007015095149596316,5000,5000,20,20,1.0,0.9,True,True,True,True,True,True,-0.011890644300382417,-0.018858319604802026,-0.020541835160162236,-0.013631661709059308,-0.03718503686753105,FIXED_STRONG_SIMPLE_COMPARISON
Source/TxPert_Exphormer,risk,B3_DeepSets,SameConditionSupport,error_at_10,0.04542923715465732,0.04630242304695352,-0.0008731858922962007,-0.002177885025116414,0.001014852504709241,5000,5000,20,20,1.0,0.9,True,True,True,True,True,True,-0.011890644300382417,-0.018858319604802026,-0.020541835160162236,-0.013631661709059308,-0.03718503686753105,FIXED_STRONG_SIMPLE_COMPARISON
Source/TxPert_Exphormer,risk,B3_DeepSets,SameConditionSupport,error_at_20,0.045895047193221475,0.04685758804279945,-0.0009625408495779753,-0.0022656284413640243,0.00018916936495728669,5000,5000,20,20,1.0,0.9,True,True,True,True,True,True,-0.011890644300382417,-0.018858319604802026,-0.020541835160162236,-0.013631661709059308,-0.03718503686753105,FIXED_STRONG_SIMPLE_COMPARISON
Source/TxPert_Exphormer,risk,B3_DeepSets,SameConditionSupport,error_at_50,0.050027874905167455,0.050719262736930185,-0.0006913878317627298,-0.0013989494184773888,-0.0001238496373080009,5000,5000,20,20,1.0,0.9,True,True,True,True,True,True,-0.011890644300382417,-0.018858319604802026,-0.020541835160162236,-0.013631661709059308,-0.03718503686753105,FIXED_STRONG_SIMPLE_COMPARISON
Source/TxPert_Exphormer,risk,B3_DeepSets,SameConditionSupport,bio_rmse,0.05973872355016233,0.06259610835008626,-0.00285738479992393,-0.0031737223722291025,-0.0025641484218628546,5000,5000,20,20,1.0,0.9,True,True,True,True,True,True,-0.011890644300382417,-0.018858319604802026,-0.020541835160162236,-0.013631661709059308,-0.03718503686753105,FIXED_STRONG_SIMPLE_COMPARISON
Source/TxPert_Exphormer,risk,B3_DeepSets,SameConditionSupport,bio_cosine,0.548584793200271,0.524231263805605,0.02435352939466595,0.020748968162588095,0.028207123854803152,5000,5000,20,20,1.0,0.9,True,True,True,True,True,True,-0.011890644300382417,-0.018858319604802026,-0.020541835160162236,-0.013631661709059308,-0.03718503686753105,FIXED_STRONG_SIMPLE_COMPARISON
Source/TxPert_Exphormer,direct_risk,B2_Pointwise,NearestControl,utility20,0.5011580102280746,0.48494259340816737,0.016215416819907236,-0.04779064030311006,0.08637240078249891,5000,5000,20,20,1.0,0.55,True,False,False,True,True,False,-0.0004467062607795496,0.03922495524831924,0.01081037517153462,-0.0008625576639931659,-0.04196617796622859,FIXED_STRONG_SIMPLE_COMPARISON
Source/TxPert_Exphormer,direct_risk,B2_Pointwise,NearestControl,aurc,0.05384481658054976,0.053868880146572415,-2.406356602265708e-05,-0.0009733536423361525,0.0010455909340784909,5000,5000,20,20,1.0,0.55,True,False,False,True,True,False,-0.0004467062607795496,0.03922495524831924,0.01081037517153462,-0.0008625576639931659,-0.04196617796622859,FIXED_STRONG_SIMPLE_COMPARISON
Source/TxPert_Exphormer,direct_risk,B2_Pointwise,NearestControl,high_risk_miss_rate,0.5482243572486202,0.5901905352148488,-0.04196617796622859,-0.09077309625272044,0.009680991721024523,5000,5000,20,20,1.0,0.55,True,False,False,True,True,False,-0.0004467062607795496,0.03922495524831924,0.01081037517153462,-0.0008625576639931659,-0.04196617796622859,FIXED_STRONG_SIMPLE_COMPARISON
Source/TxPert_Exphormer,direct_risk,B2_Pointwise,NearestControl,error_at_10,0.05204199597455074,0.05007770041676442,0.001964295557786322,-0.002013010360478891,0.004816372070985618,5000,5000,20,20,1.0,0.55,True,False,False,True,True,False,-0.0004467062607795496,0.03922495524831924,0.01081037517153462,-0.0008625576639931659,-0.04196617796622859,FIXED_STRONG_SIMPLE_COMPARISON
Source/TxPert_Exphormer,direct_risk,B2_Pointwise,NearestControl,error_at_20,0.0502940067058298,0.049756124334690274,0.0005378823711395253,-0.0016391071439632219,0.0027930672833322897,5000,5000,20,20,1.0,0.55,True,False,False,True,True,False,-0.0004467062607795496,0.03922495524831924,0.01081037517153462,-0.0008625576639931659,-0.04196617796622859,FIXED_STRONG_SIMPLE_COMPARISON
Source/TxPert_Exphormer,direct_risk,B2_Pointwise,NearestControl,error_at_50,0.05244389734687623,0.052489172284707064,-4.527493783083175e-05,-0.001129153224065364,0.0008966634255865226,5000,5000,20,20,1.0,0.55,True,False,False,True,True,False,-0.0004467062607795496,0.03922495524831924,0.01081037517153462,-0.0008625576639931659,-0.04196617796622859,FIXED_STRONG_SIMPLE_COMPARISON
Source/TxPert_Exphormer,direct_risk,B2_Pointwise,NearestControl,bio_rmse,0.05974582044408625,0.0666216570628709,-0.006875836618784652,-0.007283880482019147,-0.006493962069824229,5000,5000,20,20,1.0,0.55,True,False,False,True,True,False,-0.0004467062607795496,0.03922495524831924,0.01081037517153462,-0.0008625576639931659,-0.04196617796622859,FIXED_STRONG_SIMPLE_COMPARISON
Source/TxPert_Exphormer,direct_risk,B2_Pointwise,NearestControl,bio_cosine,0.5486997800683712,0.468130298360244,0.08056948170812717,0.07691986688613259,0.0843246341581624,5000,5000,20,20,1.0,0.55,True,False,False,True,True,False,-0.0004467062607795496,0.03922495524831924,0.01081037517153462,-0.0008625576639931659,-0.04196617796622859,FIXED_STRONG_SIMPLE_COMPARISON
Source/TxPert_Exphormer,direct_risk,B2_Pointwise,SameContextSupport,utility20,0.5011580102280746,0.09335344877265725,0.4078045614554173,0.32413581965745175,0.49600485690737783,5000,5000,20,20,1.0,1.0,True,True,True,True,True,True,-0.11401016735348048,-0.18032615567196789,-0.1921672718964885,-0.12262589966220183,-0.21057187672933408,FIXED_STRONG_SIMPLE_COMPARISON
Source/TxPert_Exphormer,direct_risk,B2_Pointwise,SameContextSupport,aurc,0.05384481658054976,0.060773628089739094,-0.0069288115091893365,-0.008233056225516898,-0.005599973456445191,5000,5000,20,20,1.0,1.0,True,True,True,True,True,True,-0.11401016735348048,-0.18032615567196789,-0.1921672718964885,-0.12262589966220183,-0.21057187672933408,FIXED_STRONG_SIMPLE_COMPARISON
Source/TxPert_Exphormer,direct_risk,B2_Pointwise,SameContextSupport,high_risk_miss_rate,0.5482243572486202,0.7587962339779543,-0.21057187672933408,-0.26983750203258333,-0.153492234384096,5000,5000,20,20,1.0,1.0,True,True,True,True,True,True,-0.11401016735348048,-0.18032615567196789,-0.1921672718964885,-0.12262589966220183,-0.21057187672933408,FIXED_STRONG_SIMPLE_COMPARISON
Source/TxPert_Exphormer,direct_risk,B2_Pointwise,SameContextSupport,error_at_10,0.05204199597455074,0.06349110238745598,-0.011449106412905238,-0.0159593558354483,-0.007285719374122797,5000,5000,20,20,1.0,1.0,True,True,True,True,True,True,-0.11401016735348048,-0.18032615567196789,-0.1921672718964885,-0.12262589966220183,-0.21057187672933408,FIXED_STRONG_SIMPLE_COMPARISON
Source/TxPert_Exphormer,direct_risk,B2_Pointwise,SameContextSupport,error_at_20,0.0502940067058298,0.06225794642400943,-0.011963939718179634,-0.014241104670389276,-0.008487359547182537,5000,5000,20,20,1.0,1.0,True,True,True,True,True,True,-0.11401016735348048,-0.18032615567196789,-0.1921672718964885,-0.12262589966220183,-0.21057187672933408,FIXED_STRONG_SIMPLE_COMPARISON
Source/TxPert_Exphormer,direct_risk,B2_Pointwise,SameContextSupport,error_at_50,0.05244389734687623,0.0597737012372314,-0.007329803890355167,-0.008739087891412978,-0.0057512820324726235,5000,5000,20,20,1.0,1.0,True,True,True,True,True,True,-0.11401016735348048,-0.18032615567196789,-0.1921672718964885,-0.12262589966220183,-0.21057187672933408,FIXED_STRONG_SIMPLE_COMPARISON
Source/TxPert_Exphormer,direct_risk,B2_Pointwise,SameContextSupport,bio_rmse,0.05974582044408625,0.06259610835008626,-0.002850287906000011,-0.0031677314013765752,-0.002553298936732144,5000,5000,20,20,1.0,1.0,True,True,True,True,True,True,-0.11401016735348048,-0.18032615567196789,-0.1921672718964885,-0.12262589966220183,-0.21057187672933408,FIXED_STRONG_SIMPLE_COMPARISON
Source/TxPert_Exphormer,direct_risk,B2_Pointwise,SameContextSupport,bio_cosine,0.5486997800683712,0.524231263805605,0.024468516262766138,0.020829142926262624,0.028350556177067308,5000,5000,20,20,1.0,1.0,True,True,True,True,True,True,-0.11401016735348048,-0.18032615567196789,-0.1921672718964885,-0.12262589966220183,-0.21057187672933408,FIXED_STRONG_SIMPLE_COMPARISON
Source/TxPert_Exphormer,direct_risk,B2_Pointwise,SameConditionSupport,utility20,0.5011580102280746,0.09335344877265725,0.4078045614554173,0.32413581965745175,0.49600485690737783,5000,5000,20,20,1.0,1.0,True,True,True,True,True,True,-0.11401016735348048,-0.18032615567196789,-0.1921672718964885,-0.12262589966220183,-0.21057187672933408,FIXED_STRONG_SIMPLE_COMPARISON
Source/TxPert_Exphormer,direct_risk,B2_Pointwise,SameConditionSupport,aurc,0.05384481658054976,0.060773628089739094,-0.0069288115091893365,-0.008233056225516898,-0.005599973456445191,5000,5000,20,20,1.0,1.0,True,True,True,True,True,True,-0.11401016735348048,-0.18032615567196789,-0.1921672718964885,-0.12262589966220183,-0.21057187672933408,FIXED_STRONG_SIMPLE_COMPARISON
Source/TxPert_Exphormer,direct_risk,B2_Pointwise,SameConditionSupport,high_risk_miss_rate,0.5482243572486202,0.7587962339779543,-0.21057187672933408,-0.26983750203258333,-0.153492234384096,5000,5000,20,20,1.0,1.0,True,True,True,True,True,True,-0.11401016735348048,-0.18032615567196789,-0.1921672718964885,-0.12262589966220183,-0.21057187672933408,FIXED_STRONG_SIMPLE_COMPARISON
Source/TxPert_Exphormer,direct_risk,B2_Pointwise,SameConditionSupport,error_at_10,0.05204199597455074,0.06349110238745598,-0.011449106412905238,-0.0159593558354483,-0.007285719374122797,5000,5000,20,20,1.0,1.0,True,True,True,True,True,True,-0.11401016735348048,-0.18032615567196789,-0.1921672718964885,-0.12262589966220183,-0.21057187672933408,FIXED_STRONG_SIMPLE_COMPARISON
Source/TxPert_Exphormer,direct_risk,B2_Pointwise,SameConditionSupport,error_at_20,0.0502940067058298,0.06225794642400943,-0.011963939718179634,-0.014241104670389276,-0.008487359547182537,5000,5000,20,20,1.0,1.0,True,True,True,True,True,True,-0.11401016735348048,-0.18032615567196789,-0.1921672718964885,-0.12262589966220183,-0.21057187672933408,FIXED_STRONG_SIMPLE_COMPARISON
Source/TxPert_Exphormer,direct_risk,B2_Pointwise,SameConditionSupport,error_at_50,0.05244389734687623,0.0597737012372314,-0.007329803890355167,-0.008739087891412978,-0.0057512820324726235,5000,5000,20,20,1.0,1.0,True,True,True,True,True,True,-0.11401016735348048,-0.18032615567196789,-0.1921672718964885,-0.12262589966220183,-0.21057187672933408,FIXED_STRONG_SIMPLE_COMPARISON
Source/TxPert_Exphormer,direct_risk,B2_Pointwise,SameConditionSupport,bio_rmse,0.05974582044408625,0.06259610835008626,-0.002850287906000011,-0.0031677314013765752,-0.002553298936732144,5000,5000,20,20,1.0,1.0,True,True,True,True,True,True,-0.11401016735348048,-0.18032615567196789,-0.1921672718964885,-0.12262589966220183,-0.21057187672933408,FIXED_STRONG_SIMPLE_COMPARISON
Source/TxPert_Exphormer,direct_risk,B2_Pointwise,SameConditionSupport,bio_cosine,0.5486997800683712,0.524231263805605,0.024468516262766138,0.020829142926262624,0.028350556177067308,5000,5000,20,20,1.0,1.0,True,True,True,True,True,True,-0.11401016735348048,-0.18032615567196789,-0.1921672718964885,-0.12262589966220183,-0.21057187672933408,FIXED_STRONG_SIMPLE_COMPARISON
Source/TxPert_Exphormer,direct_risk,B3_DeepSets,NearestControl,utility20,0.49503483095698764,0.48494259340816737,0.010092237548820271,-0.04905990767999223,0.08510747632859438,5000,5000,20,20,1.0,0.5,True,False,False,True,True,False,-0.002435112900026724,0.038069138443518995,0.0031046407338618087,-0.0013913255049119043,-0.03368783433790501,FIXED_STRONG_SIMPLE_COMPARISON
Source/TxPert_Exphormer,direct_risk,B3_DeepSets,NearestControl,aurc,0.0537377033416175,0.053868880146572415,-0.00013117680495491196,-0.0010737650536306095,0.0009810953124723839,5000,5000,20,20,1.0,0.5,True,False,False,True,True,False,-0.002435112900026724,0.038069138443518995,0.0031046407338618087,-0.0013913255049119043,-0.03368783433790501,FIXED_STRONG_SIMPLE_COMPARISON
Source/TxPert_Exphormer,direct_risk,B3_DeepSets,NearestControl,high_risk_miss_rate,0.5565027008769438,0.5901905352148488,-0.03368783433790501,-0.08829544414901497,0.012991616140654498,5000,5000,20,20,1.0,0.5,True,False,False,True,True,False,-0.002435112900026724,0.038069138443518995,0.0031046407338618087,-0.0013913255049119043,-0.03368783433790501,FIXED_STRONG_SIMPLE_COMPARISON
Source/TxPert_Exphormer,direct_risk,B3_DeepSets,NearestControl,error_at_10,0.05198411532686329,0.05007770041676442,0.0019064149100988734,-0.0022038632339539013,0.004852154821365167,5000,5000,20,20,1.0,0.5,True,False,False,True,True,False,-0.002435112900026724,0.038069138443518995,0.0031046407338618087,-0.0013913255049119043,-0.03368783433790501,FIXED_STRONG_SIMPLE_COMPARISON
Source/TxPert_Exphormer,direct_risk,B3_DeepSets,NearestControl,error_at_20,0.049910599225058846,0.049756124334690274,0.0001544748903685722,-0.001981899675468217,0.002471798362415419,5000,5000,20,20,1.0,0.5,True,False,False,True,True,False,-0.002435112900026724,0.038069138443518995,0.0031046407338618087,-0.0013913255049119043,-0.03368783433790501,FIXED_STRONG_SIMPLE_COMPARISON
Source/TxPert_Exphormer,direct_risk,B3_DeepSets,NearestControl,error_at_50,0.052416142760575636,0.052489172284707064,-7.302952413142799e-05,-0.0011064987981523682,0.0008968702416334288,5000,5000,20,20,1.0,0.5,True,False,False,True,True,False,-0.002435112900026724,0.038069138443518995,0.0031046407338618087,-0.0013913255049119043,-0.03368783433790501,FIXED_STRONG_SIMPLE_COMPARISON
Source/TxPert_Exphormer,direct_risk,B3_DeepSets,NearestControl,bio_rmse,0.05973872355016233,0.0666216570628709,-0.006882933512708571,-0.007286534086915071,-0.006502105466951153,5000,5000,20,20,1.0,0.5,True,False,False,True,True,False,-0.002435112900026724,0.038069138443518995,0.0031046407338618087,-0.0013913255049119043,-0.03368783433790501,FIXED_STRONG_SIMPLE_COMPARISON
Source/TxPert_Exphormer,direct_risk,B3_DeepSets,NearestControl,bio_cosine,0.548584793200271,0.468130298360244,0.08045449484002698,0.07679786620817114,0.0842217339726254,5000,5000,20,20,1.0,0.5,True,False,False,True,True,False,-0.002435112900026724,0.038069138443518995,0.0031046407338618087,-0.0013913255049119043,-0.03368783433790501,FIXED_STRONG_SIMPLE_COMPARISON
Source/TxPert_Exphormer,direct_risk,B3_DeepSets,SameContextSupport,utility20,0.49503483095698764,0.09335344877265725,0.40168138218433036,0.324715728557749,0.4930757426785272,5000,5000,20,20,1.0,1.0,True,True,True,True,True,True,-0.11577266273674261,-0.1812377896728115,-0.19832564207721604,-0.12309022738034736,-0.2022935331010105,FIXED_STRONG_SIMPLE_COMPARISON
Source/TxPert_Exphormer,direct_risk,B3_DeepSets,SameContextSupport,aurc,0.0537377033416175,0.060773628089739094,-0.007035924748121591,-0.008299193425379112,-0.005712688213578291,5000,5000,20,20,1.0,1.0,True,True,True,True,True,True,-0.11577266273674261,-0.1812377896728115,-0.19832564207721604,-0.12309022738034736,-0.2022935331010105,FIXED_STRONG_SIMPLE_COMPARISON
Source/TxPert_Exphormer,direct_risk,B3_DeepSets,SameContextSupport,high_risk_miss_rate,0.5565027008769438,0.7587962339779543,-0.2022935331010105,-0.26595838914428016,-0.15106475324085314,5000,5000,20,20,1.0,1.0,True,True,True,True,True,True,-0.11577266273674261,-0.1812377896728115,-0.19832564207721604,-0.12309022738034736,-0.2022935331010105,FIXED_STRONG_SIMPLE_COMPARISON
Source/TxPert_Exphormer,direct_risk,B3_DeepSets,SameContextSupport,error_at_10,0.05198411532686329,0.06349110238745598,-0.011506987060592687,-0.016206295953022767,-0.007412850775689018,5000,5000,20,20,1.0,1.0,True,True,True,True,True,True,-0.11577266273674261,-0.1812377896728115,-0.19832564207721604,-0.12309022738034736,-0.2022935331010105,FIXED_STRONG_SIMPLE_COMPARISON
Source/TxPert_Exphormer,direct_risk,B3_DeepSets,SameContextSupport,error_at_20,0.049910599225058846,0.06225794642400943,-0.012347347198950587,-0.014601298920859956,-0.008808610182561783,5000,5000,20,20,1.0,1.0,True,True,True,True,True,True,-0.11577266273674261,-0.1812377896728115,-0.19832564207721604,-0.12309022738034736,-0.2022935331010105,FIXED_STRONG_SIMPLE_COMPARISON
Source/TxPert_Exphormer,direct_risk,B3_DeepSets,SameContextSupport,error_at_50,0.052416142760575636,0.0597737012372314,-0.007357558476655764,-0.008739242857109919,-0.005776879444696259,5000,5000,20,20,1.0,1.0,True,True,True,True,True,True,-0.11577266273674261,-0.1812377896728115,-0.19832564207721604,-0.12309022738034736,-0.2022935331010105,FIXED_STRONG_SIMPLE_COMPARISON
Source/TxPert_Exphormer,direct_risk,B3_DeepSets,SameContextSupport,bio_rmse,0.05973872355016233,0.06259610835008626,-0.00285738479992393,-0.0031737223722291025,-0.0025641484218628546,5000,5000,20,20,1.0,1.0,True,True,True,True,True,True,-0.11577266273674261,-0.1812377896728115,-0.19832564207721604,-0.12309022738034736,-0.2022935331010105,FIXED_STRONG_SIMPLE_COMPARISON
Source/TxPert_Exphormer,direct_risk,B3_DeepSets,SameContextSupport,bio_cosine,0.548584793200271,0.524231263805605,0.02435352939466595,0.020748968162588095,0.028207123854803152,5000,5000,20,20,1.0,1.0,True,True,True,True,True,True,-0.11577266273674261,-0.1812377896728115,-0.19832564207721604,-0.12309022738034736,-0.2022935331010105,FIXED_STRONG_SIMPLE_COMPARISON
Source/TxPert_Exphormer,direct_risk,B3_DeepSets,SameConditionSupport,utility20,0.49503483095698764,0.09335344877265725,0.40168138218433036,0.324715728557749,0.4930757426785272,5000,5000,20,20,1.0,1.0,True,True,True,True,True,True,-0.11577266273674261,-0.1812377896728115,-0.19832564207721604,-0.12309022738034736,-0.2022935331010105,FIXED_STRONG_SIMPLE_COMPARISON
Source/TxPert_Exphormer,direct_risk,B3_DeepSets,SameConditionSupport,aurc,0.0537377033416175,0.060773628089739094,-0.007035924748121591,-0.008299193425379112,-0.005712688213578291,5000,5000,20,20,1.0,1.0,True,True,True,True,True,True,-0.11577266273674261,-0.1812377896728115,-0.19832564207721604,-0.12309022738034736,-0.2022935331010105,FIXED_STRONG_SIMPLE_COMPARISON
Source/TxPert_Exphormer,direct_risk,B3_DeepSets,SameConditionSupport,high_risk_miss_rate,0.5565027008769438,0.7587962339779543,-0.2022935331010105,-0.26595838914428016,-0.15106475324085314,5000,5000,20,20,1.0,1.0,True,True,True,True,True,True,-0.11577266273674261,-0.1812377896728115,-0.19832564207721604,-0.12309022738034736,-0.2022935331010105,FIXED_STRONG_SIMPLE_COMPARISON
Source/TxPert_Exphormer,direct_risk,B3_DeepSets,SameConditionSupport,error_at_10,0.05198411532686329,0.06349110238745598,-0.011506987060592687,-0.016206295953022767,-0.007412850775689018,5000,5000,20,20,1.0,1.0,True,True,True,True,True,True,-0.11577266273674261,-0.1812377896728115,-0.19832564207721604,-0.12309022738034736,-0.2022935331010105,FIXED_STRONG_SIMPLE_COMPARISON
Source/TxPert_Exphormer,direct_risk,B3_DeepSets,SameConditionSupport,error_at_20,0.049910599225058846,0.06225794642400943,-0.012347347198950587,-0.014601298920859956,-0.008808610182561783,5000,5000,20,20,1.0,1.0,True,True,True,True,True,True,-0.11577266273674261,-0.1812377896728115,-0.19832564207721604,-0.12309022738034736,-0.2022935331010105,FIXED_STRONG_SIMPLE_COMPARISON
Source/TxPert_Exphormer,direct_risk,B3_DeepSets,SameConditionSupport,error_at_50,0.052416142760575636,0.0597737012372314,-0.007357558476655764,-0.008739242857109919,-0.005776879444696259,5000,5000,20,20,1.0,1.0,True,True,True,True,True,True,-0.11577266273674261,-0.1812377896728115,-0.19832564207721604,-0.12309022738034736,-0.2022935331010105,FIXED_STRONG_SIMPLE_COMPARISON
Source/TxPert_Exphormer,direct_risk,B3_DeepSets,SameConditionSupport,bio_rmse,0.05973872355016233,0.06259610835008626,-0.00285738479992393,-0.0031737223722291025,-0.0025641484218628546,5000,5000,20,20,1.0,1.0,True,True,True,True,True,True,-0.11577266273674261,-0.1812377896728115,-0.19832564207721604,-0.12309022738034736,-0.2022935331010105,FIXED_STRONG_SIMPLE_COMPARISON
Source/TxPert_Exphormer,direct_risk,B3_DeepSets,SameConditionSupport,bio_cosine,0.548584793200271,0.524231263805605,0.02435352939466595,0.020748968162588095,0.028207123854803152,5000,5000,20,20,1.0,1.0,True,True,True,True,True,True,-0.11577266273674261,-0.1812377896728115,-0.19832564207721604,-0.12309022738034736,-0.2022935331010105,FIXED_STRONG_SIMPLE_COMPARISON
Source/TxPert_GAT,risk,B2_Pointwise,NearestControl,utility20,0.630820061072159,0.4590065402226343,0.17181352084952473,0.10405801440570892,0.2206073500804535,5000,5000,20,20,1.0,0.95,True,True,True,True,True,True,-0.05279843670498359,-0.09440592983467462,-0.10590319179789642,-0.0530050754966782,-0.1269846553546412,FIXED_STRONG_SIMPLE_COMPARISON
Source/TxPert_GAT,risk,B2_Pointwise,NearestControl,aurc,0.05171851999376156,0.05460138791774064,-0.002882867923979085,-0.0035581037495643463,-0.0022064019961417413,5000,5000,20,20,1.0,0.95,True,True,True,True,True,True,-0.05279843670498359,-0.09440592983467462,-0.10590319179789642,-0.0530050754966782,-0.1269846553546412,FIXED_STRONG_SIMPLE_COMPARISON
Source/TxPert_GAT,risk,B2_Pointwise,NearestControl,high_risk_miss_rate,0.47331759483605296,0.6003022501906942,-0.1269846553546412,-0.16961072882168027,-0.07255433289214375,5000,5000,20,20,1.0,0.95,True,True,True,True,True,True,-0.05279843670498359,-0.09440592983467462,-0.10590319179789642,-0.0530050754966782,-0.1269846553546412,FIXED_STRONG_SIMPLE_COMPARISON
Source/TxPert_GAT,risk,B2_Pointwise,NearestControl,error_at_10,0.04663299553242887,0.051494369352391565,-0.004861373819962697,-0.008031492801416636,-0.0024250550900216323,5000,5000,20,20,1.0,0.95,True,True,True,True,True,True,-0.05279843670498359,-0.09440592983467462,-0.10590319179789642,-0.0530050754966782,-0.1269846553546412,FIXED_STRONG_SIMPLE_COMPARISON
Source/TxPert_GAT,risk,B2_Pointwise,NearestControl,error_at_20,0.04602339289205335,0.05147473122580494,-0.005451338333751589,-0.007492103545153141,-0.003515248643978977,5000,5000,20,20,1.0,0.95,True,True,True,True,True,True,-0.05279843670498359,-0.09440592983467462,-0.10590319179789642,-0.0530050754966782,-0.1269846553546412,FIXED_STRONG_SIMPLE_COMPARISON
Source/TxPert_GAT,risk,B2_Pointwise,NearestControl,error_at_50,0.05024720486593167,0.053059634815134024,-0.002812429949202354,-0.0037809380348651314,-0.0021434629635701504,5000,5000,20,20,1.0,0.95,True,True,True,True,True,True,-0.05279843670498359,-0.09440592983467462,-0.10590319179789642,-0.0530050754966782,-0.1269846553546412,FIXED_STRONG_SIMPLE_COMPARISON
Source/TxPert_GAT,risk,B2_Pointwise,NearestControl,bio_rmse,0.05974582044408625,0.0666216570628709,-0.006875836618784652,-0.007283880482019147,-0.006493962069824229,5000,5000,20,20,1.0,0.95,True,True,True,True,True,True,-0.05279843670498359,-0.09440592983467462,-0.10590319179789642,-0.0530050754966782,-0.1269846553546412,FIXED_STRONG_SIMPLE_COMPARISON
Source/TxPert_GAT,risk,B2_Pointwise,NearestControl,bio_cosine,0.5486997800683712,0.468130298360244,0.08056948170812717,0.07691986688613259,0.0843246341581624,5000,5000,20,20,1.0,0.95,True,True,True,True,True,True,-0.05279843670498359,-0.09440592983467462,-0.10590319179789642,-0.0530050754966782,-0.1269846553546412,FIXED_STRONG_SIMPLE_COMPARISON
Source/TxPert_GAT,risk,B2_Pointwise,SameContextSupport,utility20,0.630820061072159,0.5445724192892648,0.08624764178289424,0.02980719671757395,0.1264485714262361,5000,5000,20,20,1.0,0.85,True,True,True,True,True,True,-0.011689467003652329,-0.013091471236544827,-0.029684086383377658,-0.016117589033892744,-0.04666776658540339,FIXED_STRONG_SIMPLE_COMPARISON
Source/TxPert_GAT,risk,B2_Pointwise,SameContextSupport,aurc,0.05171851999376156,0.052330232520098705,-0.0006117125263371478,-0.0009904481481141521,-0.000265839803286044,5000,5000,20,20,1.0,0.85,True,True,True,True,True,True,-0.011689467003652329,-0.013091471236544827,-0.029684086383377658,-0.016117589033892744,-0.04666776658540339,FIXED_STRONG_SIMPLE_COMPARISON
Source/TxPert_GAT,risk,B2_Pointwise,SameContextSupport,high_risk_miss_rate,0.47331759483605296,0.5199853614214563,-0.04666776658540339,-0.09291310088125149,-0.008106869014768382,5000,5000,20,20,1.0,0.85,True,True,True,True,True,True,-0.011689467003652329,-0.013091471236544827,-0.029684086383377658,-0.016117589033892744,-0.04666776658540339,FIXED_STRONG_SIMPLE_COMPARISON
Source/TxPert_GAT,risk,B2_Pointwise,SameContextSupport,error_at_10,0.04663299553242887,0.0472515883420904,-0.0006185928096615334,-0.002181171753970828,0.001265210934754793,5000,5000,20,20,1.0,0.85,True,True,True,True,True,True,-0.011689467003652329,-0.013091471236544827,-0.029684086383377658,-0.016117589033892744,-0.04666776658540339,FIXED_STRONG_SIMPLE_COMPARISON
Source/TxPert_GAT,risk,B2_Pointwise,SameContextSupport,error_at_20,0.04602339289205335,0.0474313491577316,-0.001407956265678252,-0.002314507538170129,5.563207977437105e-05,5000,5000,20,20,1.0,0.85,True,True,True,True,True,True,-0.011689467003652329,-0.013091471236544827,-0.029684086383377658,-0.016117589033892744,-0.04666776658540339,FIXED_STRONG_SIMPLE_COMPARISON
Source/TxPert_GAT,risk,B2_Pointwise,SameContextSupport,error_at_50,0.05024720486593167,0.0510703355460865,-0.0008231306801548266,-0.0014947298594178314,-0.0002269895435791752,5000,5000,20,20,1.0,0.85,True,True,True,True,True,True,-0.011689467003652329,-0.013091471236544827,-0.029684086383377658,-0.016117589033892744,-0.04666776658540339,FIXED_STRONG_SIMPLE_COMPARISON
Source/TxPert_GAT,risk,B2_Pointwise,SameContextSupport,bio_rmse,0.05974582044408625,0.06259610835008626,-0.002850287906000011,-0.0031677314013765752,-0.002553298936732144,5000,5000,20,20,1.0,0.85,True,True,True,True,True,True,-0.011689467003652329,-0.013091471236544827,-0.029684086383377658,-0.016117589033892744,-0.04666776658540339,FIXED_STRONG_SIMPLE_COMPARISON
Source/TxPert_GAT,risk,B2_Pointwise,SameContextSupport,bio_cosine,0.5486997800683712,0.524231263805605,0.024468516262766138,0.020829142926262624,0.028350556177067308,5000,5000,20,20,1.0,0.85,True,True,True,True,True,True,-0.011689467003652329,-0.013091471236544827,-0.029684086383377658,-0.016117589033892744,-0.04666776658540339,FIXED_STRONG_SIMPLE_COMPARISON
Source/TxPert_GAT,risk,B2_Pointwise,SameConditionSupport,utility20,0.630820061072159,0.5445724192892648,0.08624764178289424,0.02980719671757395,0.1264485714262361,5000,5000,20,20,1.0,0.85,True,True,True,True,True,True,-0.011689467003652329,-0.013091471236544827,-0.029684086383377658,-0.016117589033892744,-0.04666776658540339,FIXED_STRONG_SIMPLE_COMPARISON
Source/TxPert_GAT,risk,B2_Pointwise,SameConditionSupport,aurc,0.05171851999376156,0.052330232520098705,-0.0006117125263371478,-0.0009904481481141521,-0.000265839803286044,5000,5000,20,20,1.0,0.85,True,True,True,True,True,True,-0.011689467003652329,-0.013091471236544827,-0.029684086383377658,-0.016117589033892744,-0.04666776658540339,FIXED_STRONG_SIMPLE_COMPARISON
Source/TxPert_GAT,risk,B2_Pointwise,SameConditionSupport,high_risk_miss_rate,0.47331759483605296,0.5199853614214563,-0.04666776658540339,-0.09291310088125149,-0.008106869014768382,5000,5000,20,20,1.0,0.85,True,True,True,True,True,True,-0.011689467003652329,-0.013091471236544827,-0.029684086383377658,-0.016117589033892744,-0.04666776658540339,FIXED_STRONG_SIMPLE_COMPARISON
Source/TxPert_GAT,risk,B2_Pointwise,SameConditionSupport,error_at_10,0.04663299553242887,0.0472515883420904,-0.0006185928096615334,-0.002181171753970828,0.001265210934754793,5000,5000,20,20,1.0,0.85,True,True,True,True,True,True,-0.011689467003652329,-0.013091471236544827,-0.029684086383377658,-0.016117589033892744,-0.04666776658540339,FIXED_STRONG_SIMPLE_COMPARISON
Source/TxPert_GAT,risk,B2_Pointwise,SameConditionSupport,error_at_20,0.04602339289205335,0.0474313491577316,-0.001407956265678252,-0.002314507538170129,5.563207977437105e-05,5000,5000,20,20,1.0,0.85,True,True,True,True,True,True,-0.011689467003652329,-0.013091471236544827,-0.029684086383377658,-0.016117589033892744,-0.04666776658540339,FIXED_STRONG_SIMPLE_COMPARISON
Source/TxPert_GAT,risk,B2_Pointwise,SameConditionSupport,error_at_50,0.05024720486593167,0.0510703355460865,-0.0008231306801548266,-0.0014947298594178314,-0.0002269895435791752,5000,5000,20,20,1.0,0.85,True,True,True,True,True,True,-0.011689467003652329,-0.013091471236544827,-0.029684086383377658,-0.016117589033892744,-0.04666776658540339,FIXED_STRONG_SIMPLE_COMPARISON
Source/TxPert_GAT,risk,B2_Pointwise,SameConditionSupport,bio_rmse,0.05974582044408625,0.06259610835008626,-0.002850287906000011,-0.0031677314013765752,-0.002553298936732144,5000,5000,20,20,1.0,0.85,True,True,True,True,True,True,-0.011689467003652329,-0.013091471236544827,-0.029684086383377658,-0.016117589033892744,-0.04666776658540339,FIXED_STRONG_SIMPLE_COMPARISON
Source/TxPert_GAT,risk,B2_Pointwise,SameConditionSupport,bio_cosine,0.5486997800683712,0.524231263805605,0.024468516262766138,0.020829142926262624,0.028350556177067308,5000,5000,20,20,1.0,0.85,True,True,True,True,True,True,-0.011689467003652329,-0.013091471236544827,-0.029684086383377658,-0.016117589033892744,-0.04666776658540339,FIXED_STRONG_SIMPLE_COMPARISON
Source/TxPert_GAT,risk,B3_DeepSets,NearestControl,utility20,0.6327750118246621,0.4590065402226343,0.1737684716020278,0.1038069473327908,0.220228670774714,5000,5000,20,20,1.0,0.95,True,True,True,True,True,True,-0.05262318092201592,-0.09414515295415929,-0.107598969489566,-0.053070155964615486,-0.125197561607913,FIXED_STRONG_SIMPLE_COMPARISON
Source/TxPert_GAT,risk,B3_DeepSets,NearestControl,aurc,0.0517280892027522,0.05460138791774064,-0.00287329871498844,-0.003550807275430614,-0.0022003490627406875,5000,5000,20,20,1.0,0.95,True,True,True,True,True,True,-0.05262318092201592,-0.09414515295415929,-0.107598969489566,-0.053070155964615486,-0.125197561607913,FIXED_STRONG_SIMPLE_COMPARISON
Source/TxPert_GAT,risk,B3_DeepSets,NearestControl,high_risk_miss_rate,0.47510468858278115,0.6003022501906942,-0.125197561607913,-0.16664581039795778,-0.07076687522120298,5000,5000,20,20,1.0,0.95,True,True,True,True,True,True,-0.05262318092201592,-0.09414515295415929,-0.107598969489566,-0.053070155964615486,-0.125197561607913,FIXED_STRONG_SIMPLE_COMPARISON
Source/TxPert_GAT,risk,B3_DeepSets,NearestControl,error_at_10,0.04664642407343269,0.051494369352391565,-0.004847945278958876,-0.008014101451191191,-0.0024002465609002286,5000,5000,20,20,1.0,0.95,True,True,True,True,True,True,-0.05262318092201592,-0.09414515295415929,-0.107598969489566,-0.053070155964615486,-0.125197561607913,FIXED_STRONG_SIMPLE_COMPARISON
Source/TxPert_GAT,risk,B3_DeepSets,NearestControl,error_at_20,0.045936103191155944,0.05147473122580494,-0.005538628034648996,-0.00749199402026263,-0.0034760095707758,5000,5000,20,20,1.0,0.95,True,True,True,True,True,True,-0.05262318092201592,-0.09414515295415929,-0.107598969489566,-0.053070155964615486,-0.125197561607913,FIXED_STRONG_SIMPLE_COMPARISON
Source/TxPert_GAT,risk,B3_DeepSets,NearestControl,error_at_50,0.05024375172006932,0.053059634815134024,-0.0028158830950647043,-0.003775151038488995,-0.0021550745596431464,5000,5000,20,20,1.0,0.95,True,True,True,True,True,True,-0.05262318092201592,-0.09414515295415929,-0.107598969489566,-0.053070155964615486,-0.125197561607913,FIXED_STRONG_SIMPLE_COMPARISON
Source/TxPert_GAT,risk,B3_DeepSets,NearestControl,bio_rmse,0.05973872355016233,0.0666216570628709,-0.006882933512708571,-0.007286534086915071,-0.006502105466951153,5000,5000,20,20,1.0,0.95,True,True,True,True,True,True,-0.05262318092201592,-0.09414515295415929,-0.107598969489566,-0.053070155964615486,-0.125197561607913,FIXED_STRONG_SIMPLE_COMPARISON
Source/TxPert_GAT,risk,B3_DeepSets,NearestControl,bio_cosine,0.548584793200271,0.468130298360244,0.08045449484002698,0.07679786620817114,0.0842217339726254,5000,5000,20,20,1.0,0.95,True,True,True,True,True,True,-0.05262318092201592,-0.09414515295415929,-0.107598969489566,-0.053070155964615486,-0.125197561607913,FIXED_STRONG_SIMPLE_COMPARISON
Source/TxPert_GAT,risk,B3_DeepSets,SameContextSupport,utility20,0.6327750118246621,0.5445724192892648,0.0882025925353973,0.02761401920361054,0.12667519434528932,5000,5000,20,20,1.0,0.85,True,True,True,True,True,True,-0.011506605041650346,-0.012807278863865174,-0.03152442410194281,-0.016185204525849605,-0.044880672838675195,FIXED_STRONG_SIMPLE_COMPARISON
Source/TxPert_GAT,risk,B3_DeepSets,SameContextSupport,aurc,0.0517280892027522,0.052330232520098705,-0.0006021433173465027,-0.0009870527307050557,-0.00024760686661213713,5000,5000,20,20,1.0,0.85,True,True,True,True,True,True,-0.011506605041650346,-0.012807278863865174,-0.03152442410194281,-0.016185204525849605,-0.044880672838675195,FIXED_STRONG_SIMPLE_COMPARISON
Source/TxPert_GAT,risk,B3_DeepSets,SameContextSupport,high_risk_miss_rate,0.47510468858278115,0.5199853614214563,-0.044880672838675195,-0.0918445860769777,-0.005532229797626847,5000,5000,20,20,1.0,0.85,True,True,True,True,True,True,-0.011506605041650346,-0.012807278863865174,-0.03152442410194281,-0.016185204525849605,-0.044880672838675195,FIXED_STRONG_SIMPLE_COMPARISON
Source/TxPert_GAT,risk,B3_DeepSets,SameContextSupport,error_at_10,0.04664642407343269,0.0472515883420904,-0.0006051642686577124,-0.0022047944095428492,0.0012179861354649922,5000,5000,20,20,1.0,0.85,True,True,True,True,True,True,-0.011506605041650346,-0.012807278863865174,-0.03152442410194281,-0.016185204525849605,-0.044880672838675195,FIXED_STRONG_SIMPLE_COMPARISON
Source/TxPert_GAT,risk,B3_DeepSets,SameContextSupport,error_at_20,0.045936103191155944,0.0474313491577316,-0.001495245966575659,-0.002333467371079359,7.10106027666467e-05,5000,5000,20,20,1.0,0.85,True,True,True,True,True,True,-0.011506605041650346,-0.012807278863865174,-0.03152442410194281,-0.016185204525849605,-0.044880672838675195,FIXED_STRONG_SIMPLE_COMPARISON
Source/TxPert_GAT,risk,B3_DeepSets,SameContextSupport,error_at_50,0.05024375172006932,0.0510703355460865,-0.0008265838260171771,-0.0014769402868465699,-0.0002341903981226043,5000,5000,20,20,1.0,0.85,True,True,True,True,True,True,-0.011506605041650346,-0.012807278863865174,-0.03152442410194281,-0.016185204525849605,-0.044880672838675195,FIXED_STRONG_SIMPLE_COMPARISON
Source/TxPert_GAT,risk,B3_DeepSets,SameContextSupport,bio_rmse,0.05973872355016233,0.06259610835008626,-0.00285738479992393,-0.0031737223722291025,-0.0025641484218628546,5000,5000,20,20,1.0,0.85,True,True,True,True,True,True,-0.011506605041650346,-0.012807278863865174,-0.03152442410194281,-0.016185204525849605,-0.044880672838675195,FIXED_STRONG_SIMPLE_COMPARISON
Source/TxPert_GAT,risk,B3_DeepSets,SameContextSupport,bio_cosine,0.548584793200271,0.524231263805605,0.02435352939466595,0.020748968162588095,0.028207123854803152,5000,5000,20,20,1.0,0.85,True,True,True,True,True,True,-0.011506605041650346,-0.012807278863865174,-0.03152442410194281,-0.016185204525849605,-0.044880672838675195,FIXED_STRONG_SIMPLE_COMPARISON
Source/TxPert_GAT,risk,B3_DeepSets,SameConditionSupport,utility20,0.6327750118246621,0.5445724192892648,0.0882025925353973,0.02761401920361054,0.12667519434528932,5000,5000,20,20,1.0,0.85,True,True,True,True,True,True,-0.011506605041650346,-0.012807278863865174,-0.03152442410194281,-0.016185204525849605,-0.044880672838675195,FIXED_STRONG_SIMPLE_COMPARISON
Source/TxPert_GAT,risk,B3_DeepSets,SameConditionSupport,aurc,0.0517280892027522,0.052330232520098705,-0.0006021433173465027,-0.0009870527307050557,-0.00024760686661213713,5000,5000,20,20,1.0,0.85,True,True,True,True,True,True,-0.011506605041650346,-0.012807278863865174,-0.03152442410194281,-0.016185204525849605,-0.044880672838675195,FIXED_STRONG_SIMPLE_COMPARISON
Source/TxPert_GAT,risk,B3_DeepSets,SameConditionSupport,high_risk_miss_rate,0.47510468858278115,0.5199853614214563,-0.044880672838675195,-0.0918445860769777,-0.005532229797626847,5000,5000,20,20,1.0,0.85,True,True,True,True,True,True,-0.011506605041650346,-0.012807278863865174,-0.03152442410194281,-0.016185204525849605,-0.044880672838675195,FIXED_STRONG_SIMPLE_COMPARISON
Source/TxPert_GAT,risk,B3_DeepSets,SameConditionSupport,error_at_10,0.04664642407343269,0.0472515883420904,-0.0006051642686577124,-0.0022047944095428492,0.0012179861354649922,5000,5000,20,20,1.0,0.85,True,True,True,True,True,True,-0.011506605041650346,-0.012807278863865174,-0.03152442410194281,-0.016185204525849605,-0.044880672838675195,FIXED_STRONG_SIMPLE_COMPARISON
Source/TxPert_GAT,risk,B3_DeepSets,SameConditionSupport,error_at_20,0.045936103191155944,0.0474313491577316,-0.001495245966575659,-0.002333467371079359,7.10106027666467e-05,5000,5000,20,20,1.0,0.85,True,True,True,True,True,True,-0.011506605041650346,-0.012807278863865174,-0.03152442410194281,-0.016185204525849605,-0.044880672838675195,FIXED_STRONG_SIMPLE_COMPARISON
Source/TxPert_GAT,risk,B3_DeepSets,SameConditionSupport,error_at_50,0.05024375172006932,0.0510703355460865,-0.0008265838260171771,-0.0014769402868465699,-0.0002341903981226043,5000,5000,20,20,1.0,0.85,True,True,True,True,True,True,-0.011506605041650346,-0.012807278863865174,-0.03152442410194281,-0.016185204525849605,-0.044880672838675195,FIXED_STRONG_SIMPLE_COMPARISON
Source/TxPert_GAT,risk,B3_DeepSets,SameConditionSupport,bio_rmse,0.05973872355016233,0.06259610835008626,-0.00285738479992393,-0.0031737223722291025,-0.0025641484218628546,5000,5000,20,20,1.0,0.85,True,True,True,True,True,True,-0.011506605041650346,-0.012807278863865174,-0.03152442410194281,-0.016185204525849605,-0.044880672838675195,FIXED_STRONG_SIMPLE_COMPARISON
Source/TxPert_GAT,risk,B3_DeepSets,SameConditionSupport,bio_cosine,0.548584793200271,0.524231263805605,0.02435352939466595,0.020748968162588095,0.028207123854803152,5000,5000,20,20,1.0,0.85,True,True,True,True,True,True,-0.011506605041650346,-0.012807278863865174,-0.03152442410194281,-0.016185204525849605,-0.044880672838675195,FIXED_STRONG_SIMPLE_COMPARISON
Source/TxPert_GAT,direct_risk,B2_Pointwise,NearestControl,utility20,0.47622519127192503,0.4590065402226343,0.017218651049290712,-0.04895951380215617,0.07963978244137444,5000,5000,20,20,1.0,0.5,True,False,False,True,True,False,-0.004512789984626838,0.03364027048611483,0.007617604654406564,-0.004890153977026189,-0.033629725599876426,FIXED_STRONG_SIMPLE_COMPARISON
Source/TxPert_GAT,direct_risk,B2_Pointwise,NearestControl,aurc,0.05435498332119874,0.05460138791774064,-0.00024640459654190483,-0.0012212928597613675,0.0008438342135984576,5000,5000,20,20,1.0,0.5,True,False,False,True,True,False,-0.004512789984626838,0.03364027048611483,0.007617604654406564,-0.004890153977026189,-0.033629725599876426,FIXED_STRONG_SIMPLE_COMPARISON
Source/TxPert_GAT,direct_risk,B2_Pointwise,NearestControl,high_risk_miss_rate,0.5666725245908177,0.6003022501906942,-0.033629725599876426,-0.08443690449762761,0.015172242079719064,5000,5000,20,20,1.0,0.5,True,False,False,True,True,False,-0.004512789984626838,0.03364027048611483,0.007617604654406564,-0.004890153977026189,-0.033629725599876426,FIXED_STRONG_SIMPLE_COMPARISON
Source/TxPert_GAT,direct_risk,B2_Pointwise,NearestControl,error_at_10,0.05322665386591792,0.051494369352391565,0.001732284513526354,-0.002330741462567032,0.0047276410383423504,5000,5000,20,20,1.0,0.5,True,False,False,True,True,False,-0.004512789984626838,0.03364027048611483,0.007617604654406564,-0.004890153977026189,-0.033629725599876426,FIXED_STRONG_SIMPLE_COMPARISON
Source/TxPert_GAT,direct_risk,B2_Pointwise,NearestControl,error_at_20,0.05186684537797496,0.05147473122580494,0.0003921141521700186,-0.002270554275879198,0.0025446726378798193,5000,5000,20,20,1.0,0.5,True,False,False,True,True,False,-0.004512789984626838,0.03364027048611483,0.007617604654406564,-0.004890153977026189,-0.033629725599876426,FIXED_STRONG_SIMPLE_COMPARISON
Source/TxPert_GAT,direct_risk,B2_Pointwise,NearestControl,error_at_50,0.05280016503092324,0.053059634815134024,-0.00025946978421078487,-0.0013457812346347893,0.0006765987254786359,5000,5000,20,20,1.0,0.5,True,False,False,True,True,False,-0.004512789984626838,0.03364027048611483,0.007617604654406564,-0.004890153977026189,-0.033629725599876426,FIXED_STRONG_SIMPLE_COMPARISON
Source/TxPert_GAT,direct_risk,B2_Pointwise,NearestControl,bio_rmse,0.05974582044408625,0.0666216570628709,-0.006875836618784652,-0.007283880482019147,-0.006493962069824229,5000,5000,20,20,1.0,0.5,True,False,False,True,True,False,-0.004512789984626838,0.03364027048611483,0.007617604654406564,-0.004890153977026189,-0.033629725599876426,FIXED_STRONG_SIMPLE_COMPARISON
Source/TxPert_GAT,direct_risk,B2_Pointwise,NearestControl,bio_cosine,0.5486997800683712,0.468130298360244,0.08056948170812717,0.07691986688613259,0.0843246341581624,5000,5000,20,20,1.0,0.5,True,False,False,True,True,False,-0.004512789984626838,0.03364027048611483,0.007617604654406564,-0.004890153977026189,-0.033629725599876426,FIXED_STRONG_SIMPLE_COMPARISON
Source/TxPert_GAT,direct_risk,B2_Pointwise,SameContextSupport,utility20,0.47622519127192503,-0.010146386257132706,0.48637157752905774,0.4025260713093872,0.592246408178631,5000,5000,20,20,1.0,1.0,True,True,True,True,True,True,-0.13146442125014057,-0.20102464486357727,-0.19378743833948384,-0.1483310062915576,-0.25095771762811403,FIXED_STRONG_SIMPLE_COMPARISON
Source/TxPert_GAT,direct_risk,B2_Pointwise,SameContextSupport,aurc,0.05435498332119874,0.06258233358665105,-0.008227350265452314,-0.009800764429468882,-0.006582543461899358,5000,5000,20,20,1.0,1.0,True,True,True,True,True,True,-0.13146442125014057,-0.20102464486357727,-0.19378743833948384,-0.1483310062915576,-0.25095771762811403,FIXED_STRONG_SIMPLE_COMPARISON
Source/TxPert_GAT,direct_risk,B2_Pointwise,SameContextSupport,high_risk_miss_rate,0.5666725245908177,0.8176302422189318,-0.25095771762811403,-0.3109285760757392,-0.18575311482793147,5000,5000,20,20,1.0,1.0,True,True,True,True,True,True,-0.13146442125014057,-0.20102464486357727,-0.19378743833948384,-0.1483310062915576,-0.25095771762811403,FIXED_STRONG_SIMPLE_COMPARISON
Source/TxPert_GAT,direct_risk,B2_Pointwise,SameContextSupport,error_at_10,0.05322665386591792,0.06661864289522375,-0.013391989029305829,-0.018194835218568628,-0.008574395993251983,5000,5000,20,20,1.0,1.0,True,True,True,True,True,True,-0.13146442125014057,-0.20102464486357727,-0.19378743833948384,-0.1483310062915576,-0.25095771762811403,FIXED_STRONG_SIMPLE_COMPARISON
Source/TxPert_GAT,direct_risk,B2_Pointwise,SameContextSupport,error_at_20,0.05186684537797496,0.06433395836843249,-0.012467112990457531,-0.01598263293749423,-0.009592500243920938,5000,5000,20,20,1.0,1.0,True,True,True,True,True,True,-0.13146442125014057,-0.20102464486357727,-0.19378743833948384,-0.1483310062915576,-0.25095771762811403,FIXED_STRONG_SIMPLE_COMPARISON
Source/TxPert_GAT,direct_risk,B2_Pointwise,SameContextSupport,error_at_50,0.05280016503092324,0.06199611048538263,-0.00919594545445939,-0.010714145504240203,-0.007403104240737293,5000,5000,20,20,1.0,1.0,True,True,True,True,True,True,-0.13146442125014057,-0.20102464486357727,-0.19378743833948384,-0.1483310062915576,-0.25095771762811403,FIXED_STRONG_SIMPLE_COMPARISON
Source/TxPert_GAT,direct_risk,B2_Pointwise,SameContextSupport,bio_rmse,0.05974582044408625,0.06259610835008626,-0.002850287906000011,-0.0031677314013765752,-0.002553298936732144,5000,5000,20,20,1.0,1.0,True,True,True,True,True,True,-0.13146442125014057,-0.20102464486357727,-0.19378743833948384,-0.1483310062915576,-0.25095771762811403,FIXED_STRONG_SIMPLE_COMPARISON
Source/TxPert_GAT,direct_risk,B2_Pointwise,SameContextSupport,bio_cosine,0.5486997800683712,0.524231263805605,0.024468516262766138,0.020829142926262624,0.028350556177067308,5000,5000,20,20,1.0,1.0,True,True,True,True,True,True,-0.13146442125014057,-0.20102464486357727,-0.19378743833948384,-0.1483310062915576,-0.25095771762811403,FIXED_STRONG_SIMPLE_COMPARISON
Source/TxPert_GAT,direct_risk,B2_Pointwise,SameConditionSupport,utility20,0.47622519127192503,-0.010146386257132706,0.48637157752905774,0.4025260713093872,0.592246408178631,5000,5000,20,20,1.0,1.0,True,True,True,True,True,True,-0.13146442125014057,-0.20102464486357727,-0.19378743833948384,-0.1483310062915576,-0.25095771762811403,FIXED_STRONG_SIMPLE_COMPARISON
Source/TxPert_GAT,direct_risk,B2_Pointwise,SameConditionSupport,aurc,0.05435498332119874,0.06258233358665105,-0.008227350265452314,-0.009800764429468882,-0.006582543461899358,5000,5000,20,20,1.0,1.0,True,True,True,True,True,True,-0.13146442125014057,-0.20102464486357727,-0.19378743833948384,-0.1483310062915576,-0.25095771762811403,FIXED_STRONG_SIMPLE_COMPARISON
Source/TxPert_GAT,direct_risk,B2_Pointwise,SameConditionSupport,high_risk_miss_rate,0.5666725245908177,0.8176302422189318,-0.25095771762811403,-0.3109285760757392,-0.18575311482793147,5000,5000,20,20,1.0,1.0,True,True,True,True,True,True,-0.13146442125014057,-0.20102464486357727,-0.19378743833948384,-0.1483310062915576,-0.25095771762811403,FIXED_STRONG_SIMPLE_COMPARISON
Source/TxPert_GAT,direct_risk,B2_Pointwise,SameConditionSupport,error_at_10,0.05322665386591792,0.06661864289522375,-0.013391989029305829,-0.018194835218568628,-0.008574395993251983,5000,5000,20,20,1.0,1.0,True,True,True,True,True,True,-0.13146442125014057,-0.20102464486357727,-0.19378743833948384,-0.1483310062915576,-0.25095771762811403,FIXED_STRONG_SIMPLE_COMPARISON
Source/TxPert_GAT,direct_risk,B2_Pointwise,SameConditionSupport,error_at_20,0.05186684537797496,0.06433395836843249,-0.012467112990457531,-0.01598263293749423,-0.009592500243920938,5000,5000,20,20,1.0,1.0,True,True,True,True,True,True,-0.13146442125014057,-0.20102464486357727,-0.19378743833948384,-0.1483310062915576,-0.25095771762811403,FIXED_STRONG_SIMPLE_COMPARISON
Source/TxPert_GAT,direct_risk,B2_Pointwise,SameConditionSupport,error_at_50,0.05280016503092324,0.06199611048538263,-0.00919594545445939,-0.010714145504240203,-0.007403104240737293,5000,5000,20,20,1.0,1.0,True,True,True,True,True,True,-0.13146442125014057,-0.20102464486357727,-0.19378743833948384,-0.1483310062915576,-0.25095771762811403,FIXED_STRONG_SIMPLE_COMPARISON
Source/TxPert_GAT,direct_risk,B2_Pointwise,SameConditionSupport,bio_rmse,0.05974582044408625,0.06259610835008626,-0.002850287906000011,-0.0031677314013765752,-0.002553298936732144,5000,5000,20,20,1.0,1.0,True,True,True,True,True,True,-0.13146442125014057,-0.20102464486357727,-0.19378743833948384,-0.1483310062915576,-0.25095771762811403,FIXED_STRONG_SIMPLE_COMPARISON
Source/TxPert_GAT,direct_risk,B2_Pointwise,SameConditionSupport,bio_cosine,0.5486997800683712,0.524231263805605,0.024468516262766138,0.020829142926262624,0.028350556177067308,5000,5000,20,20,1.0,1.0,True,True,True,True,True,True,-0.13146442125014057,-0.20102464486357727,-0.19378743833948384,-0.1483310062915576,-0.25095771762811403,FIXED_STRONG_SIMPLE_COMPARISON
Source/TxPert_GAT,direct_risk,B3_DeepSets,NearestControl,utility20,0.4840113474833053,0.4590065402226343,0.025004807260671003,-0.04879044738772746,0.07911148867344109,5000,5000,20,20,1.0,0.55,True,False,False,True,True,False,-0.0043036849597344615,0.04118196616703554,-0.000144217228526414,-0.0063657392924362614,-0.037577461699147,FIXED_STRONG_SIMPLE_COMPARISON
Source/TxPert_GAT,direct_risk,B3_DeepSets,NearestControl,aurc,0.054366400745778434,0.05460138791774064,-0.00023498717196220736,-0.0012472349931782576,0.0009411130499808053,5000,5000,20,20,1.0,0.55,True,False,False,True,True,False,-0.0043036849597344615,0.04118196616703554,-0.000144217228526414,-0.0063657392924362614,-0.037577461699147,FIXED_STRONG_SIMPLE_COMPARISON
Source/TxPert_GAT,direct_risk,B3_DeepSets,NearestControl,high_risk_miss_rate,0.5627247884915472,0.6003022501906942,-0.037577461699147,-0.08479923288528712,0.015317416636769369,5000,5000,20,20,1.0,0.55,True,False,False,True,True,False,-0.0043036849597344615,0.04118196616703554,-0.000144217228526414,-0.0063657392924362614,-0.037577461699147,FIXED_STRONG_SIMPLE_COMPARISON
Source/TxPert_GAT,direct_risk,B3_DeepSets,NearestControl,error_at_10,0.053615008728854587,0.051494369352391565,0.002120639376463021,-0.0023120995915728573,0.005220004288330954,5000,5000,20,20,1.0,0.55,True,False,False,True,True,False,-0.0043036849597344615,0.04118196616703554,-0.000144217228526414,-0.0063657392924362614,-0.037577461699147,FIXED_STRONG_SIMPLE_COMPARISON
Source/TxPert_GAT,direct_risk,B3_DeepSets,NearestControl,error_at_20,0.05146730768272841,0.05147473122580494,-7.42354307652765e-06,-0.002552810616238128,0.002408654013872325,5000,5000,20,20,1.0,0.55,True,False,False,True,True,False,-0.0043036849597344615,0.04118196616703554,-0.000144217228526414,-0.0063657392924362614,-0.037577461699147,FIXED_STRONG_SIMPLE_COMPARISON
Source/TxPert_GAT,direct_risk,B3_DeepSets,NearestControl,error_at_50,0.052721871012949006,0.053059634815134024,-0.00033776380218501767,-0.0013743255255534617,0.0006977375212696555,5000,5000,20,20,1.0,0.55,True,False,False,True,True,False,-0.0043036849597344615,0.04118196616703554,-0.000144217228526414,-0.0063657392924362614,-0.037577461699147,FIXED_STRONG_SIMPLE_COMPARISON
Source/TxPert_GAT,direct_risk,B3_DeepSets,NearestControl,bio_rmse,0.05973872355016233,0.0666216570628709,-0.006882933512708571,-0.007286534086915071,-0.006502105466951153,5000,5000,20,20,1.0,0.55,True,False,False,True,True,False,-0.0043036849597344615,0.04118196616703554,-0.000144217228526414,-0.0063657392924362614,-0.037577461699147,FIXED_STRONG_SIMPLE_COMPARISON
Source/TxPert_GAT,direct_risk,B3_DeepSets,NearestControl,bio_cosine,0.548584793200271,0.468130298360244,0.08045449484002698,0.07679786620817114,0.0842217339726254,5000,5000,20,20,1.0,0.55,True,False,False,True,True,False,-0.0043036849597344615,0.04118196616703554,-0.000144217228526414,-0.0063657392924362614,-0.037577461699147,FIXED_STRONG_SIMPLE_COMPARISON
Source/TxPert_GAT,direct_risk,B3_DeepSets,SameContextSupport,utility20,0.4840113474833053,-0.010146386257132706,0.49415773374043803,0.404376419773637,0.5915941036128682,5000,5000,20,20,1.0,1.0,True,True,True,True,True,True,-0.13128198278986986,-0.19519512258484423,-0.19999780849824889,-0.14959389225910055,-0.2549054537273846,FIXED_STRONG_SIMPLE_COMPARISON
Source/TxPert_GAT,direct_risk,B3_DeepSets,SameContextSupport,aurc,0.054366400745778434,0.06258233358665105,-0.008215932840872617,-0.00974010945853337,-0.006618186400778088,5000,5000,20,20,1.0,1.0,True,True,True,True,True,True,-0.13128198278986986,-0.19519512258484423,-0.19999780849824889,-0.14959389225910055,-0.2549054537273846,FIXED_STRONG_SIMPLE_COMPARISON
Source/TxPert_GAT,direct_risk,B3_DeepSets,SameContextSupport,high_risk_miss_rate,0.5627247884915472,0.8176302422189318,-0.2549054537273846,-0.309866797921437,-0.18585950563482465,5000,5000,20,20,1.0,1.0,True,True,True,True,True,True,-0.13128198278986986,-0.19519512258484423,-0.19999780849824889,-0.14959389225910055,-0.2549054537273846,FIXED_STRONG_SIMPLE_COMPARISON
Source/TxPert_GAT,direct_risk,B3_DeepSets,SameContextSupport,error_at_10,0.053615008728854587,0.06661864289522375,-0.013003634166369162,-0.017914359132044512,-0.008604767629126446,5000,5000,20,20,1.0,1.0,True,True,True,True,True,True,-0.13128198278986986,-0.19519512258484423,-0.19999780849824889,-0.14959389225910055,-0.2549054537273846,FIXED_STRONG_SIMPLE_COMPARISON
Source/TxPert_GAT,direct_risk,B3_DeepSets,SameContextSupport,error_at_20,0.05146730768272841,0.06433395836843249,-0.012866650685704077,-0.016224662210449887,-0.009822232559714773,5000,5000,20,20,1.0,1.0,True,True,True,True,True,True,-0.13128198278986986,-0.19519512258484423,-0.19999780849824889,-0.14959389225910055,-0.2549054537273846,FIXED_STRONG_SIMPLE_COMPARISON
Source/TxPert_GAT,direct_risk,B3_DeepSets,SameContextSupport,error_at_50,0.052721871012949006,0.06199611048538263,-0.009274239472433624,-0.010710684154661476,-0.007432511559626021,5000,5000,20,20,1.0,1.0,True,True,True,True,True,True,-0.13128198278986986,-0.19519512258484423,-0.19999780849824889,-0.14959389225910055,-0.2549054537273846,FIXED_STRONG_SIMPLE_COMPARISON
Source/TxPert_GAT,direct_risk,B3_DeepSets,SameContextSupport,bio_rmse,0.05973872355016233,0.06259610835008626,-0.00285738479992393,-0.0031737223722291025,-0.0025641484218628546,5000,5000,20,20,1.0,1.0,True,True,True,True,True,True,-0.13128198278986986,-0.19519512258484423,-0.19999780849824889,-0.14959389225910055,-0.2549054537273846,FIXED_STRONG_SIMPLE_COMPARISON
Source/TxPert_GAT,direct_risk,B3_DeepSets,SameContextSupport,bio_cosine,0.548584793200271,0.524231263805605,0.02435352939466595,0.020748968162588095,0.028207123854803152,5000,5000,20,20,1.0,1.0,True,True,True,True,True,True,-0.13128198278986986,-0.19519512258484423,-0.19999780849824889,-0.14959389225910055,-0.2549054537273846,FIXED_STRONG_SIMPLE_COMPARISON
Source/TxPert_GAT,direct_risk,B3_DeepSets,SameConditionSupport,utility20,0.4840113474833053,-0.010146386257132706,0.49415773374043803,0.404376419773637,0.5915941036128682,5000,5000,20,20,1.0,1.0,True,True,True,True,True,True,-0.13128198278986986,-0.19519512258484423,-0.19999780849824889,-0.14959389225910055,-0.2549054537273846,FIXED_STRONG_SIMPLE_COMPARISON
Source/TxPert_GAT,direct_risk,B3_DeepSets,SameConditionSupport,aurc,0.054366400745778434,0.06258233358665105,-0.008215932840872617,-0.00974010945853337,-0.006618186400778088,5000,5000,20,20,1.0,1.0,True,True,True,True,True,True,-0.13128198278986986,-0.19519512258484423,-0.19999780849824889,-0.14959389225910055,-0.2549054537273846,FIXED_STRONG_SIMPLE_COMPARISON
Source/TxPert_GAT,direct_risk,B3_DeepSets,SameConditionSupport,high_risk_miss_rate,0.5627247884915472,0.8176302422189318,-0.2549054537273846,-0.309866797921437,-0.18585950563482465,5000,5000,20,20,1.0,1.0,True,True,True,True,True,True,-0.13128198278986986,-0.19519512258484423,-0.19999780849824889,-0.14959389225910055,-0.2549054537273846,FIXED_STRONG_SIMPLE_COMPARISON
Source/TxPert_GAT,direct_risk,B3_DeepSets,SameConditionSupport,error_at_10,0.053615008728854587,0.06661864289522375,-0.013003634166369162,-0.017914359132044512,-0.008604767629126446,5000,5000,20,20,1.0,1.0,True,True,True,True,True,True,-0.13128198278986986,-0.19519512258484423,-0.19999780849824889,-0.14959389225910055,-0.2549054537273846,FIXED_STRONG_SIMPLE_COMPARISON
Source/TxPert_GAT,direct_risk,B3_DeepSets,SameConditionSupport,error_at_20,0.05146730768272841,0.06433395836843249,-0.012866650685704077,-0.016224662210449887,-0.009822232559714773,5000,5000,20,20,1.0,1.0,True,True,True,True,True,True,-0.13128198278986986,-0.19519512258484423,-0.19999780849824889,-0.14959389225910055,-0.2549054537273846,FIXED_STRONG_SIMPLE_COMPARISON
Source/TxPert_GAT,direct_risk,B3_DeepSets,SameConditionSupport,error_at_50,0.052721871012949006,0.06199611048538263,-0.009274239472433624,-0.010710684154661476,-0.007432511559626021,5000,5000,20,20,1.0,1.0,True,True,True,True,True,True,-0.13128198278986986,-0.19519512258484423,-0.19999780849824889,-0.14959389225910055,-0.2549054537273846,FIXED_STRONG_SIMPLE_COMPARISON
Source/TxPert_GAT,direct_risk,B3_DeepSets,SameConditionSupport,bio_rmse,0.05973872355016233,0.06259610835008626,-0.00285738479992393,-0.0031737223722291025,-0.0025641484218628546,5000,5000,20,20,1.0,1.0,True,True,True,True,True,True,-0.13128198278986986,-0.19519512258484423,-0.19999780849824889,-0.14959389225910055,-0.2549054537273846,FIXED_STRONG_SIMPLE_COMPARISON
Source/TxPert_GAT,direct_risk,B3_DeepSets,SameConditionSupport,bio_cosine,0.548584793200271,0.524231263805605,0.02435352939466595,0.020748968162588095,0.028207123854803152,5000,5000,20,20,1.0,1.0,True,True,True,True,True,True,-0.13128198278986986,-0.19519512258484423,-0.19999780849824889,-0.14959389225910055,-0.2549054537273846,FIXED_STRONG_SIMPLE_COMPARISON
