domain,outer_fold,task_id,gene,context,n_history,query_experiment_excluded,inference_scope,forbidden_evaluation_ids_hash
McFaline,0,PHKG2::a172::nintedanib,PHKG2,a172,14,True,outer0,30a06b263b801b62f23bbe6d8033d8a6ed6f7fab47f7ac864d94fa42d6145fa5
McFaline,0,MOK::a172::nintedanib,MOK,a172,12,True,outer0,30a06b263b801b62f23bbe6d8033d8a6ed6f7fab47f7ac864d94fa42d6145fa5
McFaline,0,CAMK1G::a172::nintedanib,CAMK1G,a172,12,True,outer0,30a06b263b801b62f23bbe6d8033d8a6ed6f7fab47f7ac864d94fa42d6145fa5
McFaline,0,PRKAA2::a172::nintedanib,PRKAA2,a172,13,True,outer0,30a06b263b801b62f23bbe6d8033d8a6ed6f7fab47f7ac864d94fa42d6145fa5
McFaline,0,ACVR1B::a172::nintedanib,ACVR1B,a172,14,True,outer0,30a06b263b801b62f23bbe6d8033d8a6ed6f7fab47f7ac864d94fa42d6145fa5
McFaline,0,ROS1::a172::nintedanib,ROS1,a172,13,True,outer0,30a06b263b801b62f23bbe6d8033d8a6ed6f7fab47f7ac864d94fa42d6145fa5
McFaline,0,BMPR2::a172::nintedanib,BMPR2,a172,13,True,outer0,30a06b263b801b62f23bbe6d8033d8a6ed6f7fab47f7ac864d94fa42d6145fa5
McFaline,0,DCLK3::a172::nintedanib,DCLK3,a172,14,True,outer0,30a06b263b801b62f23bbe6d8033d8a6ed6f7fab47f7ac864d94fa42d6145fa5
McFaline,0,MAPK13::a172::nintedanib,MAPK13,a172,13,True,outer0,30a06b263b801b62f23bbe6d8033d8a6ed6f7fab47f7ac864d94fa42d6145fa5
McFaline,0,NRK::a172::nintedanib,NRK,a172,12,True,outer0,30a06b263b801b62f23bbe6d8033d8a6ed6f7fab47f7ac864d94fa42d6145fa5
McFaline,0,ERBB4::a172::nintedanib,ERBB4,a172,12,True,outer0,30a06b263b801b62f23bbe6d8033d8a6ed6f7fab47f7ac864d94fa42d6145fa5
McFaline,0,SPEG::a172::nintedanib,SPEG,a172,12,True,outer0,30a06b263b801b62f23bbe6d8033d8a6ed6f7fab47f7ac864d94fa42d6145fa5
McFaline,0,LMTK2::a172::nintedanib,LMTK2,a172,14,True,outer0,30a06b263b801b62f23bbe6d8033d8a6ed6f7fab47f7ac864d94fa42d6145fa5
McFaline,0,ADCK2::a172::nintedanib,ADCK2,a172,13,True,outer0,30a06b263b801b62f23bbe6d8033d8a6ed6f7fab47f7ac864d94fa42d6145fa5
McFaline,0,LRRK1::a172::nintedanib,LRRK1,a172,12,True,outer0,30a06b263b801b62f23bbe6d8033d8a6ed6f7fab47f7ac864d94fa42d6145fa5
McFaline,0,FLT4::a172::nintedanib,FLT4,a172,12,True,outer0,30a06b263b801b62f23bbe6d8033d8a6ed6f7fab47f7ac864d94fa42d6145fa5
McFaline,0,FASTK::a172::nintedanib,FASTK,a172,12,True,outer0,30a06b263b801b62f23bbe6d8033d8a6ed6f7fab47f7ac864d94fa42d6145fa5
McFaline,0,PAK2::a172::nintedanib,PAK2,a172,12,True,outer0,30a06b263b801b62f23bbe6d8033d8a6ed6f7fab47f7ac864d94fa42d6145fa5
McFaline,0,BMP2K::a172::nintedanib,BMP2K,a172,12,True,outer0,30a06b263b801b62f23bbe6d8033d8a6ed6f7fab47f7ac864d94fa42d6145fa5
McFaline,0,MAP3K8::a172::nintedanib,MAP3K8,a172,12,True,outer0,30a06b263b801b62f23bbe6d8033d8a6ed6f7fab47f7ac864d94fa42d6145fa5
McFaline,0,CDKL3::a172::nintedanib,CDKL3,a172,14,True,outer0,30a06b263b801b62f23bbe6d8033d8a6ed6f7fab47f7ac864d94fa42d6145fa5
McFaline,0,CSNK2A1::a172::nintedanib,CSNK2A1,a172,13,True,outer0,30a06b263b801b62f23bbe6d8033d8a6ed6f7fab47f7ac864d94fa42d6145fa5
McFaline,0,ULK2::a172::nintedanib,ULK2,a172,12,True,outer0,30a06b263b801b62f23bbe6d8033d8a6ed6f7fab47f7ac864d94fa42d6145fa5
McFaline,0,ARAF::a172::nintedanib,ARAF,a172,13,True,outer0,30a06b263b801b62f23bbe6d8033d8a6ed6f7fab47f7ac864d94fa42d6145fa5
McFaline,0,PRKCI::a172::nintedanib,PRKCI,a172,12,True,outer0,30a06b263b801b62f23bbe6d8033d8a6ed6f7fab47f7ac864d94fa42d6145fa5
McFaline,0,ILK::a172::nintedanib,ILK,a172,13,True,outer0,30a06b263b801b62f23bbe6d8033d8a6ed6f7fab47f7ac864d94fa42d6145fa5
McFaline,0,NEK1::a172::nintedanib,NEK1,a172,11,True,outer0,30a06b263b801b62f23bbe6d8033d8a6ed6f7fab47f7ac864d94fa42d6145fa5
McFaline,0,PRKCE::a172::nintedanib,PRKCE,a172,13,True,outer0,30a06b263b801b62f23bbe6d8033d8a6ed6f7fab47f7ac864d94fa42d6145fa5
McFaline,0,ANKK1::a172::nintedanib,ANKK1,a172,12,True,outer0,30a06b263b801b62f23bbe6d8033d8a6ed6f7fab47f7ac864d94fa42d6145fa5
McFaline,0,RPS6KL1::a172::nintedanib,RPS6KL1,a172,12,True,outer0,30a06b263b801b62f23bbe6d8033d8a6ed6f7fab47f7ac864d94fa42d6145fa5
McFaline,0,ALK::a172::nintedanib,ALK,a172,13,True,outer0,30a06b263b801b62f23bbe6d8033d8a6ed6f7fab47f7ac864d94fa42d6145fa5
McFaline,0,PIK3CG::a172::nintedanib,PIK3CG,a172,12,True,outer0,30a06b263b801b62f23bbe6d8033d8a6ed6f7fab47f7ac864d94fa42d6145fa5
McFaline,0,CHEK1::a172::nintedanib,CHEK1,a172,13,True,outer0,30a06b263b801b62f23bbe6d8033d8a6ed6f7fab47f7ac864d94fa42d6145fa5
McFaline,0,FASTK::t98g::lapatinib,FASTK,t98g,12,True,outer0,30a06b263b801b62f23bbe6d8033d8a6ed6f7fab47f7ac864d94fa42d6145fa5
McFaline,0,CDK20::t98g::lapatinib,CDK20,t98g,12,True,outer0,30a06b263b801b62f23bbe6d8033d8a6ed6f7fab47f7ac864d94fa42d6145fa5
McFaline,0,ADCK2::t98g::lapatinib,ADCK2,t98g,13,True,outer0,30a06b263b801b62f23bbe6d8033d8a6ed6f7fab47f7ac864d94fa42d6145fa5
McFaline,0,CAMK1G::t98g::lapatinib,CAMK1G,t98g,12,True,outer0,30a06b263b801b62f23bbe6d8033d8a6ed6f7fab47f7ac864d94fa42d6145fa5
McFaline,0,MAPKAPK5::t98g::lapatinib,MAPKAPK5,t98g,13,True,outer0,30a06b263b801b62f23bbe6d8033d8a6ed6f7fab47f7ac864d94fa42d6145fa5
McFaline,0,SPEG::t98g::lapatinib,SPEG,t98g,12,True,outer0,30a06b263b801b62f23bbe6d8033d8a6ed6f7fab47f7ac864d94fa42d6145fa5
McFaline,0,PAK2::t98g::lapatinib,PAK2,t98g,12,True,outer0,30a06b263b801b62f23bbe6d8033d8a6ed6f7fab47f7ac864d94fa42d6145fa5
McFaline,0,PRKACB::t98g::lapatinib,PRKACB,t98g,13,True,outer0,30a06b263b801b62f23bbe6d8033d8a6ed6f7fab47f7ac864d94fa42d6145fa5
McFaline,0,PRKD2::t98g::lapatinib,PRKD2,t98g,14,True,outer0,30a06b263b801b62f23bbe6d8033d8a6ed6f7fab47f7ac864d94fa42d6145fa5
McFaline,0,CDK16::t98g::lapatinib,CDK16,t98g,12,True,outer0,30a06b263b801b62f23bbe6d8033d8a6ed6f7fab47f7ac864d94fa42d6145fa5
McFaline,0,AATK::t98g::lapatinib,AATK,t98g,13,True,outer0,30a06b263b801b62f23bbe6d8033d8a6ed6f7fab47f7ac864d94fa42d6145fa5
McFaline,0,ERBB4::t98g::lapatinib,ERBB4,t98g,12,True,outer0,30a06b263b801b62f23bbe6d8033d8a6ed6f7fab47f7ac864d94fa42d6145fa5
McFaline,0,PLK4::t98g::lapatinib,PLK4,t98g,14,True,outer0,30a06b263b801b62f23bbe6d8033d8a6ed6f7fab47f7ac864d94fa42d6145fa5
McFaline,0,EPHA6::t98g::lapatinib,EPHA6,t98g,12,True,outer0,30a06b263b801b62f23bbe6d8033d8a6ed6f7fab47f7ac864d94fa42d6145fa5
McFaline,0,STK40::t98g::lapatinib,STK40,t98g,13,True,outer0,30a06b263b801b62f23bbe6d8033d8a6ed6f7fab47f7ac864d94fa42d6145fa5
McFaline,0,LRRK1::t98g::lapatinib,LRRK1,t98g,12,True,outer0,30a06b263b801b62f23bbe6d8033d8a6ed6f7fab47f7ac864d94fa42d6145fa5
McFaline,0,RPS6KC1::t98g::lapatinib,RPS6KC1,t98g,13,True,outer0,30a06b263b801b62f23bbe6d8033d8a6ed6f7fab47f7ac864d94fa42d6145fa5
McFaline,0,BMP2K::t98g::lapatinib,BMP2K,t98g,12,True,outer0,30a06b263b801b62f23bbe6d8033d8a6ed6f7fab47f7ac864d94fa42d6145fa5
McFaline,0,ALPK2::t98g::lapatinib,ALPK2,t98g,13,True,outer0,30a06b263b801b62f23bbe6d8033d8a6ed6f7fab47f7ac864d94fa42d6145fa5
McFaline,0,EPHA3::t98g::lapatinib,EPHA3,t98g,13,True,outer0,30a06b263b801b62f23bbe6d8033d8a6ed6f7fab47f7ac864d94fa42d6145fa5
McFaline,0,PTK6::t98g::lapatinib,PTK6,t98g,13,True,outer0,30a06b263b801b62f23bbe6d8033d8a6ed6f7fab47f7ac864d94fa42d6145fa5
McFaline,0,NRK::t98g::lapatinib,NRK,t98g,12,True,outer0,30a06b263b801b62f23bbe6d8033d8a6ed6f7fab47f7ac864d94fa42d6145fa5
McFaline,0,WNK4::t98g::lapatinib,WNK4,t98g,13,True,outer0,30a06b263b801b62f23bbe6d8033d8a6ed6f7fab47f7ac864d94fa42d6145fa5
McFaline,0,NPR2::t98g::lapatinib,NPR2,t98g,13,True,outer0,30a06b263b801b62f23bbe6d8033d8a6ed6f7fab47f7ac864d94fa42d6145fa5
McFaline,0,PDK1::t98g::lapatinib,PDK1,t98g,13,True,outer0,30a06b263b801b62f23bbe6d8033d8a6ed6f7fab47f7ac864d94fa42d6145fa5
McFaline,0,MAP3K3::t98g::lapatinib,MAP3K3,t98g,13,True,outer0,30a06b263b801b62f23bbe6d8033d8a6ed6f7fab47f7ac864d94fa42d6145fa5
McFaline,0,PRKCI::t98g::lapatinib,PRKCI,t98g,12,True,outer0,30a06b263b801b62f23bbe6d8033d8a6ed6f7fab47f7ac864d94fa42d6145fa5
McFaline,0,MLKL::t98g::lapatinib,MLKL,t98g,13,True,outer0,30a06b263b801b62f23bbe6d8033d8a6ed6f7fab47f7ac864d94fa42d6145fa5
McFaline,0,FER::t98g::lapatinib,FER,t98g,14,True,outer0,30a06b263b801b62f23bbe6d8033d8a6ed6f7fab47f7ac864d94fa42d6145fa5
McFaline,0,PRKACG::t98g::lapatinib,PRKACG,t98g,13,True,outer0,30a06b263b801b62f23bbe6d8033d8a6ed6f7fab47f7ac864d94fa42d6145fa5
McFaline,0,IRAK4::t98g::lapatinib,IRAK4,t98g,12,True,outer0,30a06b263b801b62f23bbe6d8033d8a6ed6f7fab47f7ac864d94fa42d6145fa5
McFaline,0,STRADA::t98g::lapatinib,STRADA,t98g,13,True,outer0,30a06b263b801b62f23bbe6d8033d8a6ed6f7fab47f7ac864d94fa42d6145fa5
McFaline,0,PIK3CG::t98g::lapatinib,PIK3CG,t98g,12,True,outer0,30a06b263b801b62f23bbe6d8033d8a6ed6f7fab47f7ac864d94fa42d6145fa5
McFaline,0,MYLK4::t98g::lapatinib,MYLK4,t98g,13,True,outer0,30a06b263b801b62f23bbe6d8033d8a6ed6f7fab47f7ac864d94fa42d6145fa5
McFaline,0,EPHA8::t98g::lapatinib,EPHA8,t98g,12,True,outer0,30a06b263b801b62f23bbe6d8033d8a6ed6f7fab47f7ac864d94fa42d6145fa5
McFaline,0,CSNK2A1::t98g::lapatinib,CSNK2A1,t98g,13,True,outer0,30a06b263b801b62f23bbe6d8033d8a6ed6f7fab47f7ac864d94fa42d6145fa5
McFaline,0,RPS6KB2::t98g::lapatinib,RPS6KB2,t98g,13,True,outer0,30a06b263b801b62f23bbe6d8033d8a6ed6f7fab47f7ac864d94fa42d6145fa5
McFaline,0,RPS6KL1::t98g::lapatinib,RPS6KL1,t98g,12,True,outer0,30a06b263b801b62f23bbe6d8033d8a6ed6f7fab47f7ac864d94fa42d6145fa5
McFaline,0,MAPK1::t98g::lapatinib,MAPK1,t98g,14,True,outer0,30a06b263b801b62f23bbe6d8033d8a6ed6f7fab47f7ac864d94fa42d6145fa5
McFaline,0,MAP3K8::t98g::lapatinib,MAP3K8,t98g,12,True,outer0,30a06b263b801b62f23bbe6d8033d8a6ed6f7fab47f7ac864d94fa42d6145fa5
McFaline,0,FLT4::t98g::lapatinib,FLT4,t98g,12,True,outer0,30a06b263b801b62f23bbe6d8033d8a6ed6f7fab47f7ac864d94fa42d6145fa5
McFaline,0,DYRK2::u87mg::none,DYRK2,u87mg,13,True,outer0,30a06b263b801b62f23bbe6d8033d8a6ed6f7fab47f7ac864d94fa42d6145fa5
McFaline,0,STK17B::u87mg::none,STK17B,u87mg,13,True,outer0,30a06b263b801b62f23bbe6d8033d8a6ed6f7fab47f7ac864d94fa42d6145fa5
McFaline,0,SCYL1::u87mg::none,SCYL1,u87mg,13,True,outer0,30a06b263b801b62f23bbe6d8033d8a6ed6f7fab47f7ac864d94fa42d6145fa5
McFaline,0,PRKCI::u87mg::none,PRKCI,u87mg,12,True,outer0,30a06b263b801b62f23bbe6d8033d8a6ed6f7fab47f7ac864d94fa42d6145fa5
McFaline,0,NEK1::u87mg::none,NEK1,u87mg,11,True,outer0,30a06b263b801b62f23bbe6d8033d8a6ed6f7fab47f7ac864d94fa42d6145fa5
McFaline,0,NEK10::u87mg::none,NEK10,u87mg,13,True,outer0,30a06b263b801b62f23bbe6d8033d8a6ed6f7fab47f7ac864d94fa42d6145fa5
McFaline,0,CDK16::u87mg::none,CDK16,u87mg,12,True,outer0,30a06b263b801b62f23bbe6d8033d8a6ed6f7fab47f7ac864d94fa42d6145fa5
McFaline,0,CHUK::u87mg::none,CHUK,u87mg,13,True,outer0,30a06b263b801b62f23bbe6d8033d8a6ed6f7fab47f7ac864d94fa42d6145fa5
McFaline,0,BMPR2::u87mg::none,BMPR2,u87mg,13,True,outer0,30a06b263b801b62f23bbe6d8033d8a6ed6f7fab47f7ac864d94fa42d6145fa5
McFaline,0,RAF1::u87mg::none,RAF1,u87mg,13,True,outer0,30a06b263b801b62f23bbe6d8033d8a6ed6f7fab47f7ac864d94fa42d6145fa5
McFaline,0,ANKK1::u87mg::none,ANKK1,u87mg,12,True,outer0,30a06b263b801b62f23bbe6d8033d8a6ed6f7fab47f7ac864d94fa42d6145fa5
McFaline,0,MAP3K8::u87mg::none,MAP3K8,u87mg,12,True,outer0,30a06b263b801b62f23bbe6d8033d8a6ed6f7fab47f7ac864d94fa42d6145fa5
McFaline,0,RPS6KL1::u87mg::none,RPS6KL1,u87mg,12,True,outer0,30a06b263b801b62f23bbe6d8033d8a6ed6f7fab47f7ac864d94fa42d6145fa5
McFaline,0,LTK::u87mg::none,LTK,u87mg,13,True,outer0,30a06b263b801b62f23bbe6d8033d8a6ed6f7fab47f7ac864d94fa42d6145fa5
McFaline,0,MAPK13::u87mg::none,MAPK13,u87mg,13,True,outer0,30a06b263b801b62f23bbe6d8033d8a6ed6f7fab47f7ac864d94fa42d6145fa5
McFaline,0,STK17A::u87mg::none,STK17A,u87mg,13,True,outer0,30a06b263b801b62f23bbe6d8033d8a6ed6f7fab47f7ac864d94fa42d6145fa5
McFaline,0,CAMK1G::u87mg::none,CAMK1G,u87mg,12,True,outer0,30a06b263b801b62f23bbe6d8033d8a6ed6f7fab47f7ac864d94fa42d6145fa5
McFaline,0,STRADA::u87mg::none,STRADA,u87mg,13,True,outer0,30a06b263b801b62f23bbe6d8033d8a6ed6f7fab47f7ac864d94fa42d6145fa5
McFaline,0,NRK::u87mg::none,NRK,u87mg,12,True,outer0,30a06b263b801b62f23bbe6d8033d8a6ed6f7fab47f7ac864d94fa42d6145fa5
McFaline,0,INSR::u87mg::none,INSR,u87mg,13,True,outer0,30a06b263b801b62f23bbe6d8033d8a6ed6f7fab47f7ac864d94fa42d6145fa5
McFaline,0,BTK::u87mg::none,BTK,u87mg,13,True,outer0,30a06b263b801b62f23bbe6d8033d8a6ed6f7fab47f7ac864d94fa42d6145fa5
McFaline,0,BMP2K::u87mg::none,BMP2K,u87mg,12,True,outer0,30a06b263b801b62f23bbe6d8033d8a6ed6f7fab47f7ac864d94fa42d6145fa5
McFaline,0,MYLK4::u87mg::none,MYLK4,u87mg,13,True,outer0,30a06b263b801b62f23bbe6d8033d8a6ed6f7fab47f7ac864d94fa42d6145fa5
McFaline,0,TNNI3K::u87mg::none,TNNI3K,u87mg,14,True,outer0,30a06b263b801b62f23bbe6d8033d8a6ed6f7fab47f7ac864d94fa42d6145fa5
McFaline,0,PTK6::u87mg::none,PTK6,u87mg,13,True,outer0,30a06b263b801b62f23bbe6d8033d8a6ed6f7fab47f7ac864d94fa42d6145fa5
McFaline,0,EPHB6::u87mg::none,EPHB6,u87mg,12,True,outer0,30a06b263b801b62f23bbe6d8033d8a6ed6f7fab47f7ac864d94fa42d6145fa5
McFaline,0,ROS1::u87mg::none,ROS1,u87mg,13,True,outer0,30a06b263b801b62f23bbe6d8033d8a6ed6f7fab47f7ac864d94fa42d6145fa5
McFaline,0,PRKCE::u87mg::none,PRKCE,u87mg,13,True,outer0,30a06b263b801b62f23bbe6d8033d8a6ed6f7fab47f7ac864d94fa42d6145fa5
McFaline,0,CDKL5::u87mg::none,CDKL5,u87mg,13,True,outer0,30a06b263b801b62f23bbe6d8033d8a6ed6f7fab47f7ac864d94fa42d6145fa5
McFaline,0,CHEK1::u87mg::none,CHEK1,u87mg,13,True,outer0,30a06b263b801b62f23bbe6d8033d8a6ed6f7fab47f7ac864d94fa42d6145fa5
McFaline,0,AMHR2::u87mg::none,AMHR2,u87mg,12,True,outer0,30a06b263b801b62f23bbe6d8033d8a6ed6f7fab47f7ac864d94fa42d6145fa5
McFaline,0,PIK3CG::u87mg::none,PIK3CG,u87mg,12,True,outer0,30a06b263b801b62f23bbe6d8033d8a6ed6f7fab47f7ac864d94fa42d6145fa5
McFaline,0,PDK1::u87mg::none,PDK1,u87mg,13,True,outer0,30a06b263b801b62f23bbe6d8033d8a6ed6f7fab47f7ac864d94fa42d6145fa5
McFaline,0,STK40::u87mg::none,STK40,u87mg,13,True,outer0,30a06b263b801b62f23bbe6d8033d8a6ed6f7fab47f7ac864d94fa42d6145fa5
McFaline,0,ERBB4::u87mg::none,ERBB4,u87mg,12,True,outer0,30a06b263b801b62f23bbe6d8033d8a6ed6f7fab47f7ac864d94fa42d6145fa5
McFaline,0,EPHA6::u87mg::none,EPHA6,u87mg,12,True,outer0,30a06b263b801b62f23bbe6d8033d8a6ed6f7fab47f7ac864d94fa42d6145fa5
McFaline,0,MOK::u87mg::none,MOK,u87mg,12,True,outer0,30a06b263b801b62f23bbe6d8033d8a6ed6f7fab47f7ac864d94fa42d6145fa5
McFaline,0,ALPK2::u87mg::none,ALPK2,u87mg,13,True,outer0,30a06b263b801b62f23bbe6d8033d8a6ed6f7fab47f7ac864d94fa42d6145fa5
McFaline,0,EPHA3::u87mg::none,EPHA3,u87mg,13,True,outer0,30a06b263b801b62f23bbe6d8033d8a6ed6f7fab47f7ac864d94fa42d6145fa5
McFaline,0,ATM::u87mg::none,ATM,u87mg,13,True,outer0,30a06b263b801b62f23bbe6d8033d8a6ed6f7fab47f7ac864d94fa42d6145fa5
McFaline,0,VRK1::u87mg::none,VRK1,u87mg,11,True,outer0,30a06b263b801b62f23bbe6d8033d8a6ed6f7fab47f7ac864d94fa42d6145fa5
McFaline,1,RPS6KA3::a172::nintedanib,RPS6KA3,a172,12,True,outer1,5bea560a39e5a5aee9eb1be85df2d0d5aed8eb78cd360c97833e4aa9e57a696e
McFaline,1,GRK5::a172::nintedanib,GRK5,a172,12,True,outer1,5bea560a39e5a5aee9eb1be85df2d0d5aed8eb78cd360c97833e4aa9e57a696e
McFaline,1,CDK6::a172::nintedanib,CDK6,a172,12,True,outer1,5bea560a39e5a5aee9eb1be85df2d0d5aed8eb78cd360c97833e4aa9e57a696e
McFaline,1,PSKH2::a172::nintedanib,PSKH2,a172,12,True,outer1,5bea560a39e5a5aee9eb1be85df2d0d5aed8eb78cd360c97833e4aa9e57a696e
McFaline,1,WEE1::a172::nintedanib,WEE1,a172,13,True,outer1,5bea560a39e5a5aee9eb1be85df2d0d5aed8eb78cd360c97833e4aa9e57a696e
McFaline,1,JAK2::a172::nintedanib,JAK2,a172,13,True,outer1,5bea560a39e5a5aee9eb1be85df2d0d5aed8eb78cd360c97833e4aa9e57a696e
McFaline,1,PKMYT1::a172::nintedanib,PKMYT1,a172,13,True,outer1,5bea560a39e5a5aee9eb1be85df2d0d5aed8eb78cd360c97833e4aa9e57a696e
McFaline,1,GSG2::a172::nintedanib,GSG2,a172,13,True,outer1,5bea560a39e5a5aee9eb1be85df2d0d5aed8eb78cd360c97833e4aa9e57a696e
McFaline,1,PIM3::a172::nintedanib,PIM3,a172,13,True,outer1,5bea560a39e5a5aee9eb1be85df2d0d5aed8eb78cd360c97833e4aa9e57a696e
McFaline,1,PDK2::a172::nintedanib,PDK2,a172,13,True,outer1,5bea560a39e5a5aee9eb1be85df2d0d5aed8eb78cd360c97833e4aa9e57a696e
McFaline,1,ATR::a172::nintedanib,ATR,a172,9,True,outer1,5bea560a39e5a5aee9eb1be85df2d0d5aed8eb78cd360c97833e4aa9e57a696e
McFaline,1,PIK3C2G::a172::nintedanib,PIK3C2G,a172,12,True,outer1,5bea560a39e5a5aee9eb1be85df2d0d5aed8eb78cd360c97833e4aa9e57a696e
McFaline,1,ACVR2A::a172::nintedanib,ACVR2A,a172,13,True,outer1,5bea560a39e5a5aee9eb1be85df2d0d5aed8eb78cd360c97833e4aa9e57a696e
McFaline,1,MAPK9::a172::nintedanib,MAPK9,a172,12,True,outer1,5bea560a39e5a5aee9eb1be85df2d0d5aed8eb78cd360c97833e4aa9e57a696e
McFaline,1,TRIM33::a172::nintedanib,TRIM33,a172,12,True,outer1,5bea560a39e5a5aee9eb1be85df2d0d5aed8eb78cd360c97833e4aa9e57a696e
McFaline,1,ULK4::a172::nintedanib,ULK4,a172,12,True,outer1,5bea560a39e5a5aee9eb1be85df2d0d5aed8eb78cd360c97833e4aa9e57a696e
McFaline,1,NEK8::a172::nintedanib,NEK8,a172,12,True,outer1,5bea560a39e5a5aee9eb1be85df2d0d5aed8eb78cd360c97833e4aa9e57a696e
McFaline,1,TTBK2::a172::nintedanib,TTBK2,a172,13,True,outer1,5bea560a39e5a5aee9eb1be85df2d0d5aed8eb78cd360c97833e4aa9e57a696e
McFaline,1,EEF2K::a172::nintedanib,EEF2K,a172,14,True,outer1,5bea560a39e5a5aee9eb1be85df2d0d5aed8eb78cd360c97833e4aa9e57a696e
McFaline,1,MAPK12::a172::nintedanib,MAPK12,a172,14,True,outer1,5bea560a39e5a5aee9eb1be85df2d0d5aed8eb78cd360c97833e4aa9e57a696e
McFaline,1,CDK13::a172::nintedanib,CDK13,a172,13,True,outer1,5bea560a39e5a5aee9eb1be85df2d0d5aed8eb78cd360c97833e4aa9e57a696e
McFaline,1,WNK1::a172::nintedanib,WNK1,a172,12,True,outer1,5bea560a39e5a5aee9eb1be85df2d0d5aed8eb78cd360c97833e4aa9e57a696e
McFaline,1,PRKCH::a172::nintedanib,PRKCH,a172,14,True,outer1,5bea560a39e5a5aee9eb1be85df2d0d5aed8eb78cd360c97833e4aa9e57a696e
McFaline,1,VRK2::a172::nintedanib,VRK2,a172,13,True,outer1,5bea560a39e5a5aee9eb1be85df2d0d5aed8eb78cd360c97833e4aa9e57a696e
McFaline,1,PKN3::a172::nintedanib,PKN3,a172,12,True,outer1,5bea560a39e5a5aee9eb1be85df2d0d5aed8eb78cd360c97833e4aa9e57a696e
McFaline,1,CDK11A::a172::nintedanib,CDK11A,a172,13,True,outer1,5bea560a39e5a5aee9eb1be85df2d0d5aed8eb78cd360c97833e4aa9e57a696e
McFaline,1,PLK2::a172::nintedanib,PLK2,a172,12,True,outer1,5bea560a39e5a5aee9eb1be85df2d0d5aed8eb78cd360c97833e4aa9e57a696e
McFaline,1,MELK::a172::nintedanib,MELK,a172,12,True,outer1,5bea560a39e5a5aee9eb1be85df2d0d5aed8eb78cd360c97833e4aa9e57a696e
McFaline,1,PDPK1::a172::nintedanib,PDPK1,a172,12,True,outer1,5bea560a39e5a5aee9eb1be85df2d0d5aed8eb78cd360c97833e4aa9e57a696e
McFaline,1,MET::a172::nintedanib,MET,a172,13,True,outer1,5bea560a39e5a5aee9eb1be85df2d0d5aed8eb78cd360c97833e4aa9e57a696e
McFaline,1,ULK3::a172::nintedanib,ULK3,a172,14,True,outer1,5bea560a39e5a5aee9eb1be85df2d0d5aed8eb78cd360c97833e4aa9e57a696e
McFaline,1,TYRO3::a172::nintedanib,TYRO3,a172,13,True,outer1,5bea560a39e5a5aee9eb1be85df2d0d5aed8eb78cd360c97833e4aa9e57a696e
McFaline,1,STK32B::a172::nintedanib,STK32B,a172,12,True,outer1,5bea560a39e5a5aee9eb1be85df2d0d5aed8eb78cd360c97833e4aa9e57a696e
McFaline,1,SIK2::a172::nintedanib,SIK2,a172,12,True,outer1,5bea560a39e5a5aee9eb1be85df2d0d5aed8eb78cd360c97833e4aa9e57a696e
McFaline,1,RIPK2::a172::nintedanib,RIPK2,a172,12,True,outer1,5bea560a39e5a5aee9eb1be85df2d0d5aed8eb78cd360c97833e4aa9e57a696e
McFaline,1,TRIM24::a172::nintedanib,TRIM24,a172,12,True,outer1,5bea560a39e5a5aee9eb1be85df2d0d5aed8eb78cd360c97833e4aa9e57a696e
McFaline,1,NEK7::a172::nintedanib,NEK7,a172,13,True,outer1,5bea560a39e5a5aee9eb1be85df2d0d5aed8eb78cd360c97833e4aa9e57a696e
McFaline,1,MTOR::a172::nintedanib,MTOR,a172,7,True,outer1,5bea560a39e5a5aee9eb1be85df2d0d5aed8eb78cd360c97833e4aa9e57a696e
McFaline,1,WNK1::t98g::lapatinib,WNK1,t98g,12,True,outer1,5bea560a39e5a5aee9eb1be85df2d0d5aed8eb78cd360c97833e4aa9e57a696e
McFaline,1,JAK2::t98g::lapatinib,JAK2,t98g,13,True,outer1,5bea560a39e5a5aee9eb1be85df2d0d5aed8eb78cd360c97833e4aa9e57a696e
McFaline,1,PTK7::t98g::lapatinib,PTK7,t98g,13,True,outer1,5bea560a39e5a5aee9eb1be85df2d0d5aed8eb78cd360c97833e4aa9e57a696e
McFaline,1,MARK3::t98g::lapatinib,MARK3,t98g,13,True,outer1,5bea560a39e5a5aee9eb1be85df2d0d5aed8eb78cd360c97833e4aa9e57a696e
McFaline,1,MAPKAPK2::t98g::lapatinib,MAPKAPK2,t98g,13,True,outer1,5bea560a39e5a5aee9eb1be85df2d0d5aed8eb78cd360c97833e4aa9e57a696e
McFaline,1,PLK2::t98g::lapatinib,PLK2,t98g,12,True,outer1,5bea560a39e5a5aee9eb1be85df2d0d5aed8eb78cd360c97833e4aa9e57a696e
McFaline,1,PIK3C2G::t98g::lapatinib,PIK3C2G,t98g,12,True,outer1,5bea560a39e5a5aee9eb1be85df2d0d5aed8eb78cd360c97833e4aa9e57a696e
McFaline,1,ROR1::t98g::lapatinib,ROR1,t98g,12,True,outer1,5bea560a39e5a5aee9eb1be85df2d0d5aed8eb78cd360c97833e4aa9e57a696e
McFaline,1,PRKAA1::t98g::lapatinib,PRKAA1,t98g,14,True,outer1,5bea560a39e5a5aee9eb1be85df2d0d5aed8eb78cd360c97833e4aa9e57a696e
McFaline,1,STK11::t98g::lapatinib,STK11,t98g,13,True,outer1,5bea560a39e5a5aee9eb1be85df2d0d5aed8eb78cd360c97833e4aa9e57a696e
McFaline,1,CDK15::t98g::lapatinib,CDK15,t98g,13,True,outer1,5bea560a39e5a5aee9eb1be85df2d0d5aed8eb78cd360c97833e4aa9e57a696e
McFaline,1,TRIM24::t98g::lapatinib,TRIM24,t98g,12,True,outer1,5bea560a39e5a5aee9eb1be85df2d0d5aed8eb78cd360c97833e4aa9e57a696e
McFaline,1,FRK::t98g::lapatinib,FRK,t98g,12,True,outer1,5bea560a39e5a5aee9eb1be85df2d0d5aed8eb78cd360c97833e4aa9e57a696e
McFaline,1,RPS6KA1::t98g::lapatinib,RPS6KA1,t98g,13,True,outer1,5bea560a39e5a5aee9eb1be85df2d0d5aed8eb78cd360c97833e4aa9e57a696e
McFaline,1,TEC::t98g::lapatinib,TEC,t98g,14,True,outer1,5bea560a39e5a5aee9eb1be85df2d0d5aed8eb78cd360c97833e4aa9e57a696e
McFaline,1,STK32B::t98g::lapatinib,STK32B,t98g,12,True,outer1,5bea560a39e5a5aee9eb1be85df2d0d5aed8eb78cd360c97833e4aa9e57a696e
McFaline,1,TAF1L::t98g::lapatinib,TAF1L,t98g,14,True,outer1,5bea560a39e5a5aee9eb1be85df2d0d5aed8eb78cd360c97833e4aa9e57a696e
McFaline,1,MASTL::t98g::lapatinib,MASTL,t98g,10,True,outer1,5bea560a39e5a5aee9eb1be85df2d0d5aed8eb78cd360c97833e4aa9e57a696e
McFaline,1,HIPK1::t98g::lapatinib,HIPK1,t98g,13,True,outer1,5bea560a39e5a5aee9eb1be85df2d0d5aed8eb78cd360c97833e4aa9e57a696e
McFaline,1,CDK6::t98g::lapatinib,CDK6,t98g,12,True,outer1,5bea560a39e5a5aee9eb1be85df2d0d5aed8eb78cd360c97833e4aa9e57a696e
McFaline,1,PKN1::t98g::lapatinib,PKN1,t98g,12,True,outer1,5bea560a39e5a5aee9eb1be85df2d0d5aed8eb78cd360c97833e4aa9e57a696e
McFaline,1,ERN2::t98g::lapatinib,ERN2,t98g,12,True,outer1,5bea560a39e5a5aee9eb1be85df2d0d5aed8eb78cd360c97833e4aa9e57a696e
McFaline,1,STK39::t98g::lapatinib,STK39,t98g,12,True,outer1,5bea560a39e5a5aee9eb1be85df2d0d5aed8eb78cd360c97833e4aa9e57a696e
McFaline,1,NEK8::t98g::lapatinib,NEK8,t98g,12,True,outer1,5bea560a39e5a5aee9eb1be85df2d0d5aed8eb78cd360c97833e4aa9e57a696e
McFaline,1,MST1R::t98g::lapatinib,MST1R,t98g,12,True,outer1,5bea560a39e5a5aee9eb1be85df2d0d5aed8eb78cd360c97833e4aa9e57a696e
McFaline,1,NRBP1::t98g::lapatinib,NRBP1,t98g,13,True,outer1,5bea560a39e5a5aee9eb1be85df2d0d5aed8eb78cd360c97833e4aa9e57a696e
McFaline,1,CHEK2::t98g::lapatinib,CHEK2,t98g,12,True,outer1,5bea560a39e5a5aee9eb1be85df2d0d5aed8eb78cd360c97833e4aa9e57a696e
McFaline,1,TRPM7::t98g::lapatinib,TRPM7,t98g,13,True,outer1,5bea560a39e5a5aee9eb1be85df2d0d5aed8eb78cd360c97833e4aa9e57a696e
McFaline,1,SCYL2::t98g::lapatinib,SCYL2,t98g,13,True,outer1,5bea560a39e5a5aee9eb1be85df2d0d5aed8eb78cd360c97833e4aa9e57a696e
McFaline,1,BRAF::t98g::lapatinib,BRAF,t98g,12,True,outer1,5bea560a39e5a5aee9eb1be85df2d0d5aed8eb78cd360c97833e4aa9e57a696e
McFaline,1,SIK2::t98g::lapatinib,SIK2,t98g,12,True,outer1,5bea560a39e5a5aee9eb1be85df2d0d5aed8eb78cd360c97833e4aa9e57a696e
McFaline,1,GSG2::t98g::lapatinib,GSG2,t98g,13,True,outer1,5bea560a39e5a5aee9eb1be85df2d0d5aed8eb78cd360c97833e4aa9e57a696e
McFaline,1,ADCK4::t98g::lapatinib,ADCK4,t98g,13,True,outer1,5bea560a39e5a5aee9eb1be85df2d0d5aed8eb78cd360c97833e4aa9e57a696e
McFaline,1,ICK::t98g::lapatinib,ICK,t98g,13,True,outer1,5bea560a39e5a5aee9eb1be85df2d0d5aed8eb78cd360c97833e4aa9e57a696e
McFaline,1,CDC42BPG::t98g::lapatinib,CDC42BPG,t98g,14,True,outer1,5bea560a39e5a5aee9eb1be85df2d0d5aed8eb78cd360c97833e4aa9e57a696e
McFaline,1,TRIM33::t98g::lapatinib,TRIM33,t98g,12,True,outer1,5bea560a39e5a5aee9eb1be85df2d0d5aed8eb78cd360c97833e4aa9e57a696e
McFaline,1,PRKG2::t98g::lapatinib,PRKG2,t98g,14,True,outer1,5bea560a39e5a5aee9eb1be85df2d0d5aed8eb78cd360c97833e4aa9e57a696e
McFaline,1,ULK4::t98g::lapatinib,ULK4,t98g,12,True,outer1,5bea560a39e5a5aee9eb1be85df2d0d5aed8eb78cd360c97833e4aa9e57a696e
McFaline,1,FES::u87mg::none,FES,u87mg,12,True,outer1,5bea560a39e5a5aee9eb1be85df2d0d5aed8eb78cd360c97833e4aa9e57a696e
McFaline,1,MARK3::u87mg::none,MARK3,u87mg,13,True,outer1,5bea560a39e5a5aee9eb1be85df2d0d5aed8eb78cd360c97833e4aa9e57a696e
McFaline,1,SIK2::u87mg::none,SIK2,u87mg,12,True,outer1,5bea560a39e5a5aee9eb1be85df2d0d5aed8eb78cd360c97833e4aa9e57a696e
McFaline,1,GUCY2F::u87mg::none,GUCY2F,u87mg,12,True,outer1,5bea560a39e5a5aee9eb1be85df2d0d5aed8eb78cd360c97833e4aa9e57a696e
McFaline,1,MAPK9::u87mg::none,MAPK9,u87mg,12,True,outer1,5bea560a39e5a5aee9eb1be85df2d0d5aed8eb78cd360c97833e4aa9e57a696e
McFaline,1,MAPK7::u87mg::none,MAPK7,u87mg,12,True,outer1,5bea560a39e5a5aee9eb1be85df2d0d5aed8eb78cd360c97833e4aa9e57a696e
McFaline,1,TYRO3::u87mg::none,TYRO3,u87mg,13,True,outer1,5bea560a39e5a5aee9eb1be85df2d0d5aed8eb78cd360c97833e4aa9e57a696e
McFaline,1,ULK4::u87mg::none,ULK4,u87mg,12,True,outer1,5bea560a39e5a5aee9eb1be85df2d0d5aed8eb78cd360c97833e4aa9e57a696e
McFaline,1,PDPK1::u87mg::none,PDPK1,u87mg,12,True,outer1,5bea560a39e5a5aee9eb1be85df2d0d5aed8eb78cd360c97833e4aa9e57a696e
McFaline,1,STK33::u87mg::none,STK33,u87mg,12,True,outer1,5bea560a39e5a5aee9eb1be85df2d0d5aed8eb78cd360c97833e4aa9e57a696e
McFaline,1,MAST1::u87mg::none,MAST1,u87mg,13,True,outer1,5bea560a39e5a5aee9eb1be85df2d0d5aed8eb78cd360c97833e4aa9e57a696e
McFaline,1,PTK7::u87mg::none,PTK7,u87mg,13,True,outer1,5bea560a39e5a5aee9eb1be85df2d0d5aed8eb78cd360c97833e4aa9e57a696e
McFaline,1,MST1R::u87mg::none,MST1R,u87mg,12,True,outer1,5bea560a39e5a5aee9eb1be85df2d0d5aed8eb78cd360c97833e4aa9e57a696e
McFaline,1,PKN1::u87mg::none,PKN1,u87mg,12,True,outer1,5bea560a39e5a5aee9eb1be85df2d0d5aed8eb78cd360c97833e4aa9e57a696e
McFaline,1,TAOK1::u87mg::none,TAOK1,u87mg,13,True,outer1,5bea560a39e5a5aee9eb1be85df2d0d5aed8eb78cd360c97833e4aa9e57a696e
McFaline,1,PDK4::u87mg::none,PDK4,u87mg,13,True,outer1,5bea560a39e5a5aee9eb1be85df2d0d5aed8eb78cd360c97833e4aa9e57a696e
McFaline,1,MAP3K19::u87mg::none,MAP3K19,u87mg,13,True,outer1,5bea560a39e5a5aee9eb1be85df2d0d5aed8eb78cd360c97833e4aa9e57a696e
McFaline,1,DAPK2::u87mg::none,DAPK2,u87mg,12,True,outer1,5bea560a39e5a5aee9eb1be85df2d0d5aed8eb78cd360c97833e4aa9e57a696e
McFaline,1,CHEK2::u87mg::none,CHEK2,u87mg,12,True,outer1,5bea560a39e5a5aee9eb1be85df2d0d5aed8eb78cd360c97833e4aa9e57a696e
McFaline,1,NEK8::u87mg::none,NEK8,u87mg,12,True,outer1,5bea560a39e5a5aee9eb1be85df2d0d5aed8eb78cd360c97833e4aa9e57a696e
McFaline,1,PSKH2::u87mg::none,PSKH2,u87mg,12,True,outer1,5bea560a39e5a5aee9eb1be85df2d0d5aed8eb78cd360c97833e4aa9e57a696e
McFaline,1,DYRK1B::u87mg::none,DYRK1B,u87mg,12,True,outer1,5bea560a39e5a5aee9eb1be85df2d0d5aed8eb78cd360c97833e4aa9e57a696e
McFaline,1,RPS6KA3::u87mg::none,RPS6KA3,u87mg,12,True,outer1,5bea560a39e5a5aee9eb1be85df2d0d5aed8eb78cd360c97833e4aa9e57a696e
McFaline,1,PIM1::u87mg::none,PIM1,u87mg,13,True,outer1,5bea560a39e5a5aee9eb1be85df2d0d5aed8eb78cd360c97833e4aa9e57a696e
McFaline,1,SGK494::u87mg::none,SGK494,u87mg,13,True,outer1,5bea560a39e5a5aee9eb1be85df2d0d5aed8eb78cd360c97833e4aa9e57a696e
McFaline,1,TEX14::u87mg::none,TEX14,u87mg,12,True,outer1,5bea560a39e5a5aee9eb1be85df2d0d5aed8eb78cd360c97833e4aa9e57a696e
McFaline,1,MASTL::u87mg::none,MASTL,u87mg,10,True,outer1,5bea560a39e5a5aee9eb1be85df2d0d5aed8eb78cd360c97833e4aa9e57a696e
McFaline,1,CDK18::u87mg::none,CDK18,u87mg,14,True,outer1,5bea560a39e5a5aee9eb1be85df2d0d5aed8eb78cd360c97833e4aa9e57a696e
McFaline,1,FGFR4::u87mg::none,FGFR4,u87mg,12,True,outer1,5bea560a39e5a5aee9eb1be85df2d0d5aed8eb78cd360c97833e4aa9e57a696e
McFaline,1,KIAA1804::u87mg::none,KIAA1804,u87mg,12,True,outer1,5bea560a39e5a5aee9eb1be85df2d0d5aed8eb78cd360c97833e4aa9e57a696e
McFaline,1,GRK5::u87mg::none,GRK5,u87mg,12,True,outer1,5bea560a39e5a5aee9eb1be85df2d0d5aed8eb78cd360c97833e4aa9e57a696e
McFaline,1,ICK::u87mg::none,ICK,u87mg,13,True,outer1,5bea560a39e5a5aee9eb1be85df2d0d5aed8eb78cd360c97833e4aa9e57a696e
McFaline,1,PKMYT1::u87mg::none,PKMYT1,u87mg,13,True,outer1,5bea560a39e5a5aee9eb1be85df2d0d5aed8eb78cd360c97833e4aa9e57a696e
McFaline,1,PIK3C2G::u87mg::none,PIK3C2G,u87mg,12,True,outer1,5bea560a39e5a5aee9eb1be85df2d0d5aed8eb78cd360c97833e4aa9e57a696e
McFaline,2,TBK1::a172::nintedanib,TBK1,a172,13,True,outer2,c1afbacf29861e3693b298e6905f7a7eb56914c7dd232bc3f61a1d752a1bc94d
McFaline,2,BMPR1A::a172::nintedanib,BMPR1A,a172,13,True,outer2,c1afbacf29861e3693b298e6905f7a7eb56914c7dd232bc3f61a1d752a1bc94d
McFaline,2,FGFR1::a172::nintedanib,FGFR1,a172,12,True,outer2,c1afbacf29861e3693b298e6905f7a7eb56914c7dd232bc3f61a1d752a1bc94d
McFaline,2,PRKACA::a172::nintedanib,PRKACA,a172,14,True,outer2,c1afbacf29861e3693b298e6905f7a7eb56914c7dd232bc3f61a1d752a1bc94d
McFaline,2,MAP3K10::a172::nintedanib,MAP3K10,a172,12,True,outer2,c1afbacf29861e3693b298e6905f7a7eb56914c7dd232bc3f61a1d752a1bc94d
McFaline,2,BRD3::a172::nintedanib,BRD3,a172,13,True,outer2,c1afbacf29861e3693b298e6905f7a7eb56914c7dd232bc3f61a1d752a1bc94d
McFaline,2,LATS1::a172::nintedanib,LATS1,a172,13,True,outer2,c1afbacf29861e3693b298e6905f7a7eb56914c7dd232bc3f61a1d752a1bc94d
McFaline,2,SMG1::a172::nintedanib,SMG1,a172,12,True,outer2,c1afbacf29861e3693b298e6905f7a7eb56914c7dd232bc3f61a1d752a1bc94d
McFaline,2,MINK1::a172::nintedanib,MINK1,a172,13,True,outer2,c1afbacf29861e3693b298e6905f7a7eb56914c7dd232bc3f61a1d752a1bc94d
McFaline,2,MAST2::a172::nintedanib,MAST2,a172,13,True,outer2,c1afbacf29861e3693b298e6905f7a7eb56914c7dd232bc3f61a1d752a1bc94d
McFaline,2,KSR2::a172::nintedanib,KSR2,a172,12,True,outer2,c1afbacf29861e3693b298e6905f7a7eb56914c7dd232bc3f61a1d752a1bc94d
McFaline,2,PSKH1::a172::nintedanib,PSKH1,a172,13,True,outer2,c1afbacf29861e3693b298e6905f7a7eb56914c7dd232bc3f61a1d752a1bc94d
McFaline,2,TESK2::a172::nintedanib,TESK2,a172,12,True,outer2,c1afbacf29861e3693b298e6905f7a7eb56914c7dd232bc3f61a1d752a1bc94d
McFaline,2,CAMK4::a172::nintedanib,CAMK4,a172,13,True,outer2,c1afbacf29861e3693b298e6905f7a7eb56914c7dd232bc3f61a1d752a1bc94d
McFaline,2,PLK3::a172::nintedanib,PLK3,a172,12,True,outer2,c1afbacf29861e3693b298e6905f7a7eb56914c7dd232bc3f61a1d752a1bc94d
McFaline,2,UHMK1::a172::nintedanib,UHMK1,a172,12,True,outer2,c1afbacf29861e3693b298e6905f7a7eb56914c7dd232bc3f61a1d752a1bc94d
McFaline,2,MAPK15::a172::nintedanib,MAPK15,a172,13,True,outer2,c1afbacf29861e3693b298e6905f7a7eb56914c7dd232bc3f61a1d752a1bc94d
McFaline,2,KDR::a172::nintedanib,KDR,a172,12,True,outer2,c1afbacf29861e3693b298e6905f7a7eb56914c7dd232bc3f61a1d752a1bc94d
McFaline,2,TRIB2::a172::nintedanib,TRIB2,a172,12,True,outer2,c1afbacf29861e3693b298e6905f7a7eb56914c7dd232bc3f61a1d752a1bc94d
McFaline,2,CAMK2A::a172::nintedanib,CAMK2A,a172,12,True,outer2,c1afbacf29861e3693b298e6905f7a7eb56914c7dd232bc3f61a1d752a1bc94d
McFaline,2,GRK7::a172::nintedanib,GRK7,a172,12,True,outer2,c1afbacf29861e3693b298e6905f7a7eb56914c7dd232bc3f61a1d752a1bc94d
McFaline,2,CAMK2G::a172::nintedanib,CAMK2G,a172,13,True,outer2,c1afbacf29861e3693b298e6905f7a7eb56914c7dd232bc3f61a1d752a1bc94d
McFaline,2,PRKD3::a172::nintedanib,PRKD3,a172,13,True,outer2,c1afbacf29861e3693b298e6905f7a7eb56914c7dd232bc3f61a1d752a1bc94d
McFaline,2,OBSCN::a172::nintedanib,OBSCN,a172,13,True,outer2,c1afbacf29861e3693b298e6905f7a7eb56914c7dd232bc3f61a1d752a1bc94d
McFaline,2,STK38::a172::nintedanib,STK38,a172,13,True,outer2,c1afbacf29861e3693b298e6905f7a7eb56914c7dd232bc3f61a1d752a1bc94d
McFaline,2,SYK::a172::nintedanib,SYK,a172,13,True,outer2,c1afbacf29861e3693b298e6905f7a7eb56914c7dd232bc3f61a1d752a1bc94d
McFaline,2,CSNK1E::a172::nintedanib,CSNK1E,a172,13,True,outer2,c1afbacf29861e3693b298e6905f7a7eb56914c7dd232bc3f61a1d752a1bc94d
McFaline,2,TNK1::a172::nintedanib,TNK1,a172,12,True,outer2,c1afbacf29861e3693b298e6905f7a7eb56914c7dd232bc3f61a1d752a1bc94d
McFaline,2,ADRBK1::a172::nintedanib,ADRBK1,a172,13,True,outer2,c1afbacf29861e3693b298e6905f7a7eb56914c7dd232bc3f61a1d752a1bc94d
McFaline,2,CDK14::a172::nintedanib,CDK14,a172,13,True,outer2,c1afbacf29861e3693b298e6905f7a7eb56914c7dd232bc3f61a1d752a1bc94d
McFaline,2,CLK1::a172::nintedanib,CLK1,a172,11,True,outer2,c1afbacf29861e3693b298e6905f7a7eb56914c7dd232bc3f61a1d752a1bc94d
McFaline,2,TNK1::t98g::lapatinib,TNK1,t98g,12,True,outer2,c1afbacf29861e3693b298e6905f7a7eb56914c7dd232bc3f61a1d752a1bc94d
McFaline,2,DAPK1::t98g::lapatinib,DAPK1,t98g,12,True,outer2,c1afbacf29861e3693b298e6905f7a7eb56914c7dd232bc3f61a1d752a1bc94d
McFaline,2,PRKX::t98g::lapatinib,PRKX,t98g,12,True,outer2,c1afbacf29861e3693b298e6905f7a7eb56914c7dd232bc3f61a1d752a1bc94d
McFaline,2,SMG1::t98g::lapatinib,SMG1,t98g,12,True,outer2,c1afbacf29861e3693b298e6905f7a7eb56914c7dd232bc3f61a1d752a1bc94d
McFaline,2,IKBKB::t98g::lapatinib,IKBKB,t98g,14,True,outer2,c1afbacf29861e3693b298e6905f7a7eb56914c7dd232bc3f61a1d752a1bc94d
McFaline,2,KSR1::t98g::lapatinib,KSR1,t98g,12,True,outer2,c1afbacf29861e3693b298e6905f7a7eb56914c7dd232bc3f61a1d752a1bc94d
McFaline,2,C9orf96::t98g::lapatinib,C9orf96,t98g,14,True,outer2,c1afbacf29861e3693b298e6905f7a7eb56914c7dd232bc3f61a1d752a1bc94d
McFaline,2,TSSK3::t98g::lapatinib,TSSK3,t98g,14,True,outer2,c1afbacf29861e3693b298e6905f7a7eb56914c7dd232bc3f61a1d752a1bc94d
McFaline,2,PIK3C2A::t98g::lapatinib,PIK3C2A,t98g,12,True,outer2,c1afbacf29861e3693b298e6905f7a7eb56914c7dd232bc3f61a1d752a1bc94d
McFaline,2,SRPK3::t98g::lapatinib,SRPK3,t98g,13,True,outer2,c1afbacf29861e3693b298e6905f7a7eb56914c7dd232bc3f61a1d752a1bc94d
McFaline,2,TLK1::t98g::lapatinib,TLK1,t98g,13,True,outer2,c1afbacf29861e3693b298e6905f7a7eb56914c7dd232bc3f61a1d752a1bc94d
McFaline,2,KSR2::t98g::lapatinib,KSR2,t98g,12,True,outer2,c1afbacf29861e3693b298e6905f7a7eb56914c7dd232bc3f61a1d752a1bc94d
McFaline,2,CAMK2A::t98g::lapatinib,CAMK2A,t98g,12,True,outer2,c1afbacf29861e3693b298e6905f7a7eb56914c7dd232bc3f61a1d752a1bc94d
McFaline,2,NIM1::t98g::lapatinib,NIM1,t98g,12,True,outer2,c1afbacf29861e3693b298e6905f7a7eb56914c7dd232bc3f61a1d752a1bc94d
McFaline,2,PRKD3::t98g::lapatinib,PRKD3,t98g,13,True,outer2,c1afbacf29861e3693b298e6905f7a7eb56914c7dd232bc3f61a1d752a1bc94d
McFaline,2,MARK4::t98g::lapatinib,MARK4,t98g,12,True,outer2,c1afbacf29861e3693b298e6905f7a7eb56914c7dd232bc3f61a1d752a1bc94d
McFaline,2,EPHB2::t98g::lapatinib,EPHB2,t98g,12,True,outer2,c1afbacf29861e3693b298e6905f7a7eb56914c7dd232bc3f61a1d752a1bc94d
McFaline,2,RPS6KA6::t98g::lapatinib,RPS6KA6,t98g,13,True,outer2,c1afbacf29861e3693b298e6905f7a7eb56914c7dd232bc3f61a1d752a1bc94d
McFaline,2,SNRK::t98g::lapatinib,SNRK,t98g,13,True,outer2,c1afbacf29861e3693b298e6905f7a7eb56914c7dd232bc3f61a1d752a1bc94d
McFaline,2,AKT2::t98g::lapatinib,AKT2,t98g,12,True,outer2,c1afbacf29861e3693b298e6905f7a7eb56914c7dd232bc3f61a1d752a1bc94d
McFaline,2,EPHB1::t98g::lapatinib,EPHB1,t98g,13,True,outer2,c1afbacf29861e3693b298e6905f7a7eb56914c7dd232bc3f61a1d752a1bc94d
McFaline,2,UHMK1::t98g::lapatinib,UHMK1,t98g,12,True,outer2,c1afbacf29861e3693b298e6905f7a7eb56914c7dd232bc3f61a1d752a1bc94d
McFaline,2,PLK3::t98g::lapatinib,PLK3,t98g,12,True,outer2,c1afbacf29861e3693b298e6905f7a7eb56914c7dd232bc3f61a1d752a1bc94d
McFaline,2,PRKDC::t98g::lapatinib,PRKDC,t98g,13,True,outer2,c1afbacf29861e3693b298e6905f7a7eb56914c7dd232bc3f61a1d752a1bc94d
McFaline,2,GAK::t98g::lapatinib,GAK,t98g,12,True,outer2,c1afbacf29861e3693b298e6905f7a7eb56914c7dd232bc3f61a1d752a1bc94d
McFaline,2,CDK14::t98g::lapatinib,CDK14,t98g,13,True,outer2,c1afbacf29861e3693b298e6905f7a7eb56914c7dd232bc3f61a1d752a1bc94d
McFaline,2,IRAK2::t98g::lapatinib,IRAK2,t98g,13,True,outer2,c1afbacf29861e3693b298e6905f7a7eb56914c7dd232bc3f61a1d752a1bc94d
McFaline,2,PNCK::t98g::lapatinib,PNCK,t98g,13,True,outer2,c1afbacf29861e3693b298e6905f7a7eb56914c7dd232bc3f61a1d752a1bc94d
McFaline,2,MARK2::t98g::lapatinib,MARK2,t98g,13,True,outer2,c1afbacf29861e3693b298e6905f7a7eb56914c7dd232bc3f61a1d752a1bc94d
McFaline,2,NUAK1::t98g::lapatinib,NUAK1,t98g,14,True,outer2,c1afbacf29861e3693b298e6905f7a7eb56914c7dd232bc3f61a1d752a1bc94d
McFaline,2,PDGFRA::t98g::lapatinib,PDGFRA,t98g,11,True,outer2,c1afbacf29861e3693b298e6905f7a7eb56914c7dd232bc3f61a1d752a1bc94d
McFaline,2,MAPK15::t98g::lapatinib,MAPK15,t98g,13,True,outer2,c1afbacf29861e3693b298e6905f7a7eb56914c7dd232bc3f61a1d752a1bc94d
McFaline,2,SNRK::u87mg::none,SNRK,u87mg,13,True,outer2,c1afbacf29861e3693b298e6905f7a7eb56914c7dd232bc3f61a1d752a1bc94d
McFaline,2,TRIB2::u87mg::none,TRIB2,u87mg,12,True,outer2,c1afbacf29861e3693b298e6905f7a7eb56914c7dd232bc3f61a1d752a1bc94d
McFaline,2,CAMK2A::u87mg::none,CAMK2A,u87mg,12,True,outer2,c1afbacf29861e3693b298e6905f7a7eb56914c7dd232bc3f61a1d752a1bc94d
McFaline,2,PIK3C2A::u87mg::none,PIK3C2A,u87mg,12,True,outer2,c1afbacf29861e3693b298e6905f7a7eb56914c7dd232bc3f61a1d752a1bc94d
McFaline,2,MAP3K10::u87mg::none,MAP3K10,u87mg,12,True,outer2,c1afbacf29861e3693b298e6905f7a7eb56914c7dd232bc3f61a1d752a1bc94d
McFaline,2,NIM1::u87mg::none,NIM1,u87mg,12,True,outer2,c1afbacf29861e3693b298e6905f7a7eb56914c7dd232bc3f61a1d752a1bc94d
McFaline,2,MARK4::u87mg::none,MARK4,u87mg,12,True,outer2,c1afbacf29861e3693b298e6905f7a7eb56914c7dd232bc3f61a1d752a1bc94d
McFaline,2,PRKX::u87mg::none,PRKX,u87mg,12,True,outer2,c1afbacf29861e3693b298e6905f7a7eb56914c7dd232bc3f61a1d752a1bc94d
McFaline,2,TRIB1::u87mg::none,TRIB1,u87mg,13,True,outer2,c1afbacf29861e3693b298e6905f7a7eb56914c7dd232bc3f61a1d752a1bc94d
McFaline,2,BMPR1A::u87mg::none,BMPR1A,u87mg,13,True,outer2,c1afbacf29861e3693b298e6905f7a7eb56914c7dd232bc3f61a1d752a1bc94d
McFaline,2,FGFR1::u87mg::none,FGFR1,u87mg,12,True,outer2,c1afbacf29861e3693b298e6905f7a7eb56914c7dd232bc3f61a1d752a1bc94d
McFaline,2,TWF2::u87mg::none,TWF2,u87mg,12,True,outer2,c1afbacf29861e3693b298e6905f7a7eb56914c7dd232bc3f61a1d752a1bc94d
McFaline,2,AKT2::u87mg::none,AKT2,u87mg,12,True,outer2,c1afbacf29861e3693b298e6905f7a7eb56914c7dd232bc3f61a1d752a1bc94d
McFaline,2,SBK2::u87mg::none,SBK2,u87mg,14,True,outer2,c1afbacf29861e3693b298e6905f7a7eb56914c7dd232bc3f61a1d752a1bc94d
McFaline,2,CAMKV::u87mg::none,CAMKV,u87mg,13,True,outer2,c1afbacf29861e3693b298e6905f7a7eb56914c7dd232bc3f61a1d752a1bc94d
McFaline,2,PRKCZ::u87mg::none,PRKCZ,u87mg,13,True,outer2,c1afbacf29861e3693b298e6905f7a7eb56914c7dd232bc3f61a1d752a1bc94d
McFaline,2,NEK2::u87mg::none,NEK2,u87mg,13,True,outer2,c1afbacf29861e3693b298e6905f7a7eb56914c7dd232bc3f61a1d752a1bc94d
McFaline,2,CIT::u87mg::none,CIT,u87mg,12,True,outer2,c1afbacf29861e3693b298e6905f7a7eb56914c7dd232bc3f61a1d752a1bc94d
McFaline,2,TESK2::u87mg::none,TESK2,u87mg,12,True,outer2,c1afbacf29861e3693b298e6905f7a7eb56914c7dd232bc3f61a1d752a1bc94d
McFaline,2,TAOK2::u87mg::none,TAOK2,u87mg,13,True,outer2,c1afbacf29861e3693b298e6905f7a7eb56914c7dd232bc3f61a1d752a1bc94d
McFaline,2,UHMK1::u87mg::none,UHMK1,u87mg,12,True,outer2,c1afbacf29861e3693b298e6905f7a7eb56914c7dd232bc3f61a1d752a1bc94d
McFaline,2,GAK::u87mg::none,GAK,u87mg,12,True,outer2,c1afbacf29861e3693b298e6905f7a7eb56914c7dd232bc3f61a1d752a1bc94d
McFaline,2,LATS1::u87mg::none,LATS1,u87mg,13,True,outer2,c1afbacf29861e3693b298e6905f7a7eb56914c7dd232bc3f61a1d752a1bc94d
McFaline,2,ACVR1::u87mg::none,ACVR1,u87mg,13,True,outer2,c1afbacf29861e3693b298e6905f7a7eb56914c7dd232bc3f61a1d752a1bc94d
McFaline,2,PAK4::u87mg::none,PAK4,u87mg,13,True,outer2,c1afbacf29861e3693b298e6905f7a7eb56914c7dd232bc3f61a1d752a1bc94d
McFaline,2,EPHB1::u87mg::none,EPHB1,u87mg,13,True,outer2,c1afbacf29861e3693b298e6905f7a7eb56914c7dd232bc3f61a1d752a1bc94d
McFaline,2,CLK1::u87mg::none,CLK1,u87mg,11,True,outer2,c1afbacf29861e3693b298e6905f7a7eb56914c7dd232bc3f61a1d752a1bc94d
McFaline,2,TNK1::u87mg::none,TNK1,u87mg,12,True,outer2,c1afbacf29861e3693b298e6905f7a7eb56914c7dd232bc3f61a1d752a1bc94d
McFaline,2,ADCK1::u87mg::none,ADCK1,u87mg,12,True,outer2,c1afbacf29861e3693b298e6905f7a7eb56914c7dd232bc3f61a1d752a1bc94d
McFaline,2,EPHA1::u87mg::none,EPHA1,u87mg,13,True,outer2,c1afbacf29861e3693b298e6905f7a7eb56914c7dd232bc3f61a1d752a1bc94d
McFaline,2,MAST2::u87mg::none,MAST2,u87mg,13,True,outer2,c1afbacf29861e3693b298e6905f7a7eb56914c7dd232bc3f61a1d752a1bc94d
McFaline,2,SMG1::u87mg::none,SMG1,u87mg,12,True,outer2,c1afbacf29861e3693b298e6905f7a7eb56914c7dd232bc3f61a1d752a1bc94d
McFaline,2,PRKCG::u87mg::none,PRKCG,u87mg,13,True,outer2,c1afbacf29861e3693b298e6905f7a7eb56914c7dd232bc3f61a1d752a1bc94d
McFaline,2,MAP3K9::u87mg::none,MAP3K9,u87mg,12,True,outer2,c1afbacf29861e3693b298e6905f7a7eb56914c7dd232bc3f61a1d752a1bc94d
McFaline,3,AKT3::a172::nintedanib,AKT3,a172,12,True,outer3,ad54df44cd4411c252732b81b5ac8faea061a13bf72dec268658c118e117652c
McFaline,3,ALPK3::a172::nintedanib,ALPK3,a172,14,True,outer3,ad54df44cd4411c252732b81b5ac8faea061a13bf72dec268658c118e117652c
McFaline,3,PRKCB::a172::nintedanib,PRKCB,a172,12,True,outer3,ad54df44cd4411c252732b81b5ac8faea061a13bf72dec268658c118e117652c
McFaline,3,MYLK2::a172::nintedanib,MYLK2,a172,13,True,outer3,ad54df44cd4411c252732b81b5ac8faea061a13bf72dec268658c118e117652c
McFaline,3,PBK::a172::nintedanib,PBK,a172,11,True,outer3,ad54df44cd4411c252732b81b5ac8faea061a13bf72dec268658c118e117652c
McFaline,3,CDK17::a172::nintedanib,CDK17,a172,12,True,outer3,ad54df44cd4411c252732b81b5ac8faea061a13bf72dec268658c118e117652c
McFaline,3,BMPR1B::a172::nintedanib,BMPR1B,a172,12,True,outer3,ad54df44cd4411c252732b81b5ac8faea061a13bf72dec268658c118e117652c
McFaline,3,SRPK1::a172::nintedanib,SRPK1,a172,13,True,outer3,ad54df44cd4411c252732b81b5ac8faea061a13bf72dec268658c118e117652c
McFaline,3,NTRK2::a172::nintedanib,NTRK2,a172,13,True,outer3,ad54df44cd4411c252732b81b5ac8faea061a13bf72dec268658c118e117652c
McFaline,3,NEK11::a172::nintedanib,NEK11,a172,13,True,outer3,ad54df44cd4411c252732b81b5ac8faea061a13bf72dec268658c118e117652c
McFaline,3,ADCK3::a172::nintedanib,ADCK3,a172,13,True,outer3,ad54df44cd4411c252732b81b5ac8faea061a13bf72dec268658c118e117652c
McFaline,3,MAK::a172::nintedanib,MAK,a172,12,True,outer3,ad54df44cd4411c252732b81b5ac8faea061a13bf72dec268658c118e117652c
McFaline,3,ULK1::a172::nintedanib,ULK1,a172,13,True,outer3,ad54df44cd4411c252732b81b5ac8faea061a13bf72dec268658c118e117652c
McFaline,3,MAP3K13::a172::nintedanib,MAP3K13,a172,12,True,outer3,ad54df44cd4411c252732b81b5ac8faea061a13bf72dec268658c118e117652c
McFaline,3,NEK6::a172::nintedanib,NEK6,a172,12,True,outer3,ad54df44cd4411c252732b81b5ac8faea061a13bf72dec268658c118e117652c
McFaline,3,SGK3::a172::nintedanib,SGK3,a172,13,True,outer3,ad54df44cd4411c252732b81b5ac8faea061a13bf72dec268658c118e117652c
McFaline,3,RPS6KA4::a172::nintedanib,RPS6KA4,a172,13,True,outer3,ad54df44cd4411c252732b81b5ac8faea061a13bf72dec268658c118e117652c
McFaline,3,PINK1::a172::nintedanib,PINK1,a172,13,True,outer3,ad54df44cd4411c252732b81b5ac8faea061a13bf72dec268658c118e117652c
McFaline,3,MAPK10::a172::nintedanib,MAPK10,a172,12,True,outer3,ad54df44cd4411c252732b81b5ac8faea061a13bf72dec268658c118e117652c
McFaline,3,MAPK6::a172::nintedanib,MAPK6,a172,13,True,outer3,ad54df44cd4411c252732b81b5ac8faea061a13bf72dec268658c118e117652c
McFaline,3,CDC7::a172::nintedanib,CDC7,a172,10,True,outer3,ad54df44cd4411c252732b81b5ac8faea061a13bf72dec268658c118e117652c
McFaline,3,MAPK3::a172::nintedanib,MAPK3,a172,12,True,outer3,ad54df44cd4411c252732b81b5ac8faea061a13bf72dec268658c118e117652c
McFaline,3,EPHA10::a172::nintedanib,EPHA10,a172,12,True,outer3,ad54df44cd4411c252732b81b5ac8faea061a13bf72dec268658c118e117652c
McFaline,3,TRRAP::a172::nintedanib,TRRAP,a172,12,True,outer3,ad54df44cd4411c252732b81b5ac8faea061a13bf72dec268658c118e117652c
McFaline,3,PKDCC::a172::nintedanib,PKDCC,a172,12,True,outer3,ad54df44cd4411c252732b81b5ac8faea061a13bf72dec268658c118e117652c
McFaline,3,TP53RK::a172::nintedanib,TP53RK,a172,12,True,outer3,ad54df44cd4411c252732b81b5ac8faea061a13bf72dec268658c118e117652c
McFaline,3,CAMKK2::a172::nintedanib,CAMKK2,a172,12,True,outer3,ad54df44cd4411c252732b81b5ac8faea061a13bf72dec268658c118e117652c
McFaline,3,PDK3::a172::nintedanib,PDK3,a172,13,True,outer3,ad54df44cd4411c252732b81b5ac8faea061a13bf72dec268658c118e117652c
McFaline,3,RIOK1::a172::nintedanib,RIOK1,a172,9,True,outer3,ad54df44cd4411c252732b81b5ac8faea061a13bf72dec268658c118e117652c
McFaline,3,WEE2::a172::nintedanib,WEE2,a172,14,True,outer3,ad54df44cd4411c252732b81b5ac8faea061a13bf72dec268658c118e117652c
McFaline,3,LYN::a172::nintedanib,LYN,a172,12,True,outer3,ad54df44cd4411c252732b81b5ac8faea061a13bf72dec268658c118e117652c
McFaline,3,NEK9::a172::nintedanib,NEK9,a172,12,True,outer3,ad54df44cd4411c252732b81b5ac8faea061a13bf72dec268658c118e117652c
McFaline,3,DMPK::t98g::lapatinib,DMPK,t98g,13,True,outer3,ad54df44cd4411c252732b81b5ac8faea061a13bf72dec268658c118e117652c
McFaline,3,GRK4::t98g::lapatinib,GRK4,t98g,12,True,outer3,ad54df44cd4411c252732b81b5ac8faea061a13bf72dec268658c118e117652c
McFaline,3,RPS6KA4::t98g::lapatinib,RPS6KA4,t98g,13,True,outer3,ad54df44cd4411c252732b81b5ac8faea061a13bf72dec268658c118e117652c
McFaline,3,NEK11::t98g::lapatinib,NEK11,t98g,13,True,outer3,ad54df44cd4411c252732b81b5ac8faea061a13bf72dec268658c118e117652c
McFaline,3,PINK1::t98g::lapatinib,PINK1,t98g,13,True,outer3,ad54df44cd4411c252732b81b5ac8faea061a13bf72dec268658c118e117652c
McFaline,3,AKT3::t98g::lapatinib,AKT3,t98g,12,True,outer3,ad54df44cd4411c252732b81b5ac8faea061a13bf72dec268658c118e117652c
McFaline,3,BMPR1B::t98g::lapatinib,BMPR1B,t98g,12,True,outer3,ad54df44cd4411c252732b81b5ac8faea061a13bf72dec268658c118e117652c
McFaline,3,NEK6::t98g::lapatinib,NEK6,t98g,12,True,outer3,ad54df44cd4411c252732b81b5ac8faea061a13bf72dec268658c118e117652c
McFaline,3,SCYL3::t98g::lapatinib,SCYL3,t98g,13,True,outer3,ad54df44cd4411c252732b81b5ac8faea061a13bf72dec268658c118e117652c
McFaline,3,TESK1::t98g::lapatinib,TESK1,t98g,13,True,outer3,ad54df44cd4411c252732b81b5ac8faea061a13bf72dec268658c118e117652c
McFaline,3,STK32A::t98g::lapatinib,STK32A,t98g,14,True,outer3,ad54df44cd4411c252732b81b5ac8faea061a13bf72dec268658c118e117652c
McFaline,3,EPHA10::t98g::lapatinib,EPHA10,t98g,12,True,outer3,ad54df44cd4411c252732b81b5ac8faea061a13bf72dec268658c118e117652c
McFaline,3,HUNK::t98g::lapatinib,HUNK,t98g,13,True,outer3,ad54df44cd4411c252732b81b5ac8faea061a13bf72dec268658c118e117652c
McFaline,3,MAST4::t98g::lapatinib,MAST4,t98g,12,True,outer3,ad54df44cd4411c252732b81b5ac8faea061a13bf72dec268658c118e117652c
McFaline,3,PXK::t98g::lapatinib,PXK,t98g,13,True,outer3,ad54df44cd4411c252732b81b5ac8faea061a13bf72dec268658c118e117652c
McFaline,3,PAK6::t98g::lapatinib,PAK6,t98g,13,True,outer3,ad54df44cd4411c252732b81b5ac8faea061a13bf72dec268658c118e117652c
McFaline,3,HIPK4::t98g::lapatinib,HIPK4,t98g,12,True,outer3,ad54df44cd4411c252732b81b5ac8faea061a13bf72dec268658c118e117652c
McFaline,3,MAP3K13::t98g::lapatinib,MAP3K13,t98g,12,True,outer3,ad54df44cd4411c252732b81b5ac8faea061a13bf72dec268658c118e117652c
McFaline,3,CDK17::t98g::lapatinib,CDK17,t98g,12,True,outer3,ad54df44cd4411c252732b81b5ac8faea061a13bf72dec268658c118e117652c
McFaline,3,PRKD1::t98g::lapatinib,PRKD1,t98g,13,True,outer3,ad54df44cd4411c252732b81b5ac8faea061a13bf72dec268658c118e117652c
McFaline,3,EPHA7::t98g::lapatinib,EPHA7,t98g,12,True,outer3,ad54df44cd4411c252732b81b5ac8faea061a13bf72dec268658c118e117652c
McFaline,3,EPHA4::t98g::lapatinib,EPHA4,t98g,13,True,outer3,ad54df44cd4411c252732b81b5ac8faea061a13bf72dec268658c118e117652c
McFaline,3,PKDCC::t98g::lapatinib,PKDCC,t98g,12,True,outer3,ad54df44cd4411c252732b81b5ac8faea061a13bf72dec268658c118e117652c
McFaline,3,TSSK1B::t98g::lapatinib,TSSK1B,t98g,12,True,outer3,ad54df44cd4411c252732b81b5ac8faea061a13bf72dec268658c118e117652c
McFaline,3,EPHB3::t98g::lapatinib,EPHB3,t98g,14,True,outer3,ad54df44cd4411c252732b81b5ac8faea061a13bf72dec268658c118e117652c
McFaline,3,NEK9::t98g::lapatinib,NEK9,t98g,12,True,outer3,ad54df44cd4411c252732b81b5ac8faea061a13bf72dec268658c118e117652c
McFaline,3,CSNK1G1::t98g::lapatinib,CSNK1G1,t98g,13,True,outer3,ad54df44cd4411c252732b81b5ac8faea061a13bf72dec268658c118e117652c
McFaline,3,RPS6KA2::t98g::lapatinib,RPS6KA2,t98g,12,True,outer3,ad54df44cd4411c252732b81b5ac8faea061a13bf72dec268658c118e117652c
McFaline,3,RIOK1::t98g::lapatinib,RIOK1,t98g,9,True,outer3,ad54df44cd4411c252732b81b5ac8faea061a13bf72dec268658c118e117652c
McFaline,3,CDC7::t98g::lapatinib,CDC7,t98g,10,True,outer3,ad54df44cd4411c252732b81b5ac8faea061a13bf72dec268658c118e117652c
McFaline,3,MAP4K5::t98g::lapatinib,MAP4K5,t98g,13,True,outer3,ad54df44cd4411c252732b81b5ac8faea061a13bf72dec268658c118e117652c
McFaline,3,MYO3A::t98g::lapatinib,MYO3A,t98g,13,True,outer3,ad54df44cd4411c252732b81b5ac8faea061a13bf72dec268658c118e117652c
McFaline,3,PRKCB::t98g::lapatinib,PRKCB,t98g,12,True,outer3,ad54df44cd4411c252732b81b5ac8faea061a13bf72dec268658c118e117652c
McFaline,3,ROR2::t98g::lapatinib,ROR2,t98g,13,True,outer3,ad54df44cd4411c252732b81b5ac8faea061a13bf72dec268658c118e117652c
McFaline,3,WNK2::t98g::lapatinib,WNK2,t98g,13,True,outer3,ad54df44cd4411c252732b81b5ac8faea061a13bf72dec268658c118e117652c
McFaline,3,MAPK3::t98g::lapatinib,MAPK3,t98g,12,True,outer3,ad54df44cd4411c252732b81b5ac8faea061a13bf72dec268658c118e117652c
McFaline,3,ADRBK2::t98g::lapatinib,ADRBK2,t98g,13,True,outer3,ad54df44cd4411c252732b81b5ac8faea061a13bf72dec268658c118e117652c
McFaline,3,FGFR3::t98g::lapatinib,FGFR3,t98g,14,True,outer3,ad54df44cd4411c252732b81b5ac8faea061a13bf72dec268658c118e117652c
McFaline,3,BUB1::u87mg::none,BUB1,u87mg,12,True,outer3,ad54df44cd4411c252732b81b5ac8faea061a13bf72dec268658c118e117652c
McFaline,3,MAST3::u87mg::none,MAST3,u87mg,13,True,outer3,ad54df44cd4411c252732b81b5ac8faea061a13bf72dec268658c118e117652c
McFaline,3,HIPK4::u87mg::none,HIPK4,u87mg,12,True,outer3,ad54df44cd4411c252732b81b5ac8faea061a13bf72dec268658c118e117652c
McFaline,3,KIT::u87mg::none,KIT,u87mg,12,True,outer3,ad54df44cd4411c252732b81b5ac8faea061a13bf72dec268658c118e117652c
McFaline,3,MYLK3::u87mg::none,MYLK3,u87mg,13,True,outer3,ad54df44cd4411c252732b81b5ac8faea061a13bf72dec268658c118e117652c
McFaline,3,MAP3K13::u87mg::none,MAP3K13,u87mg,12,True,outer3,ad54df44cd4411c252732b81b5ac8faea061a13bf72dec268658c118e117652c
McFaline,3,MAPK10::u87mg::none,MAPK10,u87mg,12,True,outer3,ad54df44cd4411c252732b81b5ac8faea061a13bf72dec268658c118e117652c
McFaline,3,IRAK3::u87mg::none,IRAK3,u87mg,13,True,outer3,ad54df44cd4411c252732b81b5ac8faea061a13bf72dec268658c118e117652c
McFaline,3,EPHA10::u87mg::none,EPHA10,u87mg,12,True,outer3,ad54df44cd4411c252732b81b5ac8faea061a13bf72dec268658c118e117652c
McFaline,3,PLK5::u87mg::none,PLK5,u87mg,13,True,outer3,ad54df44cd4411c252732b81b5ac8faea061a13bf72dec268658c118e117652c
McFaline,3,NEK9::u87mg::none,NEK9,u87mg,12,True,outer3,ad54df44cd4411c252732b81b5ac8faea061a13bf72dec268658c118e117652c
McFaline,3,TRIO::u87mg::none,TRIO,u87mg,13,True,outer3,ad54df44cd4411c252732b81b5ac8faea061a13bf72dec268658c118e117652c
McFaline,3,LYN::u87mg::none,LYN,u87mg,12,True,outer3,ad54df44cd4411c252732b81b5ac8faea061a13bf72dec268658c118e117652c
McFaline,3,PAK6::u87mg::none,PAK6,u87mg,13,True,outer3,ad54df44cd4411c252732b81b5ac8faea061a13bf72dec268658c118e117652c
McFaline,3,STK24::u87mg::none,STK24,u87mg,13,True,outer3,ad54df44cd4411c252732b81b5ac8faea061a13bf72dec268658c118e117652c
McFaline,3,MYO3B::u87mg::none,MYO3B,u87mg,12,True,outer3,ad54df44cd4411c252732b81b5ac8faea061a13bf72dec268658c118e117652c
McFaline,3,BRD2::u87mg::none,BRD2,u87mg,13,True,outer3,ad54df44cd4411c252732b81b5ac8faea061a13bf72dec268658c118e117652c
McFaline,3,SRPK2::u87mg::none,SRPK2,u87mg,13,True,outer3,ad54df44cd4411c252732b81b5ac8faea061a13bf72dec268658c118e117652c
McFaline,3,ULK1::u87mg::none,ULK1,u87mg,13,True,outer3,ad54df44cd4411c252732b81b5ac8faea061a13bf72dec268658c118e117652c
McFaline,3,TYK2::u87mg::none,TYK2,u87mg,12,True,outer3,ad54df44cd4411c252732b81b5ac8faea061a13bf72dec268658c118e117652c
McFaline,3,MAP3K7::u87mg::none,MAP3K7,u87mg,12,True,outer3,ad54df44cd4411c252732b81b5ac8faea061a13bf72dec268658c118e117652c
McFaline,3,BMPR1B::u87mg::none,BMPR1B,u87mg,12,True,outer3,ad54df44cd4411c252732b81b5ac8faea061a13bf72dec268658c118e117652c
McFaline,3,CAMKK2::u87mg::none,CAMKK2,u87mg,12,True,outer3,ad54df44cd4411c252732b81b5ac8faea061a13bf72dec268658c118e117652c
McFaline,3,EIF2AK1::u87mg::none,EIF2AK1,u87mg,13,True,outer3,ad54df44cd4411c252732b81b5ac8faea061a13bf72dec268658c118e117652c
McFaline,3,NEK6::u87mg::none,NEK6,u87mg,12,True,outer3,ad54df44cd4411c252732b81b5ac8faea061a13bf72dec268658c118e117652c
McFaline,3,PRKCB::u87mg::none,PRKCB,u87mg,12,True,outer3,ad54df44cd4411c252732b81b5ac8faea061a13bf72dec268658c118e117652c
McFaline,3,RYK::u87mg::none,RYK,u87mg,14,True,outer3,ad54df44cd4411c252732b81b5ac8faea061a13bf72dec268658c118e117652c
McFaline,3,TESK1::u87mg::none,TESK1,u87mg,13,True,outer3,ad54df44cd4411c252732b81b5ac8faea061a13bf72dec268658c118e117652c
McFaline,3,GSK3A::u87mg::none,GSK3A,u87mg,13,True,outer3,ad54df44cd4411c252732b81b5ac8faea061a13bf72dec268658c118e117652c
McFaline,3,WNK3::u87mg::none,WNK3,u87mg,11,True,outer3,ad54df44cd4411c252732b81b5ac8faea061a13bf72dec268658c118e117652c
McFaline,3,CDK3::u87mg::none,CDK3,u87mg,13,True,outer3,ad54df44cd4411c252732b81b5ac8faea061a13bf72dec268658c118e117652c
McFaline,3,ROR2::u87mg::none,ROR2,u87mg,13,True,outer3,ad54df44cd4411c252732b81b5ac8faea061a13bf72dec268658c118e117652c
McFaline,3,TSSK1B::u87mg::none,TSSK1B,u87mg,12,True,outer3,ad54df44cd4411c252732b81b5ac8faea061a13bf72dec268658c118e117652c
McFaline,3,STK31::u87mg::none,STK31,u87mg,14,True,outer3,ad54df44cd4411c252732b81b5ac8faea061a13bf72dec268658c118e117652c
McFaline,3,PRKCQ::u87mg::none,PRKCQ,u87mg,13,True,outer3,ad54df44cd4411c252732b81b5ac8faea061a13bf72dec268658c118e117652c
McFaline,3,MYO3A::u87mg::none,MYO3A,u87mg,13,True,outer3,ad54df44cd4411c252732b81b5ac8faea061a13bf72dec268658c118e117652c
McFaline,3,MAST4::u87mg::none,MAST4,u87mg,12,True,outer3,ad54df44cd4411c252732b81b5ac8faea061a13bf72dec268658c118e117652c
McFaline,3,MAP2K1::u87mg::none,MAP2K1,u87mg,13,True,outer3,ad54df44cd4411c252732b81b5ac8faea061a13bf72dec268658c118e117652c
McFaline,4,STK3::a172::nintedanib,STK3,a172,13,True,outer4,a02e3bf8c0c019471e150f284abab40628775156175a7f97be8e064e7726d58c
McFaline,4,ERBB3::a172::nintedanib,ERBB3,a172,12,True,outer4,a02e3bf8c0c019471e150f284abab40628775156175a7f97be8e064e7726d58c
McFaline,4,DCLK2::a172::nintedanib,DCLK2,a172,13,True,outer4,a02e3bf8c0c019471e150f284abab40628775156175a7f97be8e064e7726d58c
McFaline,4,MAP3K15::a172::nintedanib,MAP3K15,a172,13,True,outer4,a02e3bf8c0c019471e150f284abab40628775156175a7f97be8e064e7726d58c
McFaline,4,MATK::a172::nintedanib,MATK,a172,12,True,outer4,a02e3bf8c0c019471e150f284abab40628775156175a7f97be8e064e7726d58c
McFaline,4,ROCK2::a172::nintedanib,ROCK2,a172,12,True,outer4,a02e3bf8c0c019471e150f284abab40628775156175a7f97be8e064e7726d58c
McFaline,4,MKNK1::a172::nintedanib,MKNK1,a172,12,True,outer4,a02e3bf8c0c019471e150f284abab40628775156175a7f97be8e064e7726d58c
McFaline,4,MAP3K4::a172::nintedanib,MAP3K4,a172,12,True,outer4,a02e3bf8c0c019471e150f284abab40628775156175a7f97be8e064e7726d58c
McFaline,4,MAP3K2::a172::nintedanib,MAP3K2,a172,12,True,outer4,a02e3bf8c0c019471e150f284abab40628775156175a7f97be8e064e7726d58c
McFaline,4,CDC42BPB::a172::nintedanib,CDC42BPB,a172,12,True,outer4,a02e3bf8c0c019471e150f284abab40628775156175a7f97be8e064e7726d58c
McFaline,4,MYLK::a172::nintedanib,MYLK,a172,12,True,outer4,a02e3bf8c0c019471e150f284abab40628775156175a7f97be8e064e7726d58c
McFaline,4,TTN::a172::nintedanib,TTN,a172,12,True,outer4,a02e3bf8c0c019471e150f284abab40628775156175a7f97be8e064e7726d58c
McFaline,4,MAP3K5::a172::nintedanib,MAP3K5,a172,13,True,outer4,a02e3bf8c0c019471e150f284abab40628775156175a7f97be8e064e7726d58c
McFaline,4,MUSK::a172::nintedanib,MUSK,a172,11,True,outer4,a02e3bf8c0c019471e150f284abab40628775156175a7f97be8e064e7726d58c
McFaline,4,MAPK8::a172::nintedanib,MAPK8,a172,12,True,outer4,a02e3bf8c0c019471e150f284abab40628775156175a7f97be8e064e7726d58c
McFaline,4,BRSK2::a172::nintedanib,BRSK2,a172,13,True,outer4,a02e3bf8c0c019471e150f284abab40628775156175a7f97be8e064e7726d58c
McFaline,4,MAP3K12::a172::nintedanib,MAP3K12,a172,12,True,outer4,a02e3bf8c0c019471e150f284abab40628775156175a7f97be8e064e7726d58c
McFaline,4,LATS2::a172::nintedanib,LATS2,a172,14,True,outer4,a02e3bf8c0c019471e150f284abab40628775156175a7f97be8e064e7726d58c
McFaline,4,YES1::a172::nintedanib,YES1,a172,13,True,outer4,a02e3bf8c0c019471e150f284abab40628775156175a7f97be8e064e7726d58c
McFaline,4,EIF2AK3::a172::nintedanib,EIF2AK3,a172,13,True,outer4,a02e3bf8c0c019471e150f284abab40628775156175a7f97be8e064e7726d58c
McFaline,4,TGFBR2::a172::nintedanib,TGFBR2,a172,13,True,outer4,a02e3bf8c0c019471e150f284abab40628775156175a7f97be8e064e7726d58c
McFaline,4,BRSK1::a172::nintedanib,BRSK1,a172,12,True,outer4,a02e3bf8c0c019471e150f284abab40628775156175a7f97be8e064e7726d58c
McFaline,4,LMTK3::a172::nintedanib,LMTK3,a172,13,True,outer4,a02e3bf8c0c019471e150f284abab40628775156175a7f97be8e064e7726d58c
McFaline,4,PIK3R4::a172::nintedanib,PIK3R4,a172,12,True,outer4,a02e3bf8c0c019471e150f284abab40628775156175a7f97be8e064e7726d58c
McFaline,4,SIK1::a172::nintedanib,SIK1,a172,12,True,outer4,a02e3bf8c0c019471e150f284abab40628775156175a7f97be8e064e7726d58c
McFaline,4,MAP4K3::a172::nintedanib,MAP4K3,a172,12,True,outer4,a02e3bf8c0c019471e150f284abab40628775156175a7f97be8e064e7726d58c
McFaline,4,MAP4K1::a172::nintedanib,MAP4K1,a172,12,True,outer4,a02e3bf8c0c019471e150f284abab40628775156175a7f97be8e064e7726d58c
McFaline,4,STK36::a172::nintedanib,STK36,a172,13,True,outer4,a02e3bf8c0c019471e150f284abab40628775156175a7f97be8e064e7726d58c
McFaline,4,EIF2AK2::a172::nintedanib,EIF2AK2,a172,13,True,outer4,a02e3bf8c0c019471e150f284abab40628775156175a7f97be8e064e7726d58c
McFaline,4,SGK2::a172::nintedanib,SGK2,a172,13,True,outer4,a02e3bf8c0c019471e150f284abab40628775156175a7f97be8e064e7726d58c
McFaline,4,PIK3CD::a172::nintedanib,PIK3CD,a172,12,True,outer4,a02e3bf8c0c019471e150f284abab40628775156175a7f97be8e064e7726d58c
McFaline,4,PIK3CB::a172::nintedanib,PIK3CB,a172,13,True,outer4,a02e3bf8c0c019471e150f284abab40628775156175a7f97be8e064e7726d58c
McFaline,4,PRKCD::a172::nintedanib,PRKCD,a172,12,True,outer4,a02e3bf8c0c019471e150f284abab40628775156175a7f97be8e064e7726d58c
McFaline,4,FGFR2::a172::nintedanib,FGFR2,a172,14,True,outer4,a02e3bf8c0c019471e150f284abab40628775156175a7f97be8e064e7726d58c
McFaline,4,CSF1R::a172::nintedanib,CSF1R,a172,12,True,outer4,a02e3bf8c0c019471e150f284abab40628775156175a7f97be8e064e7726d58c
McFaline,4,BRD4::a172::nintedanib,BRD4,a172,13,True,outer4,a02e3bf8c0c019471e150f284abab40628775156175a7f97be8e064e7726d58c
McFaline,4,RcontrolSEL::a172::nintedanib,RcontrolSEL,a172,12,True,outer4,a02e3bf8c0c019471e150f284abab40628775156175a7f97be8e064e7726d58c
McFaline,4,MAP2K2::a172::nintedanib,MAP2K2,a172,11,True,outer4,a02e3bf8c0c019471e150f284abab40628775156175a7f97be8e064e7726d58c
McFaline,4,ABL2::t98g::lapatinib,ABL2,t98g,13,True,outer4,a02e3bf8c0c019471e150f284abab40628775156175a7f97be8e064e7726d58c
McFaline,4,TSSK2::t98g::lapatinib,TSSK2,t98g,13,True,outer4,a02e3bf8c0c019471e150f284abab40628775156175a7f97be8e064e7726d58c
McFaline,4,CSK::t98g::lapatinib,CSK,t98g,12,True,outer4,a02e3bf8c0c019471e150f284abab40628775156175a7f97be8e064e7726d58c
McFaline,4,ROCK1::t98g::lapatinib,ROCK1,t98g,13,True,outer4,a02e3bf8c0c019471e150f284abab40628775156175a7f97be8e064e7726d58c
McFaline,4,STK3::t98g::lapatinib,STK3,t98g,13,True,outer4,a02e3bf8c0c019471e150f284abab40628775156175a7f97be8e064e7726d58c
McFaline,4,MARK1::t98g::lapatinib,MARK1,t98g,12,True,outer4,a02e3bf8c0c019471e150f284abab40628775156175a7f97be8e064e7726d58c
McFaline,4,VRK3::t98g::lapatinib,VRK3,t98g,12,True,outer4,a02e3bf8c0c019471e150f284abab40628775156175a7f97be8e064e7726d58c
McFaline,4,PRKCD::t98g::lapatinib,PRKCD,t98g,12,True,outer4,a02e3bf8c0c019471e150f284abab40628775156175a7f97be8e064e7726d58c
McFaline,4,ZAK::t98g::lapatinib,ZAK,t98g,13,True,outer4,a02e3bf8c0c019471e150f284abab40628775156175a7f97be8e064e7726d58c
McFaline,4,RIPK4::t98g::lapatinib,RIPK4,t98g,14,True,outer4,a02e3bf8c0c019471e150f284abab40628775156175a7f97be8e064e7726d58c
McFaline,4,SIK1::t98g::lapatinib,SIK1,t98g,12,True,outer4,a02e3bf8c0c019471e150f284abab40628775156175a7f97be8e064e7726d58c
McFaline,4,MAP3K5::t98g::lapatinib,MAP3K5,t98g,13,True,outer4,a02e3bf8c0c019471e150f284abab40628775156175a7f97be8e064e7726d58c
McFaline,4,CSNK1G3::t98g::lapatinib,CSNK1G3,t98g,12,True,outer4,a02e3bf8c0c019471e150f284abab40628775156175a7f97be8e064e7726d58c
McFaline,4,PIK3R4::t98g::lapatinib,PIK3R4,t98g,12,True,outer4,a02e3bf8c0c019471e150f284abab40628775156175a7f97be8e064e7726d58c
McFaline,4,PDIK1L::t98g::lapatinib,PDIK1L,t98g,13,True,outer4,a02e3bf8c0c019471e150f284abab40628775156175a7f97be8e064e7726d58c
McFaline,4,DYRK1A::t98g::lapatinib,DYRK1A,t98g,13,True,outer4,a02e3bf8c0c019471e150f284abab40628775156175a7f97be8e064e7726d58c
McFaline,4,SGK2::t98g::lapatinib,SGK2,t98g,13,True,outer4,a02e3bf8c0c019471e150f284abab40628775156175a7f97be8e064e7726d58c
McFaline,4,GUCY2C::t98g::lapatinib,GUCY2C,t98g,13,True,outer4,a02e3bf8c0c019471e150f284abab40628775156175a7f97be8e064e7726d58c
McFaline,4,NEK3::t98g::lapatinib,NEK3,t98g,12,True,outer4,a02e3bf8c0c019471e150f284abab40628775156175a7f97be8e064e7726d58c
McFaline,4,ERBB3::t98g::lapatinib,ERBB3,t98g,12,True,outer4,a02e3bf8c0c019471e150f284abab40628775156175a7f97be8e064e7726d58c
McFaline,4,ACVRL1::t98g::lapatinib,ACVRL1,t98g,13,True,outer4,a02e3bf8c0c019471e150f284abab40628775156175a7f97be8e064e7726d58c
McFaline,4,PTK2B::t98g::lapatinib,PTK2B,t98g,13,True,outer4,a02e3bf8c0c019471e150f284abab40628775156175a7f97be8e064e7726d58c
McFaline,4,DDR2::t98g::lapatinib,DDR2,t98g,12,True,outer4,a02e3bf8c0c019471e150f284abab40628775156175a7f97be8e064e7726d58c
McFaline,4,FLT3::t98g::lapatinib,FLT3,t98g,14,True,outer4,a02e3bf8c0c019471e150f284abab40628775156175a7f97be8e064e7726d58c
McFaline,4,STK36::t98g::lapatinib,STK36,t98g,13,True,outer4,a02e3bf8c0c019471e150f284abab40628775156175a7f97be8e064e7726d58c
McFaline,4,MAP2K3::t98g::lapatinib,MAP2K3,t98g,13,True,outer4,a02e3bf8c0c019471e150f284abab40628775156175a7f97be8e064e7726d58c
McFaline,4,NTRK3::t98g::lapatinib,NTRK3,t98g,12,True,outer4,a02e3bf8c0c019471e150f284abab40628775156175a7f97be8e064e7726d58c
McFaline,4,LCK::t98g::lapatinib,LCK,t98g,13,True,outer4,a02e3bf8c0c019471e150f284abab40628775156175a7f97be8e064e7726d58c
McFaline,4,NTRK1::t98g::lapatinib,NTRK1,t98g,12,True,outer4,a02e3bf8c0c019471e150f284abab40628775156175a7f97be8e064e7726d58c
McFaline,4,HCK::t98g::lapatinib,HCK,t98g,12,True,outer4,a02e3bf8c0c019471e150f284abab40628775156175a7f97be8e064e7726d58c
McFaline,4,FGR::t98g::lapatinib,FGR,t98g,12,True,outer4,a02e3bf8c0c019471e150f284abab40628775156175a7f97be8e064e7726d58c
McFaline,4,MAP3K2::t98g::lapatinib,MAP3K2,t98g,12,True,outer4,a02e3bf8c0c019471e150f284abab40628775156175a7f97be8e064e7726d58c
McFaline,4,CSF1R::t98g::lapatinib,CSF1R,t98g,12,True,outer4,a02e3bf8c0c019471e150f284abab40628775156175a7f97be8e064e7726d58c
McFaline,4,CDC42BPB::t98g::lapatinib,CDC42BPB,t98g,12,True,outer4,a02e3bf8c0c019471e150f284abab40628775156175a7f97be8e064e7726d58c
McFaline,4,EIF2AK2::t98g::lapatinib,EIF2AK2,t98g,13,True,outer4,a02e3bf8c0c019471e150f284abab40628775156175a7f97be8e064e7726d58c
McFaline,4,MATK::t98g::lapatinib,MATK,t98g,12,True,outer4,a02e3bf8c0c019471e150f284abab40628775156175a7f97be8e064e7726d58c
McFaline,4,TEK::t98g::lapatinib,TEK,t98g,11,True,outer4,a02e3bf8c0c019471e150f284abab40628775156175a7f97be8e064e7726d58c
McFaline,4,HIPK2::t98g::lapatinib,HIPK2,t98g,13,True,outer4,a02e3bf8c0c019471e150f284abab40628775156175a7f97be8e064e7726d58c
McFaline,4,DCLK2::t98g::lapatinib,DCLK2,t98g,13,True,outer4,a02e3bf8c0c019471e150f284abab40628775156175a7f97be8e064e7726d58c
McFaline,4,TGFBR2::u87mg::none,TGFBR2,u87mg,13,True,outer4,a02e3bf8c0c019471e150f284abab40628775156175a7f97be8e064e7726d58c
McFaline,4,CAMK2D::u87mg::none,CAMK2D,u87mg,12,True,outer4,a02e3bf8c0c019471e150f284abab40628775156175a7f97be8e064e7726d58c
McFaline,4,MAP3K2::u87mg::none,MAP3K2,u87mg,12,True,outer4,a02e3bf8c0c019471e150f284abab40628775156175a7f97be8e064e7726d58c
McFaline,4,MERTK::u87mg::none,MERTK,u87mg,13,True,outer4,a02e3bf8c0c019471e150f284abab40628775156175a7f97be8e064e7726d58c
McFaline,4,MARK1::u87mg::none,MARK1,u87mg,12,True,outer4,a02e3bf8c0c019471e150f284abab40628775156175a7f97be8e064e7726d58c
McFaline,4,CDK1::u87mg::none,CDK1,u87mg,10,True,outer4,a02e3bf8c0c019471e150f284abab40628775156175a7f97be8e064e7726d58c
McFaline,4,CSNK1G3::u87mg::none,CSNK1G3,u87mg,12,True,outer4,a02e3bf8c0c019471e150f284abab40628775156175a7f97be8e064e7726d58c
McFaline,4,RPS6KA5::u87mg::none,RPS6KA5,u87mg,13,True,outer4,a02e3bf8c0c019471e150f284abab40628775156175a7f97be8e064e7726d58c
McFaline,4,CDC42BPB::u87mg::none,CDC42BPB,u87mg,12,True,outer4,a02e3bf8c0c019471e150f284abab40628775156175a7f97be8e064e7726d58c
McFaline,4,MAP3K15::u87mg::none,MAP3K15,u87mg,13,True,outer4,a02e3bf8c0c019471e150f284abab40628775156175a7f97be8e064e7726d58c
McFaline,4,YES1::u87mg::none,YES1,u87mg,13,True,outer4,a02e3bf8c0c019471e150f284abab40628775156175a7f97be8e064e7726d58c
McFaline,4,PIK3R4::u87mg::none,PIK3R4,u87mg,12,True,outer4,a02e3bf8c0c019471e150f284abab40628775156175a7f97be8e064e7726d58c
McFaline,4,TSSK4::u87mg::none,TSSK4,u87mg,13,True,outer4,a02e3bf8c0c019471e150f284abab40628775156175a7f97be8e064e7726d58c
McFaline,4,ACVRL1::u87mg::none,ACVRL1,u87mg,13,True,outer4,a02e3bf8c0c019471e150f284abab40628775156175a7f97be8e064e7726d58c
McFaline,4,MAP2K2::u87mg::none,MAP2K2,u87mg,11,True,outer4,a02e3bf8c0c019471e150f284abab40628775156175a7f97be8e064e7726d58c
McFaline,4,ROCK1::u87mg::none,ROCK1,u87mg,13,True,outer4,a02e3bf8c0c019471e150f284abab40628775156175a7f97be8e064e7726d58c
McFaline,4,SRC::u87mg::none,SRC,u87mg,13,True,outer4,a02e3bf8c0c019471e150f284abab40628775156175a7f97be8e064e7726d58c
McFaline,4,TTBK1::u87mg::none,TTBK1,u87mg,13,True,outer4,a02e3bf8c0c019471e150f284abab40628775156175a7f97be8e064e7726d58c
McFaline,4,MAPK14::u87mg::none,MAPK14,u87mg,12,True,outer4,a02e3bf8c0c019471e150f284abab40628775156175a7f97be8e064e7726d58c
McFaline,4,MAP4K1::u87mg::none,MAP4K1,u87mg,12,True,outer4,a02e3bf8c0c019471e150f284abab40628775156175a7f97be8e064e7726d58c
McFaline,4,MAP3K4::u87mg::none,MAP3K4,u87mg,12,True,outer4,a02e3bf8c0c019471e150f284abab40628775156175a7f97be8e064e7726d58c
McFaline,4,MYLK::u87mg::none,MYLK,u87mg,12,True,outer4,a02e3bf8c0c019471e150f284abab40628775156175a7f97be8e064e7726d58c
McFaline,4,CSNK1G2::u87mg::none,CSNK1G2,u87mg,14,True,outer4,a02e3bf8c0c019471e150f284abab40628775156175a7f97be8e064e7726d58c
McFaline,4,CAMK2B::u87mg::none,CAMK2B,u87mg,13,True,outer4,a02e3bf8c0c019471e150f284abab40628775156175a7f97be8e064e7726d58c
McFaline,4,TSSK2::u87mg::none,TSSK2,u87mg,13,True,outer4,a02e3bf8c0c019471e150f284abab40628775156175a7f97be8e064e7726d58c
McFaline,4,SLK::u87mg::none,SLK,u87mg,12,True,outer4,a02e3bf8c0c019471e150f284abab40628775156175a7f97be8e064e7726d58c
McFaline,4,CLK2::u87mg::none,CLK2,u87mg,12,True,outer4,a02e3bf8c0c019471e150f284abab40628775156175a7f97be8e064e7726d58c
McFaline,4,ZAK::u87mg::none,ZAK,u87mg,13,True,outer4,a02e3bf8c0c019471e150f284abab40628775156175a7f97be8e064e7726d58c
McFaline,4,RcontrolSEL::u87mg::none,RcontrolSEL,u87mg,12,True,outer4,a02e3bf8c0c019471e150f284abab40628775156175a7f97be8e064e7726d58c
McFaline,4,EIF2AK3::u87mg::none,EIF2AK3,u87mg,13,True,outer4,a02e3bf8c0c019471e150f284abab40628775156175a7f97be8e064e7726d58c
McFaline,4,SIK1::u87mg::none,SIK1,u87mg,12,True,outer4,a02e3bf8c0c019471e150f284abab40628775156175a7f97be8e064e7726d58c
McFaline,4,MAP3K6::u87mg::none,MAP3K6,u87mg,14,True,outer4,a02e3bf8c0c019471e150f284abab40628775156175a7f97be8e064e7726d58c
McFaline,4,NTRK3::u87mg::none,NTRK3,u87mg,12,True,outer4,a02e3bf8c0c019471e150f284abab40628775156175a7f97be8e064e7726d58c
McFaline,4,JAK3::u87mg::none,JAK3,u87mg,13,True,outer4,a02e3bf8c0c019471e150f284abab40628775156175a7f97be8e064e7726d58c
McFaline,4,ERN1::u87mg::none,ERN1,u87mg,12,True,outer4,a02e3bf8c0c019471e150f284abab40628775156175a7f97be8e064e7726d58c
Source,0,K562::AAMP+ctrl,AAMP,K562,1,True,outer0/contextK562,4c5496a44b19a805ca2fa0a5ab41f18f9ff42b0189181f126b1b886e0366994e
Source,0,K562::ACTB+ctrl,ACTB,K562,3,True,outer0/contextK562,4c5496a44b19a805ca2fa0a5ab41f18f9ff42b0189181f126b1b886e0366994e
Source,0,K562::AHCTF1+ctrl,AHCTF1,K562,3,True,outer0/contextK562,4c5496a44b19a805ca2fa0a5ab41f18f9ff42b0189181f126b1b886e0366994e
Source,0,K562::ALDOA+ctrl,ALDOA,K562,2,True,outer0/contextK562,4c5496a44b19a805ca2fa0a5ab41f18f9ff42b0189181f126b1b886e0366994e
Source,0,K562::BCAS2+ctrl,BCAS2,K562,1,True,outer0/contextK562,4c5496a44b19a805ca2fa0a5ab41f18f9ff42b0189181f126b1b886e0366994e
Source,0,K562::BUB3+ctrl,BUB3,K562,2,True,outer0/contextK562,4c5496a44b19a805ca2fa0a5ab41f18f9ff42b0189181f126b1b886e0366994e
Source,0,K562::BYSL+ctrl,BYSL,K562,2,True,outer0/contextK562,4c5496a44b19a805ca2fa0a5ab41f18f9ff42b0189181f126b1b886e0366994e
Source,0,K562::CD3EAP+ctrl,CD3EAP,K562,3,True,outer0/contextK562,4c5496a44b19a805ca2fa0a5ab41f18f9ff42b0189181f126b1b886e0366994e
Source,0,K562::CHEK1+ctrl,CHEK1,K562,3,True,outer0/contextK562,4c5496a44b19a805ca2fa0a5ab41f18f9ff42b0189181f126b1b886e0366994e
Source,0,K562::CHMP2A+ctrl,CHMP2A,K562,1,True,outer0/contextK562,4c5496a44b19a805ca2fa0a5ab41f18f9ff42b0189181f126b1b886e0366994e
Source,0,K562::CLNS1A+ctrl,CLNS1A,K562,2,True,outer0/contextK562,4c5496a44b19a805ca2fa0a5ab41f18f9ff42b0189181f126b1b886e0366994e
Source,0,K562::COX11+ctrl,COX11,K562,3,True,outer0/contextK562,4c5496a44b19a805ca2fa0a5ab41f18f9ff42b0189181f126b1b886e0366994e
Source,0,K562::CSE1L+ctrl,CSE1L,K562,3,True,outer0/contextK562,4c5496a44b19a805ca2fa0a5ab41f18f9ff42b0189181f126b1b886e0366994e
Source,0,K562::CSNK1A1+ctrl,CSNK1A1,K562,2,True,outer0/contextK562,4c5496a44b19a805ca2fa0a5ab41f18f9ff42b0189181f126b1b886e0366994e
Source,0,K562::CUL7+ctrl,CUL7,K562,2,True,outer0/contextK562,4c5496a44b19a805ca2fa0a5ab41f18f9ff42b0189181f126b1b886e0366994e
Source,0,K562::DAP3+ctrl,DAP3,K562,2,True,outer0/contextK562,4c5496a44b19a805ca2fa0a5ab41f18f9ff42b0189181f126b1b886e0366994e
Source,0,K562::DDX23+ctrl,DDX23,K562,3,True,outer0/contextK562,4c5496a44b19a805ca2fa0a5ab41f18f9ff42b0189181f126b1b886e0366994e
Source,0,K562::DENR+ctrl,DENR,K562,3,True,outer0/contextK562,4c5496a44b19a805ca2fa0a5ab41f18f9ff42b0189181f126b1b886e0366994e
Source,0,K562::DKC1+ctrl,DKC1,K562,3,True,outer0/contextK562,4c5496a44b19a805ca2fa0a5ab41f18f9ff42b0189181f126b1b886e0366994e
Source,0,K562::DNAJC17+ctrl,DNAJC17,K562,3,True,outer0/contextK562,4c5496a44b19a805ca2fa0a5ab41f18f9ff42b0189181f126b1b886e0366994e
Source,0,K562::EBNA1BP2+ctrl,EBNA1BP2,K562,3,True,outer0/contextK562,4c5496a44b19a805ca2fa0a5ab41f18f9ff42b0189181f126b1b886e0366994e
Source,0,K562::EIF2S2+ctrl,EIF2S2,K562,3,True,outer0/contextK562,4c5496a44b19a805ca2fa0a5ab41f18f9ff42b0189181f126b1b886e0366994e
Source,0,K562::EIF3E+ctrl,EIF3E,K562,3,True,outer0/contextK562,4c5496a44b19a805ca2fa0a5ab41f18f9ff42b0189181f126b1b886e0366994e
Source,0,K562::EIF4G2+ctrl,EIF4G2,K562,3,True,outer0/contextK562,4c5496a44b19a805ca2fa0a5ab41f18f9ff42b0189181f126b1b886e0366994e
Source,0,K562::EXOC7+ctrl,EXOC7,K562,3,True,outer0/contextK562,4c5496a44b19a805ca2fa0a5ab41f18f9ff42b0189181f126b1b886e0366994e
Source,0,K562::EXOSC7+ctrl,EXOSC7,K562,3,True,outer0/contextK562,4c5496a44b19a805ca2fa0a5ab41f18f9ff42b0189181f126b1b886e0366994e
Source,0,K562::FBL+ctrl,FBL,K562,2,True,outer0/contextK562,4c5496a44b19a805ca2fa0a5ab41f18f9ff42b0189181f126b1b886e0366994e
Source,0,K562::GFER+ctrl,GFER,K562,3,True,outer0/contextK562,4c5496a44b19a805ca2fa0a5ab41f18f9ff42b0189181f126b1b886e0366994e
Source,0,K562::GNL3L+ctrl,GNL3L,K562,2,True,outer0/contextK562,4c5496a44b19a805ca2fa0a5ab41f18f9ff42b0189181f126b1b886e0366994e
Source,0,K562::GRSF1+ctrl,GRSF1,K562,3,True,outer0/contextK562,4c5496a44b19a805ca2fa0a5ab41f18f9ff42b0189181f126b1b886e0366994e
Source,0,K562::HAUS5+ctrl,HAUS5,K562,2,True,outer0/contextK562,4c5496a44b19a805ca2fa0a5ab41f18f9ff42b0189181f126b1b886e0366994e
Source,0,K562::HSCB+ctrl,HSCB,K562,2,True,outer0/contextK562,4c5496a44b19a805ca2fa0a5ab41f18f9ff42b0189181f126b1b886e0366994e
Source,0,K562::ILF2+ctrl,ILF2,K562,3,True,outer0/contextK562,4c5496a44b19a805ca2fa0a5ab41f18f9ff42b0189181f126b1b886e0366994e
Source,0,K562::IPO9+ctrl,IPO9,K562,3,True,outer0/contextK562,4c5496a44b19a805ca2fa0a5ab41f18f9ff42b0189181f126b1b886e0366994e
Source,0,K562::ISG20L2+ctrl,ISG20L2,K562,2,True,outer0/contextK562,4c5496a44b19a805ca2fa0a5ab41f18f9ff42b0189181f126b1b886e0366994e
Source,0,K562::KAT8+ctrl,KAT8,K562,3,True,outer0/contextK562,4c5496a44b19a805ca2fa0a5ab41f18f9ff42b0189181f126b1b886e0366994e
Source,0,K562::KIF20A+ctrl,KIF20A,K562,1,True,outer0/contextK562,4c5496a44b19a805ca2fa0a5ab41f18f9ff42b0189181f126b1b886e0366994e
Source,0,K562::KPNB1+ctrl,KPNB1,K562,2,True,outer0/contextK562,4c5496a44b19a805ca2fa0a5ab41f18f9ff42b0189181f126b1b886e0366994e
Source,0,K562::MAD2L1+ctrl,MAD2L1,K562,3,True,outer0/contextK562,4c5496a44b19a805ca2fa0a5ab41f18f9ff42b0189181f126b1b886e0366994e
Source,0,K562::MCM3+ctrl,MCM3,K562,3,True,outer0/contextK562,4c5496a44b19a805ca2fa0a5ab41f18f9ff42b0189181f126b1b886e0366994e
Source,0,K562::MCM4+ctrl,MCM4,K562,3,True,outer0/contextK562,4c5496a44b19a805ca2fa0a5ab41f18f9ff42b0189181f126b1b886e0366994e
Source,0,K562::MED10+ctrl,MED10,K562,1,True,outer0/contextK562,4c5496a44b19a805ca2fa0a5ab41f18f9ff42b0189181f126b1b886e0366994e
Source,0,K562::MED17+ctrl,MED17,K562,2,True,outer0/contextK562,4c5496a44b19a805ca2fa0a5ab41f18f9ff42b0189181f126b1b886e0366994e
Source,0,K562::MIOS+ctrl,MIOS,K562,3,True,outer0/contextK562,4c5496a44b19a805ca2fa0a5ab41f18f9ff42b0189181f126b1b886e0366994e
Source,0,K562::MRGBP+ctrl,MRGBP,K562,3,True,outer0/contextK562,4c5496a44b19a805ca2fa0a5ab41f18f9ff42b0189181f126b1b886e0366994e
Source,0,K562::MRPL3+ctrl,MRPL3,K562,2,True,outer0/contextK562,4c5496a44b19a805ca2fa0a5ab41f18f9ff42b0189181f126b1b886e0366994e
Source,0,K562::MRPL37+ctrl,MRPL37,K562,2,True,outer0/contextK562,4c5496a44b19a805ca2fa0a5ab41f18f9ff42b0189181f126b1b886e0366994e
Source,0,K562::MRPL54+ctrl,MRPL54,K562,1,True,outer0/contextK562,4c5496a44b19a805ca2fa0a5ab41f18f9ff42b0189181f126b1b886e0366994e
Source,0,K562::MRPS23+ctrl,MRPS23,K562,2,True,outer0/contextK562,4c5496a44b19a805ca2fa0a5ab41f18f9ff42b0189181f126b1b886e0366994e
Source,0,K562::MYBL2+ctrl,MYBL2,K562,2,True,outer0/contextK562,4c5496a44b19a805ca2fa0a5ab41f18f9ff42b0189181f126b1b886e0366994e
Source,0,K562::MZT1+ctrl,MZT1,K562,2,True,outer0/contextK562,4c5496a44b19a805ca2fa0a5ab41f18f9ff42b0189181f126b1b886e0366994e
Source,0,K562::NAA20+ctrl,NAA20,K562,3,True,outer0/contextK562,4c5496a44b19a805ca2fa0a5ab41f18f9ff42b0189181f126b1b886e0366994e
Source,0,K562::NDUFA2+ctrl,NDUFA2,K562,2,True,outer0/contextK562,4c5496a44b19a805ca2fa0a5ab41f18f9ff42b0189181f126b1b886e0366994e
Source,0,K562::NDUFB4+ctrl,NDUFB4,K562,2,True,outer0/contextK562,4c5496a44b19a805ca2fa0a5ab41f18f9ff42b0189181f126b1b886e0366994e
Source,0,K562::NELFA+ctrl,NELFA,K562,3,True,outer0/contextK562,4c5496a44b19a805ca2fa0a5ab41f18f9ff42b0189181f126b1b886e0366994e
Source,0,K562::NOC3L+ctrl,NOC3L,K562,3,True,outer0/contextK562,4c5496a44b19a805ca2fa0a5ab41f18f9ff42b0189181f126b1b886e0366994e
Source,0,K562::NUBP1+ctrl,NUBP1,K562,3,True,outer0/contextK562,4c5496a44b19a805ca2fa0a5ab41f18f9ff42b0189181f126b1b886e0366994e
Source,0,K562::NUP54+ctrl,NUP54,K562,3,True,outer0/contextK562,4c5496a44b19a805ca2fa0a5ab41f18f9ff42b0189181f126b1b886e0366994e
Source,0,K562::PCID2+ctrl,PCID2,K562,3,True,outer0/contextK562,4c5496a44b19a805ca2fa0a5ab41f18f9ff42b0189181f126b1b886e0366994e
Source,0,K562::POLA1+ctrl,POLA1,K562,2,True,outer0/contextK562,4c5496a44b19a805ca2fa0a5ab41f18f9ff42b0189181f126b1b886e0366994e
Source,0,K562::POLD2+ctrl,POLD2,K562,3,True,outer0/contextK562,4c5496a44b19a805ca2fa0a5ab41f18f9ff42b0189181f126b1b886e0366994e
Source,0,K562::POLD3+ctrl,POLD3,K562,2,True,outer0/contextK562,4c5496a44b19a805ca2fa0a5ab41f18f9ff42b0189181f126b1b886e0366994e
Source,0,K562::POLR1B+ctrl,POLR1B,K562,1,True,outer0/contextK562,4c5496a44b19a805ca2fa0a5ab41f18f9ff42b0189181f126b1b886e0366994e
Source,0,K562::POLR2G+ctrl,POLR2G,K562,1,True,outer0/contextK562,4c5496a44b19a805ca2fa0a5ab41f18f9ff42b0189181f126b1b886e0366994e
Source,0,K562::POLR2L+ctrl,POLR2L,K562,1,True,outer0/contextK562,4c5496a44b19a805ca2fa0a5ab41f18f9ff42b0189181f126b1b886e0366994e
Source,0,K562::POP4+ctrl,POP4,K562,3,True,outer0/contextK562,4c5496a44b19a805ca2fa0a5ab41f18f9ff42b0189181f126b1b886e0366994e
Source,0,K562::PPP2R1A+ctrl,PPP2R1A,K562,3,True,outer0/contextK562,4c5496a44b19a805ca2fa0a5ab41f18f9ff42b0189181f126b1b886e0366994e
Source,0,K562::PSMC1+ctrl,PSMC1,K562,3,True,outer0/contextK562,4c5496a44b19a805ca2fa0a5ab41f18f9ff42b0189181f126b1b886e0366994e
Source,0,K562::PSMD6+ctrl,PSMD6,K562,2,True,outer0/contextK562,4c5496a44b19a805ca2fa0a5ab41f18f9ff42b0189181f126b1b886e0366994e
Source,0,K562::PTCD1+ctrl,PTCD1,K562,3,True,outer0/contextK562,4c5496a44b19a805ca2fa0a5ab41f18f9ff42b0189181f126b1b886e0366994e
Source,0,K562::RABGGTA+ctrl,RABGGTA,K562,3,True,outer0/contextK562,4c5496a44b19a805ca2fa0a5ab41f18f9ff42b0189181f126b1b886e0366994e
Source,0,K562::RAD21+ctrl,RAD21,K562,2,True,outer0/contextK562,4c5496a44b19a805ca2fa0a5ab41f18f9ff42b0189181f126b1b886e0366994e
Source,0,K562::RBM39+ctrl,RBM39,K562,2,True,outer0/contextK562,4c5496a44b19a805ca2fa0a5ab41f18f9ff42b0189181f126b1b886e0366994e
Source,0,K562::RNASEH2C+ctrl,RNASEH2C,K562,3,True,outer0/contextK562,4c5496a44b19a805ca2fa0a5ab41f18f9ff42b0189181f126b1b886e0366994e
Source,0,K562::RPA1+ctrl,RPA1,K562,2,True,outer0/contextK562,4c5496a44b19a805ca2fa0a5ab41f18f9ff42b0189181f126b1b886e0366994e
Source,0,K562::RPAP2+ctrl,RPAP2,K562,1,True,outer0/contextK562,4c5496a44b19a805ca2fa0a5ab41f18f9ff42b0189181f126b1b886e0366994e
Source,0,K562::RPL9+ctrl,RPL9,K562,3,True,outer0/contextK562,4c5496a44b19a805ca2fa0a5ab41f18f9ff42b0189181f126b1b886e0366994e
Source,0,K562::RPL10+ctrl,RPL10,K562,3,True,outer0/contextK562,4c5496a44b19a805ca2fa0a5ab41f18f9ff42b0189181f126b1b886e0366994e
Source,0,K562::RPL17+ctrl,RPL17,K562,3,True,outer0/contextK562,4c5496a44b19a805ca2fa0a5ab41f18f9ff42b0189181f126b1b886e0366994e
Source,0,K562::RPL21+ctrl,RPL21,K562,3,True,outer0/contextK562,4c5496a44b19a805ca2fa0a5ab41f18f9ff42b0189181f126b1b886e0366994e
Source,0,K562::RPP30+ctrl,RPP30,K562,3,True,outer0/contextK562,4c5496a44b19a805ca2fa0a5ab41f18f9ff42b0189181f126b1b886e0366994e
Source,0,K562::RPS2+ctrl,RPS2,K562,3,True,outer0/contextK562,4c5496a44b19a805ca2fa0a5ab41f18f9ff42b0189181f126b1b886e0366994e
Source,0,K562::RPS11+ctrl,RPS11,K562,2,True,outer0/contextK562,4c5496a44b19a805ca2fa0a5ab41f18f9ff42b0189181f126b1b886e0366994e
Source,0,K562::RPSA+ctrl,RPSA,K562,2,True,outer0/contextK562,4c5496a44b19a805ca2fa0a5ab41f18f9ff42b0189181f126b1b886e0366994e
Source,0,K562::RSL24D1+ctrl,RSL24D1,K562,2,True,outer0/contextK562,4c5496a44b19a805ca2fa0a5ab41f18f9ff42b0189181f126b1b886e0366994e
Source,0,K562::SBNO1+ctrl,SBNO1,K562,3,True,outer0/contextK562,4c5496a44b19a805ca2fa0a5ab41f18f9ff42b0189181f126b1b886e0366994e
Source,0,K562::SEC61G+ctrl,SEC61G,K562,2,True,outer0/contextK562,4c5496a44b19a805ca2fa0a5ab41f18f9ff42b0189181f126b1b886e0366994e
Source,0,K562::SETD1A+ctrl,SETD1A,K562,3,True,outer0/contextK562,4c5496a44b19a805ca2fa0a5ab41f18f9ff42b0189181f126b1b886e0366994e
Source,0,K562::SFSWAP+ctrl,SFSWAP,K562,3,True,outer0/contextK562,4c5496a44b19a805ca2fa0a5ab41f18f9ff42b0189181f126b1b886e0366994e
Source,0,K562::SLC7A6OS+ctrl,SLC7A6OS,K562,3,True,outer0/contextK562,4c5496a44b19a805ca2fa0a5ab41f18f9ff42b0189181f126b1b886e0366994e
Source,0,K562::SNRPD3+ctrl,SNRPD3,K562,3,True,outer0/contextK562,4c5496a44b19a805ca2fa0a5ab41f18f9ff42b0189181f126b1b886e0366994e
Source,0,K562::SNRPF+ctrl,SNRPF,K562,3,True,outer0/contextK562,4c5496a44b19a805ca2fa0a5ab41f18f9ff42b0189181f126b1b886e0366994e
Source,0,K562::SPCS3+ctrl,SPCS3,K562,3,True,outer0/contextK562,4c5496a44b19a805ca2fa0a5ab41f18f9ff42b0189181f126b1b886e0366994e
Source,0,K562::SRRM1+ctrl,SRRM1,K562,3,True,outer0/contextK562,4c5496a44b19a805ca2fa0a5ab41f18f9ff42b0189181f126b1b886e0366994e
Source,0,K562::SRSF10+ctrl,SRSF10,K562,2,True,outer0/contextK562,4c5496a44b19a805ca2fa0a5ab41f18f9ff42b0189181f126b1b886e0366994e
Source,0,K562::SUGP1+ctrl,SUGP1,K562,3,True,outer0/contextK562,4c5496a44b19a805ca2fa0a5ab41f18f9ff42b0189181f126b1b886e0366994e
Source,0,K562::TAF10+ctrl,TAF10,K562,3,True,outer0/contextK562,4c5496a44b19a805ca2fa0a5ab41f18f9ff42b0189181f126b1b886e0366994e
Source,0,K562::TBCB+ctrl,TBCB,K562,3,True,outer0/contextK562,4c5496a44b19a805ca2fa0a5ab41f18f9ff42b0189181f126b1b886e0366994e
Source,0,K562::THAP11+ctrl,THAP11,K562,3,True,outer0/contextK562,4c5496a44b19a805ca2fa0a5ab41f18f9ff42b0189181f126b1b886e0366994e
Source,0,K562::TIMM9+ctrl,TIMM9,K562,2,True,outer0/contextK562,4c5496a44b19a805ca2fa0a5ab41f18f9ff42b0189181f126b1b886e0366994e
Source,0,K562::TMX2+ctrl,TMX2,K562,3,True,outer0/contextK562,4c5496a44b19a805ca2fa0a5ab41f18f9ff42b0189181f126b1b886e0366994e
Source,0,K562::TPX2+ctrl,TPX2,K562,2,True,outer0/contextK562,4c5496a44b19a805ca2fa0a5ab41f18f9ff42b0189181f126b1b886e0366994e
Source,0,K562::TRMT5+ctrl,TRMT5,K562,3,True,outer0/contextK562,4c5496a44b19a805ca2fa0a5ab41f18f9ff42b0189181f126b1b886e0366994e
Source,0,K562::TSR1+ctrl,TSR1,K562,3,True,outer0/contextK562,4c5496a44b19a805ca2fa0a5ab41f18f9ff42b0189181f126b1b886e0366994e
Source,0,K562::UBA1+ctrl,UBA1,K562,2,True,outer0/contextK562,4c5496a44b19a805ca2fa0a5ab41f18f9ff42b0189181f126b1b886e0366994e
Source,0,K562::UBL5+ctrl,UBL5,K562,3,True,outer0/contextK562,4c5496a44b19a805ca2fa0a5ab41f18f9ff42b0189181f126b1b886e0366994e
Source,0,K562::UBQLN4+ctrl,UBQLN4,K562,3,True,outer0/contextK562,4c5496a44b19a805ca2fa0a5ab41f18f9ff42b0189181f126b1b886e0366994e
Source,0,K562::UQCRFS1+ctrl,UQCRFS1,K562,2,True,outer0/contextK562,4c5496a44b19a805ca2fa0a5ab41f18f9ff42b0189181f126b1b886e0366994e
Source,0,K562::USPL1+ctrl,USPL1,K562,2,True,outer0/contextK562,4c5496a44b19a805ca2fa0a5ab41f18f9ff42b0189181f126b1b886e0366994e
Source,0,K562::UTP20+ctrl,UTP20,K562,3,True,outer0/contextK562,4c5496a44b19a805ca2fa0a5ab41f18f9ff42b0189181f126b1b886e0366994e
Source,0,K562::UXT+ctrl,UXT,K562,3,True,outer0/contextK562,4c5496a44b19a805ca2fa0a5ab41f18f9ff42b0189181f126b1b886e0366994e
Source,0,K562::VPS54+ctrl,VPS54,K562,1,True,outer0/contextK562,4c5496a44b19a805ca2fa0a5ab41f18f9ff42b0189181f126b1b886e0366994e
Source,0,K562::XRN2+ctrl,XRN2,K562,2,True,outer0/contextK562,4c5496a44b19a805ca2fa0a5ab41f18f9ff42b0189181f126b1b886e0366994e
Source,0,K562::ZBTB17+ctrl,ZBTB17,K562,3,True,outer0/contextK562,4c5496a44b19a805ca2fa0a5ab41f18f9ff42b0189181f126b1b886e0366994e
Source,0,RPE1::ACTB+ctrl,ACTB,RPE1,3,True,outer0/contextRPE1,5753dd287ba460c1eeb0fc64114019f423ff0aba0eb8ea4a13cf31482ec14cf0
Source,0,RPE1::AHCTF1+ctrl,AHCTF1,RPE1,3,True,outer0/contextRPE1,5753dd287ba460c1eeb0fc64114019f423ff0aba0eb8ea4a13cf31482ec14cf0
Source,0,RPE1::ALDOA+ctrl,ALDOA,RPE1,2,True,outer0/contextRPE1,5753dd287ba460c1eeb0fc64114019f423ff0aba0eb8ea4a13cf31482ec14cf0
Source,0,RPE1::BCAS2+ctrl,BCAS2,RPE1,1,True,outer0/contextRPE1,5753dd287ba460c1eeb0fc64114019f423ff0aba0eb8ea4a13cf31482ec14cf0
Source,0,RPE1::CD3EAP+ctrl,CD3EAP,RPE1,3,True,outer0/contextRPE1,5753dd287ba460c1eeb0fc64114019f423ff0aba0eb8ea4a13cf31482ec14cf0
Source,0,RPE1::CHEK1+ctrl,CHEK1,RPE1,3,True,outer0/contextRPE1,5753dd287ba460c1eeb0fc64114019f423ff0aba0eb8ea4a13cf31482ec14cf0
Source,0,RPE1::CLNS1A+ctrl,CLNS1A,RPE1,2,True,outer0/contextRPE1,5753dd287ba460c1eeb0fc64114019f423ff0aba0eb8ea4a13cf31482ec14cf0
Source,0,RPE1::COX11+ctrl,COX11,RPE1,3,True,outer0/contextRPE1,5753dd287ba460c1eeb0fc64114019f423ff0aba0eb8ea4a13cf31482ec14cf0
Source,0,RPE1::CSE1L+ctrl,CSE1L,RPE1,3,True,outer0/contextRPE1,5753dd287ba460c1eeb0fc64114019f423ff0aba0eb8ea4a13cf31482ec14cf0
Source,0,RPE1::CUL7+ctrl,CUL7,RPE1,2,True,outer0/contextRPE1,5753dd287ba460c1eeb0fc64114019f423ff0aba0eb8ea4a13cf31482ec14cf0
Source,0,RPE1::DDX23+ctrl,DDX23,RPE1,3,True,outer0/contextRPE1,5753dd287ba460c1eeb0fc64114019f423ff0aba0eb8ea4a13cf31482ec14cf0
Source,0,RPE1::DENR+ctrl,DENR,RPE1,3,True,outer0/contextRPE1,5753dd287ba460c1eeb0fc64114019f423ff0aba0eb8ea4a13cf31482ec14cf0
Source,0,RPE1::DNAJC17+ctrl,DNAJC17,RPE1,3,True,outer0/contextRPE1,5753dd287ba460c1eeb0fc64114019f423ff0aba0eb8ea4a13cf31482ec14cf0
Source,0,RPE1::EBNA1BP2+ctrl,EBNA1BP2,RPE1,3,True,outer0/contextRPE1,5753dd287ba460c1eeb0fc64114019f423ff0aba0eb8ea4a13cf31482ec14cf0
Source,0,RPE1::EIF2S2+ctrl,EIF2S2,RPE1,3,True,outer0/contextRPE1,5753dd287ba460c1eeb0fc64114019f423ff0aba0eb8ea4a13cf31482ec14cf0
Source,0,RPE1::EIF3E+ctrl,EIF3E,RPE1,3,True,outer0/contextRPE1,5753dd287ba460c1eeb0fc64114019f423ff0aba0eb8ea4a13cf31482ec14cf0
Source,0,RPE1::EIF4G2+ctrl,EIF4G2,RPE1,3,True,outer0/contextRPE1,5753dd287ba460c1eeb0fc64114019f423ff0aba0eb8ea4a13cf31482ec14cf0
Source,0,RPE1::EXOC7+ctrl,EXOC7,RPE1,3,True,outer0/contextRPE1,5753dd287ba460c1eeb0fc64114019f423ff0aba0eb8ea4a13cf31482ec14cf0
Source,0,RPE1::EXOSC7+ctrl,EXOSC7,RPE1,3,True,outer0/contextRPE1,5753dd287ba460c1eeb0fc64114019f423ff0aba0eb8ea4a13cf31482ec14cf0
Source,0,RPE1::GFER+ctrl,GFER,RPE1,3,True,outer0/contextRPE1,5753dd287ba460c1eeb0fc64114019f423ff0aba0eb8ea4a13cf31482ec14cf0
Source,0,RPE1::GRSF1+ctrl,GRSF1,RPE1,3,True,outer0/contextRPE1,5753dd287ba460c1eeb0fc64114019f423ff0aba0eb8ea4a13cf31482ec14cf0
Source,0,RPE1::HAUS5+ctrl,HAUS5,RPE1,2,True,outer0/contextRPE1,5753dd287ba460c1eeb0fc64114019f423ff0aba0eb8ea4a13cf31482ec14cf0
Source,0,RPE1::HSCB+ctrl,HSCB,RPE1,2,True,outer0/contextRPE1,5753dd287ba460c1eeb0fc64114019f423ff0aba0eb8ea4a13cf31482ec14cf0
Source,0,RPE1::ILF2+ctrl,ILF2,RPE1,3,True,outer0/contextRPE1,5753dd287ba460c1eeb0fc64114019f423ff0aba0eb8ea4a13cf31482ec14cf0
Source,0,RPE1::IPO9+ctrl,IPO9,RPE1,3,True,outer0/contextRPE1,5753dd287ba460c1eeb0fc64114019f423ff0aba0eb8ea4a13cf31482ec14cf0
Source,0,RPE1::KAT8+ctrl,KAT8,RPE1,3,True,outer0/contextRPE1,5753dd287ba460c1eeb0fc64114019f423ff0aba0eb8ea4a13cf31482ec14cf0
Source,0,RPE1::KPNB1+ctrl,KPNB1,RPE1,2,True,outer0/contextRPE1,5753dd287ba460c1eeb0fc64114019f423ff0aba0eb8ea4a13cf31482ec14cf0
Source,0,RPE1::MAD2L1+ctrl,MAD2L1,RPE1,3,True,outer0/contextRPE1,5753dd287ba460c1eeb0fc64114019f423ff0aba0eb8ea4a13cf31482ec14cf0
Source,0,RPE1::MCM3+ctrl,MCM3,RPE1,3,True,outer0/contextRPE1,5753dd287ba460c1eeb0fc64114019f423ff0aba0eb8ea4a13cf31482ec14cf0
Source,0,RPE1::MCM4+ctrl,MCM4,RPE1,3,True,outer0/contextRPE1,5753dd287ba460c1eeb0fc64114019f423ff0aba0eb8ea4a13cf31482ec14cf0
Source,0,RPE1::MIOS+ctrl,MIOS,RPE1,3,True,outer0/contextRPE1,5753dd287ba460c1eeb0fc64114019f423ff0aba0eb8ea4a13cf31482ec14cf0
Source,0,RPE1::MRGBP+ctrl,MRGBP,RPE1,3,True,outer0/contextRPE1,5753dd287ba460c1eeb0fc64114019f423ff0aba0eb8ea4a13cf31482ec14cf0
Source,0,RPE1::MYBL2+ctrl,MYBL2,RPE1,2,True,outer0/contextRPE1,5753dd287ba460c1eeb0fc64114019f423ff0aba0eb8ea4a13cf31482ec14cf0
Source,0,RPE1::NAA20+ctrl,NAA20,RPE1,3,True,outer0/contextRPE1,5753dd287ba460c1eeb0fc64114019f423ff0aba0eb8ea4a13cf31482ec14cf0
Source,0,RPE1::NELFA+ctrl,NELFA,RPE1,3,True,outer0/contextRPE1,5753dd287ba460c1eeb0fc64114019f423ff0aba0eb8ea4a13cf31482ec14cf0
Source,0,RPE1::NOC3L+ctrl,NOC3L,RPE1,3,True,outer0/contextRPE1,5753dd287ba460c1eeb0fc64114019f423ff0aba0eb8ea4a13cf31482ec14cf0
Source,0,RPE1::NUBP1+ctrl,NUBP1,RPE1,3,True,outer0/contextRPE1,5753dd287ba460c1eeb0fc64114019f423ff0aba0eb8ea4a13cf31482ec14cf0
Source,0,RPE1::NUP54+ctrl,NUP54,RPE1,3,True,outer0/contextRPE1,5753dd287ba460c1eeb0fc64114019f423ff0aba0eb8ea4a13cf31482ec14cf0
Source,0,RPE1::PCID2+ctrl,PCID2,RPE1,3,True,outer0/contextRPE1,5753dd287ba460c1eeb0fc64114019f423ff0aba0eb8ea4a13cf31482ec14cf0
Source,0,RPE1::POLA1+ctrl,POLA1,RPE1,2,True,outer0/contextRPE1,5753dd287ba460c1eeb0fc64114019f423ff0aba0eb8ea4a13cf31482ec14cf0
Source,0,RPE1::POLD2+ctrl,POLD2,RPE1,3,True,outer0/contextRPE1,5753dd287ba460c1eeb0fc64114019f423ff0aba0eb8ea4a13cf31482ec14cf0
Source,0,RPE1::POLD3+ctrl,POLD3,RPE1,2,True,outer0/contextRPE1,5753dd287ba460c1eeb0fc64114019f423ff0aba0eb8ea4a13cf31482ec14cf0
Source,0,RPE1::POP4+ctrl,POP4,RPE1,3,True,outer0/contextRPE1,5753dd287ba460c1eeb0fc64114019f423ff0aba0eb8ea4a13cf31482ec14cf0
Source,0,RPE1::PPP2R1A+ctrl,PPP2R1A,RPE1,3,True,outer0/contextRPE1,5753dd287ba460c1eeb0fc64114019f423ff0aba0eb8ea4a13cf31482ec14cf0
Source,0,RPE1::PSMC1+ctrl,PSMC1,RPE1,3,True,outer0/contextRPE1,5753dd287ba460c1eeb0fc64114019f423ff0aba0eb8ea4a13cf31482ec14cf0
Source,0,RPE1::PTCD1+ctrl,PTCD1,RPE1,3,True,outer0/contextRPE1,5753dd287ba460c1eeb0fc64114019f423ff0aba0eb8ea4a13cf31482ec14cf0
Source,0,RPE1::RABGGTA+ctrl,RABGGTA,RPE1,3,True,outer0/contextRPE1,5753dd287ba460c1eeb0fc64114019f423ff0aba0eb8ea4a13cf31482ec14cf0
Source,0,RPE1::RAD21+ctrl,RAD21,RPE1,2,True,outer0/contextRPE1,5753dd287ba460c1eeb0fc64114019f423ff0aba0eb8ea4a13cf31482ec14cf0
Source,0,RPE1::RBM39+ctrl,RBM39,RPE1,2,True,outer0/contextRPE1,5753dd287ba460c1eeb0fc64114019f423ff0aba0eb8ea4a13cf31482ec14cf0
Source,0,RPE1::RNASEH2C+ctrl,RNASEH2C,RPE1,3,True,outer0/contextRPE1,5753dd287ba460c1eeb0fc64114019f423ff0aba0eb8ea4a13cf31482ec14cf0
Source,0,RPE1::RPA1+ctrl,RPA1,RPE1,2,True,outer0/contextRPE1,5753dd287ba460c1eeb0fc64114019f423ff0aba0eb8ea4a13cf31482ec14cf0
Source,0,RPE1::RPL9+ctrl,RPL9,RPE1,3,True,outer0/contextRPE1,5753dd287ba460c1eeb0fc64114019f423ff0aba0eb8ea4a13cf31482ec14cf0
Source,0,RPE1::RPL10+ctrl,RPL10,RPE1,3,True,outer0/contextRPE1,5753dd287ba460c1eeb0fc64114019f423ff0aba0eb8ea4a13cf31482ec14cf0
Source,0,RPE1::RPL17+ctrl,RPL17,RPE1,3,True,outer0/contextRPE1,5753dd287ba460c1eeb0fc64114019f423ff0aba0eb8ea4a13cf31482ec14cf0
Source,0,RPE1::RPP30+ctrl,RPP30,RPE1,3,True,outer0/contextRPE1,5753dd287ba460c1eeb0fc64114019f423ff0aba0eb8ea4a13cf31482ec14cf0
Source,0,RPE1::RPS2+ctrl,RPS2,RPE1,3,True,outer0/contextRPE1,5753dd287ba460c1eeb0fc64114019f423ff0aba0eb8ea4a13cf31482ec14cf0
Source,0,RPE1::SBNO1+ctrl,SBNO1,RPE1,3,True,outer0/contextRPE1,5753dd287ba460c1eeb0fc64114019f423ff0aba0eb8ea4a13cf31482ec14cf0
Source,0,RPE1::SETD1A+ctrl,SETD1A,RPE1,3,True,outer0/contextRPE1,5753dd287ba460c1eeb0fc64114019f423ff0aba0eb8ea4a13cf31482ec14cf0
Source,0,RPE1::SLC7A6OS+ctrl,SLC7A6OS,RPE1,3,True,outer0/contextRPE1,5753dd287ba460c1eeb0fc64114019f423ff0aba0eb8ea4a13cf31482ec14cf0
Source,0,RPE1::SNRPD3+ctrl,SNRPD3,RPE1,3,True,outer0/contextRPE1,5753dd287ba460c1eeb0fc64114019f423ff0aba0eb8ea4a13cf31482ec14cf0
Source,0,RPE1::SNRPF+ctrl,SNRPF,RPE1,3,True,outer0/contextRPE1,5753dd287ba460c1eeb0fc64114019f423ff0aba0eb8ea4a13cf31482ec14cf0
Source,0,RPE1::SPCS3+ctrl,SPCS3,RPE1,3,True,outer0/contextRPE1,5753dd287ba460c1eeb0fc64114019f423ff0aba0eb8ea4a13cf31482ec14cf0
Source,0,RPE1::SRRM1+ctrl,SRRM1,RPE1,3,True,outer0/contextRPE1,5753dd287ba460c1eeb0fc64114019f423ff0aba0eb8ea4a13cf31482ec14cf0
Source,0,RPE1::SRSF10+ctrl,SRSF10,RPE1,2,True,outer0/contextRPE1,5753dd287ba460c1eeb0fc64114019f423ff0aba0eb8ea4a13cf31482ec14cf0
Source,0,RPE1::TBCB+ctrl,TBCB,RPE1,3,True,outer0/contextRPE1,5753dd287ba460c1eeb0fc64114019f423ff0aba0eb8ea4a13cf31482ec14cf0
Source,0,RPE1::THAP11+ctrl,THAP11,RPE1,3,True,outer0/contextRPE1,5753dd287ba460c1eeb0fc64114019f423ff0aba0eb8ea4a13cf31482ec14cf0
Source,0,RPE1::TIMM9+ctrl,TIMM9,RPE1,2,True,outer0/contextRPE1,5753dd287ba460c1eeb0fc64114019f423ff0aba0eb8ea4a13cf31482ec14cf0
Source,0,RPE1::TMX2+ctrl,TMX2,RPE1,3,True,outer0/contextRPE1,5753dd287ba460c1eeb0fc64114019f423ff0aba0eb8ea4a13cf31482ec14cf0
Source,0,RPE1::TRMT5+ctrl,TRMT5,RPE1,3,True,outer0/contextRPE1,5753dd287ba460c1eeb0fc64114019f423ff0aba0eb8ea4a13cf31482ec14cf0
Source,0,RPE1::TSR1+ctrl,TSR1,RPE1,3,True,outer0/contextRPE1,5753dd287ba460c1eeb0fc64114019f423ff0aba0eb8ea4a13cf31482ec14cf0
Source,0,RPE1::UBA1+ctrl,UBA1,RPE1,2,True,outer0/contextRPE1,5753dd287ba460c1eeb0fc64114019f423ff0aba0eb8ea4a13cf31482ec14cf0
Source,0,RPE1::UBL5+ctrl,UBL5,RPE1,3,True,outer0/contextRPE1,5753dd287ba460c1eeb0fc64114019f423ff0aba0eb8ea4a13cf31482ec14cf0
Source,0,RPE1::UBQLN4+ctrl,UBQLN4,RPE1,3,True,outer0/contextRPE1,5753dd287ba460c1eeb0fc64114019f423ff0aba0eb8ea4a13cf31482ec14cf0
Source,0,RPE1::USPL1+ctrl,USPL1,RPE1,2,True,outer0/contextRPE1,5753dd287ba460c1eeb0fc64114019f423ff0aba0eb8ea4a13cf31482ec14cf0
Source,0,RPE1::UTP20+ctrl,UTP20,RPE1,3,True,outer0/contextRPE1,5753dd287ba460c1eeb0fc64114019f423ff0aba0eb8ea4a13cf31482ec14cf0
Source,0,RPE1::UXT+ctrl,UXT,RPE1,3,True,outer0/contextRPE1,5753dd287ba460c1eeb0fc64114019f423ff0aba0eb8ea4a13cf31482ec14cf0
Source,0,RPE1::VPS54+ctrl,VPS54,RPE1,1,True,outer0/contextRPE1,5753dd287ba460c1eeb0fc64114019f423ff0aba0eb8ea4a13cf31482ec14cf0
Source,0,RPE1::ZBTB17+ctrl,ZBTB17,RPE1,3,True,outer0/contextRPE1,5753dd287ba460c1eeb0fc64114019f423ff0aba0eb8ea4a13cf31482ec14cf0
Source,0,hepg2::ACTB+ctrl,ACTB,hepg2,3,True,outer0/contexthepg2,40bc507bfe90f3d9e95d707509b4beda5f94a983462ea21acb76d32c769c1bcf
Source,0,hepg2::AHCTF1+ctrl,AHCTF1,hepg2,3,True,outer0/contexthepg2,40bc507bfe90f3d9e95d707509b4beda5f94a983462ea21acb76d32c769c1bcf
Source,0,hepg2::BYSL+ctrl,BYSL,hepg2,2,True,outer0/contexthepg2,40bc507bfe90f3d9e95d707509b4beda5f94a983462ea21acb76d32c769c1bcf
Source,0,hepg2::CD3EAP+ctrl,CD3EAP,hepg2,3,True,outer0/contexthepg2,40bc507bfe90f3d9e95d707509b4beda5f94a983462ea21acb76d32c769c1bcf
Source,0,hepg2::CHEK1+ctrl,CHEK1,hepg2,3,True,outer0/contexthepg2,40bc507bfe90f3d9e95d707509b4beda5f94a983462ea21acb76d32c769c1bcf
Source,0,hepg2::COX11+ctrl,COX11,hepg2,3,True,outer0/contexthepg2,40bc507bfe90f3d9e95d707509b4beda5f94a983462ea21acb76d32c769c1bcf
Source,0,hepg2::CSE1L+ctrl,CSE1L,hepg2,3,True,outer0/contexthepg2,40bc507bfe90f3d9e95d707509b4beda5f94a983462ea21acb76d32c769c1bcf
Source,0,hepg2::CUL7+ctrl,CUL7,hepg2,2,True,outer0/contexthepg2,40bc507bfe90f3d9e95d707509b4beda5f94a983462ea21acb76d32c769c1bcf
Source,0,hepg2::CWC22+ctrl,CWC22,hepg2,1,True,outer0/contexthepg2,40bc507bfe90f3d9e95d707509b4beda5f94a983462ea21acb76d32c769c1bcf
Source,0,hepg2::DAP3+ctrl,DAP3,hepg2,2,True,outer0/contexthepg2,40bc507bfe90f3d9e95d707509b4beda5f94a983462ea21acb76d32c769c1bcf
Source,0,hepg2::DDX23+ctrl,DDX23,hepg2,3,True,outer0/contexthepg2,40bc507bfe90f3d9e95d707509b4beda5f94a983462ea21acb76d32c769c1bcf
Source,0,hepg2::DENR+ctrl,DENR,hepg2,3,True,outer0/contexthepg2,40bc507bfe90f3d9e95d707509b4beda5f94a983462ea21acb76d32c769c1bcf
Source,0,hepg2::DKC1+ctrl,DKC1,hepg2,3,True,outer0/contexthepg2,40bc507bfe90f3d9e95d707509b4beda5f94a983462ea21acb76d32c769c1bcf
Source,0,hepg2::DNAJC17+ctrl,DNAJC17,hepg2,3,True,outer0/contexthepg2,40bc507bfe90f3d9e95d707509b4beda5f94a983462ea21acb76d32c769c1bcf
Source,0,hepg2::EBNA1BP2+ctrl,EBNA1BP2,hepg2,3,True,outer0/contexthepg2,40bc507bfe90f3d9e95d707509b4beda5f94a983462ea21acb76d32c769c1bcf
Source,0,hepg2::EIF2S2+ctrl,EIF2S2,hepg2,3,True,outer0/contexthepg2,40bc507bfe90f3d9e95d707509b4beda5f94a983462ea21acb76d32c769c1bcf
Source,0,hepg2::EIF4G2+ctrl,EIF4G2,hepg2,3,True,outer0/contexthepg2,40bc507bfe90f3d9e95d707509b4beda5f94a983462ea21acb76d32c769c1bcf
Source,0,hepg2::EXOC7+ctrl,EXOC7,hepg2,3,True,outer0/contexthepg2,40bc507bfe90f3d9e95d707509b4beda5f94a983462ea21acb76d32c769c1bcf
Source,0,hepg2::EXOSC7+ctrl,EXOSC7,hepg2,3,True,outer0/contexthepg2,40bc507bfe90f3d9e95d707509b4beda5f94a983462ea21acb76d32c769c1bcf
Source,0,hepg2::GFER+ctrl,GFER,hepg2,3,True,outer0/contexthepg2,40bc507bfe90f3d9e95d707509b4beda5f94a983462ea21acb76d32c769c1bcf
Source,0,hepg2::GNL3L+ctrl,GNL3L,hepg2,2,True,outer0/contexthepg2,40bc507bfe90f3d9e95d707509b4beda5f94a983462ea21acb76d32c769c1bcf
Source,0,hepg2::GRSF1+ctrl,GRSF1,hepg2,3,True,outer0/contexthepg2,40bc507bfe90f3d9e95d707509b4beda5f94a983462ea21acb76d32c769c1bcf
Source,0,hepg2::ILF2+ctrl,ILF2,hepg2,3,True,outer0/contexthepg2,40bc507bfe90f3d9e95d707509b4beda5f94a983462ea21acb76d32c769c1bcf
Source,0,hepg2::IPO9+ctrl,IPO9,hepg2,3,True,outer0/contexthepg2,40bc507bfe90f3d9e95d707509b4beda5f94a983462ea21acb76d32c769c1bcf
Source,0,hepg2::ISG20L2+ctrl,ISG20L2,hepg2,2,True,outer0/contexthepg2,40bc507bfe90f3d9e95d707509b4beda5f94a983462ea21acb76d32c769c1bcf
Source,0,hepg2::KAT8+ctrl,KAT8,hepg2,3,True,outer0/contexthepg2,40bc507bfe90f3d9e95d707509b4beda5f94a983462ea21acb76d32c769c1bcf
Source,0,hepg2::KPNB1+ctrl,KPNB1,hepg2,2,True,outer0/contexthepg2,40bc507bfe90f3d9e95d707509b4beda5f94a983462ea21acb76d32c769c1bcf
Source,0,hepg2::MAD2L1+ctrl,MAD2L1,hepg2,3,True,outer0/contexthepg2,40bc507bfe90f3d9e95d707509b4beda5f94a983462ea21acb76d32c769c1bcf
Source,0,hepg2::MCM3+ctrl,MCM3,hepg2,3,True,outer0/contexthepg2,40bc507bfe90f3d9e95d707509b4beda5f94a983462ea21acb76d32c769c1bcf
Source,0,hepg2::MED17+ctrl,MED17,hepg2,2,True,outer0/contexthepg2,40bc507bfe90f3d9e95d707509b4beda5f94a983462ea21acb76d32c769c1bcf
Source,0,hepg2::MIOS+ctrl,MIOS,hepg2,3,True,outer0/contexthepg2,40bc507bfe90f3d9e95d707509b4beda5f94a983462ea21acb76d32c769c1bcf
Source,0,hepg2::MRGBP+ctrl,MRGBP,hepg2,3,True,outer0/contexthepg2,40bc507bfe90f3d9e95d707509b4beda5f94a983462ea21acb76d32c769c1bcf
Source,0,hepg2::MRPL3+ctrl,MRPL3,hepg2,2,True,outer0/contexthepg2,40bc507bfe90f3d9e95d707509b4beda5f94a983462ea21acb76d32c769c1bcf
Source,0,hepg2::MRPL37+ctrl,MRPL37,hepg2,2,True,outer0/contexthepg2,40bc507bfe90f3d9e95d707509b4beda5f94a983462ea21acb76d32c769c1bcf
Source,0,hepg2::MRPL54+ctrl,MRPL54,hepg2,1,True,outer0/contexthepg2,40bc507bfe90f3d9e95d707509b4beda5f94a983462ea21acb76d32c769c1bcf
Source,0,hepg2::MRPS23+ctrl,MRPS23,hepg2,2,True,outer0/contexthepg2,40bc507bfe90f3d9e95d707509b4beda5f94a983462ea21acb76d32c769c1bcf
Source,0,hepg2::MYBL2+ctrl,MYBL2,hepg2,2,True,outer0/contexthepg2,40bc507bfe90f3d9e95d707509b4beda5f94a983462ea21acb76d32c769c1bcf
Source,0,hepg2::MZT1+ctrl,MZT1,hepg2,2,True,outer0/contexthepg2,40bc507bfe90f3d9e95d707509b4beda5f94a983462ea21acb76d32c769c1bcf
Source,0,hepg2::NAA20+ctrl,NAA20,hepg2,3,True,outer0/contexthepg2,40bc507bfe90f3d9e95d707509b4beda5f94a983462ea21acb76d32c769c1bcf
Source,0,hepg2::NDUFA2+ctrl,NDUFA2,hepg2,2,True,outer0/contexthepg2,40bc507bfe90f3d9e95d707509b4beda5f94a983462ea21acb76d32c769c1bcf
Source,0,hepg2::NDUFB4+ctrl,NDUFB4,hepg2,2,True,outer0/contexthepg2,40bc507bfe90f3d9e95d707509b4beda5f94a983462ea21acb76d32c769c1bcf
Source,0,hepg2::NELFA+ctrl,NELFA,hepg2,3,True,outer0/contexthepg2,40bc507bfe90f3d9e95d707509b4beda5f94a983462ea21acb76d32c769c1bcf
Source,0,hepg2::NOC3L+ctrl,NOC3L,hepg2,3,True,outer0/contexthepg2,40bc507bfe90f3d9e95d707509b4beda5f94a983462ea21acb76d32c769c1bcf
Source,0,hepg2::NUP54+ctrl,NUP54,hepg2,3,True,outer0/contexthepg2,40bc507bfe90f3d9e95d707509b4beda5f94a983462ea21acb76d32c769c1bcf
Source,0,hepg2::PCID2+ctrl,PCID2,hepg2,3,True,outer0/contexthepg2,40bc507bfe90f3d9e95d707509b4beda5f94a983462ea21acb76d32c769c1bcf
Source,0,hepg2::POLA1+ctrl,POLA1,hepg2,2,True,outer0/contexthepg2,40bc507bfe90f3d9e95d707509b4beda5f94a983462ea21acb76d32c769c1bcf
Source,0,hepg2::POLD2+ctrl,POLD2,hepg2,3,True,outer0/contexthepg2,40bc507bfe90f3d9e95d707509b4beda5f94a983462ea21acb76d32c769c1bcf
Source,0,hepg2::POLR2G+ctrl,POLR2G,hepg2,1,True,outer0/contexthepg2,40bc507bfe90f3d9e95d707509b4beda5f94a983462ea21acb76d32c769c1bcf
Source,0,hepg2::POP4+ctrl,POP4,hepg2,3,True,outer0/contexthepg2,40bc507bfe90f3d9e95d707509b4beda5f94a983462ea21acb76d32c769c1bcf
Source,0,hepg2::PPP2R1A+ctrl,PPP2R1A,hepg2,3,True,outer0/contexthepg2,40bc507bfe90f3d9e95d707509b4beda5f94a983462ea21acb76d32c769c1bcf
Source,0,hepg2::PSMC1+ctrl,PSMC1,hepg2,3,True,outer0/contexthepg2,40bc507bfe90f3d9e95d707509b4beda5f94a983462ea21acb76d32c769c1bcf
Source,0,hepg2::PTCD1+ctrl,PTCD1,hepg2,3,True,outer0/contexthepg2,40bc507bfe90f3d9e95d707509b4beda5f94a983462ea21acb76d32c769c1bcf
Source,0,hepg2::RABGGTA+ctrl,RABGGTA,hepg2,3,True,outer0/contexthepg2,40bc507bfe90f3d9e95d707509b4beda5f94a983462ea21acb76d32c769c1bcf
Source,0,hepg2::RBM39+ctrl,RBM39,hepg2,2,True,outer0/contexthepg2,40bc507bfe90f3d9e95d707509b4beda5f94a983462ea21acb76d32c769c1bcf
Source,0,hepg2::RNASEH2C+ctrl,RNASEH2C,hepg2,3,True,outer0/contexthepg2,40bc507bfe90f3d9e95d707509b4beda5f94a983462ea21acb76d32c769c1bcf
Source,0,hepg2::RPA1+ctrl,RPA1,hepg2,2,True,outer0/contexthepg2,40bc507bfe90f3d9e95d707509b4beda5f94a983462ea21acb76d32c769c1bcf
Source,0,hepg2::RPAP2+ctrl,RPAP2,hepg2,1,True,outer0/contexthepg2,40bc507bfe90f3d9e95d707509b4beda5f94a983462ea21acb76d32c769c1bcf
Source,0,hepg2::RPL9+ctrl,RPL9,hepg2,3,True,outer0/contexthepg2,40bc507bfe90f3d9e95d707509b4beda5f94a983462ea21acb76d32c769c1bcf
Source,0,hepg2::RPL10+ctrl,RPL10,hepg2,3,True,outer0/contexthepg2,40bc507bfe90f3d9e95d707509b4beda5f94a983462ea21acb76d32c769c1bcf
Source,0,hepg2::RPL17+ctrl,RPL17,hepg2,3,True,outer0/contexthepg2,40bc507bfe90f3d9e95d707509b4beda5f94a983462ea21acb76d32c769c1bcf
Source,0,hepg2::RPP30+ctrl,RPP30,hepg2,3,True,outer0/contexthepg2,40bc507bfe90f3d9e95d707509b4beda5f94a983462ea21acb76d32c769c1bcf
Source,0,hepg2::RPS2+ctrl,RPS2,hepg2,3,True,outer0/contexthepg2,40bc507bfe90f3d9e95d707509b4beda5f94a983462ea21acb76d32c769c1bcf
Source,0,hepg2::RPS11+ctrl,RPS11,hepg2,2,True,outer0/contexthepg2,40bc507bfe90f3d9e95d707509b4beda5f94a983462ea21acb76d32c769c1bcf
Source,0,hepg2::RPSA+ctrl,RPSA,hepg2,2,True,outer0/contexthepg2,40bc507bfe90f3d9e95d707509b4beda5f94a983462ea21acb76d32c769c1bcf
Source,0,hepg2::RSL24D1+ctrl,RSL24D1,hepg2,2,True,outer0/contexthepg2,40bc507bfe90f3d9e95d707509b4beda5f94a983462ea21acb76d32c769c1bcf
Source,0,hepg2::SBNO1+ctrl,SBNO1,hepg2,3,True,outer0/contexthepg2,40bc507bfe90f3d9e95d707509b4beda5f94a983462ea21acb76d32c769c1bcf
Source,0,hepg2::SEC61G+ctrl,SEC61G,hepg2,2,True,outer0/contexthepg2,40bc507bfe90f3d9e95d707509b4beda5f94a983462ea21acb76d32c769c1bcf
Source,0,hepg2::SETD1A+ctrl,SETD1A,hepg2,3,True,outer0/contexthepg2,40bc507bfe90f3d9e95d707509b4beda5f94a983462ea21acb76d32c769c1bcf
Source,0,hepg2::SLC7A6OS+ctrl,SLC7A6OS,hepg2,3,True,outer0/contexthepg2,40bc507bfe90f3d9e95d707509b4beda5f94a983462ea21acb76d32c769c1bcf
Source,0,hepg2::SNRPD3+ctrl,SNRPD3,hepg2,3,True,outer0/contexthepg2,40bc507bfe90f3d9e95d707509b4beda5f94a983462ea21acb76d32c769c1bcf
Source,0,hepg2::SPCS3+ctrl,SPCS3,hepg2,3,True,outer0/contexthepg2,40bc507bfe90f3d9e95d707509b4beda5f94a983462ea21acb76d32c769c1bcf
Source,0,hepg2::SRRM1+ctrl,SRRM1,hepg2,3,True,outer0/contexthepg2,40bc507bfe90f3d9e95d707509b4beda5f94a983462ea21acb76d32c769c1bcf
Source,0,hepg2::TAF10+ctrl,TAF10,hepg2,3,True,outer0/contexthepg2,40bc507bfe90f3d9e95d707509b4beda5f94a983462ea21acb76d32c769c1bcf
Source,0,hepg2::TBCB+ctrl,TBCB,hepg2,3,True,outer0/contexthepg2,40bc507bfe90f3d9e95d707509b4beda5f94a983462ea21acb76d32c769c1bcf
Source,0,hepg2::THAP11+ctrl,THAP11,hepg2,3,True,outer0/contexthepg2,40bc507bfe90f3d9e95d707509b4beda5f94a983462ea21acb76d32c769c1bcf
Source,0,hepg2::TIMM9+ctrl,TIMM9,hepg2,2,True,outer0/contexthepg2,40bc507bfe90f3d9e95d707509b4beda5f94a983462ea21acb76d32c769c1bcf
Source,0,hepg2::TMX2+ctrl,TMX2,hepg2,3,True,outer0/contexthepg2,40bc507bfe90f3d9e95d707509b4beda5f94a983462ea21acb76d32c769c1bcf
Source,0,hepg2::TPX2+ctrl,TPX2,hepg2,2,True,outer0/contexthepg2,40bc507bfe90f3d9e95d707509b4beda5f94a983462ea21acb76d32c769c1bcf
Source,0,hepg2::TRMT5+ctrl,TRMT5,hepg2,3,True,outer0/contexthepg2,40bc507bfe90f3d9e95d707509b4beda5f94a983462ea21acb76d32c769c1bcf
Source,0,hepg2::TSR1+ctrl,TSR1,hepg2,3,True,outer0/contexthepg2,40bc507bfe90f3d9e95d707509b4beda5f94a983462ea21acb76d32c769c1bcf
Source,0,hepg2::UBA1+ctrl,UBA1,hepg2,2,True,outer0/contexthepg2,40bc507bfe90f3d9e95d707509b4beda5f94a983462ea21acb76d32c769c1bcf
Source,0,hepg2::UBL5+ctrl,UBL5,hepg2,3,True,outer0/contexthepg2,40bc507bfe90f3d9e95d707509b4beda5f94a983462ea21acb76d32c769c1bcf
Source,0,hepg2::UBQLN4+ctrl,UBQLN4,hepg2,3,True,outer0/contexthepg2,40bc507bfe90f3d9e95d707509b4beda5f94a983462ea21acb76d32c769c1bcf
Source,0,hepg2::UTP20+ctrl,UTP20,hepg2,3,True,outer0/contexthepg2,40bc507bfe90f3d9e95d707509b4beda5f94a983462ea21acb76d32c769c1bcf
Source,0,hepg2::UXT+ctrl,UXT,hepg2,3,True,outer0/contexthepg2,40bc507bfe90f3d9e95d707509b4beda5f94a983462ea21acb76d32c769c1bcf
Source,0,hepg2::XRN2+ctrl,XRN2,hepg2,2,True,outer0/contexthepg2,40bc507bfe90f3d9e95d707509b4beda5f94a983462ea21acb76d32c769c1bcf
Source,0,hepg2::ZBTB17+ctrl,ZBTB17,hepg2,3,True,outer0/contexthepg2,40bc507bfe90f3d9e95d707509b4beda5f94a983462ea21acb76d32c769c1bcf
Source,0,jurkat::AAMP+ctrl,AAMP,jurkat,1,True,outer0/contextjurkat,6c2817f210d3baa81f9a58fae5723d552d505c062c1d7985a7a37757735c59ab
Source,0,jurkat::ACTB+ctrl,ACTB,jurkat,3,True,outer0/contextjurkat,6c2817f210d3baa81f9a58fae5723d552d505c062c1d7985a7a37757735c59ab
Source,0,jurkat::ALDOA+ctrl,ALDOA,jurkat,2,True,outer0/contextjurkat,6c2817f210d3baa81f9a58fae5723d552d505c062c1d7985a7a37757735c59ab
Source,0,jurkat::BYSL+ctrl,BYSL,jurkat,2,True,outer0/contextjurkat,6c2817f210d3baa81f9a58fae5723d552d505c062c1d7985a7a37757735c59ab
Source,0,jurkat::CD3EAP+ctrl,CD3EAP,jurkat,3,True,outer0/contextjurkat,6c2817f210d3baa81f9a58fae5723d552d505c062c1d7985a7a37757735c59ab
Source,0,jurkat::CLNS1A+ctrl,CLNS1A,jurkat,2,True,outer0/contextjurkat,6c2817f210d3baa81f9a58fae5723d552d505c062c1d7985a7a37757735c59ab
Source,0,jurkat::COX11+ctrl,COX11,jurkat,3,True,outer0/contextjurkat,6c2817f210d3baa81f9a58fae5723d552d505c062c1d7985a7a37757735c59ab
Source,0,jurkat::CSE1L+ctrl,CSE1L,jurkat,3,True,outer0/contextjurkat,6c2817f210d3baa81f9a58fae5723d552d505c062c1d7985a7a37757735c59ab
Source,0,jurkat::CSNK1A1+ctrl,CSNK1A1,jurkat,2,True,outer0/contextjurkat,6c2817f210d3baa81f9a58fae5723d552d505c062c1d7985a7a37757735c59ab
Source,0,jurkat::DAP3+ctrl,DAP3,jurkat,2,True,outer0/contextjurkat,6c2817f210d3baa81f9a58fae5723d552d505c062c1d7985a7a37757735c59ab
Source,0,jurkat::DDX23+ctrl,DDX23,jurkat,3,True,outer0/contextjurkat,6c2817f210d3baa81f9a58fae5723d552d505c062c1d7985a7a37757735c59ab
Source,0,jurkat::DENR+ctrl,DENR,jurkat,3,True,outer0/contextjurkat,6c2817f210d3baa81f9a58fae5723d552d505c062c1d7985a7a37757735c59ab
Source,0,jurkat::DKC1+ctrl,DKC1,jurkat,3,True,outer0/contextjurkat,6c2817f210d3baa81f9a58fae5723d552d505c062c1d7985a7a37757735c59ab
Source,0,jurkat::DNAJC17+ctrl,DNAJC17,jurkat,3,True,outer0/contextjurkat,6c2817f210d3baa81f9a58fae5723d552d505c062c1d7985a7a37757735c59ab
Source,0,jurkat::EBNA1BP2+ctrl,EBNA1BP2,jurkat,3,True,outer0/contextjurkat,6c2817f210d3baa81f9a58fae5723d552d505c062c1d7985a7a37757735c59ab
Source,0,jurkat::EIF3E+ctrl,EIF3E,jurkat,3,True,outer0/contextjurkat,6c2817f210d3baa81f9a58fae5723d552d505c062c1d7985a7a37757735c59ab
Source,0,jurkat::EIF4G2+ctrl,EIF4G2,jurkat,3,True,outer0/contextjurkat,6c2817f210d3baa81f9a58fae5723d552d505c062c1d7985a7a37757735c59ab
Source,0,jurkat::EXOC7+ctrl,EXOC7,jurkat,3,True,outer0/contextjurkat,6c2817f210d3baa81f9a58fae5723d552d505c062c1d7985a7a37757735c59ab
Source,0,jurkat::EXOSC7+ctrl,EXOSC7,jurkat,3,True,outer0/contextjurkat,6c2817f210d3baa81f9a58fae5723d552d505c062c1d7985a7a37757735c59ab
Source,0,jurkat::FBL+ctrl,FBL,jurkat,2,True,outer0/contextjurkat,6c2817f210d3baa81f9a58fae5723d552d505c062c1d7985a7a37757735c59ab
Source,0,jurkat::GFER+ctrl,GFER,jurkat,3,True,outer0/contextjurkat,6c2817f210d3baa81f9a58fae5723d552d505c062c1d7985a7a37757735c59ab
Source,0,jurkat::GNL3L+ctrl,GNL3L,jurkat,2,True,outer0/contextjurkat,6c2817f210d3baa81f9a58fae5723d552d505c062c1d7985a7a37757735c59ab
Source,0,jurkat::GRSF1+ctrl,GRSF1,jurkat,3,True,outer0/contextjurkat,6c2817f210d3baa81f9a58fae5723d552d505c062c1d7985a7a37757735c59ab
Source,0,jurkat::HSCB+ctrl,HSCB,jurkat,2,True,outer0/contextjurkat,6c2817f210d3baa81f9a58fae5723d552d505c062c1d7985a7a37757735c59ab
Source,0,jurkat::ILF2+ctrl,ILF2,jurkat,3,True,outer0/contextjurkat,6c2817f210d3baa81f9a58fae5723d552d505c062c1d7985a7a37757735c59ab
Source,0,jurkat::IPO9+ctrl,IPO9,jurkat,3,True,outer0/contextjurkat,6c2817f210d3baa81f9a58fae5723d552d505c062c1d7985a7a37757735c59ab
Source,0,jurkat::ISG20L2+ctrl,ISG20L2,jurkat,2,True,outer0/contextjurkat,6c2817f210d3baa81f9a58fae5723d552d505c062c1d7985a7a37757735c59ab
Source,0,jurkat::KAT8+ctrl,KAT8,jurkat,3,True,outer0/contextjurkat,6c2817f210d3baa81f9a58fae5723d552d505c062c1d7985a7a37757735c59ab
Source,0,jurkat::KIF20A+ctrl,KIF20A,jurkat,1,True,outer0/contextjurkat,6c2817f210d3baa81f9a58fae5723d552d505c062c1d7985a7a37757735c59ab
Source,0,jurkat::MAD2L1+ctrl,MAD2L1,jurkat,3,True,outer0/contextjurkat,6c2817f210d3baa81f9a58fae5723d552d505c062c1d7985a7a37757735c59ab
Source,0,jurkat::MCM3+ctrl,MCM3,jurkat,3,True,outer0/contextjurkat,6c2817f210d3baa81f9a58fae5723d552d505c062c1d7985a7a37757735c59ab
Source,0,jurkat::MCM4+ctrl,MCM4,jurkat,3,True,outer0/contextjurkat,6c2817f210d3baa81f9a58fae5723d552d505c062c1d7985a7a37757735c59ab
Source,0,jurkat::MED10+ctrl,MED10,jurkat,1,True,outer0/contextjurkat,6c2817f210d3baa81f9a58fae5723d552d505c062c1d7985a7a37757735c59ab
Source,0,jurkat::MED17+ctrl,MED17,jurkat,2,True,outer0/contextjurkat,6c2817f210d3baa81f9a58fae5723d552d505c062c1d7985a7a37757735c59ab
Source,0,jurkat::MIOS+ctrl,MIOS,jurkat,3,True,outer0/contextjurkat,6c2817f210d3baa81f9a58fae5723d552d505c062c1d7985a7a37757735c59ab
Source,0,jurkat::MRGBP+ctrl,MRGBP,jurkat,3,True,outer0/contextjurkat,6c2817f210d3baa81f9a58fae5723d552d505c062c1d7985a7a37757735c59ab
Source,0,jurkat::MRPL3+ctrl,MRPL3,jurkat,2,True,outer0/contextjurkat,6c2817f210d3baa81f9a58fae5723d552d505c062c1d7985a7a37757735c59ab
Source,0,jurkat::MRPL37+ctrl,MRPL37,jurkat,2,True,outer0/contextjurkat,6c2817f210d3baa81f9a58fae5723d552d505c062c1d7985a7a37757735c59ab
Source,0,jurkat::MRPS23+ctrl,MRPS23,jurkat,2,True,outer0/contextjurkat,6c2817f210d3baa81f9a58fae5723d552d505c062c1d7985a7a37757735c59ab
Source,0,jurkat::NAA20+ctrl,NAA20,jurkat,3,True,outer0/contextjurkat,6c2817f210d3baa81f9a58fae5723d552d505c062c1d7985a7a37757735c59ab
Source,0,jurkat::NDUFB4+ctrl,NDUFB4,jurkat,2,True,outer0/contextjurkat,6c2817f210d3baa81f9a58fae5723d552d505c062c1d7985a7a37757735c59ab
Source,0,jurkat::NELFA+ctrl,NELFA,jurkat,3,True,outer0/contextjurkat,6c2817f210d3baa81f9a58fae5723d552d505c062c1d7985a7a37757735c59ab
Source,0,jurkat::NOC3L+ctrl,NOC3L,jurkat,3,True,outer0/contextjurkat,6c2817f210d3baa81f9a58fae5723d552d505c062c1d7985a7a37757735c59ab
Source,0,jurkat::PCID2+ctrl,PCID2,jurkat,3,True,outer0/contextjurkat,6c2817f210d3baa81f9a58fae5723d552d505c062c1d7985a7a37757735c59ab
Source,0,jurkat::POLD2+ctrl,POLD2,jurkat,3,True,outer0/contextjurkat,6c2817f210d3baa81f9a58fae5723d552d505c062c1d7985a7a37757735c59ab
Source,0,jurkat::POLD3+ctrl,POLD3,jurkat,2,True,outer0/contextjurkat,6c2817f210d3baa81f9a58fae5723d552d505c062c1d7985a7a37757735c59ab
Source,0,jurkat::POLR1B+ctrl,POLR1B,jurkat,1,True,outer0/contextjurkat,6c2817f210d3baa81f9a58fae5723d552d505c062c1d7985a7a37757735c59ab
Source,0,jurkat::POP4+ctrl,POP4,jurkat,3,True,outer0/contextjurkat,6c2817f210d3baa81f9a58fae5723d552d505c062c1d7985a7a37757735c59ab
Source,0,jurkat::PPP2R1A+ctrl,PPP2R1A,jurkat,3,True,outer0/contextjurkat,6c2817f210d3baa81f9a58fae5723d552d505c062c1d7985a7a37757735c59ab
Source,0,jurkat::PTCD1+ctrl,PTCD1,jurkat,3,True,outer0/contextjurkat,6c2817f210d3baa81f9a58fae5723d552d505c062c1d7985a7a37757735c59ab
Source,0,jurkat::RABGGTA+ctrl,RABGGTA,jurkat,3,True,outer0/contextjurkat,6c2817f210d3baa81f9a58fae5723d552d505c062c1d7985a7a37757735c59ab
Source,0,jurkat::RNASEH2C+ctrl,RNASEH2C,jurkat,3,True,outer0/contextjurkat,6c2817f210d3baa81f9a58fae5723d552d505c062c1d7985a7a37757735c59ab
Source,0,jurkat::RPL9+ctrl,RPL9,jurkat,3,True,outer0/contextjurkat,6c2817f210d3baa81f9a58fae5723d552d505c062c1d7985a7a37757735c59ab
Source,0,jurkat::RPL10+ctrl,RPL10,jurkat,3,True,outer0/contextjurkat,6c2817f210d3baa81f9a58fae5723d552d505c062c1d7985a7a37757735c59ab
Source,0,jurkat::RPL17+ctrl,RPL17,jurkat,3,True,outer0/contextjurkat,6c2817f210d3baa81f9a58fae5723d552d505c062c1d7985a7a37757735c59ab
Source,0,jurkat::RPL21+ctrl,RPL21,jurkat,3,True,outer0/contextjurkat,6c2817f210d3baa81f9a58fae5723d552d505c062c1d7985a7a37757735c59ab
Source,0,jurkat::RPP30+ctrl,RPP30,jurkat,3,True,outer0/contextjurkat,6c2817f210d3baa81f9a58fae5723d552d505c062c1d7985a7a37757735c59ab
Source,0,jurkat::RPS2+ctrl,RPS2,jurkat,3,True,outer0/contextjurkat,6c2817f210d3baa81f9a58fae5723d552d505c062c1d7985a7a37757735c59ab
Source,0,jurkat::RPS11+ctrl,RPS11,jurkat,2,True,outer0/contextjurkat,6c2817f210d3baa81f9a58fae5723d552d505c062c1d7985a7a37757735c59ab
Source,0,jurkat::RPSA+ctrl,RPSA,jurkat,2,True,outer0/contextjurkat,6c2817f210d3baa81f9a58fae5723d552d505c062c1d7985a7a37757735c59ab
Source,0,jurkat::RSL24D1+ctrl,RSL24D1,jurkat,2,True,outer0/contextjurkat,6c2817f210d3baa81f9a58fae5723d552d505c062c1d7985a7a37757735c59ab
Source,0,jurkat::SBNO1+ctrl,SBNO1,jurkat,3,True,outer0/contextjurkat,6c2817f210d3baa81f9a58fae5723d552d505c062c1d7985a7a37757735c59ab
Source,0,jurkat::SEC61G+ctrl,SEC61G,jurkat,2,True,outer0/contextjurkat,6c2817f210d3baa81f9a58fae5723d552d505c062c1d7985a7a37757735c59ab
Source,0,jurkat::SETD1A+ctrl,SETD1A,jurkat,3,True,outer0/contextjurkat,6c2817f210d3baa81f9a58fae5723d552d505c062c1d7985a7a37757735c59ab
Source,0,jurkat::SFSWAP+ctrl,SFSWAP,jurkat,3,True,outer0/contextjurkat,6c2817f210d3baa81f9a58fae5723d552d505c062c1d7985a7a37757735c59ab
Source,0,jurkat::SLC7A6OS+ctrl,SLC7A6OS,jurkat,3,True,outer0/contextjurkat,6c2817f210d3baa81f9a58fae5723d552d505c062c1d7985a7a37757735c59ab
Source,0,jurkat::SPCS3+ctrl,SPCS3,jurkat,3,True,outer0/contextjurkat,6c2817f210d3baa81f9a58fae5723d552d505c062c1d7985a7a37757735c59ab
Source,0,jurkat::SRRM1+ctrl,SRRM1,jurkat,3,True,outer0/contextjurkat,6c2817f210d3baa81f9a58fae5723d552d505c062c1d7985a7a37757735c59ab
Source,0,jurkat::SRSF10+ctrl,SRSF10,jurkat,2,True,outer0/contextjurkat,6c2817f210d3baa81f9a58fae5723d552d505c062c1d7985a7a37757735c59ab
Source,0,jurkat::SUGP1+ctrl,SUGP1,jurkat,3,True,outer0/contextjurkat,6c2817f210d3baa81f9a58fae5723d552d505c062c1d7985a7a37757735c59ab
Source,0,jurkat::TAF10+ctrl,TAF10,jurkat,3,True,outer0/contextjurkat,6c2817f210d3baa81f9a58fae5723d552d505c062c1d7985a7a37757735c59ab
Source,0,jurkat::TBCB+ctrl,TBCB,jurkat,3,True,outer0/contextjurkat,6c2817f210d3baa81f9a58fae5723d552d505c062c1d7985a7a37757735c59ab
Source,0,jurkat::THAP11+ctrl,THAP11,jurkat,3,True,outer0/contextjurkat,6c2817f210d3baa81f9a58fae5723d552d505c062c1d7985a7a37757735c59ab
Source,0,jurkat::TMX2+ctrl,TMX2,jurkat,3,True,outer0/contextjurkat,6c2817f210d3baa81f9a58fae5723d552d505c062c1d7985a7a37757735c59ab
Source,0,jurkat::TRMT5+ctrl,TRMT5,jurkat,3,True,outer0/contextjurkat,6c2817f210d3baa81f9a58fae5723d552d505c062c1d7985a7a37757735c59ab
Source,0,jurkat::TSR1+ctrl,TSR1,jurkat,3,True,outer0/contextjurkat,6c2817f210d3baa81f9a58fae5723d552d505c062c1d7985a7a37757735c59ab
Source,0,jurkat::UBQLN4+ctrl,UBQLN4,jurkat,3,True,outer0/contextjurkat,6c2817f210d3baa81f9a58fae5723d552d505c062c1d7985a7a37757735c59ab
Source,0,jurkat::UQCRFS1+ctrl,UQCRFS1,jurkat,2,True,outer0/contextjurkat,6c2817f210d3baa81f9a58fae5723d552d505c062c1d7985a7a37757735c59ab
Source,0,jurkat::USPL1+ctrl,USPL1,jurkat,2,True,outer0/contextjurkat,6c2817f210d3baa81f9a58fae5723d552d505c062c1d7985a7a37757735c59ab
Source,0,jurkat::UTP20+ctrl,UTP20,jurkat,3,True,outer0/contextjurkat,6c2817f210d3baa81f9a58fae5723d552d505c062c1d7985a7a37757735c59ab
Source,0,jurkat::UXT+ctrl,UXT,jurkat,3,True,outer0/contextjurkat,6c2817f210d3baa81f9a58fae5723d552d505c062c1d7985a7a37757735c59ab
Source,0,jurkat::XRN2+ctrl,XRN2,jurkat,2,True,outer0/contextjurkat,6c2817f210d3baa81f9a58fae5723d552d505c062c1d7985a7a37757735c59ab
Source,0,jurkat::ZBTB17+ctrl,ZBTB17,jurkat,3,True,outer0/contextjurkat,6c2817f210d3baa81f9a58fae5723d552d505c062c1d7985a7a37757735c59ab
Source,1,K562::AARS+ctrl,AARS,K562,3,True,outer1/contextK562,22448524f9891ab00da26d4ada0510b217568af8797054589fad2d0805444e44
Source,1,K562::AKIRIN2+ctrl,AKIRIN2,K562,3,True,outer1/contextK562,22448524f9891ab00da26d4ada0510b217568af8797054589fad2d0805444e44
Source,1,K562::ARGLU1+ctrl,ARGLU1,K562,3,True,outer1/contextK562,22448524f9891ab00da26d4ada0510b217568af8797054589fad2d0805444e44
Source,1,K562::BDP1+ctrl,BDP1,K562,3,True,outer1/contextK562,22448524f9891ab00da26d4ada0510b217568af8797054589fad2d0805444e44
Source,1,K562::BGLAP+ctrl,BGLAP,K562,1,True,outer1/contextK562,22448524f9891ab00da26d4ada0510b217568af8797054589fad2d0805444e44
Source,1,K562::BNIP1+ctrl,BNIP1,K562,2,True,outer1/contextK562,22448524f9891ab00da26d4ada0510b217568af8797054589fad2d0805444e44
Source,1,K562::CCT7+ctrl,CCT7,K562,3,True,outer1/contextK562,22448524f9891ab00da26d4ada0510b217568af8797054589fad2d0805444e44
Source,1,K562::CENPE+ctrl,CENPE,K562,1,True,outer1/contextK562,22448524f9891ab00da26d4ada0510b217568af8797054589fad2d0805444e44
Source,1,K562::CHCHD4+ctrl,CHCHD4,K562,3,True,outer1/contextK562,22448524f9891ab00da26d4ada0510b217568af8797054589fad2d0805444e44
Source,1,K562::CHD4+ctrl,CHD4,K562,3,True,outer1/contextK562,22448524f9891ab00da26d4ada0510b217568af8797054589fad2d0805444e44
Source,1,K562::CINP+ctrl,CINP,K562,2,True,outer1/contextK562,22448524f9891ab00da26d4ada0510b217568af8797054589fad2d0805444e44
Source,1,K562::CMTR1+ctrl,CMTR1,K562,3,True,outer1/contextK562,22448524f9891ab00da26d4ada0510b217568af8797054589fad2d0805444e44
Source,1,K562::COPB1+ctrl,COPB1,K562,2,True,outer1/contextK562,22448524f9891ab00da26d4ada0510b217568af8797054589fad2d0805444e44
Source,1,K562::COPS4+ctrl,COPS4,K562,3,True,outer1/contextK562,22448524f9891ab00da26d4ada0510b217568af8797054589fad2d0805444e44
Source,1,K562::COX17+ctrl,COX17,K562,1,True,outer1/contextK562,22448524f9891ab00da26d4ada0510b217568af8797054589fad2d0805444e44
Source,1,K562::CYCS+ctrl,CYCS,K562,1,True,outer1/contextK562,22448524f9891ab00da26d4ada0510b217568af8797054589fad2d0805444e44
Source,1,K562::DAD1+ctrl,DAD1,K562,2,True,outer1/contextK562,22448524f9891ab00da26d4ada0510b217568af8797054589fad2d0805444e44
Source,1,K562::DDX10+ctrl,DDX10,K562,3,True,outer1/contextK562,22448524f9891ab00da26d4ada0510b217568af8797054589fad2d0805444e44
Source,1,K562::DDX41+ctrl,DDX41,K562,2,True,outer1/contextK562,22448524f9891ab00da26d4ada0510b217568af8797054589fad2d0805444e44
Source,1,K562::DDX55+ctrl,DDX55,K562,3,True,outer1/contextK562,22448524f9891ab00da26d4ada0510b217568af8797054589fad2d0805444e44
Source,1,K562::DLD+ctrl,DLD,K562,3,True,outer1/contextK562,22448524f9891ab00da26d4ada0510b217568af8797054589fad2d0805444e44
Source,1,K562::DUT+ctrl,DUT,K562,2,True,outer1/contextK562,22448524f9891ab00da26d4ada0510b217568af8797054589fad2d0805444e44
Source,1,K562::DYNC1H1+ctrl,DYNC1H1,K562,3,True,outer1/contextK562,22448524f9891ab00da26d4ada0510b217568af8797054589fad2d0805444e44
Source,1,K562::EIF2S1+ctrl,EIF2S1,K562,3,True,outer1/contextK562,22448524f9891ab00da26d4ada0510b217568af8797054589fad2d0805444e44
Source,1,K562::EIF3D+ctrl,EIF3D,K562,2,True,outer1/contextK562,22448524f9891ab00da26d4ada0510b217568af8797054589fad2d0805444e44
Source,1,K562::EIF4E+ctrl,EIF4E,K562,3,True,outer1/contextK562,22448524f9891ab00da26d4ada0510b217568af8797054589fad2d0805444e44
Source,1,K562::EIF5+ctrl,EIF5,K562,2,True,outer1/contextK562,22448524f9891ab00da26d4ada0510b217568af8797054589fad2d0805444e44
Source,1,K562::ETF1+ctrl,ETF1,K562,3,True,outer1/contextK562,22448524f9891ab00da26d4ada0510b217568af8797054589fad2d0805444e44
Source,1,K562::EXOSC3+ctrl,EXOSC3,K562,3,True,outer1/contextK562,22448524f9891ab00da26d4ada0510b217568af8797054589fad2d0805444e44
Source,1,K562::FAM32A+ctrl,FAM32A,K562,3,True,outer1/contextK562,22448524f9891ab00da26d4ada0510b217568af8797054589fad2d0805444e44
Source,1,K562::FARSA+ctrl,FARSA,K562,3,True,outer1/contextK562,22448524f9891ab00da26d4ada0510b217568af8797054589fad2d0805444e44
Source,1,K562::GARS+ctrl,GARS,K562,3,True,outer1/contextK562,22448524f9891ab00da26d4ada0510b217568af8797054589fad2d0805444e44
Source,1,K562::GBF1+ctrl,GBF1,K562,1,True,outer1/contextK562,22448524f9891ab00da26d4ada0510b217568af8797054589fad2d0805444e44
Source,1,K562::GRB2+ctrl,GRB2,K562,1,True,outer1/contextK562,22448524f9891ab00da26d4ada0510b217568af8797054589fad2d0805444e44
Source,1,K562::HGS+ctrl,HGS,K562,3,True,outer1/contextK562,22448524f9891ab00da26d4ada0510b217568af8797054589fad2d0805444e44
Source,1,K562::IGBP1+ctrl,IGBP1,K562,3,True,outer1/contextK562,22448524f9891ab00da26d4ada0510b217568af8797054589fad2d0805444e44
Source,1,K562::INTS4+ctrl,INTS4,K562,3,True,outer1/contextK562,22448524f9891ab00da26d4ada0510b217568af8797054589fad2d0805444e44
Source,1,K562::INTS9+ctrl,INTS9,K562,3,True,outer1/contextK562,22448524f9891ab00da26d4ada0510b217568af8797054589fad2d0805444e44
Source,1,K562::ISCU+ctrl,ISCU,K562,2,True,outer1/contextK562,22448524f9891ab00da26d4ada0510b217568af8797054589fad2d0805444e44
Source,1,K562::LSM7+ctrl,LSM7,K562,3,True,outer1/contextK562,22448524f9891ab00da26d4ada0510b217568af8797054589fad2d0805444e44
Source,1,K562::MCM2+ctrl,MCM2,K562,3,True,outer1/contextK562,22448524f9891ab00da26d4ada0510b217568af8797054589fad2d0805444e44
Source,1,K562::MCM3AP+ctrl,MCM3AP,K562,3,True,outer1/contextK562,22448524f9891ab00da26d4ada0510b217568af8797054589fad2d0805444e44
Source,1,K562::MED4+ctrl,MED4,K562,3,True,outer1/contextK562,22448524f9891ab00da26d4ada0510b217568af8797054589fad2d0805444e44
Source,1,K562::MED22+ctrl,MED22,K562,2,True,outer1/contextK562,22448524f9891ab00da26d4ada0510b217568af8797054589fad2d0805444e44
Source,1,K562::MPHOSPH10+ctrl,MPHOSPH10,K562,3,True,outer1/contextK562,22448524f9891ab00da26d4ada0510b217568af8797054589fad2d0805444e44
Source,1,K562::MRPL18+ctrl,MRPL18,K562,2,True,outer1/contextK562,22448524f9891ab00da26d4ada0510b217568af8797054589fad2d0805444e44
Source,1,K562::MRPL36+ctrl,MRPL36,K562,3,True,outer1/contextK562,22448524f9891ab00da26d4ada0510b217568af8797054589fad2d0805444e44
Source,1,K562::MTBP+ctrl,MTBP,K562,2,True,outer1/contextK562,22448524f9891ab00da26d4ada0510b217568af8797054589fad2d0805444e44
Source,1,K562::NCAPH+ctrl,NCAPH,K562,1,True,outer1/contextK562,22448524f9891ab00da26d4ada0510b217568af8797054589fad2d0805444e44
Source,1,K562::NCBP2+ctrl,NCBP2,K562,3,True,outer1/contextK562,22448524f9891ab00da26d4ada0510b217568af8797054589fad2d0805444e44
Source,1,K562::NRBP1+ctrl,NRBP1,K562,3,True,outer1/contextK562,22448524f9891ab00da26d4ada0510b217568af8797054589fad2d0805444e44
Source,1,K562::NRDE2+ctrl,NRDE2,K562,2,True,outer1/contextK562,22448524f9891ab00da26d4ada0510b217568af8797054589fad2d0805444e44
Source,1,K562::NUF2+ctrl,NUF2,K562,2,True,outer1/contextK562,22448524f9891ab00da26d4ada0510b217568af8797054589fad2d0805444e44
Source,1,K562::NUMA1+ctrl,NUMA1,K562,1,True,outer1/contextK562,22448524f9891ab00da26d4ada0510b217568af8797054589fad2d0805444e44
Source,1,K562::NUP85+ctrl,NUP85,K562,3,True,outer1/contextK562,22448524f9891ab00da26d4ada0510b217568af8797054589fad2d0805444e44
Source,1,K562::NUP160+ctrl,NUP160,K562,2,True,outer1/contextK562,22448524f9891ab00da26d4ada0510b217568af8797054589fad2d0805444e44
Source,1,K562::PAF1+ctrl,PAF1,K562,3,True,outer1/contextK562,22448524f9891ab00da26d4ada0510b217568af8797054589fad2d0805444e44
Source,1,K562::PFDN2+ctrl,PFDN2,K562,3,True,outer1/contextK562,22448524f9891ab00da26d4ada0510b217568af8797054589fad2d0805444e44
Source,1,K562::PNN+ctrl,PNN,K562,3,True,outer1/contextK562,22448524f9891ab00da26d4ada0510b217568af8797054589fad2d0805444e44
Source,1,K562::PNO1+ctrl,PNO1,K562,2,True,outer1/contextK562,22448524f9891ab00da26d4ada0510b217568af8797054589fad2d0805444e44
Source,1,K562::POLR2D+ctrl,POLR2D,K562,1,True,outer1/contextK562,22448524f9891ab00da26d4ada0510b217568af8797054589fad2d0805444e44
Source,1,K562::POLR2H+ctrl,POLR2H,K562,1,True,outer1/contextK562,22448524f9891ab00da26d4ada0510b217568af8797054589fad2d0805444e44
Source,1,K562::POLR2I+ctrl,POLR2I,K562,3,True,outer1/contextK562,22448524f9891ab00da26d4ada0510b217568af8797054589fad2d0805444e44
Source,1,K562::POLRMT+ctrl,POLRMT,K562,3,True,outer1/contextK562,22448524f9891ab00da26d4ada0510b217568af8797054589fad2d0805444e44
Source,1,K562::PPIH+ctrl,PPIH,K562,3,True,outer1/contextK562,22448524f9891ab00da26d4ada0510b217568af8797054589fad2d0805444e44
Source,1,K562::PPIL4+ctrl,PPIL4,K562,3,True,outer1/contextK562,22448524f9891ab00da26d4ada0510b217568af8797054589fad2d0805444e44
Source,1,K562::PPP1R8+ctrl,PPP1R8,K562,3,True,outer1/contextK562,22448524f9891ab00da26d4ada0510b217568af8797054589fad2d0805444e44
Source,1,K562::PRRC2A+ctrl,PRRC2A,K562,3,True,outer1/contextK562,22448524f9891ab00da26d4ada0510b217568af8797054589fad2d0805444e44
Source,1,K562::PSMB2+ctrl,PSMB2,K562,3,True,outer1/contextK562,22448524f9891ab00da26d4ada0510b217568af8797054589fad2d0805444e44
Source,1,K562::PSMD1+ctrl,PSMD1,K562,2,True,outer1/contextK562,22448524f9891ab00da26d4ada0510b217568af8797054589fad2d0805444e44
Source,1,K562::PSMD11+ctrl,PSMD11,K562,2,True,outer1/contextK562,22448524f9891ab00da26d4ada0510b217568af8797054589fad2d0805444e44
Source,1,K562::RBM25+ctrl,RBM25,K562,3,True,outer1/contextK562,22448524f9891ab00da26d4ada0510b217568af8797054589fad2d0805444e44
Source,1,K562::RBM28+ctrl,RBM28,K562,2,True,outer1/contextK562,22448524f9891ab00da26d4ada0510b217568af8797054589fad2d0805444e44
Source,1,K562::RBMX+ctrl,RBMX,K562,1,True,outer1/contextK562,22448524f9891ab00da26d4ada0510b217568af8797054589fad2d0805444e44
Source,1,K562::RFC2+ctrl,RFC2,K562,3,True,outer1/contextK562,22448524f9891ab00da26d4ada0510b217568af8797054589fad2d0805444e44
Source,1,K562::RINT1+ctrl,RINT1,K562,3,True,outer1/contextK562,22448524f9891ab00da26d4ada0510b217568af8797054589fad2d0805444e44
Source,1,K562::RIOK2+ctrl,RIOK2,K562,2,True,outer1/contextK562,22448524f9891ab00da26d4ada0510b217568af8797054589fad2d0805444e44
Source,1,K562::RPAP1+ctrl,RPAP1,K562,3,True,outer1/contextK562,22448524f9891ab00da26d4ada0510b217568af8797054589fad2d0805444e44
Source,1,K562::RPL5+ctrl,RPL5,K562,3,True,outer1/contextK562,22448524f9891ab00da26d4ada0510b217568af8797054589fad2d0805444e44
Source,1,K562::RPL7+ctrl,RPL7,K562,3,True,outer1/contextK562,22448524f9891ab00da26d4ada0510b217568af8797054589fad2d0805444e44
Source,1,K562::RPL37A+ctrl,RPL37A,K562,3,True,outer1/contextK562,22448524f9891ab00da26d4ada0510b217568af8797054589fad2d0805444e44
Source,1,K562::RPLP0+ctrl,RPLP0,K562,3,True,outer1/contextK562,22448524f9891ab00da26d4ada0510b217568af8797054589fad2d0805444e44
Source,1,K562::RPS4X+ctrl,RPS4X,K562,2,True,outer1/contextK562,22448524f9891ab00da26d4ada0510b217568af8797054589fad2d0805444e44
Source,1,K562::RPS6+ctrl,RPS6,K562,3,True,outer1/contextK562,22448524f9891ab00da26d4ada0510b217568af8797054589fad2d0805444e44
Source,1,K562::RPS10+ctrl,RPS10,K562,3,True,outer1/contextK562,22448524f9891ab00da26d4ada0510b217568af8797054589fad2d0805444e44
Source,1,K562::RPS20+ctrl,RPS20,K562,3,True,outer1/contextK562,22448524f9891ab00da26d4ada0510b217568af8797054589fad2d0805444e44
Source,1,K562::RRP7A+ctrl,RRP7A,K562,2,True,outer1/contextK562,22448524f9891ab00da26d4ada0510b217568af8797054589fad2d0805444e44
Source,1,K562::SART3+ctrl,SART3,K562,3,True,outer1/contextK562,22448524f9891ab00da26d4ada0510b217568af8797054589fad2d0805444e44
Source,1,K562::SDHC+ctrl,SDHC,K562,3,True,outer1/contextK562,22448524f9891ab00da26d4ada0510b217568af8797054589fad2d0805444e44
Source,1,K562::SEC61A1+ctrl,SEC61A1,K562,2,True,outer1/contextK562,22448524f9891ab00da26d4ada0510b217568af8797054589fad2d0805444e44
Source,1,K562::SLBP+ctrl,SLBP,K562,3,True,outer1/contextK562,22448524f9891ab00da26d4ada0510b217568af8797054589fad2d0805444e44
Source,1,K562::SLC39A9+ctrl,SLC39A9,K562,3,True,outer1/contextK562,22448524f9891ab00da26d4ada0510b217568af8797054589fad2d0805444e44
Source,1,K562::SMC4+ctrl,SMC4,K562,2,True,outer1/contextK562,22448524f9891ab00da26d4ada0510b217568af8797054589fad2d0805444e44
Source,1,K562::SNIP1+ctrl,SNIP1,K562,3,True,outer1/contextK562,22448524f9891ab00da26d4ada0510b217568af8797054589fad2d0805444e44
Source,1,K562::SNRPB+ctrl,SNRPB,K562,3,True,outer1/contextK562,22448524f9891ab00da26d4ada0510b217568af8797054589fad2d0805444e44
Source,1,K562::SNW1+ctrl,SNW1,K562,1,True,outer1/contextK562,22448524f9891ab00da26d4ada0510b217568af8797054589fad2d0805444e44
Source,1,K562::SPC24+ctrl,SPC24,K562,1,True,outer1/contextK562,22448524f9891ab00da26d4ada0510b217568af8797054589fad2d0805444e44
Source,1,K562::SRSF1+ctrl,SRSF1,K562,3,True,outer1/contextK562,22448524f9891ab00da26d4ada0510b217568af8797054589fad2d0805444e44
Source,1,K562::SUPT5H+ctrl,SUPT5H,K562,2,True,outer1/contextK562,22448524f9891ab00da26d4ada0510b217568af8797054589fad2d0805444e44
Source,1,K562::TAF7+ctrl,TAF7,K562,3,True,outer1/contextK562,22448524f9891ab00da26d4ada0510b217568af8797054589fad2d0805444e44
Source,1,K562::TERF2+ctrl,TERF2,K562,3,True,outer1/contextK562,22448524f9891ab00da26d4ada0510b217568af8797054589fad2d0805444e44
Source,1,K562::THOC6+ctrl,THOC6,K562,2,True,outer1/contextK562,22448524f9891ab00da26d4ada0510b217568af8797054589fad2d0805444e44
Source,1,K562::TIMM44+ctrl,TIMM44,K562,3,True,outer1/contextK562,22448524f9891ab00da26d4ada0510b217568af8797054589fad2d0805444e44
Source,1,K562::TRMT112+ctrl,TRMT112,K562,3,True,outer1/contextK562,22448524f9891ab00da26d4ada0510b217568af8797054589fad2d0805444e44
Source,1,K562::U2SURP+ctrl,U2SURP,K562,3,True,outer1/contextK562,22448524f9891ab00da26d4ada0510b217568af8797054589fad2d0805444e44
Source,1,K562::UPF2+ctrl,UPF2,K562,3,True,outer1/contextK562,22448524f9891ab00da26d4ada0510b217568af8797054589fad2d0805444e44
Source,1,K562::UQCC2+ctrl,UQCC2,K562,1,True,outer1/contextK562,22448524f9891ab00da26d4ada0510b217568af8797054589fad2d0805444e44
Source,1,K562::USP39+ctrl,USP39,K562,2,True,outer1/contextK562,22448524f9891ab00da26d4ada0510b217568af8797054589fad2d0805444e44
Source,1,K562::UTP23+ctrl,UTP23,K562,3,True,outer1/contextK562,22448524f9891ab00da26d4ada0510b217568af8797054589fad2d0805444e44
Source,1,K562::WDR12+ctrl,WDR12,K562,3,True,outer1/contextK562,22448524f9891ab00da26d4ada0510b217568af8797054589fad2d0805444e44
Source,1,K562::WDR82+ctrl,WDR82,K562,1,True,outer1/contextK562,22448524f9891ab00da26d4ada0510b217568af8797054589fad2d0805444e44
Source,1,K562::WDTC1+ctrl,WDTC1,K562,1,True,outer1/contextK562,22448524f9891ab00da26d4ada0510b217568af8797054589fad2d0805444e44
Source,1,K562::ZMAT2+ctrl,ZMAT2,K562,3,True,outer1/contextK562,22448524f9891ab00da26d4ada0510b217568af8797054589fad2d0805444e44
Source,1,K562::ZMAT5+ctrl,ZMAT5,K562,3,True,outer1/contextK562,22448524f9891ab00da26d4ada0510b217568af8797054589fad2d0805444e44
Source,1,RPE1::AARS+ctrl,AARS,RPE1,3,True,outer1/contextRPE1,9956486358c4833dae803449f30497b19fbf7fec1bb8edd8509b4816e7828d05
Source,1,RPE1::ARGLU1+ctrl,ARGLU1,RPE1,3,True,outer1/contextRPE1,9956486358c4833dae803449f30497b19fbf7fec1bb8edd8509b4816e7828d05
Source,1,RPE1::BDP1+ctrl,BDP1,RPE1,3,True,outer1/contextRPE1,9956486358c4833dae803449f30497b19fbf7fec1bb8edd8509b4816e7828d05
Source,1,RPE1::BGLAP+ctrl,BGLAP,RPE1,1,True,outer1/contextRPE1,9956486358c4833dae803449f30497b19fbf7fec1bb8edd8509b4816e7828d05
Source,1,RPE1::BNIP1+ctrl,BNIP1,RPE1,2,True,outer1/contextRPE1,9956486358c4833dae803449f30497b19fbf7fec1bb8edd8509b4816e7828d05
Source,1,RPE1::CCT7+ctrl,CCT7,RPE1,3,True,outer1/contextRPE1,9956486358c4833dae803449f30497b19fbf7fec1bb8edd8509b4816e7828d05
Source,1,RPE1::CENPE+ctrl,CENPE,RPE1,1,True,outer1/contextRPE1,9956486358c4833dae803449f30497b19fbf7fec1bb8edd8509b4816e7828d05
Source,1,RPE1::CHCHD4+ctrl,CHCHD4,RPE1,3,True,outer1/contextRPE1,9956486358c4833dae803449f30497b19fbf7fec1bb8edd8509b4816e7828d05
Source,1,RPE1::CHD4+ctrl,CHD4,RPE1,3,True,outer1/contextRPE1,9956486358c4833dae803449f30497b19fbf7fec1bb8edd8509b4816e7828d05
Source,1,RPE1::CINP+ctrl,CINP,RPE1,2,True,outer1/contextRPE1,9956486358c4833dae803449f30497b19fbf7fec1bb8edd8509b4816e7828d05
Source,1,RPE1::CMTR1+ctrl,CMTR1,RPE1,3,True,outer1/contextRPE1,9956486358c4833dae803449f30497b19fbf7fec1bb8edd8509b4816e7828d05
Source,1,RPE1::COPS4+ctrl,COPS4,RPE1,3,True,outer1/contextRPE1,9956486358c4833dae803449f30497b19fbf7fec1bb8edd8509b4816e7828d05
Source,1,RPE1::DAD1+ctrl,DAD1,RPE1,2,True,outer1/contextRPE1,9956486358c4833dae803449f30497b19fbf7fec1bb8edd8509b4816e7828d05
Source,1,RPE1::DDX10+ctrl,DDX10,RPE1,3,True,outer1/contextRPE1,9956486358c4833dae803449f30497b19fbf7fec1bb8edd8509b4816e7828d05
Source,1,RPE1::DDX41+ctrl,DDX41,RPE1,2,True,outer1/contextRPE1,9956486358c4833dae803449f30497b19fbf7fec1bb8edd8509b4816e7828d05
Source,1,RPE1::DDX55+ctrl,DDX55,RPE1,3,True,outer1/contextRPE1,9956486358c4833dae803449f30497b19fbf7fec1bb8edd8509b4816e7828d05
Source,1,RPE1::DLD+ctrl,DLD,RPE1,3,True,outer1/contextRPE1,9956486358c4833dae803449f30497b19fbf7fec1bb8edd8509b4816e7828d05
Source,1,RPE1::DUT+ctrl,DUT,RPE1,2,True,outer1/contextRPE1,9956486358c4833dae803449f30497b19fbf7fec1bb8edd8509b4816e7828d05
Source,1,RPE1::EIF2S1+ctrl,EIF2S1,RPE1,3,True,outer1/contextRPE1,9956486358c4833dae803449f30497b19fbf7fec1bb8edd8509b4816e7828d05
Source,1,RPE1::EIF3D+ctrl,EIF3D,RPE1,2,True,outer1/contextRPE1,9956486358c4833dae803449f30497b19fbf7fec1bb8edd8509b4816e7828d05
Source,1,RPE1::EIF4E+ctrl,EIF4E,RPE1,3,True,outer1/contextRPE1,9956486358c4833dae803449f30497b19fbf7fec1bb8edd8509b4816e7828d05
Source,1,RPE1::ETF1+ctrl,ETF1,RPE1,3,True,outer1/contextRPE1,9956486358c4833dae803449f30497b19fbf7fec1bb8edd8509b4816e7828d05
Source,1,RPE1::EXOSC3+ctrl,EXOSC3,RPE1,3,True,outer1/contextRPE1,9956486358c4833dae803449f30497b19fbf7fec1bb8edd8509b4816e7828d05
Source,1,RPE1::FAM32A+ctrl,FAM32A,RPE1,3,True,outer1/contextRPE1,9956486358c4833dae803449f30497b19fbf7fec1bb8edd8509b4816e7828d05
Source,1,RPE1::FARSA+ctrl,FARSA,RPE1,3,True,outer1/contextRPE1,9956486358c4833dae803449f30497b19fbf7fec1bb8edd8509b4816e7828d05
Source,1,RPE1::GARS+ctrl,GARS,RPE1,3,True,outer1/contextRPE1,9956486358c4833dae803449f30497b19fbf7fec1bb8edd8509b4816e7828d05
Source,1,RPE1::GBF1+ctrl,GBF1,RPE1,1,True,outer1/contextRPE1,9956486358c4833dae803449f30497b19fbf7fec1bb8edd8509b4816e7828d05
Source,1,RPE1::GNL3+ctrl,GNL3,RPE1,3,True,outer1/contextRPE1,9956486358c4833dae803449f30497b19fbf7fec1bb8edd8509b4816e7828d05
Source,1,RPE1::GRB2+ctrl,GRB2,RPE1,1,True,outer1/contextRPE1,9956486358c4833dae803449f30497b19fbf7fec1bb8edd8509b4816e7828d05
Source,1,RPE1::HGS+ctrl,HGS,RPE1,3,True,outer1/contextRPE1,9956486358c4833dae803449f30497b19fbf7fec1bb8edd8509b4816e7828d05
Source,1,RPE1::IGBP1+ctrl,IGBP1,RPE1,3,True,outer1/contextRPE1,9956486358c4833dae803449f30497b19fbf7fec1bb8edd8509b4816e7828d05
Source,1,RPE1::INTS4+ctrl,INTS4,RPE1,3,True,outer1/contextRPE1,9956486358c4833dae803449f30497b19fbf7fec1bb8edd8509b4816e7828d05
Source,1,RPE1::LSM7+ctrl,LSM7,RPE1,3,True,outer1/contextRPE1,9956486358c4833dae803449f30497b19fbf7fec1bb8edd8509b4816e7828d05
Source,1,RPE1::MCM2+ctrl,MCM2,RPE1,3,True,outer1/contextRPE1,9956486358c4833dae803449f30497b19fbf7fec1bb8edd8509b4816e7828d05
Source,1,RPE1::MCM3AP+ctrl,MCM3AP,RPE1,3,True,outer1/contextRPE1,9956486358c4833dae803449f30497b19fbf7fec1bb8edd8509b4816e7828d05
Source,1,RPE1::MED4+ctrl,MED4,RPE1,3,True,outer1/contextRPE1,9956486358c4833dae803449f30497b19fbf7fec1bb8edd8509b4816e7828d05
Source,1,RPE1::MRPL36+ctrl,MRPL36,RPE1,3,True,outer1/contextRPE1,9956486358c4833dae803449f30497b19fbf7fec1bb8edd8509b4816e7828d05
Source,1,RPE1::MTBP+ctrl,MTBP,RPE1,2,True,outer1/contextRPE1,9956486358c4833dae803449f30497b19fbf7fec1bb8edd8509b4816e7828d05
Source,1,RPE1::NCAPH+ctrl,NCAPH,RPE1,1,True,outer1/contextRPE1,9956486358c4833dae803449f30497b19fbf7fec1bb8edd8509b4816e7828d05
Source,1,RPE1::NCBP2+ctrl,NCBP2,RPE1,3,True,outer1/contextRPE1,9956486358c4833dae803449f30497b19fbf7fec1bb8edd8509b4816e7828d05
Source,1,RPE1::NRBP1+ctrl,NRBP1,RPE1,3,True,outer1/contextRPE1,9956486358c4833dae803449f30497b19fbf7fec1bb8edd8509b4816e7828d05
Source,1,RPE1::NRDE2+ctrl,NRDE2,RPE1,2,True,outer1/contextRPE1,9956486358c4833dae803449f30497b19fbf7fec1bb8edd8509b4816e7828d05
Source,1,RPE1::NUF2+ctrl,NUF2,RPE1,2,True,outer1/contextRPE1,9956486358c4833dae803449f30497b19fbf7fec1bb8edd8509b4816e7828d05
Source,1,RPE1::NUP85+ctrl,NUP85,RPE1,3,True,outer1/contextRPE1,9956486358c4833dae803449f30497b19fbf7fec1bb8edd8509b4816e7828d05
Source,1,RPE1::NUP160+ctrl,NUP160,RPE1,2,True,outer1/contextRPE1,9956486358c4833dae803449f30497b19fbf7fec1bb8edd8509b4816e7828d05
Source,1,RPE1::PAF1+ctrl,PAF1,RPE1,3,True,outer1/contextRPE1,9956486358c4833dae803449f30497b19fbf7fec1bb8edd8509b4816e7828d05
Source,1,RPE1::PFDN2+ctrl,PFDN2,RPE1,3,True,outer1/contextRPE1,9956486358c4833dae803449f30497b19fbf7fec1bb8edd8509b4816e7828d05
Source,1,RPE1::PNN+ctrl,PNN,RPE1,3,True,outer1/contextRPE1,9956486358c4833dae803449f30497b19fbf7fec1bb8edd8509b4816e7828d05
Source,1,RPE1::POLR2I+ctrl,POLR2I,RPE1,3,True,outer1/contextRPE1,9956486358c4833dae803449f30497b19fbf7fec1bb8edd8509b4816e7828d05
Source,1,RPE1::POLRMT+ctrl,POLRMT,RPE1,3,True,outer1/contextRPE1,9956486358c4833dae803449f30497b19fbf7fec1bb8edd8509b4816e7828d05
Source,1,RPE1::PPIH+ctrl,PPIH,RPE1,3,True,outer1/contextRPE1,9956486358c4833dae803449f30497b19fbf7fec1bb8edd8509b4816e7828d05
Source,1,RPE1::PPIL4+ctrl,PPIL4,RPE1,3,True,outer1/contextRPE1,9956486358c4833dae803449f30497b19fbf7fec1bb8edd8509b4816e7828d05
Source,1,RPE1::PPP1R8+ctrl,PPP1R8,RPE1,3,True,outer1/contextRPE1,9956486358c4833dae803449f30497b19fbf7fec1bb8edd8509b4816e7828d05
Source,1,RPE1::PRRC2A+ctrl,PRRC2A,RPE1,3,True,outer1/contextRPE1,9956486358c4833dae803449f30497b19fbf7fec1bb8edd8509b4816e7828d05
Source,1,RPE1::PSMB2+ctrl,PSMB2,RPE1,3,True,outer1/contextRPE1,9956486358c4833dae803449f30497b19fbf7fec1bb8edd8509b4816e7828d05
Source,1,RPE1::RBM25+ctrl,RBM25,RPE1,3,True,outer1/contextRPE1,9956486358c4833dae803449f30497b19fbf7fec1bb8edd8509b4816e7828d05
Source,1,RPE1::RFC2+ctrl,RFC2,RPE1,3,True,outer1/contextRPE1,9956486358c4833dae803449f30497b19fbf7fec1bb8edd8509b4816e7828d05
Source,1,RPE1::RINT1+ctrl,RINT1,RPE1,3,True,outer1/contextRPE1,9956486358c4833dae803449f30497b19fbf7fec1bb8edd8509b4816e7828d05
Source,1,RPE1::RPAP1+ctrl,RPAP1,RPE1,3,True,outer1/contextRPE1,9956486358c4833dae803449f30497b19fbf7fec1bb8edd8509b4816e7828d05
Source,1,RPE1::RPL5+ctrl,RPL5,RPE1,3,True,outer1/contextRPE1,9956486358c4833dae803449f30497b19fbf7fec1bb8edd8509b4816e7828d05
Source,1,RPE1::RPL7+ctrl,RPL7,RPE1,3,True,outer1/contextRPE1,9956486358c4833dae803449f30497b19fbf7fec1bb8edd8509b4816e7828d05
Source,1,RPE1::RPL37A+ctrl,RPL37A,RPE1,3,True,outer1/contextRPE1,9956486358c4833dae803449f30497b19fbf7fec1bb8edd8509b4816e7828d05
Source,1,RPE1::RPLP0+ctrl,RPLP0,RPE1,3,True,outer1/contextRPE1,9956486358c4833dae803449f30497b19fbf7fec1bb8edd8509b4816e7828d05
Source,1,RPE1::RPS6+ctrl,RPS6,RPE1,3,True,outer1/contextRPE1,9956486358c4833dae803449f30497b19fbf7fec1bb8edd8509b4816e7828d05
Source,1,RPE1::SART3+ctrl,SART3,RPE1,3,True,outer1/contextRPE1,9956486358c4833dae803449f30497b19fbf7fec1bb8edd8509b4816e7828d05
Source,1,RPE1::SDHC+ctrl,SDHC,RPE1,3,True,outer1/contextRPE1,9956486358c4833dae803449f30497b19fbf7fec1bb8edd8509b4816e7828d05
Source,1,RPE1::SLBP+ctrl,SLBP,RPE1,3,True,outer1/contextRPE1,9956486358c4833dae803449f30497b19fbf7fec1bb8edd8509b4816e7828d05
Source,1,RPE1::SLC39A9+ctrl,SLC39A9,RPE1,3,True,outer1/contextRPE1,9956486358c4833dae803449f30497b19fbf7fec1bb8edd8509b4816e7828d05
Source,1,RPE1::SMC4+ctrl,SMC4,RPE1,2,True,outer1/contextRPE1,9956486358c4833dae803449f30497b19fbf7fec1bb8edd8509b4816e7828d05
Source,1,RPE1::SNIP1+ctrl,SNIP1,RPE1,3,True,outer1/contextRPE1,9956486358c4833dae803449f30497b19fbf7fec1bb8edd8509b4816e7828d05
Source,1,RPE1::SNRPB+ctrl,SNRPB,RPE1,3,True,outer1/contextRPE1,9956486358c4833dae803449f30497b19fbf7fec1bb8edd8509b4816e7828d05
Source,1,RPE1::SNW1+ctrl,SNW1,RPE1,1,True,outer1/contextRPE1,9956486358c4833dae803449f30497b19fbf7fec1bb8edd8509b4816e7828d05
Source,1,RPE1::SPC24+ctrl,SPC24,RPE1,1,True,outer1/contextRPE1,9956486358c4833dae803449f30497b19fbf7fec1bb8edd8509b4816e7828d05
Source,1,RPE1::TAF7+ctrl,TAF7,RPE1,3,True,outer1/contextRPE1,9956486358c4833dae803449f30497b19fbf7fec1bb8edd8509b4816e7828d05
Source,1,RPE1::TERF2+ctrl,TERF2,RPE1,3,True,outer1/contextRPE1,9956486358c4833dae803449f30497b19fbf7fec1bb8edd8509b4816e7828d05
Source,1,RPE1::TIMM44+ctrl,TIMM44,RPE1,3,True,outer1/contextRPE1,9956486358c4833dae803449f30497b19fbf7fec1bb8edd8509b4816e7828d05
Source,1,RPE1::TRMT112+ctrl,TRMT112,RPE1,3,True,outer1/contextRPE1,9956486358c4833dae803449f30497b19fbf7fec1bb8edd8509b4816e7828d05
Source,1,RPE1::U2SURP+ctrl,U2SURP,RPE1,3,True,outer1/contextRPE1,9956486358c4833dae803449f30497b19fbf7fec1bb8edd8509b4816e7828d05
Source,1,RPE1::UPF2+ctrl,UPF2,RPE1,3,True,outer1/contextRPE1,9956486358c4833dae803449f30497b19fbf7fec1bb8edd8509b4816e7828d05
Source,1,RPE1::USP39+ctrl,USP39,RPE1,2,True,outer1/contextRPE1,9956486358c4833dae803449f30497b19fbf7fec1bb8edd8509b4816e7828d05
Source,1,RPE1::UTP23+ctrl,UTP23,RPE1,3,True,outer1/contextRPE1,9956486358c4833dae803449f30497b19fbf7fec1bb8edd8509b4816e7828d05
Source,1,RPE1::WDR12+ctrl,WDR12,RPE1,3,True,outer1/contextRPE1,9956486358c4833dae803449f30497b19fbf7fec1bb8edd8509b4816e7828d05
Source,1,RPE1::WDTC1+ctrl,WDTC1,RPE1,1,True,outer1/contextRPE1,9956486358c4833dae803449f30497b19fbf7fec1bb8edd8509b4816e7828d05
Source,1,RPE1::ZMAT2+ctrl,ZMAT2,RPE1,3,True,outer1/contextRPE1,9956486358c4833dae803449f30497b19fbf7fec1bb8edd8509b4816e7828d05
Source,1,RPE1::ZMAT5+ctrl,ZMAT5,RPE1,3,True,outer1/contextRPE1,9956486358c4833dae803449f30497b19fbf7fec1bb8edd8509b4816e7828d05
Source,1,hepg2::AARS+ctrl,AARS,hepg2,3,True,outer1/contexthepg2,1019f7def6f06037eebf960192c3270097071bcaf3e906d25b23b9cafe47311c
Source,1,hepg2::AKIRIN2+ctrl,AKIRIN2,hepg2,3,True,outer1/contexthepg2,1019f7def6f06037eebf960192c3270097071bcaf3e906d25b23b9cafe47311c
Source,1,hepg2::ARGLU1+ctrl,ARGLU1,hepg2,3,True,outer1/contexthepg2,1019f7def6f06037eebf960192c3270097071bcaf3e906d25b23b9cafe47311c
Source,1,hepg2::CCT7+ctrl,CCT7,hepg2,3,True,outer1/contexthepg2,1019f7def6f06037eebf960192c3270097071bcaf3e906d25b23b9cafe47311c
Source,1,hepg2::CHCHD4+ctrl,CHCHD4,hepg2,3,True,outer1/contexthepg2,1019f7def6f06037eebf960192c3270097071bcaf3e906d25b23b9cafe47311c
Source,1,hepg2::CMTR1+ctrl,CMTR1,hepg2,3,True,outer1/contexthepg2,1019f7def6f06037eebf960192c3270097071bcaf3e906d25b23b9cafe47311c
Source,1,hepg2::COPS4+ctrl,COPS4,hepg2,3,True,outer1/contexthepg2,1019f7def6f06037eebf960192c3270097071bcaf3e906d25b23b9cafe47311c
Source,1,hepg2::DDX10+ctrl,DDX10,hepg2,3,True,outer1/contexthepg2,1019f7def6f06037eebf960192c3270097071bcaf3e906d25b23b9cafe47311c
Source,1,hepg2::DDX41+ctrl,DDX41,hepg2,2,True,outer1/contexthepg2,1019f7def6f06037eebf960192c3270097071bcaf3e906d25b23b9cafe47311c
Source,1,hepg2::DDX55+ctrl,DDX55,hepg2,3,True,outer1/contexthepg2,1019f7def6f06037eebf960192c3270097071bcaf3e906d25b23b9cafe47311c
Source,1,hepg2::DLD+ctrl,DLD,hepg2,3,True,outer1/contexthepg2,1019f7def6f06037eebf960192c3270097071bcaf3e906d25b23b9cafe47311c
Source,1,hepg2::EIF2S1+ctrl,EIF2S1,hepg2,3,True,outer1/contexthepg2,1019f7def6f06037eebf960192c3270097071bcaf3e906d25b23b9cafe47311c
Source,1,hepg2::EIF4E+ctrl,EIF4E,hepg2,3,True,outer1/contexthepg2,1019f7def6f06037eebf960192c3270097071bcaf3e906d25b23b9cafe47311c
Source,1,hepg2::ETF1+ctrl,ETF1,hepg2,3,True,outer1/contexthepg2,1019f7def6f06037eebf960192c3270097071bcaf3e906d25b23b9cafe47311c
Source,1,hepg2::EXOSC3+ctrl,EXOSC3,hepg2,3,True,outer1/contexthepg2,1019f7def6f06037eebf960192c3270097071bcaf3e906d25b23b9cafe47311c
Source,1,hepg2::FAM32A+ctrl,FAM32A,hepg2,3,True,outer1/contexthepg2,1019f7def6f06037eebf960192c3270097071bcaf3e906d25b23b9cafe47311c
Source,1,hepg2::FARSA+ctrl,FARSA,hepg2,3,True,outer1/contexthepg2,1019f7def6f06037eebf960192c3270097071bcaf3e906d25b23b9cafe47311c
Source,1,hepg2::GARS+ctrl,GARS,hepg2,3,True,outer1/contexthepg2,1019f7def6f06037eebf960192c3270097071bcaf3e906d25b23b9cafe47311c
Source,1,hepg2::GNL3+ctrl,GNL3,hepg2,3,True,outer1/contexthepg2,1019f7def6f06037eebf960192c3270097071bcaf3e906d25b23b9cafe47311c
Source,1,hepg2::HGS+ctrl,HGS,hepg2,3,True,outer1/contexthepg2,1019f7def6f06037eebf960192c3270097071bcaf3e906d25b23b9cafe47311c
Source,1,hepg2::IGBP1+ctrl,IGBP1,hepg2,3,True,outer1/contexthepg2,1019f7def6f06037eebf960192c3270097071bcaf3e906d25b23b9cafe47311c
Source,1,hepg2::INTS4+ctrl,INTS4,hepg2,3,True,outer1/contexthepg2,1019f7def6f06037eebf960192c3270097071bcaf3e906d25b23b9cafe47311c
Source,1,hepg2::INTS9+ctrl,INTS9,hepg2,3,True,outer1/contexthepg2,1019f7def6f06037eebf960192c3270097071bcaf3e906d25b23b9cafe47311c
Source,1,hepg2::ISCU+ctrl,ISCU,hepg2,2,True,outer1/contexthepg2,1019f7def6f06037eebf960192c3270097071bcaf3e906d25b23b9cafe47311c
Source,1,hepg2::LSM7+ctrl,LSM7,hepg2,3,True,outer1/contexthepg2,1019f7def6f06037eebf960192c3270097071bcaf3e906d25b23b9cafe47311c
Source,1,hepg2::MCM2+ctrl,MCM2,hepg2,3,True,outer1/contexthepg2,1019f7def6f06037eebf960192c3270097071bcaf3e906d25b23b9cafe47311c
Source,1,hepg2::MCM3AP+ctrl,MCM3AP,hepg2,3,True,outer1/contexthepg2,1019f7def6f06037eebf960192c3270097071bcaf3e906d25b23b9cafe47311c
Source,1,hepg2::MED4+ctrl,MED4,hepg2,3,True,outer1/contexthepg2,1019f7def6f06037eebf960192c3270097071bcaf3e906d25b23b9cafe47311c
Source,1,hepg2::MPHOSPH10+ctrl,MPHOSPH10,hepg2,3,True,outer1/contexthepg2,1019f7def6f06037eebf960192c3270097071bcaf3e906d25b23b9cafe47311c
Source,1,hepg2::MRPL18+ctrl,MRPL18,hepg2,2,True,outer1/contexthepg2,1019f7def6f06037eebf960192c3270097071bcaf3e906d25b23b9cafe47311c
Source,1,hepg2::MRPL36+ctrl,MRPL36,hepg2,3,True,outer1/contexthepg2,1019f7def6f06037eebf960192c3270097071bcaf3e906d25b23b9cafe47311c
Source,1,hepg2::NRBP1+ctrl,NRBP1,hepg2,3,True,outer1/contexthepg2,1019f7def6f06037eebf960192c3270097071bcaf3e906d25b23b9cafe47311c
Source,1,hepg2::NRDE2+ctrl,NRDE2,hepg2,2,True,outer1/contexthepg2,1019f7def6f06037eebf960192c3270097071bcaf3e906d25b23b9cafe47311c
Source,1,hepg2::NUMA1+ctrl,NUMA1,hepg2,1,True,outer1/contexthepg2,1019f7def6f06037eebf960192c3270097071bcaf3e906d25b23b9cafe47311c
Source,1,hepg2::NUP85+ctrl,NUP85,hepg2,3,True,outer1/contexthepg2,1019f7def6f06037eebf960192c3270097071bcaf3e906d25b23b9cafe47311c
Source,1,hepg2::NUP160+ctrl,NUP160,hepg2,2,True,outer1/contexthepg2,1019f7def6f06037eebf960192c3270097071bcaf3e906d25b23b9cafe47311c
Source,1,hepg2::PAF1+ctrl,PAF1,hepg2,3,True,outer1/contexthepg2,1019f7def6f06037eebf960192c3270097071bcaf3e906d25b23b9cafe47311c
Source,1,hepg2::PFDN2+ctrl,PFDN2,hepg2,3,True,outer1/contexthepg2,1019f7def6f06037eebf960192c3270097071bcaf3e906d25b23b9cafe47311c
Source,1,hepg2::PNN+ctrl,PNN,hepg2,3,True,outer1/contexthepg2,1019f7def6f06037eebf960192c3270097071bcaf3e906d25b23b9cafe47311c
Source,1,hepg2::PNO1+ctrl,PNO1,hepg2,2,True,outer1/contexthepg2,1019f7def6f06037eebf960192c3270097071bcaf3e906d25b23b9cafe47311c
Source,1,hepg2::POLR2D+ctrl,POLR2D,hepg2,1,True,outer1/contexthepg2,1019f7def6f06037eebf960192c3270097071bcaf3e906d25b23b9cafe47311c
Source,1,hepg2::POLR2H+ctrl,POLR2H,hepg2,1,True,outer1/contexthepg2,1019f7def6f06037eebf960192c3270097071bcaf3e906d25b23b9cafe47311c
Source,1,hepg2::POLR2I+ctrl,POLR2I,hepg2,3,True,outer1/contexthepg2,1019f7def6f06037eebf960192c3270097071bcaf3e906d25b23b9cafe47311c
Source,1,hepg2::POLRMT+ctrl,POLRMT,hepg2,3,True,outer1/contexthepg2,1019f7def6f06037eebf960192c3270097071bcaf3e906d25b23b9cafe47311c
Source,1,hepg2::PPP1R8+ctrl,PPP1R8,hepg2,3,True,outer1/contexthepg2,1019f7def6f06037eebf960192c3270097071bcaf3e906d25b23b9cafe47311c
Source,1,hepg2::PRRC2A+ctrl,PRRC2A,hepg2,3,True,outer1/contexthepg2,1019f7def6f06037eebf960192c3270097071bcaf3e906d25b23b9cafe47311c
Source,1,hepg2::PSMB2+ctrl,PSMB2,hepg2,3,True,outer1/contexthepg2,1019f7def6f06037eebf960192c3270097071bcaf3e906d25b23b9cafe47311c
Source,1,hepg2::RBM28+ctrl,RBM28,hepg2,2,True,outer1/contexthepg2,1019f7def6f06037eebf960192c3270097071bcaf3e906d25b23b9cafe47311c
Source,1,hepg2::RFC2+ctrl,RFC2,hepg2,3,True,outer1/contexthepg2,1019f7def6f06037eebf960192c3270097071bcaf3e906d25b23b9cafe47311c
Source,1,hepg2::RINT1+ctrl,RINT1,hepg2,3,True,outer1/contexthepg2,1019f7def6f06037eebf960192c3270097071bcaf3e906d25b23b9cafe47311c
Source,1,hepg2::RPAP1+ctrl,RPAP1,hepg2,3,True,outer1/contexthepg2,1019f7def6f06037eebf960192c3270097071bcaf3e906d25b23b9cafe47311c
Source,1,hepg2::RPL5+ctrl,RPL5,hepg2,3,True,outer1/contexthepg2,1019f7def6f06037eebf960192c3270097071bcaf3e906d25b23b9cafe47311c
Source,1,hepg2::RPL7+ctrl,RPL7,hepg2,3,True,outer1/contexthepg2,1019f7def6f06037eebf960192c3270097071bcaf3e906d25b23b9cafe47311c
Source,1,hepg2::RPL37A+ctrl,RPL37A,hepg2,3,True,outer1/contexthepg2,1019f7def6f06037eebf960192c3270097071bcaf3e906d25b23b9cafe47311c
Source,1,hepg2::RPLP0+ctrl,RPLP0,hepg2,3,True,outer1/contexthepg2,1019f7def6f06037eebf960192c3270097071bcaf3e906d25b23b9cafe47311c
Source,1,hepg2::RPS4X+ctrl,RPS4X,hepg2,2,True,outer1/contexthepg2,1019f7def6f06037eebf960192c3270097071bcaf3e906d25b23b9cafe47311c
Source,1,hepg2::RPS6+ctrl,RPS6,hepg2,3,True,outer1/contexthepg2,1019f7def6f06037eebf960192c3270097071bcaf3e906d25b23b9cafe47311c
Source,1,hepg2::RPS10+ctrl,RPS10,hepg2,3,True,outer1/contexthepg2,1019f7def6f06037eebf960192c3270097071bcaf3e906d25b23b9cafe47311c
Source,1,hepg2::RPS20+ctrl,RPS20,hepg2,3,True,outer1/contexthepg2,1019f7def6f06037eebf960192c3270097071bcaf3e906d25b23b9cafe47311c
Source,1,hepg2::RRP7A+ctrl,RRP7A,hepg2,2,True,outer1/contexthepg2,1019f7def6f06037eebf960192c3270097071bcaf3e906d25b23b9cafe47311c
Source,1,hepg2::SART3+ctrl,SART3,hepg2,3,True,outer1/contexthepg2,1019f7def6f06037eebf960192c3270097071bcaf3e906d25b23b9cafe47311c
Source,1,hepg2::SDHC+ctrl,SDHC,hepg2,3,True,outer1/contexthepg2,1019f7def6f06037eebf960192c3270097071bcaf3e906d25b23b9cafe47311c
Source,1,hepg2::SEC61A1+ctrl,SEC61A1,hepg2,2,True,outer1/contexthepg2,1019f7def6f06037eebf960192c3270097071bcaf3e906d25b23b9cafe47311c
Source,1,hepg2::SLBP+ctrl,SLBP,hepg2,3,True,outer1/contexthepg2,1019f7def6f06037eebf960192c3270097071bcaf3e906d25b23b9cafe47311c
Source,1,hepg2::SLC39A9+ctrl,SLC39A9,hepg2,3,True,outer1/contexthepg2,1019f7def6f06037eebf960192c3270097071bcaf3e906d25b23b9cafe47311c
Source,1,hepg2::SNIP1+ctrl,SNIP1,hepg2,3,True,outer1/contexthepg2,1019f7def6f06037eebf960192c3270097071bcaf3e906d25b23b9cafe47311c
Source,1,hepg2::SNRPB+ctrl,SNRPB,hepg2,3,True,outer1/contexthepg2,1019f7def6f06037eebf960192c3270097071bcaf3e906d25b23b9cafe47311c
Source,1,hepg2::SRSF1+ctrl,SRSF1,hepg2,3,True,outer1/contexthepg2,1019f7def6f06037eebf960192c3270097071bcaf3e906d25b23b9cafe47311c
Source,1,hepg2::TAF7+ctrl,TAF7,hepg2,3,True,outer1/contexthepg2,1019f7def6f06037eebf960192c3270097071bcaf3e906d25b23b9cafe47311c
Source,1,hepg2::TERF2+ctrl,TERF2,hepg2,3,True,outer1/contexthepg2,1019f7def6f06037eebf960192c3270097071bcaf3e906d25b23b9cafe47311c
Source,1,hepg2::THOC6+ctrl,THOC6,hepg2,2,True,outer1/contexthepg2,1019f7def6f06037eebf960192c3270097071bcaf3e906d25b23b9cafe47311c
Source,1,hepg2::TIMM44+ctrl,TIMM44,hepg2,3,True,outer1/contexthepg2,1019f7def6f06037eebf960192c3270097071bcaf3e906d25b23b9cafe47311c
Source,1,hepg2::TRMT112+ctrl,TRMT112,hepg2,3,True,outer1/contexthepg2,1019f7def6f06037eebf960192c3270097071bcaf3e906d25b23b9cafe47311c
Source,1,hepg2::U2SURP+ctrl,U2SURP,hepg2,3,True,outer1/contexthepg2,1019f7def6f06037eebf960192c3270097071bcaf3e906d25b23b9cafe47311c
Source,1,hepg2::UPF2+ctrl,UPF2,hepg2,3,True,outer1/contexthepg2,1019f7def6f06037eebf960192c3270097071bcaf3e906d25b23b9cafe47311c
Source,1,hepg2::UQCC2+ctrl,UQCC2,hepg2,1,True,outer1/contexthepg2,1019f7def6f06037eebf960192c3270097071bcaf3e906d25b23b9cafe47311c
Source,1,hepg2::USP39+ctrl,USP39,hepg2,2,True,outer1/contexthepg2,1019f7def6f06037eebf960192c3270097071bcaf3e906d25b23b9cafe47311c
Source,1,hepg2::UTP23+ctrl,UTP23,hepg2,3,True,outer1/contexthepg2,1019f7def6f06037eebf960192c3270097071bcaf3e906d25b23b9cafe47311c
Source,1,hepg2::WDR12+ctrl,WDR12,hepg2,3,True,outer1/contexthepg2,1019f7def6f06037eebf960192c3270097071bcaf3e906d25b23b9cafe47311c
Source,1,hepg2::ZMAT2+ctrl,ZMAT2,hepg2,3,True,outer1/contexthepg2,1019f7def6f06037eebf960192c3270097071bcaf3e906d25b23b9cafe47311c
Source,1,jurkat::AARS+ctrl,AARS,jurkat,3,True,outer1/contextjurkat,32efb25cb6b47fd0267bb6331c3693cbb5e6f9a86cb9bc3fefc562ffaaef709b
Source,1,jurkat::AKIRIN2+ctrl,AKIRIN2,jurkat,3,True,outer1/contextjurkat,32efb25cb6b47fd0267bb6331c3693cbb5e6f9a86cb9bc3fefc562ffaaef709b
Source,1,jurkat::ARGLU1+ctrl,ARGLU1,jurkat,3,True,outer1/contextjurkat,32efb25cb6b47fd0267bb6331c3693cbb5e6f9a86cb9bc3fefc562ffaaef709b
Source,1,jurkat::BDP1+ctrl,BDP1,jurkat,3,True,outer1/contextjurkat,32efb25cb6b47fd0267bb6331c3693cbb5e6f9a86cb9bc3fefc562ffaaef709b
Source,1,jurkat::BNIP1+ctrl,BNIP1,jurkat,2,True,outer1/contextjurkat,32efb25cb6b47fd0267bb6331c3693cbb5e6f9a86cb9bc3fefc562ffaaef709b
Source,1,jurkat::CCT7+ctrl,CCT7,jurkat,3,True,outer1/contextjurkat,32efb25cb6b47fd0267bb6331c3693cbb5e6f9a86cb9bc3fefc562ffaaef709b
Source,1,jurkat::CHCHD4+ctrl,CHCHD4,jurkat,3,True,outer1/contextjurkat,32efb25cb6b47fd0267bb6331c3693cbb5e6f9a86cb9bc3fefc562ffaaef709b
Source,1,jurkat::CHD4+ctrl,CHD4,jurkat,3,True,outer1/contextjurkat,32efb25cb6b47fd0267bb6331c3693cbb5e6f9a86cb9bc3fefc562ffaaef709b
Source,1,jurkat::CINP+ctrl,CINP,jurkat,2,True,outer1/contextjurkat,32efb25cb6b47fd0267bb6331c3693cbb5e6f9a86cb9bc3fefc562ffaaef709b
Source,1,jurkat::CMTR1+ctrl,CMTR1,jurkat,3,True,outer1/contextjurkat,32efb25cb6b47fd0267bb6331c3693cbb5e6f9a86cb9bc3fefc562ffaaef709b
Source,1,jurkat::COPS4+ctrl,COPS4,jurkat,3,True,outer1/contextjurkat,32efb25cb6b47fd0267bb6331c3693cbb5e6f9a86cb9bc3fefc562ffaaef709b
Source,1,jurkat::COX17+ctrl,COX17,jurkat,1,True,outer1/contextjurkat,32efb25cb6b47fd0267bb6331c3693cbb5e6f9a86cb9bc3fefc562ffaaef709b
Source,1,jurkat::CYCS+ctrl,CYCS,jurkat,1,True,outer1/contextjurkat,32efb25cb6b47fd0267bb6331c3693cbb5e6f9a86cb9bc3fefc562ffaaef709b
Source,1,jurkat::DAD1+ctrl,DAD1,jurkat,2,True,outer1/contextjurkat,32efb25cb6b47fd0267bb6331c3693cbb5e6f9a86cb9bc3fefc562ffaaef709b
Source,1,jurkat::DDX10+ctrl,DDX10,jurkat,3,True,outer1/contextjurkat,32efb25cb6b47fd0267bb6331c3693cbb5e6f9a86cb9bc3fefc562ffaaef709b
Source,1,jurkat::DDX55+ctrl,DDX55,jurkat,3,True,outer1/contextjurkat,32efb25cb6b47fd0267bb6331c3693cbb5e6f9a86cb9bc3fefc562ffaaef709b
Source,1,jurkat::DLD+ctrl,DLD,jurkat,3,True,outer1/contextjurkat,32efb25cb6b47fd0267bb6331c3693cbb5e6f9a86cb9bc3fefc562ffaaef709b
Source,1,jurkat::DUT+ctrl,DUT,jurkat,2,True,outer1/contextjurkat,32efb25cb6b47fd0267bb6331c3693cbb5e6f9a86cb9bc3fefc562ffaaef709b
Source,1,jurkat::EIF3D+ctrl,EIF3D,jurkat,2,True,outer1/contextjurkat,32efb25cb6b47fd0267bb6331c3693cbb5e6f9a86cb9bc3fefc562ffaaef709b
Source,1,jurkat::EIF4E+ctrl,EIF4E,jurkat,3,True,outer1/contextjurkat,32efb25cb6b47fd0267bb6331c3693cbb5e6f9a86cb9bc3fefc562ffaaef709b
Source,1,jurkat::EIF5+ctrl,EIF5,jurkat,2,True,outer1/contextjurkat,32efb25cb6b47fd0267bb6331c3693cbb5e6f9a86cb9bc3fefc562ffaaef709b
Source,1,jurkat::ETF1+ctrl,ETF1,jurkat,3,True,outer1/contextjurkat,32efb25cb6b47fd0267bb6331c3693cbb5e6f9a86cb9bc3fefc562ffaaef709b
Source,1,jurkat::EXOSC3+ctrl,EXOSC3,jurkat,3,True,outer1/contextjurkat,32efb25cb6b47fd0267bb6331c3693cbb5e6f9a86cb9bc3fefc562ffaaef709b
Source,1,jurkat::FARSA+ctrl,FARSA,jurkat,3,True,outer1/contextjurkat,32efb25cb6b47fd0267bb6331c3693cbb5e6f9a86cb9bc3fefc562ffaaef709b
Source,1,jurkat::GARS+ctrl,GARS,jurkat,3,True,outer1/contextjurkat,32efb25cb6b47fd0267bb6331c3693cbb5e6f9a86cb9bc3fefc562ffaaef709b
Source,1,jurkat::GNL3+ctrl,GNL3,jurkat,3,True,outer1/contextjurkat,32efb25cb6b47fd0267bb6331c3693cbb5e6f9a86cb9bc3fefc562ffaaef709b
Source,1,jurkat::IGBP1+ctrl,IGBP1,jurkat,3,True,outer1/contextjurkat,32efb25cb6b47fd0267bb6331c3693cbb5e6f9a86cb9bc3fefc562ffaaef709b
Source,1,jurkat::INTS4+ctrl,INTS4,jurkat,3,True,outer1/contextjurkat,32efb25cb6b47fd0267bb6331c3693cbb5e6f9a86cb9bc3fefc562ffaaef709b
Source,1,jurkat::INTS9+ctrl,INTS9,jurkat,3,True,outer1/contextjurkat,32efb25cb6b47fd0267bb6331c3693cbb5e6f9a86cb9bc3fefc562ffaaef709b
Source,1,jurkat::LSM7+ctrl,LSM7,jurkat,3,True,outer1/contextjurkat,32efb25cb6b47fd0267bb6331c3693cbb5e6f9a86cb9bc3fefc562ffaaef709b
Source,1,jurkat::MCM2+ctrl,MCM2,jurkat,3,True,outer1/contextjurkat,32efb25cb6b47fd0267bb6331c3693cbb5e6f9a86cb9bc3fefc562ffaaef709b
Source,1,jurkat::MED4+ctrl,MED4,jurkat,3,True,outer1/contextjurkat,32efb25cb6b47fd0267bb6331c3693cbb5e6f9a86cb9bc3fefc562ffaaef709b
Source,1,jurkat::MED22+ctrl,MED22,jurkat,2,True,outer1/contextjurkat,32efb25cb6b47fd0267bb6331c3693cbb5e6f9a86cb9bc3fefc562ffaaef709b
Source,1,jurkat::MPHOSPH10+ctrl,MPHOSPH10,jurkat,3,True,outer1/contextjurkat,32efb25cb6b47fd0267bb6331c3693cbb5e6f9a86cb9bc3fefc562ffaaef709b
Source,1,jurkat::MRPL18+ctrl,MRPL18,jurkat,2,True,outer1/contextjurkat,32efb25cb6b47fd0267bb6331c3693cbb5e6f9a86cb9bc3fefc562ffaaef709b
Source,1,jurkat::MRPL36+ctrl,MRPL36,jurkat,3,True,outer1/contextjurkat,32efb25cb6b47fd0267bb6331c3693cbb5e6f9a86cb9bc3fefc562ffaaef709b
Source,1,jurkat::MTBP+ctrl,MTBP,jurkat,2,True,outer1/contextjurkat,32efb25cb6b47fd0267bb6331c3693cbb5e6f9a86cb9bc3fefc562ffaaef709b
Source,1,jurkat::NCBP2+ctrl,NCBP2,jurkat,3,True,outer1/contextjurkat,32efb25cb6b47fd0267bb6331c3693cbb5e6f9a86cb9bc3fefc562ffaaef709b
Source,1,jurkat::NRBP1+ctrl,NRBP1,jurkat,3,True,outer1/contextjurkat,32efb25cb6b47fd0267bb6331c3693cbb5e6f9a86cb9bc3fefc562ffaaef709b
Source,1,jurkat::NUP85+ctrl,NUP85,jurkat,3,True,outer1/contextjurkat,32efb25cb6b47fd0267bb6331c3693cbb5e6f9a86cb9bc3fefc562ffaaef709b
Source,1,jurkat::PAF1+ctrl,PAF1,jurkat,3,True,outer1/contextjurkat,32efb25cb6b47fd0267bb6331c3693cbb5e6f9a86cb9bc3fefc562ffaaef709b
Source,1,jurkat::PFDN2+ctrl,PFDN2,jurkat,3,True,outer1/contextjurkat,32efb25cb6b47fd0267bb6331c3693cbb5e6f9a86cb9bc3fefc562ffaaef709b
Source,1,jurkat::PNN+ctrl,PNN,jurkat,3,True,outer1/contextjurkat,32efb25cb6b47fd0267bb6331c3693cbb5e6f9a86cb9bc3fefc562ffaaef709b
Source,1,jurkat::PNO1+ctrl,PNO1,jurkat,2,True,outer1/contextjurkat,32efb25cb6b47fd0267bb6331c3693cbb5e6f9a86cb9bc3fefc562ffaaef709b
Source,1,jurkat::POLR2I+ctrl,POLR2I,jurkat,3,True,outer1/contextjurkat,32efb25cb6b47fd0267bb6331c3693cbb5e6f9a86cb9bc3fefc562ffaaef709b
Source,1,jurkat::POLRMT+ctrl,POLRMT,jurkat,3,True,outer1/contextjurkat,32efb25cb6b47fd0267bb6331c3693cbb5e6f9a86cb9bc3fefc562ffaaef709b
Source,1,jurkat::PPIH+ctrl,PPIH,jurkat,3,True,outer1/contextjurkat,32efb25cb6b47fd0267bb6331c3693cbb5e6f9a86cb9bc3fefc562ffaaef709b
Source,1,jurkat::PPIL4+ctrl,PPIL4,jurkat,3,True,outer1/contextjurkat,32efb25cb6b47fd0267bb6331c3693cbb5e6f9a86cb9bc3fefc562ffaaef709b
Source,1,jurkat::PPP1R8+ctrl,PPP1R8,jurkat,3,True,outer1/contextjurkat,32efb25cb6b47fd0267bb6331c3693cbb5e6f9a86cb9bc3fefc562ffaaef709b
Source,1,jurkat::PRRC2A+ctrl,PRRC2A,jurkat,3,True,outer1/contextjurkat,32efb25cb6b47fd0267bb6331c3693cbb5e6f9a86cb9bc3fefc562ffaaef709b
Source,1,jurkat::RBM25+ctrl,RBM25,jurkat,3,True,outer1/contextjurkat,32efb25cb6b47fd0267bb6331c3693cbb5e6f9a86cb9bc3fefc562ffaaef709b
Source,1,jurkat::RBM28+ctrl,RBM28,jurkat,2,True,outer1/contextjurkat,32efb25cb6b47fd0267bb6331c3693cbb5e6f9a86cb9bc3fefc562ffaaef709b
Source,1,jurkat::RFC2+ctrl,RFC2,jurkat,3,True,outer1/contextjurkat,32efb25cb6b47fd0267bb6331c3693cbb5e6f9a86cb9bc3fefc562ffaaef709b
Source,1,jurkat::RINT1+ctrl,RINT1,jurkat,3,True,outer1/contextjurkat,32efb25cb6b47fd0267bb6331c3693cbb5e6f9a86cb9bc3fefc562ffaaef709b
Source,1,jurkat::RIOK2+ctrl,RIOK2,jurkat,2,True,outer1/contextjurkat,32efb25cb6b47fd0267bb6331c3693cbb5e6f9a86cb9bc3fefc562ffaaef709b
Source,1,jurkat::RPAP1+ctrl,RPAP1,jurkat,3,True,outer1/contextjurkat,32efb25cb6b47fd0267bb6331c3693cbb5e6f9a86cb9bc3fefc562ffaaef709b
Source,1,jurkat::RPL5+ctrl,RPL5,jurkat,3,True,outer1/contextjurkat,32efb25cb6b47fd0267bb6331c3693cbb5e6f9a86cb9bc3fefc562ffaaef709b
Source,1,jurkat::RPL7+ctrl,RPL7,jurkat,3,True,outer1/contextjurkat,32efb25cb6b47fd0267bb6331c3693cbb5e6f9a86cb9bc3fefc562ffaaef709b
Source,1,jurkat::RPL37A+ctrl,RPL37A,jurkat,3,True,outer1/contextjurkat,32efb25cb6b47fd0267bb6331c3693cbb5e6f9a86cb9bc3fefc562ffaaef709b
Source,1,jurkat::RPLP0+ctrl,RPLP0,jurkat,3,True,outer1/contextjurkat,32efb25cb6b47fd0267bb6331c3693cbb5e6f9a86cb9bc3fefc562ffaaef709b
Source,1,jurkat::RPS4X+ctrl,RPS4X,jurkat,2,True,outer1/contextjurkat,32efb25cb6b47fd0267bb6331c3693cbb5e6f9a86cb9bc3fefc562ffaaef709b
Source,1,jurkat::RPS6+ctrl,RPS6,jurkat,3,True,outer1/contextjurkat,32efb25cb6b47fd0267bb6331c3693cbb5e6f9a86cb9bc3fefc562ffaaef709b
Source,1,jurkat::RPS10+ctrl,RPS10,jurkat,3,True,outer1/contextjurkat,32efb25cb6b47fd0267bb6331c3693cbb5e6f9a86cb9bc3fefc562ffaaef709b
Source,1,jurkat::RPS20+ctrl,RPS20,jurkat,3,True,outer1/contextjurkat,32efb25cb6b47fd0267bb6331c3693cbb5e6f9a86cb9bc3fefc562ffaaef709b
Source,1,jurkat::RRP7A+ctrl,RRP7A,jurkat,2,True,outer1/contextjurkat,32efb25cb6b47fd0267bb6331c3693cbb5e6f9a86cb9bc3fefc562ffaaef709b
Source,1,jurkat::SART3+ctrl,SART3,jurkat,3,True,outer1/contextjurkat,32efb25cb6b47fd0267bb6331c3693cbb5e6f9a86cb9bc3fefc562ffaaef709b
Source,1,jurkat::SDHC+ctrl,SDHC,jurkat,3,True,outer1/contextjurkat,32efb25cb6b47fd0267bb6331c3693cbb5e6f9a86cb9bc3fefc562ffaaef709b
Source,1,jurkat::SEC61A1+ctrl,SEC61A1,jurkat,2,True,outer1/contextjurkat,32efb25cb6b47fd0267bb6331c3693cbb5e6f9a86cb9bc3fefc562ffaaef709b
Source,1,jurkat::SLBP+ctrl,SLBP,jurkat,3,True,outer1/contextjurkat,32efb25cb6b47fd0267bb6331c3693cbb5e6f9a86cb9bc3fefc562ffaaef709b
Source,1,jurkat::SNIP1+ctrl,SNIP1,jurkat,3,True,outer1/contextjurkat,32efb25cb6b47fd0267bb6331c3693cbb5e6f9a86cb9bc3fefc562ffaaef709b
Source,1,jurkat::SRSF1+ctrl,SRSF1,jurkat,3,True,outer1/contextjurkat,32efb25cb6b47fd0267bb6331c3693cbb5e6f9a86cb9bc3fefc562ffaaef709b
Source,1,jurkat::SUPT5H+ctrl,SUPT5H,jurkat,2,True,outer1/contextjurkat,32efb25cb6b47fd0267bb6331c3693cbb5e6f9a86cb9bc3fefc562ffaaef709b
Source,1,jurkat::TAF7+ctrl,TAF7,jurkat,3,True,outer1/contextjurkat,32efb25cb6b47fd0267bb6331c3693cbb5e6f9a86cb9bc3fefc562ffaaef709b
Source,1,jurkat::TERF2+ctrl,TERF2,jurkat,3,True,outer1/contextjurkat,32efb25cb6b47fd0267bb6331c3693cbb5e6f9a86cb9bc3fefc562ffaaef709b
Source,1,jurkat::THOC6+ctrl,THOC6,jurkat,2,True,outer1/contextjurkat,32efb25cb6b47fd0267bb6331c3693cbb5e6f9a86cb9bc3fefc562ffaaef709b
Source,1,jurkat::TIMM44+ctrl,TIMM44,jurkat,3,True,outer1/contextjurkat,32efb25cb6b47fd0267bb6331c3693cbb5e6f9a86cb9bc3fefc562ffaaef709b
Source,1,jurkat::TRMT112+ctrl,TRMT112,jurkat,3,True,outer1/contextjurkat,32efb25cb6b47fd0267bb6331c3693cbb5e6f9a86cb9bc3fefc562ffaaef709b
Source,1,jurkat::UPF2+ctrl,UPF2,jurkat,3,True,outer1/contextjurkat,32efb25cb6b47fd0267bb6331c3693cbb5e6f9a86cb9bc3fefc562ffaaef709b
Source,1,jurkat::UTP23+ctrl,UTP23,jurkat,3,True,outer1/contextjurkat,32efb25cb6b47fd0267bb6331c3693cbb5e6f9a86cb9bc3fefc562ffaaef709b
Source,1,jurkat::WDR12+ctrl,WDR12,jurkat,3,True,outer1/contextjurkat,32efb25cb6b47fd0267bb6331c3693cbb5e6f9a86cb9bc3fefc562ffaaef709b
Source,1,jurkat::WDR82+ctrl,WDR82,jurkat,1,True,outer1/contextjurkat,32efb25cb6b47fd0267bb6331c3693cbb5e6f9a86cb9bc3fefc562ffaaef709b
Source,1,jurkat::ZMAT2+ctrl,ZMAT2,jurkat,3,True,outer1/contextjurkat,32efb25cb6b47fd0267bb6331c3693cbb5e6f9a86cb9bc3fefc562ffaaef709b
Source,1,jurkat::ZMAT5+ctrl,ZMAT5,jurkat,3,True,outer1/contextjurkat,32efb25cb6b47fd0267bb6331c3693cbb5e6f9a86cb9bc3fefc562ffaaef709b
Source,2,K562::ALG13+ctrl,ALG13,K562,3,True,outer2/contextK562,366fa3cdc3bc3adb507955d4644a62e2279d1166eab91e210f85e15605551468
Source,2,K562::ATF4+ctrl,ATF4,K562,1,True,outer2/contextK562,366fa3cdc3bc3adb507955d4644a62e2279d1166eab91e210f85e15605551468
Source,2,K562::ATP6V1A+ctrl,ATP6V1A,K562,3,True,outer2/contextK562,366fa3cdc3bc3adb507955d4644a62e2279d1166eab91e210f85e15605551468
Source,2,K562::ATRIP+ctrl,ATRIP,K562,3,True,outer2/contextK562,366fa3cdc3bc3adb507955d4644a62e2279d1166eab91e210f85e15605551468
Source,2,K562::CCDC59+ctrl,CCDC59,K562,3,True,outer2/contextK562,366fa3cdc3bc3adb507955d4644a62e2279d1166eab91e210f85e15605551468
Source,2,K562::CCT4+ctrl,CCT4,K562,3,True,outer2/contextK562,366fa3cdc3bc3adb507955d4644a62e2279d1166eab91e210f85e15605551468
Source,2,K562::CDC5L+ctrl,CDC5L,K562,3,True,outer2/contextK562,366fa3cdc3bc3adb507955d4644a62e2279d1166eab91e210f85e15605551468
Source,2,K562::CDC6+ctrl,CDC6,K562,2,True,outer2/contextK562,366fa3cdc3bc3adb507955d4644a62e2279d1166eab91e210f85e15605551468
Source,2,K562::CDC73+ctrl,CDC73,K562,3,True,outer2/contextK562,366fa3cdc3bc3adb507955d4644a62e2279d1166eab91e210f85e15605551468
Source,2,K562::CENPK+ctrl,CENPK,K562,2,True,outer2/contextK562,366fa3cdc3bc3adb507955d4644a62e2279d1166eab91e210f85e15605551468
Source,2,K562::CHMP1A+ctrl,CHMP1A,K562,1,True,outer2/contextK562,366fa3cdc3bc3adb507955d4644a62e2279d1166eab91e210f85e15605551468
Source,2,K562::CLP1+ctrl,CLP1,K562,2,True,outer2/contextK562,366fa3cdc3bc3adb507955d4644a62e2279d1166eab91e210f85e15605551468
Source,2,K562::COPS2+ctrl,COPS2,K562,3,True,outer2/contextK562,366fa3cdc3bc3adb507955d4644a62e2279d1166eab91e210f85e15605551468
Source,2,K562::COX7C+ctrl,COX7C,K562,2,True,outer2/contextK562,366fa3cdc3bc3adb507955d4644a62e2279d1166eab91e210f85e15605551468
Source,2,K562::CPSF3+ctrl,CPSF3,K562,3,True,outer2/contextK562,366fa3cdc3bc3adb507955d4644a62e2279d1166eab91e210f85e15605551468
Source,2,K562::CPSF4+ctrl,CPSF4,K562,3,True,outer2/contextK562,366fa3cdc3bc3adb507955d4644a62e2279d1166eab91e210f85e15605551468
Source,2,K562::CTR9+ctrl,CTR9,K562,1,True,outer2/contextK562,366fa3cdc3bc3adb507955d4644a62e2279d1166eab91e210f85e15605551468
Source,2,K562::CXXC1+ctrl,CXXC1,K562,2,True,outer2/contextK562,366fa3cdc3bc3adb507955d4644a62e2279d1166eab91e210f85e15605551468
Source,2,K562::DDB1+ctrl,DDB1,K562,3,True,outer2/contextK562,366fa3cdc3bc3adb507955d4644a62e2279d1166eab91e210f85e15605551468
Source,2,K562::DDX18+ctrl,DDX18,K562,2,True,outer2/contextK562,366fa3cdc3bc3adb507955d4644a62e2279d1166eab91e210f85e15605551468
Source,2,K562::DDX52+ctrl,DDX52,K562,3,True,outer2/contextK562,366fa3cdc3bc3adb507955d4644a62e2279d1166eab91e210f85e15605551468
Source,2,K562::DHX37+ctrl,DHX37,K562,3,True,outer2/contextK562,366fa3cdc3bc3adb507955d4644a62e2279d1166eab91e210f85e15605551468
Source,2,K562::DIS3+ctrl,DIS3,K562,1,True,outer2/contextK562,366fa3cdc3bc3adb507955d4644a62e2279d1166eab91e210f85e15605551468
Source,2,K562::DTL+ctrl,DTL,K562,3,True,outer2/contextK562,366fa3cdc3bc3adb507955d4644a62e2279d1166eab91e210f85e15605551468
Source,2,K562::DYNC1I2+ctrl,DYNC1I2,K562,3,True,outer2/contextK562,366fa3cdc3bc3adb507955d4644a62e2279d1166eab91e210f85e15605551468
Source,2,K562::EIF1AX+ctrl,EIF1AX,K562,2,True,outer2/contextK562,366fa3cdc3bc3adb507955d4644a62e2279d1166eab91e210f85e15605551468
Source,2,K562::EIF2B5+ctrl,EIF2B5,K562,3,True,outer2/contextK562,366fa3cdc3bc3adb507955d4644a62e2279d1166eab91e210f85e15605551468
Source,2,K562::ESF1+ctrl,ESF1,K562,2,True,outer2/contextK562,366fa3cdc3bc3adb507955d4644a62e2279d1166eab91e210f85e15605551468
Source,2,K562::EXOSC2+ctrl,EXOSC2,K562,3,True,outer2/contextK562,366fa3cdc3bc3adb507955d4644a62e2279d1166eab91e210f85e15605551468
Source,2,K562::FTSJ3+ctrl,FTSJ3,K562,3,True,outer2/contextK562,366fa3cdc3bc3adb507955d4644a62e2279d1166eab91e210f85e15605551468
Source,2,K562::GLE1+ctrl,GLE1,K562,3,True,outer2/contextK562,366fa3cdc3bc3adb507955d4644a62e2279d1166eab91e210f85e15605551468
Source,2,K562::GTF2B+ctrl,GTF2B,K562,2,True,outer2/contextK562,366fa3cdc3bc3adb507955d4644a62e2279d1166eab91e210f85e15605551468
Source,2,K562::HNRNPH1+ctrl,HNRNPH1,K562,3,True,outer2/contextK562,366fa3cdc3bc3adb507955d4644a62e2279d1166eab91e210f85e15605551468
Source,2,K562::ICE1+ctrl,ICE1,K562,3,True,outer2/contextK562,366fa3cdc3bc3adb507955d4644a62e2279d1166eab91e210f85e15605551468
Source,2,K562::IMPDH2+ctrl,IMPDH2,K562,2,True,outer2/contextK562,366fa3cdc3bc3adb507955d4644a62e2279d1166eab91e210f85e15605551468
Source,2,K562::INTS3+ctrl,INTS3,K562,3,True,outer2/contextK562,366fa3cdc3bc3adb507955d4644a62e2279d1166eab91e210f85e15605551468
Source,2,K562::KARS+ctrl,KARS,K562,2,True,outer2/contextK562,366fa3cdc3bc3adb507955d4644a62e2279d1166eab91e210f85e15605551468
Source,2,K562::LETM1+ctrl,LETM1,K562,3,True,outer2/contextK562,366fa3cdc3bc3adb507955d4644a62e2279d1166eab91e210f85e15605551468
Source,2,K562::LSM6+ctrl,LSM6,K562,3,True,outer2/contextK562,366fa3cdc3bc3adb507955d4644a62e2279d1166eab91e210f85e15605551468
Source,2,K562::MAX+ctrl,MAX,K562,3,True,outer2/contextK562,366fa3cdc3bc3adb507955d4644a62e2279d1166eab91e210f85e15605551468
Source,2,K562::MED28+ctrl,MED28,K562,1,True,outer2/contextK562,366fa3cdc3bc3adb507955d4644a62e2279d1166eab91e210f85e15605551468
Source,2,K562::MED30+ctrl,MED30,K562,2,True,outer2/contextK562,366fa3cdc3bc3adb507955d4644a62e2279d1166eab91e210f85e15605551468
Source,2,K562::MICOS10+ctrl,MICOS10,K562,2,True,outer2/contextK562,366fa3cdc3bc3adb507955d4644a62e2279d1166eab91e210f85e15605551468
Source,2,K562::MRPL14+ctrl,MRPL14,K562,2,True,outer2/contextK562,366fa3cdc3bc3adb507955d4644a62e2279d1166eab91e210f85e15605551468
Source,2,K562::MRPL43+ctrl,MRPL43,K562,2,True,outer2/contextK562,366fa3cdc3bc3adb507955d4644a62e2279d1166eab91e210f85e15605551468
Source,2,K562::MRPS9+ctrl,MRPS9,K562,2,True,outer2/contextK562,366fa3cdc3bc3adb507955d4644a62e2279d1166eab91e210f85e15605551468
Source,2,K562::MRPS14+ctrl,MRPS14,K562,2,True,outer2/contextK562,366fa3cdc3bc3adb507955d4644a62e2279d1166eab91e210f85e15605551468
Source,2,K562::MYBBP1A+ctrl,MYBBP1A,K562,3,True,outer2/contextK562,366fa3cdc3bc3adb507955d4644a62e2279d1166eab91e210f85e15605551468
Source,2,K562::NACA+ctrl,NACA,K562,3,True,outer2/contextK562,366fa3cdc3bc3adb507955d4644a62e2279d1166eab91e210f85e15605551468
Source,2,K562::NCBP1+ctrl,NCBP1,K562,2,True,outer2/contextK562,366fa3cdc3bc3adb507955d4644a62e2279d1166eab91e210f85e15605551468
Source,2,K562::NDC80+ctrl,NDC80,K562,1,True,outer2/contextK562,366fa3cdc3bc3adb507955d4644a62e2279d1166eab91e210f85e15605551468
Source,2,K562::NFRKB+ctrl,NFRKB,K562,3,True,outer2/contextK562,366fa3cdc3bc3adb507955d4644a62e2279d1166eab91e210f85e15605551468
Source,2,K562::NOL8+ctrl,NOL8,K562,3,True,outer2/contextK562,366fa3cdc3bc3adb507955d4644a62e2279d1166eab91e210f85e15605551468
Source,2,K562::NOL12+ctrl,NOL12,K562,3,True,outer2/contextK562,366fa3cdc3bc3adb507955d4644a62e2279d1166eab91e210f85e15605551468
Source,2,K562::NSRP1+ctrl,NSRP1,K562,1,True,outer2/contextK562,366fa3cdc3bc3adb507955d4644a62e2279d1166eab91e210f85e15605551468
Source,2,K562::NUP133+ctrl,NUP133,K562,3,True,outer2/contextK562,366fa3cdc3bc3adb507955d4644a62e2279d1166eab91e210f85e15605551468
Source,2,K562::ORC1+ctrl,ORC1,K562,3,True,outer2/contextK562,366fa3cdc3bc3adb507955d4644a62e2279d1166eab91e210f85e15605551468
Source,2,K562::PABPN1+ctrl,PABPN1,K562,3,True,outer2/contextK562,366fa3cdc3bc3adb507955d4644a62e2279d1166eab91e210f85e15605551468
Source,2,K562::PET117+ctrl,PET117,K562,3,True,outer2/contextK562,366fa3cdc3bc3adb507955d4644a62e2279d1166eab91e210f85e15605551468
Source,2,K562::PHB2+ctrl,PHB2,K562,3,True,outer2/contextK562,366fa3cdc3bc3adb507955d4644a62e2279d1166eab91e210f85e15605551468
Source,2,K562::PMPCB+ctrl,PMPCB,K562,3,True,outer2/contextK562,366fa3cdc3bc3adb507955d4644a62e2279d1166eab91e210f85e15605551468
Source,2,K562::POLR1C+ctrl,POLR1C,K562,1,True,outer2/contextK562,366fa3cdc3bc3adb507955d4644a62e2279d1166eab91e210f85e15605551468
Source,2,K562::POLR3F+ctrl,POLR3F,K562,3,True,outer2/contextK562,366fa3cdc3bc3adb507955d4644a62e2279d1166eab91e210f85e15605551468
Source,2,K562::PRMT1+ctrl,PRMT1,K562,3,True,outer2/contextK562,366fa3cdc3bc3adb507955d4644a62e2279d1166eab91e210f85e15605551468
Source,2,K562::PRPF18+ctrl,PRPF18,K562,3,True,outer2/contextK562,366fa3cdc3bc3adb507955d4644a62e2279d1166eab91e210f85e15605551468
Source,2,K562::PSMA3+ctrl,PSMA3,K562,2,True,outer2/contextK562,366fa3cdc3bc3adb507955d4644a62e2279d1166eab91e210f85e15605551468
Source,2,K562::PSMB6+ctrl,PSMB6,K562,3,True,outer2/contextK562,366fa3cdc3bc3adb507955d4644a62e2279d1166eab91e210f85e15605551468
Source,2,K562::PSMC4+ctrl,PSMC4,K562,2,True,outer2/contextK562,366fa3cdc3bc3adb507955d4644a62e2279d1166eab91e210f85e15605551468
Source,2,K562::PSMC6+ctrl,PSMC6,K562,1,True,outer2/contextK562,366fa3cdc3bc3adb507955d4644a62e2279d1166eab91e210f85e15605551468
Source,2,K562::PSMD12+ctrl,PSMD12,K562,3,True,outer2/contextK562,366fa3cdc3bc3adb507955d4644a62e2279d1166eab91e210f85e15605551468
Source,2,K562::RBM17+ctrl,RBM17,K562,2,True,outer2/contextK562,366fa3cdc3bc3adb507955d4644a62e2279d1166eab91e210f85e15605551468
Source,2,K562::RCL1+ctrl,RCL1,K562,3,True,outer2/contextK562,366fa3cdc3bc3adb507955d4644a62e2279d1166eab91e210f85e15605551468
Source,2,K562::RFC4+ctrl,RFC4,K562,3,True,outer2/contextK562,366fa3cdc3bc3adb507955d4644a62e2279d1166eab91e210f85e15605551468
Source,2,K562::RNF20+ctrl,RNF20,K562,3,True,outer2/contextK562,366fa3cdc3bc3adb507955d4644a62e2279d1166eab91e210f85e15605551468
Source,2,K562::RNMT+ctrl,RNMT,K562,3,True,outer2/contextK562,366fa3cdc3bc3adb507955d4644a62e2279d1166eab91e210f85e15605551468
Source,2,K562::RPL4+ctrl,RPL4,K562,3,True,outer2/contextK562,366fa3cdc3bc3adb507955d4644a62e2279d1166eab91e210f85e15605551468
Source,2,K562::RPL19+ctrl,RPL19,K562,2,True,outer2/contextK562,366fa3cdc3bc3adb507955d4644a62e2279d1166eab91e210f85e15605551468
Source,2,K562::RPL26+ctrl,RPL26,K562,3,True,outer2/contextK562,366fa3cdc3bc3adb507955d4644a62e2279d1166eab91e210f85e15605551468
Source,2,K562::RPL32+ctrl,RPL32,K562,3,True,outer2/contextK562,366fa3cdc3bc3adb507955d4644a62e2279d1166eab91e210f85e15605551468
Source,2,K562::RPL35A+ctrl,RPL35A,K562,3,True,outer2/contextK562,366fa3cdc3bc3adb507955d4644a62e2279d1166eab91e210f85e15605551468
Source,2,K562::RPS3A+ctrl,RPS3A,K562,3,True,outer2/contextK562,366fa3cdc3bc3adb507955d4644a62e2279d1166eab91e210f85e15605551468
Source,2,K562::RPS19BP1+ctrl,RPS19BP1,K562,3,True,outer2/contextK562,366fa3cdc3bc3adb507955d4644a62e2279d1166eab91e210f85e15605551468
Source,2,K562::RPS27A+ctrl,RPS27A,K562,3,True,outer2/contextK562,366fa3cdc3bc3adb507955d4644a62e2279d1166eab91e210f85e15605551468
Source,2,K562::RPS28+ctrl,RPS28,K562,2,True,outer2/contextK562,366fa3cdc3bc3adb507955d4644a62e2279d1166eab91e210f85e15605551468
Source,2,K562::RRP1+ctrl,RRP1,K562,2,True,outer2/contextK562,366fa3cdc3bc3adb507955d4644a62e2279d1166eab91e210f85e15605551468
Source,2,K562::RRP12+ctrl,RRP12,K562,3,True,outer2/contextK562,366fa3cdc3bc3adb507955d4644a62e2279d1166eab91e210f85e15605551468
Source,2,K562::SARS2+ctrl,SARS2,K562,3,True,outer2/contextK562,366fa3cdc3bc3adb507955d4644a62e2279d1166eab91e210f85e15605551468
Source,2,K562::SCFD1+ctrl,SCFD1,K562,2,True,outer2/contextK562,366fa3cdc3bc3adb507955d4644a62e2279d1166eab91e210f85e15605551468
Source,2,K562::SDC1+ctrl,SDC1,K562,2,True,outer2/contextK562,366fa3cdc3bc3adb507955d4644a62e2279d1166eab91e210f85e15605551468
Source,2,K562::SF3B5+ctrl,SF3B5,K562,2,True,outer2/contextK562,366fa3cdc3bc3adb507955d4644a62e2279d1166eab91e210f85e15605551468
Source,2,K562::SKA3+ctrl,SKA3,K562,2,True,outer2/contextK562,366fa3cdc3bc3adb507955d4644a62e2279d1166eab91e210f85e15605551468
Source,2,K562::SMG5+ctrl,SMG5,K562,3,True,outer2/contextK562,366fa3cdc3bc3adb507955d4644a62e2279d1166eab91e210f85e15605551468
Source,2,K562::SMU1+ctrl,SMU1,K562,1,True,outer2/contextK562,366fa3cdc3bc3adb507955d4644a62e2279d1166eab91e210f85e15605551468
Source,2,K562::SNRNP70+ctrl,SNRNP70,K562,2,True,outer2/contextK562,366fa3cdc3bc3adb507955d4644a62e2279d1166eab91e210f85e15605551468
Source,2,K562::SRRM2+ctrl,SRRM2,K562,3,True,outer2/contextK562,366fa3cdc3bc3adb507955d4644a62e2279d1166eab91e210f85e15605551468
Source,2,K562::SS18L2+ctrl,SS18L2,K562,1,True,outer2/contextK562,366fa3cdc3bc3adb507955d4644a62e2279d1166eab91e210f85e15605551468
Source,2,K562::SUPV3L1+ctrl,SUPV3L1,K562,2,True,outer2/contextK562,366fa3cdc3bc3adb507955d4644a62e2279d1166eab91e210f85e15605551468
Source,2,K562::TADA3+ctrl,TADA3,K562,3,True,outer2/contextK562,366fa3cdc3bc3adb507955d4644a62e2279d1166eab91e210f85e15605551468
Source,2,K562::TAF6+ctrl,TAF6,K562,3,True,outer2/contextK562,366fa3cdc3bc3adb507955d4644a62e2279d1166eab91e210f85e15605551468
Source,2,K562::TCOF1+ctrl,TCOF1,K562,3,True,outer2/contextK562,366fa3cdc3bc3adb507955d4644a62e2279d1166eab91e210f85e15605551468
Source,2,K562::TELO2+ctrl,TELO2,K562,2,True,outer2/contextK562,366fa3cdc3bc3adb507955d4644a62e2279d1166eab91e210f85e15605551468
Source,2,K562::TIMM23B+ctrl,TIMM23B,K562,3,True,outer2/contextK562,366fa3cdc3bc3adb507955d4644a62e2279d1166eab91e210f85e15605551468
Source,2,K562::TRMT10C+ctrl,TRMT10C,K562,1,True,outer2/contextK562,366fa3cdc3bc3adb507955d4644a62e2279d1166eab91e210f85e15605551468
Source,2,K562::U2AF1+ctrl,U2AF1,K562,2,True,outer2/contextK562,366fa3cdc3bc3adb507955d4644a62e2279d1166eab91e210f85e15605551468
Source,2,K562::UBA52+ctrl,UBA52,K562,3,True,outer2/contextK562,366fa3cdc3bc3adb507955d4644a62e2279d1166eab91e210f85e15605551468
Source,2,K562::UPF1+ctrl,UPF1,K562,2,True,outer2/contextK562,366fa3cdc3bc3adb507955d4644a62e2279d1166eab91e210f85e15605551468
Source,2,K562::UQCRQ+ctrl,UQCRQ,K562,2,True,outer2/contextK562,366fa3cdc3bc3adb507955d4644a62e2279d1166eab91e210f85e15605551468
Source,2,K562::WDHD1+ctrl,WDHD1,K562,3,True,outer2/contextK562,366fa3cdc3bc3adb507955d4644a62e2279d1166eab91e210f85e15605551468
Source,2,K562::XRCC5+ctrl,XRCC5,K562,3,True,outer2/contextK562,366fa3cdc3bc3adb507955d4644a62e2279d1166eab91e210f85e15605551468
Source,2,K562::YEATS2+ctrl,YEATS2,K562,3,True,outer2/contextK562,366fa3cdc3bc3adb507955d4644a62e2279d1166eab91e210f85e15605551468
Source,2,K562::ZFC3H1+ctrl,ZFC3H1,K562,3,True,outer2/contextK562,366fa3cdc3bc3adb507955d4644a62e2279d1166eab91e210f85e15605551468
Source,2,K562::ZNF574+ctrl,ZNF574,K562,2,True,outer2/contextK562,366fa3cdc3bc3adb507955d4644a62e2279d1166eab91e210f85e15605551468
Source,2,RPE1::ALG13+ctrl,ALG13,RPE1,3,True,outer2/contextRPE1,abc6b53359774f426136c8bfd40b6293fce078e842a3bf80c4a4532ca2a18846
Source,2,RPE1::ATP6V1A+ctrl,ATP6V1A,RPE1,3,True,outer2/contextRPE1,abc6b53359774f426136c8bfd40b6293fce078e842a3bf80c4a4532ca2a18846
Source,2,RPE1::ATRIP+ctrl,ATRIP,RPE1,3,True,outer2/contextRPE1,abc6b53359774f426136c8bfd40b6293fce078e842a3bf80c4a4532ca2a18846
Source,2,RPE1::CCDC59+ctrl,CCDC59,RPE1,3,True,outer2/contextRPE1,abc6b53359774f426136c8bfd40b6293fce078e842a3bf80c4a4532ca2a18846
Source,2,RPE1::CCT4+ctrl,CCT4,RPE1,3,True,outer2/contextRPE1,abc6b53359774f426136c8bfd40b6293fce078e842a3bf80c4a4532ca2a18846
Source,2,RPE1::CDC5L+ctrl,CDC5L,RPE1,3,True,outer2/contextRPE1,abc6b53359774f426136c8bfd40b6293fce078e842a3bf80c4a4532ca2a18846
Source,2,RPE1::CDC6+ctrl,CDC6,RPE1,2,True,outer2/contextRPE1,abc6b53359774f426136c8bfd40b6293fce078e842a3bf80c4a4532ca2a18846
Source,2,RPE1::CDC73+ctrl,CDC73,RPE1,3,True,outer2/contextRPE1,abc6b53359774f426136c8bfd40b6293fce078e842a3bf80c4a4532ca2a18846
Source,2,RPE1::CENPK+ctrl,CENPK,RPE1,2,True,outer2/contextRPE1,abc6b53359774f426136c8bfd40b6293fce078e842a3bf80c4a4532ca2a18846
Source,2,RPE1::COPS2+ctrl,COPS2,RPE1,3,True,outer2/contextRPE1,abc6b53359774f426136c8bfd40b6293fce078e842a3bf80c4a4532ca2a18846
Source,2,RPE1::CPSF3+ctrl,CPSF3,RPE1,3,True,outer2/contextRPE1,abc6b53359774f426136c8bfd40b6293fce078e842a3bf80c4a4532ca2a18846
Source,2,RPE1::CPSF4+ctrl,CPSF4,RPE1,3,True,outer2/contextRPE1,abc6b53359774f426136c8bfd40b6293fce078e842a3bf80c4a4532ca2a18846
Source,2,RPE1::CTR9+ctrl,CTR9,RPE1,1,True,outer2/contextRPE1,abc6b53359774f426136c8bfd40b6293fce078e842a3bf80c4a4532ca2a18846
Source,2,RPE1::CXXC1+ctrl,CXXC1,RPE1,2,True,outer2/contextRPE1,abc6b53359774f426136c8bfd40b6293fce078e842a3bf80c4a4532ca2a18846
Source,2,RPE1::DDB1+ctrl,DDB1,RPE1,3,True,outer2/contextRPE1,abc6b53359774f426136c8bfd40b6293fce078e842a3bf80c4a4532ca2a18846
Source,2,RPE1::DDX52+ctrl,DDX52,RPE1,3,True,outer2/contextRPE1,abc6b53359774f426136c8bfd40b6293fce078e842a3bf80c4a4532ca2a18846
Source,2,RPE1::DHX37+ctrl,DHX37,RPE1,3,True,outer2/contextRPE1,abc6b53359774f426136c8bfd40b6293fce078e842a3bf80c4a4532ca2a18846
Source,2,RPE1::DTL+ctrl,DTL,RPE1,3,True,outer2/contextRPE1,abc6b53359774f426136c8bfd40b6293fce078e842a3bf80c4a4532ca2a18846
Source,2,RPE1::DYNC1I2+ctrl,DYNC1I2,RPE1,3,True,outer2/contextRPE1,abc6b53359774f426136c8bfd40b6293fce078e842a3bf80c4a4532ca2a18846
Source,2,RPE1::EIF1AX+ctrl,EIF1AX,RPE1,2,True,outer2/contextRPE1,abc6b53359774f426136c8bfd40b6293fce078e842a3bf80c4a4532ca2a18846
Source,2,RPE1::EIF2B5+ctrl,EIF2B5,RPE1,3,True,outer2/contextRPE1,abc6b53359774f426136c8bfd40b6293fce078e842a3bf80c4a4532ca2a18846
Source,2,RPE1::EIF3B+ctrl,EIF3B,RPE1,3,True,outer2/contextRPE1,abc6b53359774f426136c8bfd40b6293fce078e842a3bf80c4a4532ca2a18846
Source,2,RPE1::EXOSC2+ctrl,EXOSC2,RPE1,3,True,outer2/contextRPE1,abc6b53359774f426136c8bfd40b6293fce078e842a3bf80c4a4532ca2a18846
Source,2,RPE1::FTSJ3+ctrl,FTSJ3,RPE1,3,True,outer2/contextRPE1,abc6b53359774f426136c8bfd40b6293fce078e842a3bf80c4a4532ca2a18846
Source,2,RPE1::GLE1+ctrl,GLE1,RPE1,3,True,outer2/contextRPE1,abc6b53359774f426136c8bfd40b6293fce078e842a3bf80c4a4532ca2a18846
Source,2,RPE1::HNRNPH1+ctrl,HNRNPH1,RPE1,3,True,outer2/contextRPE1,abc6b53359774f426136c8bfd40b6293fce078e842a3bf80c4a4532ca2a18846
Source,2,RPE1::ICE1+ctrl,ICE1,RPE1,3,True,outer2/contextRPE1,abc6b53359774f426136c8bfd40b6293fce078e842a3bf80c4a4532ca2a18846
Source,2,RPE1::INTS3+ctrl,INTS3,RPE1,3,True,outer2/contextRPE1,abc6b53359774f426136c8bfd40b6293fce078e842a3bf80c4a4532ca2a18846
Source,2,RPE1::LETM1+ctrl,LETM1,RPE1,3,True,outer2/contextRPE1,abc6b53359774f426136c8bfd40b6293fce078e842a3bf80c4a4532ca2a18846
Source,2,RPE1::LSM6+ctrl,LSM6,RPE1,3,True,outer2/contextRPE1,abc6b53359774f426136c8bfd40b6293fce078e842a3bf80c4a4532ca2a18846
Source,2,RPE1::MAX+ctrl,MAX,RPE1,3,True,outer2/contextRPE1,abc6b53359774f426136c8bfd40b6293fce078e842a3bf80c4a4532ca2a18846
Source,2,RPE1::MRPS14+ctrl,MRPS14,RPE1,2,True,outer2/contextRPE1,abc6b53359774f426136c8bfd40b6293fce078e842a3bf80c4a4532ca2a18846
Source,2,RPE1::MYBBP1A+ctrl,MYBBP1A,RPE1,3,True,outer2/contextRPE1,abc6b53359774f426136c8bfd40b6293fce078e842a3bf80c4a4532ca2a18846
Source,2,RPE1::NDC80+ctrl,NDC80,RPE1,1,True,outer2/contextRPE1,abc6b53359774f426136c8bfd40b6293fce078e842a3bf80c4a4532ca2a18846
Source,2,RPE1::NFRKB+ctrl,NFRKB,RPE1,3,True,outer2/contextRPE1,abc6b53359774f426136c8bfd40b6293fce078e842a3bf80c4a4532ca2a18846
Source,2,RPE1::NOL8+ctrl,NOL8,RPE1,3,True,outer2/contextRPE1,abc6b53359774f426136c8bfd40b6293fce078e842a3bf80c4a4532ca2a18846
Source,2,RPE1::NSRP1+ctrl,NSRP1,RPE1,1,True,outer2/contextRPE1,abc6b53359774f426136c8bfd40b6293fce078e842a3bf80c4a4532ca2a18846
Source,2,RPE1::NUP133+ctrl,NUP133,RPE1,3,True,outer2/contextRPE1,abc6b53359774f426136c8bfd40b6293fce078e842a3bf80c4a4532ca2a18846
Source,2,RPE1::ORC1+ctrl,ORC1,RPE1,3,True,outer2/contextRPE1,abc6b53359774f426136c8bfd40b6293fce078e842a3bf80c4a4532ca2a18846
Source,2,RPE1::PABPN1+ctrl,PABPN1,RPE1,3,True,outer2/contextRPE1,abc6b53359774f426136c8bfd40b6293fce078e842a3bf80c4a4532ca2a18846
Source,2,RPE1::PET117+ctrl,PET117,RPE1,3,True,outer2/contextRPE1,abc6b53359774f426136c8bfd40b6293fce078e842a3bf80c4a4532ca2a18846
Source,2,RPE1::PHB2+ctrl,PHB2,RPE1,3,True,outer2/contextRPE1,abc6b53359774f426136c8bfd40b6293fce078e842a3bf80c4a4532ca2a18846
Source,2,RPE1::PMPCB+ctrl,PMPCB,RPE1,3,True,outer2/contextRPE1,abc6b53359774f426136c8bfd40b6293fce078e842a3bf80c4a4532ca2a18846
Source,2,RPE1::POLR1C+ctrl,POLR1C,RPE1,1,True,outer2/contextRPE1,abc6b53359774f426136c8bfd40b6293fce078e842a3bf80c4a4532ca2a18846
Source,2,RPE1::POLR3F+ctrl,POLR3F,RPE1,3,True,outer2/contextRPE1,abc6b53359774f426136c8bfd40b6293fce078e842a3bf80c4a4532ca2a18846
Source,2,RPE1::PRMT1+ctrl,PRMT1,RPE1,3,True,outer2/contextRPE1,abc6b53359774f426136c8bfd40b6293fce078e842a3bf80c4a4532ca2a18846
Source,2,RPE1::PRPF18+ctrl,PRPF18,RPE1,3,True,outer2/contextRPE1,abc6b53359774f426136c8bfd40b6293fce078e842a3bf80c4a4532ca2a18846
Source,2,RPE1::PSMA3+ctrl,PSMA3,RPE1,2,True,outer2/contextRPE1,abc6b53359774f426136c8bfd40b6293fce078e842a3bf80c4a4532ca2a18846
Source,2,RPE1::PSMB3+ctrl,PSMB3,RPE1,2,True,outer2/contextRPE1,abc6b53359774f426136c8bfd40b6293fce078e842a3bf80c4a4532ca2a18846
Source,2,RPE1::PSMB6+ctrl,PSMB6,RPE1,3,True,outer2/contextRPE1,abc6b53359774f426136c8bfd40b6293fce078e842a3bf80c4a4532ca2a18846
Source,2,RPE1::RBM17+ctrl,RBM17,RPE1,2,True,outer2/contextRPE1,abc6b53359774f426136c8bfd40b6293fce078e842a3bf80c4a4532ca2a18846
Source,2,RPE1::RCL1+ctrl,RCL1,RPE1,3,True,outer2/contextRPE1,abc6b53359774f426136c8bfd40b6293fce078e842a3bf80c4a4532ca2a18846
Source,2,RPE1::RFC4+ctrl,RFC4,RPE1,3,True,outer2/contextRPE1,abc6b53359774f426136c8bfd40b6293fce078e842a3bf80c4a4532ca2a18846
Source,2,RPE1::RNF20+ctrl,RNF20,RPE1,3,True,outer2/contextRPE1,abc6b53359774f426136c8bfd40b6293fce078e842a3bf80c4a4532ca2a18846
Source,2,RPE1::RNMT+ctrl,RNMT,RPE1,3,True,outer2/contextRPE1,abc6b53359774f426136c8bfd40b6293fce078e842a3bf80c4a4532ca2a18846
Source,2,RPE1::RPL4+ctrl,RPL4,RPE1,3,True,outer2/contextRPE1,abc6b53359774f426136c8bfd40b6293fce078e842a3bf80c4a4532ca2a18846
Source,2,RPE1::RPL26+ctrl,RPL26,RPE1,3,True,outer2/contextRPE1,abc6b53359774f426136c8bfd40b6293fce078e842a3bf80c4a4532ca2a18846
Source,2,RPE1::RPL32+ctrl,RPL32,RPE1,3,True,outer2/contextRPE1,abc6b53359774f426136c8bfd40b6293fce078e842a3bf80c4a4532ca2a18846
Source,2,RPE1::RPL35A+ctrl,RPL35A,RPE1,3,True,outer2/contextRPE1,abc6b53359774f426136c8bfd40b6293fce078e842a3bf80c4a4532ca2a18846
Source,2,RPE1::RPS3A+ctrl,RPS3A,RPE1,3,True,outer2/contextRPE1,abc6b53359774f426136c8bfd40b6293fce078e842a3bf80c4a4532ca2a18846
Source,2,RPE1::RPS27A+ctrl,RPS27A,RPE1,3,True,outer2/contextRPE1,abc6b53359774f426136c8bfd40b6293fce078e842a3bf80c4a4532ca2a18846
Source,2,RPE1::SARS2+ctrl,SARS2,RPE1,3,True,outer2/contextRPE1,abc6b53359774f426136c8bfd40b6293fce078e842a3bf80c4a4532ca2a18846
Source,2,RPE1::SCFD1+ctrl,SCFD1,RPE1,2,True,outer2/contextRPE1,abc6b53359774f426136c8bfd40b6293fce078e842a3bf80c4a4532ca2a18846
Source,2,RPE1::SDC1+ctrl,SDC1,RPE1,2,True,outer2/contextRPE1,abc6b53359774f426136c8bfd40b6293fce078e842a3bf80c4a4532ca2a18846
Source,2,RPE1::SF3B5+ctrl,SF3B5,RPE1,2,True,outer2/contextRPE1,abc6b53359774f426136c8bfd40b6293fce078e842a3bf80c4a4532ca2a18846
Source,2,RPE1::SKA3+ctrl,SKA3,RPE1,2,True,outer2/contextRPE1,abc6b53359774f426136c8bfd40b6293fce078e842a3bf80c4a4532ca2a18846
Source,2,RPE1::SMG5+ctrl,SMG5,RPE1,3,True,outer2/contextRPE1,abc6b53359774f426136c8bfd40b6293fce078e842a3bf80c4a4532ca2a18846
Source,2,RPE1::SMU1+ctrl,SMU1,RPE1,1,True,outer2/contextRPE1,abc6b53359774f426136c8bfd40b6293fce078e842a3bf80c4a4532ca2a18846
Source,2,RPE1::SNRNP70+ctrl,SNRNP70,RPE1,2,True,outer2/contextRPE1,abc6b53359774f426136c8bfd40b6293fce078e842a3bf80c4a4532ca2a18846
Source,2,RPE1::SRRM2+ctrl,SRRM2,RPE1,3,True,outer2/contextRPE1,abc6b53359774f426136c8bfd40b6293fce078e842a3bf80c4a4532ca2a18846
Source,2,RPE1::TADA3+ctrl,TADA3,RPE1,3,True,outer2/contextRPE1,abc6b53359774f426136c8bfd40b6293fce078e842a3bf80c4a4532ca2a18846
Source,2,RPE1::TAF6+ctrl,TAF6,RPE1,3,True,outer2/contextRPE1,abc6b53359774f426136c8bfd40b6293fce078e842a3bf80c4a4532ca2a18846
Source,2,RPE1::TCOF1+ctrl,TCOF1,RPE1,3,True,outer2/contextRPE1,abc6b53359774f426136c8bfd40b6293fce078e842a3bf80c4a4532ca2a18846
Source,2,RPE1::TELO2+ctrl,TELO2,RPE1,2,True,outer2/contextRPE1,abc6b53359774f426136c8bfd40b6293fce078e842a3bf80c4a4532ca2a18846
Source,2,RPE1::TIMM23B+ctrl,TIMM23B,RPE1,3,True,outer2/contextRPE1,abc6b53359774f426136c8bfd40b6293fce078e842a3bf80c4a4532ca2a18846
Source,2,RPE1::U2AF1+ctrl,U2AF1,RPE1,2,True,outer2/contextRPE1,abc6b53359774f426136c8bfd40b6293fce078e842a3bf80c4a4532ca2a18846
Source,2,RPE1::UBA52+ctrl,UBA52,RPE1,3,True,outer2/contextRPE1,abc6b53359774f426136c8bfd40b6293fce078e842a3bf80c4a4532ca2a18846
Source,2,RPE1::UPF1+ctrl,UPF1,RPE1,2,True,outer2/contextRPE1,abc6b53359774f426136c8bfd40b6293fce078e842a3bf80c4a4532ca2a18846
Source,2,RPE1::UQCRQ+ctrl,UQCRQ,RPE1,2,True,outer2/contextRPE1,abc6b53359774f426136c8bfd40b6293fce078e842a3bf80c4a4532ca2a18846
Source,2,RPE1::WDHD1+ctrl,WDHD1,RPE1,3,True,outer2/contextRPE1,abc6b53359774f426136c8bfd40b6293fce078e842a3bf80c4a4532ca2a18846
Source,2,RPE1::XRCC5+ctrl,XRCC5,RPE1,3,True,outer2/contextRPE1,abc6b53359774f426136c8bfd40b6293fce078e842a3bf80c4a4532ca2a18846
Source,2,RPE1::YEATS2+ctrl,YEATS2,RPE1,3,True,outer2/contextRPE1,abc6b53359774f426136c8bfd40b6293fce078e842a3bf80c4a4532ca2a18846
Source,2,RPE1::ZFC3H1+ctrl,ZFC3H1,RPE1,3,True,outer2/contextRPE1,abc6b53359774f426136c8bfd40b6293fce078e842a3bf80c4a4532ca2a18846
Source,2,RPE1::ZNF574+ctrl,ZNF574,RPE1,2,True,outer2/contextRPE1,abc6b53359774f426136c8bfd40b6293fce078e842a3bf80c4a4532ca2a18846
Source,2,hepg2::ALG13+ctrl,ALG13,hepg2,3,True,outer2/contexthepg2,8081c5df944232ee0840be4d0b6bf9311827b04994984bdb0c332b9e58b1d1fc
Source,2,hepg2::ATP6V1A+ctrl,ATP6V1A,hepg2,3,True,outer2/contexthepg2,8081c5df944232ee0840be4d0b6bf9311827b04994984bdb0c332b9e58b1d1fc
Source,2,hepg2::ATRIP+ctrl,ATRIP,hepg2,3,True,outer2/contexthepg2,8081c5df944232ee0840be4d0b6bf9311827b04994984bdb0c332b9e58b1d1fc
Source,2,hepg2::CCDC59+ctrl,CCDC59,hepg2,3,True,outer2/contexthepg2,8081c5df944232ee0840be4d0b6bf9311827b04994984bdb0c332b9e58b1d1fc
Source,2,hepg2::CCT4+ctrl,CCT4,hepg2,3,True,outer2/contexthepg2,8081c5df944232ee0840be4d0b6bf9311827b04994984bdb0c332b9e58b1d1fc
Source,2,hepg2::CDC6+ctrl,CDC6,hepg2,2,True,outer2/contexthepg2,8081c5df944232ee0840be4d0b6bf9311827b04994984bdb0c332b9e58b1d1fc
Source,2,hepg2::CDC73+ctrl,CDC73,hepg2,3,True,outer2/contexthepg2,8081c5df944232ee0840be4d0b6bf9311827b04994984bdb0c332b9e58b1d1fc
Source,2,hepg2::COPS2+ctrl,COPS2,hepg2,3,True,outer2/contexthepg2,8081c5df944232ee0840be4d0b6bf9311827b04994984bdb0c332b9e58b1d1fc
Source,2,hepg2::COX7C+ctrl,COX7C,hepg2,2,True,outer2/contexthepg2,8081c5df944232ee0840be4d0b6bf9311827b04994984bdb0c332b9e58b1d1fc
Source,2,hepg2::CPSF3+ctrl,CPSF3,hepg2,3,True,outer2/contexthepg2,8081c5df944232ee0840be4d0b6bf9311827b04994984bdb0c332b9e58b1d1fc
Source,2,hepg2::CPSF4+ctrl,CPSF4,hepg2,3,True,outer2/contexthepg2,8081c5df944232ee0840be4d0b6bf9311827b04994984bdb0c332b9e58b1d1fc
Source,2,hepg2::DDB1+ctrl,DDB1,hepg2,3,True,outer2/contexthepg2,8081c5df944232ee0840be4d0b6bf9311827b04994984bdb0c332b9e58b1d1fc
Source,2,hepg2::DDX18+ctrl,DDX18,hepg2,2,True,outer2/contexthepg2,8081c5df944232ee0840be4d0b6bf9311827b04994984bdb0c332b9e58b1d1fc
Source,2,hepg2::DDX52+ctrl,DDX52,hepg2,3,True,outer2/contexthepg2,8081c5df944232ee0840be4d0b6bf9311827b04994984bdb0c332b9e58b1d1fc
Source,2,hepg2::DHX37+ctrl,DHX37,hepg2,3,True,outer2/contexthepg2,8081c5df944232ee0840be4d0b6bf9311827b04994984bdb0c332b9e58b1d1fc
Source,2,hepg2::DTL+ctrl,DTL,hepg2,3,True,outer2/contexthepg2,8081c5df944232ee0840be4d0b6bf9311827b04994984bdb0c332b9e58b1d1fc
Source,2,hepg2::DYNC1I2+ctrl,DYNC1I2,hepg2,3,True,outer2/contexthepg2,8081c5df944232ee0840be4d0b6bf9311827b04994984bdb0c332b9e58b1d1fc
Source,2,hepg2::EIF1AX+ctrl,EIF1AX,hepg2,2,True,outer2/contexthepg2,8081c5df944232ee0840be4d0b6bf9311827b04994984bdb0c332b9e58b1d1fc
Source,2,hepg2::EIF2B5+ctrl,EIF2B5,hepg2,3,True,outer2/contexthepg2,8081c5df944232ee0840be4d0b6bf9311827b04994984bdb0c332b9e58b1d1fc
Source,2,hepg2::EIF3B+ctrl,EIF3B,hepg2,3,True,outer2/contexthepg2,8081c5df944232ee0840be4d0b6bf9311827b04994984bdb0c332b9e58b1d1fc
Source,2,hepg2::ESF1+ctrl,ESF1,hepg2,2,True,outer2/contexthepg2,8081c5df944232ee0840be4d0b6bf9311827b04994984bdb0c332b9e58b1d1fc
Source,2,hepg2::EXOSC2+ctrl,EXOSC2,hepg2,3,True,outer2/contexthepg2,8081c5df944232ee0840be4d0b6bf9311827b04994984bdb0c332b9e58b1d1fc
Source,2,hepg2::GLE1+ctrl,GLE1,hepg2,3,True,outer2/contexthepg2,8081c5df944232ee0840be4d0b6bf9311827b04994984bdb0c332b9e58b1d1fc
Source,2,hepg2::HNRNPH1+ctrl,HNRNPH1,hepg2,3,True,outer2/contexthepg2,8081c5df944232ee0840be4d0b6bf9311827b04994984bdb0c332b9e58b1d1fc
Source,2,hepg2::ICE1+ctrl,ICE1,hepg2,3,True,outer2/contexthepg2,8081c5df944232ee0840be4d0b6bf9311827b04994984bdb0c332b9e58b1d1fc
Source,2,hepg2::IMPDH2+ctrl,IMPDH2,hepg2,2,True,outer2/contexthepg2,8081c5df944232ee0840be4d0b6bf9311827b04994984bdb0c332b9e58b1d1fc
Source,2,hepg2::INTS3+ctrl,INTS3,hepg2,3,True,outer2/contexthepg2,8081c5df944232ee0840be4d0b6bf9311827b04994984bdb0c332b9e58b1d1fc
Source,2,hepg2::LETM1+ctrl,LETM1,hepg2,3,True,outer2/contexthepg2,8081c5df944232ee0840be4d0b6bf9311827b04994984bdb0c332b9e58b1d1fc
Source,2,hepg2::LSM6+ctrl,LSM6,hepg2,3,True,outer2/contexthepg2,8081c5df944232ee0840be4d0b6bf9311827b04994984bdb0c332b9e58b1d1fc
Source,2,hepg2::MAX+ctrl,MAX,hepg2,3,True,outer2/contexthepg2,8081c5df944232ee0840be4d0b6bf9311827b04994984bdb0c332b9e58b1d1fc
Source,2,hepg2::MED30+ctrl,MED30,hepg2,2,True,outer2/contexthepg2,8081c5df944232ee0840be4d0b6bf9311827b04994984bdb0c332b9e58b1d1fc
Source,2,hepg2::MICOS10+ctrl,MICOS10,hepg2,2,True,outer2/contexthepg2,8081c5df944232ee0840be4d0b6bf9311827b04994984bdb0c332b9e58b1d1fc
Source,2,hepg2::MRPL14+ctrl,MRPL14,hepg2,2,True,outer2/contexthepg2,8081c5df944232ee0840be4d0b6bf9311827b04994984bdb0c332b9e58b1d1fc
Source,2,hepg2::MRPS9+ctrl,MRPS9,hepg2,2,True,outer2/contexthepg2,8081c5df944232ee0840be4d0b6bf9311827b04994984bdb0c332b9e58b1d1fc
Source,2,hepg2::MYBBP1A+ctrl,MYBBP1A,hepg2,3,True,outer2/contexthepg2,8081c5df944232ee0840be4d0b6bf9311827b04994984bdb0c332b9e58b1d1fc
Source,2,hepg2::NACA+ctrl,NACA,hepg2,3,True,outer2/contexthepg2,8081c5df944232ee0840be4d0b6bf9311827b04994984bdb0c332b9e58b1d1fc
Source,2,hepg2::NFRKB+ctrl,NFRKB,hepg2,3,True,outer2/contexthepg2,8081c5df944232ee0840be4d0b6bf9311827b04994984bdb0c332b9e58b1d1fc
Source,2,hepg2::NOL8+ctrl,NOL8,hepg2,3,True,outer2/contexthepg2,8081c5df944232ee0840be4d0b6bf9311827b04994984bdb0c332b9e58b1d1fc
Source,2,hepg2::NOL12+ctrl,NOL12,hepg2,3,True,outer2/contexthepg2,8081c5df944232ee0840be4d0b6bf9311827b04994984bdb0c332b9e58b1d1fc
Source,2,hepg2::NUP133+ctrl,NUP133,hepg2,3,True,outer2/contexthepg2,8081c5df944232ee0840be4d0b6bf9311827b04994984bdb0c332b9e58b1d1fc
Source,2,hepg2::ORC1+ctrl,ORC1,hepg2,3,True,outer2/contexthepg2,8081c5df944232ee0840be4d0b6bf9311827b04994984bdb0c332b9e58b1d1fc
Source,2,hepg2::PABPN1+ctrl,PABPN1,hepg2,3,True,outer2/contexthepg2,8081c5df944232ee0840be4d0b6bf9311827b04994984bdb0c332b9e58b1d1fc
Source,2,hepg2::PET117+ctrl,PET117,hepg2,3,True,outer2/contexthepg2,8081c5df944232ee0840be4d0b6bf9311827b04994984bdb0c332b9e58b1d1fc
Source,2,hepg2::PHB2+ctrl,PHB2,hepg2,3,True,outer2/contexthepg2,8081c5df944232ee0840be4d0b6bf9311827b04994984bdb0c332b9e58b1d1fc
Source,2,hepg2::PMPCB+ctrl,PMPCB,hepg2,3,True,outer2/contexthepg2,8081c5df944232ee0840be4d0b6bf9311827b04994984bdb0c332b9e58b1d1fc
Source,2,hepg2::POLR3F+ctrl,POLR3F,hepg2,3,True,outer2/contexthepg2,8081c5df944232ee0840be4d0b6bf9311827b04994984bdb0c332b9e58b1d1fc
Source,2,hepg2::PRPF18+ctrl,PRPF18,hepg2,3,True,outer2/contexthepg2,8081c5df944232ee0840be4d0b6bf9311827b04994984bdb0c332b9e58b1d1fc
Source,2,hepg2::PSMA3+ctrl,PSMA3,hepg2,2,True,outer2/contexthepg2,8081c5df944232ee0840be4d0b6bf9311827b04994984bdb0c332b9e58b1d1fc
Source,2,hepg2::PSMB3+ctrl,PSMB3,hepg2,2,True,outer2/contexthepg2,8081c5df944232ee0840be4d0b6bf9311827b04994984bdb0c332b9e58b1d1fc
Source,2,hepg2::PSMB6+ctrl,PSMB6,hepg2,3,True,outer2/contexthepg2,8081c5df944232ee0840be4d0b6bf9311827b04994984bdb0c332b9e58b1d1fc
Source,2,hepg2::PSMC4+ctrl,PSMC4,hepg2,2,True,outer2/contexthepg2,8081c5df944232ee0840be4d0b6bf9311827b04994984bdb0c332b9e58b1d1fc
Source,2,hepg2::RBM17+ctrl,RBM17,hepg2,2,True,outer2/contexthepg2,8081c5df944232ee0840be4d0b6bf9311827b04994984bdb0c332b9e58b1d1fc
Source,2,hepg2::RCL1+ctrl,RCL1,hepg2,3,True,outer2/contexthepg2,8081c5df944232ee0840be4d0b6bf9311827b04994984bdb0c332b9e58b1d1fc
Source,2,hepg2::RFC4+ctrl,RFC4,hepg2,3,True,outer2/contexthepg2,8081c5df944232ee0840be4d0b6bf9311827b04994984bdb0c332b9e58b1d1fc
Source,2,hepg2::RNMT+ctrl,RNMT,hepg2,3,True,outer2/contexthepg2,8081c5df944232ee0840be4d0b6bf9311827b04994984bdb0c332b9e58b1d1fc
Source,2,hepg2::RPL4+ctrl,RPL4,hepg2,3,True,outer2/contexthepg2,8081c5df944232ee0840be4d0b6bf9311827b04994984bdb0c332b9e58b1d1fc
Source,2,hepg2::RPL26+ctrl,RPL26,hepg2,3,True,outer2/contexthepg2,8081c5df944232ee0840be4d0b6bf9311827b04994984bdb0c332b9e58b1d1fc
Source,2,hepg2::RPL32+ctrl,RPL32,hepg2,3,True,outer2/contexthepg2,8081c5df944232ee0840be4d0b6bf9311827b04994984bdb0c332b9e58b1d1fc
Source,2,hepg2::RPL35A+ctrl,RPL35A,hepg2,3,True,outer2/contexthepg2,8081c5df944232ee0840be4d0b6bf9311827b04994984bdb0c332b9e58b1d1fc
Source,2,hepg2::RPS3A+ctrl,RPS3A,hepg2,3,True,outer2/contexthepg2,8081c5df944232ee0840be4d0b6bf9311827b04994984bdb0c332b9e58b1d1fc
Source,2,hepg2::RPS19BP1+ctrl,RPS19BP1,hepg2,3,True,outer2/contexthepg2,8081c5df944232ee0840be4d0b6bf9311827b04994984bdb0c332b9e58b1d1fc
Source,2,hepg2::RPS27A+ctrl,RPS27A,hepg2,3,True,outer2/contexthepg2,8081c5df944232ee0840be4d0b6bf9311827b04994984bdb0c332b9e58b1d1fc
Source,2,hepg2::RPS28+ctrl,RPS28,hepg2,2,True,outer2/contexthepg2,8081c5df944232ee0840be4d0b6bf9311827b04994984bdb0c332b9e58b1d1fc
Source,2,hepg2::RRP12+ctrl,RRP12,hepg2,3,True,outer2/contexthepg2,8081c5df944232ee0840be4d0b6bf9311827b04994984bdb0c332b9e58b1d1fc
Source,2,hepg2::SARS2+ctrl,SARS2,hepg2,3,True,outer2/contexthepg2,8081c5df944232ee0840be4d0b6bf9311827b04994984bdb0c332b9e58b1d1fc
Source,2,hepg2::SCFD1+ctrl,SCFD1,hepg2,2,True,outer2/contexthepg2,8081c5df944232ee0840be4d0b6bf9311827b04994984bdb0c332b9e58b1d1fc
Source,2,hepg2::SDC1+ctrl,SDC1,hepg2,2,True,outer2/contexthepg2,8081c5df944232ee0840be4d0b6bf9311827b04994984bdb0c332b9e58b1d1fc
Source,2,hepg2::SF3B5+ctrl,SF3B5,hepg2,2,True,outer2/contexthepg2,8081c5df944232ee0840be4d0b6bf9311827b04994984bdb0c332b9e58b1d1fc
Source,2,hepg2::SKA3+ctrl,SKA3,hepg2,2,True,outer2/contexthepg2,8081c5df944232ee0840be4d0b6bf9311827b04994984bdb0c332b9e58b1d1fc
Source,2,hepg2::SMG5+ctrl,SMG5,hepg2,3,True,outer2/contexthepg2,8081c5df944232ee0840be4d0b6bf9311827b04994984bdb0c332b9e58b1d1fc
Source,2,hepg2::SNRNP70+ctrl,SNRNP70,hepg2,2,True,outer2/contexthepg2,8081c5df944232ee0840be4d0b6bf9311827b04994984bdb0c332b9e58b1d1fc
Source,2,hepg2::SS18L2+ctrl,SS18L2,hepg2,1,True,outer2/contexthepg2,8081c5df944232ee0840be4d0b6bf9311827b04994984bdb0c332b9e58b1d1fc
Source,2,hepg2::TADA3+ctrl,TADA3,hepg2,3,True,outer2/contexthepg2,8081c5df944232ee0840be4d0b6bf9311827b04994984bdb0c332b9e58b1d1fc
Source,2,hepg2::TAF6+ctrl,TAF6,hepg2,3,True,outer2/contexthepg2,8081c5df944232ee0840be4d0b6bf9311827b04994984bdb0c332b9e58b1d1fc
Source,2,hepg2::TCOF1+ctrl,TCOF1,hepg2,3,True,outer2/contexthepg2,8081c5df944232ee0840be4d0b6bf9311827b04994984bdb0c332b9e58b1d1fc
Source,2,hepg2::TIMM23B+ctrl,TIMM23B,hepg2,3,True,outer2/contexthepg2,8081c5df944232ee0840be4d0b6bf9311827b04994984bdb0c332b9e58b1d1fc
Source,2,hepg2::UBA52+ctrl,UBA52,hepg2,3,True,outer2/contexthepg2,8081c5df944232ee0840be4d0b6bf9311827b04994984bdb0c332b9e58b1d1fc
Source,2,hepg2::UPF1+ctrl,UPF1,hepg2,2,True,outer2/contexthepg2,8081c5df944232ee0840be4d0b6bf9311827b04994984bdb0c332b9e58b1d1fc
Source,2,hepg2::WDHD1+ctrl,WDHD1,hepg2,3,True,outer2/contexthepg2,8081c5df944232ee0840be4d0b6bf9311827b04994984bdb0c332b9e58b1d1fc
Source,2,hepg2::XRCC5+ctrl,XRCC5,hepg2,3,True,outer2/contexthepg2,8081c5df944232ee0840be4d0b6bf9311827b04994984bdb0c332b9e58b1d1fc
Source,2,hepg2::YEATS2+ctrl,YEATS2,hepg2,3,True,outer2/contexthepg2,8081c5df944232ee0840be4d0b6bf9311827b04994984bdb0c332b9e58b1d1fc
Source,2,hepg2::ZFC3H1+ctrl,ZFC3H1,hepg2,3,True,outer2/contexthepg2,8081c5df944232ee0840be4d0b6bf9311827b04994984bdb0c332b9e58b1d1fc
Source,2,hepg2::ZNF574+ctrl,ZNF574,hepg2,2,True,outer2/contexthepg2,8081c5df944232ee0840be4d0b6bf9311827b04994984bdb0c332b9e58b1d1fc
Source,2,jurkat::ALG13+ctrl,ALG13,jurkat,3,True,outer2/contextjurkat,14a6b3625f3665c4f778e0ccf2c36c1069ca9c04b48289f2405afdfcba0c6463
Source,2,jurkat::ATF4+ctrl,ATF4,jurkat,1,True,outer2/contextjurkat,14a6b3625f3665c4f778e0ccf2c36c1069ca9c04b48289f2405afdfcba0c6463
Source,2,jurkat::ATRIP+ctrl,ATRIP,jurkat,3,True,outer2/contextjurkat,14a6b3625f3665c4f778e0ccf2c36c1069ca9c04b48289f2405afdfcba0c6463
Source,2,jurkat::CCDC59+ctrl,CCDC59,jurkat,3,True,outer2/contextjurkat,14a6b3625f3665c4f778e0ccf2c36c1069ca9c04b48289f2405afdfcba0c6463
Source,2,jurkat::CCT4+ctrl,CCT4,jurkat,3,True,outer2/contextjurkat,14a6b3625f3665c4f778e0ccf2c36c1069ca9c04b48289f2405afdfcba0c6463
Source,2,jurkat::CHMP1A+ctrl,CHMP1A,jurkat,1,True,outer2/contextjurkat,14a6b3625f3665c4f778e0ccf2c36c1069ca9c04b48289f2405afdfcba0c6463
Source,2,jurkat::COPS2+ctrl,COPS2,jurkat,3,True,outer2/contextjurkat,14a6b3625f3665c4f778e0ccf2c36c1069ca9c04b48289f2405afdfcba0c6463
Source,2,jurkat::COX7C+ctrl,COX7C,jurkat,2,True,outer2/contextjurkat,14a6b3625f3665c4f778e0ccf2c36c1069ca9c04b48289f2405afdfcba0c6463
Source,2,jurkat::CPSF3+ctrl,CPSF3,jurkat,3,True,outer2/contextjurkat,14a6b3625f3665c4f778e0ccf2c36c1069ca9c04b48289f2405afdfcba0c6463
Source,2,jurkat::CPSF4+ctrl,CPSF4,jurkat,3,True,outer2/contextjurkat,14a6b3625f3665c4f778e0ccf2c36c1069ca9c04b48289f2405afdfcba0c6463
Source,2,jurkat::CXXC1+ctrl,CXXC1,jurkat,2,True,outer2/contextjurkat,14a6b3625f3665c4f778e0ccf2c36c1069ca9c04b48289f2405afdfcba0c6463
Source,2,jurkat::DDB1+ctrl,DDB1,jurkat,3,True,outer2/contextjurkat,14a6b3625f3665c4f778e0ccf2c36c1069ca9c04b48289f2405afdfcba0c6463
Source,2,jurkat::DDX18+ctrl,DDX18,jurkat,2,True,outer2/contextjurkat,14a6b3625f3665c4f778e0ccf2c36c1069ca9c04b48289f2405afdfcba0c6463
Source,2,jurkat::DDX52+ctrl,DDX52,jurkat,3,True,outer2/contextjurkat,14a6b3625f3665c4f778e0ccf2c36c1069ca9c04b48289f2405afdfcba0c6463
Source,2,jurkat::DHX37+ctrl,DHX37,jurkat,3,True,outer2/contextjurkat,14a6b3625f3665c4f778e0ccf2c36c1069ca9c04b48289f2405afdfcba0c6463
Source,2,jurkat::DIS3+ctrl,DIS3,jurkat,1,True,outer2/contextjurkat,14a6b3625f3665c4f778e0ccf2c36c1069ca9c04b48289f2405afdfcba0c6463
Source,2,jurkat::DYNC1I2+ctrl,DYNC1I2,jurkat,3,True,outer2/contextjurkat,14a6b3625f3665c4f778e0ccf2c36c1069ca9c04b48289f2405afdfcba0c6463
Source,2,jurkat::EIF2B5+ctrl,EIF2B5,jurkat,3,True,outer2/contextjurkat,14a6b3625f3665c4f778e0ccf2c36c1069ca9c04b48289f2405afdfcba0c6463
Source,2,jurkat::EIF3B+ctrl,EIF3B,jurkat,3,True,outer2/contextjurkat,14a6b3625f3665c4f778e0ccf2c36c1069ca9c04b48289f2405afdfcba0c6463
Source,2,jurkat::ESF1+ctrl,ESF1,jurkat,2,True,outer2/contextjurkat,14a6b3625f3665c4f778e0ccf2c36c1069ca9c04b48289f2405afdfcba0c6463
Source,2,jurkat::EXOSC2+ctrl,EXOSC2,jurkat,3,True,outer2/contextjurkat,14a6b3625f3665c4f778e0ccf2c36c1069ca9c04b48289f2405afdfcba0c6463
Source,2,jurkat::FTSJ3+ctrl,FTSJ3,jurkat,3,True,outer2/contextjurkat,14a6b3625f3665c4f778e0ccf2c36c1069ca9c04b48289f2405afdfcba0c6463
Source,2,jurkat::GTF2B+ctrl,GTF2B,jurkat,2,True,outer2/contextjurkat,14a6b3625f3665c4f778e0ccf2c36c1069ca9c04b48289f2405afdfcba0c6463
Source,2,jurkat::HNRNPH1+ctrl,HNRNPH1,jurkat,3,True,outer2/contextjurkat,14a6b3625f3665c4f778e0ccf2c36c1069ca9c04b48289f2405afdfcba0c6463
Source,2,jurkat::ICE1+ctrl,ICE1,jurkat,3,True,outer2/contextjurkat,14a6b3625f3665c4f778e0ccf2c36c1069ca9c04b48289f2405afdfcba0c6463
Source,2,jurkat::IMPDH2+ctrl,IMPDH2,jurkat,2,True,outer2/contextjurkat,14a6b3625f3665c4f778e0ccf2c36c1069ca9c04b48289f2405afdfcba0c6463
Source,2,jurkat::INTS3+ctrl,INTS3,jurkat,3,True,outer2/contextjurkat,14a6b3625f3665c4f778e0ccf2c36c1069ca9c04b48289f2405afdfcba0c6463
Source,2,jurkat::KARS+ctrl,KARS,jurkat,2,True,outer2/contextjurkat,14a6b3625f3665c4f778e0ccf2c36c1069ca9c04b48289f2405afdfcba0c6463
Source,2,jurkat::LETM1+ctrl,LETM1,jurkat,3,True,outer2/contextjurkat,14a6b3625f3665c4f778e0ccf2c36c1069ca9c04b48289f2405afdfcba0c6463
Source,2,jurkat::LSM6+ctrl,LSM6,jurkat,3,True,outer2/contextjurkat,14a6b3625f3665c4f778e0ccf2c36c1069ca9c04b48289f2405afdfcba0c6463
Source,2,jurkat::MAX+ctrl,MAX,jurkat,3,True,outer2/contextjurkat,14a6b3625f3665c4f778e0ccf2c36c1069ca9c04b48289f2405afdfcba0c6463
Source,2,jurkat::MED28+ctrl,MED28,jurkat,1,True,outer2/contextjurkat,14a6b3625f3665c4f778e0ccf2c36c1069ca9c04b48289f2405afdfcba0c6463
Source,2,jurkat::MED30+ctrl,MED30,jurkat,2,True,outer2/contextjurkat,14a6b3625f3665c4f778e0ccf2c36c1069ca9c04b48289f2405afdfcba0c6463
Source,2,jurkat::MICOS10+ctrl,MICOS10,jurkat,2,True,outer2/contextjurkat,14a6b3625f3665c4f778e0ccf2c36c1069ca9c04b48289f2405afdfcba0c6463
Source,2,jurkat::MRPL14+ctrl,MRPL14,jurkat,2,True,outer2/contextjurkat,14a6b3625f3665c4f778e0ccf2c36c1069ca9c04b48289f2405afdfcba0c6463
Source,2,jurkat::MRPL43+ctrl,MRPL43,jurkat,2,True,outer2/contextjurkat,14a6b3625f3665c4f778e0ccf2c36c1069ca9c04b48289f2405afdfcba0c6463
Source,2,jurkat::MRPS9+ctrl,MRPS9,jurkat,2,True,outer2/contextjurkat,14a6b3625f3665c4f778e0ccf2c36c1069ca9c04b48289f2405afdfcba0c6463
Source,2,jurkat::MYBBP1A+ctrl,MYBBP1A,jurkat,3,True,outer2/contextjurkat,14a6b3625f3665c4f778e0ccf2c36c1069ca9c04b48289f2405afdfcba0c6463
Source,2,jurkat::NACA+ctrl,NACA,jurkat,3,True,outer2/contextjurkat,14a6b3625f3665c4f778e0ccf2c36c1069ca9c04b48289f2405afdfcba0c6463
Source,2,jurkat::NAT10+ctrl,NAT10,jurkat,1,True,outer2/contextjurkat,14a6b3625f3665c4f778e0ccf2c36c1069ca9c04b48289f2405afdfcba0c6463
Source,2,jurkat::NCBP1+ctrl,NCBP1,jurkat,2,True,outer2/contextjurkat,14a6b3625f3665c4f778e0ccf2c36c1069ca9c04b48289f2405afdfcba0c6463
Source,2,jurkat::NFRKB+ctrl,NFRKB,jurkat,3,True,outer2/contextjurkat,14a6b3625f3665c4f778e0ccf2c36c1069ca9c04b48289f2405afdfcba0c6463
Source,2,jurkat::NOL8+ctrl,NOL8,jurkat,3,True,outer2/contextjurkat,14a6b3625f3665c4f778e0ccf2c36c1069ca9c04b48289f2405afdfcba0c6463
Source,2,jurkat::NOL12+ctrl,NOL12,jurkat,3,True,outer2/contextjurkat,14a6b3625f3665c4f778e0ccf2c36c1069ca9c04b48289f2405afdfcba0c6463
Source,2,jurkat::NUP133+ctrl,NUP133,jurkat,3,True,outer2/contextjurkat,14a6b3625f3665c4f778e0ccf2c36c1069ca9c04b48289f2405afdfcba0c6463
Source,2,jurkat::ORC1+ctrl,ORC1,jurkat,3,True,outer2/contextjurkat,14a6b3625f3665c4f778e0ccf2c36c1069ca9c04b48289f2405afdfcba0c6463
Source,2,jurkat::PET117+ctrl,PET117,jurkat,3,True,outer2/contextjurkat,14a6b3625f3665c4f778e0ccf2c36c1069ca9c04b48289f2405afdfcba0c6463
Source,2,jurkat::PMPCB+ctrl,PMPCB,jurkat,3,True,outer2/contextjurkat,14a6b3625f3665c4f778e0ccf2c36c1069ca9c04b48289f2405afdfcba0c6463
Source,2,jurkat::POLR3F+ctrl,POLR3F,jurkat,3,True,outer2/contextjurkat,14a6b3625f3665c4f778e0ccf2c36c1069ca9c04b48289f2405afdfcba0c6463
Source,2,jurkat::PRMT1+ctrl,PRMT1,jurkat,3,True,outer2/contextjurkat,14a6b3625f3665c4f778e0ccf2c36c1069ca9c04b48289f2405afdfcba0c6463
Source,2,jurkat::PRPF18+ctrl,PRPF18,jurkat,3,True,outer2/contextjurkat,14a6b3625f3665c4f778e0ccf2c36c1069ca9c04b48289f2405afdfcba0c6463
Source,2,jurkat::PSMB6+ctrl,PSMB6,jurkat,3,True,outer2/contextjurkat,14a6b3625f3665c4f778e0ccf2c36c1069ca9c04b48289f2405afdfcba0c6463
Source,2,jurkat::RCL1+ctrl,RCL1,jurkat,3,True,outer2/contextjurkat,14a6b3625f3665c4f778e0ccf2c36c1069ca9c04b48289f2405afdfcba0c6463
Source,2,jurkat::RFC4+ctrl,RFC4,jurkat,3,True,outer2/contextjurkat,14a6b3625f3665c4f778e0ccf2c36c1069ca9c04b48289f2405afdfcba0c6463
Source,2,jurkat::RNF20+ctrl,RNF20,jurkat,3,True,outer2/contextjurkat,14a6b3625f3665c4f778e0ccf2c36c1069ca9c04b48289f2405afdfcba0c6463
Source,2,jurkat::RNMT+ctrl,RNMT,jurkat,3,True,outer2/contextjurkat,14a6b3625f3665c4f778e0ccf2c36c1069ca9c04b48289f2405afdfcba0c6463
Source,2,jurkat::RPL4+ctrl,RPL4,jurkat,3,True,outer2/contextjurkat,14a6b3625f3665c4f778e0ccf2c36c1069ca9c04b48289f2405afdfcba0c6463
Source,2,jurkat::RPL26+ctrl,RPL26,jurkat,3,True,outer2/contextjurkat,14a6b3625f3665c4f778e0ccf2c36c1069ca9c04b48289f2405afdfcba0c6463
Source,2,jurkat::RPL32+ctrl,RPL32,jurkat,3,True,outer2/contextjurkat,14a6b3625f3665c4f778e0ccf2c36c1069ca9c04b48289f2405afdfcba0c6463
Source,2,jurkat::RPL35A+ctrl,RPL35A,jurkat,3,True,outer2/contextjurkat,14a6b3625f3665c4f778e0ccf2c36c1069ca9c04b48289f2405afdfcba0c6463
Source,2,jurkat::RPS3A+ctrl,RPS3A,jurkat,3,True,outer2/contextjurkat,14a6b3625f3665c4f778e0ccf2c36c1069ca9c04b48289f2405afdfcba0c6463
Source,2,jurkat::RPS19BP1+ctrl,RPS19BP1,jurkat,3,True,outer2/contextjurkat,14a6b3625f3665c4f778e0ccf2c36c1069ca9c04b48289f2405afdfcba0c6463
Source,2,jurkat::RPS27A+ctrl,RPS27A,jurkat,3,True,outer2/contextjurkat,14a6b3625f3665c4f778e0ccf2c36c1069ca9c04b48289f2405afdfcba0c6463
Source,2,jurkat::RPS28+ctrl,RPS28,jurkat,2,True,outer2/contextjurkat,14a6b3625f3665c4f778e0ccf2c36c1069ca9c04b48289f2405afdfcba0c6463
Source,2,jurkat::RRP1+ctrl,RRP1,jurkat,2,True,outer2/contextjurkat,14a6b3625f3665c4f778e0ccf2c36c1069ca9c04b48289f2405afdfcba0c6463
Source,2,jurkat::RRP12+ctrl,RRP12,jurkat,3,True,outer2/contextjurkat,14a6b3625f3665c4f778e0ccf2c36c1069ca9c04b48289f2405afdfcba0c6463
Source,2,jurkat::SARS2+ctrl,SARS2,jurkat,3,True,outer2/contextjurkat,14a6b3625f3665c4f778e0ccf2c36c1069ca9c04b48289f2405afdfcba0c6463
Source,2,jurkat::SMG5+ctrl,SMG5,jurkat,3,True,outer2/contextjurkat,14a6b3625f3665c4f778e0ccf2c36c1069ca9c04b48289f2405afdfcba0c6463
Source,2,jurkat::SRRM2+ctrl,SRRM2,jurkat,3,True,outer2/contextjurkat,14a6b3625f3665c4f778e0ccf2c36c1069ca9c04b48289f2405afdfcba0c6463
Source,2,jurkat::SUPV3L1+ctrl,SUPV3L1,jurkat,2,True,outer2/contextjurkat,14a6b3625f3665c4f778e0ccf2c36c1069ca9c04b48289f2405afdfcba0c6463
Source,2,jurkat::TADA3+ctrl,TADA3,jurkat,3,True,outer2/contextjurkat,14a6b3625f3665c4f778e0ccf2c36c1069ca9c04b48289f2405afdfcba0c6463
Source,2,jurkat::TAF6+ctrl,TAF6,jurkat,3,True,outer2/contextjurkat,14a6b3625f3665c4f778e0ccf2c36c1069ca9c04b48289f2405afdfcba0c6463
Source,2,jurkat::TCOF1+ctrl,TCOF1,jurkat,3,True,outer2/contextjurkat,14a6b3625f3665c4f778e0ccf2c36c1069ca9c04b48289f2405afdfcba0c6463
Source,2,jurkat::TELO2+ctrl,TELO2,jurkat,2,True,outer2/contextjurkat,14a6b3625f3665c4f778e0ccf2c36c1069ca9c04b48289f2405afdfcba0c6463
Source,2,jurkat::TIMM23B+ctrl,TIMM23B,jurkat,3,True,outer2/contextjurkat,14a6b3625f3665c4f778e0ccf2c36c1069ca9c04b48289f2405afdfcba0c6463
Source,2,jurkat::TRMT10C+ctrl,TRMT10C,jurkat,1,True,outer2/contextjurkat,14a6b3625f3665c4f778e0ccf2c36c1069ca9c04b48289f2405afdfcba0c6463
Source,2,jurkat::U2AF1+ctrl,U2AF1,jurkat,2,True,outer2/contextjurkat,14a6b3625f3665c4f778e0ccf2c36c1069ca9c04b48289f2405afdfcba0c6463
Source,2,jurkat::UBA52+ctrl,UBA52,jurkat,3,True,outer2/contextjurkat,14a6b3625f3665c4f778e0ccf2c36c1069ca9c04b48289f2405afdfcba0c6463
Source,2,jurkat::UQCRQ+ctrl,UQCRQ,jurkat,2,True,outer2/contextjurkat,14a6b3625f3665c4f778e0ccf2c36c1069ca9c04b48289f2405afdfcba0c6463
Source,2,jurkat::WDHD1+ctrl,WDHD1,jurkat,3,True,outer2/contextjurkat,14a6b3625f3665c4f778e0ccf2c36c1069ca9c04b48289f2405afdfcba0c6463
Source,2,jurkat::XRCC5+ctrl,XRCC5,jurkat,3,True,outer2/contextjurkat,14a6b3625f3665c4f778e0ccf2c36c1069ca9c04b48289f2405afdfcba0c6463
Source,2,jurkat::YEATS2+ctrl,YEATS2,jurkat,3,True,outer2/contextjurkat,14a6b3625f3665c4f778e0ccf2c36c1069ca9c04b48289f2405afdfcba0c6463
Source,2,jurkat::ZFC3H1+ctrl,ZFC3H1,jurkat,3,True,outer2/contextjurkat,14a6b3625f3665c4f778e0ccf2c36c1069ca9c04b48289f2405afdfcba0c6463
Source,3,K562::ABCF1+ctrl,ABCF1,K562,3,True,outer3/contextK562,eca84284a0e28373a939cafeade2d1c8411e6112fa0f5cf40ccc574a224d37b4
Source,3,K562::ABT1+ctrl,ABT1,K562,3,True,outer3/contextK562,eca84284a0e28373a939cafeade2d1c8411e6112fa0f5cf40ccc574a224d37b4
Source,3,K562::ANAPC2+ctrl,ANAPC2,K562,1,True,outer3/contextK562,eca84284a0e28373a939cafeade2d1c8411e6112fa0f5cf40ccc574a224d37b4
Source,3,K562::AP2S1+ctrl,AP2S1,K562,1,True,outer3/contextK562,eca84284a0e28373a939cafeade2d1c8411e6112fa0f5cf40ccc574a224d37b4
Source,3,K562::ATP6V0B+ctrl,ATP6V0B,K562,3,True,outer3/contextK562,eca84284a0e28373a939cafeade2d1c8411e6112fa0f5cf40ccc574a224d37b4
Source,3,K562::ATR+ctrl,ATR,K562,3,True,outer3/contextK562,eca84284a0e28373a939cafeade2d1c8411e6112fa0f5cf40ccc574a224d37b4
Source,3,K562::BRIX1+ctrl,BRIX1,K562,3,True,outer3/contextK562,eca84284a0e28373a939cafeade2d1c8411e6112fa0f5cf40ccc574a224d37b4
Source,3,K562::CCNH+ctrl,CCNH,K562,3,True,outer3/contextK562,eca84284a0e28373a939cafeade2d1c8411e6112fa0f5cf40ccc574a224d37b4
Source,3,K562::CCNK+ctrl,CCNK,K562,1,True,outer3/contextK562,eca84284a0e28373a939cafeade2d1c8411e6112fa0f5cf40ccc574a224d37b4
Source,3,K562::CKAP5+ctrl,CKAP5,K562,1,True,outer3/contextK562,eca84284a0e28373a939cafeade2d1c8411e6112fa0f5cf40ccc574a224d37b4
Source,3,K562::CNOT3+ctrl,CNOT3,K562,2,True,outer3/contextK562,eca84284a0e28373a939cafeade2d1c8411e6112fa0f5cf40ccc574a224d37b4
Source,3,K562::CPSF1+ctrl,CPSF1,K562,3,True,outer3/contextK562,eca84284a0e28373a939cafeade2d1c8411e6112fa0f5cf40ccc574a224d37b4
Source,3,K562::CSTF3+ctrl,CSTF3,K562,3,True,outer3/contextK562,eca84284a0e28373a939cafeade2d1c8411e6112fa0f5cf40ccc574a224d37b4
Source,3,K562::CUL2+ctrl,CUL2,K562,3,True,outer3/contextK562,eca84284a0e28373a939cafeade2d1c8411e6112fa0f5cf40ccc574a224d37b4
Source,3,K562::CWF19L2+ctrl,CWF19L2,K562,3,True,outer3/contextK562,eca84284a0e28373a939cafeade2d1c8411e6112fa0f5cf40ccc574a224d37b4
Source,3,K562::DARS+ctrl,DARS,K562,3,True,outer3/contextK562,eca84284a0e28373a939cafeade2d1c8411e6112fa0f5cf40ccc574a224d37b4
Source,3,K562::DDX5+ctrl,DDX5,K562,3,True,outer3/contextK562,eca84284a0e28373a939cafeade2d1c8411e6112fa0f5cf40ccc574a224d37b4
Source,3,K562::DDX47+ctrl,DDX47,K562,1,True,outer3/contextK562,eca84284a0e28373a939cafeade2d1c8411e6112fa0f5cf40ccc574a224d37b4
Source,3,K562::DDX59+ctrl,DDX59,K562,2,True,outer3/contextK562,eca84284a0e28373a939cafeade2d1c8411e6112fa0f5cf40ccc574a224d37b4
Source,3,K562::DHX33+ctrl,DHX33,K562,3,True,outer3/contextK562,eca84284a0e28373a939cafeade2d1c8411e6112fa0f5cf40ccc574a224d37b4
Source,3,K562::DNMT1+ctrl,DNMT1,K562,3,True,outer3/contextK562,eca84284a0e28373a939cafeade2d1c8411e6112fa0f5cf40ccc574a224d37b4
Source,3,K562::DR1+ctrl,DR1,K562,3,True,outer3/contextK562,eca84284a0e28373a939cafeade2d1c8411e6112fa0f5cf40ccc574a224d37b4
Source,3,K562::ECD+ctrl,ECD,K562,2,True,outer3/contextK562,eca84284a0e28373a939cafeade2d1c8411e6112fa0f5cf40ccc574a224d37b4
Source,3,K562::EIF2B1+ctrl,EIF2B1,K562,3,True,outer3/contextK562,eca84284a0e28373a939cafeade2d1c8411e6112fa0f5cf40ccc574a224d37b4
Source,3,K562::EIF2S3+ctrl,EIF2S3,K562,3,True,outer3/contextK562,eca84284a0e28373a939cafeade2d1c8411e6112fa0f5cf40ccc574a224d37b4
Source,3,K562::EIF3CL+ctrl,EIF3CL,K562,1,True,outer3/contextK562,eca84284a0e28373a939cafeade2d1c8411e6112fa0f5cf40ccc574a224d37b4
Source,3,K562::EIF3J+ctrl,EIF3J,K562,3,True,outer3/contextK562,eca84284a0e28373a939cafeade2d1c8411e6112fa0f5cf40ccc574a224d37b4
Source,3,K562::ERCC2+ctrl,ERCC2,K562,3,True,outer3/contextK562,eca84284a0e28373a939cafeade2d1c8411e6112fa0f5cf40ccc574a224d37b4
Source,3,K562::FBXO5+ctrl,FBXO5,K562,1,True,outer3/contextK562,eca84284a0e28373a939cafeade2d1c8411e6112fa0f5cf40ccc574a224d37b4
Source,3,K562::GINS2+ctrl,GINS2,K562,3,True,outer3/contextK562,eca84284a0e28373a939cafeade2d1c8411e6112fa0f5cf40ccc574a224d37b4
Source,3,K562::GINS3+ctrl,GINS3,K562,1,True,outer3/contextK562,eca84284a0e28373a939cafeade2d1c8411e6112fa0f5cf40ccc574a224d37b4
Source,3,K562::GPN2+ctrl,GPN2,K562,2,True,outer3/contextK562,eca84284a0e28373a939cafeade2d1c8411e6112fa0f5cf40ccc574a224d37b4
Source,3,K562::GPN3+ctrl,GPN3,K562,3,True,outer3/contextK562,eca84284a0e28373a939cafeade2d1c8411e6112fa0f5cf40ccc574a224d37b4
Source,3,K562::GTF2F2+ctrl,GTF2F2,K562,3,True,outer3/contextK562,eca84284a0e28373a939cafeade2d1c8411e6112fa0f5cf40ccc574a224d37b4
Source,3,K562::HDAC7+ctrl,HDAC7,K562,2,True,outer3/contextK562,eca84284a0e28373a939cafeade2d1c8411e6112fa0f5cf40ccc574a224d37b4
Source,3,K562::HNRNPM+ctrl,HNRNPM,K562,2,True,outer3/contextK562,eca84284a0e28373a939cafeade2d1c8411e6112fa0f5cf40ccc574a224d37b4
Source,3,K562::IARS+ctrl,IARS,K562,3,True,outer3/contextK562,eca84284a0e28373a939cafeade2d1c8411e6112fa0f5cf40ccc574a224d37b4
Source,3,K562::IK+ctrl,IK,K562,1,True,outer3/contextK562,eca84284a0e28373a939cafeade2d1c8411e6112fa0f5cf40ccc574a224d37b4
Source,3,K562::INO80B+ctrl,INO80B,K562,3,True,outer3/contextK562,eca84284a0e28373a939cafeade2d1c8411e6112fa0f5cf40ccc574a224d37b4
Source,3,K562::LAS1L+ctrl,LAS1L,K562,3,True,outer3/contextK562,eca84284a0e28373a939cafeade2d1c8411e6112fa0f5cf40ccc574a224d37b4
Source,3,K562::LSG1+ctrl,LSG1,K562,3,True,outer3/contextK562,eca84284a0e28373a939cafeade2d1c8411e6112fa0f5cf40ccc574a224d37b4
Source,3,K562::LSM5+ctrl,LSM5,K562,3,True,outer3/contextK562,eca84284a0e28373a939cafeade2d1c8411e6112fa0f5cf40ccc574a224d37b4
Source,3,K562::MAK16+ctrl,MAK16,K562,2,True,outer3/contextK562,eca84284a0e28373a939cafeade2d1c8411e6112fa0f5cf40ccc574a224d37b4
Source,3,K562::MARS+ctrl,MARS,K562,3,True,outer3/contextK562,eca84284a0e28373a939cafeade2d1c8411e6112fa0f5cf40ccc574a224d37b4
Source,3,K562::MED19+ctrl,MED19,K562,3,True,outer3/contextK562,eca84284a0e28373a939cafeade2d1c8411e6112fa0f5cf40ccc574a224d37b4
Source,3,K562::MED29+ctrl,MED29,K562,3,True,outer3/contextK562,eca84284a0e28373a939cafeade2d1c8411e6112fa0f5cf40ccc574a224d37b4
Source,3,K562::METAP2+ctrl,METAP2,K562,2,True,outer3/contextK562,eca84284a0e28373a939cafeade2d1c8411e6112fa0f5cf40ccc574a224d37b4
Source,3,K562::MRPL13+ctrl,MRPL13,K562,1,True,outer3/contextK562,eca84284a0e28373a939cafeade2d1c8411e6112fa0f5cf40ccc574a224d37b4
Source,3,K562::MRPL17+ctrl,MRPL17,K562,2,True,outer3/contextK562,eca84284a0e28373a939cafeade2d1c8411e6112fa0f5cf40ccc574a224d37b4
Source,3,K562::MRPS2+ctrl,MRPS2,K562,2,True,outer3/contextK562,eca84284a0e28373a939cafeade2d1c8411e6112fa0f5cf40ccc574a224d37b4
Source,3,K562::MRPS7+ctrl,MRPS7,K562,2,True,outer3/contextK562,eca84284a0e28373a939cafeade2d1c8411e6112fa0f5cf40ccc574a224d37b4
Source,3,K562::MRPS21+ctrl,MRPS21,K562,2,True,outer3/contextK562,eca84284a0e28373a939cafeade2d1c8411e6112fa0f5cf40ccc574a224d37b4
Source,3,K562::NELFCD+ctrl,NELFCD,K562,3,True,outer3/contextK562,eca84284a0e28373a939cafeade2d1c8411e6112fa0f5cf40ccc574a224d37b4
Source,3,K562::NFS1+ctrl,NFS1,K562,3,True,outer3/contextK562,eca84284a0e28373a939cafeade2d1c8411e6112fa0f5cf40ccc574a224d37b4
Source,3,K562::NOL11+ctrl,NOL11,K562,3,True,outer3/contextK562,eca84284a0e28373a939cafeade2d1c8411e6112fa0f5cf40ccc574a224d37b4
Source,3,K562::NRF1+ctrl,NRF1,K562,1,True,outer3/contextK562,eca84284a0e28373a939cafeade2d1c8411e6112fa0f5cf40ccc574a224d37b4
Source,3,K562::OGFOD1+ctrl,OGFOD1,K562,3,True,outer3/contextK562,eca84284a0e28373a939cafeade2d1c8411e6112fa0f5cf40ccc574a224d37b4
Source,3,K562::OPA1+ctrl,OPA1,K562,2,True,outer3/contextK562,eca84284a0e28373a939cafeade2d1c8411e6112fa0f5cf40ccc574a224d37b4
Source,3,K562::PAXBP1+ctrl,PAXBP1,K562,3,True,outer3/contextK562,eca84284a0e28373a939cafeade2d1c8411e6112fa0f5cf40ccc574a224d37b4
Source,3,K562::PDRG1+ctrl,PDRG1,K562,3,True,outer3/contextK562,eca84284a0e28373a939cafeade2d1c8411e6112fa0f5cf40ccc574a224d37b4
Source,3,K562::PELP1+ctrl,PELP1,K562,3,True,outer3/contextK562,eca84284a0e28373a939cafeade2d1c8411e6112fa0f5cf40ccc574a224d37b4
Source,3,K562::PGD+ctrl,PGD,K562,2,True,outer3/contextK562,eca84284a0e28373a939cafeade2d1c8411e6112fa0f5cf40ccc574a224d37b4
Source,3,K562::PHAX+ctrl,PHAX,K562,3,True,outer3/contextK562,eca84284a0e28373a939cafeade2d1c8411e6112fa0f5cf40ccc574a224d37b4
Source,3,K562::POLA2+ctrl,POLA2,K562,2,True,outer3/contextK562,eca84284a0e28373a939cafeade2d1c8411e6112fa0f5cf40ccc574a224d37b4
Source,3,K562::POLR3E+ctrl,POLR3E,K562,3,True,outer3/contextK562,eca84284a0e28373a939cafeade2d1c8411e6112fa0f5cf40ccc574a224d37b4
Source,3,K562::POP7+ctrl,POP7,K562,3,True,outer3/contextK562,eca84284a0e28373a939cafeade2d1c8411e6112fa0f5cf40ccc574a224d37b4
Source,3,K562::PPIE+ctrl,PPIE,K562,2,True,outer3/contextK562,eca84284a0e28373a939cafeade2d1c8411e6112fa0f5cf40ccc574a224d37b4
Source,3,K562::PPP1R11+ctrl,PPP1R11,K562,3,True,outer3/contextK562,eca84284a0e28373a939cafeade2d1c8411e6112fa0f5cf40ccc574a224d37b4
Source,3,K562::PRIM2+ctrl,PRIM2,K562,2,True,outer3/contextK562,eca84284a0e28373a939cafeade2d1c8411e6112fa0f5cf40ccc574a224d37b4
Source,3,K562::PRMT5+ctrl,PRMT5,K562,3,True,outer3/contextK562,eca84284a0e28373a939cafeade2d1c8411e6112fa0f5cf40ccc574a224d37b4
Source,3,K562::PSMA2+ctrl,PSMA2,K562,2,True,outer3/contextK562,eca84284a0e28373a939cafeade2d1c8411e6112fa0f5cf40ccc574a224d37b4
Source,3,K562::PSMC2+ctrl,PSMC2,K562,3,True,outer3/contextK562,eca84284a0e28373a939cafeade2d1c8411e6112fa0f5cf40ccc574a224d37b4
Source,3,K562::RAN+ctrl,RAN,K562,2,True,outer3/contextK562,eca84284a0e28373a939cafeade2d1c8411e6112fa0f5cf40ccc574a224d37b4
Source,3,K562::RBBP4+ctrl,RBBP4,K562,3,True,outer3/contextK562,eca84284a0e28373a939cafeade2d1c8411e6112fa0f5cf40ccc574a224d37b4
Source,3,K562::RBM48+ctrl,RBM48,K562,3,True,outer3/contextK562,eca84284a0e28373a939cafeade2d1c8411e6112fa0f5cf40ccc574a224d37b4
Source,3,K562::RFC5+ctrl,RFC5,K562,2,True,outer3/contextK562,eca84284a0e28373a939cafeade2d1c8411e6112fa0f5cf40ccc574a224d37b4
Source,3,K562::RMI1+ctrl,RMI1,K562,1,True,outer3/contextK562,eca84284a0e28373a939cafeade2d1c8411e6112fa0f5cf40ccc574a224d37b4
Source,3,K562::RPL14+ctrl,RPL14,K562,3,True,outer3/contextK562,eca84284a0e28373a939cafeade2d1c8411e6112fa0f5cf40ccc574a224d37b4
Source,3,K562::RPL23A+ctrl,RPL23A,K562,3,True,outer3/contextK562,eca84284a0e28373a939cafeade2d1c8411e6112fa0f5cf40ccc574a224d37b4
Source,3,K562::RPL35+ctrl,RPL35,K562,3,True,outer3/contextK562,eca84284a0e28373a939cafeade2d1c8411e6112fa0f5cf40ccc574a224d37b4
Source,3,K562::RPLP1+ctrl,RPLP1,K562,1,True,outer3/contextK562,eca84284a0e28373a939cafeade2d1c8411e6112fa0f5cf40ccc574a224d37b4
Source,3,K562::RPS3+ctrl,RPS3,K562,3,True,outer3/contextK562,eca84284a0e28373a939cafeade2d1c8411e6112fa0f5cf40ccc574a224d37b4
Source,3,K562::RPS15A+ctrl,RPS15A,K562,3,True,outer3/contextK562,eca84284a0e28373a939cafeade2d1c8411e6112fa0f5cf40ccc574a224d37b4
Source,3,K562::RPS27+ctrl,RPS27,K562,3,True,outer3/contextK562,eca84284a0e28373a939cafeade2d1c8411e6112fa0f5cf40ccc574a224d37b4
Source,3,K562::RSL1D1+ctrl,RSL1D1,K562,3,True,outer3/contextK562,eca84284a0e28373a939cafeade2d1c8411e6112fa0f5cf40ccc574a224d37b4
Source,3,K562::RUVBL1+ctrl,RUVBL1,K562,3,True,outer3/contextK562,eca84284a0e28373a939cafeade2d1c8411e6112fa0f5cf40ccc574a224d37b4
Source,3,K562::SAP18+ctrl,SAP18,K562,2,True,outer3/contextK562,eca84284a0e28373a939cafeade2d1c8411e6112fa0f5cf40ccc574a224d37b4
Source,3,K562::SDAD1+ctrl,SDAD1,K562,3,True,outer3/contextK562,eca84284a0e28373a939cafeade2d1c8411e6112fa0f5cf40ccc574a224d37b4
Source,3,K562::SDE2+ctrl,SDE2,K562,2,True,outer3/contextK562,eca84284a0e28373a939cafeade2d1c8411e6112fa0f5cf40ccc574a224d37b4
Source,3,K562::SF3A2+ctrl,SF3A2,K562,3,True,outer3/contextK562,eca84284a0e28373a939cafeade2d1c8411e6112fa0f5cf40ccc574a224d37b4
Source,3,K562::SFPQ+ctrl,SFPQ,K562,2,True,outer3/contextK562,eca84284a0e28373a939cafeade2d1c8411e6112fa0f5cf40ccc574a224d37b4
Source,3,K562::SMC1A+ctrl,SMC1A,K562,3,True,outer3/contextK562,eca84284a0e28373a939cafeade2d1c8411e6112fa0f5cf40ccc574a224d37b4
Source,3,K562::SMC3+ctrl,SMC3,K562,1,True,outer3/contextK562,eca84284a0e28373a939cafeade2d1c8411e6112fa0f5cf40ccc574a224d37b4
Source,3,K562::SNAPC1+ctrl,SNAPC1,K562,3,True,outer3/contextK562,eca84284a0e28373a939cafeade2d1c8411e6112fa0f5cf40ccc574a224d37b4
Source,3,K562::SNRNP200+ctrl,SNRNP200,K562,3,True,outer3/contextK562,eca84284a0e28373a939cafeade2d1c8411e6112fa0f5cf40ccc574a224d37b4
Source,3,K562::SRBD1+ctrl,SRBD1,K562,2,True,outer3/contextK562,eca84284a0e28373a939cafeade2d1c8411e6112fa0f5cf40ccc574a224d37b4
Source,3,K562::SSBP1+ctrl,SSBP1,K562,1,True,outer3/contextK562,eca84284a0e28373a939cafeade2d1c8411e6112fa0f5cf40ccc574a224d37b4
Source,3,K562::STRAP+ctrl,STRAP,K562,3,True,outer3/contextK562,eca84284a0e28373a939cafeade2d1c8411e6112fa0f5cf40ccc574a224d37b4
Source,3,K562::SUPT16H+ctrl,SUPT16H,K562,3,True,outer3/contextK562,eca84284a0e28373a939cafeade2d1c8411e6112fa0f5cf40ccc574a224d37b4
Source,3,K562::SURF6+ctrl,SURF6,K562,3,True,outer3/contextK562,eca84284a0e28373a939cafeade2d1c8411e6112fa0f5cf40ccc574a224d37b4
Source,3,K562::TCERG1+ctrl,TCERG1,K562,3,True,outer3/contextK562,eca84284a0e28373a939cafeade2d1c8411e6112fa0f5cf40ccc574a224d37b4
Source,3,K562::TIMM13+ctrl,TIMM13,K562,3,True,outer3/contextK562,eca84284a0e28373a939cafeade2d1c8411e6112fa0f5cf40ccc574a224d37b4
Source,3,K562::TPR+ctrl,TPR,K562,3,True,outer3/contextK562,eca84284a0e28373a939cafeade2d1c8411e6112fa0f5cf40ccc574a224d37b4
Source,3,K562::TSG101+ctrl,TSG101,K562,2,True,outer3/contextK562,eca84284a0e28373a939cafeade2d1c8411e6112fa0f5cf40ccc574a224d37b4
Source,3,K562::TUBGCP2+ctrl,TUBGCP2,K562,2,True,outer3/contextK562,eca84284a0e28373a939cafeade2d1c8411e6112fa0f5cf40ccc574a224d37b4
Source,3,K562::TXNL4A+ctrl,TXNL4A,K562,2,True,outer3/contextK562,eca84284a0e28373a939cafeade2d1c8411e6112fa0f5cf40ccc574a224d37b4
Source,3,K562::UBA3+ctrl,UBA3,K562,2,True,outer3/contextK562,eca84284a0e28373a939cafeade2d1c8411e6112fa0f5cf40ccc574a224d37b4
Source,3,K562::UBAP1+ctrl,UBAP1,K562,3,True,outer3/contextK562,eca84284a0e28373a939cafeade2d1c8411e6112fa0f5cf40ccc574a224d37b4
Source,3,K562::UQCRB+ctrl,UQCRB,K562,2,True,outer3/contextK562,eca84284a0e28373a939cafeade2d1c8411e6112fa0f5cf40ccc574a224d37b4
Source,3,K562::WBP11+ctrl,WBP11,K562,2,True,outer3/contextK562,eca84284a0e28373a939cafeade2d1c8411e6112fa0f5cf40ccc574a224d37b4
Source,3,K562::WDR24+ctrl,WDR24,K562,1,True,outer3/contextK562,eca84284a0e28373a939cafeade2d1c8411e6112fa0f5cf40ccc574a224d37b4
Source,3,K562::YTHDC1+ctrl,YTHDC1,K562,2,True,outer3/contextK562,eca84284a0e28373a939cafeade2d1c8411e6112fa0f5cf40ccc574a224d37b4
Source,3,K562::ZCRB1+ctrl,ZCRB1,K562,3,True,outer3/contextK562,eca84284a0e28373a939cafeade2d1c8411e6112fa0f5cf40ccc574a224d37b4
Source,3,RPE1::ABCF1+ctrl,ABCF1,RPE1,3,True,outer3/contextRPE1,7cd9c494fd12abc8029925771c490e424a037b05229e6e3b8971cbc8dfae1bf6
Source,3,RPE1::ANAPC2+ctrl,ANAPC2,RPE1,1,True,outer3/contextRPE1,7cd9c494fd12abc8029925771c490e424a037b05229e6e3b8971cbc8dfae1bf6
Source,3,RPE1::ATP6V0B+ctrl,ATP6V0B,RPE1,3,True,outer3/contextRPE1,7cd9c494fd12abc8029925771c490e424a037b05229e6e3b8971cbc8dfae1bf6
Source,3,RPE1::ATR+ctrl,ATR,RPE1,3,True,outer3/contextRPE1,7cd9c494fd12abc8029925771c490e424a037b05229e6e3b8971cbc8dfae1bf6
Source,3,RPE1::BRIX1+ctrl,BRIX1,RPE1,3,True,outer3/contextRPE1,7cd9c494fd12abc8029925771c490e424a037b05229e6e3b8971cbc8dfae1bf6
Source,3,RPE1::CCNH+ctrl,CCNH,RPE1,3,True,outer3/contextRPE1,7cd9c494fd12abc8029925771c490e424a037b05229e6e3b8971cbc8dfae1bf6
Source,3,RPE1::CCNK+ctrl,CCNK,RPE1,1,True,outer3/contextRPE1,7cd9c494fd12abc8029925771c490e424a037b05229e6e3b8971cbc8dfae1bf6
Source,3,RPE1::CKAP5+ctrl,CKAP5,RPE1,1,True,outer3/contextRPE1,7cd9c494fd12abc8029925771c490e424a037b05229e6e3b8971cbc8dfae1bf6
Source,3,RPE1::CNOT3+ctrl,CNOT3,RPE1,2,True,outer3/contextRPE1,7cd9c494fd12abc8029925771c490e424a037b05229e6e3b8971cbc8dfae1bf6
Source,3,RPE1::CPSF1+ctrl,CPSF1,RPE1,3,True,outer3/contextRPE1,7cd9c494fd12abc8029925771c490e424a037b05229e6e3b8971cbc8dfae1bf6
Source,3,RPE1::CSTF3+ctrl,CSTF3,RPE1,3,True,outer3/contextRPE1,7cd9c494fd12abc8029925771c490e424a037b05229e6e3b8971cbc8dfae1bf6
Source,3,RPE1::CWF19L2+ctrl,CWF19L2,RPE1,3,True,outer3/contextRPE1,7cd9c494fd12abc8029925771c490e424a037b05229e6e3b8971cbc8dfae1bf6
Source,3,RPE1::DARS+ctrl,DARS,RPE1,3,True,outer3/contextRPE1,7cd9c494fd12abc8029925771c490e424a037b05229e6e3b8971cbc8dfae1bf6
Source,3,RPE1::DDX5+ctrl,DDX5,RPE1,3,True,outer3/contextRPE1,7cd9c494fd12abc8029925771c490e424a037b05229e6e3b8971cbc8dfae1bf6
Source,3,RPE1::DDX47+ctrl,DDX47,RPE1,1,True,outer3/contextRPE1,7cd9c494fd12abc8029925771c490e424a037b05229e6e3b8971cbc8dfae1bf6
Source,3,RPE1::DDX59+ctrl,DDX59,RPE1,2,True,outer3/contextRPE1,7cd9c494fd12abc8029925771c490e424a037b05229e6e3b8971cbc8dfae1bf6
Source,3,RPE1::DHX33+ctrl,DHX33,RPE1,3,True,outer3/contextRPE1,7cd9c494fd12abc8029925771c490e424a037b05229e6e3b8971cbc8dfae1bf6
Source,3,RPE1::DNMT1+ctrl,DNMT1,RPE1,3,True,outer3/contextRPE1,7cd9c494fd12abc8029925771c490e424a037b05229e6e3b8971cbc8dfae1bf6
Source,3,RPE1::DR1+ctrl,DR1,RPE1,3,True,outer3/contextRPE1,7cd9c494fd12abc8029925771c490e424a037b05229e6e3b8971cbc8dfae1bf6
Source,3,RPE1::ECD+ctrl,ECD,RPE1,2,True,outer3/contextRPE1,7cd9c494fd12abc8029925771c490e424a037b05229e6e3b8971cbc8dfae1bf6
Source,3,RPE1::EIF2B1+ctrl,EIF2B1,RPE1,3,True,outer3/contextRPE1,7cd9c494fd12abc8029925771c490e424a037b05229e6e3b8971cbc8dfae1bf6
Source,3,RPE1::EIF2S3+ctrl,EIF2S3,RPE1,3,True,outer3/contextRPE1,7cd9c494fd12abc8029925771c490e424a037b05229e6e3b8971cbc8dfae1bf6
Source,3,RPE1::EIF3CL+ctrl,EIF3CL,RPE1,1,True,outer3/contextRPE1,7cd9c494fd12abc8029925771c490e424a037b05229e6e3b8971cbc8dfae1bf6
Source,3,RPE1::EIF3J+ctrl,EIF3J,RPE1,3,True,outer3/contextRPE1,7cd9c494fd12abc8029925771c490e424a037b05229e6e3b8971cbc8dfae1bf6
Source,3,RPE1::ERCC2+ctrl,ERCC2,RPE1,3,True,outer3/contextRPE1,7cd9c494fd12abc8029925771c490e424a037b05229e6e3b8971cbc8dfae1bf6
Source,3,RPE1::GINS2+ctrl,GINS2,RPE1,3,True,outer3/contextRPE1,7cd9c494fd12abc8029925771c490e424a037b05229e6e3b8971cbc8dfae1bf6
Source,3,RPE1::GPN2+ctrl,GPN2,RPE1,2,True,outer3/contextRPE1,7cd9c494fd12abc8029925771c490e424a037b05229e6e3b8971cbc8dfae1bf6
Source,3,RPE1::GPN3+ctrl,GPN3,RPE1,3,True,outer3/contextRPE1,7cd9c494fd12abc8029925771c490e424a037b05229e6e3b8971cbc8dfae1bf6
Source,3,RPE1::GTF2F2+ctrl,GTF2F2,RPE1,3,True,outer3/contextRPE1,7cd9c494fd12abc8029925771c490e424a037b05229e6e3b8971cbc8dfae1bf6
Source,3,RPE1::HDAC7+ctrl,HDAC7,RPE1,2,True,outer3/contextRPE1,7cd9c494fd12abc8029925771c490e424a037b05229e6e3b8971cbc8dfae1bf6
Source,3,RPE1::HSPE1+ctrl,HSPE1,RPE1,3,True,outer3/contextRPE1,7cd9c494fd12abc8029925771c490e424a037b05229e6e3b8971cbc8dfae1bf6
Source,3,RPE1::IARS+ctrl,IARS,RPE1,3,True,outer3/contextRPE1,7cd9c494fd12abc8029925771c490e424a037b05229e6e3b8971cbc8dfae1bf6
Source,3,RPE1::IK+ctrl,IK,RPE1,1,True,outer3/contextRPE1,7cd9c494fd12abc8029925771c490e424a037b05229e6e3b8971cbc8dfae1bf6
Source,3,RPE1::INO80B+ctrl,INO80B,RPE1,3,True,outer3/contextRPE1,7cd9c494fd12abc8029925771c490e424a037b05229e6e3b8971cbc8dfae1bf6
Source,3,RPE1::LAS1L+ctrl,LAS1L,RPE1,3,True,outer3/contextRPE1,7cd9c494fd12abc8029925771c490e424a037b05229e6e3b8971cbc8dfae1bf6
Source,3,RPE1::LSG1+ctrl,LSG1,RPE1,3,True,outer3/contextRPE1,7cd9c494fd12abc8029925771c490e424a037b05229e6e3b8971cbc8dfae1bf6
Source,3,RPE1::LSM5+ctrl,LSM5,RPE1,3,True,outer3/contextRPE1,7cd9c494fd12abc8029925771c490e424a037b05229e6e3b8971cbc8dfae1bf6
Source,3,RPE1::MARS+ctrl,MARS,RPE1,3,True,outer3/contextRPE1,7cd9c494fd12abc8029925771c490e424a037b05229e6e3b8971cbc8dfae1bf6
Source,3,RPE1::MED19+ctrl,MED19,RPE1,3,True,outer3/contextRPE1,7cd9c494fd12abc8029925771c490e424a037b05229e6e3b8971cbc8dfae1bf6
Source,3,RPE1::NELFCD+ctrl,NELFCD,RPE1,3,True,outer3/contextRPE1,7cd9c494fd12abc8029925771c490e424a037b05229e6e3b8971cbc8dfae1bf6
Source,3,RPE1::NFS1+ctrl,NFS1,RPE1,3,True,outer3/contextRPE1,7cd9c494fd12abc8029925771c490e424a037b05229e6e3b8971cbc8dfae1bf6
Source,3,RPE1::NRF1+ctrl,NRF1,RPE1,1,True,outer3/contextRPE1,7cd9c494fd12abc8029925771c490e424a037b05229e6e3b8971cbc8dfae1bf6
Source,3,RPE1::OGFOD1+ctrl,OGFOD1,RPE1,3,True,outer3/contextRPE1,7cd9c494fd12abc8029925771c490e424a037b05229e6e3b8971cbc8dfae1bf6
Source,3,RPE1::OPA1+ctrl,OPA1,RPE1,2,True,outer3/contextRPE1,7cd9c494fd12abc8029925771c490e424a037b05229e6e3b8971cbc8dfae1bf6
Source,3,RPE1::PAXBP1+ctrl,PAXBP1,RPE1,3,True,outer3/contextRPE1,7cd9c494fd12abc8029925771c490e424a037b05229e6e3b8971cbc8dfae1bf6
Source,3,RPE1::PELP1+ctrl,PELP1,RPE1,3,True,outer3/contextRPE1,7cd9c494fd12abc8029925771c490e424a037b05229e6e3b8971cbc8dfae1bf6
Source,3,RPE1::PHAX+ctrl,PHAX,RPE1,3,True,outer3/contextRPE1,7cd9c494fd12abc8029925771c490e424a037b05229e6e3b8971cbc8dfae1bf6
Source,3,RPE1::POLA2+ctrl,POLA2,RPE1,2,True,outer3/contextRPE1,7cd9c494fd12abc8029925771c490e424a037b05229e6e3b8971cbc8dfae1bf6
Source,3,RPE1::POLR3E+ctrl,POLR3E,RPE1,3,True,outer3/contextRPE1,7cd9c494fd12abc8029925771c490e424a037b05229e6e3b8971cbc8dfae1bf6
Source,3,RPE1::POP7+ctrl,POP7,RPE1,3,True,outer3/contextRPE1,7cd9c494fd12abc8029925771c490e424a037b05229e6e3b8971cbc8dfae1bf6
Source,3,RPE1::PPP1R11+ctrl,PPP1R11,RPE1,3,True,outer3/contextRPE1,7cd9c494fd12abc8029925771c490e424a037b05229e6e3b8971cbc8dfae1bf6
Source,3,RPE1::PRIM2+ctrl,PRIM2,RPE1,2,True,outer3/contextRPE1,7cd9c494fd12abc8029925771c490e424a037b05229e6e3b8971cbc8dfae1bf6
Source,3,RPE1::PRMT5+ctrl,PRMT5,RPE1,3,True,outer3/contextRPE1,7cd9c494fd12abc8029925771c490e424a037b05229e6e3b8971cbc8dfae1bf6
Source,3,RPE1::PSMC2+ctrl,PSMC2,RPE1,3,True,outer3/contextRPE1,7cd9c494fd12abc8029925771c490e424a037b05229e6e3b8971cbc8dfae1bf6
Source,3,RPE1::RAN+ctrl,RAN,RPE1,2,True,outer3/contextRPE1,7cd9c494fd12abc8029925771c490e424a037b05229e6e3b8971cbc8dfae1bf6
Source,3,RPE1::RBBP4+ctrl,RBBP4,RPE1,3,True,outer3/contextRPE1,7cd9c494fd12abc8029925771c490e424a037b05229e6e3b8971cbc8dfae1bf6
Source,3,RPE1::RBM48+ctrl,RBM48,RPE1,3,True,outer3/contextRPE1,7cd9c494fd12abc8029925771c490e424a037b05229e6e3b8971cbc8dfae1bf6
Source,3,RPE1::RFC5+ctrl,RFC5,RPE1,2,True,outer3/contextRPE1,7cd9c494fd12abc8029925771c490e424a037b05229e6e3b8971cbc8dfae1bf6
Source,3,RPE1::RPL14+ctrl,RPL14,RPE1,3,True,outer3/contextRPE1,7cd9c494fd12abc8029925771c490e424a037b05229e6e3b8971cbc8dfae1bf6
Source,3,RPE1::RPL23A+ctrl,RPL23A,RPE1,3,True,outer3/contextRPE1,7cd9c494fd12abc8029925771c490e424a037b05229e6e3b8971cbc8dfae1bf6
Source,3,RPE1::RPL35+ctrl,RPL35,RPE1,3,True,outer3/contextRPE1,7cd9c494fd12abc8029925771c490e424a037b05229e6e3b8971cbc8dfae1bf6
Source,3,RPE1::RPS3+ctrl,RPS3,RPE1,3,True,outer3/contextRPE1,7cd9c494fd12abc8029925771c490e424a037b05229e6e3b8971cbc8dfae1bf6
Source,3,RPE1::RPS27+ctrl,RPS27,RPE1,3,True,outer3/contextRPE1,7cd9c494fd12abc8029925771c490e424a037b05229e6e3b8971cbc8dfae1bf6
Source,3,RPE1::RSL1D1+ctrl,RSL1D1,RPE1,3,True,outer3/contextRPE1,7cd9c494fd12abc8029925771c490e424a037b05229e6e3b8971cbc8dfae1bf6
Source,3,RPE1::RUVBL1+ctrl,RUVBL1,RPE1,3,True,outer3/contextRPE1,7cd9c494fd12abc8029925771c490e424a037b05229e6e3b8971cbc8dfae1bf6
Source,3,RPE1::SDAD1+ctrl,SDAD1,RPE1,3,True,outer3/contextRPE1,7cd9c494fd12abc8029925771c490e424a037b05229e6e3b8971cbc8dfae1bf6
Source,3,RPE1::SDE2+ctrl,SDE2,RPE1,2,True,outer3/contextRPE1,7cd9c494fd12abc8029925771c490e424a037b05229e6e3b8971cbc8dfae1bf6
Source,3,RPE1::SF3A2+ctrl,SF3A2,RPE1,3,True,outer3/contextRPE1,7cd9c494fd12abc8029925771c490e424a037b05229e6e3b8971cbc8dfae1bf6
Source,3,RPE1::SFPQ+ctrl,SFPQ,RPE1,2,True,outer3/contextRPE1,7cd9c494fd12abc8029925771c490e424a037b05229e6e3b8971cbc8dfae1bf6
Source,3,RPE1::SMC1A+ctrl,SMC1A,RPE1,3,True,outer3/contextRPE1,7cd9c494fd12abc8029925771c490e424a037b05229e6e3b8971cbc8dfae1bf6
Source,3,RPE1::SNAPC1+ctrl,SNAPC1,RPE1,3,True,outer3/contextRPE1,7cd9c494fd12abc8029925771c490e424a037b05229e6e3b8971cbc8dfae1bf6
Source,3,RPE1::SNRNP200+ctrl,SNRNP200,RPE1,3,True,outer3/contextRPE1,7cd9c494fd12abc8029925771c490e424a037b05229e6e3b8971cbc8dfae1bf6
Source,3,RPE1::SNRPC+ctrl,SNRPC,RPE1,3,True,outer3/contextRPE1,7cd9c494fd12abc8029925771c490e424a037b05229e6e3b8971cbc8dfae1bf6
Source,3,RPE1::SRBD1+ctrl,SRBD1,RPE1,2,True,outer3/contextRPE1,7cd9c494fd12abc8029925771c490e424a037b05229e6e3b8971cbc8dfae1bf6
Source,3,RPE1::STRAP+ctrl,STRAP,RPE1,3,True,outer3/contextRPE1,7cd9c494fd12abc8029925771c490e424a037b05229e6e3b8971cbc8dfae1bf6
Source,3,RPE1::SURF6+ctrl,SURF6,RPE1,3,True,outer3/contextRPE1,7cd9c494fd12abc8029925771c490e424a037b05229e6e3b8971cbc8dfae1bf6
Source,3,RPE1::TCERG1+ctrl,TCERG1,RPE1,3,True,outer3/contextRPE1,7cd9c494fd12abc8029925771c490e424a037b05229e6e3b8971cbc8dfae1bf6
Source,3,RPE1::TIMM13+ctrl,TIMM13,RPE1,3,True,outer3/contextRPE1,7cd9c494fd12abc8029925771c490e424a037b05229e6e3b8971cbc8dfae1bf6
Source,3,RPE1::TPR+ctrl,TPR,RPE1,3,True,outer3/contextRPE1,7cd9c494fd12abc8029925771c490e424a037b05229e6e3b8971cbc8dfae1bf6
Source,3,RPE1::TSG101+ctrl,TSG101,RPE1,2,True,outer3/contextRPE1,7cd9c494fd12abc8029925771c490e424a037b05229e6e3b8971cbc8dfae1bf6
Source,3,RPE1::TUBGCP2+ctrl,TUBGCP2,RPE1,2,True,outer3/contextRPE1,7cd9c494fd12abc8029925771c490e424a037b05229e6e3b8971cbc8dfae1bf6
Source,3,RPE1::UBA3+ctrl,UBA3,RPE1,2,True,outer3/contextRPE1,7cd9c494fd12abc8029925771c490e424a037b05229e6e3b8971cbc8dfae1bf6
Source,3,RPE1::UBAP1+ctrl,UBAP1,RPE1,3,True,outer3/contextRPE1,7cd9c494fd12abc8029925771c490e424a037b05229e6e3b8971cbc8dfae1bf6
Source,3,RPE1::UQCRB+ctrl,UQCRB,RPE1,2,True,outer3/contextRPE1,7cd9c494fd12abc8029925771c490e424a037b05229e6e3b8971cbc8dfae1bf6
Source,3,RPE1::WBP11+ctrl,WBP11,RPE1,2,True,outer3/contextRPE1,7cd9c494fd12abc8029925771c490e424a037b05229e6e3b8971cbc8dfae1bf6
Source,3,RPE1::WDR24+ctrl,WDR24,RPE1,1,True,outer3/contextRPE1,7cd9c494fd12abc8029925771c490e424a037b05229e6e3b8971cbc8dfae1bf6
Source,3,RPE1::YTHDC1+ctrl,YTHDC1,RPE1,2,True,outer3/contextRPE1,7cd9c494fd12abc8029925771c490e424a037b05229e6e3b8971cbc8dfae1bf6
Source,3,RPE1::ZCRB1+ctrl,ZCRB1,RPE1,3,True,outer3/contextRPE1,7cd9c494fd12abc8029925771c490e424a037b05229e6e3b8971cbc8dfae1bf6
Source,3,hepg2::ABCF1+ctrl,ABCF1,hepg2,3,True,outer3/contexthepg2,a9be0a9c8f9e7b21f689faaf777fa46ccbbc8be62cb46a47490e5682ebb0d96b
Source,3,hepg2::ABT1+ctrl,ABT1,hepg2,3,True,outer3/contexthepg2,a9be0a9c8f9e7b21f689faaf777fa46ccbbc8be62cb46a47490e5682ebb0d96b
Source,3,hepg2::ATP6V0B+ctrl,ATP6V0B,hepg2,3,True,outer3/contexthepg2,a9be0a9c8f9e7b21f689faaf777fa46ccbbc8be62cb46a47490e5682ebb0d96b
Source,3,hepg2::ATR+ctrl,ATR,hepg2,3,True,outer3/contexthepg2,a9be0a9c8f9e7b21f689faaf777fa46ccbbc8be62cb46a47490e5682ebb0d96b
Source,3,hepg2::BRIX1+ctrl,BRIX1,hepg2,3,True,outer3/contexthepg2,a9be0a9c8f9e7b21f689faaf777fa46ccbbc8be62cb46a47490e5682ebb0d96b
Source,3,hepg2::CCNH+ctrl,CCNH,hepg2,3,True,outer3/contexthepg2,a9be0a9c8f9e7b21f689faaf777fa46ccbbc8be62cb46a47490e5682ebb0d96b
Source,3,hepg2::CPSF1+ctrl,CPSF1,hepg2,3,True,outer3/contexthepg2,a9be0a9c8f9e7b21f689faaf777fa46ccbbc8be62cb46a47490e5682ebb0d96b
Source,3,hepg2::CSTF3+ctrl,CSTF3,hepg2,3,True,outer3/contexthepg2,a9be0a9c8f9e7b21f689faaf777fa46ccbbc8be62cb46a47490e5682ebb0d96b
Source,3,hepg2::CUL2+ctrl,CUL2,hepg2,3,True,outer3/contexthepg2,a9be0a9c8f9e7b21f689faaf777fa46ccbbc8be62cb46a47490e5682ebb0d96b
Source,3,hepg2::DARS+ctrl,DARS,hepg2,3,True,outer3/contexthepg2,a9be0a9c8f9e7b21f689faaf777fa46ccbbc8be62cb46a47490e5682ebb0d96b
Source,3,hepg2::DDX5+ctrl,DDX5,hepg2,3,True,outer3/contexthepg2,a9be0a9c8f9e7b21f689faaf777fa46ccbbc8be62cb46a47490e5682ebb0d96b
Source,3,hepg2::DHX33+ctrl,DHX33,hepg2,3,True,outer3/contexthepg2,a9be0a9c8f9e7b21f689faaf777fa46ccbbc8be62cb46a47490e5682ebb0d96b
Source,3,hepg2::DNMT1+ctrl,DNMT1,hepg2,3,True,outer3/contexthepg2,a9be0a9c8f9e7b21f689faaf777fa46ccbbc8be62cb46a47490e5682ebb0d96b
Source,3,hepg2::ECD+ctrl,ECD,hepg2,2,True,outer3/contexthepg2,a9be0a9c8f9e7b21f689faaf777fa46ccbbc8be62cb46a47490e5682ebb0d96b
Source,3,hepg2::EIF2B1+ctrl,EIF2B1,hepg2,3,True,outer3/contexthepg2,a9be0a9c8f9e7b21f689faaf777fa46ccbbc8be62cb46a47490e5682ebb0d96b
Source,3,hepg2::EIF2S3+ctrl,EIF2S3,hepg2,3,True,outer3/contexthepg2,a9be0a9c8f9e7b21f689faaf777fa46ccbbc8be62cb46a47490e5682ebb0d96b
Source,3,hepg2::EIF3J+ctrl,EIF3J,hepg2,3,True,outer3/contexthepg2,a9be0a9c8f9e7b21f689faaf777fa46ccbbc8be62cb46a47490e5682ebb0d96b
Source,3,hepg2::ERCC2+ctrl,ERCC2,hepg2,3,True,outer3/contexthepg2,a9be0a9c8f9e7b21f689faaf777fa46ccbbc8be62cb46a47490e5682ebb0d96b
Source,3,hepg2::GINS2+ctrl,GINS2,hepg2,3,True,outer3/contexthepg2,a9be0a9c8f9e7b21f689faaf777fa46ccbbc8be62cb46a47490e5682ebb0d96b
Source,3,hepg2::GPN3+ctrl,GPN3,hepg2,3,True,outer3/contexthepg2,a9be0a9c8f9e7b21f689faaf777fa46ccbbc8be62cb46a47490e5682ebb0d96b
Source,3,hepg2::GTF2F2+ctrl,GTF2F2,hepg2,3,True,outer3/contexthepg2,a9be0a9c8f9e7b21f689faaf777fa46ccbbc8be62cb46a47490e5682ebb0d96b
Source,3,hepg2::HDAC7+ctrl,HDAC7,hepg2,2,True,outer3/contexthepg2,a9be0a9c8f9e7b21f689faaf777fa46ccbbc8be62cb46a47490e5682ebb0d96b
Source,3,hepg2::HSPE1+ctrl,HSPE1,hepg2,3,True,outer3/contexthepg2,a9be0a9c8f9e7b21f689faaf777fa46ccbbc8be62cb46a47490e5682ebb0d96b
Source,3,hepg2::IARS+ctrl,IARS,hepg2,3,True,outer3/contexthepg2,a9be0a9c8f9e7b21f689faaf777fa46ccbbc8be62cb46a47490e5682ebb0d96b
Source,3,hepg2::INO80B+ctrl,INO80B,hepg2,3,True,outer3/contexthepg2,a9be0a9c8f9e7b21f689faaf777fa46ccbbc8be62cb46a47490e5682ebb0d96b
Source,3,hepg2::LAS1L+ctrl,LAS1L,hepg2,3,True,outer3/contexthepg2,a9be0a9c8f9e7b21f689faaf777fa46ccbbc8be62cb46a47490e5682ebb0d96b
Source,3,hepg2::LSG1+ctrl,LSG1,hepg2,3,True,outer3/contexthepg2,a9be0a9c8f9e7b21f689faaf777fa46ccbbc8be62cb46a47490e5682ebb0d96b
Source,3,hepg2::LSM5+ctrl,LSM5,hepg2,3,True,outer3/contexthepg2,a9be0a9c8f9e7b21f689faaf777fa46ccbbc8be62cb46a47490e5682ebb0d96b
Source,3,hepg2::MAK16+ctrl,MAK16,hepg2,2,True,outer3/contexthepg2,a9be0a9c8f9e7b21f689faaf777fa46ccbbc8be62cb46a47490e5682ebb0d96b
Source,3,hepg2::MARS+ctrl,MARS,hepg2,3,True,outer3/contexthepg2,a9be0a9c8f9e7b21f689faaf777fa46ccbbc8be62cb46a47490e5682ebb0d96b
Source,3,hepg2::MED19+ctrl,MED19,hepg2,3,True,outer3/contexthepg2,a9be0a9c8f9e7b21f689faaf777fa46ccbbc8be62cb46a47490e5682ebb0d96b
Source,3,hepg2::MED29+ctrl,MED29,hepg2,3,True,outer3/contexthepg2,a9be0a9c8f9e7b21f689faaf777fa46ccbbc8be62cb46a47490e5682ebb0d96b
Source,3,hepg2::METAP2+ctrl,METAP2,hepg2,2,True,outer3/contexthepg2,a9be0a9c8f9e7b21f689faaf777fa46ccbbc8be62cb46a47490e5682ebb0d96b
Source,3,hepg2::MRPS7+ctrl,MRPS7,hepg2,2,True,outer3/contexthepg2,a9be0a9c8f9e7b21f689faaf777fa46ccbbc8be62cb46a47490e5682ebb0d96b
Source,3,hepg2::MRPS21+ctrl,MRPS21,hepg2,2,True,outer3/contexthepg2,a9be0a9c8f9e7b21f689faaf777fa46ccbbc8be62cb46a47490e5682ebb0d96b
Source,3,hepg2::NELFCD+ctrl,NELFCD,hepg2,3,True,outer3/contexthepg2,a9be0a9c8f9e7b21f689faaf777fa46ccbbc8be62cb46a47490e5682ebb0d96b
Source,3,hepg2::NFS1+ctrl,NFS1,hepg2,3,True,outer3/contexthepg2,a9be0a9c8f9e7b21f689faaf777fa46ccbbc8be62cb46a47490e5682ebb0d96b
Source,3,hepg2::NOL11+ctrl,NOL11,hepg2,3,True,outer3/contexthepg2,a9be0a9c8f9e7b21f689faaf777fa46ccbbc8be62cb46a47490e5682ebb0d96b
Source,3,hepg2::OGFOD1+ctrl,OGFOD1,hepg2,3,True,outer3/contexthepg2,a9be0a9c8f9e7b21f689faaf777fa46ccbbc8be62cb46a47490e5682ebb0d96b
Source,3,hepg2::OPA1+ctrl,OPA1,hepg2,2,True,outer3/contexthepg2,a9be0a9c8f9e7b21f689faaf777fa46ccbbc8be62cb46a47490e5682ebb0d96b
Source,3,hepg2::PAXBP1+ctrl,PAXBP1,hepg2,3,True,outer3/contexthepg2,a9be0a9c8f9e7b21f689faaf777fa46ccbbc8be62cb46a47490e5682ebb0d96b
Source,3,hepg2::PDRG1+ctrl,PDRG1,hepg2,3,True,outer3/contexthepg2,a9be0a9c8f9e7b21f689faaf777fa46ccbbc8be62cb46a47490e5682ebb0d96b
Source,3,hepg2::PELP1+ctrl,PELP1,hepg2,3,True,outer3/contexthepg2,a9be0a9c8f9e7b21f689faaf777fa46ccbbc8be62cb46a47490e5682ebb0d96b
Source,3,hepg2::PGD+ctrl,PGD,hepg2,2,True,outer3/contexthepg2,a9be0a9c8f9e7b21f689faaf777fa46ccbbc8be62cb46a47490e5682ebb0d96b
Source,3,hepg2::PHAX+ctrl,PHAX,hepg2,3,True,outer3/contexthepg2,a9be0a9c8f9e7b21f689faaf777fa46ccbbc8be62cb46a47490e5682ebb0d96b
Source,3,hepg2::POLR3E+ctrl,POLR3E,hepg2,3,True,outer3/contexthepg2,a9be0a9c8f9e7b21f689faaf777fa46ccbbc8be62cb46a47490e5682ebb0d96b
Source,3,hepg2::POP7+ctrl,POP7,hepg2,3,True,outer3/contexthepg2,a9be0a9c8f9e7b21f689faaf777fa46ccbbc8be62cb46a47490e5682ebb0d96b
Source,3,hepg2::PPP1R11+ctrl,PPP1R11,hepg2,3,True,outer3/contexthepg2,a9be0a9c8f9e7b21f689faaf777fa46ccbbc8be62cb46a47490e5682ebb0d96b
Source,3,hepg2::PRIM2+ctrl,PRIM2,hepg2,2,True,outer3/contexthepg2,a9be0a9c8f9e7b21f689faaf777fa46ccbbc8be62cb46a47490e5682ebb0d96b
Source,3,hepg2::PRMT5+ctrl,PRMT5,hepg2,3,True,outer3/contexthepg2,a9be0a9c8f9e7b21f689faaf777fa46ccbbc8be62cb46a47490e5682ebb0d96b
Source,3,hepg2::RAN+ctrl,RAN,hepg2,2,True,outer3/contexthepg2,a9be0a9c8f9e7b21f689faaf777fa46ccbbc8be62cb46a47490e5682ebb0d96b
Source,3,hepg2::RBBP4+ctrl,RBBP4,hepg2,3,True,outer3/contexthepg2,a9be0a9c8f9e7b21f689faaf777fa46ccbbc8be62cb46a47490e5682ebb0d96b
Source,3,hepg2::RBM48+ctrl,RBM48,hepg2,3,True,outer3/contexthepg2,a9be0a9c8f9e7b21f689faaf777fa46ccbbc8be62cb46a47490e5682ebb0d96b
Source,3,hepg2::RFC5+ctrl,RFC5,hepg2,2,True,outer3/contexthepg2,a9be0a9c8f9e7b21f689faaf777fa46ccbbc8be62cb46a47490e5682ebb0d96b
Source,3,hepg2::RMI1+ctrl,RMI1,hepg2,1,True,outer3/contexthepg2,a9be0a9c8f9e7b21f689faaf777fa46ccbbc8be62cb46a47490e5682ebb0d96b
Source,3,hepg2::RPL14+ctrl,RPL14,hepg2,3,True,outer3/contexthepg2,a9be0a9c8f9e7b21f689faaf777fa46ccbbc8be62cb46a47490e5682ebb0d96b
Source,3,hepg2::RPL23A+ctrl,RPL23A,hepg2,3,True,outer3/contexthepg2,a9be0a9c8f9e7b21f689faaf777fa46ccbbc8be62cb46a47490e5682ebb0d96b
Source,3,hepg2::RPL35+ctrl,RPL35,hepg2,3,True,outer3/contexthepg2,a9be0a9c8f9e7b21f689faaf777fa46ccbbc8be62cb46a47490e5682ebb0d96b
Source,3,hepg2::RPS3+ctrl,RPS3,hepg2,3,True,outer3/contexthepg2,a9be0a9c8f9e7b21f689faaf777fa46ccbbc8be62cb46a47490e5682ebb0d96b
Source,3,hepg2::RPS15A+ctrl,RPS15A,hepg2,3,True,outer3/contexthepg2,a9be0a9c8f9e7b21f689faaf777fa46ccbbc8be62cb46a47490e5682ebb0d96b
Source,3,hepg2::RPS27+ctrl,RPS27,hepg2,3,True,outer3/contexthepg2,a9be0a9c8f9e7b21f689faaf777fa46ccbbc8be62cb46a47490e5682ebb0d96b
Source,3,hepg2::RSL1D1+ctrl,RSL1D1,hepg2,3,True,outer3/contexthepg2,a9be0a9c8f9e7b21f689faaf777fa46ccbbc8be62cb46a47490e5682ebb0d96b
Source,3,hepg2::RUVBL1+ctrl,RUVBL1,hepg2,3,True,outer3/contexthepg2,a9be0a9c8f9e7b21f689faaf777fa46ccbbc8be62cb46a47490e5682ebb0d96b
Source,3,hepg2::SAP18+ctrl,SAP18,hepg2,2,True,outer3/contexthepg2,a9be0a9c8f9e7b21f689faaf777fa46ccbbc8be62cb46a47490e5682ebb0d96b
Source,3,hepg2::SDAD1+ctrl,SDAD1,hepg2,3,True,outer3/contexthepg2,a9be0a9c8f9e7b21f689faaf777fa46ccbbc8be62cb46a47490e5682ebb0d96b
Source,3,hepg2::SF3A2+ctrl,SF3A2,hepg2,3,True,outer3/contexthepg2,a9be0a9c8f9e7b21f689faaf777fa46ccbbc8be62cb46a47490e5682ebb0d96b
Source,3,hepg2::SFPQ+ctrl,SFPQ,hepg2,2,True,outer3/contexthepg2,a9be0a9c8f9e7b21f689faaf777fa46ccbbc8be62cb46a47490e5682ebb0d96b
Source,3,hepg2::SMC1A+ctrl,SMC1A,hepg2,3,True,outer3/contexthepg2,a9be0a9c8f9e7b21f689faaf777fa46ccbbc8be62cb46a47490e5682ebb0d96b
Source,3,hepg2::SNRNP200+ctrl,SNRNP200,hepg2,3,True,outer3/contexthepg2,a9be0a9c8f9e7b21f689faaf777fa46ccbbc8be62cb46a47490e5682ebb0d96b
Source,3,hepg2::SNRPC+ctrl,SNRPC,hepg2,3,True,outer3/contexthepg2,a9be0a9c8f9e7b21f689faaf777fa46ccbbc8be62cb46a47490e5682ebb0d96b
Source,3,hepg2::SRBD1+ctrl,SRBD1,hepg2,2,True,outer3/contexthepg2,a9be0a9c8f9e7b21f689faaf777fa46ccbbc8be62cb46a47490e5682ebb0d96b
Source,3,hepg2::STRAP+ctrl,STRAP,hepg2,3,True,outer3/contexthepg2,a9be0a9c8f9e7b21f689faaf777fa46ccbbc8be62cb46a47490e5682ebb0d96b
Source,3,hepg2::SUPT16H+ctrl,SUPT16H,hepg2,3,True,outer3/contexthepg2,a9be0a9c8f9e7b21f689faaf777fa46ccbbc8be62cb46a47490e5682ebb0d96b
Source,3,hepg2::SURF6+ctrl,SURF6,hepg2,3,True,outer3/contexthepg2,a9be0a9c8f9e7b21f689faaf777fa46ccbbc8be62cb46a47490e5682ebb0d96b
Source,3,hepg2::TCERG1+ctrl,TCERG1,hepg2,3,True,outer3/contexthepg2,a9be0a9c8f9e7b21f689faaf777fa46ccbbc8be62cb46a47490e5682ebb0d96b
Source,3,hepg2::TIMM13+ctrl,TIMM13,hepg2,3,True,outer3/contexthepg2,a9be0a9c8f9e7b21f689faaf777fa46ccbbc8be62cb46a47490e5682ebb0d96b
Source,3,hepg2::TPR+ctrl,TPR,hepg2,3,True,outer3/contexthepg2,a9be0a9c8f9e7b21f689faaf777fa46ccbbc8be62cb46a47490e5682ebb0d96b
Source,3,hepg2::TUBGCP2+ctrl,TUBGCP2,hepg2,2,True,outer3/contexthepg2,a9be0a9c8f9e7b21f689faaf777fa46ccbbc8be62cb46a47490e5682ebb0d96b
Source,3,hepg2::UBAP1+ctrl,UBAP1,hepg2,3,True,outer3/contexthepg2,a9be0a9c8f9e7b21f689faaf777fa46ccbbc8be62cb46a47490e5682ebb0d96b
Source,3,hepg2::WBP11+ctrl,WBP11,hepg2,2,True,outer3/contexthepg2,a9be0a9c8f9e7b21f689faaf777fa46ccbbc8be62cb46a47490e5682ebb0d96b
Source,3,hepg2::YTHDC1+ctrl,YTHDC1,hepg2,2,True,outer3/contexthepg2,a9be0a9c8f9e7b21f689faaf777fa46ccbbc8be62cb46a47490e5682ebb0d96b
Source,3,hepg2::ZCRB1+ctrl,ZCRB1,hepg2,3,True,outer3/contexthepg2,a9be0a9c8f9e7b21f689faaf777fa46ccbbc8be62cb46a47490e5682ebb0d96b
Source,3,jurkat::ABCF1+ctrl,ABCF1,jurkat,3,True,outer3/contextjurkat,607bc4dc81de87dc7ae6820c0992e8161a69fcee9c57bf89e0929f0eb245198a
Source,3,jurkat::ABT1+ctrl,ABT1,jurkat,3,True,outer3/contextjurkat,607bc4dc81de87dc7ae6820c0992e8161a69fcee9c57bf89e0929f0eb245198a
Source,3,jurkat::ATR+ctrl,ATR,jurkat,3,True,outer3/contextjurkat,607bc4dc81de87dc7ae6820c0992e8161a69fcee9c57bf89e0929f0eb245198a
Source,3,jurkat::BRIX1+ctrl,BRIX1,jurkat,3,True,outer3/contextjurkat,607bc4dc81de87dc7ae6820c0992e8161a69fcee9c57bf89e0929f0eb245198a
Source,3,jurkat::CCNH+ctrl,CCNH,jurkat,3,True,outer3/contextjurkat,607bc4dc81de87dc7ae6820c0992e8161a69fcee9c57bf89e0929f0eb245198a
Source,3,jurkat::CNOT3+ctrl,CNOT3,jurkat,2,True,outer3/contextjurkat,607bc4dc81de87dc7ae6820c0992e8161a69fcee9c57bf89e0929f0eb245198a
Source,3,jurkat::CPSF1+ctrl,CPSF1,jurkat,3,True,outer3/contextjurkat,607bc4dc81de87dc7ae6820c0992e8161a69fcee9c57bf89e0929f0eb245198a
Source,3,jurkat::CSTF3+ctrl,CSTF3,jurkat,3,True,outer3/contextjurkat,607bc4dc81de87dc7ae6820c0992e8161a69fcee9c57bf89e0929f0eb245198a
Source,3,jurkat::CUL2+ctrl,CUL2,jurkat,3,True,outer3/contextjurkat,607bc4dc81de87dc7ae6820c0992e8161a69fcee9c57bf89e0929f0eb245198a
Source,3,jurkat::CWF19L2+ctrl,CWF19L2,jurkat,3,True,outer3/contextjurkat,607bc4dc81de87dc7ae6820c0992e8161a69fcee9c57bf89e0929f0eb245198a
Source,3,jurkat::DARS+ctrl,DARS,jurkat,3,True,outer3/contextjurkat,607bc4dc81de87dc7ae6820c0992e8161a69fcee9c57bf89e0929f0eb245198a
Source,3,jurkat::DDX5+ctrl,DDX5,jurkat,3,True,outer3/contextjurkat,607bc4dc81de87dc7ae6820c0992e8161a69fcee9c57bf89e0929f0eb245198a
Source,3,jurkat::DDX59+ctrl,DDX59,jurkat,2,True,outer3/contextjurkat,607bc4dc81de87dc7ae6820c0992e8161a69fcee9c57bf89e0929f0eb245198a
Source,3,jurkat::DHX33+ctrl,DHX33,jurkat,3,True,outer3/contextjurkat,607bc4dc81de87dc7ae6820c0992e8161a69fcee9c57bf89e0929f0eb245198a
Source,3,jurkat::DNMT1+ctrl,DNMT1,jurkat,3,True,outer3/contextjurkat,607bc4dc81de87dc7ae6820c0992e8161a69fcee9c57bf89e0929f0eb245198a
Source,3,jurkat::DR1+ctrl,DR1,jurkat,3,True,outer3/contextjurkat,607bc4dc81de87dc7ae6820c0992e8161a69fcee9c57bf89e0929f0eb245198a
Source,3,jurkat::EIF2B1+ctrl,EIF2B1,jurkat,3,True,outer3/contextjurkat,607bc4dc81de87dc7ae6820c0992e8161a69fcee9c57bf89e0929f0eb245198a
Source,3,jurkat::EIF3J+ctrl,EIF3J,jurkat,3,True,outer3/contextjurkat,607bc4dc81de87dc7ae6820c0992e8161a69fcee9c57bf89e0929f0eb245198a
Source,3,jurkat::ERCC2+ctrl,ERCC2,jurkat,3,True,outer3/contextjurkat,607bc4dc81de87dc7ae6820c0992e8161a69fcee9c57bf89e0929f0eb245198a
Source,3,jurkat::GINS2+ctrl,GINS2,jurkat,3,True,outer3/contextjurkat,607bc4dc81de87dc7ae6820c0992e8161a69fcee9c57bf89e0929f0eb245198a
Source,3,jurkat::GINS3+ctrl,GINS3,jurkat,1,True,outer3/contextjurkat,607bc4dc81de87dc7ae6820c0992e8161a69fcee9c57bf89e0929f0eb245198a
Source,3,jurkat::GPN2+ctrl,GPN2,jurkat,2,True,outer3/contextjurkat,607bc4dc81de87dc7ae6820c0992e8161a69fcee9c57bf89e0929f0eb245198a
Source,3,jurkat::GPN3+ctrl,GPN3,jurkat,3,True,outer3/contextjurkat,607bc4dc81de87dc7ae6820c0992e8161a69fcee9c57bf89e0929f0eb245198a
Source,3,jurkat::GTF2F2+ctrl,GTF2F2,jurkat,3,True,outer3/contextjurkat,607bc4dc81de87dc7ae6820c0992e8161a69fcee9c57bf89e0929f0eb245198a
Source,3,jurkat::HNRNPM+ctrl,HNRNPM,jurkat,2,True,outer3/contextjurkat,607bc4dc81de87dc7ae6820c0992e8161a69fcee9c57bf89e0929f0eb245198a
Source,3,jurkat::HSPE1+ctrl,HSPE1,jurkat,3,True,outer3/contextjurkat,607bc4dc81de87dc7ae6820c0992e8161a69fcee9c57bf89e0929f0eb245198a
Source,3,jurkat::IARS+ctrl,IARS,jurkat,3,True,outer3/contextjurkat,607bc4dc81de87dc7ae6820c0992e8161a69fcee9c57bf89e0929f0eb245198a
Source,3,jurkat::INO80B+ctrl,INO80B,jurkat,3,True,outer3/contextjurkat,607bc4dc81de87dc7ae6820c0992e8161a69fcee9c57bf89e0929f0eb245198a
Source,3,jurkat::LAS1L+ctrl,LAS1L,jurkat,3,True,outer3/contextjurkat,607bc4dc81de87dc7ae6820c0992e8161a69fcee9c57bf89e0929f0eb245198a
Source,3,jurkat::LSG1+ctrl,LSG1,jurkat,3,True,outer3/contextjurkat,607bc4dc81de87dc7ae6820c0992e8161a69fcee9c57bf89e0929f0eb245198a
Source,3,jurkat::LSM5+ctrl,LSM5,jurkat,3,True,outer3/contextjurkat,607bc4dc81de87dc7ae6820c0992e8161a69fcee9c57bf89e0929f0eb245198a
Source,3,jurkat::MAK16+ctrl,MAK16,jurkat,2,True,outer3/contextjurkat,607bc4dc81de87dc7ae6820c0992e8161a69fcee9c57bf89e0929f0eb245198a
Source,3,jurkat::MARS+ctrl,MARS,jurkat,3,True,outer3/contextjurkat,607bc4dc81de87dc7ae6820c0992e8161a69fcee9c57bf89e0929f0eb245198a
Source,3,jurkat::MED19+ctrl,MED19,jurkat,3,True,outer3/contextjurkat,607bc4dc81de87dc7ae6820c0992e8161a69fcee9c57bf89e0929f0eb245198a
Source,3,jurkat::MED29+ctrl,MED29,jurkat,3,True,outer3/contextjurkat,607bc4dc81de87dc7ae6820c0992e8161a69fcee9c57bf89e0929f0eb245198a
Source,3,jurkat::METAP2+ctrl,METAP2,jurkat,2,True,outer3/contextjurkat,607bc4dc81de87dc7ae6820c0992e8161a69fcee9c57bf89e0929f0eb245198a
Source,3,jurkat::MRPL13+ctrl,MRPL13,jurkat,1,True,outer3/contextjurkat,607bc4dc81de87dc7ae6820c0992e8161a69fcee9c57bf89e0929f0eb245198a
Source,3,jurkat::MRPL17+ctrl,MRPL17,jurkat,2,True,outer3/contextjurkat,607bc4dc81de87dc7ae6820c0992e8161a69fcee9c57bf89e0929f0eb245198a
Source,3,jurkat::MRPS2+ctrl,MRPS2,jurkat,2,True,outer3/contextjurkat,607bc4dc81de87dc7ae6820c0992e8161a69fcee9c57bf89e0929f0eb245198a
Source,3,jurkat::MRPS7+ctrl,MRPS7,jurkat,2,True,outer3/contextjurkat,607bc4dc81de87dc7ae6820c0992e8161a69fcee9c57bf89e0929f0eb245198a
Source,3,jurkat::MRPS21+ctrl,MRPS21,jurkat,2,True,outer3/contextjurkat,607bc4dc81de87dc7ae6820c0992e8161a69fcee9c57bf89e0929f0eb245198a
Source,3,jurkat::NELFCD+ctrl,NELFCD,jurkat,3,True,outer3/contextjurkat,607bc4dc81de87dc7ae6820c0992e8161a69fcee9c57bf89e0929f0eb245198a
Source,3,jurkat::NOL11+ctrl,NOL11,jurkat,3,True,outer3/contextjurkat,607bc4dc81de87dc7ae6820c0992e8161a69fcee9c57bf89e0929f0eb245198a
Source,3,jurkat::OGFOD1+ctrl,OGFOD1,jurkat,3,True,outer3/contextjurkat,607bc4dc81de87dc7ae6820c0992e8161a69fcee9c57bf89e0929f0eb245198a
Source,3,jurkat::PAXBP1+ctrl,PAXBP1,jurkat,3,True,outer3/contextjurkat,607bc4dc81de87dc7ae6820c0992e8161a69fcee9c57bf89e0929f0eb245198a
Source,3,jurkat::PDRG1+ctrl,PDRG1,jurkat,3,True,outer3/contextjurkat,607bc4dc81de87dc7ae6820c0992e8161a69fcee9c57bf89e0929f0eb245198a
Source,3,jurkat::PELP1+ctrl,PELP1,jurkat,3,True,outer3/contextjurkat,607bc4dc81de87dc7ae6820c0992e8161a69fcee9c57bf89e0929f0eb245198a
Source,3,jurkat::PGD+ctrl,PGD,jurkat,2,True,outer3/contextjurkat,607bc4dc81de87dc7ae6820c0992e8161a69fcee9c57bf89e0929f0eb245198a
Source,3,jurkat::PHAX+ctrl,PHAX,jurkat,3,True,outer3/contextjurkat,607bc4dc81de87dc7ae6820c0992e8161a69fcee9c57bf89e0929f0eb245198a
Source,3,jurkat::POLR3E+ctrl,POLR3E,jurkat,3,True,outer3/contextjurkat,607bc4dc81de87dc7ae6820c0992e8161a69fcee9c57bf89e0929f0eb245198a
Source,3,jurkat::POP7+ctrl,POP7,jurkat,3,True,outer3/contextjurkat,607bc4dc81de87dc7ae6820c0992e8161a69fcee9c57bf89e0929f0eb245198a
Source,3,jurkat::PPIE+ctrl,PPIE,jurkat,2,True,outer3/contextjurkat,607bc4dc81de87dc7ae6820c0992e8161a69fcee9c57bf89e0929f0eb245198a
Source,3,jurkat::PPP1R11+ctrl,PPP1R11,jurkat,3,True,outer3/contextjurkat,607bc4dc81de87dc7ae6820c0992e8161a69fcee9c57bf89e0929f0eb245198a
Source,3,jurkat::PRMT5+ctrl,PRMT5,jurkat,3,True,outer3/contextjurkat,607bc4dc81de87dc7ae6820c0992e8161a69fcee9c57bf89e0929f0eb245198a
Source,3,jurkat::RBBP4+ctrl,RBBP4,jurkat,3,True,outer3/contextjurkat,607bc4dc81de87dc7ae6820c0992e8161a69fcee9c57bf89e0929f0eb245198a
Source,3,jurkat::RBM48+ctrl,RBM48,jurkat,3,True,outer3/contextjurkat,607bc4dc81de87dc7ae6820c0992e8161a69fcee9c57bf89e0929f0eb245198a
Source,3,jurkat::RPL23A+ctrl,RPL23A,jurkat,3,True,outer3/contextjurkat,607bc4dc81de87dc7ae6820c0992e8161a69fcee9c57bf89e0929f0eb245198a
Source,3,jurkat::RPL35+ctrl,RPL35,jurkat,3,True,outer3/contextjurkat,607bc4dc81de87dc7ae6820c0992e8161a69fcee9c57bf89e0929f0eb245198a
Source,3,jurkat::RPS3+ctrl,RPS3,jurkat,3,True,outer3/contextjurkat,607bc4dc81de87dc7ae6820c0992e8161a69fcee9c57bf89e0929f0eb245198a
Source,3,jurkat::RPS15A+ctrl,RPS15A,jurkat,3,True,outer3/contextjurkat,607bc4dc81de87dc7ae6820c0992e8161a69fcee9c57bf89e0929f0eb245198a
Source,3,jurkat::RPS27+ctrl,RPS27,jurkat,3,True,outer3/contextjurkat,607bc4dc81de87dc7ae6820c0992e8161a69fcee9c57bf89e0929f0eb245198a
Source,3,jurkat::RSL1D1+ctrl,RSL1D1,jurkat,3,True,outer3/contextjurkat,607bc4dc81de87dc7ae6820c0992e8161a69fcee9c57bf89e0929f0eb245198a
Source,3,jurkat::SAP18+ctrl,SAP18,jurkat,2,True,outer3/contextjurkat,607bc4dc81de87dc7ae6820c0992e8161a69fcee9c57bf89e0929f0eb245198a
Source,3,jurkat::SDAD1+ctrl,SDAD1,jurkat,3,True,outer3/contextjurkat,607bc4dc81de87dc7ae6820c0992e8161a69fcee9c57bf89e0929f0eb245198a
Source,3,jurkat::SF3A2+ctrl,SF3A2,jurkat,3,True,outer3/contextjurkat,607bc4dc81de87dc7ae6820c0992e8161a69fcee9c57bf89e0929f0eb245198a
Source,3,jurkat::SMC1A+ctrl,SMC1A,jurkat,3,True,outer3/contextjurkat,607bc4dc81de87dc7ae6820c0992e8161a69fcee9c57bf89e0929f0eb245198a
Source,3,jurkat::SNAPC1+ctrl,SNAPC1,jurkat,3,True,outer3/contextjurkat,607bc4dc81de87dc7ae6820c0992e8161a69fcee9c57bf89e0929f0eb245198a
Source,3,jurkat::SSBP1+ctrl,SSBP1,jurkat,1,True,outer3/contextjurkat,607bc4dc81de87dc7ae6820c0992e8161a69fcee9c57bf89e0929f0eb245198a
Source,3,jurkat::STRAP+ctrl,STRAP,jurkat,3,True,outer3/contextjurkat,607bc4dc81de87dc7ae6820c0992e8161a69fcee9c57bf89e0929f0eb245198a
Source,3,jurkat::SUPT16H+ctrl,SUPT16H,jurkat,3,True,outer3/contextjurkat,607bc4dc81de87dc7ae6820c0992e8161a69fcee9c57bf89e0929f0eb245198a
Source,3,jurkat::SURF6+ctrl,SURF6,jurkat,3,True,outer3/contextjurkat,607bc4dc81de87dc7ae6820c0992e8161a69fcee9c57bf89e0929f0eb245198a
Source,3,jurkat::TCERG1+ctrl,TCERG1,jurkat,3,True,outer3/contextjurkat,607bc4dc81de87dc7ae6820c0992e8161a69fcee9c57bf89e0929f0eb245198a
Source,3,jurkat::TIMM13+ctrl,TIMM13,jurkat,3,True,outer3/contextjurkat,607bc4dc81de87dc7ae6820c0992e8161a69fcee9c57bf89e0929f0eb245198a
Source,3,jurkat::TSG101+ctrl,TSG101,jurkat,2,True,outer3/contextjurkat,607bc4dc81de87dc7ae6820c0992e8161a69fcee9c57bf89e0929f0eb245198a
Source,3,jurkat::UBA3+ctrl,UBA3,jurkat,2,True,outer3/contextjurkat,607bc4dc81de87dc7ae6820c0992e8161a69fcee9c57bf89e0929f0eb245198a
Source,3,jurkat::UBAP1+ctrl,UBAP1,jurkat,3,True,outer3/contextjurkat,607bc4dc81de87dc7ae6820c0992e8161a69fcee9c57bf89e0929f0eb245198a
Source,3,jurkat::UQCRB+ctrl,UQCRB,jurkat,2,True,outer3/contextjurkat,607bc4dc81de87dc7ae6820c0992e8161a69fcee9c57bf89e0929f0eb245198a
Source,3,jurkat::ZCRB1+ctrl,ZCRB1,jurkat,3,True,outer3/contextjurkat,607bc4dc81de87dc7ae6820c0992e8161a69fcee9c57bf89e0929f0eb245198a
Source,4,K562::ABCE1+ctrl,ABCE1,K562,3,True,outer4/contextK562,63fc08398d9f0b83d41010117ac1f53ef89d66b021bec0da5f40a81f05762bf6
Source,4,K562::ACTR6+ctrl,ACTR6,K562,3,True,outer4/contextK562,63fc08398d9f0b83d41010117ac1f53ef89d66b021bec0da5f40a81f05762bf6
Source,4,K562::ARL2+ctrl,ARL2,K562,3,True,outer4/contextK562,63fc08398d9f0b83d41010117ac1f53ef89d66b021bec0da5f40a81f05762bf6
Source,4,K562::BRD8+ctrl,BRD8,K562,1,True,outer4/contextK562,63fc08398d9f0b83d41010117ac1f53ef89d66b021bec0da5f40a81f05762bf6
Source,4,K562::CCDC84+ctrl,CCDC84,K562,2,True,outer4/contextK562,63fc08398d9f0b83d41010117ac1f53ef89d66b021bec0da5f40a81f05762bf6
Source,4,K562::CDC123+ctrl,CDC123,K562,3,True,outer4/contextK562,63fc08398d9f0b83d41010117ac1f53ef89d66b021bec0da5f40a81f05762bf6
Source,4,K562::CEP192+ctrl,CEP192,K562,3,True,outer4/contextK562,63fc08398d9f0b83d41010117ac1f53ef89d66b021bec0da5f40a81f05762bf6
Source,4,K562::CNOT2+ctrl,CNOT2,K562,3,True,outer4/contextK562,63fc08398d9f0b83d41010117ac1f53ef89d66b021bec0da5f40a81f05762bf6
Source,4,K562::CPSF6+ctrl,CPSF6,K562,3,True,outer4/contextK562,63fc08398d9f0b83d41010117ac1f53ef89d66b021bec0da5f40a81f05762bf6
Source,4,K562::CSNK2B+ctrl,CSNK2B,K562,3,True,outer4/contextK562,63fc08398d9f0b83d41010117ac1f53ef89d66b021bec0da5f40a81f05762bf6
Source,4,K562::CWC15+ctrl,CWC15,K562,3,True,outer4/contextK562,63fc08398d9f0b83d41010117ac1f53ef89d66b021bec0da5f40a81f05762bf6
Source,4,K562::DDX46+ctrl,DDX46,K562,3,True,outer4/contextK562,63fc08398d9f0b83d41010117ac1f53ef89d66b021bec0da5f40a81f05762bf6
Source,4,K562::DHX16+ctrl,DHX16,K562,3,True,outer4/contextK562,63fc08398d9f0b83d41010117ac1f53ef89d66b021bec0da5f40a81f05762bf6
Source,4,K562::DHX36+ctrl,DHX36,K562,3,True,outer4/contextK562,63fc08398d9f0b83d41010117ac1f53ef89d66b021bec0da5f40a81f05762bf6
Source,4,K562::DMAP1+ctrl,DMAP1,K562,3,True,outer4/contextK562,63fc08398d9f0b83d41010117ac1f53ef89d66b021bec0da5f40a81f05762bf6
Source,4,K562::DNAJC8+ctrl,DNAJC8,K562,3,True,outer4/contextK562,63fc08398d9f0b83d41010117ac1f53ef89d66b021bec0da5f40a81f05762bf6
Source,4,K562::DNM1L+ctrl,DNM1L,K562,2,True,outer4/contextK562,63fc08398d9f0b83d41010117ac1f53ef89d66b021bec0da5f40a81f05762bf6
Source,4,K562::DNTTIP2+ctrl,DNTTIP2,K562,2,True,outer4/contextK562,63fc08398d9f0b83d41010117ac1f53ef89d66b021bec0da5f40a81f05762bf6
Source,4,K562::DSN1+ctrl,DSN1,K562,2,True,outer4/contextK562,63fc08398d9f0b83d41010117ac1f53ef89d66b021bec0da5f40a81f05762bf6
Source,4,K562::EEF2+ctrl,EEF2,K562,3,True,outer4/contextK562,63fc08398d9f0b83d41010117ac1f53ef89d66b021bec0da5f40a81f05762bf6
Source,4,K562::EIF3I+ctrl,EIF3I,K562,3,True,outer4/contextK562,63fc08398d9f0b83d41010117ac1f53ef89d66b021bec0da5f40a81f05762bf6
Source,4,K562::EIF3M+ctrl,EIF3M,K562,2,True,outer4/contextK562,63fc08398d9f0b83d41010117ac1f53ef89d66b021bec0da5f40a81f05762bf6
Source,4,K562::EIF6+ctrl,EIF6,K562,3,True,outer4/contextK562,63fc08398d9f0b83d41010117ac1f53ef89d66b021bec0da5f40a81f05762bf6
Source,4,K562::EXOSC10+ctrl,EXOSC10,K562,2,True,outer4/contextK562,63fc08398d9f0b83d41010117ac1f53ef89d66b021bec0da5f40a81f05762bf6
Source,4,K562::FAM136A+ctrl,FAM136A,K562,3,True,outer4/contextK562,63fc08398d9f0b83d41010117ac1f53ef89d66b021bec0da5f40a81f05762bf6
Source,4,K562::GFM1+ctrl,GFM1,K562,3,True,outer4/contextK562,63fc08398d9f0b83d41010117ac1f53ef89d66b021bec0da5f40a81f05762bf6
Source,4,K562::GMPS+ctrl,GMPS,K562,2,True,outer4/contextK562,63fc08398d9f0b83d41010117ac1f53ef89d66b021bec0da5f40a81f05762bf6
Source,4,K562::GPN1+ctrl,GPN1,K562,2,True,outer4/contextK562,63fc08398d9f0b83d41010117ac1f53ef89d66b021bec0da5f40a81f05762bf6
Source,4,K562::GTF2E1+ctrl,GTF2E1,K562,3,True,outer4/contextK562,63fc08398d9f0b83d41010117ac1f53ef89d66b021bec0da5f40a81f05762bf6
Source,4,K562::HARS2+ctrl,HARS2,K562,1,True,outer4/contextK562,63fc08398d9f0b83d41010117ac1f53ef89d66b021bec0da5f40a81f05762bf6
Source,4,K562::HBS1L+ctrl,HBS1L,K562,2,True,outer4/contextK562,63fc08398d9f0b83d41010117ac1f53ef89d66b021bec0da5f40a81f05762bf6
Source,4,K562::HEATR1+ctrl,HEATR1,K562,1,True,outer4/contextK562,63fc08398d9f0b83d41010117ac1f53ef89d66b021bec0da5f40a81f05762bf6
Source,4,K562::HMGCS1+ctrl,HMGCS1,K562,3,True,outer4/contextK562,63fc08398d9f0b83d41010117ac1f53ef89d66b021bec0da5f40a81f05762bf6
Source,4,K562::HSPA5+ctrl,HSPA5,K562,2,True,outer4/contextK562,63fc08398d9f0b83d41010117ac1f53ef89d66b021bec0da5f40a81f05762bf6
Source,4,K562::HSPA8+ctrl,HSPA8,K562,1,True,outer4/contextK562,63fc08398d9f0b83d41010117ac1f53ef89d66b021bec0da5f40a81f05762bf6
Source,4,K562::HSPA9+ctrl,HSPA9,K562,3,True,outer4/contextK562,63fc08398d9f0b83d41010117ac1f53ef89d66b021bec0da5f40a81f05762bf6
Source,4,K562::KANSL1+ctrl,KANSL1,K562,3,True,outer4/contextK562,63fc08398d9f0b83d41010117ac1f53ef89d66b021bec0da5f40a81f05762bf6
Source,4,K562::KRI1+ctrl,KRI1,K562,3,True,outer4/contextK562,63fc08398d9f0b83d41010117ac1f53ef89d66b021bec0da5f40a81f05762bf6
Source,4,K562::KRR1+ctrl,KRR1,K562,2,True,outer4/contextK562,63fc08398d9f0b83d41010117ac1f53ef89d66b021bec0da5f40a81f05762bf6
Source,4,K562::LSM3+ctrl,LSM3,K562,3,True,outer4/contextK562,63fc08398d9f0b83d41010117ac1f53ef89d66b021bec0da5f40a81f05762bf6
Source,4,K562::LSM4+ctrl,LSM4,K562,3,True,outer4/contextK562,63fc08398d9f0b83d41010117ac1f53ef89d66b021bec0da5f40a81f05762bf6
Source,4,K562::MCM6+ctrl,MCM6,K562,3,True,outer4/contextK562,63fc08398d9f0b83d41010117ac1f53ef89d66b021bec0da5f40a81f05762bf6
Source,4,K562::MED11+ctrl,MED11,K562,3,True,outer4/contextK562,63fc08398d9f0b83d41010117ac1f53ef89d66b021bec0da5f40a81f05762bf6
Source,4,K562::MED26+ctrl,MED26,K562,2,True,outer4/contextK562,63fc08398d9f0b83d41010117ac1f53ef89d66b021bec0da5f40a81f05762bf6
Source,4,K562::MNAT1+ctrl,MNAT1,K562,3,True,outer4/contextK562,63fc08398d9f0b83d41010117ac1f53ef89d66b021bec0da5f40a81f05762bf6
Source,4,K562::MRPL38+ctrl,MRPL38,K562,3,True,outer4/contextK562,63fc08398d9f0b83d41010117ac1f53ef89d66b021bec0da5f40a81f05762bf6
Source,4,K562::MRPL41+ctrl,MRPL41,K562,2,True,outer4/contextK562,63fc08398d9f0b83d41010117ac1f53ef89d66b021bec0da5f40a81f05762bf6
Source,4,K562::MRPL51+ctrl,MRPL51,K562,2,True,outer4/contextK562,63fc08398d9f0b83d41010117ac1f53ef89d66b021bec0da5f40a81f05762bf6
Source,4,K562::MRPS11+ctrl,MRPS11,K562,1,True,outer4/contextK562,63fc08398d9f0b83d41010117ac1f53ef89d66b021bec0da5f40a81f05762bf6
Source,4,K562::MRPS22+ctrl,MRPS22,K562,1,True,outer4/contextK562,63fc08398d9f0b83d41010117ac1f53ef89d66b021bec0da5f40a81f05762bf6
Source,4,K562::MRPS35+ctrl,MRPS35,K562,2,True,outer4/contextK562,63fc08398d9f0b83d41010117ac1f53ef89d66b021bec0da5f40a81f05762bf6
Source,4,K562::NAA10+ctrl,NAA10,K562,3,True,outer4/contextK562,63fc08398d9f0b83d41010117ac1f53ef89d66b021bec0da5f40a81f05762bf6
Source,4,K562::NDUFA8+ctrl,NDUFA8,K562,1,True,outer4/contextK562,63fc08398d9f0b83d41010117ac1f53ef89d66b021bec0da5f40a81f05762bf6
Source,4,K562::NDUFB8+ctrl,NDUFB8,K562,2,True,outer4/contextK562,63fc08398d9f0b83d41010117ac1f53ef89d66b021bec0da5f40a81f05762bf6
Source,4,K562::NUTF2+ctrl,NUTF2,K562,2,True,outer4/contextK562,63fc08398d9f0b83d41010117ac1f53ef89d66b021bec0da5f40a81f05762bf6
Source,4,K562::OXA1L+ctrl,OXA1L,K562,1,True,outer4/contextK562,63fc08398d9f0b83d41010117ac1f53ef89d66b021bec0da5f40a81f05762bf6
Source,4,K562::PAM16+ctrl,PAM16,K562,3,True,outer4/contextK562,63fc08398d9f0b83d41010117ac1f53ef89d66b021bec0da5f40a81f05762bf6
Source,4,K562::PDAP1+ctrl,PDAP1,K562,3,True,outer4/contextK562,63fc08398d9f0b83d41010117ac1f53ef89d66b021bec0da5f40a81f05762bf6
Source,4,K562::PDCD2+ctrl,PDCD2,K562,3,True,outer4/contextK562,63fc08398d9f0b83d41010117ac1f53ef89d66b021bec0da5f40a81f05762bf6
Source,4,K562::PDCD7+ctrl,PDCD7,K562,3,True,outer4/contextK562,63fc08398d9f0b83d41010117ac1f53ef89d66b021bec0da5f40a81f05762bf6
Source,4,K562::PGAM1+ctrl,PGAM1,K562,2,True,outer4/contextK562,63fc08398d9f0b83d41010117ac1f53ef89d66b021bec0da5f40a81f05762bf6
Source,4,K562::POLR2A+ctrl,POLR2A,K562,1,True,outer4/contextK562,63fc08398d9f0b83d41010117ac1f53ef89d66b021bec0da5f40a81f05762bf6
Source,4,K562::POLR2F+ctrl,POLR2F,K562,3,True,outer4/contextK562,63fc08398d9f0b83d41010117ac1f53ef89d66b021bec0da5f40a81f05762bf6
Source,4,K562::POLR3D+ctrl,POLR3D,K562,3,True,outer4/contextK562,63fc08398d9f0b83d41010117ac1f53ef89d66b021bec0da5f40a81f05762bf6
Source,4,K562::POP5+ctrl,POP5,K562,3,True,outer4/contextK562,63fc08398d9f0b83d41010117ac1f53ef89d66b021bec0da5f40a81f05762bf6
Source,4,K562::PPARGC1B+ctrl,PPARGC1B,K562,1,True,outer4/contextK562,63fc08398d9f0b83d41010117ac1f53ef89d66b021bec0da5f40a81f05762bf6
Source,4,K562::PPP4R2+ctrl,PPP4R2,K562,2,True,outer4/contextK562,63fc08398d9f0b83d41010117ac1f53ef89d66b021bec0da5f40a81f05762bf6
Source,4,K562::PSMD4+ctrl,PSMD4,K562,3,True,outer4/contextK562,63fc08398d9f0b83d41010117ac1f53ef89d66b021bec0da5f40a81f05762bf6
Source,4,K562::QARS+ctrl,QARS,K562,3,True,outer4/contextK562,63fc08398d9f0b83d41010117ac1f53ef89d66b021bec0da5f40a81f05762bf6
Source,4,K562::RAE1+ctrl,RAE1,K562,2,True,outer4/contextK562,63fc08398d9f0b83d41010117ac1f53ef89d66b021bec0da5f40a81f05762bf6
Source,4,K562::RARS2+ctrl,RARS2,K562,3,True,outer4/contextK562,63fc08398d9f0b83d41010117ac1f53ef89d66b021bec0da5f40a81f05762bf6
Source,4,K562::RBM42+ctrl,RBM42,K562,3,True,outer4/contextK562,63fc08398d9f0b83d41010117ac1f53ef89d66b021bec0da5f40a81f05762bf6
Source,4,K562::REXO2+ctrl,REXO2,K562,1,True,outer4/contextK562,63fc08398d9f0b83d41010117ac1f53ef89d66b021bec0da5f40a81f05762bf6
Source,4,K562::RNF113A+ctrl,RNF113A,K562,3,True,outer4/contextK562,63fc08398d9f0b83d41010117ac1f53ef89d66b021bec0da5f40a81f05762bf6
Source,4,K562::RNPS1+ctrl,RNPS1,K562,3,True,outer4/contextK562,63fc08398d9f0b83d41010117ac1f53ef89d66b021bec0da5f40a81f05762bf6
Source,4,K562::RPL11+ctrl,RPL11,K562,3,True,outer4/contextK562,63fc08398d9f0b83d41010117ac1f53ef89d66b021bec0da5f40a81f05762bf6
Source,4,K562::RPL12+ctrl,RPL12,K562,3,True,outer4/contextK562,63fc08398d9f0b83d41010117ac1f53ef89d66b021bec0da5f40a81f05762bf6
Source,4,K562::RPL18+ctrl,RPL18,K562,3,True,outer4/contextK562,63fc08398d9f0b83d41010117ac1f53ef89d66b021bec0da5f40a81f05762bf6
Source,4,K562::RPL34+ctrl,RPL34,K562,3,True,outer4/contextK562,63fc08398d9f0b83d41010117ac1f53ef89d66b021bec0da5f40a81f05762bf6
Source,4,K562::RPL38+ctrl,RPL38,K562,3,True,outer4/contextK562,63fc08398d9f0b83d41010117ac1f53ef89d66b021bec0da5f40a81f05762bf6
Source,4,K562::RPL39+ctrl,RPL39,K562,3,True,outer4/contextK562,63fc08398d9f0b83d41010117ac1f53ef89d66b021bec0da5f40a81f05762bf6
Source,4,K562::RPP38+ctrl,RPP38,K562,1,True,outer4/contextK562,63fc08398d9f0b83d41010117ac1f53ef89d66b021bec0da5f40a81f05762bf6
Source,4,K562::RPS24+ctrl,RPS24,K562,3,True,outer4/contextK562,63fc08398d9f0b83d41010117ac1f53ef89d66b021bec0da5f40a81f05762bf6
Source,4,K562::RPS29+ctrl,RPS29,K562,3,True,outer4/contextK562,63fc08398d9f0b83d41010117ac1f53ef89d66b021bec0da5f40a81f05762bf6
Source,4,K562::RPTOR+ctrl,RPTOR,K562,3,True,outer4/contextK562,63fc08398d9f0b83d41010117ac1f53ef89d66b021bec0da5f40a81f05762bf6
Source,4,K562::RRN3+ctrl,RRN3,K562,3,True,outer4/contextK562,63fc08398d9f0b83d41010117ac1f53ef89d66b021bec0da5f40a81f05762bf6
Source,4,K562::RTF1+ctrl,RTF1,K562,3,True,outer4/contextK562,63fc08398d9f0b83d41010117ac1f53ef89d66b021bec0da5f40a81f05762bf6
Source,4,K562::SAMM50+ctrl,SAMM50,K562,3,True,outer4/contextK562,63fc08398d9f0b83d41010117ac1f53ef89d66b021bec0da5f40a81f05762bf6
Source,4,K562::SCAF1+ctrl,SCAF1,K562,3,True,outer4/contextK562,63fc08398d9f0b83d41010117ac1f53ef89d66b021bec0da5f40a81f05762bf6
Source,4,K562::SETDB1+ctrl,SETDB1,K562,3,True,outer4/contextK562,63fc08398d9f0b83d41010117ac1f53ef89d66b021bec0da5f40a81f05762bf6
Source,4,K562::SLU7+ctrl,SLU7,K562,3,True,outer4/contextK562,63fc08398d9f0b83d41010117ac1f53ef89d66b021bec0da5f40a81f05762bf6
Source,4,K562::SMN2+ctrl,SMN2,K562,2,True,outer4/contextK562,63fc08398d9f0b83d41010117ac1f53ef89d66b021bec0da5f40a81f05762bf6
Source,4,K562::SNRPD1+ctrl,SNRPD1,K562,3,True,outer4/contextK562,63fc08398d9f0b83d41010117ac1f53ef89d66b021bec0da5f40a81f05762bf6
Source,4,K562::SRSF7+ctrl,SRSF7,K562,2,True,outer4/contextK562,63fc08398d9f0b83d41010117ac1f53ef89d66b021bec0da5f40a81f05762bf6
Source,4,K562::SSU72+ctrl,SSU72,K562,3,True,outer4/contextK562,63fc08398d9f0b83d41010117ac1f53ef89d66b021bec0da5f40a81f05762bf6
Source,4,K562::STARD7+ctrl,STARD7,K562,1,True,outer4/contextK562,63fc08398d9f0b83d41010117ac1f53ef89d66b021bec0da5f40a81f05762bf6
Source,4,K562::TAF1C+ctrl,TAF1C,K562,2,True,outer4/contextK562,63fc08398d9f0b83d41010117ac1f53ef89d66b021bec0da5f40a81f05762bf6
Source,4,K562::TBL3+ctrl,TBL3,K562,1,True,outer4/contextK562,63fc08398d9f0b83d41010117ac1f53ef89d66b021bec0da5f40a81f05762bf6
Source,4,K562::THOC7+ctrl,THOC7,K562,3,True,outer4/contextK562,63fc08398d9f0b83d41010117ac1f53ef89d66b021bec0da5f40a81f05762bf6
Source,4,K562::TOMM22+ctrl,TOMM22,K562,3,True,outer4/contextK562,63fc08398d9f0b83d41010117ac1f53ef89d66b021bec0da5f40a81f05762bf6
Source,4,K562::TOP1+ctrl,TOP1,K562,3,True,outer4/contextK562,63fc08398d9f0b83d41010117ac1f53ef89d66b021bec0da5f40a81f05762bf6
Source,4,K562::TRA2B+ctrl,TRA2B,K562,3,True,outer4/contextK562,63fc08398d9f0b83d41010117ac1f53ef89d66b021bec0da5f40a81f05762bf6
Source,4,K562::TREX2+ctrl,TREX2,K562,1,True,outer4/contextK562,63fc08398d9f0b83d41010117ac1f53ef89d66b021bec0da5f40a81f05762bf6
Source,4,K562::TSEN2+ctrl,TSEN2,K562,3,True,outer4/contextK562,63fc08398d9f0b83d41010117ac1f53ef89d66b021bec0da5f40a81f05762bf6
Source,4,K562::TTI1+ctrl,TTI1,K562,3,True,outer4/contextK562,63fc08398d9f0b83d41010117ac1f53ef89d66b021bec0da5f40a81f05762bf6
Source,4,K562::TTK+ctrl,TTK,K562,2,True,outer4/contextK562,63fc08398d9f0b83d41010117ac1f53ef89d66b021bec0da5f40a81f05762bf6
Source,4,K562::UFM1+ctrl,UFM1,K562,3,True,outer4/contextK562,63fc08398d9f0b83d41010117ac1f53ef89d66b021bec0da5f40a81f05762bf6
Source,4,K562::USP36+ctrl,USP36,K562,1,True,outer4/contextK562,63fc08398d9f0b83d41010117ac1f53ef89d66b021bec0da5f40a81f05762bf6
Source,4,K562::WAC+ctrl,WAC,K562,3,True,outer4/contextK562,63fc08398d9f0b83d41010117ac1f53ef89d66b021bec0da5f40a81f05762bf6
Source,4,K562::WDR33+ctrl,WDR33,K562,3,True,outer4/contextK562,63fc08398d9f0b83d41010117ac1f53ef89d66b021bec0da5f40a81f05762bf6
Source,4,K562::WDR61+ctrl,WDR61,K562,2,True,outer4/contextK562,63fc08398d9f0b83d41010117ac1f53ef89d66b021bec0da5f40a81f05762bf6
Source,4,K562::ZNF236+ctrl,ZNF236,K562,3,True,outer4/contextK562,63fc08398d9f0b83d41010117ac1f53ef89d66b021bec0da5f40a81f05762bf6
Source,4,K562::ZNHIT6+ctrl,ZNHIT6,K562,2,True,outer4/contextK562,63fc08398d9f0b83d41010117ac1f53ef89d66b021bec0da5f40a81f05762bf6
Source,4,RPE1::ABCE1+ctrl,ABCE1,RPE1,3,True,outer4/contextRPE1,86f720ecc7418e8b962791d2e1ecae93e3a8e09f42659131eae7b61dec980f09
Source,4,RPE1::ACTR6+ctrl,ACTR6,RPE1,3,True,outer4/contextRPE1,86f720ecc7418e8b962791d2e1ecae93e3a8e09f42659131eae7b61dec980f09
Source,4,RPE1::ARL2+ctrl,ARL2,RPE1,3,True,outer4/contextRPE1,86f720ecc7418e8b962791d2e1ecae93e3a8e09f42659131eae7b61dec980f09
Source,4,RPE1::CCDC84+ctrl,CCDC84,RPE1,2,True,outer4/contextRPE1,86f720ecc7418e8b962791d2e1ecae93e3a8e09f42659131eae7b61dec980f09
Source,4,RPE1::CDC123+ctrl,CDC123,RPE1,3,True,outer4/contextRPE1,86f720ecc7418e8b962791d2e1ecae93e3a8e09f42659131eae7b61dec980f09
Source,4,RPE1::CEP192+ctrl,CEP192,RPE1,3,True,outer4/contextRPE1,86f720ecc7418e8b962791d2e1ecae93e3a8e09f42659131eae7b61dec980f09
Source,4,RPE1::CNOT2+ctrl,CNOT2,RPE1,3,True,outer4/contextRPE1,86f720ecc7418e8b962791d2e1ecae93e3a8e09f42659131eae7b61dec980f09
Source,4,RPE1::CSNK2B+ctrl,CSNK2B,RPE1,3,True,outer4/contextRPE1,86f720ecc7418e8b962791d2e1ecae93e3a8e09f42659131eae7b61dec980f09
Source,4,RPE1::CWC15+ctrl,CWC15,RPE1,3,True,outer4/contextRPE1,86f720ecc7418e8b962791d2e1ecae93e3a8e09f42659131eae7b61dec980f09
Source,4,RPE1::DDX46+ctrl,DDX46,RPE1,3,True,outer4/contextRPE1,86f720ecc7418e8b962791d2e1ecae93e3a8e09f42659131eae7b61dec980f09
Source,4,RPE1::DHX16+ctrl,DHX16,RPE1,3,True,outer4/contextRPE1,86f720ecc7418e8b962791d2e1ecae93e3a8e09f42659131eae7b61dec980f09
Source,4,RPE1::DHX36+ctrl,DHX36,RPE1,3,True,outer4/contextRPE1,86f720ecc7418e8b962791d2e1ecae93e3a8e09f42659131eae7b61dec980f09
Source,4,RPE1::DMAP1+ctrl,DMAP1,RPE1,3,True,outer4/contextRPE1,86f720ecc7418e8b962791d2e1ecae93e3a8e09f42659131eae7b61dec980f09
Source,4,RPE1::DNAJC8+ctrl,DNAJC8,RPE1,3,True,outer4/contextRPE1,86f720ecc7418e8b962791d2e1ecae93e3a8e09f42659131eae7b61dec980f09
Source,4,RPE1::DSN1+ctrl,DSN1,RPE1,2,True,outer4/contextRPE1,86f720ecc7418e8b962791d2e1ecae93e3a8e09f42659131eae7b61dec980f09
Source,4,RPE1::EEF2+ctrl,EEF2,RPE1,3,True,outer4/contextRPE1,86f720ecc7418e8b962791d2e1ecae93e3a8e09f42659131eae7b61dec980f09
Source,4,RPE1::EIF3I+ctrl,EIF3I,RPE1,3,True,outer4/contextRPE1,86f720ecc7418e8b962791d2e1ecae93e3a8e09f42659131eae7b61dec980f09
Source,4,RPE1::EIF3M+ctrl,EIF3M,RPE1,2,True,outer4/contextRPE1,86f720ecc7418e8b962791d2e1ecae93e3a8e09f42659131eae7b61dec980f09
Source,4,RPE1::EIF6+ctrl,EIF6,RPE1,3,True,outer4/contextRPE1,86f720ecc7418e8b962791d2e1ecae93e3a8e09f42659131eae7b61dec980f09
Source,4,RPE1::FAM136A+ctrl,FAM136A,RPE1,3,True,outer4/contextRPE1,86f720ecc7418e8b962791d2e1ecae93e3a8e09f42659131eae7b61dec980f09
Source,4,RPE1::GFM1+ctrl,GFM1,RPE1,3,True,outer4/contextRPE1,86f720ecc7418e8b962791d2e1ecae93e3a8e09f42659131eae7b61dec980f09
Source,4,RPE1::GTF2E1+ctrl,GTF2E1,RPE1,3,True,outer4/contextRPE1,86f720ecc7418e8b962791d2e1ecae93e3a8e09f42659131eae7b61dec980f09
Source,4,RPE1::HBS1L+ctrl,HBS1L,RPE1,2,True,outer4/contextRPE1,86f720ecc7418e8b962791d2e1ecae93e3a8e09f42659131eae7b61dec980f09
Source,4,RPE1::HMGCS1+ctrl,HMGCS1,RPE1,3,True,outer4/contextRPE1,86f720ecc7418e8b962791d2e1ecae93e3a8e09f42659131eae7b61dec980f09
Source,4,RPE1::HSPA5+ctrl,HSPA5,RPE1,2,True,outer4/contextRPE1,86f720ecc7418e8b962791d2e1ecae93e3a8e09f42659131eae7b61dec980f09
Source,4,RPE1::HSPA9+ctrl,HSPA9,RPE1,3,True,outer4/contextRPE1,86f720ecc7418e8b962791d2e1ecae93e3a8e09f42659131eae7b61dec980f09
Source,4,RPE1::KRI1+ctrl,KRI1,RPE1,3,True,outer4/contextRPE1,86f720ecc7418e8b962791d2e1ecae93e3a8e09f42659131eae7b61dec980f09
Source,4,RPE1::LSM3+ctrl,LSM3,RPE1,3,True,outer4/contextRPE1,86f720ecc7418e8b962791d2e1ecae93e3a8e09f42659131eae7b61dec980f09
Source,4,RPE1::LSM4+ctrl,LSM4,RPE1,3,True,outer4/contextRPE1,86f720ecc7418e8b962791d2e1ecae93e3a8e09f42659131eae7b61dec980f09
Source,4,RPE1::MCM6+ctrl,MCM6,RPE1,3,True,outer4/contextRPE1,86f720ecc7418e8b962791d2e1ecae93e3a8e09f42659131eae7b61dec980f09
Source,4,RPE1::MED11+ctrl,MED11,RPE1,3,True,outer4/contextRPE1,86f720ecc7418e8b962791d2e1ecae93e3a8e09f42659131eae7b61dec980f09
Source,4,RPE1::MNAT1+ctrl,MNAT1,RPE1,3,True,outer4/contextRPE1,86f720ecc7418e8b962791d2e1ecae93e3a8e09f42659131eae7b61dec980f09
Source,4,RPE1::MRPL38+ctrl,MRPL38,RPE1,3,True,outer4/contextRPE1,86f720ecc7418e8b962791d2e1ecae93e3a8e09f42659131eae7b61dec980f09
Source,4,RPE1::NAA10+ctrl,NAA10,RPE1,3,True,outer4/contextRPE1,86f720ecc7418e8b962791d2e1ecae93e3a8e09f42659131eae7b61dec980f09
Source,4,RPE1::NUTF2+ctrl,NUTF2,RPE1,2,True,outer4/contextRPE1,86f720ecc7418e8b962791d2e1ecae93e3a8e09f42659131eae7b61dec980f09
Source,4,RPE1::PAM16+ctrl,PAM16,RPE1,3,True,outer4/contextRPE1,86f720ecc7418e8b962791d2e1ecae93e3a8e09f42659131eae7b61dec980f09
Source,4,RPE1::PDAP1+ctrl,PDAP1,RPE1,3,True,outer4/contextRPE1,86f720ecc7418e8b962791d2e1ecae93e3a8e09f42659131eae7b61dec980f09
Source,4,RPE1::PDCD7+ctrl,PDCD7,RPE1,3,True,outer4/contextRPE1,86f720ecc7418e8b962791d2e1ecae93e3a8e09f42659131eae7b61dec980f09
Source,4,RPE1::PGAM1+ctrl,PGAM1,RPE1,2,True,outer4/contextRPE1,86f720ecc7418e8b962791d2e1ecae93e3a8e09f42659131eae7b61dec980f09
Source,4,RPE1::POLR2F+ctrl,POLR2F,RPE1,3,True,outer4/contextRPE1,86f720ecc7418e8b962791d2e1ecae93e3a8e09f42659131eae7b61dec980f09
Source,4,RPE1::POLR3D+ctrl,POLR3D,RPE1,3,True,outer4/contextRPE1,86f720ecc7418e8b962791d2e1ecae93e3a8e09f42659131eae7b61dec980f09
Source,4,RPE1::POP5+ctrl,POP5,RPE1,3,True,outer4/contextRPE1,86f720ecc7418e8b962791d2e1ecae93e3a8e09f42659131eae7b61dec980f09
Source,4,RPE1::PPARGC1B+ctrl,PPARGC1B,RPE1,1,True,outer4/contextRPE1,86f720ecc7418e8b962791d2e1ecae93e3a8e09f42659131eae7b61dec980f09
Source,4,RPE1::PPP4R2+ctrl,PPP4R2,RPE1,2,True,outer4/contextRPE1,86f720ecc7418e8b962791d2e1ecae93e3a8e09f42659131eae7b61dec980f09
Source,4,RPE1::QARS+ctrl,QARS,RPE1,3,True,outer4/contextRPE1,86f720ecc7418e8b962791d2e1ecae93e3a8e09f42659131eae7b61dec980f09
Source,4,RPE1::RARS2+ctrl,RARS2,RPE1,3,True,outer4/contextRPE1,86f720ecc7418e8b962791d2e1ecae93e3a8e09f42659131eae7b61dec980f09
Source,4,RPE1::RBM42+ctrl,RBM42,RPE1,3,True,outer4/contextRPE1,86f720ecc7418e8b962791d2e1ecae93e3a8e09f42659131eae7b61dec980f09
Source,4,RPE1::RNF113A+ctrl,RNF113A,RPE1,3,True,outer4/contextRPE1,86f720ecc7418e8b962791d2e1ecae93e3a8e09f42659131eae7b61dec980f09
Source,4,RPE1::RPL11+ctrl,RPL11,RPE1,3,True,outer4/contextRPE1,86f720ecc7418e8b962791d2e1ecae93e3a8e09f42659131eae7b61dec980f09
Source,4,RPE1::RPL12+ctrl,RPL12,RPE1,3,True,outer4/contextRPE1,86f720ecc7418e8b962791d2e1ecae93e3a8e09f42659131eae7b61dec980f09
Source,4,RPE1::RPL18+ctrl,RPL18,RPE1,3,True,outer4/contextRPE1,86f720ecc7418e8b962791d2e1ecae93e3a8e09f42659131eae7b61dec980f09
Source,4,RPE1::RPL34+ctrl,RPL34,RPE1,3,True,outer4/contextRPE1,86f720ecc7418e8b962791d2e1ecae93e3a8e09f42659131eae7b61dec980f09
Source,4,RPE1::RPL39+ctrl,RPL39,RPE1,3,True,outer4/contextRPE1,86f720ecc7418e8b962791d2e1ecae93e3a8e09f42659131eae7b61dec980f09
Source,4,RPE1::RPS15+ctrl,RPS15,RPE1,3,True,outer4/contextRPE1,86f720ecc7418e8b962791d2e1ecae93e3a8e09f42659131eae7b61dec980f09
Source,4,RPE1::RPS24+ctrl,RPS24,RPE1,3,True,outer4/contextRPE1,86f720ecc7418e8b962791d2e1ecae93e3a8e09f42659131eae7b61dec980f09
Source,4,RPE1::RPS29+ctrl,RPS29,RPE1,3,True,outer4/contextRPE1,86f720ecc7418e8b962791d2e1ecae93e3a8e09f42659131eae7b61dec980f09
Source,4,RPE1::RPTOR+ctrl,RPTOR,RPE1,3,True,outer4/contextRPE1,86f720ecc7418e8b962791d2e1ecae93e3a8e09f42659131eae7b61dec980f09
Source,4,RPE1::RRN3+ctrl,RRN3,RPE1,3,True,outer4/contextRPE1,86f720ecc7418e8b962791d2e1ecae93e3a8e09f42659131eae7b61dec980f09
Source,4,RPE1::RTF1+ctrl,RTF1,RPE1,3,True,outer4/contextRPE1,86f720ecc7418e8b962791d2e1ecae93e3a8e09f42659131eae7b61dec980f09
Source,4,RPE1::SAMM50+ctrl,SAMM50,RPE1,3,True,outer4/contextRPE1,86f720ecc7418e8b962791d2e1ecae93e3a8e09f42659131eae7b61dec980f09
Source,4,RPE1::SCAF1+ctrl,SCAF1,RPE1,3,True,outer4/contextRPE1,86f720ecc7418e8b962791d2e1ecae93e3a8e09f42659131eae7b61dec980f09
Source,4,RPE1::SETDB1+ctrl,SETDB1,RPE1,3,True,outer4/contextRPE1,86f720ecc7418e8b962791d2e1ecae93e3a8e09f42659131eae7b61dec980f09
Source,4,RPE1::SLU7+ctrl,SLU7,RPE1,3,True,outer4/contextRPE1,86f720ecc7418e8b962791d2e1ecae93e3a8e09f42659131eae7b61dec980f09
Source,4,RPE1::SMN2+ctrl,SMN2,RPE1,2,True,outer4/contextRPE1,86f720ecc7418e8b962791d2e1ecae93e3a8e09f42659131eae7b61dec980f09
Source,4,RPE1::SNRPD1+ctrl,SNRPD1,RPE1,3,True,outer4/contextRPE1,86f720ecc7418e8b962791d2e1ecae93e3a8e09f42659131eae7b61dec980f09
Source,4,RPE1::SRSF7+ctrl,SRSF7,RPE1,2,True,outer4/contextRPE1,86f720ecc7418e8b962791d2e1ecae93e3a8e09f42659131eae7b61dec980f09
Source,4,RPE1::SSU72+ctrl,SSU72,RPE1,3,True,outer4/contextRPE1,86f720ecc7418e8b962791d2e1ecae93e3a8e09f42659131eae7b61dec980f09
Source,4,RPE1::THOC7+ctrl,THOC7,RPE1,3,True,outer4/contextRPE1,86f720ecc7418e8b962791d2e1ecae93e3a8e09f42659131eae7b61dec980f09
Source,4,RPE1::TOMM22+ctrl,TOMM22,RPE1,3,True,outer4/contextRPE1,86f720ecc7418e8b962791d2e1ecae93e3a8e09f42659131eae7b61dec980f09
Source,4,RPE1::TOP1+ctrl,TOP1,RPE1,3,True,outer4/contextRPE1,86f720ecc7418e8b962791d2e1ecae93e3a8e09f42659131eae7b61dec980f09
Source,4,RPE1::TRA2B+ctrl,TRA2B,RPE1,3,True,outer4/contextRPE1,86f720ecc7418e8b962791d2e1ecae93e3a8e09f42659131eae7b61dec980f09
Source,4,RPE1::TREX2+ctrl,TREX2,RPE1,1,True,outer4/contextRPE1,86f720ecc7418e8b962791d2e1ecae93e3a8e09f42659131eae7b61dec980f09
Source,4,RPE1::TSEN2+ctrl,TSEN2,RPE1,3,True,outer4/contextRPE1,86f720ecc7418e8b962791d2e1ecae93e3a8e09f42659131eae7b61dec980f09
Source,4,RPE1::TTI1+ctrl,TTI1,RPE1,3,True,outer4/contextRPE1,86f720ecc7418e8b962791d2e1ecae93e3a8e09f42659131eae7b61dec980f09
Source,4,RPE1::TTK+ctrl,TTK,RPE1,2,True,outer4/contextRPE1,86f720ecc7418e8b962791d2e1ecae93e3a8e09f42659131eae7b61dec980f09
Source,4,RPE1::UFM1+ctrl,UFM1,RPE1,3,True,outer4/contextRPE1,86f720ecc7418e8b962791d2e1ecae93e3a8e09f42659131eae7b61dec980f09
Source,4,RPE1::WAC+ctrl,WAC,RPE1,3,True,outer4/contextRPE1,86f720ecc7418e8b962791d2e1ecae93e3a8e09f42659131eae7b61dec980f09
Source,4,RPE1::WDR33+ctrl,WDR33,RPE1,3,True,outer4/contextRPE1,86f720ecc7418e8b962791d2e1ecae93e3a8e09f42659131eae7b61dec980f09
Source,4,RPE1::WDR61+ctrl,WDR61,RPE1,2,True,outer4/contextRPE1,86f720ecc7418e8b962791d2e1ecae93e3a8e09f42659131eae7b61dec980f09
Source,4,RPE1::ZC3H18+ctrl,ZC3H18,RPE1,2,True,outer4/contextRPE1,86f720ecc7418e8b962791d2e1ecae93e3a8e09f42659131eae7b61dec980f09
Source,4,RPE1::ZNF236+ctrl,ZNF236,RPE1,3,True,outer4/contextRPE1,86f720ecc7418e8b962791d2e1ecae93e3a8e09f42659131eae7b61dec980f09
Source,4,hepg2::ACTR6+ctrl,ACTR6,hepg2,3,True,outer4/contexthepg2,67d29878999f3064b7299a0b31e95808e165cb6fcad240451f9ac819ae4d2436
Source,4,hepg2::ARL2+ctrl,ARL2,hepg2,3,True,outer4/contexthepg2,67d29878999f3064b7299a0b31e95808e165cb6fcad240451f9ac819ae4d2436
Source,4,hepg2::CDC123+ctrl,CDC123,hepg2,3,True,outer4/contexthepg2,67d29878999f3064b7299a0b31e95808e165cb6fcad240451f9ac819ae4d2436
Source,4,hepg2::CPSF6+ctrl,CPSF6,hepg2,3,True,outer4/contexthepg2,67d29878999f3064b7299a0b31e95808e165cb6fcad240451f9ac819ae4d2436
Source,4,hepg2::CSNK2B+ctrl,CSNK2B,hepg2,3,True,outer4/contexthepg2,67d29878999f3064b7299a0b31e95808e165cb6fcad240451f9ac819ae4d2436
Source,4,hepg2::CWC15+ctrl,CWC15,hepg2,3,True,outer4/contexthepg2,67d29878999f3064b7299a0b31e95808e165cb6fcad240451f9ac819ae4d2436
Source,4,hepg2::DDX46+ctrl,DDX46,hepg2,3,True,outer4/contexthepg2,67d29878999f3064b7299a0b31e95808e165cb6fcad240451f9ac819ae4d2436
Source,4,hepg2::DHX16+ctrl,DHX16,hepg2,3,True,outer4/contexthepg2,67d29878999f3064b7299a0b31e95808e165cb6fcad240451f9ac819ae4d2436
Source,4,hepg2::DHX36+ctrl,DHX36,hepg2,3,True,outer4/contexthepg2,67d29878999f3064b7299a0b31e95808e165cb6fcad240451f9ac819ae4d2436
Source,4,hepg2::DNAJC8+ctrl,DNAJC8,hepg2,3,True,outer4/contexthepg2,67d29878999f3064b7299a0b31e95808e165cb6fcad240451f9ac819ae4d2436
Source,4,hepg2::DNM1L+ctrl,DNM1L,hepg2,2,True,outer4/contexthepg2,67d29878999f3064b7299a0b31e95808e165cb6fcad240451f9ac819ae4d2436
Source,4,hepg2::DNTTIP2+ctrl,DNTTIP2,hepg2,2,True,outer4/contexthepg2,67d29878999f3064b7299a0b31e95808e165cb6fcad240451f9ac819ae4d2436
Source,4,hepg2::EEF2+ctrl,EEF2,hepg2,3,True,outer4/contexthepg2,67d29878999f3064b7299a0b31e95808e165cb6fcad240451f9ac819ae4d2436
Source,4,hepg2::EIF3I+ctrl,EIF3I,hepg2,3,True,outer4/contexthepg2,67d29878999f3064b7299a0b31e95808e165cb6fcad240451f9ac819ae4d2436
Source,4,hepg2::EIF6+ctrl,EIF6,hepg2,3,True,outer4/contexthepg2,67d29878999f3064b7299a0b31e95808e165cb6fcad240451f9ac819ae4d2436
Source,4,hepg2::FAM136A+ctrl,FAM136A,hepg2,3,True,outer4/contexthepg2,67d29878999f3064b7299a0b31e95808e165cb6fcad240451f9ac819ae4d2436
Source,4,hepg2::GFM1+ctrl,GFM1,hepg2,3,True,outer4/contexthepg2,67d29878999f3064b7299a0b31e95808e165cb6fcad240451f9ac819ae4d2436
Source,4,hepg2::GPN1+ctrl,GPN1,hepg2,2,True,outer4/contexthepg2,67d29878999f3064b7299a0b31e95808e165cb6fcad240451f9ac819ae4d2436
Source,4,hepg2::GTF2E1+ctrl,GTF2E1,hepg2,3,True,outer4/contexthepg2,67d29878999f3064b7299a0b31e95808e165cb6fcad240451f9ac819ae4d2436
Source,4,hepg2::HMGCS1+ctrl,HMGCS1,hepg2,3,True,outer4/contexthepg2,67d29878999f3064b7299a0b31e95808e165cb6fcad240451f9ac819ae4d2436
Source,4,hepg2::HSPA5+ctrl,HSPA5,hepg2,2,True,outer4/contexthepg2,67d29878999f3064b7299a0b31e95808e165cb6fcad240451f9ac819ae4d2436
Source,4,hepg2::HSPA8+ctrl,HSPA8,hepg2,1,True,outer4/contexthepg2,67d29878999f3064b7299a0b31e95808e165cb6fcad240451f9ac819ae4d2436
Source,4,hepg2::HSPA9+ctrl,HSPA9,hepg2,3,True,outer4/contexthepg2,67d29878999f3064b7299a0b31e95808e165cb6fcad240451f9ac819ae4d2436
Source,4,hepg2::KANSL1+ctrl,KANSL1,hepg2,3,True,outer4/contexthepg2,67d29878999f3064b7299a0b31e95808e165cb6fcad240451f9ac819ae4d2436
Source,4,hepg2::KRI1+ctrl,KRI1,hepg2,3,True,outer4/contexthepg2,67d29878999f3064b7299a0b31e95808e165cb6fcad240451f9ac819ae4d2436
Source,4,hepg2::KRR1+ctrl,KRR1,hepg2,2,True,outer4/contexthepg2,67d29878999f3064b7299a0b31e95808e165cb6fcad240451f9ac819ae4d2436
Source,4,hepg2::LSM4+ctrl,LSM4,hepg2,3,True,outer4/contexthepg2,67d29878999f3064b7299a0b31e95808e165cb6fcad240451f9ac819ae4d2436
Source,4,hepg2::MCM6+ctrl,MCM6,hepg2,3,True,outer4/contexthepg2,67d29878999f3064b7299a0b31e95808e165cb6fcad240451f9ac819ae4d2436
Source,4,hepg2::MED11+ctrl,MED11,hepg2,3,True,outer4/contexthepg2,67d29878999f3064b7299a0b31e95808e165cb6fcad240451f9ac819ae4d2436
Source,4,hepg2::MED26+ctrl,MED26,hepg2,2,True,outer4/contexthepg2,67d29878999f3064b7299a0b31e95808e165cb6fcad240451f9ac819ae4d2436
Source,4,hepg2::MNAT1+ctrl,MNAT1,hepg2,3,True,outer4/contexthepg2,67d29878999f3064b7299a0b31e95808e165cb6fcad240451f9ac819ae4d2436
Source,4,hepg2::MRPL38+ctrl,MRPL38,hepg2,3,True,outer4/contexthepg2,67d29878999f3064b7299a0b31e95808e165cb6fcad240451f9ac819ae4d2436
Source,4,hepg2::MRPL41+ctrl,MRPL41,hepg2,2,True,outer4/contexthepg2,67d29878999f3064b7299a0b31e95808e165cb6fcad240451f9ac819ae4d2436
Source,4,hepg2::MRPL51+ctrl,MRPL51,hepg2,2,True,outer4/contexthepg2,67d29878999f3064b7299a0b31e95808e165cb6fcad240451f9ac819ae4d2436
Source,4,hepg2::MRPS35+ctrl,MRPS35,hepg2,2,True,outer4/contexthepg2,67d29878999f3064b7299a0b31e95808e165cb6fcad240451f9ac819ae4d2436
Source,4,hepg2::NAA10+ctrl,NAA10,hepg2,3,True,outer4/contexthepg2,67d29878999f3064b7299a0b31e95808e165cb6fcad240451f9ac819ae4d2436
Source,4,hepg2::NDUFB8+ctrl,NDUFB8,hepg2,2,True,outer4/contexthepg2,67d29878999f3064b7299a0b31e95808e165cb6fcad240451f9ac819ae4d2436
Source,4,hepg2::NUTF2+ctrl,NUTF2,hepg2,2,True,outer4/contexthepg2,67d29878999f3064b7299a0b31e95808e165cb6fcad240451f9ac819ae4d2436
Source,4,hepg2::PAM16+ctrl,PAM16,hepg2,3,True,outer4/contexthepg2,67d29878999f3064b7299a0b31e95808e165cb6fcad240451f9ac819ae4d2436
Source,4,hepg2::PDAP1+ctrl,PDAP1,hepg2,3,True,outer4/contexthepg2,67d29878999f3064b7299a0b31e95808e165cb6fcad240451f9ac819ae4d2436
Source,4,hepg2::POLR2F+ctrl,POLR2F,hepg2,3,True,outer4/contexthepg2,67d29878999f3064b7299a0b31e95808e165cb6fcad240451f9ac819ae4d2436
Source,4,hepg2::POLR3D+ctrl,POLR3D,hepg2,3,True,outer4/contexthepg2,67d29878999f3064b7299a0b31e95808e165cb6fcad240451f9ac819ae4d2436
Source,4,hepg2::POP5+ctrl,POP5,hepg2,3,True,outer4/contexthepg2,67d29878999f3064b7299a0b31e95808e165cb6fcad240451f9ac819ae4d2436
Source,4,hepg2::QARS+ctrl,QARS,hepg2,3,True,outer4/contexthepg2,67d29878999f3064b7299a0b31e95808e165cb6fcad240451f9ac819ae4d2436
Source,4,hepg2::RAE1+ctrl,RAE1,hepg2,2,True,outer4/contexthepg2,67d29878999f3064b7299a0b31e95808e165cb6fcad240451f9ac819ae4d2436
Source,4,hepg2::RARS2+ctrl,RARS2,hepg2,3,True,outer4/contexthepg2,67d29878999f3064b7299a0b31e95808e165cb6fcad240451f9ac819ae4d2436
Source,4,hepg2::RBM42+ctrl,RBM42,hepg2,3,True,outer4/contexthepg2,67d29878999f3064b7299a0b31e95808e165cb6fcad240451f9ac819ae4d2436
Source,4,hepg2::RNF113A+ctrl,RNF113A,hepg2,3,True,outer4/contexthepg2,67d29878999f3064b7299a0b31e95808e165cb6fcad240451f9ac819ae4d2436
Source,4,hepg2::RPL11+ctrl,RPL11,hepg2,3,True,outer4/contexthepg2,67d29878999f3064b7299a0b31e95808e165cb6fcad240451f9ac819ae4d2436
Source,4,hepg2::RPL12+ctrl,RPL12,hepg2,3,True,outer4/contexthepg2,67d29878999f3064b7299a0b31e95808e165cb6fcad240451f9ac819ae4d2436
Source,4,hepg2::RPL18+ctrl,RPL18,hepg2,3,True,outer4/contexthepg2,67d29878999f3064b7299a0b31e95808e165cb6fcad240451f9ac819ae4d2436
Source,4,hepg2::RPL34+ctrl,RPL34,hepg2,3,True,outer4/contexthepg2,67d29878999f3064b7299a0b31e95808e165cb6fcad240451f9ac819ae4d2436
Source,4,hepg2::RPL38+ctrl,RPL38,hepg2,3,True,outer4/contexthepg2,67d29878999f3064b7299a0b31e95808e165cb6fcad240451f9ac819ae4d2436
Source,4,hepg2::RPS15+ctrl,RPS15,hepg2,3,True,outer4/contexthepg2,67d29878999f3064b7299a0b31e95808e165cb6fcad240451f9ac819ae4d2436
Source,4,hepg2::RPS24+ctrl,RPS24,hepg2,3,True,outer4/contexthepg2,67d29878999f3064b7299a0b31e95808e165cb6fcad240451f9ac819ae4d2436
Source,4,hepg2::RPS29+ctrl,RPS29,hepg2,3,True,outer4/contexthepg2,67d29878999f3064b7299a0b31e95808e165cb6fcad240451f9ac819ae4d2436
Source,4,hepg2::RRN3+ctrl,RRN3,hepg2,3,True,outer4/contexthepg2,67d29878999f3064b7299a0b31e95808e165cb6fcad240451f9ac819ae4d2436
Source,4,hepg2::SCAF1+ctrl,SCAF1,hepg2,3,True,outer4/contexthepg2,67d29878999f3064b7299a0b31e95808e165cb6fcad240451f9ac819ae4d2436
Source,4,hepg2::SETDB1+ctrl,SETDB1,hepg2,3,True,outer4/contexthepg2,67d29878999f3064b7299a0b31e95808e165cb6fcad240451f9ac819ae4d2436
Source,4,hepg2::SLU7+ctrl,SLU7,hepg2,3,True,outer4/contexthepg2,67d29878999f3064b7299a0b31e95808e165cb6fcad240451f9ac819ae4d2436
Source,4,hepg2::SMN2+ctrl,SMN2,hepg2,2,True,outer4/contexthepg2,67d29878999f3064b7299a0b31e95808e165cb6fcad240451f9ac819ae4d2436
Source,4,hepg2::SRSF7+ctrl,SRSF7,hepg2,2,True,outer4/contexthepg2,67d29878999f3064b7299a0b31e95808e165cb6fcad240451f9ac819ae4d2436
Source,4,hepg2::SSU72+ctrl,SSU72,hepg2,3,True,outer4/contexthepg2,67d29878999f3064b7299a0b31e95808e165cb6fcad240451f9ac819ae4d2436
Source,4,hepg2::TAF1C+ctrl,TAF1C,hepg2,2,True,outer4/contexthepg2,67d29878999f3064b7299a0b31e95808e165cb6fcad240451f9ac819ae4d2436
Source,4,hepg2::THOC7+ctrl,THOC7,hepg2,3,True,outer4/contexthepg2,67d29878999f3064b7299a0b31e95808e165cb6fcad240451f9ac819ae4d2436
Source,4,hepg2::TOMM22+ctrl,TOMM22,hepg2,3,True,outer4/contexthepg2,67d29878999f3064b7299a0b31e95808e165cb6fcad240451f9ac819ae4d2436
Source,4,hepg2::TSEN2+ctrl,TSEN2,hepg2,3,True,outer4/contexthepg2,67d29878999f3064b7299a0b31e95808e165cb6fcad240451f9ac819ae4d2436
Source,4,hepg2::TTI1+ctrl,TTI1,hepg2,3,True,outer4/contexthepg2,67d29878999f3064b7299a0b31e95808e165cb6fcad240451f9ac819ae4d2436
Source,4,hepg2::TTK+ctrl,TTK,hepg2,2,True,outer4/contexthepg2,67d29878999f3064b7299a0b31e95808e165cb6fcad240451f9ac819ae4d2436
Source,4,hepg2::UFM1+ctrl,UFM1,hepg2,3,True,outer4/contexthepg2,67d29878999f3064b7299a0b31e95808e165cb6fcad240451f9ac819ae4d2436
Source,4,hepg2::WDR33+ctrl,WDR33,hepg2,3,True,outer4/contexthepg2,67d29878999f3064b7299a0b31e95808e165cb6fcad240451f9ac819ae4d2436
Source,4,hepg2::ZNF236+ctrl,ZNF236,hepg2,3,True,outer4/contexthepg2,67d29878999f3064b7299a0b31e95808e165cb6fcad240451f9ac819ae4d2436
Source,4,hepg2::ZNHIT6+ctrl,ZNHIT6,hepg2,2,True,outer4/contexthepg2,67d29878999f3064b7299a0b31e95808e165cb6fcad240451f9ac819ae4d2436
Source,4,jurkat::ABCE1+ctrl,ABCE1,jurkat,3,True,outer4/contextjurkat,cdf4598f722a46f1046e17bf3862d57ffffba13ea0fc42aa7849c2a0d48dccbc
Source,4,jurkat::ACTR6+ctrl,ACTR6,jurkat,3,True,outer4/contextjurkat,cdf4598f722a46f1046e17bf3862d57ffffba13ea0fc42aa7849c2a0d48dccbc
Source,4,jurkat::ARL2+ctrl,ARL2,jurkat,3,True,outer4/contextjurkat,cdf4598f722a46f1046e17bf3862d57ffffba13ea0fc42aa7849c2a0d48dccbc
Source,4,jurkat::BRD8+ctrl,BRD8,jurkat,1,True,outer4/contextjurkat,cdf4598f722a46f1046e17bf3862d57ffffba13ea0fc42aa7849c2a0d48dccbc
Source,4,jurkat::CCDC84+ctrl,CCDC84,jurkat,2,True,outer4/contextjurkat,cdf4598f722a46f1046e17bf3862d57ffffba13ea0fc42aa7849c2a0d48dccbc
Source,4,jurkat::CDC123+ctrl,CDC123,jurkat,3,True,outer4/contextjurkat,cdf4598f722a46f1046e17bf3862d57ffffba13ea0fc42aa7849c2a0d48dccbc
Source,4,jurkat::CNOT2+ctrl,CNOT2,jurkat,3,True,outer4/contextjurkat,cdf4598f722a46f1046e17bf3862d57ffffba13ea0fc42aa7849c2a0d48dccbc
Source,4,jurkat::CPSF6+ctrl,CPSF6,jurkat,3,True,outer4/contextjurkat,cdf4598f722a46f1046e17bf3862d57ffffba13ea0fc42aa7849c2a0d48dccbc
Source,4,jurkat::CSNK2B+ctrl,CSNK2B,jurkat,3,True,outer4/contextjurkat,cdf4598f722a46f1046e17bf3862d57ffffba13ea0fc42aa7849c2a0d48dccbc
Source,4,jurkat::DDX46+ctrl,DDX46,jurkat,3,True,outer4/contextjurkat,cdf4598f722a46f1046e17bf3862d57ffffba13ea0fc42aa7849c2a0d48dccbc
Source,4,jurkat::DHX16+ctrl,DHX16,jurkat,3,True,outer4/contextjurkat,cdf4598f722a46f1046e17bf3862d57ffffba13ea0fc42aa7849c2a0d48dccbc
Source,4,jurkat::DHX36+ctrl,DHX36,jurkat,3,True,outer4/contextjurkat,cdf4598f722a46f1046e17bf3862d57ffffba13ea0fc42aa7849c2a0d48dccbc
Source,4,jurkat::DMAP1+ctrl,DMAP1,jurkat,3,True,outer4/contextjurkat,cdf4598f722a46f1046e17bf3862d57ffffba13ea0fc42aa7849c2a0d48dccbc
Source,4,jurkat::DNAJC8+ctrl,DNAJC8,jurkat,3,True,outer4/contextjurkat,cdf4598f722a46f1046e17bf3862d57ffffba13ea0fc42aa7849c2a0d48dccbc
Source,4,jurkat::DNM1L+ctrl,DNM1L,jurkat,2,True,outer4/contextjurkat,cdf4598f722a46f1046e17bf3862d57ffffba13ea0fc42aa7849c2a0d48dccbc
Source,4,jurkat::DNTTIP2+ctrl,DNTTIP2,jurkat,2,True,outer4/contextjurkat,cdf4598f722a46f1046e17bf3862d57ffffba13ea0fc42aa7849c2a0d48dccbc
Source,4,jurkat::EEF2+ctrl,EEF2,jurkat,3,True,outer4/contextjurkat,cdf4598f722a46f1046e17bf3862d57ffffba13ea0fc42aa7849c2a0d48dccbc
Source,4,jurkat::EIF3I+ctrl,EIF3I,jurkat,3,True,outer4/contextjurkat,cdf4598f722a46f1046e17bf3862d57ffffba13ea0fc42aa7849c2a0d48dccbc
Source,4,jurkat::EIF3M+ctrl,EIF3M,jurkat,2,True,outer4/contextjurkat,cdf4598f722a46f1046e17bf3862d57ffffba13ea0fc42aa7849c2a0d48dccbc
Source,4,jurkat::EIF6+ctrl,EIF6,jurkat,3,True,outer4/contextjurkat,cdf4598f722a46f1046e17bf3862d57ffffba13ea0fc42aa7849c2a0d48dccbc
Source,4,jurkat::EXOSC10+ctrl,EXOSC10,jurkat,2,True,outer4/contextjurkat,cdf4598f722a46f1046e17bf3862d57ffffba13ea0fc42aa7849c2a0d48dccbc
Source,4,jurkat::FAM136A+ctrl,FAM136A,jurkat,3,True,outer4/contextjurkat,cdf4598f722a46f1046e17bf3862d57ffffba13ea0fc42aa7849c2a0d48dccbc
Source,4,jurkat::GFM1+ctrl,GFM1,jurkat,3,True,outer4/contextjurkat,cdf4598f722a46f1046e17bf3862d57ffffba13ea0fc42aa7849c2a0d48dccbc
Source,4,jurkat::GMPS+ctrl,GMPS,jurkat,2,True,outer4/contextjurkat,cdf4598f722a46f1046e17bf3862d57ffffba13ea0fc42aa7849c2a0d48dccbc
Source,4,jurkat::GPN1+ctrl,GPN1,jurkat,2,True,outer4/contextjurkat,cdf4598f722a46f1046e17bf3862d57ffffba13ea0fc42aa7849c2a0d48dccbc
Source,4,jurkat::GTF2E1+ctrl,GTF2E1,jurkat,3,True,outer4/contextjurkat,cdf4598f722a46f1046e17bf3862d57ffffba13ea0fc42aa7849c2a0d48dccbc
Source,4,jurkat::HBS1L+ctrl,HBS1L,jurkat,2,True,outer4/contextjurkat,cdf4598f722a46f1046e17bf3862d57ffffba13ea0fc42aa7849c2a0d48dccbc
Source,4,jurkat::HEATR1+ctrl,HEATR1,jurkat,1,True,outer4/contextjurkat,cdf4598f722a46f1046e17bf3862d57ffffba13ea0fc42aa7849c2a0d48dccbc
Source,4,jurkat::HMGCS1+ctrl,HMGCS1,jurkat,3,True,outer4/contextjurkat,cdf4598f722a46f1046e17bf3862d57ffffba13ea0fc42aa7849c2a0d48dccbc
Source,4,jurkat::HSPA9+ctrl,HSPA9,jurkat,3,True,outer4/contextjurkat,cdf4598f722a46f1046e17bf3862d57ffffba13ea0fc42aa7849c2a0d48dccbc
Source,4,jurkat::KANSL1+ctrl,KANSL1,jurkat,3,True,outer4/contextjurkat,cdf4598f722a46f1046e17bf3862d57ffffba13ea0fc42aa7849c2a0d48dccbc
Source,4,jurkat::KRI1+ctrl,KRI1,jurkat,3,True,outer4/contextjurkat,cdf4598f722a46f1046e17bf3862d57ffffba13ea0fc42aa7849c2a0d48dccbc
Source,4,jurkat::KRR1+ctrl,KRR1,jurkat,2,True,outer4/contextjurkat,cdf4598f722a46f1046e17bf3862d57ffffba13ea0fc42aa7849c2a0d48dccbc
Source,4,jurkat::LSM3+ctrl,LSM3,jurkat,3,True,outer4/contextjurkat,cdf4598f722a46f1046e17bf3862d57ffffba13ea0fc42aa7849c2a0d48dccbc
Source,4,jurkat::LSM4+ctrl,LSM4,jurkat,3,True,outer4/contextjurkat,cdf4598f722a46f1046e17bf3862d57ffffba13ea0fc42aa7849c2a0d48dccbc
Source,4,jurkat::MCM6+ctrl,MCM6,jurkat,3,True,outer4/contextjurkat,cdf4598f722a46f1046e17bf3862d57ffffba13ea0fc42aa7849c2a0d48dccbc
Source,4,jurkat::MED11+ctrl,MED11,jurkat,3,True,outer4/contextjurkat,cdf4598f722a46f1046e17bf3862d57ffffba13ea0fc42aa7849c2a0d48dccbc
Source,4,jurkat::MED26+ctrl,MED26,jurkat,2,True,outer4/contextjurkat,cdf4598f722a46f1046e17bf3862d57ffffba13ea0fc42aa7849c2a0d48dccbc
Source,4,jurkat::MNAT1+ctrl,MNAT1,jurkat,3,True,outer4/contextjurkat,cdf4598f722a46f1046e17bf3862d57ffffba13ea0fc42aa7849c2a0d48dccbc
Source,4,jurkat::MRPL38+ctrl,MRPL38,jurkat,3,True,outer4/contextjurkat,cdf4598f722a46f1046e17bf3862d57ffffba13ea0fc42aa7849c2a0d48dccbc
Source,4,jurkat::MRPL41+ctrl,MRPL41,jurkat,2,True,outer4/contextjurkat,cdf4598f722a46f1046e17bf3862d57ffffba13ea0fc42aa7849c2a0d48dccbc
Source,4,jurkat::MRPL51+ctrl,MRPL51,jurkat,2,True,outer4/contextjurkat,cdf4598f722a46f1046e17bf3862d57ffffba13ea0fc42aa7849c2a0d48dccbc
Source,4,jurkat::MRPS11+ctrl,MRPS11,jurkat,1,True,outer4/contextjurkat,cdf4598f722a46f1046e17bf3862d57ffffba13ea0fc42aa7849c2a0d48dccbc
Source,4,jurkat::MRPS22+ctrl,MRPS22,jurkat,1,True,outer4/contextjurkat,cdf4598f722a46f1046e17bf3862d57ffffba13ea0fc42aa7849c2a0d48dccbc
Source,4,jurkat::MRPS35+ctrl,MRPS35,jurkat,2,True,outer4/contextjurkat,cdf4598f722a46f1046e17bf3862d57ffffba13ea0fc42aa7849c2a0d48dccbc
Source,4,jurkat::NAA10+ctrl,NAA10,jurkat,3,True,outer4/contextjurkat,cdf4598f722a46f1046e17bf3862d57ffffba13ea0fc42aa7849c2a0d48dccbc
Source,4,jurkat::NDUFA8+ctrl,NDUFA8,jurkat,1,True,outer4/contextjurkat,cdf4598f722a46f1046e17bf3862d57ffffba13ea0fc42aa7849c2a0d48dccbc
Source,4,jurkat::NDUFB8+ctrl,NDUFB8,jurkat,2,True,outer4/contextjurkat,cdf4598f722a46f1046e17bf3862d57ffffba13ea0fc42aa7849c2a0d48dccbc
Source,4,jurkat::OXA1L+ctrl,OXA1L,jurkat,1,True,outer4/contextjurkat,cdf4598f722a46f1046e17bf3862d57ffffba13ea0fc42aa7849c2a0d48dccbc
Source,4,jurkat::PAM16+ctrl,PAM16,jurkat,3,True,outer4/contextjurkat,cdf4598f722a46f1046e17bf3862d57ffffba13ea0fc42aa7849c2a0d48dccbc
Source,4,jurkat::PDAP1+ctrl,PDAP1,jurkat,3,True,outer4/contextjurkat,cdf4598f722a46f1046e17bf3862d57ffffba13ea0fc42aa7849c2a0d48dccbc
Source,4,jurkat::PDCD2+ctrl,PDCD2,jurkat,3,True,outer4/contextjurkat,cdf4598f722a46f1046e17bf3862d57ffffba13ea0fc42aa7849c2a0d48dccbc
Source,4,jurkat::PDCD7+ctrl,PDCD7,jurkat,3,True,outer4/contextjurkat,cdf4598f722a46f1046e17bf3862d57ffffba13ea0fc42aa7849c2a0d48dccbc
Source,4,jurkat::PGAM1+ctrl,PGAM1,jurkat,2,True,outer4/contextjurkat,cdf4598f722a46f1046e17bf3862d57ffffba13ea0fc42aa7849c2a0d48dccbc
Source,4,jurkat::POLR2F+ctrl,POLR2F,jurkat,3,True,outer4/contextjurkat,cdf4598f722a46f1046e17bf3862d57ffffba13ea0fc42aa7849c2a0d48dccbc
Source,4,jurkat::POLR3D+ctrl,POLR3D,jurkat,3,True,outer4/contextjurkat,cdf4598f722a46f1046e17bf3862d57ffffba13ea0fc42aa7849c2a0d48dccbc
Source,4,jurkat::POP5+ctrl,POP5,jurkat,3,True,outer4/contextjurkat,cdf4598f722a46f1046e17bf3862d57ffffba13ea0fc42aa7849c2a0d48dccbc
Source,4,jurkat::PPP4R2+ctrl,PPP4R2,jurkat,2,True,outer4/contextjurkat,cdf4598f722a46f1046e17bf3862d57ffffba13ea0fc42aa7849c2a0d48dccbc
Source,4,jurkat::PSMD4+ctrl,PSMD4,jurkat,3,True,outer4/contextjurkat,cdf4598f722a46f1046e17bf3862d57ffffba13ea0fc42aa7849c2a0d48dccbc
Source,4,jurkat::QARS+ctrl,QARS,jurkat,3,True,outer4/contextjurkat,cdf4598f722a46f1046e17bf3862d57ffffba13ea0fc42aa7849c2a0d48dccbc
Source,4,jurkat::RARS2+ctrl,RARS2,jurkat,3,True,outer4/contextjurkat,cdf4598f722a46f1046e17bf3862d57ffffba13ea0fc42aa7849c2a0d48dccbc
Source,4,jurkat::RNF113A+ctrl,RNF113A,jurkat,3,True,outer4/contextjurkat,cdf4598f722a46f1046e17bf3862d57ffffba13ea0fc42aa7849c2a0d48dccbc
Source,4,jurkat::RPL12+ctrl,RPL12,jurkat,3,True,outer4/contextjurkat,cdf4598f722a46f1046e17bf3862d57ffffba13ea0fc42aa7849c2a0d48dccbc
Source,4,jurkat::RPL18+ctrl,RPL18,jurkat,3,True,outer4/contextjurkat,cdf4598f722a46f1046e17bf3862d57ffffba13ea0fc42aa7849c2a0d48dccbc
Source,4,jurkat::RPL34+ctrl,RPL34,jurkat,3,True,outer4/contextjurkat,cdf4598f722a46f1046e17bf3862d57ffffba13ea0fc42aa7849c2a0d48dccbc
Source,4,jurkat::RPL39+ctrl,RPL39,jurkat,3,True,outer4/contextjurkat,cdf4598f722a46f1046e17bf3862d57ffffba13ea0fc42aa7849c2a0d48dccbc
Source,4,jurkat::RPP38+ctrl,RPP38,jurkat,1,True,outer4/contextjurkat,cdf4598f722a46f1046e17bf3862d57ffffba13ea0fc42aa7849c2a0d48dccbc
Source,4,jurkat::RPS15+ctrl,RPS15,jurkat,3,True,outer4/contextjurkat,cdf4598f722a46f1046e17bf3862d57ffffba13ea0fc42aa7849c2a0d48dccbc
Source,4,jurkat::RPS24+ctrl,RPS24,jurkat,3,True,outer4/contextjurkat,cdf4598f722a46f1046e17bf3862d57ffffba13ea0fc42aa7849c2a0d48dccbc
Source,4,jurkat::RPS29+ctrl,RPS29,jurkat,3,True,outer4/contextjurkat,cdf4598f722a46f1046e17bf3862d57ffffba13ea0fc42aa7849c2a0d48dccbc
Source,4,jurkat::RPTOR+ctrl,RPTOR,jurkat,3,True,outer4/contextjurkat,cdf4598f722a46f1046e17bf3862d57ffffba13ea0fc42aa7849c2a0d48dccbc
Source,4,jurkat::RRN3+ctrl,RRN3,jurkat,3,True,outer4/contextjurkat,cdf4598f722a46f1046e17bf3862d57ffffba13ea0fc42aa7849c2a0d48dccbc
Source,4,jurkat::RTF1+ctrl,RTF1,jurkat,3,True,outer4/contextjurkat,cdf4598f722a46f1046e17bf3862d57ffffba13ea0fc42aa7849c2a0d48dccbc
Source,4,jurkat::SAMM50+ctrl,SAMM50,jurkat,3,True,outer4/contextjurkat,cdf4598f722a46f1046e17bf3862d57ffffba13ea0fc42aa7849c2a0d48dccbc
Source,4,jurkat::SCAF1+ctrl,SCAF1,jurkat,3,True,outer4/contextjurkat,cdf4598f722a46f1046e17bf3862d57ffffba13ea0fc42aa7849c2a0d48dccbc
Source,4,jurkat::SETDB1+ctrl,SETDB1,jurkat,3,True,outer4/contextjurkat,cdf4598f722a46f1046e17bf3862d57ffffba13ea0fc42aa7849c2a0d48dccbc
Source,4,jurkat::SLU7+ctrl,SLU7,jurkat,3,True,outer4/contextjurkat,cdf4598f722a46f1046e17bf3862d57ffffba13ea0fc42aa7849c2a0d48dccbc
Source,4,jurkat::SSU72+ctrl,SSU72,jurkat,3,True,outer4/contextjurkat,cdf4598f722a46f1046e17bf3862d57ffffba13ea0fc42aa7849c2a0d48dccbc
Source,4,jurkat::TAF1C+ctrl,TAF1C,jurkat,2,True,outer4/contextjurkat,cdf4598f722a46f1046e17bf3862d57ffffba13ea0fc42aa7849c2a0d48dccbc
Source,4,jurkat::TBL3+ctrl,TBL3,jurkat,1,True,outer4/contextjurkat,cdf4598f722a46f1046e17bf3862d57ffffba13ea0fc42aa7849c2a0d48dccbc
Source,4,jurkat::THOC7+ctrl,THOC7,jurkat,3,True,outer4/contextjurkat,cdf4598f722a46f1046e17bf3862d57ffffba13ea0fc42aa7849c2a0d48dccbc
Source,4,jurkat::TOMM22+ctrl,TOMM22,jurkat,3,True,outer4/contextjurkat,cdf4598f722a46f1046e17bf3862d57ffffba13ea0fc42aa7849c2a0d48dccbc
Source,4,jurkat::TOP1+ctrl,TOP1,jurkat,3,True,outer4/contextjurkat,cdf4598f722a46f1046e17bf3862d57ffffba13ea0fc42aa7849c2a0d48dccbc
Source,4,jurkat::TRA2B+ctrl,TRA2B,jurkat,3,True,outer4/contextjurkat,cdf4598f722a46f1046e17bf3862d57ffffba13ea0fc42aa7849c2a0d48dccbc
Source,4,jurkat::TSEN2+ctrl,TSEN2,jurkat,3,True,outer4/contextjurkat,cdf4598f722a46f1046e17bf3862d57ffffba13ea0fc42aa7849c2a0d48dccbc
Source,4,jurkat::TTI1+ctrl,TTI1,jurkat,3,True,outer4/contextjurkat,cdf4598f722a46f1046e17bf3862d57ffffba13ea0fc42aa7849c2a0d48dccbc
Source,4,jurkat::UFM1+ctrl,UFM1,jurkat,3,True,outer4/contextjurkat,cdf4598f722a46f1046e17bf3862d57ffffba13ea0fc42aa7849c2a0d48dccbc
Source,4,jurkat::USP36+ctrl,USP36,jurkat,1,True,outer4/contextjurkat,cdf4598f722a46f1046e17bf3862d57ffffba13ea0fc42aa7849c2a0d48dccbc
Source,4,jurkat::WAC+ctrl,WAC,jurkat,3,True,outer4/contextjurkat,cdf4598f722a46f1046e17bf3862d57ffffba13ea0fc42aa7849c2a0d48dccbc
Source,4,jurkat::WDR33+ctrl,WDR33,jurkat,3,True,outer4/contextjurkat,cdf4598f722a46f1046e17bf3862d57ffffba13ea0fc42aa7849c2a0d48dccbc
Source,4,jurkat::WDR61+ctrl,WDR61,jurkat,2,True,outer4/contextjurkat,cdf4598f722a46f1046e17bf3862d57ffffba13ea0fc42aa7849c2a0d48dccbc
Source,4,jurkat::ZC3H18+ctrl,ZC3H18,jurkat,2,True,outer4/contextjurkat,cdf4598f722a46f1046e17bf3862d57ffffba13ea0fc42aa7849c2a0d48dccbc
Source,4,jurkat::ZNF236+ctrl,ZNF236,jurkat,3,True,outer4/contextjurkat,cdf4598f722a46f1046e17bf3862d57ffffba13ea0fc42aa7849c2a0d48dccbc
Source,4,jurkat::ZNHIT6+ctrl,ZNHIT6,jurkat,2,True,outer4/contextjurkat,cdf4598f722a46f1046e17bf3862d57ffffba13ea0fc42aa7849c2a0d48dccbc
