source_upstream,upstream,target,fold,method,public_seed,risk_seed,null_order,n_tasks,n_planned,utility20,spearman,aurc,high_risk_miss_rate,error_at_10,error_at_20,error_at_50
TxPert_Exphormer,TxPert_GAT,K562,0,B1_HGB,20260930,20260930,0,114,114,0.9612155825549638,0.9298029606528828,0.036275335197134835,0.13043478260869568,0.027058727371854014,0.02691404425275776,0.03575457574822595
TxPert_Exphormer,TxPert_GAT,K562,0,B1_HGB,20260930,20260930,1,114,114,0.9612155825549638,0.9298029606528828,0.036275335197134835,0.13043478260869568,0.027058727371854014,0.02691404425275776,0.03575457574822595
TxPert_Exphormer,TxPert_GAT,K562,0,B1_HGB,20260930,20260930,2,114,114,0.9612155825549638,0.9298029606528828,0.036275335197134835,0.13043478260869568,0.027058727371854014,0.02691404425275776,0.03575457574822595
TxPert_Exphormer,TxPert_GAT,K562,0,B1_HGB,20260930,20260930,3,114,114,0.9612155825549638,0.9298029606528828,0.036275335197134835,0.13043478260869568,0.027058727371854014,0.02691404425275776,0.03575457574822595
TxPert_Exphormer,TxPert_GAT,K562,0,B1_HGB,20260930,20260930,4,114,114,0.9612155825549638,0.9298029606528828,0.036275335197134835,0.13043478260869568,0.027058727371854014,0.02691404425275776,0.03575457574822595
TxPert_Exphormer,TxPert_GAT,K562,0,B1_HGB,20261001,20261001,0,114,114,0.9612155825549638,0.9298029606528828,0.036275335197134835,0.13043478260869568,0.027058727371854014,0.02691404425275776,0.03575457574822595
TxPert_Exphormer,TxPert_GAT,K562,0,B1_HGB,20261001,20261001,1,114,114,0.9612155825549638,0.9298029606528828,0.036275335197134835,0.13043478260869568,0.027058727371854014,0.02691404425275776,0.03575457574822595
TxPert_Exphormer,TxPert_GAT,K562,0,B1_HGB,20261001,20261001,2,114,114,0.9612155825549638,0.9298029606528828,0.036275335197134835,0.13043478260869568,0.027058727371854014,0.02691404425275776,0.03575457574822595
TxPert_Exphormer,TxPert_GAT,K562,0,B1_HGB,20261001,20261001,3,114,114,0.9612155825549638,0.9298029606528828,0.036275335197134835,0.13043478260869568,0.027058727371854014,0.02691404425275776,0.03575457574822595
TxPert_Exphormer,TxPert_GAT,K562,0,B1_HGB,20261001,20261001,4,114,114,0.9612155825549638,0.9298029606528828,0.036275335197134835,0.13043478260869568,0.027058727371854014,0.02691404425275776,0.03575457574822595
TxPert_Exphormer,TxPert_GAT,K562,0,B1_HGB,20261002,20261002,0,114,114,0.9612155825549638,0.9298029606528828,0.036275335197134835,0.13043478260869568,0.027058727371854014,0.02691404425275776,0.03575457574822595
TxPert_Exphormer,TxPert_GAT,K562,0,B1_HGB,20261002,20261002,1,114,114,0.9612155825549638,0.9298029606528828,0.036275335197134835,0.13043478260869568,0.027058727371854014,0.02691404425275776,0.03575457574822595
TxPert_Exphormer,TxPert_GAT,K562,0,B1_HGB,20261002,20261002,2,114,114,0.9612155825549638,0.9298029606528828,0.036275335197134835,0.13043478260869568,0.027058727371854014,0.02691404425275776,0.03575457574822595
TxPert_Exphormer,TxPert_GAT,K562,0,B1_HGB,20261002,20261002,3,114,114,0.9612155825549638,0.9298029606528828,0.036275335197134835,0.13043478260869568,0.027058727371854014,0.02691404425275776,0.03575457574822595
TxPert_Exphormer,TxPert_GAT,K562,0,B1_HGB,20261002,20261002,4,114,114,0.9612155825549638,0.9298029606528828,0.036275335197134835,0.13043478260869568,0.027058727371854014,0.02691404425275776,0.03575457574822595
TxPert_Exphormer,TxPert_GAT,K562,0,B1_HGB_ContentNull,20260930,20260930,0,114,114,0.9330701571699312,0.9283953917424349,0.036408158032559465,0.21739130434782605,0.02726962570146403,0.029998231196649173,0.03555184390449906
TxPert_Exphormer,TxPert_GAT,K562,0,B1_HGB_ContentNull,20260930,20260930,1,114,114,0.9321601988983246,0.9214677710050424,0.03659560356513503,0.21739130434782605,0.028662034771766844,0.02931825992224176,0.0356216227999053
TxPert_Exphormer,TxPert_GAT,K562,0,B1_HGB_ContentNull,20260930,20260930,2,114,114,0.9639737931279357,0.9260525303254288,0.0366172077632123,0.17391304347826086,0.02787776490986779,0.029255680249199695,0.035516998739438595
TxPert_Exphormer,TxPert_GAT,K562,0,B1_HGB_ContentNull,20260930,20260930,3,114,114,0.9524335714603767,0.930872197808874,0.03637195003785062,0.17391304347826086,0.027324285818267374,0.02768846385288034,0.03560025067257221
TxPert_Exphormer,TxPert_GAT,K562,0,B1_HGB_ContentNull,20260930,20260930,4,114,114,0.9312936148965879,0.9328081650837369,0.036150629308091535,0.17391304347826086,0.027058620314635917,0.027514566594495086,0.03551634185862883
TxPert_Exphormer,TxPert_GAT,K562,0,B1_HGB_ContentNull,20261001,20261001,0,114,114,0.9330701571699312,0.9283953917424349,0.036408158032559465,0.21739130434782605,0.02726962570146403,0.029998231196649173,0.03555184390449906
TxPert_Exphormer,TxPert_GAT,K562,0,B1_HGB_ContentNull,20261001,20261001,1,114,114,0.9321601988983246,0.9214677710050424,0.03659560356513503,0.21739130434782605,0.028662034771766844,0.02931825992224176,0.0356216227999053
TxPert_Exphormer,TxPert_GAT,K562,0,B1_HGB_ContentNull,20261001,20261001,2,114,114,0.9639737931279357,0.9260525303254288,0.0366172077632123,0.17391304347826086,0.02787776490986779,0.029255680249199695,0.035516998739438595
TxPert_Exphormer,TxPert_GAT,K562,0,B1_HGB_ContentNull,20261001,20261001,3,114,114,0.9524335714603767,0.930872197808874,0.03637195003785062,0.17391304347826086,0.027324285818267374,0.02768846385288034,0.03560025067257221
TxPert_Exphormer,TxPert_GAT,K562,0,B1_HGB_ContentNull,20261001,20261001,4,114,114,0.9312936148965879,0.9328081650837369,0.036150629308091535,0.17391304347826086,0.027058620314635917,0.027514566594495086,0.03551634185862883
TxPert_Exphormer,TxPert_GAT,K562,0,B1_HGB_ContentNull,20261002,20261002,0,114,114,0.9330701571699312,0.9283953917424349,0.036408158032559465,0.21739130434782605,0.02726962570146403,0.029998231196649173,0.03555184390449906
TxPert_Exphormer,TxPert_GAT,K562,0,B1_HGB_ContentNull,20261002,20261002,1,114,114,0.9321601988983246,0.9214677710050424,0.03659560356513503,0.21739130434782605,0.028662034771766844,0.02931825992224176,0.0356216227999053
TxPert_Exphormer,TxPert_GAT,K562,0,B1_HGB_ContentNull,20261002,20261002,2,114,114,0.9639737931279357,0.9260525303254288,0.0366172077632123,0.17391304347826086,0.02787776490986779,0.029255680249199695,0.035516998739438595
TxPert_Exphormer,TxPert_GAT,K562,0,B1_HGB_ContentNull,20261002,20261002,3,114,114,0.9524335714603767,0.930872197808874,0.03637195003785062,0.17391304347826086,0.027324285818267374,0.02768846385288034,0.03560025067257221
TxPert_Exphormer,TxPert_GAT,K562,0,B1_HGB_ContentNull,20261002,20261002,4,114,114,0.9312936148965879,0.9328081650837369,0.036150629308091535,0.17391304347826086,0.027058620314635917,0.027514566594495086,0.03551634185862883
TxPert_Exphormer,TxPert_GAT,K562,0,B2_Pointwise,20260930,20260930,0,114,114,0.9702693817742024,0.9362588849962538,0.03623288088004,0.13043478260869568,0.025871780834580818,0.027315047111857994,0.03557945385588584
TxPert_Exphormer,TxPert_GAT,K562,0,B2_Pointwise,20260930,20260930,1,114,114,0.9702693817742024,0.9362588849962538,0.03623288088004,0.13043478260869568,0.025871780834580818,0.027315047111857994,0.03557945385588584
TxPert_Exphormer,TxPert_GAT,K562,0,B2_Pointwise,20260930,20260930,2,114,114,0.9702693817742024,0.9362588849962538,0.03623288088004,0.13043478260869568,0.025871780834580818,0.027315047111857994,0.03557945385588584
TxPert_Exphormer,TxPert_GAT,K562,0,B2_Pointwise,20260930,20260930,3,114,114,0.9702693817742024,0.9362588849962538,0.03623288088004,0.13043478260869568,0.025871780834580818,0.027315047111857994,0.03557945385588584
TxPert_Exphormer,TxPert_GAT,K562,0,B2_Pointwise,20260930,20260930,4,114,114,0.9702693817742024,0.9362588849962538,0.03623288088004,0.13043478260869568,0.025871780834580818,0.027315047111857994,0.03557945385588584
TxPert_Exphormer,TxPert_GAT,K562,0,B2_Pointwise,20261001,20261001,0,114,114,0.9702693817742024,0.9304428828901806,0.03647102753963859,0.13043478260869568,0.027773166433432337,0.028807136106210662,0.035733143219091226
TxPert_Exphormer,TxPert_GAT,K562,0,B2_Pointwise,20261001,20261001,1,114,114,0.9702693817742024,0.9304428828901806,0.03647102753963859,0.13043478260869568,0.027773166433432337,0.028807136106210662,0.035733143219091226
TxPert_Exphormer,TxPert_GAT,K562,0,B2_Pointwise,20261001,20261001,2,114,114,0.9702693817742024,0.9304428828901806,0.03647102753963859,0.13043478260869568,0.027773166433432337,0.028807136106210662,0.035733143219091226
TxPert_Exphormer,TxPert_GAT,K562,0,B2_Pointwise,20261001,20261001,3,114,114,0.9702693817742024,0.9304428828901806,0.03647102753963859,0.13043478260869568,0.027773166433432337,0.028807136106210662,0.035733143219091226
TxPert_Exphormer,TxPert_GAT,K562,0,B2_Pointwise,20261001,20261001,4,114,114,0.9702693817742024,0.9304428828901806,0.03647102753963859,0.13043478260869568,0.027773166433432337,0.028807136106210662,0.035733143219091226
TxPert_Exphormer,TxPert_GAT,K562,0,B2_Pointwise,20261002,20261002,0,114,114,0.9612155825549638,0.9334156861950954,0.03644999135660818,0.13043478260869568,0.0277825710191795,0.027315047111857987,0.0355416740908472
TxPert_Exphormer,TxPert_GAT,K562,0,B2_Pointwise,20261002,20261002,1,114,114,0.9612155825549638,0.9334156861950954,0.03644999135660818,0.13043478260869568,0.0277825710191795,0.027315047111857987,0.0355416740908472
TxPert_Exphormer,TxPert_GAT,K562,0,B2_Pointwise,20261002,20261002,2,114,114,0.9612155825549638,0.9334156861950954,0.03644999135660818,0.13043478260869568,0.0277825710191795,0.027315047111857987,0.0355416740908472
TxPert_Exphormer,TxPert_GAT,K562,0,B2_Pointwise,20261002,20261002,3,114,114,0.9612155825549638,0.9334156861950954,0.03644999135660818,0.13043478260869568,0.0277825710191795,0.027315047111857987,0.0355416740908472
TxPert_Exphormer,TxPert_GAT,K562,0,B2_Pointwise,20261002,20261002,4,114,114,0.9612155825549638,0.9334156861950954,0.03644999135660818,0.13043478260869568,0.0277825710191795,0.027315047111857987,0.0355416740908472
TxPert_Exphormer,TxPert_GAT,K562,0,B2_Pointwise_ContentNull,20260930,20260930,0,114,114,0.9536008948064716,0.9273728762074483,0.036490221153278886,0.17391304347826086,0.027324842032308328,0.02993216188573746,0.03555184390449906
TxPert_Exphormer,TxPert_GAT,K562,0,B2_Pointwise_ContentNull,20260930,20260930,1,114,114,0.9331377224280735,0.9284421133634395,0.03634637502031862,0.21739130434782605,0.026762423360168014,0.02778100606557475,0.035650042950744976
TxPert_Exphormer,TxPert_GAT,K562,0,B2_Pointwise_ContentNull,20260930,20260930,2,114,114,0.9717004959250182,0.928199104918896,0.03640488702420813,0.13043478260869568,0.026788145419807317,0.02885672167275837,0.035516998739438595
TxPert_Exphormer,TxPert_GAT,K562,0,B2_Pointwise_ContentNull,20260930,20260930,3,114,114,0.9524335714603767,0.9312529110386587,0.03628852790528894,0.17391304347826086,0.026341318015513784,0.02726425927750794,0.0356216227999053
TxPert_Exphormer,TxPert_GAT,K562,0,B2_Pointwise_ContentNull,20260930,20260930,4,114,114,0.9478529086186043,0.9356108624774712,0.036172206199054896,0.17391304347826086,0.026392981674391816,0.026466667334789393,0.03570361487806536
TxPert_Exphormer,TxPert_GAT,K562,0,B2_Pointwise_ContentNull,20261001,20261001,0,114,114,0.9250425288160616,0.929049634474798,0.03639091836350969,0.26086956521739135,0.02762579193886919,0.02799799062828551,0.03577270449207017
TxPert_Exphormer,TxPert_GAT,K562,0,B2_Pointwise_ContentNull,20261001,20261001,1,114,114,0.9445334903315662,0.9244324740284725,0.03652815539314294,0.17391304347826086,0.02800334639986125,0.027881201869340667,0.0356216227999053
TxPert_Exphormer,TxPert_GAT,K562,0,B2_Pointwise_ContentNull,20261001,20261001,2,114,114,0.931834166598116,0.9276158846519917,0.0365040516851595,0.17391304347826086,0.028069398720210584,0.02936990511242216,0.0354499561063977
TxPert_Exphormer,TxPert_GAT,K562,0,B2_Pointwise_ContentNull,20261001,20261001,3,114,114,0.9487493103062608,0.9302646766975153,0.03631156205355832,0.17391304347826086,0.026843980855258742,0.027506404501456534,0.03539685040895302
TxPert_Exphormer,TxPert_GAT,K562,0,B2_Pointwise_ContentNull,20261001,20261001,4,114,114,0.9454745997224111,0.9284907150523481,0.036248810681753806,0.17391304347826086,0.025947768599163493,0.029018915109598014,0.0356216227999053
TxPert_Exphormer,TxPert_GAT,K562,0,B2_Pointwise_ContentNull,20261002,20261002,0,114,114,0.9369061281549352,0.9271460683258744,0.03669385233039843,0.21739130434782605,0.027515933221048592,0.029455790580212454,0.035527158357894065
TxPert_Exphormer,TxPert_GAT,K562,0,B2_Pointwise_ContentNull,20261002,20261002,1,114,114,0.9107109137647343,0.9235333427836618,0.0363810614498915,0.21739130434782605,0.02747785929593496,0.02808854856251127,0.03580033751691949
TxPert_Exphormer,TxPert_GAT,K562,0,B2_Pointwise_ContentNull,20261002,20261002,2,114,114,0.9235009376334022,0.9310180028756001,0.03625110149903802,0.21739130434782605,0.02548083993465554,0.029321868002554118,0.03517866951958014
TxPert_Exphormer,TxPert_GAT,K562,0,B2_Pointwise_ContentNull,20261002,20261002,3,114,114,0.9487493103062613,0.9364046900629799,0.03614550526996608,0.17391304347826086,0.026065062277385257,0.027558324307115804,0.03539685040895302
TxPert_Exphormer,TxPert_GAT,K562,0,B2_Pointwise_ContentNull,20261002,20261002,4,114,114,0.9492958330710725,0.9345902270103887,0.036040765317910346,0.17391304347826086,0.026699398602755577,0.028316395906016284,0.035527158357894065
TxPert_Exphormer,TxPert_GAT,K562,0,Support_only,20260930,20260930,0,114,114,0.944031675269943,0.9322349329415704,0.03631344496659151,0.17391304347826086,0.028345307804763024,0.027627937247425106,0.03555184390449906
TxPert_Exphormer,TxPert_GAT,K562,0,Support_only,20260930,20260930,1,114,114,0.944031675269943,0.9322349329415704,0.03631344496659151,0.17391304347826086,0.028345307804763024,0.027627937247425106,0.03555184390449906
TxPert_Exphormer,TxPert_GAT,K562,0,Support_only,20260930,20260930,2,114,114,0.944031675269943,0.9322349329415704,0.03631344496659151,0.17391304347826086,0.028345307804763024,0.027627937247425106,0.03555184390449906
TxPert_Exphormer,TxPert_GAT,K562,0,Support_only,20260930,20260930,3,114,114,0.944031675269943,0.9322349329415704,0.03631344496659151,0.17391304347826086,0.028345307804763024,0.027627937247425106,0.03555184390449906
TxPert_Exphormer,TxPert_GAT,K562,0,Support_only,20260930,20260930,4,114,114,0.944031675269943,0.9322349329415704,0.03631344496659151,0.17391304347826086,0.028345307804763024,0.027627937247425106,0.03555184390449906
TxPert_Exphormer,TxPert_GAT,K562,0,Support_only,20261001,20261001,0,114,114,0.944031675269943,0.9322349329415704,0.03631344496659151,0.17391304347826086,0.028345307804763024,0.027627937247425106,0.03555184390449906
TxPert_Exphormer,TxPert_GAT,K562,0,Support_only,20261001,20261001,1,114,114,0.944031675269943,0.9322349329415704,0.03631344496659151,0.17391304347826086,0.028345307804763024,0.027627937247425106,0.03555184390449906
TxPert_Exphormer,TxPert_GAT,K562,0,Support_only,20261001,20261001,2,114,114,0.944031675269943,0.9322349329415704,0.03631344496659151,0.17391304347826086,0.028345307804763024,0.027627937247425106,0.03555184390449906
TxPert_Exphormer,TxPert_GAT,K562,0,Support_only,20261001,20261001,3,114,114,0.944031675269943,0.9322349329415704,0.03631344496659151,0.17391304347826086,0.028345307804763024,0.027627937247425106,0.03555184390449906
TxPert_Exphormer,TxPert_GAT,K562,0,Support_only,20261001,20261001,4,114,114,0.944031675269943,0.9322349329415704,0.03631344496659151,0.17391304347826086,0.028345307804763024,0.027627937247425106,0.03555184390449906
TxPert_Exphormer,TxPert_GAT,K562,0,Support_only,20261002,20261002,0,114,114,0.944031675269943,0.9322349329415704,0.03631344496659151,0.17391304347826086,0.028345307804763024,0.027627937247425106,0.03555184390449906
TxPert_Exphormer,TxPert_GAT,K562,0,Support_only,20261002,20261002,1,114,114,0.944031675269943,0.9322349329415704,0.03631344496659151,0.17391304347826086,0.028345307804763024,0.027627937247425106,0.03555184390449906
TxPert_Exphormer,TxPert_GAT,K562,0,Support_only,20261002,20261002,2,114,114,0.944031675269943,0.9322349329415704,0.03631344496659151,0.17391304347826086,0.028345307804763024,0.027627937247425106,0.03555184390449906
TxPert_Exphormer,TxPert_GAT,K562,0,Support_only,20261002,20261002,3,114,114,0.944031675269943,0.9322349329415704,0.03631344496659151,0.17391304347826086,0.028345307804763024,0.027627937247425106,0.03555184390449906
TxPert_Exphormer,TxPert_GAT,K562,0,Support_only,20261002,20261002,4,114,114,0.944031675269943,0.9322349329415704,0.03631344496659151,0.17391304347826086,0.028345307804763024,0.027627937247425106,0.03555184390449906
TxPert_Exphormer,TxPert_GAT,K562,1,B1_HGB,20260930,20260930,0,114,114,0.9299599306488774,0.9143454250548813,0.04219707009802918,0.26086956521739135,0.03081556535564038,0.03322685179256318,0.04177130885252487
TxPert_Exphormer,TxPert_GAT,K562,1,B1_HGB,20260930,20260930,1,114,114,0.9299599306488774,0.9143454250548813,0.04219707009802918,0.26086956521739135,0.03081556535564038,0.03322685179256318,0.04177130885252487
TxPert_Exphormer,TxPert_GAT,K562,1,B1_HGB,20260930,20260930,2,114,114,0.9299599306488774,0.9143454250548813,0.04219707009802918,0.26086956521739135,0.03081556535564038,0.03322685179256318,0.04177130885252487
TxPert_Exphormer,TxPert_GAT,K562,1,B1_HGB,20260930,20260930,3,114,114,0.9299599306488774,0.9143454250548813,0.04219707009802918,0.26086956521739135,0.03081556535564038,0.03322685179256318,0.04177130885252487
TxPert_Exphormer,TxPert_GAT,K562,1,B1_HGB,20260930,20260930,4,114,114,0.9299599306488774,0.9143454250548813,0.04219707009802918,0.26086956521739135,0.03081556535564038,0.03322685179256318,0.04177130885252487
TxPert_Exphormer,TxPert_GAT,K562,1,B1_HGB,20261001,20261001,0,114,114,0.9299599306488774,0.9143454250548813,0.04219707009802918,0.26086956521739135,0.03081556535564038,0.03322685179256318,0.04177130885252487
TxPert_Exphormer,TxPert_GAT,K562,1,B1_HGB,20261001,20261001,1,114,114,0.9299599306488774,0.9143454250548813,0.04219707009802918,0.26086956521739135,0.03081556535564038,0.03322685179256318,0.04177130885252487
TxPert_Exphormer,TxPert_GAT,K562,1,B1_HGB,20261001,20261001,2,114,114,0.9299599306488774,0.9143454250548813,0.04219707009802918,0.26086956521739135,0.03081556535564038,0.03322685179256318,0.04177130885252487
TxPert_Exphormer,TxPert_GAT,K562,1,B1_HGB,20261001,20261001,3,114,114,0.9299599306488774,0.9143454250548813,0.04219707009802918,0.26086956521739135,0.03081556535564038,0.03322685179256318,0.04177130885252487
TxPert_Exphormer,TxPert_GAT,K562,1,B1_HGB,20261001,20261001,4,114,114,0.9299599306488774,0.9143454250548813,0.04219707009802918,0.26086956521739135,0.03081556535564038,0.03322685179256318,0.04177130885252487
TxPert_Exphormer,TxPert_GAT,K562,1,B1_HGB,20261002,20261002,0,114,114,0.9299599306488774,0.9143454250548813,0.04219707009802918,0.26086956521739135,0.03081556535564038,0.03322685179256318,0.04177130885252487
TxPert_Exphormer,TxPert_GAT,K562,1,B1_HGB,20261002,20261002,1,114,114,0.9299599306488774,0.9143454250548813,0.04219707009802918,0.26086956521739135,0.03081556535564038,0.03322685179256318,0.04177130885252487
TxPert_Exphormer,TxPert_GAT,K562,1,B1_HGB,20261002,20261002,2,114,114,0.9299599306488774,0.9143454250548813,0.04219707009802918,0.26086956521739135,0.03081556535564038,0.03322685179256318,0.04177130885252487
TxPert_Exphormer,TxPert_GAT,K562,1,B1_HGB,20261002,20261002,3,114,114,0.9299599306488774,0.9143454250548813,0.04219707009802918,0.26086956521739135,0.03081556535564038,0.03322685179256318,0.04177130885252487
TxPert_Exphormer,TxPert_GAT,K562,1,B1_HGB,20261002,20261002,4,114,114,0.9299599306488774,0.9143454250548813,0.04219707009802918,0.26086956521739135,0.03081556535564038,0.03322685179256318,0.04177130885252487
TxPert_Exphormer,TxPert_GAT,K562,1,B1_HGB_ContentNull,20260930,20260930,0,114,114,0.9289157922154178,0.9014843765820862,0.04228489570162473,0.26086956521739135,0.03276934242054306,0.034337698689800245,0.04210724659443663
TxPert_Exphormer,TxPert_GAT,K562,1,B1_HGB_ContentNull,20260930,20260930,1,114,114,0.9085535971896588,0.9058423280208989,0.042208939913553,0.30434782608695654,0.031711675848572304,0.03443891201417645,0.04205922542791147
TxPert_Exphormer,TxPert_GAT,K562,1,B1_HGB_ContentNull,20260930,20260930,2,114,114,0.9005035549252889,0.9086369251331485,0.04220376867308961,0.34782608695652173,0.033062240265310607,0.03309261949190236,0.04230176438959447
TxPert_Exphormer,TxPert_GAT,K562,1,B1_HGB_ContentNull,20260930,20260930,3,114,114,0.9164046073691738,0.8969887203580326,0.042431856902520035,0.26086956521739135,0.034459286620614565,0.034808678649714445,0.04226520092033805
TxPert_Exphormer,TxPert_GAT,K562,1,B1_HGB_ContentNull,20260930,20260930,4,114,114,0.9146923622719644,0.8921447520301332,0.04243462195162336,0.26086956521739135,0.03153048666851082,0.034337698689800245,0.042086427255189685
TxPert_Exphormer,TxPert_GAT,K562,1,B1_HGB_ContentNull,20261001,20261001,0,114,114,0.9289157922154178,0.9014843765820862,0.04228489570162473,0.26086956521739135,0.03276934242054306,0.034337698689800245,0.04210724659443663
TxPert_Exphormer,TxPert_GAT,K562,1,B1_HGB_ContentNull,20261001,20261001,1,114,114,0.9085535971896588,0.9058423280208989,0.042208939913553,0.30434782608695654,0.031711675848572304,0.03443891201417645,0.04205922542791147
TxPert_Exphormer,TxPert_GAT,K562,1,B1_HGB_ContentNull,20261001,20261001,2,114,114,0.9005035549252889,0.9086369251331485,0.04220376867308961,0.34782608695652173,0.033062240265310607,0.03309261949190236,0.04230176438959447
TxPert_Exphormer,TxPert_GAT,K562,1,B1_HGB_ContentNull,20261001,20261001,3,114,114,0.9164046073691738,0.8969887203580326,0.042431856902520035,0.26086956521739135,0.034459286620614565,0.034808678649714445,0.04226520092033805
TxPert_Exphormer,TxPert_GAT,K562,1,B1_HGB_ContentNull,20261001,20261001,4,114,114,0.9146923622719644,0.8921447520301332,0.04243462195162336,0.26086956521739135,0.03153048666851082,0.034337698689800245,0.042086427255189685
TxPert_Exphormer,TxPert_GAT,K562,1,B1_HGB_ContentNull,20261002,20261002,0,114,114,0.9289157922154178,0.9014843765820862,0.04228489570162473,0.26086956521739135,0.03276934242054306,0.034337698689800245,0.04210724659443663
TxPert_Exphormer,TxPert_GAT,K562,1,B1_HGB_ContentNull,20261002,20261002,1,114,114,0.9085535971896588,0.9058423280208989,0.042208939913553,0.30434782608695654,0.031711675848572304,0.03443891201417645,0.04205922542791147
TxPert_Exphormer,TxPert_GAT,K562,1,B1_HGB_ContentNull,20261002,20261002,2,114,114,0.9005035549252889,0.9086369251331485,0.04220376867308961,0.34782608695652173,0.033062240265310607,0.03309261949190236,0.04230176438959447
TxPert_Exphormer,TxPert_GAT,K562,1,B1_HGB_ContentNull,20261002,20261002,3,114,114,0.9164046073691738,0.8969887203580326,0.042431856902520035,0.26086956521739135,0.034459286620614565,0.034808678649714445,0.04226520092033805
TxPert_Exphormer,TxPert_GAT,K562,1,B1_HGB_ContentNull,20261002,20261002,4,114,114,0.9146923622719644,0.8921447520301332,0.04243462195162336,0.26086956521739135,0.03153048666851082,0.034337698689800245,0.042086427255189685
TxPert_Exphormer,TxPert_GAT,K562,1,B2_Pointwise,20260930,20260930,0,114,114,0.9223370614699475,0.9096413600372614,0.0422576124222052,0.21739130434782605,0.029510793624989273,0.03315669567557946,0.04178009218378571
TxPert_Exphormer,TxPert_GAT,K562,1,B2_Pointwise,20260930,20260930,1,114,114,0.9223370614699475,0.9096413600372614,0.0422576124222052,0.21739130434782605,0.029510793624989273,0.03315669567557946,0.04178009218378571
TxPert_Exphormer,TxPert_GAT,K562,1,B2_Pointwise,20260930,20260930,2,114,114,0.9223370614699475,0.9096413600372614,0.0422576124222052,0.21739130434782605,0.029510793624989273,0.03315669567557946,0.04178009218378571
TxPert_Exphormer,TxPert_GAT,K562,1,B2_Pointwise,20260930,20260930,3,114,114,0.9223370614699475,0.9096413600372614,0.0422576124222052,0.21739130434782605,0.029510793624989273,0.03315669567557946,0.04178009218378571
TxPert_Exphormer,TxPert_GAT,K562,1,B2_Pointwise,20260930,20260930,4,114,114,0.9223370614699475,0.9096413600372614,0.0422576124222052,0.21739130434782605,0.029510793624989273,0.03315669567557946,0.04178009218378571
TxPert_Exphormer,TxPert_GAT,K562,1,B2_Pointwise,20261001,20261001,0,114,114,0.9295845146115443,0.9096737611632005,0.04199227017824395,0.26086956521739135,0.02997701736255494,0.033343161248281426,0.0416184234996936
TxPert_Exphormer,TxPert_GAT,K562,1,B2_Pointwise,20261001,20261001,1,114,114,0.9295845146115443,0.9096737611632005,0.04199227017824395,0.26086956521739135,0.02997701736255494,0.033343161248281426,0.0416184234996936
TxPert_Exphormer,TxPert_GAT,K562,1,B2_Pointwise,20261001,20261001,2,114,114,0.9295845146115443,0.9096737611632005,0.04199227017824395,0.26086956521739135,0.02997701736255494,0.033343161248281426,0.0416184234996936
TxPert_Exphormer,TxPert_GAT,K562,1,B2_Pointwise,20261001,20261001,3,114,114,0.9295845146115443,0.9096737611632005,0.04199227017824395,0.26086956521739135,0.02997701736255494,0.033343161248281426,0.0416184234996936
TxPert_Exphormer,TxPert_GAT,K562,1,B2_Pointwise,20261001,20261001,4,114,114,0.9295845146115443,0.9096737611632005,0.04199227017824395,0.26086956521739135,0.02997701736255494,0.033343161248281426,0.0416184234996936
TxPert_Exphormer,TxPert_GAT,K562,1,B2_Pointwise,20261002,20261002,0,114,114,0.9137568492694805,0.9082319110589093,0.042105860259732224,0.30434782608695654,0.03081556535564038,0.03339103208394692,0.04178009218378571
TxPert_Exphormer,TxPert_GAT,K562,1,B2_Pointwise,20261002,20261002,1,114,114,0.9137568492694805,0.9082319110589093,0.042105860259732224,0.30434782608695654,0.03081556535564038,0.03339103208394692,0.04178009218378571
TxPert_Exphormer,TxPert_GAT,K562,1,B2_Pointwise,20261002,20261002,2,114,114,0.9137568492694805,0.9082319110589093,0.042105860259732224,0.30434782608695654,0.03081556535564038,0.03339103208394692,0.04178009218378571
TxPert_Exphormer,TxPert_GAT,K562,1,B2_Pointwise,20261002,20261002,3,114,114,0.9137568492694805,0.9082319110589093,0.042105860259732224,0.30434782608695654,0.03081556535564038,0.03339103208394692,0.04178009218378571
TxPert_Exphormer,TxPert_GAT,K562,1,B2_Pointwise,20261002,20261002,4,114,114,0.9137568492694805,0.9082319110589093,0.042105860259732224,0.30434782608695654,0.03081556535564038,0.03339103208394692,0.04178009218378571
TxPert_Exphormer,TxPert_GAT,K562,1,B2_Pointwise_ContentNull,20260930,20260930,0,114,114,0.9211444771534444,0.9015086774265406,0.04235130090545087,0.26086956521739135,0.03276934242054306,0.03392919097231357,0.042044351065235144
TxPert_Exphormer,TxPert_GAT,K562,1,B2_Pointwise_ContentNull,20260930,20260930,1,114,114,0.912856687444389,0.9041736700350338,0.042222981026134664,0.30434782608695654,0.031108463200407933,0.033929190972313575,0.04222335234115346
TxPert_Exphormer,TxPert_GAT,K562,1,B2_Pointwise_ContentNull,20260930,20260930,2,114,114,0.9078121682991608,0.9074947854437942,0.042337338445160105,0.30434782608695654,0.03393722578858026,0.03367859358709061,0.04202076687335033
TxPert_Exphormer,TxPert_GAT,K562,1,B2_Pointwise_ContentNull,20260930,20260930,3,114,114,0.9085535971896588,0.8969968206395172,0.04226938800291497,0.30434782608695654,0.03143265464423218,0.03420267618501621,0.04230567183788875
TxPert_Exphormer,TxPert_GAT,K562,1,B2_Pointwise_ContentNull,20260930,20260930,4,114,114,0.90345863302999,0.8996456126850408,0.04242395404961366,0.30434782608695654,0.03393722578858026,0.03469528845568996,0.04224284436817957
TxPert_Exphormer,TxPert_GAT,K562,1,B2_Pointwise_ContentNull,20261001,20261001,0,114,114,0.9351232690624254,0.9008849557522124,0.04207553905560217,0.21739130434782605,0.03276934242054306,0.034337698689800245,0.042280788374509576
TxPert_Exphormer,TxPert_GAT,K562,1,B2_Pointwise_ContentNull,20261001,20261001,1,114,114,0.8987247772446565,0.9024402097972906,0.042289607704793016,0.34782608695652173,0.03198344872367758,0.033929190972313575,0.04221841960790079
TxPert_Exphormer,TxPert_GAT,K562,1,B2_Pointwise_ContentNull,20261001,20261001,2,114,114,0.9022639649091986,0.9055588181689315,0.04214544983546657,0.30434782608695654,0.033062240265310607,0.03394673565085378,0.04208687948372804
TxPert_Exphormer,TxPert_GAT,K562,1,B2_Pointwise_ContentNull,20261001,20261001,3,114,114,0.8957585519362026,0.8964946031874609,0.0424441650623638,0.30434782608695654,0.032794911003468326,0.03420267618501621,0.04238580750820209
TxPert_Exphormer,TxPert_GAT,K562,1,B2_Pointwise_ContentNull,20261001,20261001,4,114,114,0.9112455614559916,0.9043680767906686,0.042156335198994845,0.30434782608695654,0.03150936169884854,0.03446729423183632,0.04212363462038496
TxPert_Exphormer,TxPert_GAT,K562,1,B2_Pointwise_ContentNull,20261002,20261002,0,114,114,0.922867905340807,0.8973532330248477,0.04238575763550458,0.30434782608695654,0.03276934242054306,0.03446729423183632,0.04210460360918022
TxPert_Exphormer,TxPert_GAT,K562,1,B2_Pointwise_ContentNull,20261002,20261002,1,114,114,0.9255006658088479,0.9062959437840467,0.042254897326704316,0.26086956521739135,0.03081556535564038,0.033929190972313575,0.04199777849527589
TxPert_Exphormer,TxPert_GAT,K562,1,B2_Pointwise_ContentNull,20261002,20261002,2,114,114,0.9155093963158728,0.9066442558878922,0.04224656834375642,0.30434782608695654,0.03150936169884854,0.03367859358709061,0.04209238995745922
TxPert_Exphormer,TxPert_GAT,K562,1,B2_Pointwise_ContentNull,20261002,20261002,3,114,114,0.8957585519362021,0.8999615236629473,0.042082901999564395,0.30434782608695654,0.03258180577774707,0.03454406060289435,0.04193742445135693
TxPert_Exphormer,TxPert_GAT,K562,1,B2_Pointwise_ContentNull,20261002,20261002,4,114,114,0.9134472491367324,0.8966161074097326,0.0425037206368898,0.26086956521739135,0.031237588823743265,0.034076331192889844,0.04212363462038495
TxPert_Exphormer,TxPert_GAT,K562,1,Support_only,20260930,20260930,0,114,114,0.9278146556885535,0.9016846594552004,0.04203392688227011,0.26086956521739135,0.032712665221182616,0.03446729423183632,0.04192113792538252
TxPert_Exphormer,TxPert_GAT,K562,1,Support_only,20260930,20260930,1,114,114,0.9278146556885535,0.9016846594552004,0.04203392688227011,0.26086956521739135,0.032712665221182616,0.03446729423183632,0.04192113792538252
TxPert_Exphormer,TxPert_GAT,K562,1,Support_only,20260930,20260930,2,114,114,0.9278146556885535,0.9016846594552004,0.04203392688227011,0.26086956521739135,0.032712665221182616,0.03446729423183632,0.04192113792538252
TxPert_Exphormer,TxPert_GAT,K562,1,Support_only,20260930,20260930,3,114,114,0.9278146556885535,0.9016846594552004,0.04203392688227011,0.26086956521739135,0.032712665221182616,0.03446729423183632,0.04192113792538252
TxPert_Exphormer,TxPert_GAT,K562,1,Support_only,20260930,20260930,4,114,114,0.9278146556885535,0.9016846594552004,0.04203392688227011,0.26086956521739135,0.032712665221182616,0.03446729423183632,0.04192113792538252
TxPert_Exphormer,TxPert_GAT,K562,1,Support_only,20261001,20261001,0,114,114,0.9278146556885535,0.9016846594552004,0.04203392688227011,0.26086956521739135,0.032712665221182616,0.03446729423183632,0.04192113792538252
TxPert_Exphormer,TxPert_GAT,K562,1,Support_only,20261001,20261001,1,114,114,0.9278146556885535,0.9016846594552004,0.04203392688227011,0.26086956521739135,0.032712665221182616,0.03446729423183632,0.04192113792538252
TxPert_Exphormer,TxPert_GAT,K562,1,Support_only,20261001,20261001,2,114,114,0.9278146556885535,0.9016846594552004,0.04203392688227011,0.26086956521739135,0.032712665221182616,0.03446729423183632,0.04192113792538252
TxPert_Exphormer,TxPert_GAT,K562,1,Support_only,20261001,20261001,3,114,114,0.9278146556885535,0.9016846594552004,0.04203392688227011,0.26086956521739135,0.032712665221182616,0.03446729423183632,0.04192113792538252
TxPert_Exphormer,TxPert_GAT,K562,1,Support_only,20261001,20261001,4,114,114,0.9278146556885535,0.9016846594552004,0.04203392688227011,0.26086956521739135,0.032712665221182616,0.03446729423183632,0.04192113792538252
TxPert_Exphormer,TxPert_GAT,K562,1,Support_only,20261002,20261002,0,114,114,0.9278146556885535,0.9016846594552004,0.04203392688227011,0.26086956521739135,0.032712665221182616,0.03446729423183632,0.04192113792538252
TxPert_Exphormer,TxPert_GAT,K562,1,Support_only,20261002,20261002,1,114,114,0.9278146556885535,0.9016846594552004,0.04203392688227011,0.26086956521739135,0.032712665221182616,0.03446729423183632,0.04192113792538252
TxPert_Exphormer,TxPert_GAT,K562,1,Support_only,20261002,20261002,2,114,114,0.9278146556885535,0.9016846594552004,0.04203392688227011,0.26086956521739135,0.032712665221182616,0.03446729423183632,0.04192113792538252
TxPert_Exphormer,TxPert_GAT,K562,1,Support_only,20261002,20261002,3,114,114,0.9278146556885535,0.9016846594552004,0.04203392688227011,0.26086956521739135,0.032712665221182616,0.03446729423183632,0.04192113792538252
TxPert_Exphormer,TxPert_GAT,K562,1,Support_only,20261002,20261002,4,114,114,0.9278146556885535,0.9016846594552004,0.04203392688227011,0.26086956521739135,0.032712665221182616,0.03446729423183632,0.04192113792538252
TxPert_Exphormer,TxPert_GAT,K562,2,B1_HGB,20260930,20260930,0,112,112,0.9285097766984114,0.9451771619913213,0.03930785658576836,0.21739130434782605,0.030314808274167108,0.03154325310732579,0.0386724614120758
TxPert_Exphormer,TxPert_GAT,K562,2,B1_HGB,20260930,20260930,1,112,112,0.9285097766984114,0.9451771619913213,0.03930785658576836,0.21739130434782605,0.030314808274167108,0.03154325310732579,0.0386724614120758
TxPert_Exphormer,TxPert_GAT,K562,2,B1_HGB,20260930,20260930,2,112,112,0.9285097766984114,0.9451771619913213,0.03930785658576836,0.21739130434782605,0.030314808274167108,0.03154325310732579,0.0386724614120758
TxPert_Exphormer,TxPert_GAT,K562,2,B1_HGB,20260930,20260930,3,112,112,0.9285097766984114,0.9451771619913213,0.03930785658576836,0.21739130434782605,0.030314808274167108,0.03154325310732579,0.0386724614120758
TxPert_Exphormer,TxPert_GAT,K562,2,B1_HGB,20260930,20260930,4,112,112,0.9285097766984114,0.9451771619913213,0.03930785658576836,0.21739130434782605,0.030314808274167108,0.03154325310732579,0.0386724614120758
TxPert_Exphormer,TxPert_GAT,K562,2,B1_HGB,20261001,20261001,0,112,112,0.9285097766984114,0.9451771619913213,0.03930785658576836,0.21739130434782605,0.030314808274167108,0.03154325310732579,0.0386724614120758
TxPert_Exphormer,TxPert_GAT,K562,2,B1_HGB,20261001,20261001,1,112,112,0.9285097766984114,0.9451771619913213,0.03930785658576836,0.21739130434782605,0.030314808274167108,0.03154325310732579,0.0386724614120758
TxPert_Exphormer,TxPert_GAT,K562,2,B1_HGB,20261001,20261001,2,112,112,0.9285097766984114,0.9451771619913213,0.03930785658576836,0.21739130434782605,0.030314808274167108,0.03154325310732579,0.0386724614120758
TxPert_Exphormer,TxPert_GAT,K562,2,B1_HGB,20261001,20261001,3,112,112,0.9285097766984114,0.9451771619913213,0.03930785658576836,0.21739130434782605,0.030314808274167108,0.03154325310732579,0.0386724614120758
TxPert_Exphormer,TxPert_GAT,K562,2,B1_HGB,20261001,20261001,4,112,112,0.9285097766984114,0.9451771619913213,0.03930785658576836,0.21739130434782605,0.030314808274167108,0.03154325310732579,0.0386724614120758
TxPert_Exphormer,TxPert_GAT,K562,2,B1_HGB,20261002,20261002,0,112,112,0.9285097766984114,0.9451771619913213,0.03930785658576836,0.21739130434782605,0.030314808274167108,0.03154325310732579,0.0386724614120758
TxPert_Exphormer,TxPert_GAT,K562,2,B1_HGB,20261002,20261002,1,112,112,0.9285097766984114,0.9451771619913213,0.03930785658576836,0.21739130434782605,0.030314808274167108,0.03154325310732579,0.0386724614120758
TxPert_Exphormer,TxPert_GAT,K562,2,B1_HGB,20261002,20261002,2,112,112,0.9285097766984114,0.9451771619913213,0.03930785658576836,0.21739130434782605,0.030314808274167108,0.03154325310732579,0.0386724614120758
TxPert_Exphormer,TxPert_GAT,K562,2,B1_HGB,20261002,20261002,3,112,112,0.9285097766984114,0.9451771619913213,0.03930785658576836,0.21739130434782605,0.030314808274167108,0.03154325310732579,0.0386724614120758
TxPert_Exphormer,TxPert_GAT,K562,2,B1_HGB,20261002,20261002,4,112,112,0.9285097766984114,0.9451771619913213,0.03930785658576836,0.21739130434782605,0.030314808274167108,0.03154325310732579,0.0386724614120758
TxPert_Exphormer,TxPert_GAT,K562,2,B1_HGB_ContentNull,20260930,20260930,0,112,112,0.9538561727094697,0.9389158437831004,0.03925303509761696,0.17391304347826086,0.03004936555088999,0.03125029852275446,0.03898023626289996
TxPert_Exphormer,TxPert_GAT,K562,2,B1_HGB_ContentNull,20260930,20260930,1,112,112,0.9413887411031141,0.9312707144565552,0.03936021513094783,0.17391304347826086,0.02949513845486661,0.03194171378949128,0.039384232215584465
TxPert_Exphormer,TxPert_GAT,K562,2,B1_HGB_ContentNull,20260930,20260930,2,112,112,0.938866219815467,0.9430587350941333,0.03910510377402251,0.21739130434782605,0.0293090802618642,0.03211788762382658,0.038894550141874006
TxPert_Exphormer,TxPert_GAT,K562,2,B1_HGB_ContentNull,20260930,20260930,3,112,112,0.9330407091638447,0.9414869990091229,0.03956322864389942,0.21739130434782605,0.029268503188824787,0.03231904905273582,0.038639758549453784
TxPert_Exphormer,TxPert_GAT,K562,2,B1_HGB_ContentNull,20260930,20260930,4,112,112,0.9459400113697479,0.9382751904875799,0.03950566147146804,0.17391304347826086,0.03029982489756586,0.03170499070412739,0.03915188502870505
TxPert_Exphormer,TxPert_GAT,K562,2,B1_HGB_ContentNull,20261001,20261001,0,112,112,0.9538561727094697,0.9389158437831004,0.03925303509761696,0.17391304347826086,0.03004936555088999,0.03125029852275446,0.03898023626289996
TxPert_Exphormer,TxPert_GAT,K562,2,B1_HGB_ContentNull,20261001,20261001,1,112,112,0.9413887411031141,0.9312707144565552,0.03936021513094783,0.17391304347826086,0.02949513845486661,0.03194171378949128,0.039384232215584465
TxPert_Exphormer,TxPert_GAT,K562,2,B1_HGB_ContentNull,20261001,20261001,2,112,112,0.938866219815467,0.9430587350941333,0.03910510377402251,0.21739130434782605,0.0293090802618642,0.03211788762382658,0.038894550141874006
TxPert_Exphormer,TxPert_GAT,K562,2,B1_HGB_ContentNull,20261001,20261001,3,112,112,0.9330407091638447,0.9414869990091229,0.03956322864389942,0.21739130434782605,0.029268503188824787,0.03231904905273582,0.038639758549453784
TxPert_Exphormer,TxPert_GAT,K562,2,B1_HGB_ContentNull,20261001,20261001,4,112,112,0.9459400113697479,0.9382751904875799,0.03950566147146804,0.17391304347826086,0.03029982489756586,0.03170499070412739,0.03915188502870505
TxPert_Exphormer,TxPert_GAT,K562,2,B1_HGB_ContentNull,20261002,20261002,0,112,112,0.9538561727094697,0.9389158437831004,0.03925303509761696,0.17391304347826086,0.03004936555088999,0.03125029852275446,0.03898023626289996
TxPert_Exphormer,TxPert_GAT,K562,2,B1_HGB_ContentNull,20261002,20261002,1,112,112,0.9413887411031141,0.9312707144565552,0.03936021513094783,0.17391304347826086,0.02949513845486661,0.03194171378949128,0.039384232215584465
TxPert_Exphormer,TxPert_GAT,K562,2,B1_HGB_ContentNull,20261002,20261002,2,112,112,0.938866219815467,0.9430587350941333,0.03910510377402251,0.21739130434782605,0.0293090802618642,0.03211788762382658,0.038894550141874006
TxPert_Exphormer,TxPert_GAT,K562,2,B1_HGB_ContentNull,20261002,20261002,3,112,112,0.9330407091638447,0.9414869990091229,0.03956322864389942,0.21739130434782605,0.029268503188824787,0.03231904905273582,0.038639758549453784
TxPert_Exphormer,TxPert_GAT,K562,2,B1_HGB_ContentNull,20261002,20261002,4,112,112,0.9459400113697479,0.9382751904875799,0.03950566147146804,0.17391304347826086,0.03029982489756586,0.03170499070412739,0.03915188502870505
TxPert_Exphormer,TxPert_GAT,K562,2,B2_Pointwise,20260930,20260930,0,112,112,0.9703905857507253,0.9404875798681108,0.03934229028487468,0.13043478260869568,0.030779855112626497,0.031889680288515694,0.038916590030393654
TxPert_Exphormer,TxPert_GAT,K562,2,B2_Pointwise,20260930,20260930,1,112,112,0.9703905857507253,0.9404875798681108,0.03934229028487468,0.13043478260869568,0.030779855112626497,0.031889680288515694,0.038916590030393654
TxPert_Exphormer,TxPert_GAT,K562,2,B2_Pointwise,20260930,20260930,2,112,112,0.9703905857507253,0.9404875798681108,0.03934229028487468,0.13043478260869568,0.030779855112626497,0.031889680288515694,0.038916590030393654
TxPert_Exphormer,TxPert_GAT,K562,2,B2_Pointwise,20260930,20260930,3,112,112,0.9703905857507253,0.9404875798681108,0.03934229028487468,0.13043478260869568,0.030779855112626497,0.031889680288515694,0.038916590030393654
TxPert_Exphormer,TxPert_GAT,K562,2,B2_Pointwise,20260930,20260930,4,112,112,0.9703905857507253,0.9404875798681108,0.03934229028487468,0.13043478260869568,0.030779855112626497,0.031889680288515694,0.038916590030393654
TxPert_Exphormer,TxPert_GAT,K562,2,B2_Pointwise,20261001,20261001,0,112,112,0.9245935039402909,0.9426487169850002,0.039291800293034244,0.21739130434782605,0.029203798148791107,0.03154325310732579,0.03868036499678627
TxPert_Exphormer,TxPert_GAT,K562,2,B2_Pointwise,20261001,20261001,1,112,112,0.9245935039402909,0.9426487169850002,0.039291800293034244,0.21739130434782605,0.029203798148791107,0.03154325310732579,0.03868036499678627
TxPert_Exphormer,TxPert_GAT,K562,2,B2_Pointwise,20261001,20261001,2,112,112,0.9245935039402909,0.9426487169850002,0.039291800293034244,0.21739130434782605,0.029203798148791107,0.03154325310732579,0.03868036499678627
TxPert_Exphormer,TxPert_GAT,K562,2,B2_Pointwise,20261001,20261001,3,112,112,0.9245935039402909,0.9426487169850002,0.039291800293034244,0.21739130434782605,0.029203798148791107,0.03154325310732579,0.03868036499678627
TxPert_Exphormer,TxPert_GAT,K562,2,B2_Pointwise,20261001,20261001,4,112,112,0.9245935039402909,0.9426487169850002,0.039291800293034244,0.21739130434782605,0.029203798148791107,0.03154325310732579,0.03868036499678627
TxPert_Exphormer,TxPert_GAT,K562,2,B2_Pointwise,20261002,20261002,0,112,112,0.9631409965787907,0.9459374039020056,0.03927463073942499,0.13043478260869568,0.03045129213339499,0.03174877588645108,0.03867443783906753
TxPert_Exphormer,TxPert_GAT,K562,2,B2_Pointwise,20261002,20261002,1,112,112,0.9631409965787907,0.9459374039020056,0.03927463073942499,0.13043478260869568,0.03045129213339499,0.03174877588645108,0.03867443783906753
TxPert_Exphormer,TxPert_GAT,K562,2,B2_Pointwise,20261002,20261002,2,112,112,0.9631409965787907,0.9459374039020056,0.03927463073942499,0.13043478260869568,0.03045129213339499,0.03174877588645108,0.03867443783906753
TxPert_Exphormer,TxPert_GAT,K562,2,B2_Pointwise,20261002,20261002,3,112,112,0.9631409965787907,0.9459374039020056,0.03927463073942499,0.13043478260869568,0.03045129213339499,0.03174877588645108,0.03867443783906753
TxPert_Exphormer,TxPert_GAT,K562,2,B2_Pointwise,20261002,20261002,4,112,112,0.9631409965787907,0.9459374039020056,0.03927463073942499,0.13043478260869568,0.03045129213339499,0.03174877588645108,0.03867443783906753
TxPert_Exphormer,TxPert_GAT,K562,2,B2_Pointwise_ContentNull,20260930,20260930,0,112,112,0.9471160740443496,0.9380701814330134,0.039528358034145124,0.17391304347826086,0.030197206084059458,0.03162614679869121,0.03884949213836537
TxPert_Exphormer,TxPert_GAT,K562,2,B2_Pointwise_ContentNull,20260930,20260930,1,112,112,0.9476054915740788,0.927460962859193,0.03968290633033094,0.17391304347826086,0.02924045667590447,0.03262682111010618,0.03900105084857256
TxPert_Exphormer,TxPert_GAT,K562,2,B2_Pointwise_ContentNull,20260930,20260930,2,112,112,0.9583901637971586,0.9437164724775344,0.03909824879444633,0.17391304347826086,0.028849281446275757,0.031937862225490644,0.03885507470699756
TxPert_Exphormer,TxPert_GAT,K562,2,B2_Pointwise_ContentNull,20260930,20260930,3,112,112,0.970509565233683,0.9388047972118768,0.03918694122456362,0.13043478260869568,0.03008781200675019,0.0320514178853173,0.038802660939811176
TxPert_Exphormer,TxPert_GAT,K562,2,B2_Pointwise_ContentNull,20260930,20260930,4,112,112,0.9571065440727937,0.9332183004749377,0.0396570818307313,0.17391304347826086,0.031161716174167287,0.03190327564496329,0.03918674058701182
TxPert_Exphormer,TxPert_GAT,K562,2,B2_Pointwise_ContentNull,20261001,20261001,0,112,112,0.9487398835642504,0.9405388321317525,0.03942463448156768,0.17391304347826086,0.030422555628164042,0.0313425217436434,0.038980236262899946
TxPert_Exphormer,TxPert_GAT,K562,2,B2_Pointwise_ContentNull,20261001,20261001,1,112,112,0.9340340312236792,0.9298441931185294,0.03932053115021751,0.21739130434782605,0.029240456675904466,0.03171154995740256,0.03917318744093016
TxPert_Exphormer,TxPert_GAT,K562,2,B2_Pointwise_ContentNull,20261001,20261001,2,112,112,0.9705095652336826,0.942298493183449,0.039260914453772396,0.13043478260869568,0.02884928144627576,0.031888073345354394,0.039067682928167306
TxPert_Exphormer,TxPert_GAT,K562,2,B2_Pointwise_ContentNull,20261001,20261001,3,112,112,0.9705095652336826,0.9420849420849422,0.039286187627812184,0.13043478260869568,0.03026862131866769,0.03268084509380466,0.03882512155686887
TxPert_Exphormer,TxPert_GAT,K562,2,B2_Pointwise_ContentNull,20261001,20261001,4,112,112,0.9301493414147305,0.9325691051354769,0.03944284224902399,0.17391304347826086,0.030204497627380988,0.031541479603894446,0.03922716661338182
TxPert_Exphormer,TxPert_GAT,K562,2,B2_Pointwise_ContentNull,20261002,20261002,0,112,112,0.9672029001536628,0.9372074349950456,0.03940507966832142,0.13043478260869568,0.030081101812175635,0.03162614679869121,0.03898099774540688
TxPert_Exphormer,TxPert_GAT,K562,2,B2_Pointwise_ContentNull,20261002,20261002,1,112,112,0.9261760958770265,0.932577647179417,0.03939990940209052,0.21739130434782605,0.030322789437084743,0.032043815260060324,0.03869074837601427
TxPert_Exphormer,TxPert_GAT,K562,2,B2_Pointwise_ContentNull,20261002,20261002,2,112,112,0.955296920007595,0.9439898178836232,0.039176369107891365,0.17391304347826086,0.02884928144627576,0.032063072502582314,0.039023906178503265
TxPert_Exphormer,TxPert_GAT,K562,2,B2_Pointwise_ContentNull,20261002,20261002,3,112,112,0.9705095652336826,0.9399835992756347,0.03932754416679258,0.13043478260869568,0.030268621318667685,0.03222235547036953,0.03887132365518848
TxPert_Exphormer,TxPert_GAT,K562,2,B2_Pointwise_ContentNull,20261002,20261002,4,112,112,0.9292637536898811,0.9323897222127311,0.03960541604329691,0.21739130434782605,0.029705413220997817,0.032037256006785156,0.03915188502870505
TxPert_Exphormer,TxPert_GAT,K562,2,Support_only,20260930,20260930,0,112,112,0.9609768566253591,0.9411259719286588,0.0392856013633446,0.17391304347826086,0.029902141435968182,0.03154147960389444,0.03915010661504762
TxPert_Exphormer,TxPert_GAT,K562,2,Support_only,20260930,20260930,1,112,112,0.9609768566253591,0.9411259719286588,0.0392856013633446,0.17391304347826086,0.029902141435968182,0.03154147960389444,0.03915010661504762
TxPert_Exphormer,TxPert_GAT,K562,2,Support_only,20260930,20260930,2,112,112,0.9609768566253591,0.9411259719286588,0.0392856013633446,0.17391304347826086,0.029902141435968182,0.03154147960389444,0.03915010661504762
TxPert_Exphormer,TxPert_GAT,K562,2,Support_only,20260930,20260930,3,112,112,0.9609768566253591,0.9411259719286588,0.0392856013633446,0.17391304347826086,0.029902141435968182,0.03154147960389444,0.03915010661504762
TxPert_Exphormer,TxPert_GAT,K562,2,Support_only,20260930,20260930,4,112,112,0.9609768566253591,0.9411259719286588,0.0392856013633446,0.17391304347826086,0.029902141435968182,0.03154147960389444,0.03915010661504762
TxPert_Exphormer,TxPert_GAT,K562,2,Support_only,20261001,20261001,0,112,112,0.9609768566253591,0.9411259719286588,0.0392856013633446,0.17391304347826086,0.029902141435968182,0.03154147960389444,0.03915010661504762
TxPert_Exphormer,TxPert_GAT,K562,2,Support_only,20261001,20261001,1,112,112,0.9609768566253591,0.9411259719286588,0.0392856013633446,0.17391304347826086,0.029902141435968182,0.03154147960389444,0.03915010661504762
TxPert_Exphormer,TxPert_GAT,K562,2,Support_only,20261001,20261001,2,112,112,0.9609768566253591,0.9411259719286588,0.0392856013633446,0.17391304347826086,0.029902141435968182,0.03154147960389444,0.03915010661504762
TxPert_Exphormer,TxPert_GAT,K562,2,Support_only,20261001,20261001,3,112,112,0.9609768566253591,0.9411259719286588,0.0392856013633446,0.17391304347826086,0.029902141435968182,0.03154147960389444,0.03915010661504762
TxPert_Exphormer,TxPert_GAT,K562,2,Support_only,20261001,20261001,4,112,112,0.9609768566253591,0.9411259719286588,0.0392856013633446,0.17391304347826086,0.029902141435968182,0.03154147960389444,0.03915010661504762
TxPert_Exphormer,TxPert_GAT,K562,2,Support_only,20261002,20261002,0,112,112,0.9609768566253591,0.9411259719286588,0.0392856013633446,0.17391304347826086,0.029902141435968182,0.03154147960389444,0.03915010661504762
TxPert_Exphormer,TxPert_GAT,K562,2,Support_only,20261002,20261002,1,112,112,0.9609768566253591,0.9411259719286588,0.0392856013633446,0.17391304347826086,0.029902141435968182,0.03154147960389444,0.03915010661504762
TxPert_Exphormer,TxPert_GAT,K562,2,Support_only,20261002,20261002,2,112,112,0.9609768566253591,0.9411259719286588,0.0392856013633446,0.17391304347826086,0.029902141435968182,0.03154147960389444,0.03915010661504762
TxPert_Exphormer,TxPert_GAT,K562,2,Support_only,20261002,20261002,3,112,112,0.9609768566253591,0.9411259719286588,0.0392856013633446,0.17391304347826086,0.029902141435968182,0.03154147960389444,0.03915010661504762
TxPert_Exphormer,TxPert_GAT,K562,2,Support_only,20261002,20261002,4,112,112,0.9609768566253591,0.9411259719286588,0.0392856013633446,0.17391304347826086,0.029902141435968182,0.03154147960389444,0.03915010661504762
TxPert_Exphormer,TxPert_GAT,K562,3,B1_HGB,20260930,20260930,0,113,113,0.9719276948464932,0.9159791070596847,0.03786466436338128,0.13043478260869568,0.029599638874869966,0.030415827661044656,0.03761538650003105
TxPert_Exphormer,TxPert_GAT,K562,3,B1_HGB,20260930,20260930,1,113,113,0.9719276948464932,0.9159791070596847,0.03786466436338128,0.13043478260869568,0.029599638874869966,0.030415827661044656,0.03761538650003105
TxPert_Exphormer,TxPert_GAT,K562,3,B1_HGB,20260930,20260930,2,113,113,0.9719276948464932,0.9159791070596847,0.03786466436338128,0.13043478260869568,0.029599638874869966,0.030415827661044656,0.03761538650003105
TxPert_Exphormer,TxPert_GAT,K562,3,B1_HGB,20260930,20260930,3,113,113,0.9719276948464932,0.9159791070596847,0.03786466436338128,0.13043478260869568,0.029599638874869966,0.030415827661044656,0.03761538650003105
TxPert_Exphormer,TxPert_GAT,K562,3,B1_HGB,20260930,20260930,4,113,113,0.9719276948464932,0.9159791070596847,0.03786466436338128,0.13043478260869568,0.029599638874869966,0.030415827661044656,0.03761538650003105
TxPert_Exphormer,TxPert_GAT,K562,3,B1_HGB,20261001,20261001,0,113,113,0.9719276948464932,0.9159791070596847,0.03786466436338128,0.13043478260869568,0.029599638874869966,0.030415827661044656,0.03761538650003105
TxPert_Exphormer,TxPert_GAT,K562,3,B1_HGB,20261001,20261001,1,113,113,0.9719276948464932,0.9159791070596847,0.03786466436338128,0.13043478260869568,0.029599638874869966,0.030415827661044656,0.03761538650003105
TxPert_Exphormer,TxPert_GAT,K562,3,B1_HGB,20261001,20261001,2,113,113,0.9719276948464932,0.9159791070596847,0.03786466436338128,0.13043478260869568,0.029599638874869966,0.030415827661044656,0.03761538650003105
TxPert_Exphormer,TxPert_GAT,K562,3,B1_HGB,20261001,20261001,3,113,113,0.9719276948464932,0.9159791070596847,0.03786466436338128,0.13043478260869568,0.029599638874869966,0.030415827661044656,0.03761538650003105
TxPert_Exphormer,TxPert_GAT,K562,3,B1_HGB,20261001,20261001,4,113,113,0.9719276948464932,0.9159791070596847,0.03786466436338128,0.13043478260869568,0.029599638874869966,0.030415827661044656,0.03761538650003105
TxPert_Exphormer,TxPert_GAT,K562,3,B1_HGB,20261002,20261002,0,113,113,0.9719276948464932,0.9159791070596847,0.03786466436338128,0.13043478260869568,0.029599638874869966,0.030415827661044656,0.03761538650003105
TxPert_Exphormer,TxPert_GAT,K562,3,B1_HGB,20261002,20261002,1,113,113,0.9719276948464932,0.9159791070596847,0.03786466436338128,0.13043478260869568,0.029599638874869966,0.030415827661044656,0.03761538650003105
TxPert_Exphormer,TxPert_GAT,K562,3,B1_HGB,20261002,20261002,2,113,113,0.9719276948464932,0.9159791070596847,0.03786466436338128,0.13043478260869568,0.029599638874869966,0.030415827661044656,0.03761538650003105
TxPert_Exphormer,TxPert_GAT,K562,3,B1_HGB,20261002,20261002,3,113,113,0.9719276948464932,0.9159791070596847,0.03786466436338128,0.13043478260869568,0.029599638874869966,0.030415827661044656,0.03761538650003105
TxPert_Exphormer,TxPert_GAT,K562,3,B1_HGB,20261002,20261002,4,113,113,0.9719276948464932,0.9159791070596847,0.03786466436338128,0.13043478260869568,0.029599638874869966,0.030415827661044656,0.03761538650003105
TxPert_Exphormer,TxPert_GAT,K562,3,B1_HGB_ContentNull,20260930,20260930,0,113,113,0.9610480632842132,0.9131429236808838,0.037905498905453826,0.17391304347826086,0.03150939627095365,0.030102998474400428,0.037796703299888705
TxPert_Exphormer,TxPert_GAT,K562,3,B1_HGB_ContentNull,20260930,20260930,1,113,113,0.9435241494485426,0.9108889480338015,0.037867519783069466,0.21739130434782605,0.02918805892116749,0.030293377787225472,0.03813097904627063
TxPert_Exphormer,TxPert_GAT,K562,3,B1_HGB_ContentNull,20260930,20260930,2,113,113,0.9794195705766464,0.9113380797125559,0.03788529740961923,0.13043478260869568,0.02964033808241504,0.030637770063524063,0.03806359267408078
TxPert_Exphormer,TxPert_GAT,K562,3,B1_HGB_ContentNull,20260930,20260930,3,113,113,0.9719276948464937,0.9053912435957151,0.03821922935215714,0.13043478260869568,0.03109256515724787,0.03196146817367184,0.038317036029670015
TxPert_Exphormer,TxPert_GAT,K562,3,B1_HGB_ContentNull,20260930,20260930,4,113,113,0.9695257160852558,0.9072709428438355,0.038056701133995056,0.13043478260869568,0.029409105487834365,0.031728046522584576,0.037889255871531635
TxPert_Exphormer,TxPert_GAT,K562,3,B1_HGB_ContentNull,20261001,20261001,0,113,113,0.9610480632842132,0.9131429236808838,0.037905498905453826,0.17391304347826086,0.03150939627095365,0.030102998474400428,0.037796703299888705
TxPert_Exphormer,TxPert_GAT,K562,3,B1_HGB_ContentNull,20261001,20261001,1,113,113,0.9435241494485426,0.9108889480338015,0.037867519783069466,0.21739130434782605,0.02918805892116749,0.030293377787225472,0.03813097904627063
TxPert_Exphormer,TxPert_GAT,K562,3,B1_HGB_ContentNull,20261001,20261001,2,113,113,0.9794195705766464,0.9113380797125559,0.03788529740961923,0.13043478260869568,0.02964033808241504,0.030637770063524063,0.03806359267408078
TxPert_Exphormer,TxPert_GAT,K562,3,B1_HGB_ContentNull,20261001,20261001,3,113,113,0.9719276948464937,0.9053912435957151,0.03821922935215714,0.13043478260869568,0.03109256515724787,0.03196146817367184,0.038317036029670015
TxPert_Exphormer,TxPert_GAT,K562,3,B1_HGB_ContentNull,20261001,20261001,4,113,113,0.9695257160852558,0.9072709428438355,0.038056701133995056,0.13043478260869568,0.029409105487834365,0.031728046522584576,0.037889255871531635
TxPert_Exphormer,TxPert_GAT,K562,3,B1_HGB_ContentNull,20261002,20261002,0,113,113,0.9610480632842132,0.9131429236808838,0.037905498905453826,0.17391304347826086,0.03150939627095365,0.030102998474400428,0.037796703299888705
TxPert_Exphormer,TxPert_GAT,K562,3,B1_HGB_ContentNull,20261002,20261002,1,113,113,0.9435241494485426,0.9108889480338015,0.037867519783069466,0.21739130434782605,0.02918805892116749,0.030293377787225472,0.03813097904627063
TxPert_Exphormer,TxPert_GAT,K562,3,B1_HGB_ContentNull,20261002,20261002,2,113,113,0.9794195705766464,0.9113380797125559,0.03788529740961923,0.13043478260869568,0.02964033808241504,0.030637770063524063,0.03806359267408078
TxPert_Exphormer,TxPert_GAT,K562,3,B1_HGB_ContentNull,20261002,20261002,3,113,113,0.9719276948464937,0.9053912435957151,0.03821922935215714,0.13043478260869568,0.03109256515724787,0.03196146817367184,0.038317036029670015
TxPert_Exphormer,TxPert_GAT,K562,3,B1_HGB_ContentNull,20261002,20261002,4,113,113,0.9695257160852558,0.9072709428438355,0.038056701133995056,0.13043478260869568,0.029409105487834365,0.031728046522584576,0.037889255871531635
TxPert_Exphormer,TxPert_GAT,K562,3,B2_Pointwise,20260930,20260930,0,113,113,0.9763420115997415,0.9190065872646218,0.0376932773408024,0.13043478260869568,0.028253809800083685,0.030878701682842128,0.037901413591310884
TxPert_Exphormer,TxPert_GAT,K562,3,B2_Pointwise,20260930,20260930,1,113,113,0.9763420115997415,0.9190065872646218,0.0376932773408024,0.13043478260869568,0.028253809800083685,0.030878701682842128,0.037901413591310884
TxPert_Exphormer,TxPert_GAT,K562,3,B2_Pointwise,20260930,20260930,2,113,113,0.9763420115997415,0.9190065872646218,0.0376932773408024,0.13043478260869568,0.028253809800083685,0.030878701682842128,0.037901413591310884
TxPert_Exphormer,TxPert_GAT,K562,3,B2_Pointwise,20260930,20260930,3,113,113,0.9763420115997415,0.9190065872646218,0.0376932773408024,0.13043478260869568,0.028253809800083685,0.030878701682842128,0.037901413591310884
TxPert_Exphormer,TxPert_GAT,K562,3,B2_Pointwise,20260930,20260930,4,113,113,0.9763420115997415,0.9190065872646218,0.0376932773408024,0.13043478260869568,0.028253809800083685,0.030878701682842128,0.037901413591310884
TxPert_Exphormer,TxPert_GAT,K562,3,B2_Pointwise,20261001,20261001,0,113,113,0.9719276948464941,0.9175593851886354,0.03781932329471911,0.13043478260869568,0.029584054775644592,0.031418023602122376,0.03774303614890921
TxPert_Exphormer,TxPert_GAT,K562,3,B2_Pointwise,20261001,20261001,1,113,113,0.9719276948464941,0.9175593851886354,0.03781932329471911,0.13043478260869568,0.029584054775644592,0.031418023602122376,0.03774303614890921
TxPert_Exphormer,TxPert_GAT,K562,3,B2_Pointwise,20261001,20261001,2,113,113,0.9719276948464941,0.9175593851886354,0.03781932329471911,0.13043478260869568,0.029584054775644592,0.031418023602122376,0.03774303614890921
TxPert_Exphormer,TxPert_GAT,K562,3,B2_Pointwise,20261001,20261001,3,113,113,0.9719276948464941,0.9175593851886354,0.03781932329471911,0.13043478260869568,0.029584054775644592,0.031418023602122376,0.03774303614890921
TxPert_Exphormer,TxPert_GAT,K562,3,B2_Pointwise,20261001,20261001,4,113,113,0.9719276948464941,0.9175593851886354,0.03781932329471911,0.13043478260869568,0.029584054775644592,0.031418023602122376,0.03774303614890921
TxPert_Exphormer,TxPert_GAT,K562,3,B2_Pointwise,20261002,20261002,0,113,113,0.9808386759293777,0.9131845099474349,0.03784380317702102,0.13043478260869568,0.02956107775946819,0.030884961571803933,0.037897414296097186
TxPert_Exphormer,TxPert_GAT,K562,3,B2_Pointwise,20261002,20261002,1,113,113,0.9808386759293777,0.9131845099474349,0.03784380317702102,0.13043478260869568,0.02956107775946819,0.030884961571803933,0.037897414296097186
TxPert_Exphormer,TxPert_GAT,K562,3,B2_Pointwise,20261002,20261002,2,113,113,0.9808386759293777,0.9131845099474349,0.03784380317702102,0.13043478260869568,0.02956107775946819,0.030884961571803933,0.037897414296097186
TxPert_Exphormer,TxPert_GAT,K562,3,B2_Pointwise,20261002,20261002,3,113,113,0.9808386759293777,0.9131845099474349,0.03784380317702102,0.13043478260869568,0.02956107775946819,0.030884961571803933,0.037897414296097186
TxPert_Exphormer,TxPert_GAT,K562,3,B2_Pointwise,20261002,20261002,4,113,113,0.9808386759293777,0.9131845099474349,0.03784380317702102,0.13043478260869568,0.02956107775946819,0.030884961571803933,0.037897414296097186
TxPert_Exphormer,TxPert_GAT,K562,3,B2_Pointwise_ContentNull,20260930,20260930,0,113,113,0.9610480632842132,0.9077450262825206,0.037951765724175246,0.17391304347826086,0.02942271206396924,0.03173832715716326,0.03837493897726067
TxPert_Exphormer,TxPert_GAT,K562,3,B2_Pointwise_ContentNull,20260930,20260930,1,113,113,0.9510207749316343,0.9093003526515405,0.03798379273752293,0.17391304347826086,0.029241212706030115,0.030293377787225472,0.03812489745475798
TxPert_Exphormer,TxPert_GAT,K562,3,B2_Pointwise_ContentNull,20260930,20260930,2,113,113,0.9763420115997412,0.901989486991816,0.038100080129123755,0.13043478260869568,0.03072710248085656,0.03227609073175073,0.038309993215357496
TxPert_Exphormer,TxPert_GAT,K562,3,B2_Pointwise_ContentNull,20260930,20260930,3,113,113,0.9719276948464937,0.9061481136469494,0.038164565845524176,0.13043478260869568,0.031084548509522386,0.031163071509594152,0.03835751791533555
TxPert_Exphormer,TxPert_GAT,K562,3,B2_Pointwise_ContentNull,20260930,20260930,4,113,113,0.9738026080844245,0.9051916295162686,0.03809831199110702,0.13043478260869568,0.031119843299705616,0.03154137870244522,0.037837803097668536
TxPert_Exphormer,TxPert_GAT,K562,3,B2_Pointwise_ContentNull,20261001,20261001,0,113,113,0.9582680336395196,0.9058819615410207,0.03798102286331093,0.17391304347826086,0.030759232692970897,0.031035265737930706,0.038317371896491086
TxPert_Exphormer,TxPert_GAT,K562,3,B2_Pointwise_ContentNull,20261001,20261001,1,113,113,0.9767467332001397,0.9160955486060285,0.03785449043962367,0.13043478260869568,0.02913778503612545,0.030293377787225472,0.03815348686933506
TxPert_Exphormer,TxPert_GAT,K562,3,B2_Pointwise_ContentNull,20261001,20261001,2,113,113,0.9763420115997412,0.9060566238605363,0.038051363006377674,0.13043478260869568,0.03031728602036111,0.030487782488905987,0.03813097904627062
TxPert_Exphormer,TxPert_GAT,K562,3,B2_Pointwise_ContentNull,20261001,20261001,3,113,113,0.9583752259077074,0.9098077051034668,0.038034768670281396,0.17391304347826086,0.0301382894409928,0.031217090886649007,0.03813097904627063
TxPert_Exphormer,TxPert_GAT,K562,3,B2_Pointwise_ContentNull,20261001,20261001,4,113,113,0.9785192039228222,0.9080777164149313,0.0379980065764149,0.08695652173913049,0.028944352763639783,0.0309296498585069,0.038221149190900874
TxPert_Exphormer,TxPert_GAT,K562,3,B2_Pointwise_ContentNull,20261002,20261002,0,113,113,0.9610480632842137,0.9102402022756007,0.037895655471951395,0.17391304347826086,0.030560536849246357,0.031109614562710167,0.038277537016074996
TxPert_Exphormer,TxPert_GAT,K562,3,B2_Pointwise_ContentNull,20261002,20261002,1,113,113,0.9706908897444456,0.9116291835784153,0.03792154861514376,0.13043478260869568,0.03162609788724834,0.03029337778722547,0.03812489745475799
TxPert_Exphormer,TxPert_GAT,K562,3,B2_Pointwise_ContentNull,20261002,20261002,2,113,113,0.9763420115997412,0.9148063743429371,0.03790965157204327,0.13043478260869568,0.029914633052825462,0.03063777006352406,0.03821623223539778
TxPert_Exphormer,TxPert_GAT,K562,3,B2_Pointwise_ContentNull,20261002,20261002,3,113,113,0.9719276948464937,0.912308936701305,0.03806126509389182,0.13043478260869568,0.030059430752939067,0.031217090886649007,0.03831703602967001
TxPert_Exphormer,TxPert_GAT,K562,3,B2_Pointwise_ContentNull,20261002,20261002,4,113,113,0.9812992335675162,0.906572293565773,0.038051978930133144,0.08695652173913049,0.029454399202686454,0.030929649858506894,0.037837803097668536
TxPert_Exphormer,TxPert_GAT,K562,3,Support_only,20260930,20260930,0,113,113,0.9719276948464937,0.9154135338345866,0.03792456849751164,0.13043478260869568,0.029601971988025295,0.03117751314669481,0.038159568460847705
TxPert_Exphormer,TxPert_GAT,K562,3,Support_only,20260930,20260930,1,113,113,0.9719276948464937,0.9154135338345866,0.03792456849751164,0.13043478260869568,0.029601971988025295,0.03117751314669481,0.038159568460847705
TxPert_Exphormer,TxPert_GAT,K562,3,Support_only,20260930,20260930,2,113,113,0.9719276948464937,0.9154135338345866,0.03792456849751164,0.13043478260869568,0.029601971988025295,0.03117751314669481,0.038159568460847705
TxPert_Exphormer,TxPert_GAT,K562,3,Support_only,20260930,20260930,3,113,113,0.9719276948464937,0.9154135338345866,0.03792456849751164,0.13043478260869568,0.029601971988025295,0.03117751314669481,0.038159568460847705
TxPert_Exphormer,TxPert_GAT,K562,3,Support_only,20260930,20260930,4,113,113,0.9719276948464937,0.9154135338345866,0.03792456849751164,0.13043478260869568,0.029601971988025295,0.03117751314669481,0.038159568460847705
TxPert_Exphormer,TxPert_GAT,K562,3,Support_only,20261001,20261001,0,113,113,0.9719276948464937,0.9154135338345866,0.03792456849751164,0.13043478260869568,0.029601971988025295,0.03117751314669481,0.038159568460847705
TxPert_Exphormer,TxPert_GAT,K562,3,Support_only,20261001,20261001,1,113,113,0.9719276948464937,0.9154135338345866,0.03792456849751164,0.13043478260869568,0.029601971988025295,0.03117751314669481,0.038159568460847705
TxPert_Exphormer,TxPert_GAT,K562,3,Support_only,20261001,20261001,2,113,113,0.9719276948464937,0.9154135338345866,0.03792456849751164,0.13043478260869568,0.029601971988025295,0.03117751314669481,0.038159568460847705
TxPert_Exphormer,TxPert_GAT,K562,3,Support_only,20261001,20261001,3,113,113,0.9719276948464937,0.9154135338345866,0.03792456849751164,0.13043478260869568,0.029601971988025295,0.03117751314669481,0.038159568460847705
TxPert_Exphormer,TxPert_GAT,K562,3,Support_only,20261001,20261001,4,113,113,0.9719276948464937,0.9154135338345866,0.03792456849751164,0.13043478260869568,0.029601971988025295,0.03117751314669481,0.038159568460847705
TxPert_Exphormer,TxPert_GAT,K562,3,Support_only,20261002,20261002,0,113,113,0.9719276948464937,0.9154135338345866,0.03792456849751164,0.13043478260869568,0.029601971988025295,0.03117751314669481,0.038159568460847705
TxPert_Exphormer,TxPert_GAT,K562,3,Support_only,20261002,20261002,1,113,113,0.9719276948464937,0.9154135338345866,0.03792456849751164,0.13043478260869568,0.029601971988025295,0.03117751314669481,0.038159568460847705
TxPert_Exphormer,TxPert_GAT,K562,3,Support_only,20261002,20261002,2,113,113,0.9719276948464937,0.9154135338345866,0.03792456849751164,0.13043478260869568,0.029601971988025295,0.03117751314669481,0.038159568460847705
TxPert_Exphormer,TxPert_GAT,K562,3,Support_only,20261002,20261002,3,113,113,0.9719276948464937,0.9154135338345866,0.03792456849751164,0.13043478260869568,0.029601971988025295,0.03117751314669481,0.038159568460847705
TxPert_Exphormer,TxPert_GAT,K562,3,Support_only,20261002,20261002,4,113,113,0.9719276948464937,0.9154135338345866,0.03792456849751164,0.13043478260869568,0.029601971988025295,0.03117751314669481,0.038159568460847705
TxPert_Exphormer,TxPert_GAT,K562,4,B1_HGB,20260930,20260930,0,113,113,0.8852515678660415,0.8601620200944842,0.039012420362500376,0.21739130434782605,0.0356435623695589,0.03527219156359362,0.03797576331726038
TxPert_Exphormer,TxPert_GAT,K562,4,B1_HGB,20260930,20260930,1,113,113,0.8852515678660415,0.8601620200944842,0.039012420362500376,0.21739130434782605,0.0356435623695589,0.03527219156359362,0.03797576331726038
TxPert_Exphormer,TxPert_GAT,K562,4,B1_HGB,20260930,20260930,2,113,113,0.8852515678660415,0.8601620200944842,0.039012420362500376,0.21739130434782605,0.0356435623695589,0.03527219156359362,0.03797576331726038
TxPert_Exphormer,TxPert_GAT,K562,4,B1_HGB,20260930,20260930,3,113,113,0.8852515678660415,0.8601620200944842,0.039012420362500376,0.21739130434782605,0.0356435623695589,0.03527219156359362,0.03797576331726038
TxPert_Exphormer,TxPert_GAT,K562,4,B1_HGB,20260930,20260930,4,113,113,0.8852515678660415,0.8601620200944842,0.039012420362500376,0.21739130434782605,0.0356435623695589,0.03527219156359362,0.03797576331726038
TxPert_Exphormer,TxPert_GAT,K562,4,B1_HGB,20261001,20261001,0,113,113,0.8852515678660415,0.8601620200944842,0.039012420362500376,0.21739130434782605,0.0356435623695589,0.03527219156359362,0.03797576331726038
TxPert_Exphormer,TxPert_GAT,K562,4,B1_HGB,20261001,20261001,1,113,113,0.8852515678660415,0.8601620200944842,0.039012420362500376,0.21739130434782605,0.0356435623695589,0.03527219156359362,0.03797576331726038
TxPert_Exphormer,TxPert_GAT,K562,4,B1_HGB,20261001,20261001,2,113,113,0.8852515678660415,0.8601620200944842,0.039012420362500376,0.21739130434782605,0.0356435623695589,0.03527219156359362,0.03797576331726038
TxPert_Exphormer,TxPert_GAT,K562,4,B1_HGB,20261001,20261001,3,113,113,0.8852515678660415,0.8601620200944842,0.039012420362500376,0.21739130434782605,0.0356435623695589,0.03527219156359362,0.03797576331726038
TxPert_Exphormer,TxPert_GAT,K562,4,B1_HGB,20261001,20261001,4,113,113,0.8852515678660415,0.8601620200944842,0.039012420362500376,0.21739130434782605,0.0356435623695589,0.03527219156359362,0.03797576331726038
TxPert_Exphormer,TxPert_GAT,K562,4,B1_HGB,20261002,20261002,0,113,113,0.8852515678660415,0.8601620200944842,0.039012420362500376,0.21739130434782605,0.0356435623695589,0.03527219156359362,0.03797576331726038
TxPert_Exphormer,TxPert_GAT,K562,4,B1_HGB,20261002,20261002,1,113,113,0.8852515678660415,0.8601620200944842,0.039012420362500376,0.21739130434782605,0.0356435623695589,0.03527219156359362,0.03797576331726038
TxPert_Exphormer,TxPert_GAT,K562,4,B1_HGB,20261002,20261002,2,113,113,0.8852515678660415,0.8601620200944842,0.039012420362500376,0.21739130434782605,0.0356435623695589,0.03527219156359362,0.03797576331726038
TxPert_Exphormer,TxPert_GAT,K562,4,B1_HGB,20261002,20261002,3,113,113,0.8852515678660415,0.8601620200944842,0.039012420362500376,0.21739130434782605,0.0356435623695589,0.03527219156359362,0.03797576331726038
TxPert_Exphormer,TxPert_GAT,K562,4,B1_HGB,20261002,20261002,4,113,113,0.8852515678660415,0.8601620200944842,0.039012420362500376,0.21739130434782605,0.0356435623695589,0.03527219156359362,0.03797576331726038
TxPert_Exphormer,TxPert_GAT,K562,4,B1_HGB_ContentNull,20260930,20260930,0,113,113,0.8896063435825092,0.8604947102268947,0.0392315542505626,0.21739130434782605,0.033800536625215656,0.034809153780569424,0.03836697203977397
TxPert_Exphormer,TxPert_GAT,K562,4,B1_HGB_ContentNull,20260930,20260930,1,113,113,0.9179405542713712,0.8570929536229956,0.03936216366763223,0.17391304347826086,0.035650407589034004,0.03535769191680159,0.038300147387042
TxPert_Exphormer,TxPert_GAT,K562,4,B1_HGB_ContentNull,20260930,20260930,2,113,113,0.9453170094079847,0.8544896533368822,0.038961467400581186,0.13043478260869568,0.03332931298988193,0.034371274136666886,0.03884044048210079
TxPert_Exphormer,TxPert_GAT,K562,4,B1_HGB_ContentNull,20260930,20260930,3,113,113,0.9060791410275428,0.8509714551866393,0.03920030755054437,0.17391304347826086,0.03425762973984792,0.03389346822418263,0.03857540371410009
TxPert_Exphormer,TxPert_GAT,K562,4,B1_HGB_ContentNull,20260930,20260930,4,113,113,0.9279407927639314,0.8509049171601573,0.03921967590179368,0.17391304347826086,0.035069746958953596,0.03500801558422324,0.03797609136620459
TxPert_Exphormer,TxPert_GAT,K562,4,B1_HGB_ContentNull,20261001,20261001,0,113,113,0.8896063435825092,0.8604947102268947,0.0392315542505626,0.21739130434782605,0.033800536625215656,0.034809153780569424,0.03836697203977397
TxPert_Exphormer,TxPert_GAT,K562,4,B1_HGB_ContentNull,20261001,20261001,1,113,113,0.9179405542713712,0.8570929536229956,0.03936216366763223,0.17391304347826086,0.035650407589034004,0.03535769191680159,0.038300147387042
TxPert_Exphormer,TxPert_GAT,K562,4,B1_HGB_ContentNull,20261001,20261001,2,113,113,0.9453170094079847,0.8544896533368822,0.038961467400581186,0.13043478260869568,0.03332931298988193,0.034371274136666886,0.03884044048210079
TxPert_Exphormer,TxPert_GAT,K562,4,B1_HGB_ContentNull,20261001,20261001,3,113,113,0.9060791410275428,0.8509714551866393,0.03920030755054437,0.17391304347826086,0.03425762973984792,0.03389346822418263,0.03857540371410009
TxPert_Exphormer,TxPert_GAT,K562,4,B1_HGB_ContentNull,20261001,20261001,4,113,113,0.9279407927639314,0.8509049171601573,0.03921967590179368,0.17391304347826086,0.035069746958953596,0.03500801558422324,0.03797609136620459
TxPert_Exphormer,TxPert_GAT,K562,4,B1_HGB_ContentNull,20261002,20261002,0,113,113,0.8896063435825092,0.8604947102268947,0.0392315542505626,0.21739130434782605,0.033800536625215656,0.034809153780569424,0.03836697203977397
TxPert_Exphormer,TxPert_GAT,K562,4,B1_HGB_ContentNull,20261002,20261002,1,113,113,0.9179405542713712,0.8570929536229956,0.03936216366763223,0.17391304347826086,0.035650407589034004,0.03535769191680159,0.038300147387042
TxPert_Exphormer,TxPert_GAT,K562,4,B1_HGB_ContentNull,20261002,20261002,2,113,113,0.9453170094079847,0.8544896533368822,0.038961467400581186,0.13043478260869568,0.03332931298988193,0.034371274136666886,0.03884044048210079
TxPert_Exphormer,TxPert_GAT,K562,4,B1_HGB_ContentNull,20261002,20261002,3,113,113,0.9060791410275428,0.8509714551866393,0.03920030755054437,0.17391304347826086,0.03425762973984792,0.03389346822418263,0.03857540371410009
TxPert_Exphormer,TxPert_GAT,K562,4,B1_HGB_ContentNull,20261002,20261002,4,113,113,0.9279407927639314,0.8509049171601573,0.03921967590179368,0.17391304347826086,0.035069746958953596,0.03500801558422324,0.03797609136620459
TxPert_Exphormer,TxPert_GAT,K562,4,B2_Pointwise,20260930,20260930,0,113,113,0.8852515678660404,0.85286778894138,0.03913597506919058,0.21739130434782605,0.03500656508717475,0.03473818931188361,0.03868553355166236
TxPert_Exphormer,TxPert_GAT,K562,4,B2_Pointwise,20260930,20260930,1,113,113,0.8852515678660404,0.85286778894138,0.03913597506919058,0.21739130434782605,0.03500656508717475,0.03473818931188361,0.03868553355166236
TxPert_Exphormer,TxPert_GAT,K562,4,B2_Pointwise,20260930,20260930,2,113,113,0.8852515678660404,0.85286778894138,0.03913597506919058,0.21739130434782605,0.03500656508717475,0.03473818931188361,0.03868553355166236
TxPert_Exphormer,TxPert_GAT,K562,4,B2_Pointwise,20260930,20260930,3,113,113,0.8852515678660404,0.85286778894138,0.03913597506919058,0.21739130434782605,0.03500656508717475,0.03473818931188361,0.03868553355166236
TxPert_Exphormer,TxPert_GAT,K562,4,B2_Pointwise,20260930,20260930,4,113,113,0.8852515678660404,0.85286778894138,0.03913597506919058,0.21739130434782605,0.03500656508717475,0.03473818931188361,0.03868553355166236
TxPert_Exphormer,TxPert_GAT,K562,4,B2_Pointwise,20261001,20261001,0,113,113,0.8852515678660415,0.8496490119103068,0.0393592101022437,0.21739130434782605,0.03483727500610322,0.03486067666535891,0.03802755458548765
TxPert_Exphormer,TxPert_GAT,K562,4,B2_Pointwise,20261001,20261001,1,113,113,0.8852515678660415,0.8496490119103068,0.0393592101022437,0.21739130434782605,0.03483727500610322,0.03486067666535891,0.03802755458548765
TxPert_Exphormer,TxPert_GAT,K562,4,B2_Pointwise,20261001,20261001,2,113,113,0.8852515678660415,0.8496490119103068,0.0393592101022437,0.21739130434782605,0.03483727500610322,0.03486067666535891,0.03802755458548765
TxPert_Exphormer,TxPert_GAT,K562,4,B2_Pointwise,20261001,20261001,3,113,113,0.8852515678660415,0.8496490119103068,0.0393592101022437,0.21739130434782605,0.03483727500610322,0.03486067666535891,0.03802755458548765
TxPert_Exphormer,TxPert_GAT,K562,4,B2_Pointwise,20261001,20261001,4,113,113,0.8852515678660415,0.8496490119103068,0.0393592101022437,0.21739130434782605,0.03483727500610322,0.03486067666535891,0.03802755458548765
TxPert_Exphormer,TxPert_GAT,K562,4,B2_Pointwise,20261002,20261002,0,113,113,0.8852515678660415,0.8471704704238474,0.0393490001698262,0.21739130434782605,0.033368053878063554,0.03541746130276139,0.03835882116310419
TxPert_Exphormer,TxPert_GAT,K562,4,B2_Pointwise,20261002,20261002,1,113,113,0.8852515678660415,0.8471704704238474,0.0393490001698262,0.21739130434782605,0.033368053878063554,0.03541746130276139,0.03835882116310419
TxPert_Exphormer,TxPert_GAT,K562,4,B2_Pointwise,20261002,20261002,2,113,113,0.8852515678660415,0.8471704704238474,0.0393490001698262,0.21739130434782605,0.033368053878063554,0.03541746130276139,0.03835882116310419
TxPert_Exphormer,TxPert_GAT,K562,4,B2_Pointwise,20261002,20261002,3,113,113,0.8852515678660415,0.8471704704238474,0.0393490001698262,0.21739130434782605,0.033368053878063554,0.03541746130276139,0.03835882116310419
TxPert_Exphormer,TxPert_GAT,K562,4,B2_Pointwise,20261002,20261002,4,113,113,0.8852515678660415,0.8471704704238474,0.0393490001698262,0.21739130434782605,0.033368053878063554,0.03541746130276139,0.03835882116310419
TxPert_Exphormer,TxPert_GAT,K562,4,B2_Pointwise_ContentNull,20260930,20260930,0,113,113,0.9279407927639314,0.8603366824139997,0.03930532025812516,0.17391304347826086,0.034524717664642414,0.0346211500586602,0.03876020474746467
TxPert_Exphormer,TxPert_GAT,K562,4,B2_Pointwise_ContentNull,20260930,20260930,1,113,113,0.9060791410275428,0.855953489919489,0.03933000706747471,0.17391304347826086,0.035650407589034,0.03468341274856145,0.038097310344475915
TxPert_Exphormer,TxPert_GAT,K562,4,B2_Pointwise_ContentNull,20260930,20260930,2,113,113,0.9279407927639314,0.8606028345199283,0.03882353037671398,0.17391304347826086,0.030116312786615248,0.03440729154323243,0.03892643291670119
TxPert_Exphormer,TxPert_GAT,K562,4,B2_Pointwise_ContentNull,20260930,20260930,3,113,113,0.9060791410275428,0.8489753143921753,0.03935788067017306,0.17391304347826086,0.03404253698990258,0.03471325068181066,0.038575403714100086
TxPert_Exphormer,TxPert_GAT,K562,4,B2_Pointwise_ContentNull,20260930,20260930,4,113,113,0.9060791410275434,0.8518863530507687,0.039516994147202604,0.17391304347826086,0.035069746958953596,0.03480140223620179,0.03797609136620459
TxPert_Exphormer,TxPert_GAT,K562,4,B2_Pointwise_ContentNull,20261001,20261001,0,113,113,0.8896063435825087,0.8565939184243796,0.039149323450707554,0.21739130434782605,0.034524717664642414,0.03485474445128977,0.03845797405742969
TxPert_Exphormer,TxPert_GAT,K562,4,B2_Pointwise_ContentNull,20261001,20261001,1,113,113,0.8787026858909299,0.8557206068268015,0.03946121481286767,0.21739130434782605,0.035650407589034,0.03426503806468407,0.03818330277907631
TxPert_Exphormer,TxPert_GAT,K562,4,B2_Pointwise_ContentNull,20261001,20261001,2,113,113,0.9453170094079847,0.8582157828198816,0.0388324763173771,0.13043478260869568,0.028274500924914816,0.034557639850085524,0.0388465252310093
TxPert_Exphormer,TxPert_GAT,K562,4,B2_Pointwise_ContentNull,20261001,20261001,3,113,113,0.9060791410275428,0.8535248519528913,0.0394286385266841,0.17391304347826086,0.03404253698990259,0.03421843760552094,0.03836697203977397
TxPert_Exphormer,TxPert_GAT,K562,4,B2_Pointwise_ContentNull,20261001,20261001,4,113,113,0.9279407927639308,0.851586931931599,0.0394304135943186,0.17391304347826086,0.03294415474614287,0.0344545729073847,0.0379760913662046
TxPert_Exphormer,TxPert_GAT,K562,4,B2_Pointwise_ContentNull,20261002,20261002,0,113,113,0.8896063435825081,0.8512708763058089,0.03997026475403185,0.21739130434782605,0.03652874181453298,0.0345406363578034,0.03876020474746468
TxPert_Exphormer,TxPert_GAT,K562,4,B2_Pointwise_ContentNull,20261002,20261002,1,113,113,0.9213919107888198,0.8562196420254177,0.03941246524834935,0.17391304347826086,0.03497802783713126,0.03525028549035533,0.03818330277907632
TxPert_Exphormer,TxPert_GAT,K562,4,B2_Pointwise_ContentNull,20261002,20261002,2,113,113,0.9279407927639314,0.8548888814957749,0.03905641522382516,0.17391304347826086,0.030116312786615248,0.03513181506126765,0.03846283857542153
TxPert_Exphormer,TxPert_GAT,K562,4,B2_Pointwise_ContentNull,20261002,20261002,3,113,113,0.9060791410275428,0.8555958480271476,0.03928930899190078,0.17391304347826086,0.03361919152112258,0.03428817413161133,0.03836697203977397
TxPert_Exphormer,TxPert_GAT,K562,4,B2_Pointwise_ContentNull,20261002,20261002,4,113,113,0.9060791410275428,0.8474615742897067,0.03948217556008941,0.17391304347826086,0.0350697469589536,0.03432083068227323,0.0382731730240651
TxPert_Exphormer,TxPert_GAT,K562,4,Support_only,20260930,20260930,0,113,113,0.9244894362464823,0.8555102957431989,0.03922908559892379,0.17391304347826086,0.036351549834358975,0.033709140111795585,0.0381741711664593
TxPert_Exphormer,TxPert_GAT,K562,4,Support_only,20260930,20260930,1,113,113,0.9244894362464823,0.8555102957431989,0.03922908559892379,0.17391304347826086,0.036351549834358975,0.033709140111795585,0.0381741711664593
TxPert_Exphormer,TxPert_GAT,K562,4,Support_only,20260930,20260930,2,113,113,0.9244894362464823,0.8555102957431989,0.03922908559892379,0.17391304347826086,0.036351549834358975,0.033709140111795585,0.0381741711664593
TxPert_Exphormer,TxPert_GAT,K562,4,Support_only,20260930,20260930,3,113,113,0.9244894362464823,0.8555102957431989,0.03922908559892379,0.17391304347826086,0.036351549834358975,0.033709140111795585,0.0381741711664593
TxPert_Exphormer,TxPert_GAT,K562,4,Support_only,20260930,20260930,4,113,113,0.9244894362464823,0.8555102957431989,0.03922908559892379,0.17391304347826086,0.036351549834358975,0.033709140111795585,0.0381741711664593
TxPert_Exphormer,TxPert_GAT,K562,4,Support_only,20261001,20261001,0,113,113,0.9244894362464823,0.8555102957431989,0.03922908559892379,0.17391304347826086,0.036351549834358975,0.033709140111795585,0.0381741711664593
TxPert_Exphormer,TxPert_GAT,K562,4,Support_only,20261001,20261001,1,113,113,0.9244894362464823,0.8555102957431989,0.03922908559892379,0.17391304347826086,0.036351549834358975,0.033709140111795585,0.0381741711664593
TxPert_Exphormer,TxPert_GAT,K562,4,Support_only,20261001,20261001,2,113,113,0.9244894362464823,0.8555102957431989,0.03922908559892379,0.17391304347826086,0.036351549834358975,0.033709140111795585,0.0381741711664593
TxPert_Exphormer,TxPert_GAT,K562,4,Support_only,20261001,20261001,3,113,113,0.9244894362464823,0.8555102957431989,0.03922908559892379,0.17391304347826086,0.036351549834358975,0.033709140111795585,0.0381741711664593
TxPert_Exphormer,TxPert_GAT,K562,4,Support_only,20261001,20261001,4,113,113,0.9244894362464823,0.8555102957431989,0.03922908559892379,0.17391304347826086,0.036351549834358975,0.033709140111795585,0.0381741711664593
TxPert_Exphormer,TxPert_GAT,K562,4,Support_only,20261002,20261002,0,113,113,0.9244894362464823,0.8555102957431989,0.03922908559892379,0.17391304347826086,0.036351549834358975,0.033709140111795585,0.0381741711664593
TxPert_Exphormer,TxPert_GAT,K562,4,Support_only,20261002,20261002,1,113,113,0.9244894362464823,0.8555102957431989,0.03922908559892379,0.17391304347826086,0.036351549834358975,0.033709140111795585,0.0381741711664593
TxPert_Exphormer,TxPert_GAT,K562,4,Support_only,20261002,20261002,2,113,113,0.9244894362464823,0.8555102957431989,0.03922908559892379,0.17391304347826086,0.036351549834358975,0.033709140111795585,0.0381741711664593
TxPert_Exphormer,TxPert_GAT,K562,4,Support_only,20261002,20261002,3,113,113,0.9244894362464823,0.8555102957431989,0.03922908559892379,0.17391304347826086,0.036351549834358975,0.033709140111795585,0.0381741711664593
TxPert_Exphormer,TxPert_GAT,K562,4,Support_only,20261002,20261002,4,113,113,0.9244894362464823,0.8555102957431989,0.03922908559892379,0.17391304347826086,0.036351549834358975,0.033709140111795585,0.0381741711664593
TxPert_Exphormer,TxPert_GAT,RPE1,0,B1_HGB,20260930,20260930,0,78,78,0.5090983813678941,0.6131969296526258,0.05569898365139631,0.5,0.0395005471925529,0.04588691507509096,0.05782091637063647
TxPert_Exphormer,TxPert_GAT,RPE1,0,B1_HGB,20260930,20260930,1,78,78,0.5090983813678941,0.6131969296526258,0.05569898365139631,0.5,0.0395005471925529,0.04588691507509096,0.05782091637063647
TxPert_Exphormer,TxPert_GAT,RPE1,0,B1_HGB,20260930,20260930,2,78,78,0.5090983813678941,0.6131969296526258,0.05569898365139631,0.5,0.0395005471925529,0.04588691507509096,0.05782091637063647
TxPert_Exphormer,TxPert_GAT,RPE1,0,B1_HGB,20260930,20260930,3,78,78,0.5090983813678941,0.6131969296526258,0.05569898365139631,0.5,0.0395005471925529,0.04588691507509096,0.05782091637063647
TxPert_Exphormer,TxPert_GAT,RPE1,0,B1_HGB,20260930,20260930,4,78,78,0.5090983813678941,0.6131969296526258,0.05569898365139631,0.5,0.0395005471925529,0.04588691507509096,0.05782091637063647
TxPert_Exphormer,TxPert_GAT,RPE1,0,B1_HGB,20261001,20261001,0,78,78,0.5090983813678941,0.6131969296526258,0.05569898365139631,0.5,0.0395005471925529,0.04588691507509096,0.05782091637063647
TxPert_Exphormer,TxPert_GAT,RPE1,0,B1_HGB,20261001,20261001,1,78,78,0.5090983813678941,0.6131969296526258,0.05569898365139631,0.5,0.0395005471925529,0.04588691507509096,0.05782091637063647
TxPert_Exphormer,TxPert_GAT,RPE1,0,B1_HGB,20261001,20261001,2,78,78,0.5090983813678941,0.6131969296526258,0.05569898365139631,0.5,0.0395005471925529,0.04588691507509096,0.05782091637063647
TxPert_Exphormer,TxPert_GAT,RPE1,0,B1_HGB,20261001,20261001,3,78,78,0.5090983813678941,0.6131969296526258,0.05569898365139631,0.5,0.0395005471925529,0.04588691507509096,0.05782091637063647
TxPert_Exphormer,TxPert_GAT,RPE1,0,B1_HGB,20261001,20261001,4,78,78,0.5090983813678941,0.6131969296526258,0.05569898365139631,0.5,0.0395005471925529,0.04588691507509096,0.05782091637063647
TxPert_Exphormer,TxPert_GAT,RPE1,0,B1_HGB,20261002,20261002,0,78,78,0.5090983813678941,0.6131969296526258,0.05569898365139631,0.5,0.0395005471925529,0.04588691507509096,0.05782091637063647
TxPert_Exphormer,TxPert_GAT,RPE1,0,B1_HGB,20261002,20261002,1,78,78,0.5090983813678941,0.6131969296526258,0.05569898365139631,0.5,0.0395005471925529,0.04588691507509096,0.05782091637063647
TxPert_Exphormer,TxPert_GAT,RPE1,0,B1_HGB,20261002,20261002,2,78,78,0.5090983813678941,0.6131969296526258,0.05569898365139631,0.5,0.0395005471925529,0.04588691507509096,0.05782091637063647
TxPert_Exphormer,TxPert_GAT,RPE1,0,B1_HGB,20261002,20261002,3,78,78,0.5090983813678941,0.6131969296526258,0.05569898365139631,0.5,0.0395005471925529,0.04588691507509096,0.05782091637063647
TxPert_Exphormer,TxPert_GAT,RPE1,0,B1_HGB,20261002,20261002,4,78,78,0.5090983813678941,0.6131969296526258,0.05569898365139631,0.5,0.0395005471925529,0.04588691507509096,0.05782091637063647
TxPert_Exphormer,TxPert_GAT,RPE1,0,B1_HGB_ContentNull,20260930,20260930,0,78,78,0.6397737684700883,0.6214924316190139,0.056034742444346385,0.4375,0.04036877806141344,0.045070778851148165,0.05762549358432969
TxPert_Exphormer,TxPert_GAT,RPE1,0,B1_HGB_ContentNull,20260930,20260930,1,78,78,0.37274736233689304,0.49698402862959823,0.05745311632323425,0.625,0.04461434915651536,0.04394201279665478,0.059158735631494055
TxPert_Exphormer,TxPert_GAT,RPE1,0,B1_HGB_ContentNull,20260930,20260930,2,78,78,0.4185075485829447,0.5607177632494088,0.05676849155522763,0.5625,0.04250689266514221,0.04426994996660775,0.05727303713551846
TxPert_Exphormer,TxPert_GAT,RPE1,0,B1_HGB_ContentNull,20260930,20260930,3,78,78,0.5817279616142975,0.5830751526954059,0.057393948150271955,0.5,0.042272163236105956,0.05024689952255463,0.05630449736093512
TxPert_Exphormer,TxPert_GAT,RPE1,0,B1_HGB_ContentNull,20260930,20260930,4,78,78,0.5645208418920554,0.6133992589688791,0.056729096515676036,0.5,0.04673981418234349,0.045677917112921046,0.05677697755096023
TxPert_Exphormer,TxPert_GAT,RPE1,0,B1_HGB_ContentNull,20261001,20261001,0,78,78,0.6397737684700883,0.6214924316190139,0.056034742444346385,0.4375,0.04036877806141344,0.045070778851148165,0.05762549358432969
TxPert_Exphormer,TxPert_GAT,RPE1,0,B1_HGB_ContentNull,20261001,20261001,1,78,78,0.37274736233689304,0.49698402862959823,0.05745311632323425,0.625,0.04461434915651536,0.04394201279665478,0.059158735631494055
TxPert_Exphormer,TxPert_GAT,RPE1,0,B1_HGB_ContentNull,20261001,20261001,2,78,78,0.4185075485829447,0.5607177632494088,0.05676849155522763,0.5625,0.04250689266514221,0.04426994996660775,0.05727303713551846
TxPert_Exphormer,TxPert_GAT,RPE1,0,B1_HGB_ContentNull,20261001,20261001,3,78,78,0.5817279616142975,0.5830751526954059,0.057393948150271955,0.5,0.042272163236105956,0.05024689952255463,0.05630449736093512
TxPert_Exphormer,TxPert_GAT,RPE1,0,B1_HGB_ContentNull,20261001,20261001,4,78,78,0.5645208418920554,0.6133992589688791,0.056729096515676036,0.5,0.04673981418234349,0.045677917112921046,0.05677697755096023
TxPert_Exphormer,TxPert_GAT,RPE1,0,B1_HGB_ContentNull,20261002,20261002,0,78,78,0.6397737684700883,0.6214924316190139,0.056034742444346385,0.4375,0.04036877806141344,0.045070778851148165,0.05762549358432969
TxPert_Exphormer,TxPert_GAT,RPE1,0,B1_HGB_ContentNull,20261002,20261002,1,78,78,0.37274736233689304,0.49698402862959823,0.05745311632323425,0.625,0.04461434915651536,0.04394201279665478,0.059158735631494055
TxPert_Exphormer,TxPert_GAT,RPE1,0,B1_HGB_ContentNull,20261002,20261002,2,78,78,0.4185075485829447,0.5607177632494088,0.05676849155522763,0.5625,0.04250689266514221,0.04426994996660775,0.05727303713551846
TxPert_Exphormer,TxPert_GAT,RPE1,0,B1_HGB_ContentNull,20261002,20261002,3,78,78,0.5817279616142975,0.5830751526954059,0.057393948150271955,0.5,0.042272163236105956,0.05024689952255463,0.05630449736093512
TxPert_Exphormer,TxPert_GAT,RPE1,0,B1_HGB_ContentNull,20261002,20261002,4,78,78,0.5645208418920554,0.6133992589688791,0.056729096515676036,0.5,0.04673981418234349,0.045677917112921046,0.05677697755096023
TxPert_Exphormer,TxPert_GAT,RPE1,0,B2_Pointwise,20260930,20260930,0,78,78,0.6721877176996236,0.6777146903729182,0.055804048486641805,0.375,0.040521796139636475,0.04138242983300468,0.05602815224428575
TxPert_Exphormer,TxPert_GAT,RPE1,0,B2_Pointwise,20260930,20260930,1,78,78,0.6721877176996236,0.6777146903729182,0.055804048486641805,0.375,0.040521796139636475,0.04138242983300468,0.05602815224428575
TxPert_Exphormer,TxPert_GAT,RPE1,0,B2_Pointwise,20260930,20260930,2,78,78,0.6721877176996236,0.6777146903729182,0.055804048486641805,0.375,0.040521796139636475,0.04138242983300468,0.05602815224428575
TxPert_Exphormer,TxPert_GAT,RPE1,0,B2_Pointwise,20260930,20260930,3,78,78,0.6721877176996236,0.6777146903729182,0.055804048486641805,0.375,0.040521796139636475,0.04138242983300468,0.05602815224428575
TxPert_Exphormer,TxPert_GAT,RPE1,0,B2_Pointwise,20260930,20260930,4,78,78,0.6721877176996236,0.6777146903729182,0.055804048486641805,0.375,0.040521796139636475,0.04138242983300468,0.05602815224428575
TxPert_Exphormer,TxPert_GAT,RPE1,0,B2_Pointwise,20261001,20261001,0,78,78,0.6836318203604255,0.6542191985229959,0.05576103479548847,0.375,0.041046890683473086,0.0410519092057465,0.05615537407347224
TxPert_Exphormer,TxPert_GAT,RPE1,0,B2_Pointwise,20261001,20261001,1,78,78,0.6836318203604255,0.6542191985229959,0.05576103479548847,0.375,0.041046890683473086,0.0410519092057465,0.05615537407347224
TxPert_Exphormer,TxPert_GAT,RPE1,0,B2_Pointwise,20261001,20261001,2,78,78,0.6836318203604255,0.6542191985229959,0.05576103479548847,0.375,0.041046890683473086,0.0410519092057465,0.05615537407347224
TxPert_Exphormer,TxPert_GAT,RPE1,0,B2_Pointwise,20261001,20261001,3,78,78,0.6836318203604255,0.6542191985229959,0.05576103479548847,0.375,0.041046890683473086,0.0410519092057465,0.05615537407347224
TxPert_Exphormer,TxPert_GAT,RPE1,0,B2_Pointwise,20261001,20261001,4,78,78,0.6836318203604255,0.6542191985229959,0.05576103479548847,0.375,0.041046890683473086,0.0410519092057465,0.05615537407347224
TxPert_Exphormer,TxPert_GAT,RPE1,0,B2_Pointwise,20261002,20261002,0,78,78,0.6556713687340022,0.7088734050759367,0.054853990827736364,0.375,0.041046890683473086,0.04039036306963539,0.05475452823112738
TxPert_Exphormer,TxPert_GAT,RPE1,0,B2_Pointwise,20261002,20261002,1,78,78,0.6556713687340022,0.7088734050759367,0.054853990827736364,0.375,0.041046890683473086,0.04039036306963539,0.05475452823112738
TxPert_Exphormer,TxPert_GAT,RPE1,0,B2_Pointwise,20261002,20261002,2,78,78,0.6556713687340022,0.7088734050759367,0.054853990827736364,0.375,0.041046890683473086,0.04039036306963539,0.05475452823112738
TxPert_Exphormer,TxPert_GAT,RPE1,0,B2_Pointwise,20261002,20261002,3,78,78,0.6556713687340022,0.7088734050759367,0.054853990827736364,0.375,0.041046890683473086,0.04039036306963539,0.05475452823112738
TxPert_Exphormer,TxPert_GAT,RPE1,0,B2_Pointwise,20261002,20261002,4,78,78,0.6556713687340022,0.7088734050759367,0.054853990827736364,0.375,0.041046890683473086,0.04039036306963539,0.05475452823112738
TxPert_Exphormer,TxPert_GAT,RPE1,0,B2_Pointwise_ContentNull,20260930,20260930,0,78,78,0.6392279306730867,0.6004792706102061,0.05681262879950517,0.375,0.040727411828183055,0.04735193168074468,0.05771621576403334
TxPert_Exphormer,TxPert_GAT,RPE1,0,B2_Pointwise_ContentNull,20260930,20260930,1,78,78,0.39882296349945495,0.5616788275016124,0.05781824826136839,0.625,0.047079125434129426,0.04651044716993426,0.05668606419913667
TxPert_Exphormer,TxPert_GAT,RPE1,0,B2_Pointwise_ContentNull,20260930,20260930,2,78,78,0.6071904829881183,0.6082398614044183,0.05652565453018017,0.4375,0.04173574154522155,0.04645634006459213,0.05739490177459695
TxPert_Exphormer,TxPert_GAT,RPE1,0,B2_Pointwise_ContentNull,20260930,20260930,3,78,78,0.5932184046644453,0.5727310664019524,0.05738995989061225,0.5625,0.044242272690901786,0.044027107393538926,0.05988992603734513
TxPert_Exphormer,TxPert_GAT,RPE1,0,B2_Pointwise_ContentNull,20260930,20260930,4,78,78,0.6088611406851878,0.6399043993980702,0.05485238198532855,0.5,0.04077133840238455,0.04100265298292048,0.05747902429250681
TxPert_Exphormer,TxPert_GAT,RPE1,0,B2_Pointwise_ContentNull,20261001,20261001,0,78,78,0.5743837496947579,0.594051518102151,0.05762246797256512,0.4375,0.04517387607626322,0.04945954018378802,0.057860673646876
TxPert_Exphormer,TxPert_GAT,RPE1,0,B2_Pointwise_ContentNull,20261001,20261001,1,78,78,0.562841980164735,0.5672934660276432,0.05723909987140836,0.5,0.04110598604993795,0.04259637701215312,0.05744803691258349
TxPert_Exphormer,TxPert_GAT,RPE1,0,B2_Pointwise_ContentNull,20261001,20261001,2,78,78,0.5504048302336442,0.6044967690537311,0.05705743450724654,0.5,0.0470092932751965,0.048578476635312035,0.05650465956431965
TxPert_Exphormer,TxPert_GAT,RPE1,0,B2_Pointwise_ContentNull,20261001,20261001,3,78,78,0.4469484083900019,0.5518658556633239,0.05725639615959981,0.625,0.04610385021479604,0.04461248058680768,0.05854862211094602
TxPert_Exphormer,TxPert_GAT,RPE1,0,B2_Pointwise_ContentNull,20261001,20261001,4,78,78,0.5405979054010112,0.6001213975897519,0.05568229044177695,0.5,0.03732555477016475,0.04338376844924007,0.05914392180901261
TxPert_Exphormer,TxPert_GAT,RPE1,0,B2_Pointwise_ContentNull,20261002,20261002,0,78,78,0.6558124013088251,0.5911683253455404,0.05743640164585626,0.4375,0.04365313383611728,0.048502288053269664,0.0578472955377277
TxPert_Exphormer,TxPert_GAT,RPE1,0,B2_Pointwise_ContentNull,20261002,20261002,1,78,78,0.44971999900436826,0.570378988100507,0.05642542313174329,0.625,0.04461434915651536,0.042845719892937215,0.058310115615326175
TxPert_Exphormer,TxPert_GAT,RPE1,0,B2_Pointwise_ContentNull,20261002,20261002,2,78,78,0.6072154729061009,0.6013859558163356,0.05764894329385317,0.4375,0.05192375664311251,0.045291743954707024,0.05519180492281133
TxPert_Exphormer,TxPert_GAT,RPE1,0,B2_Pointwise_ContentNull,20261002,20261002,3,78,78,0.564887857979002,0.5680269097990617,0.056902630187740576,0.5625,0.04520431755190535,0.04170468881962001,0.059155134387978626
TxPert_Exphormer,TxPert_GAT,RPE1,0,B2_Pointwise_ContentNull,20261002,20261002,4,78,78,0.8027550212074543,0.6519682848796773,0.05583096365758717,0.375,0.0492633778745623,0.04282460463725267,0.058883127734991055
TxPert_Exphormer,TxPert_GAT,RPE1,0,Support_only,20260930,20260930,0,78,78,0.4328031403550569,0.5815234229394742,0.0574960446819297,0.5625,0.04461517869712085,0.04894396460567152,0.05731394723123216
TxPert_Exphormer,TxPert_GAT,RPE1,0,Support_only,20260930,20260930,1,78,78,0.4328031403550569,0.5815234229394742,0.0574960446819297,0.5625,0.04461517869712085,0.04894396460567152,0.05731394723123216
TxPert_Exphormer,TxPert_GAT,RPE1,0,Support_only,20260930,20260930,2,78,78,0.4328031403550569,0.5815234229394742,0.0574960446819297,0.5625,0.04461517869712085,0.04894396460567152,0.05731394723123216
TxPert_Exphormer,TxPert_GAT,RPE1,0,Support_only,20260930,20260930,3,78,78,0.4328031403550569,0.5815234229394742,0.0574960446819297,0.5625,0.04461517869712085,0.04894396460567152,0.05731394723123216
TxPert_Exphormer,TxPert_GAT,RPE1,0,Support_only,20260930,20260930,4,78,78,0.4328031403550569,0.5815234229394742,0.0574960446819297,0.5625,0.04461517869712085,0.04894396460567152,0.05731394723123216
TxPert_Exphormer,TxPert_GAT,RPE1,0,Support_only,20261001,20261001,0,78,78,0.4328031403550569,0.5815234229394742,0.0574960446819297,0.5625,0.04461517869712085,0.04894396460567152,0.05731394723123216
TxPert_Exphormer,TxPert_GAT,RPE1,0,Support_only,20261001,20261001,1,78,78,0.4328031403550569,0.5815234229394742,0.0574960446819297,0.5625,0.04461517869712085,0.04894396460567152,0.05731394723123216
TxPert_Exphormer,TxPert_GAT,RPE1,0,Support_only,20261001,20261001,2,78,78,0.4328031403550569,0.5815234229394742,0.0574960446819297,0.5625,0.04461517869712085,0.04894396460567152,0.05731394723123216
TxPert_Exphormer,TxPert_GAT,RPE1,0,Support_only,20261001,20261001,3,78,78,0.4328031403550569,0.5815234229394742,0.0574960446819297,0.5625,0.04461517869712085,0.04894396460567152,0.05731394723123216
TxPert_Exphormer,TxPert_GAT,RPE1,0,Support_only,20261001,20261001,4,78,78,0.4328031403550569,0.5815234229394742,0.0574960446819297,0.5625,0.04461517869712085,0.04894396460567152,0.05731394723123216
TxPert_Exphormer,TxPert_GAT,RPE1,0,Support_only,20261002,20261002,0,78,78,0.4328031403550569,0.5815234229394742,0.0574960446819297,0.5625,0.04461517869712085,0.04894396460567152,0.05731394723123216
TxPert_Exphormer,TxPert_GAT,RPE1,0,Support_only,20261002,20261002,1,78,78,0.4328031403550569,0.5815234229394742,0.0574960446819297,0.5625,0.04461517869712085,0.04894396460567152,0.05731394723123216
TxPert_Exphormer,TxPert_GAT,RPE1,0,Support_only,20261002,20261002,2,78,78,0.4328031403550569,0.5815234229394742,0.0574960446819297,0.5625,0.04461517869712085,0.04894396460567152,0.05731394723123216
TxPert_Exphormer,TxPert_GAT,RPE1,0,Support_only,20261002,20261002,3,78,78,0.4328031403550569,0.5815234229394742,0.0574960446819297,0.5625,0.04461517869712085,0.04894396460567152,0.05731394723123216
TxPert_Exphormer,TxPert_GAT,RPE1,0,Support_only,20261002,20261002,4,78,78,0.4328031403550569,0.5815234229394742,0.0574960446819297,0.5625,0.04461517869712085,0.04894396460567152,0.05731394723123216
TxPert_Exphormer,TxPert_GAT,RPE1,1,B1_HGB,20260930,20260930,0,85,85,0.6056529897048288,0.5041821379714677,0.06823220463982252,0.47058823529411764,0.06097635663752205,0.05954962555634331,0.06898494193517409
TxPert_Exphormer,TxPert_GAT,RPE1,1,B1_HGB,20260930,20260930,1,85,85,0.6056529897048288,0.5041821379714677,0.06823220463982252,0.47058823529411764,0.06097635663752205,0.05954962555634331,0.06898494193517409
TxPert_Exphormer,TxPert_GAT,RPE1,1,B1_HGB,20260930,20260930,2,85,85,0.6056529897048288,0.5041821379714677,0.06823220463982252,0.47058823529411764,0.06097635663752205,0.05954962555634331,0.06898494193517409
TxPert_Exphormer,TxPert_GAT,RPE1,1,B1_HGB,20260930,20260930,3,85,85,0.6056529897048288,0.5041821379714677,0.06823220463982252,0.47058823529411764,0.06097635663752205,0.05954962555634331,0.06898494193517409
TxPert_Exphormer,TxPert_GAT,RPE1,1,B1_HGB,20260930,20260930,4,85,85,0.6056529897048288,0.5041821379714677,0.06823220463982252,0.47058823529411764,0.06097635663752205,0.05954962555634331,0.06898494193517409
TxPert_Exphormer,TxPert_GAT,RPE1,1,B1_HGB,20261001,20261001,0,85,85,0.6056529897048288,0.5041821379714677,0.06823220463982252,0.47058823529411764,0.06097635663752205,0.05954962555634331,0.06898494193517409
TxPert_Exphormer,TxPert_GAT,RPE1,1,B1_HGB,20261001,20261001,1,85,85,0.6056529897048288,0.5041821379714677,0.06823220463982252,0.47058823529411764,0.06097635663752205,0.05954962555634331,0.06898494193517409
TxPert_Exphormer,TxPert_GAT,RPE1,1,B1_HGB,20261001,20261001,2,85,85,0.6056529897048288,0.5041821379714677,0.06823220463982252,0.47058823529411764,0.06097635663752205,0.05954962555634331,0.06898494193517409
TxPert_Exphormer,TxPert_GAT,RPE1,1,B1_HGB,20261001,20261001,3,85,85,0.6056529897048288,0.5041821379714677,0.06823220463982252,0.47058823529411764,0.06097635663752205,0.05954962555634331,0.06898494193517409
TxPert_Exphormer,TxPert_GAT,RPE1,1,B1_HGB,20261001,20261001,4,85,85,0.6056529897048288,0.5041821379714677,0.06823220463982252,0.47058823529411764,0.06097635663752205,0.05954962555634331,0.06898494193517409
TxPert_Exphormer,TxPert_GAT,RPE1,1,B1_HGB,20261002,20261002,0,85,85,0.6056529897048288,0.5041821379714677,0.06823220463982252,0.47058823529411764,0.06097635663752205,0.05954962555634331,0.06898494193517409
TxPert_Exphormer,TxPert_GAT,RPE1,1,B1_HGB,20261002,20261002,1,85,85,0.6056529897048288,0.5041821379714677,0.06823220463982252,0.47058823529411764,0.06097635663752205,0.05954962555634331,0.06898494193517409
TxPert_Exphormer,TxPert_GAT,RPE1,1,B1_HGB,20261002,20261002,2,85,85,0.6056529897048288,0.5041821379714677,0.06823220463982252,0.47058823529411764,0.06097635663752205,0.05954962555634331,0.06898494193517409
TxPert_Exphormer,TxPert_GAT,RPE1,1,B1_HGB,20261002,20261002,3,85,85,0.6056529897048288,0.5041821379714677,0.06823220463982252,0.47058823529411764,0.06097635663752205,0.05954962555634331,0.06898494193517409
TxPert_Exphormer,TxPert_GAT,RPE1,1,B1_HGB,20261002,20261002,4,85,85,0.6056529897048288,0.5041821379714677,0.06823220463982252,0.47058823529411764,0.06097635663752205,0.05954962555634331,0.06898494193517409
TxPert_Exphormer,TxPert_GAT,RPE1,1,B1_HGB_ContentNull,20260930,20260930,0,85,85,0.5058088239622821,0.4168262653898768,0.07047045310351333,0.6470588235294117,0.05791651969185421,0.06339901459212188,0.07135873846394314
TxPert_Exphormer,TxPert_GAT,RPE1,1,B1_HGB_ContentNull,20260930,20260930,1,85,85,0.5004851322854387,0.44381473519640413,0.06951321414113298,0.5294117647058824,0.05739497781859277,0.06402470075517837,0.06998652137359153
TxPert_Exphormer,TxPert_GAT,RPE1,1,B1_HGB_ContentNull,20260930,20260930,2,85,85,0.4901939123537595,0.5218291967949971,0.06682168161403162,0.5882352941176471,0.049206082193003264,0.05947959460758865,0.06958307811290804
TxPert_Exphormer,TxPert_GAT,RPE1,1,B1_HGB_ContentNull,20260930,20260930,3,85,85,0.555763194361715,0.40058628102403754,0.06831170834044921,0.5882352941176471,0.053514636850277665,0.0626684315650889,0.07354107768791986
TxPert_Exphormer,TxPert_GAT,RPE1,1,B1_HGB_ContentNull,20260930,20260930,4,85,85,0.4828314901800177,0.44211452022669534,0.06967607470414508,0.5882352941176471,0.05351463685027766,0.06245577874468305,0.07001930176958542
TxPert_Exphormer,TxPert_GAT,RPE1,1,B1_HGB_ContentNull,20261001,20261001,0,85,85,0.5058088239622821,0.4168262653898768,0.07047045310351333,0.6470588235294117,0.05791651969185421,0.06339901459212188,0.07135873846394314
TxPert_Exphormer,TxPert_GAT,RPE1,1,B1_HGB_ContentNull,20261001,20261001,1,85,85,0.5004851322854387,0.44381473519640413,0.06951321414113298,0.5294117647058824,0.05739497781859277,0.06402470075517837,0.06998652137359153
TxPert_Exphormer,TxPert_GAT,RPE1,1,B1_HGB_ContentNull,20261001,20261001,2,85,85,0.4901939123537595,0.5218291967949971,0.06682168161403162,0.5882352941176471,0.049206082193003264,0.05947959460758865,0.06958307811290804
TxPert_Exphormer,TxPert_GAT,RPE1,1,B1_HGB_ContentNull,20261001,20261001,3,85,85,0.555763194361715,0.40058628102403754,0.06831170834044921,0.5882352941176471,0.053514636850277665,0.0626684315650889,0.07354107768791986
TxPert_Exphormer,TxPert_GAT,RPE1,1,B1_HGB_ContentNull,20261001,20261001,4,85,85,0.4828314901800177,0.44211452022669534,0.06967607470414508,0.5882352941176471,0.05351463685027766,0.06245577874468305,0.07001930176958542
TxPert_Exphormer,TxPert_GAT,RPE1,1,B1_HGB_ContentNull,20261002,20261002,0,85,85,0.5058088239622821,0.4168262653898768,0.07047045310351333,0.6470588235294117,0.05791651969185421,0.06339901459212188,0.07135873846394314
TxPert_Exphormer,TxPert_GAT,RPE1,1,B1_HGB_ContentNull,20261002,20261002,1,85,85,0.5004851322854387,0.44381473519640413,0.06951321414113298,0.5294117647058824,0.05739497781859277,0.06402470075517837,0.06998652137359153
TxPert_Exphormer,TxPert_GAT,RPE1,1,B1_HGB_ContentNull,20261002,20261002,2,85,85,0.4901939123537595,0.5218291967949971,0.06682168161403162,0.5882352941176471,0.049206082193003264,0.05947959460758865,0.06958307811290804
TxPert_Exphormer,TxPert_GAT,RPE1,1,B1_HGB_ContentNull,20261002,20261002,3,85,85,0.555763194361715,0.40058628102403754,0.06831170834044921,0.5882352941176471,0.053514636850277665,0.0626684315650889,0.07354107768791986
TxPert_Exphormer,TxPert_GAT,RPE1,1,B1_HGB_ContentNull,20261002,20261002,4,85,85,0.4828314901800177,0.44211452022669534,0.06967607470414508,0.5882352941176471,0.05351463685027766,0.06245577874468305,0.07001930176958542
TxPert_Exphormer,TxPert_GAT,RPE1,1,B2_Pointwise,20260930,20260930,0,85,85,0.687408503455817,0.5218682821965995,0.06878091047937783,0.47058823529411764,0.06508680181446307,0.0630737792175592,0.06849680956803428
TxPert_Exphormer,TxPert_GAT,RPE1,1,B2_Pointwise,20260930,20260930,1,85,85,0.687408503455817,0.5218682821965995,0.06878091047937783,0.47058823529411764,0.06508680181446307,0.0630737792175592,0.06849680956803428
TxPert_Exphormer,TxPert_GAT,RPE1,1,B2_Pointwise,20260930,20260930,2,85,85,0.687408503455817,0.5218682821965995,0.06878091047937783,0.47058823529411764,0.06508680181446307,0.0630737792175592,0.06849680956803428
TxPert_Exphormer,TxPert_GAT,RPE1,1,B2_Pointwise,20260930,20260930,3,85,85,0.687408503455817,0.5218682821965995,0.06878091047937783,0.47058823529411764,0.06508680181446307,0.0630737792175592,0.06849680956803428
TxPert_Exphormer,TxPert_GAT,RPE1,1,B2_Pointwise,20260930,20260930,4,85,85,0.687408503455817,0.5218682821965995,0.06878091047937783,0.47058823529411764,0.06508680181446307,0.0630737792175592,0.06849680956803428
TxPert_Exphormer,TxPert_GAT,RPE1,1,B2_Pointwise,20261001,20261001,0,85,85,0.7002638173445522,0.5560484658979872,0.06806488297553287,0.4117647058823529,0.05767863154883238,0.0596718922690728,0.06813782735539811
TxPert_Exphormer,TxPert_GAT,RPE1,1,B2_Pointwise,20261001,20261001,1,85,85,0.7002638173445522,0.5560484658979872,0.06806488297553287,0.4117647058823529,0.05767863154883238,0.0596718922690728,0.06813782735539811
TxPert_Exphormer,TxPert_GAT,RPE1,1,B2_Pointwise,20261001,20261001,2,85,85,0.7002638173445522,0.5560484658979872,0.06806488297553287,0.4117647058823529,0.05767863154883238,0.0596718922690728,0.06813782735539811
TxPert_Exphormer,TxPert_GAT,RPE1,1,B2_Pointwise,20261001,20261001,3,85,85,0.7002638173445522,0.5560484658979872,0.06806488297553287,0.4117647058823529,0.05767863154883238,0.0596718922690728,0.06813782735539811
TxPert_Exphormer,TxPert_GAT,RPE1,1,B2_Pointwise,20261001,20261001,4,85,85,0.7002638173445522,0.5560484658979872,0.06806488297553287,0.4117647058823529,0.05767863154883238,0.0596718922690728,0.06813782735539811
TxPert_Exphormer,TxPert_GAT,RPE1,1,B2_Pointwise,20261002,20261002,0,85,85,0.6447945872336202,0.5092046120773891,0.06938532362802688,0.47058823529411764,0.06337805032541378,0.06287006385693457,0.06890985348269317
TxPert_Exphormer,TxPert_GAT,RPE1,1,B2_Pointwise,20261002,20261002,1,85,85,0.6447945872336202,0.5092046120773891,0.06938532362802688,0.47058823529411764,0.06337805032541378,0.06287006385693457,0.06890985348269317
TxPert_Exphormer,TxPert_GAT,RPE1,1,B2_Pointwise,20261002,20261002,2,85,85,0.6447945872336202,0.5092046120773891,0.06938532362802688,0.47058823529411764,0.06337805032541378,0.06287006385693457,0.06890985348269317
TxPert_Exphormer,TxPert_GAT,RPE1,1,B2_Pointwise,20261002,20261002,3,85,85,0.6447945872336202,0.5092046120773891,0.06938532362802688,0.47058823529411764,0.06337805032541378,0.06287006385693457,0.06890985348269317
TxPert_Exphormer,TxPert_GAT,RPE1,1,B2_Pointwise,20261002,20261002,4,85,85,0.6447945872336202,0.5092046120773891,0.06938532362802688,0.47058823529411764,0.06337805032541378,0.06287006385693457,0.06890985348269317
TxPert_Exphormer,TxPert_GAT,RPE1,1,B2_Pointwise_ContentNull,20260930,20260930,0,85,85,0.47242394288250045,0.4721907367598202,0.06871630287031331,0.6470588235294117,0.05544988453618374,0.06487648745199201,0.07102439882587151
TxPert_Exphormer,TxPert_GAT,RPE1,1,B2_Pointwise_ContentNull,20260930,20260930,1,85,85,0.648496950546999,0.3991205784639438,0.07092141876557566,0.47058823529411764,0.05787955487505363,0.06189615288590611,0.07268053054269476
TxPert_Exphormer,TxPert_GAT,RPE1,1,B2_Pointwise_ContentNull,20260930,20260930,2,85,85,0.44837971564738976,0.5138166894664843,0.06685193973084959,0.5882352941176471,0.05517004491072394,0.0628242889208715,0.06801143414765821
TxPert_Exphormer,TxPert_GAT,RPE1,1,B2_Pointwise_ContentNull,20260930,20260930,3,85,85,0.5334020524609286,0.38489349228063313,0.06891282230424381,0.5882352941176471,0.05367875602756035,0.05920763223421328,0.07380651079074663
TxPert_Exphormer,TxPert_GAT,RPE1,1,B2_Pointwise_ContentNull,20260930,20260930,4,85,85,0.5366308583219265,0.4426617158491303,0.06891870702025138,0.5882352941176471,0.04721305462610819,0.061529862157541804,0.07073448092705228
TxPert_Exphormer,TxPert_GAT,RPE1,1,B2_Pointwise_ContentNull,20261001,20261001,0,85,85,0.49481351966269316,0.4905804182137971,0.06830854774838939,0.5882352941176471,0.05593600408709238,0.06326240456357744,0.06980898330369258
TxPert_Exphormer,TxPert_GAT,RPE1,1,B2_Pointwise_ContentNull,20261001,20261001,1,85,85,0.6025208292254826,0.44211452022669534,0.07045429329489887,0.5294117647058824,0.06128097824336461,0.06417085058141862,0.07290948289799429
TxPert_Exphormer,TxPert_GAT,RPE1,1,B2_Pointwise_ContentNull,20261001,20261001,2,85,85,0.4350502670958192,0.4732069572014853,0.06757571664612601,0.5882352941176471,0.05697766867329184,0.061154793689581925,0.0709728958247741
TxPert_Exphormer,TxPert_GAT,RPE1,1,B2_Pointwise_ContentNull,20261001,20261001,3,85,85,0.520435052789171,0.3731678717998827,0.07056268581939461,0.5882352941176471,0.06607680815439355,0.06525813304784392,0.07300755796756107
TxPert_Exphormer,TxPert_GAT,RPE1,1,B2_Pointwise_ContentNull,20261001,20261001,4,85,85,0.5839159851599877,0.5090873558725816,0.06727017700967661,0.5294117647058824,0.054825090224119445,0.06184101309993214,0.06964272227237564
TxPert_Exphormer,TxPert_GAT,RPE1,1,B2_Pointwise_ContentNull,20261002,20261002,0,85,85,0.5664222030311628,0.4730701582958765,0.06869473808117413,0.5882352941176471,0.0485866616461083,0.06408309082025511,0.07017353428934399
TxPert_Exphormer,TxPert_GAT,RPE1,1,B2_Pointwise_ContentNull,20261002,20261002,1,85,85,0.5291573777106454,0.4383427789720539,0.069907293322282,0.5882352941176471,0.05544988453618374,0.06342588835627846,0.07191798092928603
TxPert_Exphormer,TxPert_GAT,RPE1,1,B2_Pointwise_ContentNull,20261002,20261002,2,85,85,0.5032628799584196,0.4829196794997069,0.06703488538450018,0.5294117647058824,0.0560667381657562,0.06057525408589241,0.06872887341226086
TxPert_Exphormer,TxPert_GAT,RPE1,1,B2_Pointwise_ContentNull,20261002,20261002,3,85,85,0.32778098262367145,0.3725229626734415,0.06916693115797744,0.5882352941176471,0.04802085245634754,0.06678043478334993,0.071453981091537
TxPert_Exphormer,TxPert_GAT,RPE1,1,B2_Pointwise_ContentNull,20261002,20261002,4,85,85,0.5814362139244036,0.4213797146765683,0.06904871439619878,0.5294117647058824,0.05250545937226604,0.06093040864863782,0.07309891700064276
TxPert_Exphormer,TxPert_GAT,RPE1,1,Support_only,20260930,20260930,0,85,85,0.5334020524609286,0.4504006253664256,0.06953608893749202,0.5882352941176471,0.0603778597403531,0.06557744532718573,0.07080243136170669
TxPert_Exphormer,TxPert_GAT,RPE1,1,Support_only,20260930,20260930,1,85,85,0.5334020524609286,0.4504006253664256,0.06953608893749202,0.5882352941176471,0.0603778597403531,0.06557744532718573,0.07080243136170669
TxPert_Exphormer,TxPert_GAT,RPE1,1,Support_only,20260930,20260930,2,85,85,0.5334020524609286,0.4504006253664256,0.06953608893749202,0.5882352941176471,0.0603778597403531,0.06557744532718573,0.07080243136170669
TxPert_Exphormer,TxPert_GAT,RPE1,1,Support_only,20260930,20260930,3,85,85,0.5334020524609286,0.4504006253664256,0.06953608893749202,0.5882352941176471,0.0603778597403531,0.06557744532718573,0.07080243136170669
TxPert_Exphormer,TxPert_GAT,RPE1,1,Support_only,20260930,20260930,4,85,85,0.5334020524609286,0.4504006253664256,0.06953608893749202,0.5882352941176471,0.0603778597403531,0.06557744532718573,0.07080243136170669
TxPert_Exphormer,TxPert_GAT,RPE1,1,Support_only,20261001,20261001,0,85,85,0.5334020524609286,0.4504006253664256,0.06953608893749202,0.5882352941176471,0.0603778597403531,0.06557744532718573,0.07080243136170669
TxPert_Exphormer,TxPert_GAT,RPE1,1,Support_only,20261001,20261001,1,85,85,0.5334020524609286,0.4504006253664256,0.06953608893749202,0.5882352941176471,0.0603778597403531,0.06557744532718573,0.07080243136170669
TxPert_Exphormer,TxPert_GAT,RPE1,1,Support_only,20261001,20261001,2,85,85,0.5334020524609286,0.4504006253664256,0.06953608893749202,0.5882352941176471,0.0603778597403531,0.06557744532718573,0.07080243136170669
TxPert_Exphormer,TxPert_GAT,RPE1,1,Support_only,20261001,20261001,3,85,85,0.5334020524609286,0.4504006253664256,0.06953608893749202,0.5882352941176471,0.0603778597403531,0.06557744532718573,0.07080243136170669
TxPert_Exphormer,TxPert_GAT,RPE1,1,Support_only,20261001,20261001,4,85,85,0.5334020524609286,0.4504006253664256,0.06953608893749202,0.5882352941176471,0.0603778597403531,0.06557744532718573,0.07080243136170669
TxPert_Exphormer,TxPert_GAT,RPE1,1,Support_only,20261002,20261002,0,85,85,0.5334020524609286,0.4504006253664256,0.06953608893749202,0.5882352941176471,0.0603778597403531,0.06557744532718573,0.07080243136170669
TxPert_Exphormer,TxPert_GAT,RPE1,1,Support_only,20261002,20261002,1,85,85,0.5334020524609286,0.4504006253664256,0.06953608893749202,0.5882352941176471,0.0603778597403531,0.06557744532718573,0.07080243136170669
TxPert_Exphormer,TxPert_GAT,RPE1,1,Support_only,20261002,20261002,2,85,85,0.5334020524609286,0.4504006253664256,0.06953608893749202,0.5882352941176471,0.0603778597403531,0.06557744532718573,0.07080243136170669
TxPert_Exphormer,TxPert_GAT,RPE1,1,Support_only,20261002,20261002,3,85,85,0.5334020524609286,0.4504006253664256,0.06953608893749202,0.5882352941176471,0.0603778597403531,0.06557744532718573,0.07080243136170669
TxPert_Exphormer,TxPert_GAT,RPE1,1,Support_only,20261002,20261002,4,85,85,0.5334020524609286,0.4504006253664256,0.06953608893749202,0.5882352941176471,0.0603778597403531,0.06557744532718573,0.07080243136170669
TxPert_Exphormer,TxPert_GAT,RPE1,2,B1_HGB,20260930,20260930,0,84,84,0.46992795250755154,0.5520907158043941,0.06765378257251951,0.6470588235294117,0.05563931046983331,0.06169576022181339,0.06833154018360163
TxPert_Exphormer,TxPert_GAT,RPE1,2,B1_HGB,20260930,20260930,1,84,84,0.46992795250755154,0.5520907158043941,0.06765378257251951,0.6470588235294117,0.05563931046983331,0.06169576022181339,0.06833154018360163
TxPert_Exphormer,TxPert_GAT,RPE1,2,B1_HGB,20260930,20260930,2,84,84,0.46992795250755154,0.5520907158043941,0.06765378257251951,0.6470588235294117,0.05563931046983331,0.06169576022181339,0.06833154018360163
TxPert_Exphormer,TxPert_GAT,RPE1,2,B1_HGB,20260930,20260930,3,84,84,0.46992795250755154,0.5520907158043941,0.06765378257251951,0.6470588235294117,0.05563931046983331,0.06169576022181339,0.06833154018360163
TxPert_Exphormer,TxPert_GAT,RPE1,2,B1_HGB,20260930,20260930,4,84,84,0.46992795250755154,0.5520907158043941,0.06765378257251951,0.6470588235294117,0.05563931046983331,0.06169576022181339,0.06833154018360163
TxPert_Exphormer,TxPert_GAT,RPE1,2,B1_HGB,20261001,20261001,0,84,84,0.46992795250755154,0.5520907158043941,0.06765378257251951,0.6470588235294117,0.05563931046983331,0.06169576022181339,0.06833154018360163
TxPert_Exphormer,TxPert_GAT,RPE1,2,B1_HGB,20261001,20261001,1,84,84,0.46992795250755154,0.5520907158043941,0.06765378257251951,0.6470588235294117,0.05563931046983331,0.06169576022181339,0.06833154018360163
TxPert_Exphormer,TxPert_GAT,RPE1,2,B1_HGB,20261001,20261001,2,84,84,0.46992795250755154,0.5520907158043941,0.06765378257251951,0.6470588235294117,0.05563931046983331,0.06169576022181339,0.06833154018360163
TxPert_Exphormer,TxPert_GAT,RPE1,2,B1_HGB,20261001,20261001,3,84,84,0.46992795250755154,0.5520907158043941,0.06765378257251951,0.6470588235294117,0.05563931046983331,0.06169576022181339,0.06833154018360163
TxPert_Exphormer,TxPert_GAT,RPE1,2,B1_HGB,20261001,20261001,4,84,84,0.46992795250755154,0.5520907158043941,0.06765378257251951,0.6470588235294117,0.05563931046983331,0.06169576022181339,0.06833154018360163
TxPert_Exphormer,TxPert_GAT,RPE1,2,B1_HGB,20261002,20261002,0,84,84,0.46992795250755154,0.5520907158043941,0.06765378257251951,0.6470588235294117,0.05563931046983331,0.06169576022181339,0.06833154018360163
TxPert_Exphormer,TxPert_GAT,RPE1,2,B1_HGB,20261002,20261002,1,84,84,0.46992795250755154,0.5520907158043941,0.06765378257251951,0.6470588235294117,0.05563931046983331,0.06169576022181339,0.06833154018360163
TxPert_Exphormer,TxPert_GAT,RPE1,2,B1_HGB,20261002,20261002,2,84,84,0.46992795250755154,0.5520907158043941,0.06765378257251951,0.6470588235294117,0.05563931046983331,0.06169576022181339,0.06833154018360163
TxPert_Exphormer,TxPert_GAT,RPE1,2,B1_HGB,20261002,20261002,3,84,84,0.46992795250755154,0.5520907158043941,0.06765378257251951,0.6470588235294117,0.05563931046983331,0.06169576022181339,0.06833154018360163
TxPert_Exphormer,TxPert_GAT,RPE1,2,B1_HGB,20261002,20261002,4,84,84,0.46992795250755154,0.5520907158043941,0.06765378257251951,0.6470588235294117,0.05563931046983331,0.06169576022181339,0.06833154018360163
TxPert_Exphormer,TxPert_GAT,RPE1,2,B1_HGB_ContentNull,20260930,20260930,0,84,84,0.5758880391944265,0.5424724106510074,0.06782798787333653,0.5882352941176471,0.05371390601803324,0.059684669583313844,0.06710301015550114
TxPert_Exphormer,TxPert_GAT,RPE1,2,B1_HGB_ContentNull,20260930,20260930,1,84,84,0.6369523736199394,0.5296142553406905,0.06770668285759851,0.5882352941176471,0.05284924375514155,0.06285297802525695,0.0707221342325249
TxPert_Exphormer,TxPert_GAT,RPE1,2,B1_HGB_ContentNull,20260930,20260930,2,84,84,0.6593270285538817,0.5541763693429179,0.06781432909507805,0.5882352941176471,0.0545778938625864,0.06304193581324528,0.06936729025206853
TxPert_Exphormer,TxPert_GAT,RPE1,2,B1_HGB_ContentNull,20260930,20260930,3,84,84,0.6612681242869672,0.6318315277918397,0.06597845954855155,0.5294117647058824,0.0582624085530814,0.05824354322008125,0.06594996888832257
TxPert_Exphormer,TxPert_GAT,RPE1,2,B1_HGB_ContentNull,20260930,20260930,4,84,84,0.5838135491498292,0.5064493267186393,0.06889968787171144,0.6470588235294117,0.05702382594065931,0.06941449284792241,0.07060006401955213
TxPert_Exphormer,TxPert_GAT,RPE1,2,B1_HGB_ContentNull,20261001,20261001,0,84,84,0.5758880391944265,0.5424724106510074,0.06782798787333653,0.5882352941176471,0.05371390601803324,0.059684669583313844,0.06710301015550114
TxPert_Exphormer,TxPert_GAT,RPE1,2,B1_HGB_ContentNull,20261001,20261001,1,84,84,0.6369523736199394,0.5296142553406905,0.06770668285759851,0.5882352941176471,0.05284924375514155,0.06285297802525695,0.0707221342325249
TxPert_Exphormer,TxPert_GAT,RPE1,2,B1_HGB_ContentNull,20261001,20261001,2,84,84,0.6593270285538817,0.5541763693429179,0.06781432909507805,0.5882352941176471,0.0545778938625864,0.06304193581324528,0.06936729025206853
TxPert_Exphormer,TxPert_GAT,RPE1,2,B1_HGB_ContentNull,20261001,20261001,3,84,84,0.6612681242869672,0.6318315277918397,0.06597845954855155,0.5294117647058824,0.0582624085530814,0.05824354322008125,0.06594996888832257
TxPert_Exphormer,TxPert_GAT,RPE1,2,B1_HGB_ContentNull,20261001,20261001,4,84,84,0.5838135491498292,0.5064493267186393,0.06889968787171144,0.6470588235294117,0.05702382594065931,0.06941449284792241,0.07060006401955213
TxPert_Exphormer,TxPert_GAT,RPE1,2,B1_HGB_ContentNull,20261002,20261002,0,84,84,0.5758880391944265,0.5424724106510074,0.06782798787333653,0.5882352941176471,0.05371390601803324,0.059684669583313844,0.06710301015550114
TxPert_Exphormer,TxPert_GAT,RPE1,2,B1_HGB_ContentNull,20261002,20261002,1,84,84,0.6369523736199394,0.5296142553406905,0.06770668285759851,0.5882352941176471,0.05284924375514155,0.06285297802525695,0.0707221342325249
TxPert_Exphormer,TxPert_GAT,RPE1,2,B1_HGB_ContentNull,20261002,20261002,2,84,84,0.6593270285538817,0.5541763693429179,0.06781432909507805,0.5882352941176471,0.0545778938625864,0.06304193581324528,0.06936729025206853
TxPert_Exphormer,TxPert_GAT,RPE1,2,B1_HGB_ContentNull,20261002,20261002,3,84,84,0.6612681242869672,0.6318315277918397,0.06597845954855155,0.5294117647058824,0.0582624085530814,0.05824354322008125,0.06594996888832257
TxPert_Exphormer,TxPert_GAT,RPE1,2,B1_HGB_ContentNull,20261002,20261002,4,84,84,0.5838135491498292,0.5064493267186393,0.06889968787171144,0.6470588235294117,0.05702382594065931,0.06941449284792241,0.07060006401955213
TxPert_Exphormer,TxPert_GAT,RPE1,2,B2_Pointwise,20260930,20260930,0,84,84,0.5696073804700956,0.5682292193986028,0.06796772681862248,0.5294117647058824,0.05975564316185733,0.06341488088011621,0.06851864615726086
TxPert_Exphormer,TxPert_GAT,RPE1,2,B2_Pointwise,20260930,20260930,1,84,84,0.5696073804700956,0.5682292193986028,0.06796772681862248,0.5294117647058824,0.05975564316185733,0.06341488088011621,0.06851864615726086
TxPert_Exphormer,TxPert_GAT,RPE1,2,B2_Pointwise,20260930,20260930,2,84,84,0.5696073804700956,0.5682292193986028,0.06796772681862248,0.5294117647058824,0.05975564316185733,0.06341488088011621,0.06851864615726086
TxPert_Exphormer,TxPert_GAT,RPE1,2,B2_Pointwise,20260930,20260930,3,84,84,0.5696073804700956,0.5682292193986028,0.06796772681862248,0.5294117647058824,0.05975564316185733,0.06341488088011621,0.06851864615726086
TxPert_Exphormer,TxPert_GAT,RPE1,2,B2_Pointwise,20260930,20260930,4,84,84,0.5696073804700956,0.5682292193986028,0.06796772681862248,0.5294117647058824,0.05975564316185733,0.06341488088011621,0.06851864615726086
TxPert_Exphormer,TxPert_GAT,RPE1,2,B2_Pointwise,20261001,20261001,0,84,84,0.642714133222913,0.5939657790827174,0.0682268202057309,0.5882352941176471,0.05885381296658113,0.060194910494137555,0.06702496081551541
TxPert_Exphormer,TxPert_GAT,RPE1,2,B2_Pointwise,20261001,20261001,1,84,84,0.642714133222913,0.5939657790827174,0.0682268202057309,0.5882352941176471,0.05885381296658113,0.060194910494137555,0.06702496081551541
TxPert_Exphormer,TxPert_GAT,RPE1,2,B2_Pointwise,20261001,20261001,2,84,84,0.642714133222913,0.5939657790827174,0.0682268202057309,0.5882352941176471,0.05885381296658113,0.060194910494137555,0.06702496081551541
TxPert_Exphormer,TxPert_GAT,RPE1,2,B2_Pointwise,20261001,20261001,3,84,84,0.642714133222913,0.5939657790827174,0.0682268202057309,0.5882352941176471,0.05885381296658113,0.060194910494137555,0.06702496081551541
TxPert_Exphormer,TxPert_GAT,RPE1,2,B2_Pointwise,20261001,20261001,4,84,84,0.642714133222913,0.5939657790827174,0.0682268202057309,0.5882352941176471,0.05885381296658113,0.060194910494137555,0.06702496081551541
TxPert_Exphormer,TxPert_GAT,RPE1,2,B2_Pointwise,20261002,20261002,0,84,84,0.5685541878579777,0.5719752961425535,0.06816170013703571,0.5882352941176471,0.05883659122532278,0.060194910494137555,0.06577986117024352
TxPert_Exphormer,TxPert_GAT,RPE1,2,B2_Pointwise,20261002,20261002,1,84,84,0.5685541878579777,0.5719752961425535,0.06816170013703571,0.5882352941176471,0.05883659122532278,0.060194910494137555,0.06577986117024352
TxPert_Exphormer,TxPert_GAT,RPE1,2,B2_Pointwise,20261002,20261002,2,84,84,0.5685541878579777,0.5719752961425535,0.06816170013703571,0.5882352941176471,0.05883659122532278,0.060194910494137555,0.06577986117024352
TxPert_Exphormer,TxPert_GAT,RPE1,2,B2_Pointwise,20261002,20261002,3,84,84,0.5685541878579777,0.5719752961425535,0.06816170013703571,0.5882352941176471,0.05883659122532278,0.060194910494137555,0.06577986117024352
TxPert_Exphormer,TxPert_GAT,RPE1,2,B2_Pointwise,20261002,20261002,4,84,84,0.5685541878579777,0.5719752961425535,0.06816170013703571,0.5882352941176471,0.05883659122532278,0.060194910494137555,0.06577986117024352
TxPert_Exphormer,TxPert_GAT,RPE1,2,B2_Pointwise_ContentNull,20260930,20260930,0,84,84,0.6045128914755208,0.5439910904120685,0.06729730258901119,0.6470588235294117,0.053389280898825095,0.06542326074148365,0.06977871601991889
TxPert_Exphormer,TxPert_GAT,RPE1,2,B2_Pointwise_ContentNull,20260930,20260930,1,84,84,0.587920720744239,0.5411562215247545,0.06738153407830046,0.6470588235294117,0.05687217737669086,0.059098769892532294,0.06920729888107177
TxPert_Exphormer,TxPert_GAT,RPE1,2,B2_Pointwise_ContentNull,20260930,20260930,2,84,84,0.49861776532289837,0.47451655360939565,0.06918096893302536,0.6470588235294117,0.06117464492397821,0.05998606356806915,0.07206895608411659
TxPert_Exphormer,TxPert_GAT,RPE1,2,B2_Pointwise_ContentNull,20260930,20260930,3,84,84,0.6206382972958082,0.5827680469778272,0.06698837089055079,0.5882352941176471,0.060107609801049,0.0608025526491339,0.06572948101291029
TxPert_Exphormer,TxPert_GAT,RPE1,2,B2_Pointwise_ContentNull,20260930,20260930,4,84,84,0.6190981287216281,0.5463804799028046,0.06833487505698345,0.5882352941176471,0.05774980027459918,0.059637741555320735,0.06726802385984175
TxPert_Exphormer,TxPert_GAT,RPE1,2,B2_Pointwise_ContentNull,20261001,20261001,0,84,84,0.6565782937999579,0.5062873342107927,0.06843869835150707,0.5294117647058824,0.05252529305427194,0.06566728305106351,0.06839906190593321
TxPert_Exphormer,TxPert_GAT,RPE1,2,B2_Pointwise_ContentNull,20261001,20261001,1,84,84,0.587920720744239,0.5419661840639871,0.068447305769422,0.6470588235294117,0.058988382887021275,0.06201804333612985,0.06814599906795454
TxPert_Exphormer,TxPert_GAT,RPE1,2,B2_Pointwise_ContentNull,20261001,20261001,2,84,84,0.5772987839182648,0.5238432722486585,0.0687582741558412,0.5882352941176471,0.05095188719915991,0.05998606356806914,0.07017367465874497
TxPert_Exphormer,TxPert_GAT,RPE1,2,B2_Pointwise_ContentNull,20261001,20261001,3,84,84,0.6565782937999584,0.6459451250379671,0.06652181723320871,0.5294117647058824,0.05781332628694454,0.058440749936652825,0.0657242224567294
TxPert_Exphormer,TxPert_GAT,RPE1,2,B2_Pointwise_ContentNull,20261001,20261001,4,84,84,0.5772600306264767,0.5440923357294726,0.06834381762483711,0.5882352941176471,0.05085145638964851,0.062263022554328196,0.06851783322216255
TxPert_Exphormer,TxPert_GAT,RPE1,2,B2_Pointwise_ContentNull,20261002,20261002,0,84,84,0.6778331689731385,0.5302622253720766,0.0669573145654763,0.5294117647058824,0.049806628029786464,0.06587974500097522,0.06859705077172935
TxPert_Exphormer,TxPert_GAT,RPE1,2,B2_Pointwise_ContentNull,20261002,20261002,1,84,84,0.6249804970091507,0.5633086969727651,0.06751352185554302,0.5882352941176471,0.055885360871860926,0.06003335819826341,0.066741587264796
TxPert_Exphormer,TxPert_GAT,RPE1,2,B2_Pointwise_ContentNull,20261002,20261002,2,84,84,0.6358078588898618,0.523458540042523,0.06780882260764762,0.6470588235294117,0.05322937596391447,0.05998606356806915,0.0705548248245335
TxPert_Exphormer,TxPert_GAT,RPE1,2,B2_Pointwise_ContentNull,20261002,20261002,3,84,84,0.6361106882663284,0.5455502683000911,0.06707828264006782,0.5882352941176471,0.05599139478278781,0.06141323111250233,0.06987502896496088
TxPert_Exphormer,TxPert_GAT,RPE1,2,B2_Pointwise_ContentNull,20261002,20261002,4,84,84,0.6106315364372416,0.5598663561810265,0.06820519335198025,0.5882352941176471,0.055423228668507546,0.06530972626606485,0.06765053893146754
TxPert_Exphormer,TxPert_GAT,RPE1,2,Support_only,20260930,20260930,0,84,84,0.6249804970091507,0.5385468186098095,0.06864050044025512,0.5882352941176471,0.06117464492397821,0.06304545786095479,0.067913492169947
TxPert_Exphormer,TxPert_GAT,RPE1,2,Support_only,20260930,20260930,1,84,84,0.6249804970091507,0.5385468186098095,0.06864050044025512,0.5882352941176471,0.06117464492397821,0.06304545786095479,0.067913492169947
TxPert_Exphormer,TxPert_GAT,RPE1,2,Support_only,20260930,20260930,2,84,84,0.6249804970091507,0.5385468186098095,0.06864050044025512,0.5882352941176471,0.06117464492397821,0.06304545786095479,0.067913492169947
TxPert_Exphormer,TxPert_GAT,RPE1,2,Support_only,20260930,20260930,3,84,84,0.6249804970091507,0.5385468186098095,0.06864050044025512,0.5882352941176471,0.06117464492397821,0.06304545786095479,0.067913492169947
TxPert_Exphormer,TxPert_GAT,RPE1,2,Support_only,20260930,20260930,4,84,84,0.6249804970091507,0.5385468186098095,0.06864050044025512,0.5882352941176471,0.06117464492397821,0.06304545786095479,0.067913492169947
TxPert_Exphormer,TxPert_GAT,RPE1,2,Support_only,20261001,20261001,0,84,84,0.6249804970091507,0.5385468186098095,0.06864050044025512,0.5882352941176471,0.06117464492397821,0.06304545786095479,0.067913492169947
TxPert_Exphormer,TxPert_GAT,RPE1,2,Support_only,20261001,20261001,1,84,84,0.6249804970091507,0.5385468186098095,0.06864050044025512,0.5882352941176471,0.06117464492397821,0.06304545786095479,0.067913492169947
TxPert_Exphormer,TxPert_GAT,RPE1,2,Support_only,20261001,20261001,2,84,84,0.6249804970091507,0.5385468186098095,0.06864050044025512,0.5882352941176471,0.06117464492397821,0.06304545786095479,0.067913492169947
TxPert_Exphormer,TxPert_GAT,RPE1,2,Support_only,20261001,20261001,3,84,84,0.6249804970091507,0.5385468186098095,0.06864050044025512,0.5882352941176471,0.06117464492397821,0.06304545786095479,0.067913492169947
TxPert_Exphormer,TxPert_GAT,RPE1,2,Support_only,20261001,20261001,4,84,84,0.6249804970091507,0.5385468186098095,0.06864050044025512,0.5882352941176471,0.06117464492397821,0.06304545786095479,0.067913492169947
TxPert_Exphormer,TxPert_GAT,RPE1,2,Support_only,20261002,20261002,0,84,84,0.6249804970091507,0.5385468186098095,0.06864050044025512,0.5882352941176471,0.06117464492397821,0.06304545786095479,0.067913492169947
TxPert_Exphormer,TxPert_GAT,RPE1,2,Support_only,20261002,20261002,1,84,84,0.6249804970091507,0.5385468186098095,0.06864050044025512,0.5882352941176471,0.06117464492397821,0.06304545786095479,0.067913492169947
TxPert_Exphormer,TxPert_GAT,RPE1,2,Support_only,20261002,20261002,2,84,84,0.6249804970091507,0.5385468186098095,0.06864050044025512,0.5882352941176471,0.06117464492397821,0.06304545786095479,0.067913492169947
TxPert_Exphormer,TxPert_GAT,RPE1,2,Support_only,20261002,20261002,3,84,84,0.6249804970091507,0.5385468186098095,0.06864050044025512,0.5882352941176471,0.06117464492397821,0.06304545786095479,0.067913492169947
TxPert_Exphormer,TxPert_GAT,RPE1,2,Support_only,20261002,20261002,4,84,84,0.6249804970091507,0.5385468186098095,0.06864050044025512,0.5882352941176471,0.06117464492397821,0.06304545786095479,0.067913492169947
TxPert_Exphormer,TxPert_GAT,RPE1,3,B1_HGB,20260930,20260930,0,88,88,0.6623310174837918,0.6112148215983939,0.06308403755029884,0.33333333333333337,0.054630665504586666,0.055415050975947934,0.06419008127135527
TxPert_Exphormer,TxPert_GAT,RPE1,3,B1_HGB,20260930,20260930,1,88,88,0.6623310174837918,0.6112148215983939,0.06308403755029884,0.33333333333333337,0.054630665504586666,0.055415050975947934,0.06419008127135527
TxPert_Exphormer,TxPert_GAT,RPE1,3,B1_HGB,20260930,20260930,2,88,88,0.6623310174837918,0.6112148215983939,0.06308403755029884,0.33333333333333337,0.054630665504586666,0.055415050975947934,0.06419008127135527
TxPert_Exphormer,TxPert_GAT,RPE1,3,B1_HGB,20260930,20260930,3,88,88,0.6623310174837918,0.6112148215983939,0.06308403755029884,0.33333333333333337,0.054630665504586666,0.055415050975947934,0.06419008127135527
TxPert_Exphormer,TxPert_GAT,RPE1,3,B1_HGB,20260930,20260930,4,88,88,0.6623310174837918,0.6112148215983939,0.06308403755029884,0.33333333333333337,0.054630665504586666,0.055415050975947934,0.06419008127135527
TxPert_Exphormer,TxPert_GAT,RPE1,3,B1_HGB,20261001,20261001,0,88,88,0.6623310174837918,0.6112148215983939,0.06308403755029884,0.33333333333333337,0.054630665504586666,0.055415050975947934,0.06419008127135527
TxPert_Exphormer,TxPert_GAT,RPE1,3,B1_HGB,20261001,20261001,1,88,88,0.6623310174837918,0.6112148215983939,0.06308403755029884,0.33333333333333337,0.054630665504586666,0.055415050975947934,0.06419008127135527
TxPert_Exphormer,TxPert_GAT,RPE1,3,B1_HGB,20261001,20261001,2,88,88,0.6623310174837918,0.6112148215983939,0.06308403755029884,0.33333333333333337,0.054630665504586666,0.055415050975947934,0.06419008127135527
TxPert_Exphormer,TxPert_GAT,RPE1,3,B1_HGB,20261001,20261001,3,88,88,0.6623310174837918,0.6112148215983939,0.06308403755029884,0.33333333333333337,0.054630665504586666,0.055415050975947934,0.06419008127135527
TxPert_Exphormer,TxPert_GAT,RPE1,3,B1_HGB,20261001,20261001,4,88,88,0.6623310174837918,0.6112148215983939,0.06308403755029884,0.33333333333333337,0.054630665504586666,0.055415050975947934,0.06419008127135527
TxPert_Exphormer,TxPert_GAT,RPE1,3,B1_HGB,20261002,20261002,0,88,88,0.6623310174837918,0.6112148215983939,0.06308403755029884,0.33333333333333337,0.054630665504586666,0.055415050975947934,0.06419008127135527
TxPert_Exphormer,TxPert_GAT,RPE1,3,B1_HGB,20261002,20261002,1,88,88,0.6623310174837918,0.6112148215983939,0.06308403755029884,0.33333333333333337,0.054630665504586666,0.055415050975947934,0.06419008127135527
TxPert_Exphormer,TxPert_GAT,RPE1,3,B1_HGB,20261002,20261002,2,88,88,0.6623310174837918,0.6112148215983939,0.06308403755029884,0.33333333333333337,0.054630665504586666,0.055415050975947934,0.06419008127135527
TxPert_Exphormer,TxPert_GAT,RPE1,3,B1_HGB,20261002,20261002,3,88,88,0.6623310174837918,0.6112148215983939,0.06308403755029884,0.33333333333333337,0.054630665504586666,0.055415050975947934,0.06419008127135527
TxPert_Exphormer,TxPert_GAT,RPE1,3,B1_HGB,20261002,20261002,4,88,88,0.6623310174837918,0.6112148215983939,0.06308403755029884,0.33333333333333337,0.054630665504586666,0.055415050975947934,0.06419008127135527
TxPert_Exphormer,TxPert_GAT,RPE1,3,B1_HGB_ContentNull,20260930,20260930,0,88,88,0.7225397337452589,0.5329153605015675,0.06486087532802935,0.33333333333333337,0.052582479878229275,0.05722791817457493,0.065453912942955
TxPert_Exphormer,TxPert_GAT,RPE1,3,B1_HGB_ContentNull,20260930,20260930,1,88,88,0.5641758809155046,0.5579232855482371,0.06388907476805863,0.4444444444444444,0.05441928955951668,0.0604685652243531,0.06255295930734885
TxPert_Exphormer,TxPert_GAT,RPE1,3,B1_HGB_ContentNull,20260930,20260930,2,88,88,0.6822864377619242,0.54561304638794,0.06427112108796272,0.33333333333333337,0.05367880944532921,0.057412400104500265,0.06533178815559713
TxPert_Exphormer,TxPert_GAT,RPE1,3,B1_HGB_ContentNull,20260930,20260930,3,88,88,0.7655720015362051,0.5747067732732204,0.06330658042728371,0.38888888888888884,0.05322325535291704,0.0591390353120726,0.06397115023948628
TxPert_Exphormer,TxPert_GAT,RPE1,3,B1_HGB_ContentNull,20260930,20260930,4,88,88,0.5808121571740471,0.5072205980768554,0.06444426406920299,0.38888888888888884,0.0513532312389061,0.06082622690691993,0.06548521963602429
TxPert_Exphormer,TxPert_GAT,RPE1,3,B1_HGB_ContentNull,20261001,20261001,0,88,88,0.7225397337452589,0.5329153605015675,0.06486087532802935,0.33333333333333337,0.052582479878229275,0.05722791817457493,0.065453912942955
TxPert_Exphormer,TxPert_GAT,RPE1,3,B1_HGB_ContentNull,20261001,20261001,1,88,88,0.5641758809155046,0.5579232855482371,0.06388907476805863,0.4444444444444444,0.05441928955951668,0.0604685652243531,0.06255295930734885
TxPert_Exphormer,TxPert_GAT,RPE1,3,B1_HGB_ContentNull,20261001,20261001,2,88,88,0.6822864377619242,0.54561304638794,0.06427112108796272,0.33333333333333337,0.05367880944532921,0.057412400104500265,0.06533178815559713
TxPert_Exphormer,TxPert_GAT,RPE1,3,B1_HGB_ContentNull,20261001,20261001,3,88,88,0.7655720015362051,0.5747067732732204,0.06330658042728371,0.38888888888888884,0.05322325535291704,0.0591390353120726,0.06397115023948628
TxPert_Exphormer,TxPert_GAT,RPE1,3,B1_HGB_ContentNull,20261001,20261001,4,88,88,0.5808121571740471,0.5072205980768554,0.06444426406920299,0.38888888888888884,0.0513532312389061,0.06082622690691993,0.06548521963602429
TxPert_Exphormer,TxPert_GAT,RPE1,3,B1_HGB_ContentNull,20261002,20261002,0,88,88,0.7225397337452589,0.5329153605015675,0.06486087532802935,0.33333333333333337,0.052582479878229275,0.05722791817457493,0.065453912942955
TxPert_Exphormer,TxPert_GAT,RPE1,3,B1_HGB_ContentNull,20261002,20261002,1,88,88,0.5641758809155046,0.5579232855482371,0.06388907476805863,0.4444444444444444,0.05441928955951668,0.0604685652243531,0.06255295930734885
TxPert_Exphormer,TxPert_GAT,RPE1,3,B1_HGB_ContentNull,20261002,20261002,2,88,88,0.6822864377619242,0.54561304638794,0.06427112108796272,0.33333333333333337,0.05367880944532921,0.057412400104500265,0.06533178815559713
TxPert_Exphormer,TxPert_GAT,RPE1,3,B1_HGB_ContentNull,20261002,20261002,3,88,88,0.7655720015362051,0.5747067732732204,0.06330658042728371,0.38888888888888884,0.05322325535291704,0.0591390353120726,0.06397115023948628
TxPert_Exphormer,TxPert_GAT,RPE1,3,B1_HGB_ContentNull,20261002,20261002,4,88,88,0.5808121571740471,0.5072205980768554,0.06444426406920299,0.38888888888888884,0.0513532312389061,0.06082622690691993,0.06548521963602429
TxPert_Exphormer,TxPert_GAT,RPE1,3,B2_Pointwise,20260930,20260930,0,88,88,0.6664993912631034,0.6164805748300519,0.06250625785752564,0.33333333333333337,0.04629685635150363,0.05533563117163684,0.06308091775030217
TxPert_Exphormer,TxPert_GAT,RPE1,3,B2_Pointwise,20260930,20260930,1,88,88,0.6664993912631034,0.6164805748300519,0.06250625785752564,0.33333333333333337,0.04629685635150363,0.05533563117163684,0.06308091775030217
TxPert_Exphormer,TxPert_GAT,RPE1,3,B2_Pointwise,20260930,20260930,2,88,88,0.6664993912631034,0.6164805748300519,0.06250625785752564,0.33333333333333337,0.04629685635150363,0.05533563117163684,0.06308091775030217
TxPert_Exphormer,TxPert_GAT,RPE1,3,B2_Pointwise,20260930,20260930,3,88,88,0.6664993912631034,0.6164805748300519,0.06250625785752564,0.33333333333333337,0.04629685635150363,0.05533563117163684,0.06308091775030217
TxPert_Exphormer,TxPert_GAT,RPE1,3,B2_Pointwise,20260930,20260930,4,88,88,0.6664993912631034,0.6164805748300519,0.06250625785752564,0.33333333333333337,0.04629685635150363,0.05533563117163684,0.06308091775030217
TxPert_Exphormer,TxPert_GAT,RPE1,3,B2_Pointwise,20261001,20261001,0,88,88,0.7216454095699426,0.6131520552287698,0.06263573611990923,0.38888888888888884,0.05231269657193334,0.05717176541136862,0.06373617513819496
TxPert_Exphormer,TxPert_GAT,RPE1,3,B2_Pointwise,20261001,20261001,1,88,88,0.7216454095699426,0.6131520552287698,0.06263573611990923,0.38888888888888884,0.05231269657193334,0.05717176541136862,0.06373617513819496
TxPert_Exphormer,TxPert_GAT,RPE1,3,B2_Pointwise,20261001,20261001,2,88,88,0.7216454095699426,0.6131520552287698,0.06263573611990923,0.38888888888888884,0.05231269657193334,0.05717176541136862,0.06373617513819496
TxPert_Exphormer,TxPert_GAT,RPE1,3,B2_Pointwise,20261001,20261001,3,88,88,0.7216454095699426,0.6131520552287698,0.06263573611990923,0.38888888888888884,0.05231269657193334,0.05717176541136862,0.06373617513819496
TxPert_Exphormer,TxPert_GAT,RPE1,3,B2_Pointwise,20261001,20261001,4,88,88,0.7216454095699426,0.6131520552287698,0.06263573611990923,0.38888888888888884,0.05231269657193334,0.05717176541136862,0.06373617513819496
TxPert_Exphormer,TxPert_GAT,RPE1,3,B2_Pointwise,20261002,20261002,0,88,88,0.7520864076672709,0.6170089112746998,0.06302790169181784,0.38888888888888884,0.050816962767941655,0.05649526596976927,0.06400584982292004
TxPert_Exphormer,TxPert_GAT,RPE1,3,B2_Pointwise,20261002,20261002,1,88,88,0.7520864076672709,0.6170089112746998,0.06302790169181784,0.38888888888888884,0.050816962767941655,0.05649526596976927,0.06400584982292004
TxPert_Exphormer,TxPert_GAT,RPE1,3,B2_Pointwise,20261002,20261002,2,88,88,0.7520864076672709,0.6170089112746998,0.06302790169181784,0.38888888888888884,0.050816962767941655,0.05649526596976927,0.06400584982292004
TxPert_Exphormer,TxPert_GAT,RPE1,3,B2_Pointwise,20261002,20261002,3,88,88,0.7520864076672709,0.6170089112746998,0.06302790169181784,0.38888888888888884,0.050816962767941655,0.05649526596976927,0.06400584982292004
TxPert_Exphormer,TxPert_GAT,RPE1,3,B2_Pointwise,20261002,20261002,4,88,88,0.7520864076672709,0.6170089112746998,0.06302790169181784,0.38888888888888884,0.050816962767941655,0.05649526596976927,0.06400584982292004
TxPert_Exphormer,TxPert_GAT,RPE1,3,B2_Pointwise_ContentNull,20260930,20260930,0,88,88,0.5061860138919494,0.5323870240569196,0.06528828836148882,0.4444444444444444,0.05569082997582617,0.05805991143421364,0.06456941409984503
TxPert_Exphormer,TxPert_GAT,RPE1,3,B2_Pointwise_ContentNull,20260930,20260930,1,88,88,0.6368345619046735,0.5460885491881231,0.06463761764535872,0.4444444444444444,0.05698521661485892,0.06130674444398914,0.0644530802898587
TxPert_Exphormer,TxPert_GAT,RPE1,3,B2_Pointwise_ContentNull,20260930,20260930,2,88,88,0.722645183012994,0.574900496636258,0.06256632520533448,0.2777777777777778,0.048668820249493844,0.053533404258732965,0.0648170183306028
TxPert_Exphormer,TxPert_GAT,RPE1,3,B2_Pointwise_ContentNull,20260930,20260930,3,88,88,0.752383448070823,0.5658659434327781,0.06427218647104069,0.2777777777777778,0.05930864390800361,0.058792987138166594,0.06356332211640249
TxPert_Exphormer,TxPert_GAT,RPE1,3,B2_Pointwise_ContentNull,20260930,20260930,4,88,88,0.5740453178326493,0.5189144447183968,0.06452440055246261,0.38888888888888884,0.05191711548486048,0.05966242682733859,0.06397576702200683
TxPert_Exphormer,TxPert_GAT,RPE1,3,B2_Pointwise_ContentNull,20261001,20261001,0,88,88,0.5972449308213557,0.5213095699341341,0.06455575140239499,0.33333333333333337,0.058740639958082444,0.059649268707122206,0.06428538369613929
TxPert_Exphormer,TxPert_GAT,RPE1,3,B2_Pointwise_ContentNull,20261001,20261001,1,88,88,0.6811209973362319,0.5455778239582968,0.06394020918124253,0.38888888888888884,0.05693732617358918,0.06081174668386102,0.0642428025876508
TxPert_Exphormer,TxPert_GAT,RPE1,3,B2_Pointwise_ContentNull,20261001,20261001,2,88,88,0.5743080134448467,0.5627663696241767,0.06330860500001669,0.38888888888888884,0.053704249379728855,0.054596423021474785,0.06434529158140001
TxPert_Exphormer,TxPert_GAT,RPE1,3,B2_Pointwise_ContentNull,20261001,20261001,3,88,88,0.7001455997464936,0.5619562537423832,0.06299566913673801,0.33333333333333337,0.050311441532721435,0.06056883266751835,0.06339567763081314
TxPert_Exphormer,TxPert_GAT,RPE1,3,B2_Pointwise_ContentNull,20261001,20261001,4,88,88,0.5960557607380015,0.5362791025324928,0.06403887924830655,0.38888888888888884,0.05326551880730814,0.05806796517494929,0.06542870853691207
TxPert_Exphormer,TxPert_GAT,RPE1,3,B2_Pointwise_ContentNull,20261002,20261002,0,88,88,0.685167267363106,0.5284421119368814,0.06426581556344507,0.33333333333333337,0.05569082997582618,0.058640855198322704,0.06560919546516311
TxPert_Exphormer,TxPert_GAT,RPE1,3,B2_Pointwise_ContentNull,20261002,20261002,1,88,88,0.6294977645255679,0.531048571730478,0.06509266834849134,0.38888888888888884,0.05835507972945327,0.06239546571997209,0.06430331764965985
TxPert_Exphormer,TxPert_GAT,RPE1,3,B2_Pointwise_ContentNull,20261002,20261002,2,88,88,0.471177180010674,0.5414744109048644,0.06298757799770488,0.5,0.04641794842796839,0.055943145923513765,0.06392275619683631
TxPert_Exphormer,TxPert_GAT,RPE1,3,B2_Pointwise_ContentNull,20261002,20261002,3,88,88,0.7681347858804127,0.550526575323166,0.06334554679874944,0.2777777777777778,0.055250111857179936,0.058896613943505476,0.06614433887915697
TxPert_Exphormer,TxPert_GAT,RPE1,3,B2_Pointwise_ContentNull,20261002,20261002,4,88,88,0.5838632907729867,0.5329681941460322,0.06440427483716991,0.4444444444444444,0.05680984492316526,0.06164575792820559,0.0651813495946318
TxPert_Exphormer,TxPert_GAT,RPE1,3,Support_only,20260930,20260930,0,88,88,0.5887611889216383,0.5406819062378924,0.06339769090168684,0.38888888888888884,0.05145911181486133,0.05717006372568302,0.06370381180847602
TxPert_Exphormer,TxPert_GAT,RPE1,3,Support_only,20260930,20260930,1,88,88,0.5887611889216383,0.5406819062378924,0.06339769090168684,0.38888888888888884,0.05145911181486133,0.05717006372568302,0.06370381180847602
TxPert_Exphormer,TxPert_GAT,RPE1,3,Support_only,20260930,20260930,2,88,88,0.5887611889216383,0.5406819062378924,0.06339769090168684,0.38888888888888884,0.05145911181486133,0.05717006372568302,0.06370381180847602
TxPert_Exphormer,TxPert_GAT,RPE1,3,Support_only,20260930,20260930,3,88,88,0.5887611889216383,0.5406819062378924,0.06339769090168684,0.38888888888888884,0.05145911181486133,0.05717006372568302,0.06370381180847602
TxPert_Exphormer,TxPert_GAT,RPE1,3,Support_only,20260930,20260930,4,88,88,0.5887611889216383,0.5406819062378924,0.06339769090168684,0.38888888888888884,0.05145911181486133,0.05717006372568302,0.06370381180847602
TxPert_Exphormer,TxPert_GAT,RPE1,3,Support_only,20261001,20261001,0,88,88,0.5887611889216383,0.5406819062378924,0.06339769090168684,0.38888888888888884,0.05145911181486133,0.05717006372568302,0.06370381180847602
TxPert_Exphormer,TxPert_GAT,RPE1,3,Support_only,20261001,20261001,1,88,88,0.5887611889216383,0.5406819062378924,0.06339769090168684,0.38888888888888884,0.05145911181486133,0.05717006372568302,0.06370381180847602
TxPert_Exphormer,TxPert_GAT,RPE1,3,Support_only,20261001,20261001,2,88,88,0.5887611889216383,0.5406819062378924,0.06339769090168684,0.38888888888888884,0.05145911181486133,0.05717006372568302,0.06370381180847602
TxPert_Exphormer,TxPert_GAT,RPE1,3,Support_only,20261001,20261001,3,88,88,0.5887611889216383,0.5406819062378924,0.06339769090168684,0.38888888888888884,0.05145911181486133,0.05717006372568302,0.06370381180847602
TxPert_Exphormer,TxPert_GAT,RPE1,3,Support_only,20261001,20261001,4,88,88,0.5887611889216383,0.5406819062378924,0.06339769090168684,0.38888888888888884,0.05145911181486133,0.05717006372568302,0.06370381180847602
TxPert_Exphormer,TxPert_GAT,RPE1,3,Support_only,20261002,20261002,0,88,88,0.5887611889216383,0.5406819062378924,0.06339769090168684,0.38888888888888884,0.05145911181486133,0.05717006372568302,0.06370381180847602
TxPert_Exphormer,TxPert_GAT,RPE1,3,Support_only,20261002,20261002,1,88,88,0.5887611889216383,0.5406819062378924,0.06339769090168684,0.38888888888888884,0.05145911181486133,0.05717006372568302,0.06370381180847602
TxPert_Exphormer,TxPert_GAT,RPE1,3,Support_only,20261002,20261002,2,88,88,0.5887611889216383,0.5406819062378924,0.06339769090168684,0.38888888888888884,0.05145911181486133,0.05717006372568302,0.06370381180847602
TxPert_Exphormer,TxPert_GAT,RPE1,3,Support_only,20261002,20261002,3,88,88,0.5887611889216383,0.5406819062378924,0.06339769090168684,0.38888888888888884,0.05145911181486133,0.05717006372568302,0.06370381180847602
TxPert_Exphormer,TxPert_GAT,RPE1,3,Support_only,20261002,20261002,4,88,88,0.5887611889216383,0.5406819062378924,0.06339769090168684,0.38888888888888884,0.05145911181486133,0.05717006372568302,0.06370381180847602
TxPert_Exphormer,TxPert_GAT,RPE1,4,B1_HGB,20260930,20260930,0,81,81,0.6208651595984451,0.583739837398374,0.06018975084918049,0.47058823529411764,0.034516413869377614,0.050947793611539685,0.06479614694133938
TxPert_Exphormer,TxPert_GAT,RPE1,4,B1_HGB,20260930,20260930,1,81,81,0.6208651595984451,0.583739837398374,0.06018975084918049,0.47058823529411764,0.034516413869377614,0.050947793611539685,0.06479614694133938
TxPert_Exphormer,TxPert_GAT,RPE1,4,B1_HGB,20260930,20260930,2,81,81,0.6208651595984451,0.583739837398374,0.06018975084918049,0.47058823529411764,0.034516413869377614,0.050947793611539685,0.06479614694133938
TxPert_Exphormer,TxPert_GAT,RPE1,4,B1_HGB,20260930,20260930,3,81,81,0.6208651595984451,0.583739837398374,0.06018975084918049,0.47058823529411764,0.034516413869377614,0.050947793611539685,0.06479614694133938
TxPert_Exphormer,TxPert_GAT,RPE1,4,B1_HGB,20260930,20260930,4,81,81,0.6208651595984451,0.583739837398374,0.06018975084918049,0.47058823529411764,0.034516413869377614,0.050947793611539685,0.06479614694133938
TxPert_Exphormer,TxPert_GAT,RPE1,4,B1_HGB,20261001,20261001,0,81,81,0.6208651595984451,0.583739837398374,0.06018975084918049,0.47058823529411764,0.034516413869377614,0.050947793611539685,0.06479614694133938
TxPert_Exphormer,TxPert_GAT,RPE1,4,B1_HGB,20261001,20261001,1,81,81,0.6208651595984451,0.583739837398374,0.06018975084918049,0.47058823529411764,0.034516413869377614,0.050947793611539685,0.06479614694133938
TxPert_Exphormer,TxPert_GAT,RPE1,4,B1_HGB,20261001,20261001,2,81,81,0.6208651595984451,0.583739837398374,0.06018975084918049,0.47058823529411764,0.034516413869377614,0.050947793611539685,0.06479614694133938
TxPert_Exphormer,TxPert_GAT,RPE1,4,B1_HGB,20261001,20261001,3,81,81,0.6208651595984451,0.583739837398374,0.06018975084918049,0.47058823529411764,0.034516413869377614,0.050947793611539685,0.06479614694133938
TxPert_Exphormer,TxPert_GAT,RPE1,4,B1_HGB,20261001,20261001,4,81,81,0.6208651595984451,0.583739837398374,0.06018975084918049,0.47058823529411764,0.034516413869377614,0.050947793611539685,0.06479614694133938
TxPert_Exphormer,TxPert_GAT,RPE1,4,B1_HGB,20261002,20261002,0,81,81,0.6208651595984451,0.583739837398374,0.06018975084918049,0.47058823529411764,0.034516413869377614,0.050947793611539685,0.06479614694133938
TxPert_Exphormer,TxPert_GAT,RPE1,4,B1_HGB,20261002,20261002,1,81,81,0.6208651595984451,0.583739837398374,0.06018975084918049,0.47058823529411764,0.034516413869377614,0.050947793611539685,0.06479614694133938
TxPert_Exphormer,TxPert_GAT,RPE1,4,B1_HGB,20261002,20261002,2,81,81,0.6208651595984451,0.583739837398374,0.06018975084918049,0.47058823529411764,0.034516413869377614,0.050947793611539685,0.06479614694133938
TxPert_Exphormer,TxPert_GAT,RPE1,4,B1_HGB,20261002,20261002,3,81,81,0.6208651595984451,0.583739837398374,0.06018975084918049,0.47058823529411764,0.034516413869377614,0.050947793611539685,0.06479614694133938
TxPert_Exphormer,TxPert_GAT,RPE1,4,B1_HGB,20261002,20261002,4,81,81,0.6208651595984451,0.583739837398374,0.06018975084918049,0.47058823529411764,0.034516413869377614,0.050947793611539685,0.06479614694133938
TxPert_Exphormer,TxPert_GAT,RPE1,4,B1_HGB_ContentNull,20260930,20260930,0,81,81,0.5033006986172397,0.5317073170731706,0.061256795651376414,0.5294117647058824,0.047754284713839565,0.050073762698860665,0.0654102025506802
TxPert_Exphormer,TxPert_GAT,RPE1,4,B1_HGB_ContentNull,20260930,20260930,1,81,81,0.42932694547398237,0.5308265582655827,0.061354710162084346,0.5882352941176471,0.04546521603631512,0.04829697313747549,0.06397178692036525
TxPert_Exphormer,TxPert_GAT,RPE1,4,B1_HGB_ContentNull,20260930,20260930,2,81,81,0.4897689506075021,0.5453477868112014,0.061745596232890686,0.5882352941176471,0.049406637479966535,0.051310145611322,0.06357158287201563
TxPert_Exphormer,TxPert_GAT,RPE1,4,B1_HGB_ContentNull,20260930,20260930,3,81,81,0.5226729359927167,0.41368563685636855,0.06401423941173545,0.5294117647058824,0.05013025357192644,0.05005090532074522,0.07100563301862932
TxPert_Exphormer,TxPert_GAT,RPE1,4,B1_HGB_ContentNull,20260930,20260930,4,81,81,0.5084521378495338,0.6109078590785908,0.059156590733932556,0.5294117647058824,0.03562849295962417,0.04862193235351927,0.06324030701414446
TxPert_Exphormer,TxPert_GAT,RPE1,4,B1_HGB_ContentNull,20261001,20261001,0,81,81,0.5033006986172397,0.5317073170731706,0.061256795651376414,0.5294117647058824,0.047754284713839565,0.050073762698860665,0.0654102025506802
TxPert_Exphormer,TxPert_GAT,RPE1,4,B1_HGB_ContentNull,20261001,20261001,1,81,81,0.42932694547398237,0.5308265582655827,0.061354710162084346,0.5882352941176471,0.04546521603631512,0.04829697313747549,0.06397178692036525
TxPert_Exphormer,TxPert_GAT,RPE1,4,B1_HGB_ContentNull,20261001,20261001,2,81,81,0.4897689506075021,0.5453477868112014,0.061745596232890686,0.5882352941176471,0.049406637479966535,0.051310145611322,0.06357158287201563
TxPert_Exphormer,TxPert_GAT,RPE1,4,B1_HGB_ContentNull,20261001,20261001,3,81,81,0.5226729359927167,0.41368563685636855,0.06401423941173545,0.5294117647058824,0.05013025357192644,0.05005090532074522,0.07100563301862932
TxPert_Exphormer,TxPert_GAT,RPE1,4,B1_HGB_ContentNull,20261001,20261001,4,81,81,0.5084521378495338,0.6109078590785908,0.059156590733932556,0.5294117647058824,0.03562849295962417,0.04862193235351927,0.06324030701414446
TxPert_Exphormer,TxPert_GAT,RPE1,4,B1_HGB_ContentNull,20261002,20261002,0,81,81,0.5033006986172397,0.5317073170731706,0.061256795651376414,0.5294117647058824,0.047754284713839565,0.050073762698860665,0.0654102025506802
TxPert_Exphormer,TxPert_GAT,RPE1,4,B1_HGB_ContentNull,20261002,20261002,1,81,81,0.42932694547398237,0.5308265582655827,0.061354710162084346,0.5882352941176471,0.04546521603631512,0.04829697313747549,0.06397178692036525
TxPert_Exphormer,TxPert_GAT,RPE1,4,B1_HGB_ContentNull,20261002,20261002,2,81,81,0.4897689506075021,0.5453477868112014,0.061745596232890686,0.5882352941176471,0.049406637479966535,0.051310145611322,0.06357158287201563
TxPert_Exphormer,TxPert_GAT,RPE1,4,B1_HGB_ContentNull,20261002,20261002,3,81,81,0.5226729359927167,0.41368563685636855,0.06401423941173545,0.5294117647058824,0.05013025357192644,0.05005090532074522,0.07100563301862932
TxPert_Exphormer,TxPert_GAT,RPE1,4,B1_HGB_ContentNull,20261002,20261002,4,81,81,0.5084521378495338,0.6109078590785908,0.059156590733932556,0.5294117647058824,0.03562849295962417,0.04862193235351927,0.06324030701414446
TxPert_Exphormer,TxPert_GAT,RPE1,4,B2_Pointwise,20260930,20260930,0,81,81,0.5598365219698961,0.5825880758807588,0.06113530173346984,0.5294117647058824,0.04755776660939778,0.04856122958868368,0.06679416953993436
TxPert_Exphormer,TxPert_GAT,RPE1,4,B2_Pointwise,20260930,20260930,1,81,81,0.5598365219698961,0.5825880758807588,0.06113530173346984,0.5294117647058824,0.04755776660939778,0.04856122958868368,0.06679416953993436
TxPert_Exphormer,TxPert_GAT,RPE1,4,B2_Pointwise,20260930,20260930,2,81,81,0.5598365219698961,0.5825880758807588,0.06113530173346984,0.5294117647058824,0.04755776660939778,0.04856122958868368,0.06679416953993436
TxPert_Exphormer,TxPert_GAT,RPE1,4,B2_Pointwise,20260930,20260930,3,81,81,0.5598365219698961,0.5825880758807588,0.06113530173346984,0.5294117647058824,0.04755776660939778,0.04856122958868368,0.06679416953993436
TxPert_Exphormer,TxPert_GAT,RPE1,4,B2_Pointwise,20260930,20260930,4,81,81,0.5598365219698961,0.5825880758807588,0.06113530173346984,0.5294117647058824,0.04755776660939778,0.04856122958868368,0.06679416953993436
TxPert_Exphormer,TxPert_GAT,RPE1,4,B2_Pointwise,20261001,20261001,0,81,81,0.5920743138533495,0.6611788617886178,0.058025131106988974,0.47058823529411764,0.03551818561895421,0.044818611563777186,0.06271101627087096
TxPert_Exphormer,TxPert_GAT,RPE1,4,B2_Pointwise,20261001,20261001,1,81,81,0.5920743138533495,0.6611788617886178,0.058025131106988974,0.47058823529411764,0.03551818561895421,0.044818611563777186,0.06271101627087096
TxPert_Exphormer,TxPert_GAT,RPE1,4,B2_Pointwise,20261001,20261001,2,81,81,0.5920743138533495,0.6611788617886178,0.058025131106988974,0.47058823529411764,0.03551818561895421,0.044818611563777186,0.06271101627087096
TxPert_Exphormer,TxPert_GAT,RPE1,4,B2_Pointwise,20261001,20261001,3,81,81,0.5920743138533495,0.6611788617886178,0.058025131106988974,0.47058823529411764,0.03551818561895421,0.044818611563777186,0.06271101627087096
TxPert_Exphormer,TxPert_GAT,RPE1,4,B2_Pointwise,20261001,20261001,4,81,81,0.5920743138533495,0.6611788617886178,0.058025131106988974,0.47058823529411764,0.03551818561895421,0.044818611563777186,0.06271101627087096
TxPert_Exphormer,TxPert_GAT,RPE1,4,B2_Pointwise,20261002,20261002,0,81,81,0.7388416006832546,0.6321589882565493,0.0596922902857533,0.4117647058823529,0.034470216264430614,0.04797588659589748,0.06425418289800014
TxPert_Exphormer,TxPert_GAT,RPE1,4,B2_Pointwise,20261002,20261002,1,81,81,0.7388416006832546,0.6321589882565493,0.0596922902857533,0.4117647058823529,0.034470216264430614,0.04797588659589748,0.06425418289800014
TxPert_Exphormer,TxPert_GAT,RPE1,4,B2_Pointwise,20261002,20261002,2,81,81,0.7388416006832546,0.6321589882565493,0.0596922902857533,0.4117647058823529,0.034470216264430614,0.04797588659589748,0.06425418289800014
TxPert_Exphormer,TxPert_GAT,RPE1,4,B2_Pointwise,20261002,20261002,3,81,81,0.7388416006832546,0.6321589882565493,0.0596922902857533,0.4117647058823529,0.034470216264430614,0.04797588659589748,0.06425418289800014
TxPert_Exphormer,TxPert_GAT,RPE1,4,B2_Pointwise,20261002,20261002,4,81,81,0.7388416006832546,0.6321589882565493,0.0596922902857533,0.4117647058823529,0.034470216264430614,0.04797588659589748,0.06425418289800014
TxPert_Exphormer,TxPert_GAT,RPE1,4,B2_Pointwise_ContentNull,20260930,20260930,0,81,81,0.47356101823337293,0.5268518518518518,0.06077153456449421,0.5294117647058824,0.038109185039941804,0.04577429127811269,0.06788594161396665
TxPert_Exphormer,TxPert_GAT,RPE1,4,B2_Pointwise_ContentNull,20260930,20260930,1,81,81,0.4673310442257794,0.42908762420957536,0.06423502173790646,0.5882352941176471,0.052371037688745015,0.05237986480687069,0.07061007822433911
TxPert_Exphormer,TxPert_GAT,RPE1,4,B2_Pointwise_ContentNull,20260930,20260930,2,81,81,0.5077795184623363,0.5380532971996386,0.061991284094535165,0.5294117647058824,0.0514546280202713,0.05340079000508734,0.06489320549884989
TxPert_Exphormer,TxPert_GAT,RPE1,4,B2_Pointwise_ContentNull,20260930,20260930,3,81,81,0.43585341992427884,0.5096883468834689,0.06241038883664807,0.5294117647058824,0.04066019932449475,0.050588206870972006,0.06462044757088728
TxPert_Exphormer,TxPert_GAT,RPE1,4,B2_Pointwise_ContentNull,20260930,20260930,4,81,81,0.3691512308835914,0.5461833785004516,0.06061687146035495,0.6470588235294117,0.040006460905077756,0.050717127243880236,0.06665115239161198
TxPert_Exphormer,TxPert_GAT,RPE1,4,B2_Pointwise_ContentNull,20261001,20261001,0,81,81,0.5336964133146154,0.5329494128274616,0.06049617685705311,0.5294117647058824,0.038109185039941804,0.045845455179996976,0.06662942623648506
TxPert_Exphormer,TxPert_GAT,RPE1,4,B2_Pointwise_ContentNull,20261001,20261001,1,81,81,0.3355088263138406,0.46865401987353206,0.062459030557382646,0.5882352941176471,0.04198427862313868,0.04844009705268989,0.06988855126584238
TxPert_Exphormer,TxPert_GAT,RPE1,4,B2_Pointwise_ContentNull,20261001,20261001,2,81,81,0.48000574509487404,0.48525293586269197,0.06296069803326328,0.5882352941176471,0.0514546280202713,0.05685353719026785,0.06698649898042405
TxPert_Exphormer,TxPert_GAT,RPE1,4,B2_Pointwise_ContentNull,20261001,20261001,3,81,81,0.3912496023203292,0.4760162601626016,0.06274035990330401,0.5882352941176471,0.04590532326118591,0.05560901904421337,0.06477458426212693
TxPert_Exphormer,TxPert_GAT,RPE1,4,B2_Pointwise_ContentNull,20261001,20261001,4,81,81,0.4431091597991724,0.5675925925925925,0.05995739138513412,0.5882352941176471,0.04055928454814283,0.0504996478017966,0.0633956255787326
TxPert_Exphormer,TxPert_GAT,RPE1,4,B2_Pointwise_ContentNull,20261002,20261002,0,81,81,0.45103327769750146,0.5431120144534779,0.06055100629830682,0.5882352941176471,0.038109185039941804,0.04793025084426036,0.0666959086979449
TxPert_Exphormer,TxPert_GAT,RPE1,4,B2_Pointwise_ContentNull,20261002,20261002,1,81,81,0.3827629938251261,0.44627371273712735,0.06412827614433009,0.5882352941176471,0.04882155624401539,0.05537400530152687,0.0700098156306302
TxPert_Exphormer,TxPert_GAT,RPE1,4,B2_Pointwise_ContentNull,20261002,20261002,2,81,81,0.3990744652211003,0.491260162601626,0.06242316800013382,0.5882352941176471,0.043787346064434456,0.05444152659591875,0.0656471184637441
TxPert_Exphormer,TxPert_GAT,RPE1,4,B2_Pointwise_ContentNull,20261002,20261002,3,81,81,0.5213732564441784,0.49783197831978315,0.062240671295466135,0.47058823529411764,0.04563529509775563,0.054370730825322365,0.0659995005860263
TxPert_Exphormer,TxPert_GAT,RPE1,4,B2_Pointwise_ContentNull,20261002,20261002,4,81,81,0.5375068537172306,0.5647018970189701,0.06192808533487318,0.47058823529411764,0.042292924982825546,0.048792816861754455,0.06480572113558758
TxPert_Exphormer,TxPert_GAT,RPE1,4,Support_only,20260930,20260930,0,81,81,0.4436207287317312,0.47710565840506,0.06214377852273302,0.5882352941176471,0.04425297049505894,0.050251117677993826,0.06735398149730852
TxPert_Exphormer,TxPert_GAT,RPE1,4,Support_only,20260930,20260930,1,81,81,0.4436207287317312,0.47710565840506,0.06214377852273302,0.5882352941176471,0.04425297049505894,0.050251117677993826,0.06735398149730852
TxPert_Exphormer,TxPert_GAT,RPE1,4,Support_only,20260930,20260930,2,81,81,0.4436207287317312,0.47710565840506,0.06214377852273302,0.5882352941176471,0.04425297049505894,0.050251117677993826,0.06735398149730852
TxPert_Exphormer,TxPert_GAT,RPE1,4,Support_only,20260930,20260930,3,81,81,0.4436207287317312,0.47710565840506,0.06214377852273302,0.5882352941176471,0.04425297049505894,0.050251117677993826,0.06735398149730852
TxPert_Exphormer,TxPert_GAT,RPE1,4,Support_only,20260930,20260930,4,81,81,0.4436207287317312,0.47710565840506,0.06214377852273302,0.5882352941176471,0.04425297049505894,0.050251117677993826,0.06735398149730852
TxPert_Exphormer,TxPert_GAT,RPE1,4,Support_only,20261001,20261001,0,81,81,0.4436207287317312,0.47710565840506,0.06214377852273302,0.5882352941176471,0.04425297049505894,0.050251117677993826,0.06735398149730852
TxPert_Exphormer,TxPert_GAT,RPE1,4,Support_only,20261001,20261001,1,81,81,0.4436207287317312,0.47710565840506,0.06214377852273302,0.5882352941176471,0.04425297049505894,0.050251117677993826,0.06735398149730852
TxPert_Exphormer,TxPert_GAT,RPE1,4,Support_only,20261001,20261001,2,81,81,0.4436207287317312,0.47710565840506,0.06214377852273302,0.5882352941176471,0.04425297049505894,0.050251117677993826,0.06735398149730852
TxPert_Exphormer,TxPert_GAT,RPE1,4,Support_only,20261001,20261001,3,81,81,0.4436207287317312,0.47710565840506,0.06214377852273302,0.5882352941176471,0.04425297049505894,0.050251117677993826,0.06735398149730852
TxPert_Exphormer,TxPert_GAT,RPE1,4,Support_only,20261001,20261001,4,81,81,0.4436207287317312,0.47710565840506,0.06214377852273302,0.5882352941176471,0.04425297049505894,0.050251117677993826,0.06735398149730852
TxPert_Exphormer,TxPert_GAT,RPE1,4,Support_only,20261002,20261002,0,81,81,0.4436207287317312,0.47710565840506,0.06214377852273302,0.5882352941176471,0.04425297049505894,0.050251117677993826,0.06735398149730852
TxPert_Exphormer,TxPert_GAT,RPE1,4,Support_only,20261002,20261002,1,81,81,0.4436207287317312,0.47710565840506,0.06214377852273302,0.5882352941176471,0.04425297049505894,0.050251117677993826,0.06735398149730852
TxPert_Exphormer,TxPert_GAT,RPE1,4,Support_only,20261002,20261002,2,81,81,0.4436207287317312,0.47710565840506,0.06214377852273302,0.5882352941176471,0.04425297049505894,0.050251117677993826,0.06735398149730852
TxPert_Exphormer,TxPert_GAT,RPE1,4,Support_only,20261002,20261002,3,81,81,0.4436207287317312,0.47710565840506,0.06214377852273302,0.5882352941176471,0.04425297049505894,0.050251117677993826,0.06735398149730852
TxPert_Exphormer,TxPert_GAT,RPE1,4,Support_only,20261002,20261002,4,81,81,0.4436207287317312,0.47710565840506,0.06214377852273302,0.5882352941176471,0.04425297049505894,0.050251117677993826,0.06735398149730852
TxPert_Exphormer,TxPert_GAT,hepg2,0,B1_HGB,20260930,20260930,0,87,87,0.762235373842925,0.8073011591455856,0.04211532744529769,0.33333333333333337,0.033272490860368126,0.03527657306568575,0.04113623661828206
TxPert_Exphormer,TxPert_GAT,hepg2,0,B1_HGB,20260930,20260930,1,87,87,0.762235373842925,0.8073011591455856,0.04211532744529769,0.33333333333333337,0.033272490860368126,0.03527657306568575,0.04113623661828206
TxPert_Exphormer,TxPert_GAT,hepg2,0,B1_HGB,20260930,20260930,2,87,87,0.762235373842925,0.8073011591455856,0.04211532744529769,0.33333333333333337,0.033272490860368126,0.03527657306568575,0.04113623661828206
TxPert_Exphormer,TxPert_GAT,hepg2,0,B1_HGB,20260930,20260930,3,87,87,0.762235373842925,0.8073011591455856,0.04211532744529769,0.33333333333333337,0.033272490860368126,0.03527657306568575,0.04113623661828206
TxPert_Exphormer,TxPert_GAT,hepg2,0,B1_HGB,20260930,20260930,4,87,87,0.762235373842925,0.8073011591455856,0.04211532744529769,0.33333333333333337,0.033272490860368126,0.03527657306568575,0.04113623661828206
TxPert_Exphormer,TxPert_GAT,hepg2,0,B1_HGB,20261001,20261001,0,87,87,0.762235373842925,0.8073011591455856,0.04211532744529769,0.33333333333333337,0.033272490860368126,0.03527657306568575,0.04113623661828206
TxPert_Exphormer,TxPert_GAT,hepg2,0,B1_HGB,20261001,20261001,1,87,87,0.762235373842925,0.8073011591455856,0.04211532744529769,0.33333333333333337,0.033272490860368126,0.03527657306568575,0.04113623661828206
TxPert_Exphormer,TxPert_GAT,hepg2,0,B1_HGB,20261001,20261001,2,87,87,0.762235373842925,0.8073011591455856,0.04211532744529769,0.33333333333333337,0.033272490860368126,0.03527657306568575,0.04113623661828206
TxPert_Exphormer,TxPert_GAT,hepg2,0,B1_HGB,20261001,20261001,3,87,87,0.762235373842925,0.8073011591455856,0.04211532744529769,0.33333333333333337,0.033272490860368126,0.03527657306568575,0.04113623661828206
TxPert_Exphormer,TxPert_GAT,hepg2,0,B1_HGB,20261001,20261001,4,87,87,0.762235373842925,0.8073011591455856,0.04211532744529769,0.33333333333333337,0.033272490860368126,0.03527657306568575,0.04113623661828206
TxPert_Exphormer,TxPert_GAT,hepg2,0,B1_HGB,20261002,20261002,0,87,87,0.762235373842925,0.8073011591455856,0.04211532744529769,0.33333333333333337,0.033272490860368126,0.03527657306568575,0.04113623661828206
TxPert_Exphormer,TxPert_GAT,hepg2,0,B1_HGB,20261002,20261002,1,87,87,0.762235373842925,0.8073011591455856,0.04211532744529769,0.33333333333333337,0.033272490860368126,0.03527657306568575,0.04113623661828206
TxPert_Exphormer,TxPert_GAT,hepg2,0,B1_HGB,20261002,20261002,2,87,87,0.762235373842925,0.8073011591455856,0.04211532744529769,0.33333333333333337,0.033272490860368126,0.03527657306568575,0.04113623661828206
TxPert_Exphormer,TxPert_GAT,hepg2,0,B1_HGB,20261002,20261002,3,87,87,0.762235373842925,0.8073011591455856,0.04211532744529769,0.33333333333333337,0.033272490860368126,0.03527657306568575,0.04113623661828206
TxPert_Exphormer,TxPert_GAT,hepg2,0,B1_HGB,20261002,20261002,4,87,87,0.762235373842925,0.8073011591455856,0.04211532744529769,0.33333333333333337,0.033272490860368126,0.03527657306568575,0.04113623661828206
TxPert_Exphormer,TxPert_GAT,hepg2,0,B1_HGB_ContentNull,20260930,20260930,0,87,87,0.7598374137921494,0.7854851643945467,0.042506933277375224,0.33333333333333337,0.033272490860368126,0.0351289801193107,0.04208231281361063
TxPert_Exphormer,TxPert_GAT,hepg2,0,B1_HGB_ContentNull,20260930,20260930,1,87,87,0.6840891927911981,0.7621017715243856,0.04242767407713386,0.38888888888888884,0.034082573248561725,0.03553582358124588,0.04231504041915706
TxPert_Exphormer,TxPert_GAT,hepg2,0,B1_HGB_ContentNull,20260930,20260930,2,87,87,0.6581717021599398,0.7765910913465042,0.0420483362854873,0.4444444444444444,0.03326335481356551,0.03445480557466931,0.043255610252467235
TxPert_Exphormer,TxPert_GAT,hepg2,0,B1_HGB_ContentNull,20260930,20260930,3,87,87,0.759837413792149,0.7909346066924253,0.042294683144619045,0.33333333333333337,0.031109563250446743,0.03654842499768583,0.04192343509824644
TxPert_Exphormer,TxPert_GAT,hepg2,0,B1_HGB_ContentNull,20260930,20260930,4,87,87,0.6731316656014125,0.815411533134067,0.04163748409451727,0.4444444444444444,0.03144604854621957,0.035224457158261516,0.0409943616261675
TxPert_Exphormer,TxPert_GAT,hepg2,0,B1_HGB_ContentNull,20261001,20261001,0,87,87,0.7598374137921494,0.7854851643945467,0.042506933277375224,0.33333333333333337,0.033272490860368126,0.0351289801193107,0.04208231281361063
TxPert_Exphormer,TxPert_GAT,hepg2,0,B1_HGB_ContentNull,20261001,20261001,1,87,87,0.6840891927911981,0.7621017715243856,0.04242767407713386,0.38888888888888884,0.034082573248561725,0.03553582358124588,0.04231504041915706
TxPert_Exphormer,TxPert_GAT,hepg2,0,B1_HGB_ContentNull,20261001,20261001,2,87,87,0.6581717021599398,0.7765910913465042,0.0420483362854873,0.4444444444444444,0.03326335481356551,0.03445480557466931,0.043255610252467235
TxPert_Exphormer,TxPert_GAT,hepg2,0,B1_HGB_ContentNull,20261001,20261001,3,87,87,0.759837413792149,0.7909346066924253,0.042294683144619045,0.33333333333333337,0.031109563250446743,0.03654842499768583,0.04192343509824644
TxPert_Exphormer,TxPert_GAT,hepg2,0,B1_HGB_ContentNull,20261001,20261001,4,87,87,0.6731316656014125,0.815411533134067,0.04163748409451727,0.4444444444444444,0.03144604854621957,0.035224457158261516,0.0409943616261675
TxPert_Exphormer,TxPert_GAT,hepg2,0,B1_HGB_ContentNull,20261002,20261002,0,87,87,0.7598374137921494,0.7854851643945467,0.042506933277375224,0.33333333333333337,0.033272490860368126,0.0351289801193107,0.04208231281361063
TxPert_Exphormer,TxPert_GAT,hepg2,0,B1_HGB_ContentNull,20261002,20261002,1,87,87,0.6840891927911981,0.7621017715243856,0.04242767407713386,0.38888888888888884,0.034082573248561725,0.03553582358124588,0.04231504041915706
TxPert_Exphormer,TxPert_GAT,hepg2,0,B1_HGB_ContentNull,20261002,20261002,2,87,87,0.6581717021599398,0.7765910913465042,0.0420483362854873,0.4444444444444444,0.03326335481356551,0.03445480557466931,0.043255610252467235
TxPert_Exphormer,TxPert_GAT,hepg2,0,B1_HGB_ContentNull,20261002,20261002,3,87,87,0.759837413792149,0.7909346066924253,0.042294683144619045,0.33333333333333337,0.031109563250446743,0.03654842499768583,0.04192343509824644
TxPert_Exphormer,TxPert_GAT,hepg2,0,B1_HGB_ContentNull,20261002,20261002,4,87,87,0.6731316656014125,0.815411533134067,0.04163748409451727,0.4444444444444444,0.03144604854621957,0.035224457158261516,0.0409943616261675
TxPert_Exphormer,TxPert_GAT,hepg2,0,B2_Pointwise,20260930,20260930,0,87,87,0.7706271098532972,0.7941058540497192,0.042245036729859964,0.33333333333333337,0.033761201080991184,0.035818937301254176,0.04144862073715106
TxPert_Exphormer,TxPert_GAT,hepg2,0,B2_Pointwise,20260930,20260930,1,87,87,0.7706271098532972,0.7941058540497192,0.042245036729859964,0.33333333333333337,0.033761201080991184,0.035818937301254176,0.04144862073715106
TxPert_Exphormer,TxPert_GAT,hepg2,0,B2_Pointwise,20260930,20260930,2,87,87,0.7706271098532972,0.7941058540497192,0.042245036729859964,0.33333333333333337,0.033761201080991184,0.035818937301254176,0.04144862073715106
TxPert_Exphormer,TxPert_GAT,hepg2,0,B2_Pointwise,20260930,20260930,3,87,87,0.7706271098532972,0.7941058540497192,0.042245036729859964,0.33333333333333337,0.033761201080991184,0.035818937301254176,0.04144862073715106
TxPert_Exphormer,TxPert_GAT,hepg2,0,B2_Pointwise,20260930,20260930,4,87,87,0.7706271098532972,0.7941058540497192,0.042245036729859964,0.33333333333333337,0.033761201080991184,0.035818937301254176,0.04144862073715106
TxPert_Exphormer,TxPert_GAT,hepg2,0,B2_Pointwise,20261001,20261001,0,87,87,0.7530546904553355,0.8078843770503754,0.04175402019008692,0.38888888888888884,0.03273151732592994,0.03479358862379309,0.041334317429544916
TxPert_Exphormer,TxPert_GAT,hepg2,0,B2_Pointwise,20261001,20261001,1,87,87,0.7530546904553355,0.8078843770503754,0.04175402019008692,0.38888888888888884,0.03273151732592994,0.03479358862379309,0.041334317429544916
TxPert_Exphormer,TxPert_GAT,hepg2,0,B2_Pointwise,20261001,20261001,2,87,87,0.7530546904553355,0.8078843770503754,0.04175402019008692,0.38888888888888884,0.03273151732592994,0.03479358862379309,0.041334317429544916
TxPert_Exphormer,TxPert_GAT,hepg2,0,B2_Pointwise,20261001,20261001,3,87,87,0.7530546904553355,0.8078843770503754,0.04175402019008692,0.38888888888888884,0.03273151732592994,0.03479358862379309,0.041334317429544916
TxPert_Exphormer,TxPert_GAT,hepg2,0,B2_Pointwise,20261001,20261001,4,87,87,0.7530546904553355,0.8078843770503754,0.04175402019008692,0.38888888888888884,0.03273151732592994,0.03479358862379309,0.041334317429544916
TxPert_Exphormer,TxPert_GAT,hepg2,0,B2_Pointwise,20261002,20261002,0,87,87,0.8008883543274655,0.8083035649194428,0.04219570053791361,0.33333333333333337,0.03244117105094767,0.034871259197837755,0.04064751352769173
TxPert_Exphormer,TxPert_GAT,hepg2,0,B2_Pointwise,20261002,20261002,1,87,87,0.8008883543274655,0.8083035649194428,0.04219570053791361,0.33333333333333337,0.03244117105094767,0.034871259197837755,0.04064751352769173
TxPert_Exphormer,TxPert_GAT,hepg2,0,B2_Pointwise,20261002,20261002,2,87,87,0.8008883543274655,0.8083035649194428,0.04219570053791361,0.33333333333333337,0.03244117105094767,0.034871259197837755,0.04064751352769173
TxPert_Exphormer,TxPert_GAT,hepg2,0,B2_Pointwise,20261002,20261002,3,87,87,0.8008883543274655,0.8083035649194428,0.04219570053791361,0.33333333333333337,0.03244117105094767,0.034871259197837755,0.04064751352769173
TxPert_Exphormer,TxPert_GAT,hepg2,0,B2_Pointwise,20261002,20261002,4,87,87,0.8008883543274655,0.8083035649194428,0.04219570053791361,0.33333333333333337,0.03244117105094767,0.034871259197837755,0.04064751352769173
TxPert_Exphormer,TxPert_GAT,hepg2,0,B2_Pointwise_ContentNull,20260930,20260930,0,87,87,0.6874781312790423,0.7793431508347305,0.042402424968398446,0.38888888888888884,0.03204921334591603,0.03416963307656164,0.042905963510961945
TxPert_Exphormer,TxPert_GAT,hepg2,0,B2_Pointwise_ContentNull,20260930,20260930,1,87,87,0.6870234490926077,0.7979149959903767,0.04180671136246205,0.38888888888888884,0.031364744821478094,0.03481185569752145,0.042464687691525255
TxPert_Exphormer,TxPert_GAT,hepg2,0,B2_Pointwise_ContentNull,20260930,20260930,2,87,87,0.6731316656014125,0.7581832762265801,0.042408970380065546,0.4444444444444444,0.03174483145761575,0.03463926395812564,0.04260824812197451
TxPert_Exphormer,TxPert_GAT,hepg2,0,B2_Pointwise_ContentNull,20260930,20260930,3,87,87,0.673131665601412,0.7797805642633228,0.042153166872159135,0.4444444444444444,0.03268141810230583,0.03523620262203241,0.04249767873873876
TxPert_Exphormer,TxPert_GAT,hepg2,0,B2_Pointwise_ContentNull,20260930,20260930,4,87,87,0.6770006740332435,0.7734562951082599,0.042383919737227806,0.4444444444444444,0.031655091096460364,0.037926444839960834,0.042357502158604635
TxPert_Exphormer,TxPert_GAT,hepg2,0,B2_Pointwise_ContentNull,20261001,20261001,0,87,87,0.6840891927911981,0.7809652256324269,0.04262014632623558,0.38888888888888884,0.03426748429264889,0.03380974702055689,0.041941557357303975
TxPert_Exphormer,TxPert_GAT,hepg2,0,B2_Pointwise_ContentNull,20261001,20261001,1,87,87,0.6840891927911981,0.7850295254064298,0.041981930201230984,0.38888888888888884,0.0317371584616257,0.035190965296595995,0.043092194668741604
TxPert_Exphormer,TxPert_GAT,hepg2,0,B2_Pointwise_ContentNull,20261001,20261001,2,87,87,0.6731316656014125,0.7512028869286287,0.04266122154904008,0.4444444444444444,0.03447599928071795,0.034096899722557215,0.04365036699036689
TxPert_Exphormer,TxPert_GAT,hepg2,0,B2_Pointwise_ContentNull,20261001,20261001,3,87,87,0.6760659219028217,0.7783407450608734,0.04219670613797114,0.4444444444444444,0.031871806902193434,0.03451831299892725,0.04261730272497781
TxPert_Exphormer,TxPert_GAT,hepg2,0,B2_Pointwise_ContentNull,20261001,20261001,4,87,87,0.6634125516481709,0.7826966537872712,0.04226329785112703,0.4444444444444444,0.03278596391068707,0.03437929843979019,0.04193280401461482
TxPert_Exphormer,TxPert_GAT,hepg2,0,B2_Pointwise_ContentNull,20261002,20261002,0,87,87,0.6874781312790423,0.7988809506451848,0.04212325983410962,0.38888888888888884,0.03146836060914541,0.0338097470205569,0.04295649936363552
TxPert_Exphormer,TxPert_GAT,hepg2,0,B2_Pointwise_ContentNull,20261002,20261002,1,87,87,0.6734353267075351,0.8078297003718014,0.04162406974672084,0.38888888888888884,0.030669939211047197,0.03481185569752146,0.04248205270611259
TxPert_Exphormer,TxPert_GAT,hepg2,0,B2_Pointwise_ContentNull,20261002,20261002,2,87,87,0.6731316656014125,0.7513122402857767,0.042646203951130474,0.4444444444444444,0.032519186248332374,0.03409689972255721,0.04304367692355969
TxPert_Exphormer,TxPert_GAT,hepg2,0,B2_Pointwise_ContentNull,20261002,20261002,3,87,87,0.6770006740332435,0.79321280163301,0.041934818667511434,0.4444444444444444,0.030935220257503355,0.0343559474060777,0.041770821810152674
TxPert_Exphormer,TxPert_GAT,hepg2,0,B2_Pointwise_ContentNull,20261002,20261002,4,87,87,0.6770006740332435,0.7933950572282569,0.04252653088885018,0.4444444444444444,0.034989293433682095,0.03450867514730601,0.04084078557242468
TxPert_Exphormer,TxPert_GAT,hepg2,0,Support_only,20260930,20260930,0,87,87,0.6731316656014125,0.790978265855051,0.042529371509907744,0.4444444444444444,0.033272490860368126,0.03496458343874975,0.042139960779477535
TxPert_Exphormer,TxPert_GAT,hepg2,0,Support_only,20260930,20260930,1,87,87,0.6731316656014125,0.790978265855051,0.042529371509907744,0.4444444444444444,0.033272490860368126,0.03496458343874975,0.042139960779477535
TxPert_Exphormer,TxPert_GAT,hepg2,0,Support_only,20260930,20260930,2,87,87,0.6731316656014125,0.790978265855051,0.042529371509907744,0.4444444444444444,0.033272490860368126,0.03496458343874975,0.042139960779477535
TxPert_Exphormer,TxPert_GAT,hepg2,0,Support_only,20260930,20260930,3,87,87,0.6731316656014125,0.790978265855051,0.042529371509907744,0.4444444444444444,0.033272490860368126,0.03496458343874975,0.042139960779477535
TxPert_Exphormer,TxPert_GAT,hepg2,0,Support_only,20260930,20260930,4,87,87,0.6731316656014125,0.790978265855051,0.042529371509907744,0.4444444444444444,0.033272490860368126,0.03496458343874975,0.042139960779477535
TxPert_Exphormer,TxPert_GAT,hepg2,0,Support_only,20261001,20261001,0,87,87,0.6731316656014125,0.790978265855051,0.042529371509907744,0.4444444444444444,0.033272490860368126,0.03496458343874975,0.042139960779477535
TxPert_Exphormer,TxPert_GAT,hepg2,0,Support_only,20261001,20261001,1,87,87,0.6731316656014125,0.790978265855051,0.042529371509907744,0.4444444444444444,0.033272490860368126,0.03496458343874975,0.042139960779477535
TxPert_Exphormer,TxPert_GAT,hepg2,0,Support_only,20261001,20261001,2,87,87,0.6731316656014125,0.790978265855051,0.042529371509907744,0.4444444444444444,0.033272490860368126,0.03496458343874975,0.042139960779477535
TxPert_Exphormer,TxPert_GAT,hepg2,0,Support_only,20261001,20261001,3,87,87,0.6731316656014125,0.790978265855051,0.042529371509907744,0.4444444444444444,0.033272490860368126,0.03496458343874975,0.042139960779477535
TxPert_Exphormer,TxPert_GAT,hepg2,0,Support_only,20261001,20261001,4,87,87,0.6731316656014125,0.790978265855051,0.042529371509907744,0.4444444444444444,0.033272490860368126,0.03496458343874975,0.042139960779477535
TxPert_Exphormer,TxPert_GAT,hepg2,0,Support_only,20261002,20261002,0,87,87,0.6731316656014125,0.790978265855051,0.042529371509907744,0.4444444444444444,0.033272490860368126,0.03496458343874975,0.042139960779477535
TxPert_Exphormer,TxPert_GAT,hepg2,0,Support_only,20261002,20261002,1,87,87,0.6731316656014125,0.790978265855051,0.042529371509907744,0.4444444444444444,0.033272490860368126,0.03496458343874975,0.042139960779477535
TxPert_Exphormer,TxPert_GAT,hepg2,0,Support_only,20261002,20261002,2,87,87,0.6731316656014125,0.790978265855051,0.042529371509907744,0.4444444444444444,0.033272490860368126,0.03496458343874975,0.042139960779477535
TxPert_Exphormer,TxPert_GAT,hepg2,0,Support_only,20261002,20261002,3,87,87,0.6731316656014125,0.790978265855051,0.042529371509907744,0.4444444444444444,0.033272490860368126,0.03496458343874975,0.042139960779477535
TxPert_Exphormer,TxPert_GAT,hepg2,0,Support_only,20261002,20261002,4,87,87,0.6731316656014125,0.790978265855051,0.042529371509907744,0.4444444444444444,0.033272490860368126,0.03496458343874975,0.042139960779477535
TxPert_Exphormer,TxPert_GAT,hepg2,1,B1_HGB,20260930,20260930,0,80,80,0.8784027230273247,0.8389357712142523,0.046995062477808845,0.3125,0.040061025826551876,0.03858971015185598,0.04689147041698678
TxPert_Exphormer,TxPert_GAT,hepg2,1,B1_HGB,20260930,20260930,1,80,80,0.8784027230273247,0.8389357712142523,0.046995062477808845,0.3125,0.040061025826551876,0.03858971015185598,0.04689147041698678
TxPert_Exphormer,TxPert_GAT,hepg2,1,B1_HGB,20260930,20260930,2,80,80,0.8784027230273247,0.8389357712142523,0.046995062477808845,0.3125,0.040061025826551876,0.03858971015185598,0.04689147041698678
TxPert_Exphormer,TxPert_GAT,hepg2,1,B1_HGB,20260930,20260930,3,80,80,0.8784027230273247,0.8389357712142523,0.046995062477808845,0.3125,0.040061025826551876,0.03858971015185598,0.04689147041698678
TxPert_Exphormer,TxPert_GAT,hepg2,1,B1_HGB,20260930,20260930,4,80,80,0.8784027230273247,0.8389357712142523,0.046995062477808845,0.3125,0.040061025826551876,0.03858971015185598,0.04689147041698678
TxPert_Exphormer,TxPert_GAT,hepg2,1,B1_HGB,20261001,20261001,0,80,80,0.8784027230273247,0.8389357712142523,0.046995062477808845,0.3125,0.040061025826551876,0.03858971015185598,0.04689147041698678
TxPert_Exphormer,TxPert_GAT,hepg2,1,B1_HGB,20261001,20261001,1,80,80,0.8784027230273247,0.8389357712142523,0.046995062477808845,0.3125,0.040061025826551876,0.03858971015185598,0.04689147041698678
TxPert_Exphormer,TxPert_GAT,hepg2,1,B1_HGB,20261001,20261001,2,80,80,0.8784027230273247,0.8389357712142523,0.046995062477808845,0.3125,0.040061025826551876,0.03858971015185598,0.04689147041698678
TxPert_Exphormer,TxPert_GAT,hepg2,1,B1_HGB,20261001,20261001,3,80,80,0.8784027230273247,0.8389357712142523,0.046995062477808845,0.3125,0.040061025826551876,0.03858971015185598,0.04689147041698678
TxPert_Exphormer,TxPert_GAT,hepg2,1,B1_HGB,20261001,20261001,4,80,80,0.8784027230273247,0.8389357712142523,0.046995062477808845,0.3125,0.040061025826551876,0.03858971015185598,0.04689147041698678
TxPert_Exphormer,TxPert_GAT,hepg2,1,B1_HGB,20261002,20261002,0,80,80,0.8784027230273247,0.8389357712142523,0.046995062477808845,0.3125,0.040061025826551876,0.03858971015185598,0.04689147041698678
TxPert_Exphormer,TxPert_GAT,hepg2,1,B1_HGB,20261002,20261002,1,80,80,0.8784027230273247,0.8389357712142523,0.046995062477808845,0.3125,0.040061025826551876,0.03858971015185598,0.04689147041698678
TxPert_Exphormer,TxPert_GAT,hepg2,1,B1_HGB,20261002,20261002,2,80,80,0.8784027230273247,0.8389357712142523,0.046995062477808845,0.3125,0.040061025826551876,0.03858971015185598,0.04689147041698678
TxPert_Exphormer,TxPert_GAT,hepg2,1,B1_HGB,20261002,20261002,3,80,80,0.8784027230273247,0.8389357712142523,0.046995062477808845,0.3125,0.040061025826551876,0.03858971015185598,0.04689147041698678
TxPert_Exphormer,TxPert_GAT,hepg2,1,B1_HGB,20261002,20261002,4,80,80,0.8784027230273247,0.8389357712142523,0.046995062477808845,0.3125,0.040061025826551876,0.03858971015185598,0.04689147041698678
TxPert_Exphormer,TxPert_GAT,hepg2,1,B1_HGB_ContentNull,20260930,20260930,0,80,80,0.8872826868845923,0.8388420065635256,0.04703867960016981,0.25,0.04057432421509112,0.04001727998357135,0.046587704298617895
TxPert_Exphormer,TxPert_GAT,hepg2,1,B1_HGB_ContentNull,20260930,20260930,1,80,80,0.7925811827096263,0.8186591654946086,0.047356354790467035,0.375,0.04057432421509112,0.039216137534151194,0.04730745256916475
TxPert_Exphormer,TxPert_GAT,hepg2,1,B1_HGB_ContentNull,20260930,20260930,2,80,80,0.8334449345030426,0.8326300984528834,0.04716670791676716,0.3125,0.04133957444238879,0.03965679386037814,0.047015020220240976
TxPert_Exphormer,TxPert_GAT,hepg2,1,B1_HGB_ContentNull,20260930,20260930,3,80,80,0.8584297377418966,0.8131036099390531,0.04706531664262184,0.3125,0.03757249704436168,0.03958144055324797,0.04601833359345698
TxPert_Exphormer,TxPert_GAT,hepg2,1,B1_HGB_ContentNull,20260930,20260930,4,80,80,0.8420649655938776,0.8209798406000938,0.04688906382451595,0.3125,0.0381603766154021,0.03967100310315816,0.04668067212107702
TxPert_Exphormer,TxPert_GAT,hepg2,1,B1_HGB_ContentNull,20261001,20261001,0,80,80,0.8872826868845923,0.8388420065635256,0.04703867960016981,0.25,0.04057432421509112,0.04001727998357135,0.046587704298617895
TxPert_Exphormer,TxPert_GAT,hepg2,1,B1_HGB_ContentNull,20261001,20261001,1,80,80,0.7925811827096263,0.8186591654946086,0.047356354790467035,0.375,0.04057432421509112,0.039216137534151194,0.04730745256916475
TxPert_Exphormer,TxPert_GAT,hepg2,1,B1_HGB_ContentNull,20261001,20261001,2,80,80,0.8334449345030426,0.8326300984528834,0.04716670791676716,0.3125,0.04133957444238879,0.03965679386037814,0.047015020220240976
TxPert_Exphormer,TxPert_GAT,hepg2,1,B1_HGB_ContentNull,20261001,20261001,3,80,80,0.8584297377418966,0.8131036099390531,0.04706531664262184,0.3125,0.03757249704436168,0.03958144055324797,0.04601833359345698
TxPert_Exphormer,TxPert_GAT,hepg2,1,B1_HGB_ContentNull,20261001,20261001,4,80,80,0.8420649655938776,0.8209798406000938,0.04688906382451595,0.3125,0.0381603766154021,0.03967100310315816,0.04668067212107702
TxPert_Exphormer,TxPert_GAT,hepg2,1,B1_HGB_ContentNull,20261002,20261002,0,80,80,0.8872826868845923,0.8388420065635256,0.04703867960016981,0.25,0.04057432421509112,0.04001727998357135,0.046587704298617895
TxPert_Exphormer,TxPert_GAT,hepg2,1,B1_HGB_ContentNull,20261002,20261002,1,80,80,0.7925811827096263,0.8186591654946086,0.047356354790467035,0.375,0.04057432421509112,0.039216137534151194,0.04730745256916475
TxPert_Exphormer,TxPert_GAT,hepg2,1,B1_HGB_ContentNull,20261002,20261002,2,80,80,0.8334449345030426,0.8326300984528834,0.04716670791676716,0.3125,0.04133957444238879,0.03965679386037814,0.047015020220240976
TxPert_Exphormer,TxPert_GAT,hepg2,1,B1_HGB_ContentNull,20261002,20261002,3,80,80,0.8584297377418966,0.8131036099390531,0.04706531664262184,0.3125,0.03757249704436168,0.03958144055324797,0.04601833359345698
TxPert_Exphormer,TxPert_GAT,hepg2,1,B1_HGB_ContentNull,20261002,20261002,4,80,80,0.8420649655938776,0.8209798406000938,0.04688906382451595,0.3125,0.0381603766154021,0.03967100310315816,0.04668067212107702
TxPert_Exphormer,TxPert_GAT,hepg2,1,B2_Pointwise,20260930,20260930,0,80,80,0.7115287640222347,0.8184481950304736,0.04710430257761213,0.375,0.039025323295249686,0.039766562508399696,0.04615980885824852
TxPert_Exphormer,TxPert_GAT,hepg2,1,B2_Pointwise,20260930,20260930,1,80,80,0.7115287640222347,0.8184481950304736,0.04710430257761213,0.375,0.039025323295249686,0.039766562508399696,0.04615980885824852
TxPert_Exphormer,TxPert_GAT,hepg2,1,B2_Pointwise,20260930,20260930,2,80,80,0.7115287640222347,0.8184481950304736,0.04710430257761213,0.375,0.039025323295249686,0.039766562508399696,0.04615980885824852
TxPert_Exphormer,TxPert_GAT,hepg2,1,B2_Pointwise,20260930,20260930,3,80,80,0.7115287640222347,0.8184481950304736,0.04710430257761213,0.375,0.039025323295249686,0.039766562508399696,0.04615980885824852
TxPert_Exphormer,TxPert_GAT,hepg2,1,B2_Pointwise,20260930,20260930,4,80,80,0.7115287640222347,0.8184481950304736,0.04710430257761213,0.375,0.039025323295249686,0.039766562508399696,0.04615980885824852
TxPert_Exphormer,TxPert_GAT,hepg2,1,B2_Pointwise,20261001,20261001,0,80,80,0.8092271805363099,0.8265353961556494,0.04707755866937992,0.3125,0.0382858199671453,0.03858971015185598,0.04728667864260807
TxPert_Exphormer,TxPert_GAT,hepg2,1,B2_Pointwise,20261001,20261001,1,80,80,0.8092271805363099,0.8265353961556494,0.04707755866937992,0.3125,0.0382858199671453,0.03858971015185598,0.04728667864260807
TxPert_Exphormer,TxPert_GAT,hepg2,1,B2_Pointwise,20261001,20261001,2,80,80,0.8092271805363099,0.8265353961556494,0.04707755866937992,0.3125,0.0382858199671453,0.03858971015185598,0.04728667864260807
TxPert_Exphormer,TxPert_GAT,hepg2,1,B2_Pointwise,20261001,20261001,3,80,80,0.8092271805363099,0.8265353961556494,0.04707755866937992,0.3125,0.0382858199671453,0.03858971015185598,0.04728667864260807
TxPert_Exphormer,TxPert_GAT,hepg2,1,B2_Pointwise,20261001,20261001,4,80,80,0.8092271805363099,0.8265353961556494,0.04707755866937992,0.3125,0.0382858199671453,0.03858971015185598,0.04728667864260807
TxPert_Exphormer,TxPert_GAT,hepg2,1,B2_Pointwise,20261002,20261002,0,80,80,0.8025313703142468,0.8246366619784341,0.04692860135695632,0.375,0.036919841797586075,0.038589710151855985,0.046738136871424085
TxPert_Exphormer,TxPert_GAT,hepg2,1,B2_Pointwise,20261002,20261002,1,80,80,0.8025313703142468,0.8246366619784341,0.04692860135695632,0.375,0.036919841797586075,0.038589710151855985,0.046738136871424085
TxPert_Exphormer,TxPert_GAT,hepg2,1,B2_Pointwise,20261002,20261002,2,80,80,0.8025313703142468,0.8246366619784341,0.04692860135695632,0.375,0.036919841797586075,0.038589710151855985,0.046738136871424085
TxPert_Exphormer,TxPert_GAT,hepg2,1,B2_Pointwise,20261002,20261002,3,80,80,0.8025313703142468,0.8246366619784341,0.04692860135695632,0.375,0.036919841797586075,0.038589710151855985,0.046738136871424085
TxPert_Exphormer,TxPert_GAT,hepg2,1,B2_Pointwise,20261002,20261002,4,80,80,0.8025313703142468,0.8246366619784341,0.04692860135695632,0.375,0.036919841797586075,0.038589710151855985,0.046738136871424085
TxPert_Exphormer,TxPert_GAT,hepg2,1,B2_Pointwise_ContentNull,20260930,20260930,0,80,80,0.8284682265279532,0.8538209095171122,0.046941423073725355,0.3125,0.041482227459898297,0.039216137534151194,0.04637810232788407
TxPert_Exphormer,TxPert_GAT,hepg2,1,B2_Pointwise_ContentNull,20260930,20260930,1,80,80,0.8648337121662494,0.8218237224566339,0.047341973830333145,0.3125,0.03841307994394301,0.04074890843351521,0.046700516482183096
TxPert_Exphormer,TxPert_GAT,hepg2,1,B2_Pointwise_ContentNull,20260930,20260930,2,80,80,0.8377073854297183,0.8349507735583686,0.046923918422610525,0.3125,0.03754202748482236,0.0400363529754679,0.046509076974047193
TxPert_Exphormer,TxPert_GAT,hepg2,1,B2_Pointwise_ContentNull,20260930,20260930,3,80,80,0.8095809142297861,0.815939990623535,0.047173078056937996,0.3125,0.041445376674211776,0.039217051480754564,0.046311150042026294
TxPert_Exphormer,TxPert_GAT,hepg2,1,B2_Pointwise_ContentNull,20260930,20260930,4,80,80,0.8300491264489239,0.8154946085325833,0.04726263200732946,0.3125,0.03844993072962954,0.03967104995637112,0.046687816081231716
TxPert_Exphormer,TxPert_GAT,hepg2,1,B2_Pointwise_ContentNull,20261001,20261001,0,80,80,0.8714109680514367,0.8169245194561651,0.04729257344224207,0.25,0.04057432421509112,0.03967104995637112,0.04664563504826526
TxPert_Exphormer,TxPert_GAT,hepg2,1,B2_Pointwise_ContentNull,20261001,20261001,1,80,80,0.8252900591148986,0.8093999062353493,0.04734896642340222,0.3125,0.041445376674211776,0.03899003310494811,0.04692600349848387
TxPert_Exphormer,TxPert_GAT,hepg2,1,B2_Pointwise_ContentNull,20261001,20261001,2,80,80,0.8420649655938776,0.8340600093764651,0.04692665052158654,0.3125,0.03814369499118084,0.039010729423246814,0.04756879512658372
TxPert_Exphormer,TxPert_GAT,hepg2,1,B2_Pointwise_ContentNull,20261001,20261001,3,80,80,0.8749668744295171,0.8061884669479608,0.04723441107469695,0.25,0.03814369499118084,0.03848869353341283,0.04697504701328002
TxPert_Exphormer,TxPert_GAT,hepg2,1,B2_Pointwise_ContentNull,20261001,20261001,4,80,80,0.8749668744295171,0.8200656352555088,0.04743147665674043,0.25,0.044127957736880476,0.04001727998357135,0.046366988199727274
TxPert_Exphormer,TxPert_GAT,hepg2,1,B2_Pointwise_ContentNull,20261002,20261002,0,80,80,0.8714109680514367,0.8323488045007033,0.047170220467047476,0.25,0.041482227459898297,0.039671049956371114,0.0470867391815898
TxPert_Exphormer,TxPert_GAT,hepg2,1,B2_Pointwise_ContentNull,20261002,20261002,1,80,80,0.816152414072878,0.8243553680262542,0.04731831582247089,0.3125,0.03841307994394301,0.04060321742979811,0.047270230991832
TxPert_Exphormer,TxPert_GAT,hepg2,1,B2_Pointwise_ContentNull,20261002,20261002,2,80,80,0.8026330522190369,0.8283169245194562,0.047094626524730995,0.375,0.041445376674211776,0.03967104995637112,0.04716483266551394
TxPert_Exphormer,TxPert_GAT,hepg2,1,B2_Pointwise_ContentNull,20261002,20261002,3,80,80,0.7620974111504114,0.7912798874824191,0.047528934787860744,0.4375,0.04057432421509113,0.03914901406653713,0.04693501969007512
TxPert_Exphormer,TxPert_GAT,hepg2,1,B2_Pointwise_ContentNull,20261002,20261002,4,80,80,0.8420649655938776,0.8353727144866386,0.047026274112597834,0.3125,0.04073790693603031,0.039216137534151194,0.046584831193561896
TxPert_Exphormer,TxPert_GAT,hepg2,1,Support_only,20260930,20260930,0,80,80,0.882163716181696,0.8145804031879981,0.04718165208852414,0.25,0.0394487824752452,0.03967104995637112,0.046749834201633624
TxPert_Exphormer,TxPert_GAT,hepg2,1,Support_only,20260930,20260930,1,80,80,0.882163716181696,0.8145804031879981,0.04718165208852414,0.25,0.0394487824752452,0.03967104995637112,0.046749834201633624
TxPert_Exphormer,TxPert_GAT,hepg2,1,Support_only,20260930,20260930,2,80,80,0.882163716181696,0.8145804031879981,0.04718165208852414,0.25,0.0394487824752452,0.03967104995637112,0.046749834201633624
TxPert_Exphormer,TxPert_GAT,hepg2,1,Support_only,20260930,20260930,3,80,80,0.882163716181696,0.8145804031879981,0.04718165208852414,0.25,0.0394487824752452,0.03967104995637112,0.046749834201633624
TxPert_Exphormer,TxPert_GAT,hepg2,1,Support_only,20260930,20260930,4,80,80,0.882163716181696,0.8145804031879981,0.04718165208852414,0.25,0.0394487824752452,0.03967104995637112,0.046749834201633624
TxPert_Exphormer,TxPert_GAT,hepg2,1,Support_only,20261001,20261001,0,80,80,0.882163716181696,0.8145804031879981,0.04718165208852414,0.25,0.0394487824752452,0.03967104995637112,0.046749834201633624
TxPert_Exphormer,TxPert_GAT,hepg2,1,Support_only,20261001,20261001,1,80,80,0.882163716181696,0.8145804031879981,0.04718165208852414,0.25,0.0394487824752452,0.03967104995637112,0.046749834201633624
TxPert_Exphormer,TxPert_GAT,hepg2,1,Support_only,20261001,20261001,2,80,80,0.882163716181696,0.8145804031879981,0.04718165208852414,0.25,0.0394487824752452,0.03967104995637112,0.046749834201633624
TxPert_Exphormer,TxPert_GAT,hepg2,1,Support_only,20261001,20261001,3,80,80,0.882163716181696,0.8145804031879981,0.04718165208852414,0.25,0.0394487824752452,0.03967104995637112,0.046749834201633624
TxPert_Exphormer,TxPert_GAT,hepg2,1,Support_only,20261001,20261001,4,80,80,0.882163716181696,0.8145804031879981,0.04718165208852414,0.25,0.0394487824752452,0.03967104995637112,0.046749834201633624
TxPert_Exphormer,TxPert_GAT,hepg2,1,Support_only,20261002,20261002,0,80,80,0.882163716181696,0.8145804031879981,0.04718165208852414,0.25,0.0394487824752452,0.03967104995637112,0.046749834201633624
TxPert_Exphormer,TxPert_GAT,hepg2,1,Support_only,20261002,20261002,1,80,80,0.882163716181696,0.8145804031879981,0.04718165208852414,0.25,0.0394487824752452,0.03967104995637112,0.046749834201633624
TxPert_Exphormer,TxPert_GAT,hepg2,1,Support_only,20261002,20261002,2,80,80,0.882163716181696,0.8145804031879981,0.04718165208852414,0.25,0.0394487824752452,0.03967104995637112,0.046749834201633624
TxPert_Exphormer,TxPert_GAT,hepg2,1,Support_only,20261002,20261002,3,80,80,0.882163716181696,0.8145804031879981,0.04718165208852414,0.25,0.0394487824752452,0.03967104995637112,0.046749834201633624
TxPert_Exphormer,TxPert_GAT,hepg2,1,Support_only,20261002,20261002,4,80,80,0.882163716181696,0.8145804031879981,0.04718165208852414,0.25,0.0394487824752452,0.03967104995637112,0.046749834201633624
TxPert_Exphormer,TxPert_GAT,hepg2,2,B1_HGB,20260930,20260930,0,83,83,0.9166404651245054,0.8139666680659922,0.04413171580642174,0.17647058823529416,0.035405384779052224,0.038652347660998274,0.04391611037380849
TxPert_Exphormer,TxPert_GAT,hepg2,2,B1_HGB,20260930,20260930,1,83,83,0.9166404651245054,0.8139666680659922,0.04413171580642174,0.17647058823529416,0.035405384779052224,0.038652347660998274,0.04391611037380849
TxPert_Exphormer,TxPert_GAT,hepg2,2,B1_HGB,20260930,20260930,2,83,83,0.9166404651245054,0.8139666680659922,0.04413171580642174,0.17647058823529416,0.035405384779052224,0.038652347660998274,0.04391611037380849
TxPert_Exphormer,TxPert_GAT,hepg2,2,B1_HGB,20260930,20260930,3,83,83,0.9166404651245054,0.8139666680659922,0.04413171580642174,0.17647058823529416,0.035405384779052224,0.038652347660998274,0.04391611037380849
TxPert_Exphormer,TxPert_GAT,hepg2,2,B1_HGB,20260930,20260930,4,83,83,0.9166404651245054,0.8139666680659922,0.04413171580642174,0.17647058823529416,0.035405384779052224,0.038652347660998274,0.04391611037380849
TxPert_Exphormer,TxPert_GAT,hepg2,2,B1_HGB,20261001,20261001,0,83,83,0.9166404651245054,0.8139666680659922,0.04413171580642174,0.17647058823529416,0.035405384779052224,0.038652347660998274,0.04391611037380849
TxPert_Exphormer,TxPert_GAT,hepg2,2,B1_HGB,20261001,20261001,1,83,83,0.9166404651245054,0.8139666680659922,0.04413171580642174,0.17647058823529416,0.035405384779052224,0.038652347660998274,0.04391611037380849
TxPert_Exphormer,TxPert_GAT,hepg2,2,B1_HGB,20261001,20261001,2,83,83,0.9166404651245054,0.8139666680659922,0.04413171580642174,0.17647058823529416,0.035405384779052224,0.038652347660998274,0.04391611037380849
TxPert_Exphormer,TxPert_GAT,hepg2,2,B1_HGB,20261001,20261001,3,83,83,0.9166404651245054,0.8139666680659922,0.04413171580642174,0.17647058823529416,0.035405384779052224,0.038652347660998274,0.04391611037380849
TxPert_Exphormer,TxPert_GAT,hepg2,2,B1_HGB,20261001,20261001,4,83,83,0.9166404651245054,0.8139666680659922,0.04413171580642174,0.17647058823529416,0.035405384779052224,0.038652347660998274,0.04391611037380849
TxPert_Exphormer,TxPert_GAT,hepg2,2,B1_HGB,20261002,20261002,0,83,83,0.9166404651245054,0.8139666680659922,0.04413171580642174,0.17647058823529416,0.035405384779052224,0.038652347660998274,0.04391611037380849
TxPert_Exphormer,TxPert_GAT,hepg2,2,B1_HGB,20261002,20261002,1,83,83,0.9166404651245054,0.8139666680659922,0.04413171580642174,0.17647058823529416,0.035405384779052224,0.038652347660998274,0.04391611037380849
TxPert_Exphormer,TxPert_GAT,hepg2,2,B1_HGB,20261002,20261002,2,83,83,0.9166404651245054,0.8139666680659922,0.04413171580642174,0.17647058823529416,0.035405384779052224,0.038652347660998274,0.04391611037380849
TxPert_Exphormer,TxPert_GAT,hepg2,2,B1_HGB,20261002,20261002,3,83,83,0.9166404651245054,0.8139666680659922,0.04413171580642174,0.17647058823529416,0.035405384779052224,0.038652347660998274,0.04391611037380849
TxPert_Exphormer,TxPert_GAT,hepg2,2,B1_HGB,20261002,20261002,4,83,83,0.9166404651245054,0.8139666680659922,0.04413171580642174,0.17647058823529416,0.035405384779052224,0.038652347660998274,0.04391611037380849
TxPert_Exphormer,TxPert_GAT,hepg2,2,B1_HGB_ContentNull,20260930,20260930,0,83,83,0.9184352122334639,0.7790395029595734,0.044598958048649384,0.17647058823529416,0.03673957348494532,0.038432894405900205,0.04356555831027165
TxPert_Exphormer,TxPert_GAT,hepg2,2,B1_HGB_ContentNull,20260930,20260930,1,83,83,0.9234711728331493,0.7887997984971242,0.044544970408776106,0.17647058823529416,0.03728722979674928,0.04077091965455997,0.04413193650124975
TxPert_Exphormer,TxPert_GAT,hepg2,2,B1_HGB_ContentNull,20260930,20260930,2,83,83,0.7824889228877469,0.7712312665295327,0.04472326160536701,0.2941176470588235,0.03817959117130318,0.041387993169984746,0.0438327228010999
TxPert_Exphormer,TxPert_GAT,hepg2,2,B1_HGB_ContentNull,20260930,20260930,3,83,83,0.8763166953793995,0.7631291717392216,0.04470741757078863,0.23529411764705888,0.03509788860915596,0.03864320626485853,0.044023710879100404
TxPert_Exphormer,TxPert_GAT,hepg2,2,B1_HGB_ContentNull,20260930,20260930,4,83,83,0.7609327091848119,0.762541455018681,0.04475629255644989,0.3529411764705882,0.035762208397603024,0.0404524589549831,0.04425633204779153
TxPert_Exphormer,TxPert_GAT,hepg2,2,B1_HGB_ContentNull,20261001,20261001,0,83,83,0.9184352122334639,0.7790395029595734,0.044598958048649384,0.17647058823529416,0.03673957348494532,0.038432894405900205,0.04356555831027165
TxPert_Exphormer,TxPert_GAT,hepg2,2,B1_HGB_ContentNull,20261001,20261001,1,83,83,0.9234711728331493,0.7887997984971242,0.044544970408776106,0.17647058823529416,0.03728722979674928,0.04077091965455997,0.04413193650124975
TxPert_Exphormer,TxPert_GAT,hepg2,2,B1_HGB_ContentNull,20261001,20261001,2,83,83,0.7824889228877469,0.7712312665295327,0.04472326160536701,0.2941176470588235,0.03817959117130318,0.041387993169984746,0.0438327228010999
TxPert_Exphormer,TxPert_GAT,hepg2,2,B1_HGB_ContentNull,20261001,20261001,3,83,83,0.8763166953793995,0.7631291717392216,0.04470741757078863,0.23529411764705888,0.03509788860915596,0.03864320626485853,0.044023710879100404
TxPert_Exphormer,TxPert_GAT,hepg2,2,B1_HGB_ContentNull,20261001,20261001,4,83,83,0.7609327091848119,0.762541455018681,0.04475629255644989,0.3529411764705882,0.035762208397603024,0.0404524589549831,0.04425633204779153
TxPert_Exphormer,TxPert_GAT,hepg2,2,B1_HGB_ContentNull,20261002,20261002,0,83,83,0.9184352122334639,0.7790395029595734,0.044598958048649384,0.17647058823529416,0.03673957348494532,0.038432894405900205,0.04356555831027165
TxPert_Exphormer,TxPert_GAT,hepg2,2,B1_HGB_ContentNull,20261002,20261002,1,83,83,0.9234711728331493,0.7887997984971242,0.044544970408776106,0.17647058823529416,0.03728722979674928,0.04077091965455997,0.04413193650124975
TxPert_Exphormer,TxPert_GAT,hepg2,2,B1_HGB_ContentNull,20261002,20261002,2,83,83,0.7824889228877469,0.7712312665295327,0.04472326160536701,0.2941176470588235,0.03817959117130318,0.041387993169984746,0.0438327228010999
TxPert_Exphormer,TxPert_GAT,hepg2,2,B1_HGB_ContentNull,20261002,20261002,3,83,83,0.8763166953793995,0.7631291717392216,0.04470741757078863,0.23529411764705888,0.03509788860915596,0.03864320626485853,0.044023710879100404
TxPert_Exphormer,TxPert_GAT,hepg2,2,B1_HGB_ContentNull,20261002,20261002,4,83,83,0.7609327091848119,0.762541455018681,0.04475629255644989,0.3529411764705882,0.035762208397603024,0.0404524589549831,0.04425633204779153
TxPert_Exphormer,TxPert_GAT,hepg2,2,B2_Pointwise,20260930,20260930,0,83,83,0.8997983347651188,0.8254061542336594,0.044144524186252726,0.23529411764705888,0.03600946333823988,0.03849728412855513,0.042659786119146094
TxPert_Exphormer,TxPert_GAT,hepg2,2,B2_Pointwise,20260930,20260930,1,83,83,0.8997983347651188,0.8254061542336594,0.044144524186252726,0.23529411764705888,0.03600946333823988,0.03849728412855513,0.042659786119146094
TxPert_Exphormer,TxPert_GAT,hepg2,2,B2_Pointwise,20260930,20260930,2,83,83,0.8997983347651188,0.8254061542336594,0.044144524186252726,0.23529411764705888,0.03600946333823988,0.03849728412855513,0.042659786119146094
TxPert_Exphormer,TxPert_GAT,hepg2,2,B2_Pointwise,20260930,20260930,3,83,83,0.8997983347651188,0.8254061542336594,0.044144524186252726,0.23529411764705888,0.03600946333823988,0.03849728412855513,0.042659786119146094
TxPert_Exphormer,TxPert_GAT,hepg2,2,B2_Pointwise,20260930,20260930,4,83,83,0.8997983347651188,0.8254061542336594,0.044144524186252726,0.23529411764705888,0.03600946333823988,0.03849728412855513,0.042659786119146094
TxPert_Exphormer,TxPert_GAT,hepg2,2,B2_Pointwise,20261001,20261001,0,83,83,0.8997983347651184,0.8219848033247974,0.044199695865469416,0.23529411764705888,0.0364956206250748,0.03785355307402629,0.04319883921679238
TxPert_Exphormer,TxPert_GAT,hepg2,2,B2_Pointwise,20261001,20261001,1,83,83,0.8997983347651184,0.8219848033247974,0.044199695865469416,0.23529411764705888,0.0364956206250748,0.03785355307402629,0.04319883921679238
TxPert_Exphormer,TxPert_GAT,hepg2,2,B2_Pointwise,20261001,20261001,2,83,83,0.8997983347651184,0.8219848033247974,0.044199695865469416,0.23529411764705888,0.0364956206250748,0.03785355307402629,0.04319883921679238
TxPert_Exphormer,TxPert_GAT,hepg2,2,B2_Pointwise,20261001,20261001,3,83,83,0.8997983347651184,0.8219848033247974,0.044199695865469416,0.23529411764705888,0.0364956206250748,0.03785355307402629,0.04319883921679238
TxPert_Exphormer,TxPert_GAT,hepg2,2,B2_Pointwise,20261001,20261001,4,83,83,0.8997983347651184,0.8219848033247974,0.044199695865469416,0.23529411764705888,0.0364956206250748,0.03785355307402629,0.04319883921679238
TxPert_Exphormer,TxPert_GAT,hepg2,2,B2_Pointwise,20261002,20261002,0,83,83,0.8997983347651184,0.8045212207715879,0.044570708299136334,0.23529411764705888,0.03680107250991436,0.04142322330620073,0.0438185339824347
TxPert_Exphormer,TxPert_GAT,hepg2,2,B2_Pointwise,20261002,20261002,1,83,83,0.8997983347651184,0.8045212207715879,0.044570708299136334,0.23529411764705888,0.03680107250991436,0.04142322330620073,0.0438185339824347
TxPert_Exphormer,TxPert_GAT,hepg2,2,B2_Pointwise,20261002,20261002,2,83,83,0.8997983347651184,0.8045212207715879,0.044570708299136334,0.23529411764705888,0.03680107250991436,0.04142322330620073,0.0438185339824347
TxPert_Exphormer,TxPert_GAT,hepg2,2,B2_Pointwise,20261002,20261002,3,83,83,0.8997983347651184,0.8045212207715879,0.044570708299136334,0.23529411764705888,0.03680107250991436,0.04142322330620073,0.0438185339824347
TxPert_Exphormer,TxPert_GAT,hepg2,2,B2_Pointwise,20261002,20261002,4,83,83,0.8997983347651184,0.8045212207715879,0.044570708299136334,0.23529411764705888,0.03680107250991436,0.04142322330620073,0.0438185339824347
TxPert_Exphormer,TxPert_GAT,hepg2,2,B2_Pointwise_ContentNull,20260930,20260930,0,83,83,0.9234711728331497,0.772301750556232,0.0448918051290783,0.17647058823529416,0.036196368457146015,0.041389034038691416,0.04381449770046111
TxPert_Exphormer,TxPert_GAT,hepg2,2,B2_Pointwise_ContentNull,20260930,20260930,1,83,83,0.8228010485520801,0.80072205197095,0.04428543073881192,0.2941176470588235,0.03674089996879649,0.0393372693183621,0.044155267215729904
TxPert_Exphormer,TxPert_GAT,hepg2,2,B2_Pointwise_ContentNull,20260930,20260930,2,83,83,0.8485969336821992,0.7437135300785022,0.044973399999443,0.23529411764705888,0.03647640727054477,0.04062169376203223,0.04468046044471467
TxPert_Exphormer,TxPert_GAT,hepg2,2,B2_Pointwise_ContentNull,20260930,20260930,3,83,83,0.7990415990641762,0.7724276898534905,0.044585261123928424,0.2941176470588235,0.03558404589599088,0.0399911367379995,0.04418935963998935
TxPert_Exphormer,TxPert_GAT,hepg2,2,B2_Pointwise_ContentNull,20260930,20260930,4,83,83,0.8412977736811297,0.7752823139246882,0.04452842590641204,0.2941176470588235,0.03576220839760302,0.040326464086614375,0.04379051923909355
TxPert_Exphormer,TxPert_GAT,hepg2,2,B2_Pointwise_ContentNull,20261001,20261001,0,83,83,0.9527460086536632,0.7678938751521766,0.044873314968481445,0.11764705882352944,0.038282928242926825,0.0376629168488667,0.044052062777792174
TxPert_Exphormer,TxPert_GAT,hepg2,2,B2_Pointwise_ContentNull,20261001,20261001,1,83,83,0.8485969336821988,0.7915284832710633,0.044364015705107694,0.23529411764705888,0.036071943808779434,0.03880012807001744,0.04412025290619524
TxPert_Exphormer,TxPert_GAT,hepg2,2,B2_Pointwise_ContentNull,20261001,20261001,2,83,83,0.8632614508243353,0.784244993912934,0.04442775324210286,0.2941176470588235,0.03754210038200123,0.03857501384533112,0.04421281651602075
TxPert_Exphormer,TxPert_GAT,hepg2,2,B2_Pointwise_ContentNull,20261001,20261001,3,83,83,0.8657899094343469,0.7785147558876621,0.044542675019641834,0.23529411764705888,0.036495620625074804,0.03900027899122814,0.043947413434462124
TxPert_Exphormer,TxPert_GAT,hepg2,2,B2_Pointwise_ContentNull,20261001,20261001,4,83,83,0.8412977736811297,0.7811175013643423,0.04444917643057797,0.2941176470588235,0.03565096655671586,0.0392541819743137,0.044359337864242676
TxPert_Exphormer,TxPert_GAT,hepg2,2,B2_Pointwise_ContentNull,20261002,20261002,0,83,83,0.9244938999484377,0.7729944166911549,0.04479429057672251,0.17647058823529416,0.0368639981333119,0.04243459745098666,0.0440748467150886
TxPert_Exphormer,TxPert_GAT,hepg2,2,B2_Pointwise_ContentNull,20261002,20261002,1,83,83,0.9184352122334639,0.8059275429243105,0.044215238435942786,0.17647058823529416,0.03498026626262232,0.03952617593994781,0.04361115004074472
TxPert_Exphormer,TxPert_GAT,hepg2,2,B2_Pointwise_ContentNull,20261002,20261002,2,83,83,0.9244938999484381,0.7967549641073002,0.0442126091320032,0.17647058823529416,0.035838916481242836,0.03769581143849019,0.044427484772551616
TxPert_Exphormer,TxPert_GAT,hepg2,2,B2_Pointwise_ContentNull,20261002,20261002,3,83,83,0.8368983863381474,0.771063347466521,0.04461988994280471,0.23529411764705888,0.03781536618660624,0.038872153495061734,0.0442927664351083
TxPert_Exphormer,TxPert_GAT,hepg2,2,B2_Pointwise_ContentNull,20261002,20261002,4,83,83,0.8412977736811301,0.7945510264052725,0.0442457556867944,0.2941176470588235,0.03532771128158375,0.04015961824895421,0.04379051923909355
TxPert_Exphormer,TxPert_GAT,hepg2,2,Support_only,20260930,20260930,0,83,83,0.8485969336821988,0.7824859498341951,0.04446625158929807,0.23529411764705888,0.037011916798773664,0.03963472980300956,0.04453696728977524
TxPert_Exphormer,TxPert_GAT,hepg2,2,Support_only,20260930,20260930,1,83,83,0.8485969336821988,0.7824859498341951,0.04446625158929807,0.23529411764705888,0.037011916798773664,0.03963472980300956,0.04453696728977524
TxPert_Exphormer,TxPert_GAT,hepg2,2,Support_only,20260930,20260930,2,83,83,0.8485969336821988,0.7824859498341951,0.04446625158929807,0.23529411764705888,0.037011916798773664,0.03963472980300956,0.04453696728977524
TxPert_Exphormer,TxPert_GAT,hepg2,2,Support_only,20260930,20260930,3,83,83,0.8485969336821988,0.7824859498341951,0.04446625158929807,0.23529411764705888,0.037011916798773664,0.03963472980300956,0.04453696728977524
TxPert_Exphormer,TxPert_GAT,hepg2,2,Support_only,20260930,20260930,4,83,83,0.8485969336821988,0.7824859498341951,0.04446625158929807,0.23529411764705888,0.037011916798773664,0.03963472980300956,0.04453696728977524
TxPert_Exphormer,TxPert_GAT,hepg2,2,Support_only,20261001,20261001,0,83,83,0.8485969336821988,0.7824859498341951,0.04446625158929807,0.23529411764705888,0.037011916798773664,0.03963472980300956,0.04453696728977524
TxPert_Exphormer,TxPert_GAT,hepg2,2,Support_only,20261001,20261001,1,83,83,0.8485969336821988,0.7824859498341951,0.04446625158929807,0.23529411764705888,0.037011916798773664,0.03963472980300956,0.04453696728977524
TxPert_Exphormer,TxPert_GAT,hepg2,2,Support_only,20261001,20261001,2,83,83,0.8485969336821988,0.7824859498341951,0.04446625158929807,0.23529411764705888,0.037011916798773664,0.03963472980300956,0.04453696728977524
TxPert_Exphormer,TxPert_GAT,hepg2,2,Support_only,20261001,20261001,3,83,83,0.8485969336821988,0.7824859498341951,0.04446625158929807,0.23529411764705888,0.037011916798773664,0.03963472980300956,0.04453696728977524
TxPert_Exphormer,TxPert_GAT,hepg2,2,Support_only,20261001,20261001,4,83,83,0.8485969336821988,0.7824859498341951,0.04446625158929807,0.23529411764705888,0.037011916798773664,0.03963472980300956,0.04453696728977524
TxPert_Exphormer,TxPert_GAT,hepg2,2,Support_only,20261002,20261002,0,83,83,0.8485969336821988,0.7824859498341951,0.04446625158929807,0.23529411764705888,0.037011916798773664,0.03963472980300956,0.04453696728977524
TxPert_Exphormer,TxPert_GAT,hepg2,2,Support_only,20261002,20261002,1,83,83,0.8485969336821988,0.7824859498341951,0.04446625158929807,0.23529411764705888,0.037011916798773664,0.03963472980300956,0.04453696728977524
TxPert_Exphormer,TxPert_GAT,hepg2,2,Support_only,20261002,20261002,2,83,83,0.8485969336821988,0.7824859498341951,0.04446625158929807,0.23529411764705888,0.037011916798773664,0.03963472980300956,0.04453696728977524
TxPert_Exphormer,TxPert_GAT,hepg2,2,Support_only,20261002,20261002,3,83,83,0.8485969336821988,0.7824859498341951,0.04446625158929807,0.23529411764705888,0.037011916798773664,0.03963472980300956,0.04453696728977524
TxPert_Exphormer,TxPert_GAT,hepg2,2,Support_only,20261002,20261002,4,83,83,0.8485969336821988,0.7824859498341951,0.04446625158929807,0.23529411764705888,0.037011916798773664,0.03963472980300956,0.04453696728977524
TxPert_Exphormer,TxPert_GAT,hepg2,3,B1_HGB,20260930,20260930,0,82,82,0.9325027471339982,0.7586443334312862,0.04425635481089956,0.17647058823529416,0.036884397496182386,0.039921256981579896,0.04411933502363985
TxPert_Exphormer,TxPert_GAT,hepg2,3,B1_HGB,20260930,20260930,1,82,82,0.9325027471339982,0.7586443334312862,0.04425635481089956,0.17647058823529416,0.036884397496182386,0.039921256981579896,0.04411933502363985
TxPert_Exphormer,TxPert_GAT,hepg2,3,B1_HGB,20260930,20260930,2,82,82,0.9325027471339982,0.7586443334312862,0.04425635481089956,0.17647058823529416,0.036884397496182386,0.039921256981579896,0.04411933502363985
TxPert_Exphormer,TxPert_GAT,hepg2,3,B1_HGB,20260930,20260930,3,82,82,0.9325027471339982,0.7586443334312862,0.04425635481089956,0.17647058823529416,0.036884397496182386,0.039921256981579896,0.04411933502363985
TxPert_Exphormer,TxPert_GAT,hepg2,3,B1_HGB,20260930,20260930,4,82,82,0.9325027471339982,0.7586443334312862,0.04425635481089956,0.17647058823529416,0.036884397496182386,0.039921256981579896,0.04411933502363985
TxPert_Exphormer,TxPert_GAT,hepg2,3,B1_HGB,20261001,20261001,0,82,82,0.9325027471339982,0.7586443334312862,0.04425635481089956,0.17647058823529416,0.036884397496182386,0.039921256981579896,0.04411933502363985
TxPert_Exphormer,TxPert_GAT,hepg2,3,B1_HGB,20261001,20261001,1,82,82,0.9325027471339982,0.7586443334312862,0.04425635481089956,0.17647058823529416,0.036884397496182386,0.039921256981579896,0.04411933502363985
TxPert_Exphormer,TxPert_GAT,hepg2,3,B1_HGB,20261001,20261001,2,82,82,0.9325027471339982,0.7586443334312862,0.04425635481089956,0.17647058823529416,0.036884397496182386,0.039921256981579896,0.04411933502363985
TxPert_Exphormer,TxPert_GAT,hepg2,3,B1_HGB,20261001,20261001,3,82,82,0.9325027471339982,0.7586443334312862,0.04425635481089956,0.17647058823529416,0.036884397496182386,0.039921256981579896,0.04411933502363985
TxPert_Exphormer,TxPert_GAT,hepg2,3,B1_HGB,20261001,20261001,4,82,82,0.9325027471339982,0.7586443334312862,0.04425635481089956,0.17647058823529416,0.036884397496182386,0.039921256981579896,0.04411933502363985
TxPert_Exphormer,TxPert_GAT,hepg2,3,B1_HGB,20261002,20261002,0,82,82,0.9325027471339982,0.7586443334312862,0.04425635481089956,0.17647058823529416,0.036884397496182386,0.039921256981579896,0.04411933502363985
TxPert_Exphormer,TxPert_GAT,hepg2,3,B1_HGB,20261002,20261002,1,82,82,0.9325027471339982,0.7586443334312862,0.04425635481089956,0.17647058823529416,0.036884397496182386,0.039921256981579896,0.04411933502363985
TxPert_Exphormer,TxPert_GAT,hepg2,3,B1_HGB,20261002,20261002,2,82,82,0.9325027471339982,0.7586443334312862,0.04425635481089956,0.17647058823529416,0.036884397496182386,0.039921256981579896,0.04411933502363985
TxPert_Exphormer,TxPert_GAT,hepg2,3,B1_HGB,20261002,20261002,3,82,82,0.9325027471339982,0.7586443334312862,0.04425635481089956,0.17647058823529416,0.036884397496182386,0.039921256981579896,0.04411933502363985
TxPert_Exphormer,TxPert_GAT,hepg2,3,B1_HGB,20261002,20261002,4,82,82,0.9325027471339982,0.7586443334312862,0.04425635481089956,0.17647058823529416,0.036884397496182386,0.039921256981579896,0.04411933502363985
TxPert_Exphormer,TxPert_GAT,hepg2,3,B1_HGB_ContentNull,20260930,20260930,0,82,82,0.8689566635244224,0.7218358528966815,0.0447575272092567,0.23529411764705888,0.03996518940399699,0.040287692665686645,0.04464074415840726
TxPert_Exphormer,TxPert_GAT,hepg2,3,B1_HGB_ContentNull,20260930,20260930,1,82,82,0.8000423530091836,0.7345261806031715,0.04461296324406778,0.2941176470588235,0.037441979287381785,0.04128022483985217,0.04294312745845603
TxPert_Exphormer,TxPert_GAT,hepg2,3,B1_HGB_ContentNull,20260930,20260930,2,82,82,0.8339181110556037,0.7721618180037222,0.044157018860893155,0.2941176470588235,0.0377375508215362,0.040111722299443556,0.04358316625519292
TxPert_Exphormer,TxPert_GAT,hepg2,3,B1_HGB_ContentNull,20260930,20260930,3,82,82,0.8689566635244224,0.7345479478891175,0.04451052626795695,0.23529411764705888,0.03874016474134848,0.04142331606880051,0.04479193453530301
TxPert_Exphormer,TxPert_GAT,hepg2,3,B1_HGB_ContentNull,20260930,20260930,4,82,82,0.9188468895630835,0.7227283116204657,0.04462868909773222,0.23529411764705888,0.038491294260917464,0.041011018017294086,0.04315999224360948
TxPert_Exphormer,TxPert_GAT,hepg2,3,B1_HGB_ContentNull,20261001,20261001,0,82,82,0.8689566635244224,0.7218358528966815,0.0447575272092567,0.23529411764705888,0.03996518940399699,0.040287692665686645,0.04464074415840726
TxPert_Exphormer,TxPert_GAT,hepg2,3,B1_HGB_ContentNull,20261001,20261001,1,82,82,0.8000423530091836,0.7345261806031715,0.04461296324406778,0.2941176470588235,0.037441979287381785,0.04128022483985217,0.04294312745845603
TxPert_Exphormer,TxPert_GAT,hepg2,3,B1_HGB_ContentNull,20261001,20261001,2,82,82,0.8339181110556037,0.7721618180037222,0.044157018860893155,0.2941176470588235,0.0377375508215362,0.040111722299443556,0.04358316625519292
TxPert_Exphormer,TxPert_GAT,hepg2,3,B1_HGB_ContentNull,20261001,20261001,3,82,82,0.8689566635244224,0.7345479478891175,0.04451052626795695,0.23529411764705888,0.03874016474134848,0.04142331606880051,0.04479193453530301
TxPert_Exphormer,TxPert_GAT,hepg2,3,B1_HGB_ContentNull,20261001,20261001,4,82,82,0.9188468895630835,0.7227283116204657,0.04462868909773222,0.23529411764705888,0.038491294260917464,0.041011018017294086,0.04315999224360948
TxPert_Exphormer,TxPert_GAT,hepg2,3,B1_HGB_ContentNull,20261002,20261002,0,82,82,0.8689566635244224,0.7218358528966815,0.0447575272092567,0.23529411764705888,0.03996518940399699,0.040287692665686645,0.04464074415840726
TxPert_Exphormer,TxPert_GAT,hepg2,3,B1_HGB_ContentNull,20261002,20261002,1,82,82,0.8000423530091836,0.7345261806031715,0.04461296324406778,0.2941176470588235,0.037441979287381785,0.04128022483985217,0.04294312745845603
TxPert_Exphormer,TxPert_GAT,hepg2,3,B1_HGB_ContentNull,20261002,20261002,2,82,82,0.8339181110556037,0.7721618180037222,0.044157018860893155,0.2941176470588235,0.0377375508215362,0.040111722299443556,0.04358316625519292
TxPert_Exphormer,TxPert_GAT,hepg2,3,B1_HGB_ContentNull,20261002,20261002,3,82,82,0.8689566635244224,0.7345479478891175,0.04451052626795695,0.23529411764705888,0.03874016474134848,0.04142331606880051,0.04479193453530301
TxPert_Exphormer,TxPert_GAT,hepg2,3,B1_HGB_ContentNull,20261002,20261002,4,82,82,0.9188468895630835,0.7227283116204657,0.04462868909773222,0.23529411764705888,0.038491294260917464,0.041011018017294086,0.04315999224360948
TxPert_Exphormer,TxPert_GAT,hepg2,3,B2_Pointwise,20260930,20260930,0,82,82,0.9325027471339982,0.803920288198866,0.043946023896023326,0.17647058823529416,0.03654088033555847,0.03840816361660191,0.04292476038150156
TxPert_Exphormer,TxPert_GAT,hepg2,3,B2_Pointwise,20260930,20260930,1,82,82,0.9325027471339982,0.803920288198866,0.043946023896023326,0.17647058823529416,0.03654088033555847,0.03840816361660191,0.04292476038150156
TxPert_Exphormer,TxPert_GAT,hepg2,3,B2_Pointwise,20260930,20260930,2,82,82,0.9325027471339982,0.803920288198866,0.043946023896023326,0.17647058823529416,0.03654088033555847,0.03840816361660191,0.04292476038150156
TxPert_Exphormer,TxPert_GAT,hepg2,3,B2_Pointwise,20260930,20260930,3,82,82,0.9325027471339982,0.803920288198866,0.043946023896023326,0.17647058823529416,0.03654088033555847,0.03840816361660191,0.04292476038150156
TxPert_Exphormer,TxPert_GAT,hepg2,3,B2_Pointwise,20260930,20260930,4,82,82,0.9325027471339982,0.803920288198866,0.043946023896023326,0.17647058823529416,0.03654088033555847,0.03840816361660191,0.04292476038150156
TxPert_Exphormer,TxPert_GAT,hepg2,3,B2_Pointwise,20261001,20261001,0,82,82,0.9646964417407473,0.7879648676004833,0.04388819550780615,0.11764705882352944,0.03595066292947993,0.03831722492835769,0.04364552047336007
TxPert_Exphormer,TxPert_GAT,hepg2,3,B2_Pointwise,20261001,20261001,1,82,82,0.9646964417407473,0.7879648676004833,0.04388819550780615,0.11764705882352944,0.03595066292947993,0.03831722492835769,0.04364552047336007
TxPert_Exphormer,TxPert_GAT,hepg2,3,B2_Pointwise,20261001,20261001,2,82,82,0.9646964417407473,0.7879648676004833,0.04388819550780615,0.11764705882352944,0.03595066292947993,0.03831722492835769,0.04364552047336007
TxPert_Exphormer,TxPert_GAT,hepg2,3,B2_Pointwise,20261001,20261001,3,82,82,0.9646964417407473,0.7879648676004833,0.04388819550780615,0.11764705882352944,0.03595066292947993,0.03831722492835769,0.04364552047336007
TxPert_Exphormer,TxPert_GAT,hepg2,3,B2_Pointwise,20261001,20261001,4,82,82,0.9646964417407473,0.7879648676004833,0.04388819550780615,0.11764705882352944,0.03595066292947993,0.03831722492835769,0.04364552047336007
TxPert_Exphormer,TxPert_GAT,hepg2,3,B2_Pointwise,20261002,20261002,0,82,82,0.9646964417407476,0.8015041194588652,0.04379320606137977,0.11764705882352944,0.038432827408730344,0.03974204866532069,0.04447535929183834
TxPert_Exphormer,TxPert_GAT,hepg2,3,B2_Pointwise,20261002,20261002,1,82,82,0.9646964417407476,0.8015041194588652,0.04379320606137977,0.11764705882352944,0.038432827408730344,0.03974204866532069,0.04447535929183834
TxPert_Exphormer,TxPert_GAT,hepg2,3,B2_Pointwise,20261002,20261002,2,82,82,0.9646964417407476,0.8015041194588652,0.04379320606137977,0.11764705882352944,0.038432827408730344,0.03974204866532069,0.04447535929183834
TxPert_Exphormer,TxPert_GAT,hepg2,3,B2_Pointwise,20261002,20261002,3,82,82,0.9646964417407476,0.8015041194588652,0.04379320606137977,0.11764705882352944,0.038432827408730344,0.03974204866532069,0.04447535929183834
TxPert_Exphormer,TxPert_GAT,hepg2,3,B2_Pointwise,20261002,20261002,4,82,82,0.9646964417407476,0.8015041194588652,0.04379320606137977,0.11764705882352944,0.038432827408730344,0.03974204866532069,0.04447535929183834
TxPert_Exphormer,TxPert_GAT,hepg2,3,B2_Pointwise_ContentNull,20260930,20260930,0,82,82,0.8689566635244224,0.7215964127512762,0.04489285982184055,0.23529411764705888,0.03971631892356597,0.040999610860312286,0.04463819228303331
TxPert_Exphormer,TxPert_GAT,hepg2,3,B2_Pointwise_ContentNull,20260930,20260930,1,82,82,0.7808407637157361,0.6942784688891066,0.0451183162392613,0.2941176470588235,0.037586812041239176,0.04270847874559752,0.044597381424381986
TxPert_Exphormer,TxPert_GAT,hepg2,3,B2_Pointwise_ContentNull,20260930,20260930,2,82,82,0.8102477399487767,0.7550309639642581,0.04434786492054223,0.2941176470588235,0.0377375508215362,0.04028553255893557,0.044028371125639496
TxPert_Exphormer,TxPert_GAT,hepg2,3,B2_Pointwise_ContentNull,20260930,20260930,3,82,82,0.8450609050919694,0.7400986058053352,0.04427524559983618,0.23529411764705888,0.03803660141585727,0.03912366973617041,0.044283413978500726
TxPert_Exphormer,TxPert_GAT,hepg2,3,B2_Pointwise_ContentNull,20260930,20260930,4,82,82,0.8993399317948005,0.7531154428010144,0.04434568368057104,0.17647058823529416,0.037396203895888686,0.04067285808181878,0.04406691494486253
TxPert_Exphormer,TxPert_GAT,hepg2,3,B2_Pointwise_ContentNull,20261001,20261001,0,82,82,0.8689566635244224,0.7454751254339853,0.04449224531356337,0.23529411764705888,0.038681902406267954,0.040039404425869986,0.04427080474616892
TxPert_Exphormer,TxPert_GAT,hepg2,3,B2_Pointwise_ContentNull,20261001,20261001,1,82,82,0.807325930160343,0.7471512064518236,0.04443179809092972,0.2941176470588235,0.035892400594399396,0.0403892743264849,0.044469871442837254
TxPert_Exphormer,TxPert_GAT,hepg2,3,B2_Pointwise_ContentNull,20261001,20261001,2,82,82,0.8689566635244224,0.7589055408626376,0.04458591206536901,0.23529411764705888,0.04177709604476113,0.040335678152124084,0.04432294976029757
TxPert_Exphormer,TxPert_GAT,hepg2,3,B2_Pointwise_ContentNull,20261001,20261001,3,82,82,0.930585222745115,0.7436902079864173,0.0443505560913584,0.17647058823529416,0.03798642130196722,0.03923475981883109,0.04423420268417282
TxPert_Exphormer,TxPert_GAT,hepg2,3,B2_Pointwise_ContentNull,20261001,20261001,4,82,82,0.8561686603277656,0.7544432472437174,0.0444497852363924,0.23529411764705888,0.037396203895888686,0.04042284236194703,0.04437772957031991
TxPert_Exphormer,TxPert_GAT,hepg2,3,B2_Pointwise_ContentNull,20261002,20261002,0,82,82,0.8450609050919694,0.7200727027350595,0.04482824314258183,0.23529411764705888,0.037294623774939736,0.04207451045808452,0.04478196820469036
TxPert_Exphormer,TxPert_GAT,hepg2,3,B2_Pointwise_ContentNull,20261002,20261002,1,82,82,0.7992986012295947,0.7272123725253317,0.04464617043628234,0.2941176470588235,0.036883248715747954,0.041185241048940814,0.044012047991187755
TxPert_Exphormer,TxPert_GAT,hepg2,3,B2_Pointwise_ContentNull,20261002,20261002,2,82,82,0.8689566635244224,0.7412087373885787,0.04469423066361948,0.23529411764705888,0.03875173670180662,0.04088097904175403,0.0440468358265216
TxPert_Exphormer,TxPert_GAT,hepg2,3,B2_Pointwise_ContentNull,20261002,20261002,3,82,82,0.8574350322927876,0.7344826460312797,0.04450080563172356,0.23529411764705888,0.03763699215512922,0.040049943320483436,0.044519812266161994
TxPert_Exphormer,TxPert_GAT,hepg2,3,B2_Pointwise_ContentNull,20261002,20261002,4,82,82,0.8687312761987968,0.7145438121047877,0.04475889415433501,0.23529411764705888,0.038491294260917464,0.04075054802560361,0.0444819633033805
TxPert_Exphormer,TxPert_GAT,hepg2,3,Support_only,20260930,20260930,0,82,82,0.8689566635244224,0.7534025174114743,0.044434745922116756,0.23529411764705888,0.03798642130196722,0.040715500357107276,0.044479465520597304
TxPert_Exphormer,TxPert_GAT,hepg2,3,Support_only,20260930,20260930,1,82,82,0.8689566635244224,0.7534025174114743,0.044434745922116756,0.23529411764705888,0.03798642130196722,0.040715500357107276,0.044479465520597304
TxPert_Exphormer,TxPert_GAT,hepg2,3,Support_only,20260930,20260930,2,82,82,0.8689566635244224,0.7534025174114743,0.044434745922116756,0.23529411764705888,0.03798642130196722,0.040715500357107276,0.044479465520597304
TxPert_Exphormer,TxPert_GAT,hepg2,3,Support_only,20260930,20260930,3,82,82,0.8689566635244224,0.7534025174114743,0.044434745922116756,0.23529411764705888,0.03798642130196722,0.040715500357107276,0.044479465520597304
TxPert_Exphormer,TxPert_GAT,hepg2,3,Support_only,20260930,20260930,4,82,82,0.8689566635244224,0.7534025174114743,0.044434745922116756,0.23529411764705888,0.03798642130196722,0.040715500357107276,0.044479465520597304
TxPert_Exphormer,TxPert_GAT,hepg2,3,Support_only,20261001,20261001,0,82,82,0.8689566635244224,0.7534025174114743,0.044434745922116756,0.23529411764705888,0.03798642130196722,0.040715500357107276,0.044479465520597304
TxPert_Exphormer,TxPert_GAT,hepg2,3,Support_only,20261001,20261001,1,82,82,0.8689566635244224,0.7534025174114743,0.044434745922116756,0.23529411764705888,0.03798642130196722,0.040715500357107276,0.044479465520597304
TxPert_Exphormer,TxPert_GAT,hepg2,3,Support_only,20261001,20261001,2,82,82,0.8689566635244224,0.7534025174114743,0.044434745922116756,0.23529411764705888,0.03798642130196722,0.040715500357107276,0.044479465520597304
TxPert_Exphormer,TxPert_GAT,hepg2,3,Support_only,20261001,20261001,3,82,82,0.8689566635244224,0.7534025174114743,0.044434745922116756,0.23529411764705888,0.03798642130196722,0.040715500357107276,0.044479465520597304
TxPert_Exphormer,TxPert_GAT,hepg2,3,Support_only,20261001,20261001,4,82,82,0.8689566635244224,0.7534025174114743,0.044434745922116756,0.23529411764705888,0.03798642130196722,0.040715500357107276,0.044479465520597304
TxPert_Exphormer,TxPert_GAT,hepg2,3,Support_only,20261002,20261002,0,82,82,0.8689566635244224,0.7534025174114743,0.044434745922116756,0.23529411764705888,0.03798642130196722,0.040715500357107276,0.044479465520597304
TxPert_Exphormer,TxPert_GAT,hepg2,3,Support_only,20261002,20261002,1,82,82,0.8689566635244224,0.7534025174114743,0.044434745922116756,0.23529411764705888,0.03798642130196722,0.040715500357107276,0.044479465520597304
TxPert_Exphormer,TxPert_GAT,hepg2,3,Support_only,20261002,20261002,2,82,82,0.8689566635244224,0.7534025174114743,0.044434745922116756,0.23529411764705888,0.03798642130196722,0.040715500357107276,0.044479465520597304
TxPert_Exphormer,TxPert_GAT,hepg2,3,Support_only,20261002,20261002,3,82,82,0.8689566635244224,0.7534025174114743,0.044434745922116756,0.23529411764705888,0.03798642130196722,0.040715500357107276,0.044479465520597304
TxPert_Exphormer,TxPert_GAT,hepg2,3,Support_only,20261002,20261002,4,82,82,0.8689566635244224,0.7534025174114743,0.044434745922116756,0.23529411764705888,0.03798642130196722,0.040715500357107276,0.044479465520597304
TxPert_Exphormer,TxPert_GAT,hepg2,4,B1_HGB,20260930,20260930,0,73,73,0.8905890204101558,0.8281809206466743,0.044162113493049104,0.2666666666666667,0.03395395908826684,0.038690545560860115,0.044588321133922325
TxPert_Exphormer,TxPert_GAT,hepg2,4,B1_HGB,20260930,20260930,1,73,73,0.8905890204101558,0.8281809206466743,0.044162113493049104,0.2666666666666667,0.03395395908826684,0.038690545560860115,0.044588321133922325
TxPert_Exphormer,TxPert_GAT,hepg2,4,B1_HGB,20260930,20260930,2,73,73,0.8905890204101558,0.8281809206466743,0.044162113493049104,0.2666666666666667,0.03395395908826684,0.038690545560860115,0.044588321133922325
TxPert_Exphormer,TxPert_GAT,hepg2,4,B1_HGB,20260930,20260930,3,73,73,0.8905890204101558,0.8281809206466743,0.044162113493049104,0.2666666666666667,0.03395395908826684,0.038690545560860115,0.044588321133922325
TxPert_Exphormer,TxPert_GAT,hepg2,4,B1_HGB,20260930,20260930,4,73,73,0.8905890204101558,0.8281809206466743,0.044162113493049104,0.2666666666666667,0.03395395908826684,0.038690545560860115,0.044588321133922325
TxPert_Exphormer,TxPert_GAT,hepg2,4,B1_HGB,20261001,20261001,0,73,73,0.8905890204101558,0.8281809206466743,0.044162113493049104,0.2666666666666667,0.03395395908826684,0.038690545560860115,0.044588321133922325
TxPert_Exphormer,TxPert_GAT,hepg2,4,B1_HGB,20261001,20261001,1,73,73,0.8905890204101558,0.8281809206466743,0.044162113493049104,0.2666666666666667,0.03395395908826684,0.038690545560860115,0.044588321133922325
TxPert_Exphormer,TxPert_GAT,hepg2,4,B1_HGB,20261001,20261001,2,73,73,0.8905890204101558,0.8281809206466743,0.044162113493049104,0.2666666666666667,0.03395395908826684,0.038690545560860115,0.044588321133922325
TxPert_Exphormer,TxPert_GAT,hepg2,4,B1_HGB,20261001,20261001,3,73,73,0.8905890204101558,0.8281809206466743,0.044162113493049104,0.2666666666666667,0.03395395908826684,0.038690545560860115,0.044588321133922325
TxPert_Exphormer,TxPert_GAT,hepg2,4,B1_HGB,20261001,20261001,4,73,73,0.8905890204101558,0.8281809206466743,0.044162113493049104,0.2666666666666667,0.03395395908826684,0.038690545560860115,0.044588321133922325
TxPert_Exphormer,TxPert_GAT,hepg2,4,B1_HGB,20261002,20261002,0,73,73,0.8905890204101558,0.8281809206466743,0.044162113493049104,0.2666666666666667,0.03395395908826684,0.038690545560860115,0.044588321133922325
TxPert_Exphormer,TxPert_GAT,hepg2,4,B1_HGB,20261002,20261002,1,73,73,0.8905890204101558,0.8281809206466743,0.044162113493049104,0.2666666666666667,0.03395395908826684,0.038690545560860115,0.044588321133922325
TxPert_Exphormer,TxPert_GAT,hepg2,4,B1_HGB,20261002,20261002,2,73,73,0.8905890204101558,0.8281809206466743,0.044162113493049104,0.2666666666666667,0.03395395908826684,0.038690545560860115,0.044588321133922325
TxPert_Exphormer,TxPert_GAT,hepg2,4,B1_HGB,20261002,20261002,3,73,73,0.8905890204101558,0.8281809206466743,0.044162113493049104,0.2666666666666667,0.03395395908826684,0.038690545560860115,0.044588321133922325
TxPert_Exphormer,TxPert_GAT,hepg2,4,B1_HGB,20261002,20261002,4,73,73,0.8905890204101558,0.8281809206466743,0.044162113493049104,0.2666666666666667,0.03395395908826684,0.038690545560860115,0.044588321133922325
TxPert_Exphormer,TxPert_GAT,hepg2,4,B1_HGB_ContentNull,20260930,20260930,0,73,73,0.8000870601324259,0.8192336171788228,0.04406236104698677,0.33333333333333337,0.032252794784880696,0.03998778300635948,0.04348593055259366
TxPert_Exphormer,TxPert_GAT,hepg2,4,B1_HGB_ContentNull,20260930,20260930,1,73,73,0.7396602437787313,0.8178452425027769,0.04441989752134501,0.4,0.03741653081798223,0.03962747337787058,0.04354400929404343
TxPert_Exphormer,TxPert_GAT,hepg2,4,B1_HGB_ContentNull,20260930,20260930,2,73,73,0.843947016117431,0.839812415154881,0.04389777210921917,0.2666666666666667,0.034465906955961946,0.039678678751046186,0.0433177095691885
TxPert_Exphormer,TxPert_GAT,hepg2,4,B1_HGB_ContentNull,20260930,20260930,3,73,73,0.7429173316489605,0.8229359496482785,0.0442120771212178,0.4,0.032770459676148625,0.04058283438322616,0.04330851906970119
TxPert_Exphormer,TxPert_GAT,hepg2,4,B1_HGB_ContentNull,20260930,20260930,4,73,73,0.7996992386364424,0.849747007281254,0.04369166904461961,0.4,0.029964199214214636,0.040168369701830166,0.04354400929404342
TxPert_Exphormer,TxPert_GAT,hepg2,4,B1_HGB_ContentNull,20261001,20261001,0,73,73,0.8000870601324259,0.8192336171788228,0.04406236104698677,0.33333333333333337,0.032252794784880696,0.03998778300635948,0.04348593055259366
TxPert_Exphormer,TxPert_GAT,hepg2,4,B1_HGB_ContentNull,20261001,20261001,1,73,73,0.7396602437787313,0.8178452425027769,0.04441989752134501,0.4,0.03741653081798223,0.03962747337787058,0.04354400929404343
TxPert_Exphormer,TxPert_GAT,hepg2,4,B1_HGB_ContentNull,20261001,20261001,2,73,73,0.843947016117431,0.839812415154881,0.04389777210921917,0.2666666666666667,0.034465906955961946,0.039678678751046186,0.0433177095691885
TxPert_Exphormer,TxPert_GAT,hepg2,4,B1_HGB_ContentNull,20261001,20261001,3,73,73,0.7429173316489605,0.8229359496482785,0.0442120771212178,0.4,0.032770459676148625,0.04058283438322616,0.04330851906970119
TxPert_Exphormer,TxPert_GAT,hepg2,4,B1_HGB_ContentNull,20261001,20261001,4,73,73,0.7996992386364424,0.849747007281254,0.04369166904461961,0.4,0.029964199214214636,0.040168369701830166,0.04354400929404342
TxPert_Exphormer,TxPert_GAT,hepg2,4,B1_HGB_ContentNull,20261002,20261002,0,73,73,0.8000870601324259,0.8192336171788228,0.04406236104698677,0.33333333333333337,0.032252794784880696,0.03998778300635948,0.04348593055259366
TxPert_Exphormer,TxPert_GAT,hepg2,4,B1_HGB_ContentNull,20261002,20261002,1,73,73,0.7396602437787313,0.8178452425027769,0.04441989752134501,0.4,0.03741653081798223,0.03962747337787058,0.04354400929404343
TxPert_Exphormer,TxPert_GAT,hepg2,4,B1_HGB_ContentNull,20261002,20261002,2,73,73,0.843947016117431,0.839812415154881,0.04389777210921917,0.2666666666666667,0.034465906955961946,0.039678678751046186,0.0433177095691885
TxPert_Exphormer,TxPert_GAT,hepg2,4,B1_HGB_ContentNull,20261002,20261002,3,73,73,0.7429173316489605,0.8229359496482785,0.0442120771212178,0.4,0.032770459676148625,0.04058283438322616,0.04330851906970119
TxPert_Exphormer,TxPert_GAT,hepg2,4,B1_HGB_ContentNull,20261002,20261002,4,73,73,0.7996992386364424,0.849747007281254,0.04369166904461961,0.4,0.029964199214214636,0.040168369701830166,0.04354400929404342
TxPert_Exphormer,TxPert_GAT,hepg2,4,B2_Pointwise,20260930,20260930,0,73,73,0.8578945657253491,0.8328396890040727,0.043832666779122474,0.19999999999999996,0.03303958716218758,0.039496357788455644,0.04354400929404342
TxPert_Exphormer,TxPert_GAT,hepg2,4,B2_Pointwise,20260930,20260930,1,73,73,0.8578945657253491,0.8328396890040727,0.043832666779122474,0.19999999999999996,0.03303958716218758,0.039496357788455644,0.04354400929404342
TxPert_Exphormer,TxPert_GAT,hepg2,4,B2_Pointwise,20260930,20260930,2,73,73,0.8578945657253491,0.8328396890040727,0.043832666779122474,0.19999999999999996,0.03303958716218758,0.039496357788455644,0.04354400929404342
TxPert_Exphormer,TxPert_GAT,hepg2,4,B2_Pointwise,20260930,20260930,3,73,73,0.8578945657253491,0.8328396890040727,0.043832666779122474,0.19999999999999996,0.03303958716218758,0.039496357788455644,0.04354400929404342
TxPert_Exphormer,TxPert_GAT,hepg2,4,B2_Pointwise,20260930,20260930,4,73,73,0.8578945657253491,0.8328396890040727,0.043832666779122474,0.19999999999999996,0.03303958716218758,0.039496357788455644,0.04354400929404342
TxPert_Exphormer,TxPert_GAT,hepg2,4,B2_Pointwise,20261001,20261001,0,73,73,0.8823338275028857,0.8077255337529311,0.04443373010276983,0.19999999999999996,0.03452301440654822,0.03896330422519975,0.04457789310107595
TxPert_Exphormer,TxPert_GAT,hepg2,4,B2_Pointwise,20261001,20261001,1,73,73,0.8823338275028857,0.8077255337529311,0.04443373010276983,0.19999999999999996,0.03452301440654822,0.03896330422519975,0.04457789310107595
TxPert_Exphormer,TxPert_GAT,hepg2,4,B2_Pointwise,20261001,20261001,2,73,73,0.8823338275028857,0.8077255337529311,0.04443373010276983,0.19999999999999996,0.03452301440654822,0.03896330422519975,0.04457789310107595
TxPert_Exphormer,TxPert_GAT,hepg2,4,B2_Pointwise,20261001,20261001,3,73,73,0.8823338275028857,0.8077255337529311,0.04443373010276983,0.19999999999999996,0.03452301440654822,0.03896330422519975,0.04457789310107595
TxPert_Exphormer,TxPert_GAT,hepg2,4,B2_Pointwise,20261001,20261001,4,73,73,0.8823338275028857,0.8077255337529311,0.04443373010276983,0.19999999999999996,0.03452301440654822,0.03896330422519975,0.04457789310107595
TxPert_Exphormer,TxPert_GAT,hepg2,4,B2_Pointwise,20261002,20261002,0,73,73,0.8860870430188267,0.8203443169196596,0.04416702462937209,0.19999999999999996,0.03452301440654822,0.03927431105337935,0.04485335845481535
TxPert_Exphormer,TxPert_GAT,hepg2,4,B2_Pointwise,20261002,20261002,1,73,73,0.8860870430188267,0.8203443169196596,0.04416702462937209,0.19999999999999996,0.03452301440654822,0.03927431105337935,0.04485335845481535
TxPert_Exphormer,TxPert_GAT,hepg2,4,B2_Pointwise,20261002,20261002,2,73,73,0.8860870430188267,0.8203443169196596,0.04416702462937209,0.19999999999999996,0.03452301440654822,0.03927431105337935,0.04485335845481535
TxPert_Exphormer,TxPert_GAT,hepg2,4,B2_Pointwise,20261002,20261002,3,73,73,0.8860870430188267,0.8203443169196596,0.04416702462937209,0.19999999999999996,0.03452301440654822,0.03927431105337935,0.04485335845481535
TxPert_Exphormer,TxPert_GAT,hepg2,4,B2_Pointwise,20261002,20261002,4,73,73,0.8860870430188267,0.8203443169196596,0.04416702462937209,0.19999999999999996,0.03452301440654822,0.03927431105337935,0.04485335845481535
TxPert_Exphormer,TxPert_GAT,hepg2,4,B2_Pointwise_ContentNull,20260930,20260930,0,73,73,0.8701129377780553,0.8240466493891153,0.04392228463325052,0.2666666666666667,0.03217442234295062,0.039294945001795076,0.043698320047284224
TxPert_Exphormer,TxPert_GAT,hepg2,4,B2_Pointwise_ContentNull,20260930,20260930,1,73,73,0.6296996029344959,0.8166728372207825,0.04419180797111567,0.5333333333333333,0.03358945914045668,0.03942432632409016,0.044434421201807094
TxPert_Exphormer,TxPert_GAT,hepg2,4,B2_Pointwise_ContentNull,20260930,20260930,2,73,73,0.8276121539807645,0.8284277428113046,0.04386529314659056,0.33333333333333337,0.02993217007346681,0.03962747337787058,0.04358478210504211
TxPert_Exphormer,TxPert_GAT,hepg2,4,B2_Pointwise_ContentNull,20260930,20260930,3,73,73,0.8577319686212432,0.8358015549796373,0.0440669317054,0.2666666666666667,0.032252794784880696,0.04000600774547299,0.0433085190697012
TxPert_Exphormer,TxPert_GAT,hepg2,4,B2_Pointwise_ContentNull,20260930,20260930,4,73,73,0.9365900115982531,0.8522152289275579,0.04393720722344577,0.2666666666666667,0.03558465630625909,0.03998217492079626,0.04337900288156457
TxPert_Exphormer,TxPert_GAT,hepg2,4,B2_Pointwise_ContentNull,20261001,20261001,0,73,73,0.8365129567728731,0.8343823275330127,0.0438147933814181,0.33333333333333337,0.03217442234295062,0.0393131697409086,0.04402057571682254
TxPert_Exphormer,TxPert_GAT,hepg2,4,B2_Pointwise_ContentNull,20261001,20261001,1,73,73,0.7382932972547989,0.8046094039244724,0.04465761369699895,0.4,0.03540102502652072,0.03942432632409017,0.04385407856844941
TxPert_Exphormer,TxPert_GAT,hepg2,4,B2_Pointwise_ContentNull,20261001,20261001,2,73,73,0.7773969361714472,0.824848821424164,0.04392725427514245,0.4,0.032252794784880696,0.038638736314724184,0.043919315008730433
TxPert_Exphormer,TxPert_GAT,hepg2,4,B2_Pointwise_ContentNull,20261001,20261001,3,73,73,0.8240205516557652,0.8162717512032581,0.04433179348765869,0.33333333333333337,0.032770459676148625,0.040006007745473,0.043635007252457836
TxPert_Exphormer,TxPert_GAT,hepg2,4,B2_Pointwise_ContentNull,20261001,20261001,4,73,73,0.8727025012045782,0.845612736023695,0.043884685623291765,0.33333333333333337,0.032856768286255174,0.03968070467458789,0.04330851906970119
TxPert_Exphormer,TxPert_GAT,hepg2,4,B2_Pointwise_ContentNull,20261002,20261002,0,73,73,0.853839685797881,0.8160557818092066,0.04403847480393318,0.2666666666666667,0.0322527947848807,0.03877342316712656,0.04353788027629997
TxPert_Exphormer,TxPert_GAT,hepg2,4,B2_Pointwise_ContentNull,20261002,20261002,1,73,73,0.7651784937403234,0.8232753301246453,0.04391326833963287,0.4,0.02993217007346681,0.03962747337787058,0.043820272329384354
TxPert_Exphormer,TxPert_GAT,hepg2,4,B2_Pointwise_ContentNull,20261002,20261002,2,73,73,0.8460604107108511,0.8277489818585712,0.043858221599944035,0.33333333333333337,0.02993217007346681,0.03863873631472419,0.043919315008730433
TxPert_Exphormer,TxPert_GAT,hepg2,4,B2_Pointwise_ContentNull,20261002,20261002,3,73,73,0.760483752518652,0.8171356287794646,0.044138718587722656,0.4,0.034980682804884616,0.039627473377870585,0.044154805233072664
TxPert_Exphormer,TxPert_GAT,hepg2,4,B2_Pointwise_ContentNull,20261002,20261002,4,73,73,0.8132275564572203,0.8402443539429842,0.043779931960296906,0.4,0.03223441883588216,0.040006007745473,0.04405240868725187
TxPert_Exphormer,TxPert_GAT,hepg2,4,Support_only,20260930,20260930,0,73,73,0.7996992386364424,0.8181600808592204,0.04434014472869508,0.4,0.03395395908826684,0.04016836970183016,0.04354400929404343
TxPert_Exphormer,TxPert_GAT,hepg2,4,Support_only,20260930,20260930,1,73,73,0.7996992386364424,0.8181600808592204,0.04434014472869508,0.4,0.03395395908826684,0.04016836970183016,0.04354400929404343
TxPert_Exphormer,TxPert_GAT,hepg2,4,Support_only,20260930,20260930,2,73,73,0.7996992386364424,0.8181600808592204,0.04434014472869508,0.4,0.03395395908826684,0.04016836970183016,0.04354400929404343
TxPert_Exphormer,TxPert_GAT,hepg2,4,Support_only,20260930,20260930,3,73,73,0.7996992386364424,0.8181600808592204,0.04434014472869508,0.4,0.03395395908826684,0.04016836970183016,0.04354400929404343
TxPert_Exphormer,TxPert_GAT,hepg2,4,Support_only,20260930,20260930,4,73,73,0.7996992386364424,0.8181600808592204,0.04434014472869508,0.4,0.03395395908826684,0.04016836970183016,0.04354400929404343
TxPert_Exphormer,TxPert_GAT,hepg2,4,Support_only,20261001,20261001,0,73,73,0.7996992386364424,0.8181600808592204,0.04434014472869508,0.4,0.03395395908826684,0.04016836970183016,0.04354400929404343
TxPert_Exphormer,TxPert_GAT,hepg2,4,Support_only,20261001,20261001,1,73,73,0.7996992386364424,0.8181600808592204,0.04434014472869508,0.4,0.03395395908826684,0.04016836970183016,0.04354400929404343
TxPert_Exphormer,TxPert_GAT,hepg2,4,Support_only,20261001,20261001,2,73,73,0.7996992386364424,0.8181600808592204,0.04434014472869508,0.4,0.03395395908826684,0.04016836970183016,0.04354400929404343
TxPert_Exphormer,TxPert_GAT,hepg2,4,Support_only,20261001,20261001,3,73,73,0.7996992386364424,0.8181600808592204,0.04434014472869508,0.4,0.03395395908826684,0.04016836970183016,0.04354400929404343
TxPert_Exphormer,TxPert_GAT,hepg2,4,Support_only,20261001,20261001,4,73,73,0.7996992386364424,0.8181600808592204,0.04434014472869508,0.4,0.03395395908826684,0.04016836970183016,0.04354400929404343
TxPert_Exphormer,TxPert_GAT,hepg2,4,Support_only,20261002,20261002,0,73,73,0.7996992386364424,0.8181600808592204,0.04434014472869508,0.4,0.03395395908826684,0.04016836970183016,0.04354400929404343
TxPert_Exphormer,TxPert_GAT,hepg2,4,Support_only,20261002,20261002,1,73,73,0.7996992386364424,0.8181600808592204,0.04434014472869508,0.4,0.03395395908826684,0.04016836970183016,0.04354400929404343
TxPert_Exphormer,TxPert_GAT,hepg2,4,Support_only,20261002,20261002,2,73,73,0.7996992386364424,0.8181600808592204,0.04434014472869508,0.4,0.03395395908826684,0.04016836970183016,0.04354400929404343
TxPert_Exphormer,TxPert_GAT,hepg2,4,Support_only,20261002,20261002,3,73,73,0.7996992386364424,0.8181600808592204,0.04434014472869508,0.4,0.03395395908826684,0.04016836970183016,0.04354400929404343
TxPert_Exphormer,TxPert_GAT,hepg2,4,Support_only,20261002,20261002,4,73,73,0.7996992386364424,0.8181600808592204,0.04434014472869508,0.4,0.03395395908826684,0.04016836970183016,0.04354400929404343
TxPert_Exphormer,TxPert_GAT,jurkat,0,B1_HGB,20260930,20260930,0,83,83,0.8218381868293086,0.7881701020108307,0.042749601180683806,0.2941176470588235,0.03414830676043855,0.03644775376424569,0.042682083973871375
TxPert_Exphormer,TxPert_GAT,jurkat,0,B1_HGB,20260930,20260930,1,83,83,0.8218381868293086,0.7881701020108307,0.042749601180683806,0.2941176470588235,0.03414830676043855,0.03644775376424569,0.042682083973871375
TxPert_Exphormer,TxPert_GAT,jurkat,0,B1_HGB,20260930,20260930,2,83,83,0.8218381868293086,0.7881701020108307,0.042749601180683806,0.2941176470588235,0.03414830676043855,0.03644775376424569,0.042682083973871375
TxPert_Exphormer,TxPert_GAT,jurkat,0,B1_HGB,20260930,20260930,3,83,83,0.8218381868293086,0.7881701020108307,0.042749601180683806,0.2941176470588235,0.03414830676043855,0.03644775376424569,0.042682083973871375
TxPert_Exphormer,TxPert_GAT,jurkat,0,B1_HGB,20260930,20260930,4,83,83,0.8218381868293086,0.7881701020108307,0.042749601180683806,0.2941176470588235,0.03414830676043855,0.03644775376424569,0.042682083973871375
TxPert_Exphormer,TxPert_GAT,jurkat,0,B1_HGB,20261001,20261001,0,83,83,0.8218381868293086,0.7881701020108307,0.042749601180683806,0.2941176470588235,0.03414830676043855,0.03644775376424569,0.042682083973871375
TxPert_Exphormer,TxPert_GAT,jurkat,0,B1_HGB,20261001,20261001,1,83,83,0.8218381868293086,0.7881701020108307,0.042749601180683806,0.2941176470588235,0.03414830676043855,0.03644775376424569,0.042682083973871375
TxPert_Exphormer,TxPert_GAT,jurkat,0,B1_HGB,20261001,20261001,2,83,83,0.8218381868293086,0.7881701020108307,0.042749601180683806,0.2941176470588235,0.03414830676043855,0.03644775376424569,0.042682083973871375
TxPert_Exphormer,TxPert_GAT,jurkat,0,B1_HGB,20261001,20261001,3,83,83,0.8218381868293086,0.7881701020108307,0.042749601180683806,0.2941176470588235,0.03414830676043855,0.03644775376424569,0.042682083973871375
TxPert_Exphormer,TxPert_GAT,jurkat,0,B1_HGB,20261001,20261001,4,83,83,0.8218381868293086,0.7881701020108307,0.042749601180683806,0.2941176470588235,0.03414830676043855,0.03644775376424569,0.042682083973871375
TxPert_Exphormer,TxPert_GAT,jurkat,0,B1_HGB,20261002,20261002,0,83,83,0.8218381868293086,0.7881701020108307,0.042749601180683806,0.2941176470588235,0.03414830676043855,0.03644775376424569,0.042682083973871375
TxPert_Exphormer,TxPert_GAT,jurkat,0,B1_HGB,20261002,20261002,1,83,83,0.8218381868293086,0.7881701020108307,0.042749601180683806,0.2941176470588235,0.03414830676043855,0.03644775376424569,0.042682083973871375
TxPert_Exphormer,TxPert_GAT,jurkat,0,B1_HGB,20261002,20261002,2,83,83,0.8218381868293086,0.7881701020108307,0.042749601180683806,0.2941176470588235,0.03414830676043855,0.03644775376424569,0.042682083973871375
TxPert_Exphormer,TxPert_GAT,jurkat,0,B1_HGB,20261002,20261002,3,83,83,0.8218381868293086,0.7881701020108307,0.042749601180683806,0.2941176470588235,0.03414830676043855,0.03644775376424569,0.042682083973871375
TxPert_Exphormer,TxPert_GAT,jurkat,0,B1_HGB,20261002,20261002,4,83,83,0.8218381868293086,0.7881701020108307,0.042749601180683806,0.2941176470588235,0.03414830676043855,0.03644775376424569,0.042682083973871375
TxPert_Exphormer,TxPert_GAT,jurkat,0,B1_HGB_ContentNull,20260930,20260930,0,83,83,0.7950989612856771,0.7576508123084673,0.04296787203288914,0.2941176470588235,0.036631225393823554,0.03765602522186386,0.042572891013517945
TxPert_Exphormer,TxPert_GAT,jurkat,0,B1_HGB_ContentNull,20260930,20260930,1,83,83,0.8593054082646128,0.8080685109777087,0.042214797385728746,0.23529411764705888,0.03551013827815215,0.03603609455347789,0.04224636998862467
TxPert_Exphormer,TxPert_GAT,jurkat,0,B1_HGB_ContentNull,20260930,20260930,2,83,83,0.7784311748722624,0.7827127324629528,0.04289084910641698,0.3529411764705882,0.03738994378813702,0.037559436670492205,0.04278284668267066
TxPert_Exphormer,TxPert_GAT,jurkat,0,B1_HGB_ContentNull,20260930,20260930,3,83,83,0.7740683769356054,0.7834893581293817,0.042646665292326025,0.2941176470588235,0.03624606265218725,0.03732341454437045,0.042624854457875234
TxPert_Exphormer,TxPert_GAT,jurkat,0,B1_HGB_ContentNull,20260930,20260930,4,83,83,0.7164065382966002,0.7739809411863481,0.043099948832414234,0.4117647058823529,0.03388095035804814,0.03712386218073622,0.04259464967306682
TxPert_Exphormer,TxPert_GAT,jurkat,0,B1_HGB_ContentNull,20261001,20261001,0,83,83,0.7950989612856771,0.7576508123084673,0.04296787203288914,0.2941176470588235,0.036631225393823554,0.03765602522186386,0.042572891013517945
TxPert_Exphormer,TxPert_GAT,jurkat,0,B1_HGB_ContentNull,20261001,20261001,1,83,83,0.8593054082646128,0.8080685109777087,0.042214797385728746,0.23529411764705888,0.03551013827815215,0.03603609455347789,0.04224636998862467
TxPert_Exphormer,TxPert_GAT,jurkat,0,B1_HGB_ContentNull,20261001,20261001,2,83,83,0.7784311748722624,0.7827127324629528,0.04289084910641698,0.3529411764705882,0.03738994378813702,0.037559436670492205,0.04278284668267066
TxPert_Exphormer,TxPert_GAT,jurkat,0,B1_HGB_ContentNull,20261001,20261001,3,83,83,0.7740683769356054,0.7834893581293817,0.042646665292326025,0.2941176470588235,0.03624606265218725,0.03732341454437045,0.042624854457875234
TxPert_Exphormer,TxPert_GAT,jurkat,0,B1_HGB_ContentNull,20261001,20261001,4,83,83,0.7164065382966002,0.7739809411863481,0.043099948832414234,0.4117647058823529,0.03388095035804814,0.03712386218073622,0.04259464967306682
TxPert_Exphormer,TxPert_GAT,jurkat,0,B1_HGB_ContentNull,20261002,20261002,0,83,83,0.7950989612856771,0.7576508123084673,0.04296787203288914,0.2941176470588235,0.036631225393823554,0.03765602522186386,0.042572891013517945
TxPert_Exphormer,TxPert_GAT,jurkat,0,B1_HGB_ContentNull,20261002,20261002,1,83,83,0.8593054082646128,0.8080685109777087,0.042214797385728746,0.23529411764705888,0.03551013827815215,0.03603609455347789,0.04224636998862467
TxPert_Exphormer,TxPert_GAT,jurkat,0,B1_HGB_ContentNull,20261002,20261002,2,83,83,0.7784311748722624,0.7827127324629528,0.04289084910641698,0.3529411764705882,0.03738994378813702,0.037559436670492205,0.04278284668267066
TxPert_Exphormer,TxPert_GAT,jurkat,0,B1_HGB_ContentNull,20261002,20261002,3,83,83,0.7740683769356054,0.7834893581293817,0.042646665292326025,0.2941176470588235,0.03624606265218725,0.03732341454437045,0.042624854457875234
TxPert_Exphormer,TxPert_GAT,jurkat,0,B1_HGB_ContentNull,20261002,20261002,4,83,83,0.7164065382966002,0.7739809411863481,0.043099948832414234,0.4117647058823529,0.03388095035804814,0.03712386218073622,0.04259464967306682
TxPert_Exphormer,TxPert_GAT,jurkat,0,B2_Pointwise,20260930,20260930,0,83,83,0.7543731734620592,0.7762268586541287,0.04233998206125243,0.3529411764705882,0.03304674553786529,0.03582032736582021,0.042578153688265015
TxPert_Exphormer,TxPert_GAT,jurkat,0,B2_Pointwise,20260930,20260930,1,83,83,0.7543731734620592,0.7762268586541287,0.04233998206125243,0.3529411764705882,0.03304674553786529,0.03582032736582021,0.042578153688265015
TxPert_Exphormer,TxPert_GAT,jurkat,0,B2_Pointwise,20260930,20260930,2,83,83,0.7543731734620592,0.7762268586541287,0.04233998206125243,0.3529411764705882,0.03304674553786529,0.03582032736582021,0.042578153688265015
TxPert_Exphormer,TxPert_GAT,jurkat,0,B2_Pointwise,20260930,20260930,3,83,83,0.7543731734620592,0.7762268586541287,0.04233998206125243,0.3529411764705882,0.03304674553786529,0.03582032736582021,0.042578153688265015
TxPert_Exphormer,TxPert_GAT,jurkat,0,B2_Pointwise,20260930,20260930,4,83,83,0.7543731734620592,0.7762268586541287,0.04233998206125243,0.3529411764705882,0.03304674553786529,0.03582032736582021,0.042578153688265015
TxPert_Exphormer,TxPert_GAT,jurkat,0,B2_Pointwise,20261001,20261001,0,83,83,0.8453487392791711,0.7924100583518744,0.042611976488062905,0.2941176470588235,0.03388758892873186,0.03601125091949947,0.0429260512871355
TxPert_Exphormer,TxPert_GAT,jurkat,0,B2_Pointwise,20261001,20261001,1,83,83,0.8453487392791711,0.7924100583518744,0.042611976488062905,0.2941176470588235,0.03388758892873186,0.03601125091949947,0.0429260512871355
TxPert_Exphormer,TxPert_GAT,jurkat,0,B2_Pointwise,20261001,20261001,2,83,83,0.8453487392791711,0.7924100583518744,0.042611976488062905,0.2941176470588235,0.03388758892873186,0.03601125091949947,0.0429260512871355
TxPert_Exphormer,TxPert_GAT,jurkat,0,B2_Pointwise,20261001,20261001,3,83,83,0.8453487392791711,0.7924100583518744,0.042611976488062905,0.2941176470588235,0.03388758892873186,0.03601125091949947,0.0429260512871355
TxPert_Exphormer,TxPert_GAT,jurkat,0,B2_Pointwise,20261001,20261001,4,83,83,0.8453487392791711,0.7924100583518744,0.042611976488062905,0.2941176470588235,0.03388758892873186,0.03601125091949947,0.0429260512871355
TxPert_Exphormer,TxPert_GAT,jurkat,0,B2_Pointwise,20261002,20261002,0,83,83,0.7674252968075056,0.7564543889845095,0.04277367624691155,0.3529411764705882,0.03498550604247514,0.03582032736582021,0.04363164174428755
TxPert_Exphormer,TxPert_GAT,jurkat,0,B2_Pointwise,20261002,20261002,1,83,83,0.7674252968075056,0.7564543889845095,0.04277367624691155,0.3529411764705882,0.03498550604247514,0.03582032736582021,0.04363164174428755
TxPert_Exphormer,TxPert_GAT,jurkat,0,B2_Pointwise,20261002,20261002,2,83,83,0.7674252968075056,0.7564543889845095,0.04277367624691155,0.3529411764705882,0.03498550604247514,0.03582032736582021,0.04363164174428755
TxPert_Exphormer,TxPert_GAT,jurkat,0,B2_Pointwise,20261002,20261002,3,83,83,0.7674252968075056,0.7564543889845095,0.04277367624691155,0.3529411764705882,0.03498550604247514,0.03582032736582021,0.04363164174428755
TxPert_Exphormer,TxPert_GAT,jurkat,0,B2_Pointwise,20261002,20261002,4,83,83,0.7674252968075056,0.7564543889845095,0.04277367624691155,0.3529411764705882,0.03498550604247514,0.03582032736582021,0.04363164174428755
TxPert_Exphormer,TxPert_GAT,jurkat,0,B2_Pointwise_ContentNull,20260930,20260930,0,83,83,0.7378135759583146,0.7677679358549179,0.043022146918554174,0.4117647058823529,0.037937269165527594,0.038375199906563746,0.04255962100437536
TxPert_Exphormer,TxPert_GAT,jurkat,0,B2_Pointwise_ContentNull,20260930,20260930,1,83,83,0.7889658566297185,0.7906259183073758,0.043459214788284094,0.2941176470588235,0.03791240837012396,0.037882735070453206,0.04224454414778077
TxPert_Exphormer,TxPert_GAT,jurkat,0,B2_Pointwise_ContentNull,20260930,20260930,2,83,83,0.7800285355932864,0.7515637462742958,0.04344441788416886,0.3529411764705882,0.038124087743467115,0.04016401382609475,0.04325435303975368
TxPert_Exphormer,TxPert_GAT,jurkat,0,B2_Pointwise_ContentNull,20260930,20260930,3,83,83,0.778370235770717,0.7720078921959614,0.042815906368156034,0.3529411764705882,0.03583229119963867,0.03773165385493034,0.04278698321108891
TxPert_Exphormer,TxPert_GAT,jurkat,0,B2_Pointwise_ContentNull,20260930,20260930,4,83,83,0.7006706981084093,0.7838251962554049,0.04311220651200557,0.4117647058823529,0.03871428319840698,0.038562943166256886,0.042162973369663
TxPert_Exphormer,TxPert_GAT,jurkat,0,B2_Pointwise_ContentNull,20261001,20261001,0,83,83,0.7789022942816253,0.7801099869862724,0.04311368708383006,0.3529411764705882,0.03658585183282728,0.03786431369153748,0.04221042768585402
TxPert_Exphormer,TxPert_GAT,jurkat,0,B2_Pointwise_ContentNull,20261001,20261001,1,83,83,0.8115887588970072,0.8017085764661432,0.04223848374021733,0.3529411764705882,0.032235154360112005,0.03855132937857808,0.042358644527388786
TxPert_Exphormer,TxPert_GAT,jurkat,0,B2_Pointwise_ContentNull,20261001,20261001,2,83,83,0.7325387108103681,0.7721968011418496,0.042883652017078076,0.3529411764705882,0.03782400876655192,0.0371683732150755,0.04288714932129719
TxPert_Exphormer,TxPert_GAT,jurkat,0,B2_Pointwise_ContentNull,20261001,20261001,3,83,83,0.7614377375645948,0.7701607825028336,0.04284723350639278,0.2941176470588235,0.035492264497266855,0.037664913140037636,0.042479209464829595
TxPert_Exphormer,TxPert_GAT,jurkat,0,B2_Pointwise_ContentNull,20261001,20261001,4,83,83,0.7338282821331553,0.771944922547332,0.043136530823842,0.4117647058823529,0.03478403208109973,0.0382443831633427,0.04221392459494504
TxPert_Exphormer,TxPert_GAT,jurkat,0,B2_Pointwise_ContentNull,20261002,20261002,0,83,83,0.7699890357441508,0.7505982116619789,0.04331272912372171,0.3529411764705882,0.03629147316759146,0.03871750242559648,0.04342069766212081
TxPert_Exphormer,TxPert_GAT,jurkat,0,B2_Pointwise_ContentNull,20261002,20261002,1,83,83,0.808123684045895,0.7996725578271272,0.042872543161314364,0.2941176470588235,0.03671714127482973,0.03760569561908515,0.04227440250109075
TxPert_Exphormer,TxPert_GAT,jurkat,0,B2_Pointwise_ContentNull,20261002,20261002,2,83,83,0.7574005905221894,0.76296125267621,0.04364912045109084,0.3529411764705882,0.03819819921146297,0.040115461336925146,0.042689774561006276
TxPert_Exphormer,TxPert_GAT,jurkat,0,B2_Pointwise_ContentNull,20261002,20261002,3,83,83,0.7542423829667791,0.7624784853700516,0.04315219337572096,0.3529411764705882,0.03583229119963867,0.03821014906654307,0.04285891717075296
TxPert_Exphormer,TxPert_GAT,jurkat,0,B2_Pointwise_ContentNull,20261002,20261002,4,83,83,0.7402355874689722,0.7685025817555936,0.04279223157414733,0.4117647058823529,0.03271461550523618,0.03747576398593308,0.04202849826956713
TxPert_Exphormer,TxPert_GAT,jurkat,0,Support_only,20260930,20260930,0,83,83,0.7688765697669658,0.7994668541882782,0.042256247428323034,0.3529411764705882,0.036070549562386624,0.03768151663123384,0.042006388818765096
TxPert_Exphormer,TxPert_GAT,jurkat,0,Support_only,20260930,20260930,1,83,83,0.7688765697669658,0.7994668541882782,0.042256247428323034,0.3529411764705882,0.036070549562386624,0.03768151663123384,0.042006388818765096
TxPert_Exphormer,TxPert_GAT,jurkat,0,Support_only,20260930,20260930,2,83,83,0.7688765697669658,0.7994668541882782,0.042256247428323034,0.3529411764705882,0.036070549562386624,0.03768151663123384,0.042006388818765096
TxPert_Exphormer,TxPert_GAT,jurkat,0,Support_only,20260930,20260930,3,83,83,0.7688765697669658,0.7994668541882782,0.042256247428323034,0.3529411764705882,0.036070549562386624,0.03768151663123384,0.042006388818765096
TxPert_Exphormer,TxPert_GAT,jurkat,0,Support_only,20260930,20260930,4,83,83,0.7688765697669658,0.7994668541882782,0.042256247428323034,0.3529411764705882,0.036070549562386624,0.03768151663123384,0.042006388818765096
TxPert_Exphormer,TxPert_GAT,jurkat,0,Support_only,20261001,20261001,0,83,83,0.7688765697669658,0.7994668541882782,0.042256247428323034,0.3529411764705882,0.036070549562386624,0.03768151663123384,0.042006388818765096
TxPert_Exphormer,TxPert_GAT,jurkat,0,Support_only,20261001,20261001,1,83,83,0.7688765697669658,0.7994668541882782,0.042256247428323034,0.3529411764705882,0.036070549562386624,0.03768151663123384,0.042006388818765096
TxPert_Exphormer,TxPert_GAT,jurkat,0,Support_only,20261001,20261001,2,83,83,0.7688765697669658,0.7994668541882782,0.042256247428323034,0.3529411764705882,0.036070549562386624,0.03768151663123384,0.042006388818765096
TxPert_Exphormer,TxPert_GAT,jurkat,0,Support_only,20261001,20261001,3,83,83,0.7688765697669658,0.7994668541882782,0.042256247428323034,0.3529411764705882,0.036070549562386624,0.03768151663123384,0.042006388818765096
TxPert_Exphormer,TxPert_GAT,jurkat,0,Support_only,20261001,20261001,4,83,83,0.7688765697669658,0.7994668541882782,0.042256247428323034,0.3529411764705882,0.036070549562386624,0.03768151663123384,0.042006388818765096
TxPert_Exphormer,TxPert_GAT,jurkat,0,Support_only,20261002,20261002,0,83,83,0.7688765697669658,0.7994668541882782,0.042256247428323034,0.3529411764705882,0.036070549562386624,0.03768151663123384,0.042006388818765096
TxPert_Exphormer,TxPert_GAT,jurkat,0,Support_only,20261002,20261002,1,83,83,0.7688765697669658,0.7994668541882782,0.042256247428323034,0.3529411764705882,0.036070549562386624,0.03768151663123384,0.042006388818765096
TxPert_Exphormer,TxPert_GAT,jurkat,0,Support_only,20261002,20261002,2,83,83,0.7688765697669658,0.7994668541882782,0.042256247428323034,0.3529411764705882,0.036070549562386624,0.03768151663123384,0.042006388818765096
TxPert_Exphormer,TxPert_GAT,jurkat,0,Support_only,20261002,20261002,3,83,83,0.7688765697669658,0.7994668541882782,0.042256247428323034,0.3529411764705882,0.036070549562386624,0.03768151663123384,0.042006388818765096
TxPert_Exphormer,TxPert_GAT,jurkat,0,Support_only,20261002,20261002,4,83,83,0.7688765697669658,0.7994668541882782,0.042256247428323034,0.3529411764705882,0.036070549562386624,0.03768151663123384,0.042006388818765096
TxPert_Exphormer,TxPert_GAT,jurkat,1,B1_HGB,20260930,20260930,0,83,83,0.7315651068725779,0.76657151253096,0.046384932554533485,0.4117647058823529,0.03712312540145013,0.04031840474914929,0.04745221501305622
TxPert_Exphormer,TxPert_GAT,jurkat,1,B1_HGB,20260930,20260930,1,83,83,0.7315651068725779,0.76657151253096,0.046384932554533485,0.4117647058823529,0.03712312540145013,0.04031840474914929,0.04745221501305622
TxPert_Exphormer,TxPert_GAT,jurkat,1,B1_HGB,20260930,20260930,2,83,83,0.7315651068725779,0.76657151253096,0.046384932554533485,0.4117647058823529,0.03712312540145013,0.04031840474914929,0.04745221501305622
TxPert_Exphormer,TxPert_GAT,jurkat,1,B1_HGB,20260930,20260930,3,83,83,0.7315651068725779,0.76657151253096,0.046384932554533485,0.4117647058823529,0.03712312540145013,0.04031840474914929,0.04745221501305622
TxPert_Exphormer,TxPert_GAT,jurkat,1,B1_HGB,20260930,20260930,4,83,83,0.7315651068725779,0.76657151253096,0.046384932554533485,0.4117647058823529,0.03712312540145013,0.04031840474914929,0.04745221501305622
TxPert_Exphormer,TxPert_GAT,jurkat,1,B1_HGB,20261001,20261001,0,83,83,0.7315651068725779,0.76657151253096,0.046384932554533485,0.4117647058823529,0.03712312540145013,0.04031840474914929,0.04745221501305622
TxPert_Exphormer,TxPert_GAT,jurkat,1,B1_HGB,20261001,20261001,1,83,83,0.7315651068725779,0.76657151253096,0.046384932554533485,0.4117647058823529,0.03712312540145013,0.04031840474914929,0.04745221501305622
TxPert_Exphormer,TxPert_GAT,jurkat,1,B1_HGB,20261001,20261001,2,83,83,0.7315651068725779,0.76657151253096,0.046384932554533485,0.4117647058823529,0.03712312540145013,0.04031840474914929,0.04745221501305622
TxPert_Exphormer,TxPert_GAT,jurkat,1,B1_HGB,20261001,20261001,3,83,83,0.7315651068725779,0.76657151253096,0.046384932554533485,0.4117647058823529,0.03712312540145013,0.04031840474914929,0.04745221501305622
TxPert_Exphormer,TxPert_GAT,jurkat,1,B1_HGB,20261001,20261001,4,83,83,0.7315651068725779,0.76657151253096,0.046384932554533485,0.4117647058823529,0.03712312540145013,0.04031840474914929,0.04745221501305622
TxPert_Exphormer,TxPert_GAT,jurkat,1,B1_HGB,20261002,20261002,0,83,83,0.7315651068725779,0.76657151253096,0.046384932554533485,0.4117647058823529,0.03712312540145013,0.04031840474914929,0.04745221501305622
TxPert_Exphormer,TxPert_GAT,jurkat,1,B1_HGB,20261002,20261002,1,83,83,0.7315651068725779,0.76657151253096,0.046384932554533485,0.4117647058823529,0.03712312540145013,0.04031840474914929,0.04745221501305622
TxPert_Exphormer,TxPert_GAT,jurkat,1,B1_HGB,20261002,20261002,2,83,83,0.7315651068725779,0.76657151253096,0.046384932554533485,0.4117647058823529,0.03712312540145013,0.04031840474914929,0.04745221501305622
TxPert_Exphormer,TxPert_GAT,jurkat,1,B1_HGB,20261002,20261002,3,83,83,0.7315651068725779,0.76657151253096,0.046384932554533485,0.4117647058823529,0.03712312540145013,0.04031840474914929,0.04745221501305622
TxPert_Exphormer,TxPert_GAT,jurkat,1,B1_HGB,20261002,20261002,4,83,83,0.7315651068725779,0.76657151253096,0.046384932554533485,0.4117647058823529,0.03712312540145013,0.04031840474914929,0.04745221501305622
TxPert_Exphormer,TxPert_GAT,jurkat,1,B1_HGB_ContentNull,20260930,20260930,0,83,83,0.6163264725214761,0.7359682632970908,0.046756303200636985,0.5294117647058824,0.03661206116266885,0.0408968841164397,0.04742559683975882
TxPert_Exphormer,TxPert_GAT,jurkat,1,B1_HGB_ContentNull,20260930,20260930,1,83,83,0.7066090439177102,0.7054069938289743,0.047316664092526696,0.47058823529411764,0.03746098876883739,0.04183208533178923,0.04784648004823082
TxPert_Exphormer,TxPert_GAT,jurkat,1,B1_HGB_ContentNull,20260930,20260930,2,83,83,0.6518820820775586,0.6931908819948784,0.04721569609770502,0.47058823529411764,0.0371539431899961,0.0432880440800947,0.04736127524009367
TxPert_Exphormer,TxPert_GAT,jurkat,1,B1_HGB_ContentNull,20260930,20260930,3,83,83,0.5981316156315015,0.6984173628311153,0.04727011409855955,0.5294117647058824,0.03778622330205347,0.04215693421059977,0.047386538194502614
TxPert_Exphormer,TxPert_GAT,jurkat,1,B1_HGB_ContentNull,20260930,20260930,4,83,83,0.6044229593895013,0.7143486839343437,0.046872944522374935,0.5294117647058824,0.037787289303259995,0.04085101044451863,0.0478262965108588
TxPert_Exphormer,TxPert_GAT,jurkat,1,B1_HGB_ContentNull,20261001,20261001,0,83,83,0.6163264725214761,0.7359682632970908,0.046756303200636985,0.5294117647058824,0.03661206116266885,0.0408968841164397,0.04742559683975882
TxPert_Exphormer,TxPert_GAT,jurkat,1,B1_HGB_ContentNull,20261001,20261001,1,83,83,0.7066090439177102,0.7054069938289743,0.047316664092526696,0.47058823529411764,0.03746098876883739,0.04183208533178923,0.04784648004823082
TxPert_Exphormer,TxPert_GAT,jurkat,1,B1_HGB_ContentNull,20261001,20261001,2,83,83,0.6518820820775586,0.6931908819948784,0.04721569609770502,0.47058823529411764,0.0371539431899961,0.0432880440800947,0.04736127524009367
TxPert_Exphormer,TxPert_GAT,jurkat,1,B1_HGB_ContentNull,20261001,20261001,3,83,83,0.5981316156315015,0.6984173628311153,0.04727011409855955,0.5294117647058824,0.03778622330205347,0.04215693421059977,0.047386538194502614
TxPert_Exphormer,TxPert_GAT,jurkat,1,B1_HGB_ContentNull,20261001,20261001,4,83,83,0.6044229593895013,0.7143486839343437,0.046872944522374935,0.5294117647058824,0.037787289303259995,0.04085101044451863,0.0478262965108588
TxPert_Exphormer,TxPert_GAT,jurkat,1,B1_HGB_ContentNull,20261002,20261002,0,83,83,0.6163264725214761,0.7359682632970908,0.046756303200636985,0.5294117647058824,0.03661206116266885,0.0408968841164397,0.04742559683975882
TxPert_Exphormer,TxPert_GAT,jurkat,1,B1_HGB_ContentNull,20261002,20261002,1,83,83,0.7066090439177102,0.7054069938289743,0.047316664092526696,0.47058823529411764,0.03746098876883739,0.04183208533178923,0.04784648004823082
TxPert_Exphormer,TxPert_GAT,jurkat,1,B1_HGB_ContentNull,20261002,20261002,2,83,83,0.6518820820775586,0.6931908819948784,0.04721569609770502,0.47058823529411764,0.0371539431899961,0.0432880440800947,0.04736127524009367
TxPert_Exphormer,TxPert_GAT,jurkat,1,B1_HGB_ContentNull,20261002,20261002,3,83,83,0.5981316156315015,0.6984173628311153,0.04727011409855955,0.5294117647058824,0.03778622330205347,0.04215693421059977,0.047386538194502614
TxPert_Exphormer,TxPert_GAT,jurkat,1,B1_HGB_ContentNull,20261002,20261002,4,83,83,0.6044229593895013,0.7143486839343437,0.046872944522374935,0.5294117647058824,0.037787289303259995,0.04085101044451863,0.0478262965108588
TxPert_Exphormer,TxPert_GAT,jurkat,1,B2_Pointwise,20260930,20260930,0,83,83,0.7032083847267483,0.7373955753326896,0.046637077333547876,0.47058823529411764,0.03712312540145013,0.03942873193056512,0.048425574806353774
TxPert_Exphormer,TxPert_GAT,jurkat,1,B2_Pointwise,20260930,20260930,1,83,83,0.7032083847267483,0.7373955753326896,0.046637077333547876,0.47058823529411764,0.03712312540145013,0.03942873193056512,0.048425574806353774
TxPert_Exphormer,TxPert_GAT,jurkat,1,B2_Pointwise,20260930,20260930,2,83,83,0.7032083847267483,0.7373955753326896,0.046637077333547876,0.47058823529411764,0.03712312540145013,0.03942873193056512,0.048425574806353774
TxPert_Exphormer,TxPert_GAT,jurkat,1,B2_Pointwise,20260930,20260930,3,83,83,0.7032083847267483,0.7373955753326896,0.046637077333547876,0.47058823529411764,0.03712312540145013,0.03942873193056512,0.048425574806353774
TxPert_Exphormer,TxPert_GAT,jurkat,1,B2_Pointwise,20260930,20260930,4,83,83,0.7032083847267483,0.7373955753326896,0.046637077333547876,0.47058823529411764,0.03712312540145013,0.03942873193056512,0.048425574806353774
TxPert_Exphormer,TxPert_GAT,jurkat,1,B2_Pointwise,20261001,20261001,0,83,83,0.8065829108245008,0.7620586877125225,0.04644592773332851,0.4117647058823529,0.037312326989262276,0.0408443250421808,0.047350344225789986
TxPert_Exphormer,TxPert_GAT,jurkat,1,B2_Pointwise,20261001,20261001,1,83,83,0.8065829108245008,0.7620586877125225,0.04644592773332851,0.4117647058823529,0.037312326989262276,0.0408443250421808,0.047350344225789986
TxPert_Exphormer,TxPert_GAT,jurkat,1,B2_Pointwise,20261001,20261001,2,83,83,0.8065829108245008,0.7620586877125225,0.04644592773332851,0.4117647058823529,0.037312326989262276,0.0408443250421808,0.047350344225789986
TxPert_Exphormer,TxPert_GAT,jurkat,1,B2_Pointwise,20261001,20261001,3,83,83,0.8065829108245008,0.7620586877125225,0.04644592773332851,0.4117647058823529,0.037312326989262276,0.0408443250421808,0.047350344225789986
TxPert_Exphormer,TxPert_GAT,jurkat,1,B2_Pointwise,20261001,20261001,4,83,83,0.8065829108245008,0.7620586877125225,0.04644592773332851,0.4117647058823529,0.037312326989262276,0.0408443250421808,0.047350344225789986
TxPert_Exphormer,TxPert_GAT,jurkat,1,B2_Pointwise,20261002,20261002,0,83,83,0.729838190691299,0.7337013559464338,0.04658464665251573,0.47058823529411764,0.037312326989262276,0.04025005798457004,0.04731918814106456
TxPert_Exphormer,TxPert_GAT,jurkat,1,B2_Pointwise,20261002,20261002,1,83,83,0.729838190691299,0.7337013559464338,0.04658464665251573,0.47058823529411764,0.037312326989262276,0.04025005798457004,0.04731918814106456
TxPert_Exphormer,TxPert_GAT,jurkat,1,B2_Pointwise,20261002,20261002,2,83,83,0.729838190691299,0.7337013559464338,0.04658464665251573,0.47058823529411764,0.037312326989262276,0.04025005798457004,0.04731918814106456
TxPert_Exphormer,TxPert_GAT,jurkat,1,B2_Pointwise,20261002,20261002,3,83,83,0.729838190691299,0.7337013559464338,0.04658464665251573,0.47058823529411764,0.037312326989262276,0.04025005798457004,0.04731918814106456
TxPert_Exphormer,TxPert_GAT,jurkat,1,B2_Pointwise,20261002,20261002,4,83,83,0.729838190691299,0.7337013559464338,0.04658464665251573,0.47058823529411764,0.037312326989262276,0.04025005798457004,0.04731918814106456
TxPert_Exphormer,TxPert_GAT,jurkat,1,B2_Pointwise_ContentNull,20260930,20260930,0,83,83,0.6510078294546743,0.6944922547332184,0.0471313523329533,0.47058823529411764,0.03957976776833927,0.04164125038151002,0.047488172778524226
TxPert_Exphormer,TxPert_GAT,jurkat,1,B2_Pointwise_ContentNull,20260930,20260930,1,83,83,0.6714898446986431,0.6997187355694555,0.04737637408985557,0.47058823529411764,0.03813718471005548,0.04182955183347872,0.04810509469902217
TxPert_Exphormer,TxPert_GAT,jurkat,1,B2_Pointwise_ContentNull,20260930,20260930,2,83,83,0.6207131814130922,0.6873556945552244,0.04780852194826603,0.5294117647058824,0.04236830304504587,0.04189483127331615,0.04813525443107417
TxPert_Exphormer,TxPert_GAT,jurkat,1,B2_Pointwise_ContentNull,20260930,20260930,3,83,83,0.7420749486834516,0.7411947441333275,0.04699602543366653,0.4117647058823529,0.03918245451466682,0.04164980788779954,0.04776718494243948
TxPert_Exphormer,TxPert_GAT,jurkat,1,B2_Pointwise_ContentNull,20260930,20260930,4,83,83,0.6574540966169872,0.7412367238990807,0.046576328806879334,0.47058823529411764,0.03787870454038683,0.040153791423249256,0.04788893509455552
TxPert_Exphormer,TxPert_GAT,jurkat,1,B2_Pointwise_ContentNull,20261001,20261001,0,83,83,0.6239688119561441,0.7131522606103858,0.0475728353620091,0.5294117647058824,0.04105893403314053,0.04172521156485256,0.047009951530855756
TxPert_Exphormer,TxPert_GAT,jurkat,1,B2_Pointwise_ContentNull,20261001,20261001,1,83,83,0.7091250732866715,0.7146215524117375,0.047244268664283315,0.4117647058823529,0.03859817143347642,0.0415965618680423,0.04869886714080931
TxPert_Exphormer,TxPert_GAT,jurkat,1,B2_Pointwise_ContentNull,20261001,20261001,2,83,83,0.5466955500046673,0.6846689895470383,0.04774107926569809,0.5882352941176471,0.04043885674773398,0.04164082235052386,0.04744096755800283
TxPert_Exphormer,TxPert_GAT,jurkat,1,B2_Pointwise_ContentNull,20261001,20261001,3,83,83,0.6608655034503222,0.718021913437723,0.04707726670099022,0.47058823529411764,0.0387899192559431,0.04160247774876931,0.047482121597300836
TxPert_Exphormer,TxPert_GAT,jurkat,1,B2_Pointwise_ContentNull,20261001,20261001,4,83,83,0.6618408055086028,0.7201628814911213,0.04681113412633718,0.47058823529411764,0.037597021714241334,0.04029793771933254,0.047627418778869245
TxPert_Exphormer,TxPert_GAT,jurkat,1,B2_Pointwise_ContentNull,20261002,20261002,0,83,83,0.6387325925847791,0.7040216615591285,0.04778546726040507,0.47058823529411764,0.04013444232343329,0.04113583846922213,0.046889383086806936
TxPert_Exphormer,TxPert_GAT,jurkat,1,B2_Pointwise_ContentNull,20261002,20261002,1,83,83,0.6223645222835693,0.7236681919314889,0.047028142569751324,0.5294117647058824,0.03787285304237156,0.041829551833478716,0.04810509469902218
TxPert_Exphormer,TxPert_GAT,jurkat,1,B2_Pointwise_ContentNull,20261002,20261002,2,83,83,0.7348986444714471,0.6824020821963813,0.04805904212566679,0.4117647058823529,0.042470182837496435,0.04173948777492836,0.04818423195669775
TxPert_Exphormer,TxPert_GAT,jurkat,1,B2_Pointwise_ContentNull,20261002,20261002,3,83,83,0.5541233274259634,0.6929809831661138,0.04719233532764172,0.5294117647058824,0.037919080655028255,0.0418366821405734,0.04749231721387816
TxPert_Exphormer,TxPert_GAT,jurkat,1,B2_Pointwise_ContentNull,20261002,20261002,4,83,83,0.8001711966066428,0.7441123378531548,0.046486204728805304,0.4117647058823529,0.03860978815552622,0.04120940933130059,0.04762247670176232
TxPert_Exphormer,TxPert_GAT,jurkat,1,Support_only,20260930,20260930,0,83,83,0.6209443055929056,0.7190235303109982,0.04704528828193122,0.5294117647058824,0.041112361778866985,0.04125407874609925,0.047627418778869245
TxPert_Exphormer,TxPert_GAT,jurkat,1,Support_only,20260930,20260930,1,83,83,0.6209443055929056,0.7190235303109982,0.04704528828193122,0.5294117647058824,0.041112361778866985,0.04125407874609925,0.047627418778869245
TxPert_Exphormer,TxPert_GAT,jurkat,1,Support_only,20260930,20260930,2,83,83,0.6209443055929056,0.7190235303109982,0.04704528828193122,0.5294117647058824,0.041112361778866985,0.04125407874609925,0.047627418778869245
TxPert_Exphormer,TxPert_GAT,jurkat,1,Support_only,20260930,20260930,3,83,83,0.6209443055929056,0.7190235303109982,0.04704528828193122,0.5294117647058824,0.041112361778866985,0.04125407874609925,0.047627418778869245
TxPert_Exphormer,TxPert_GAT,jurkat,1,Support_only,20260930,20260930,4,83,83,0.6209443055929056,0.7190235303109982,0.04704528828193122,0.5294117647058824,0.041112361778866985,0.04125407874609925,0.047627418778869245
TxPert_Exphormer,TxPert_GAT,jurkat,1,Support_only,20261001,20261001,0,83,83,0.6209443055929056,0.7190235303109982,0.04704528828193122,0.5294117647058824,0.041112361778866985,0.04125407874609925,0.047627418778869245
TxPert_Exphormer,TxPert_GAT,jurkat,1,Support_only,20261001,20261001,1,83,83,0.6209443055929056,0.7190235303109982,0.04704528828193122,0.5294117647058824,0.041112361778866985,0.04125407874609925,0.047627418778869245
TxPert_Exphormer,TxPert_GAT,jurkat,1,Support_only,20261001,20261001,2,83,83,0.6209443055929056,0.7190235303109982,0.04704528828193122,0.5294117647058824,0.041112361778866985,0.04125407874609925,0.047627418778869245
TxPert_Exphormer,TxPert_GAT,jurkat,1,Support_only,20261001,20261001,3,83,83,0.6209443055929056,0.7190235303109982,0.04704528828193122,0.5294117647058824,0.041112361778866985,0.04125407874609925,0.047627418778869245
TxPert_Exphormer,TxPert_GAT,jurkat,1,Support_only,20261001,20261001,4,83,83,0.6209443055929056,0.7190235303109982,0.04704528828193122,0.5294117647058824,0.041112361778866985,0.04125407874609925,0.047627418778869245
TxPert_Exphormer,TxPert_GAT,jurkat,1,Support_only,20261002,20261002,0,83,83,0.6209443055929056,0.7190235303109982,0.04704528828193122,0.5294117647058824,0.041112361778866985,0.04125407874609925,0.047627418778869245
TxPert_Exphormer,TxPert_GAT,jurkat,1,Support_only,20261002,20261002,1,83,83,0.6209443055929056,0.7190235303109982,0.04704528828193122,0.5294117647058824,0.041112361778866985,0.04125407874609925,0.047627418778869245
TxPert_Exphormer,TxPert_GAT,jurkat,1,Support_only,20261002,20261002,2,83,83,0.6209443055929056,0.7190235303109982,0.04704528828193122,0.5294117647058824,0.041112361778866985,0.04125407874609925,0.047627418778869245
TxPert_Exphormer,TxPert_GAT,jurkat,1,Support_only,20261002,20261002,3,83,83,0.6209443055929056,0.7190235303109982,0.04704528828193122,0.5294117647058824,0.041112361778866985,0.04125407874609925,0.047627418778869245
TxPert_Exphormer,TxPert_GAT,jurkat,1,Support_only,20261002,20261002,4,83,83,0.6209443055929056,0.7190235303109982,0.04704528828193122,0.5294117647058824,0.041112361778866985,0.04125407874609925,0.047627418778869245
TxPert_Exphormer,TxPert_GAT,jurkat,2,B1_HGB,20260930,20260930,0,83,83,0.7462698415638708,0.7566013181646447,0.044457668168010785,0.47058823529411764,0.03203016019918434,0.036793147616647696,0.04566531233973725
TxPert_Exphormer,TxPert_GAT,jurkat,2,B1_HGB,20260930,20260930,1,83,83,0.7462698415638708,0.7566013181646447,0.044457668168010785,0.47058823529411764,0.03203016019918434,0.036793147616647696,0.04566531233973725
TxPert_Exphormer,TxPert_GAT,jurkat,2,B1_HGB,20260930,20260930,2,83,83,0.7462698415638708,0.7566013181646447,0.044457668168010785,0.47058823529411764,0.03203016019918434,0.036793147616647696,0.04566531233973725
TxPert_Exphormer,TxPert_GAT,jurkat,2,B1_HGB,20260930,20260930,3,83,83,0.7462698415638708,0.7566013181646447,0.044457668168010785,0.47058823529411764,0.03203016019918434,0.036793147616647696,0.04566531233973725
TxPert_Exphormer,TxPert_GAT,jurkat,2,B1_HGB,20260930,20260930,4,83,83,0.7462698415638708,0.7566013181646447,0.044457668168010785,0.47058823529411764,0.03203016019918434,0.036793147616647696,0.04566531233973725
TxPert_Exphormer,TxPert_GAT,jurkat,2,B1_HGB,20261001,20261001,0,83,83,0.7462698415638708,0.7566013181646447,0.044457668168010785,0.47058823529411764,0.03203016019918434,0.036793147616647696,0.04566531233973725
TxPert_Exphormer,TxPert_GAT,jurkat,2,B1_HGB,20261001,20261001,1,83,83,0.7462698415638708,0.7566013181646447,0.044457668168010785,0.47058823529411764,0.03203016019918434,0.036793147616647696,0.04566531233973725
TxPert_Exphormer,TxPert_GAT,jurkat,2,B1_HGB,20261001,20261001,2,83,83,0.7462698415638708,0.7566013181646447,0.044457668168010785,0.47058823529411764,0.03203016019918434,0.036793147616647696,0.04566531233973725
TxPert_Exphormer,TxPert_GAT,jurkat,2,B1_HGB,20261001,20261001,3,83,83,0.7462698415638708,0.7566013181646447,0.044457668168010785,0.47058823529411764,0.03203016019918434,0.036793147616647696,0.04566531233973725
TxPert_Exphormer,TxPert_GAT,jurkat,2,B1_HGB,20261001,20261001,4,83,83,0.7462698415638708,0.7566013181646447,0.044457668168010785,0.47058823529411764,0.03203016019918434,0.036793147616647696,0.04566531233973725
TxPert_Exphormer,TxPert_GAT,jurkat,2,B1_HGB,20261002,20261002,0,83,83,0.7462698415638708,0.7566013181646447,0.044457668168010785,0.47058823529411764,0.03203016019918434,0.036793147616647696,0.04566531233973725
TxPert_Exphormer,TxPert_GAT,jurkat,2,B1_HGB,20261002,20261002,1,83,83,0.7462698415638708,0.7566013181646447,0.044457668168010785,0.47058823529411764,0.03203016019918434,0.036793147616647696,0.04566531233973725
TxPert_Exphormer,TxPert_GAT,jurkat,2,B1_HGB,20261002,20261002,2,83,83,0.7462698415638708,0.7566013181646447,0.044457668168010785,0.47058823529411764,0.03203016019918434,0.036793147616647696,0.04566531233973725
TxPert_Exphormer,TxPert_GAT,jurkat,2,B1_HGB,20261002,20261002,3,83,83,0.7462698415638708,0.7566013181646447,0.044457668168010785,0.47058823529411764,0.03203016019918434,0.036793147616647696,0.04566531233973725
TxPert_Exphormer,TxPert_GAT,jurkat,2,B1_HGB,20261002,20261002,4,83,83,0.7462698415638708,0.7566013181646447,0.044457668168010785,0.47058823529411764,0.03203016019918434,0.036793147616647696,0.04566531233973725
TxPert_Exphormer,TxPert_GAT,jurkat,2,B1_HGB_ContentNull,20260930,20260930,0,83,83,0.7091519924192276,0.6932118718777548,0.04580934262197803,0.47058823529411764,0.03855323327275884,0.040394862244709215,0.04605581361279202
TxPert_Exphormer,TxPert_GAT,jurkat,2,B1_HGB_ContentNull,20260930,20260930,1,83,83,0.8163427597666052,0.6681079719575164,0.045956257703359094,0.3529411764705882,0.03780766531376838,0.04341746799800696,0.04664454216842922
TxPert_Exphormer,TxPert_GAT,jurkat,2,B1_HGB_ContentNull,20260930,20260930,2,83,83,0.764655592885505,0.6704378489568028,0.04624264974009779,0.4117647058823529,0.04362465292437278,0.04118038186668705,0.046097437393186114
TxPert_Exphormer,TxPert_GAT,jurkat,2,B1_HGB_ContentNull,20260930,20260930,3,83,83,0.7477460812359152,0.6750976029553755,0.045771936934048296,0.4117647058823529,0.03622087984283668,0.04368957300563719,0.046056346080225415
TxPert_Exphormer,TxPert_GAT,jurkat,2,B1_HGB_ContentNull,20260930,20260930,4,83,83,0.7657610025179884,0.6862012509970195,0.04625335784085766,0.4117647058823529,0.04204250379261531,0.04187911852499535,0.04635549343413403
TxPert_Exphormer,TxPert_GAT,jurkat,2,B1_HGB_ContentNull,20261001,20261001,0,83,83,0.7091519924192276,0.6932118718777548,0.04580934262197803,0.47058823529411764,0.03855323327275884,0.040394862244709215,0.04605581361279202
TxPert_Exphormer,TxPert_GAT,jurkat,2,B1_HGB_ContentNull,20261001,20261001,1,83,83,0.8163427597666052,0.6681079719575164,0.045956257703359094,0.3529411764705882,0.03780766531376838,0.04341746799800696,0.04664454216842922
TxPert_Exphormer,TxPert_GAT,jurkat,2,B1_HGB_ContentNull,20261001,20261001,2,83,83,0.764655592885505,0.6704378489568028,0.04624264974009779,0.4117647058823529,0.04362465292437278,0.04118038186668705,0.046097437393186114
TxPert_Exphormer,TxPert_GAT,jurkat,2,B1_HGB_ContentNull,20261001,20261001,3,83,83,0.7477460812359152,0.6750976029553755,0.045771936934048296,0.4117647058823529,0.03622087984283668,0.04368957300563719,0.046056346080225415
TxPert_Exphormer,TxPert_GAT,jurkat,2,B1_HGB_ContentNull,20261001,20261001,4,83,83,0.7657610025179884,0.6862012509970195,0.04625335784085766,0.4117647058823529,0.04204250379261531,0.04187911852499535,0.04635549343413403
TxPert_Exphormer,TxPert_GAT,jurkat,2,B1_HGB_ContentNull,20261002,20261002,0,83,83,0.7091519924192276,0.6932118718777548,0.04580934262197803,0.47058823529411764,0.03855323327275884,0.040394862244709215,0.04605581361279202
TxPert_Exphormer,TxPert_GAT,jurkat,2,B1_HGB_ContentNull,20261002,20261002,1,83,83,0.8163427597666052,0.6681079719575164,0.045956257703359094,0.3529411764705882,0.03780766531376838,0.04341746799800696,0.04664454216842922
TxPert_Exphormer,TxPert_GAT,jurkat,2,B1_HGB_ContentNull,20261002,20261002,2,83,83,0.764655592885505,0.6704378489568028,0.04624264974009779,0.4117647058823529,0.04362465292437278,0.04118038186668705,0.046097437393186114
TxPert_Exphormer,TxPert_GAT,jurkat,2,B1_HGB_ContentNull,20261002,20261002,3,83,83,0.7477460812359152,0.6750976029553755,0.045771936934048296,0.4117647058823529,0.03622087984283668,0.04368957300563719,0.046056346080225415
TxPert_Exphormer,TxPert_GAT,jurkat,2,B1_HGB_ContentNull,20261002,20261002,4,83,83,0.7657610025179884,0.6862012509970195,0.04625335784085766,0.4117647058823529,0.04204250379261531,0.04187911852499535,0.04635549343413403
TxPert_Exphormer,TxPert_GAT,jurkat,2,B2_Pointwise,20260930,20260930,0,83,83,0.6671075720172989,0.717749044960329,0.04500249778770468,0.5294117647058824,0.033718910845922725,0.038790119559540856,0.04591954621695684
TxPert_Exphormer,TxPert_GAT,jurkat,2,B2_Pointwise,20260930,20260930,1,83,83,0.6671075720172989,0.717749044960329,0.04500249778770468,0.5294117647058824,0.033718910845922725,0.038790119559540856,0.04591954621695684
TxPert_Exphormer,TxPert_GAT,jurkat,2,B2_Pointwise,20260930,20260930,2,83,83,0.6671075720172989,0.717749044960329,0.04500249778770468,0.5294117647058824,0.033718910845922725,0.038790119559540856,0.04591954621695684
TxPert_Exphormer,TxPert_GAT,jurkat,2,B2_Pointwise,20260930,20260930,3,83,83,0.6671075720172989,0.717749044960329,0.04500249778770468,0.5294117647058824,0.033718910845922725,0.038790119559540856,0.04591954621695684
TxPert_Exphormer,TxPert_GAT,jurkat,2,B2_Pointwise,20260930,20260930,4,83,83,0.6671075720172989,0.717749044960329,0.04500249778770468,0.5294117647058824,0.033718910845922725,0.038790119559540856,0.04591954621695684
TxPert_Exphormer,TxPert_GAT,jurkat,2,B2_Pointwise,20261001,20261001,0,83,83,0.6937537159122037,0.7251374837328406,0.04487807148872228,0.47058823529411764,0.03380277134051493,0.03920647869235686,0.04573040978814942
TxPert_Exphormer,TxPert_GAT,jurkat,2,B2_Pointwise,20261001,20261001,1,83,83,0.6937537159122037,0.7251374837328406,0.04487807148872228,0.47058823529411764,0.03380277134051493,0.03920647869235686,0.04573040978814942
TxPert_Exphormer,TxPert_GAT,jurkat,2,B2_Pointwise,20261001,20261001,2,83,83,0.6937537159122037,0.7251374837328406,0.04487807148872228,0.47058823529411764,0.03380277134051493,0.03920647869235686,0.04573040978814942
TxPert_Exphormer,TxPert_GAT,jurkat,2,B2_Pointwise,20261001,20261001,3,83,83,0.6937537159122037,0.7251374837328406,0.04487807148872228,0.47058823529411764,0.03380277134051493,0.03920647869235686,0.04573040978814942
TxPert_Exphormer,TxPert_GAT,jurkat,2,B2_Pointwise,20261001,20261001,4,83,83,0.6937537159122037,0.7251374837328406,0.04487807148872228,0.47058823529411764,0.03380277134051493,0.03920647869235686,0.04573040978814942
TxPert_Exphormer,TxPert_GAT,jurkat,2,B2_Pointwise,20261002,20261002,0,83,83,0.7371043039751923,0.7277192393266445,0.04477176312480378,0.47058823529411764,0.03380277134051493,0.037281778343346283,0.045919886963677256
TxPert_Exphormer,TxPert_GAT,jurkat,2,B2_Pointwise,20261002,20261002,1,83,83,0.7371043039751923,0.7277192393266445,0.04477176312480378,0.47058823529411764,0.03380277134051493,0.037281778343346283,0.045919886963677256
TxPert_Exphormer,TxPert_GAT,jurkat,2,B2_Pointwise,20261002,20261002,2,83,83,0.7371043039751923,0.7277192393266445,0.04477176312480378,0.47058823529411764,0.03380277134051493,0.037281778343346283,0.045919886963677256
TxPert_Exphormer,TxPert_GAT,jurkat,2,B2_Pointwise,20261002,20261002,3,83,83,0.7371043039751923,0.7277192393266445,0.04477176312480378,0.47058823529411764,0.03380277134051493,0.037281778343346283,0.045919886963677256
TxPert_Exphormer,TxPert_GAT,jurkat,2,B2_Pointwise,20261002,20261002,4,83,83,0.7371043039751923,0.7277192393266445,0.04477176312480378,0.47058823529411764,0.03380277134051493,0.037281778343346283,0.045919886963677256
TxPert_Exphormer,TxPert_GAT,jurkat,2,B2_Pointwise_ContentNull,20260930,20260930,0,83,83,0.6889470971621042,0.66512740858906,0.04644555495143533,0.47058823529411764,0.03899662808767292,0.04417786073235069,0.04637624083053778
TxPert_Exphormer,TxPert_GAT,jurkat,2,B2_Pointwise_ContentNull,20260930,20260930,1,83,83,0.6694524389736575,0.6674362957054699,0.04617935254609099,0.4117647058823529,0.03911885536281696,0.042573509953060536,0.04640422419309033
TxPert_Exphormer,TxPert_GAT,jurkat,2,B2_Pointwise_ContentNull,20260930,20260930,2,83,83,0.693524401488287,0.6358465219764073,0.04706467567409714,0.47058823529411764,0.04121617229721894,0.04339137468984415,0.04585580388563518
TxPert_Exphormer,TxPert_GAT,jurkat,2,B2_Pointwise_ContentNull,20260930,20260930,3,83,83,0.7542263654094912,0.6625666428781326,0.04588792158873388,0.4117647058823529,0.03682647162309175,0.04043641242479009,0.04703133642258629
TxPert_Exphormer,TxPert_GAT,jurkat,2,B2_Pointwise_ContentNull,20260930,20260930,4,83,83,0.7812971532894737,0.6968431216153813,0.0458303493564352,0.4117647058823529,0.03995254918049223,0.041157708388475725,0.0464690026110821
TxPert_Exphormer,TxPert_GAT,jurkat,2,B2_Pointwise_ContentNull,20261001,20261001,0,83,83,0.6273695344067375,0.6471390789639393,0.046218756352638404,0.5294117647058824,0.03915465112369949,0.041474183847110206,0.04664329541204086
TxPert_Exphormer,TxPert_GAT,jurkat,2,B2_Pointwise_ContentNull,20261001,20261001,1,83,83,0.8163427597666058,0.6745098862348348,0.04575771224598999,0.3529411764705882,0.037061834497663246,0.04293384367938578,0.046326298704075945
TxPert_Exphormer,TxPert_GAT,jurkat,2,B2_Pointwise_ContentNull,20261001,20261001,2,83,83,0.7042853677704053,0.6873137147894715,0.04589106894616282,0.47058823529411764,0.04103034662682005,0.04088849919265022,0.046063327177496914
TxPert_Exphormer,TxPert_GAT,jurkat,2,B2_Pointwise_ContentNull,20261001,20261001,3,83,83,0.7793632152387359,0.6659250241383653,0.045948773090038794,0.4117647058823529,0.03566960301845587,0.043512969087105176,0.0457978150973628
TxPert_Exphormer,TxPert_GAT,jurkat,2,B2_Pointwise_ContentNull,20261001,20261001,4,83,83,0.7650465305277501,0.684144242475127,0.045691555215651124,0.4117647058823529,0.03642904788639154,0.03986314526361792,0.04599256632517848
TxPert_Exphormer,TxPert_GAT,jurkat,2,B2_Pointwise_ContentNull,20261002,20261002,0,83,83,0.719077112041547,0.64346584946056,0.046644389215189645,0.4117647058823529,0.04342404034937184,0.04498287661523961,0.04572364220784167
TxPert_Exphormer,TxPert_GAT,jurkat,2,B2_Pointwise_ContentNull,20261002,20261002,1,83,83,0.8181428681595155,0.687943411275765,0.045713231329273483,0.3529411764705882,0.03516682630578547,0.04118946249156924,0.046500116975109335
TxPert_Exphormer,TxPert_GAT,jurkat,2,B2_Pointwise_ContentNull,20261002,20261002,2,83,83,0.7657610025179884,0.6815205071155702,0.04623408057883636,0.4117647058823529,0.04121617229721894,0.04300572926681606,0.04607573011555347
TxPert_Exphormer,TxPert_GAT,jurkat,2,B2_Pointwise_ContentNull,20261002,20261002,3,83,83,0.7905771429164414,0.6815414969984467,0.04616616833369477,0.3529411764705882,0.042928929233713164,0.04244704514904978,0.04563437395684594
TxPert_Exphormer,TxPert_GAT,jurkat,2,B2_Pointwise_ContentNull,20261002,20261002,4,83,83,0.7706321752025614,0.7020276226858653,0.04566505686791153,0.3529411764705882,0.04185738201871282,0.03911256739864952,0.04611173338102309
TxPert_Exphormer,TxPert_GAT,jurkat,2,Support_only,20260930,20260930,0,83,83,0.7657610025179878,0.6969900507955165,0.04568169092858421,0.4117647058823529,0.033927560925641254,0.04309819515528266,0.04598310001648551
TxPert_Exphormer,TxPert_GAT,jurkat,2,Support_only,20260930,20260930,1,83,83,0.7657610025179878,0.6969900507955165,0.04568169092858421,0.4117647058823529,0.033927560925641254,0.04309819515528266,0.04598310001648551
TxPert_Exphormer,TxPert_GAT,jurkat,2,Support_only,20260930,20260930,2,83,83,0.7657610025179878,0.6969900507955165,0.04568169092858421,0.4117647058823529,0.033927560925641254,0.04309819515528266,0.04598310001648551
TxPert_Exphormer,TxPert_GAT,jurkat,2,Support_only,20260930,20260930,3,83,83,0.7657610025179878,0.6969900507955165,0.04568169092858421,0.4117647058823529,0.033927560925641254,0.04309819515528266,0.04598310001648551
TxPert_Exphormer,TxPert_GAT,jurkat,2,Support_only,20260930,20260930,4,83,83,0.7657610025179878,0.6969900507955165,0.04568169092858421,0.4117647058823529,0.033927560925641254,0.04309819515528266,0.04598310001648551
TxPert_Exphormer,TxPert_GAT,jurkat,2,Support_only,20261001,20261001,0,83,83,0.7657610025179878,0.6969900507955165,0.04568169092858421,0.4117647058823529,0.033927560925641254,0.04309819515528266,0.04598310001648551
TxPert_Exphormer,TxPert_GAT,jurkat,2,Support_only,20261001,20261001,1,83,83,0.7657610025179878,0.6969900507955165,0.04568169092858421,0.4117647058823529,0.033927560925641254,0.04309819515528266,0.04598310001648551
TxPert_Exphormer,TxPert_GAT,jurkat,2,Support_only,20261001,20261001,2,83,83,0.7657610025179878,0.6969900507955165,0.04568169092858421,0.4117647058823529,0.033927560925641254,0.04309819515528266,0.04598310001648551
TxPert_Exphormer,TxPert_GAT,jurkat,2,Support_only,20261001,20261001,3,83,83,0.7657610025179878,0.6969900507955165,0.04568169092858421,0.4117647058823529,0.033927560925641254,0.04309819515528266,0.04598310001648551
TxPert_Exphormer,TxPert_GAT,jurkat,2,Support_only,20261001,20261001,4,83,83,0.7657610025179878,0.6969900507955165,0.04568169092858421,0.4117647058823529,0.033927560925641254,0.04309819515528266,0.04598310001648551
TxPert_Exphormer,TxPert_GAT,jurkat,2,Support_only,20261002,20261002,0,83,83,0.7657610025179878,0.6969900507955165,0.04568169092858421,0.4117647058823529,0.033927560925641254,0.04309819515528266,0.04598310001648551
TxPert_Exphormer,TxPert_GAT,jurkat,2,Support_only,20261002,20261002,1,83,83,0.7657610025179878,0.6969900507955165,0.04568169092858421,0.4117647058823529,0.033927560925641254,0.04309819515528266,0.04598310001648551
TxPert_Exphormer,TxPert_GAT,jurkat,2,Support_only,20261002,20261002,2,83,83,0.7657610025179878,0.6969900507955165,0.04568169092858421,0.4117647058823529,0.033927560925641254,0.04309819515528266,0.04598310001648551
TxPert_Exphormer,TxPert_GAT,jurkat,2,Support_only,20261002,20261002,3,83,83,0.7657610025179878,0.6969900507955165,0.04568169092858421,0.4117647058823529,0.033927560925641254,0.04309819515528266,0.04598310001648551
TxPert_Exphormer,TxPert_GAT,jurkat,2,Support_only,20261002,20261002,4,83,83,0.7657610025179878,0.6969900507955165,0.04568169092858421,0.4117647058823529,0.033927560925641254,0.04309819515528266,0.04598310001648551
TxPert_Exphormer,TxPert_GAT,jurkat,3,B1_HGB,20260930,20260930,0,78,78,0.5082434512221434,0.5733633455152443,0.04688734960144921,0.5625,0.04312523398993012,0.04295786300302017,0.0472993754321782
TxPert_Exphormer,TxPert_GAT,jurkat,3,B1_HGB,20260930,20260930,1,78,78,0.5082434512221434,0.5733633455152443,0.04688734960144921,0.5625,0.04312523398993012,0.04295786300302017,0.0472993754321782
TxPert_Exphormer,TxPert_GAT,jurkat,3,B1_HGB,20260930,20260930,2,78,78,0.5082434512221434,0.5733633455152443,0.04688734960144921,0.5625,0.04312523398993012,0.04295786300302017,0.0472993754321782
TxPert_Exphormer,TxPert_GAT,jurkat,3,B1_HGB,20260930,20260930,3,78,78,0.5082434512221434,0.5733633455152443,0.04688734960144921,0.5625,0.04312523398993012,0.04295786300302017,0.0472993754321782
TxPert_Exphormer,TxPert_GAT,jurkat,3,B1_HGB,20260930,20260930,4,78,78,0.5082434512221434,0.5733633455152443,0.04688734960144921,0.5625,0.04312523398993012,0.04295786300302017,0.0472993754321782
TxPert_Exphormer,TxPert_GAT,jurkat,3,B1_HGB,20261001,20261001,0,78,78,0.5082434512221434,0.5733633455152443,0.04688734960144921,0.5625,0.04312523398993012,0.04295786300302017,0.0472993754321782
TxPert_Exphormer,TxPert_GAT,jurkat,3,B1_HGB,20261001,20261001,1,78,78,0.5082434512221434,0.5733633455152443,0.04688734960144921,0.5625,0.04312523398993012,0.04295786300302017,0.0472993754321782
TxPert_Exphormer,TxPert_GAT,jurkat,3,B1_HGB,20261001,20261001,2,78,78,0.5082434512221434,0.5733633455152443,0.04688734960144921,0.5625,0.04312523398993012,0.04295786300302017,0.0472993754321782
TxPert_Exphormer,TxPert_GAT,jurkat,3,B1_HGB,20261001,20261001,3,78,78,0.5082434512221434,0.5733633455152443,0.04688734960144921,0.5625,0.04312523398993012,0.04295786300302017,0.0472993754321782
TxPert_Exphormer,TxPert_GAT,jurkat,3,B1_HGB,20261001,20261001,4,78,78,0.5082434512221434,0.5733633455152443,0.04688734960144921,0.5625,0.04312523398993012,0.04295786300302017,0.0472993754321782
TxPert_Exphormer,TxPert_GAT,jurkat,3,B1_HGB,20261002,20261002,0,78,78,0.5082434512221434,0.5733633455152443,0.04688734960144921,0.5625,0.04312523398993012,0.04295786300302017,0.0472993754321782
TxPert_Exphormer,TxPert_GAT,jurkat,3,B1_HGB,20261002,20261002,1,78,78,0.5082434512221434,0.5733633455152443,0.04688734960144921,0.5625,0.04312523398993012,0.04295786300302017,0.0472993754321782
TxPert_Exphormer,TxPert_GAT,jurkat,3,B1_HGB,20261002,20261002,2,78,78,0.5082434512221434,0.5733633455152443,0.04688734960144921,0.5625,0.04312523398993012,0.04295786300302017,0.0472993754321782
TxPert_Exphormer,TxPert_GAT,jurkat,3,B1_HGB,20261002,20261002,3,78,78,0.5082434512221434,0.5733633455152443,0.04688734960144921,0.5625,0.04312523398993012,0.04295786300302017,0.0472993754321782
TxPert_Exphormer,TxPert_GAT,jurkat,3,B1_HGB,20261002,20261002,4,78,78,0.5082434512221434,0.5733633455152443,0.04688734960144921,0.5625,0.04312523398993012,0.04295786300302017,0.0472993754321782
TxPert_Exphormer,TxPert_GAT,jurkat,3,B1_HGB_ContentNull,20260930,20260930,0,78,78,0.6718929175370176,0.5173434160775933,0.04751493769764546,0.5,0.040086614064538145,0.04368322210775027,0.04857223179721456
TxPert_Exphormer,TxPert_GAT,jurkat,3,B1_HGB_ContentNull,20260930,20260930,1,78,78,0.6933114807349476,0.576524741081703,0.046940309472658426,0.5,0.040281255027716956,0.04081725692788854,0.04789771989670938
TxPert_Exphormer,TxPert_GAT,jurkat,3,B1_HGB_ContentNull,20260930,20260930,2,78,78,0.4629855142826659,0.5491344098939035,0.04701582724100423,0.5625,0.04032534304507933,0.04301728090277202,0.047148907508635395
TxPert_Exphormer,TxPert_GAT,jurkat,3,B1_HGB_ContentNull,20260930,20260930,3,78,78,0.5966384781464223,0.48456606684454784,0.04831731503457309,0.5,0.046110374205168884,0.04813378610056529,0.04825772865775371
TxPert_Exphormer,TxPert_GAT,jurkat,3,B1_HGB_ContentNull,20260930,20260930,4,78,78,0.5422926605645791,0.5188608859494935,0.0484073557699198,0.5625,0.0497587992605065,0.04454136427516912,0.048353989008378215
TxPert_Exphormer,TxPert_GAT,jurkat,3,B1_HGB_ContentNull,20261001,20261001,0,78,78,0.6718929175370176,0.5173434160775933,0.04751493769764546,0.5,0.040086614064538145,0.04368322210775027,0.04857223179721456
TxPert_Exphormer,TxPert_GAT,jurkat,3,B1_HGB_ContentNull,20261001,20261001,1,78,78,0.6933114807349476,0.576524741081703,0.046940309472658426,0.5,0.040281255027716956,0.04081725692788854,0.04789771989670938
TxPert_Exphormer,TxPert_GAT,jurkat,3,B1_HGB_ContentNull,20261001,20261001,2,78,78,0.4629855142826659,0.5491344098939035,0.04701582724100423,0.5625,0.04032534304507933,0.04301728090277202,0.047148907508635395
TxPert_Exphormer,TxPert_GAT,jurkat,3,B1_HGB_ContentNull,20261001,20261001,3,78,78,0.5966384781464223,0.48456606684454784,0.04831731503457309,0.5,0.046110374205168884,0.04813378610056529,0.04825772865775371
TxPert_Exphormer,TxPert_GAT,jurkat,3,B1_HGB_ContentNull,20261001,20261001,4,78,78,0.5422926605645791,0.5188608859494935,0.0484073557699198,0.5625,0.0497587992605065,0.04454136427516912,0.048353989008378215
TxPert_Exphormer,TxPert_GAT,jurkat,3,B1_HGB_ContentNull,20261002,20261002,0,78,78,0.6718929175370176,0.5173434160775933,0.04751493769764546,0.5,0.040086614064538145,0.04368322210775027,0.04857223179721456
TxPert_Exphormer,TxPert_GAT,jurkat,3,B1_HGB_ContentNull,20261002,20261002,1,78,78,0.6933114807349476,0.576524741081703,0.046940309472658426,0.5,0.040281255027716956,0.04081725692788854,0.04789771989670938
TxPert_Exphormer,TxPert_GAT,jurkat,3,B1_HGB_ContentNull,20261002,20261002,2,78,78,0.4629855142826659,0.5491344098939035,0.04701582724100423,0.5625,0.04032534304507933,0.04301728090277202,0.047148907508635395
TxPert_Exphormer,TxPert_GAT,jurkat,3,B1_HGB_ContentNull,20261002,20261002,3,78,78,0.5966384781464223,0.48456606684454784,0.04831731503457309,0.5,0.046110374205168884,0.04813378610056529,0.04825772865775371
TxPert_Exphormer,TxPert_GAT,jurkat,3,B1_HGB_ContentNull,20261002,20261002,4,78,78,0.5422926605645791,0.5188608859494935,0.0484073557699198,0.5625,0.0497587992605065,0.04454136427516912,0.048353989008378215
TxPert_Exphormer,TxPert_GAT,jurkat,3,B2_Pointwise,20260930,20260930,0,78,78,0.5790877984931729,0.5970105843523564,0.04641149285528487,0.5625,0.0350368138397866,0.04134551101228616,0.047671204384566956
TxPert_Exphormer,TxPert_GAT,jurkat,3,B2_Pointwise,20260930,20260930,1,78,78,0.5790877984931729,0.5970105843523564,0.04641149285528487,0.5625,0.0350368138397866,0.04134551101228616,0.047671204384566956
TxPert_Exphormer,TxPert_GAT,jurkat,3,B2_Pointwise,20260930,20260930,2,78,78,0.5790877984931729,0.5970105843523564,0.04641149285528487,0.5625,0.0350368138397866,0.04134551101228616,0.047671204384566956
TxPert_Exphormer,TxPert_GAT,jurkat,3,B2_Pointwise,20260930,20260930,3,78,78,0.5790877984931729,0.5970105843523564,0.04641149285528487,0.5625,0.0350368138397866,0.04134551101228616,0.047671204384566956
TxPert_Exphormer,TxPert_GAT,jurkat,3,B2_Pointwise,20260930,20260930,4,78,78,0.5790877984931729,0.5970105843523564,0.04641149285528487,0.5625,0.0350368138397866,0.04134551101228616,0.047671204384566956
TxPert_Exphormer,TxPert_GAT,jurkat,3,B2_Pointwise,20261001,20261001,0,78,78,0.5562843405216596,0.5665347310916931,0.04665307652369986,0.5625,0.0344052688096497,0.04172511511342341,0.04756867991995794
TxPert_Exphormer,TxPert_GAT,jurkat,3,B2_Pointwise,20261001,20261001,1,78,78,0.5562843405216596,0.5665347310916931,0.04665307652369986,0.5625,0.0344052688096497,0.04172511511342341,0.04756867991995794
TxPert_Exphormer,TxPert_GAT,jurkat,3,B2_Pointwise,20261001,20261001,2,78,78,0.5562843405216596,0.5665347310916931,0.04665307652369986,0.5625,0.0344052688096497,0.04172511511342341,0.04756867991995794
TxPert_Exphormer,TxPert_GAT,jurkat,3,B2_Pointwise,20261001,20261001,3,78,78,0.5562843405216596,0.5665347310916931,0.04665307652369986,0.5625,0.0344052688096497,0.04172511511342341,0.04756867991995794
TxPert_Exphormer,TxPert_GAT,jurkat,3,B2_Pointwise,20261001,20261001,4,78,78,0.5562843405216596,0.5665347310916931,0.04665307652369986,0.5625,0.0344052688096497,0.04172511511342341,0.04756867991995794
TxPert_Exphormer,TxPert_GAT,jurkat,3,B2_Pointwise,20261002,20261002,0,78,78,0.4877597862296788,0.6036115782951226,0.04623620595255521,0.5625,0.0344052688096497,0.04133924154138072,0.04727265969036091
TxPert_Exphormer,TxPert_GAT,jurkat,3,B2_Pointwise,20261002,20261002,1,78,78,0.4877597862296788,0.6036115782951226,0.04623620595255521,0.5625,0.0344052688096497,0.04133924154138072,0.04727265969036091
TxPert_Exphormer,TxPert_GAT,jurkat,3,B2_Pointwise,20261002,20261002,2,78,78,0.4877597862296788,0.6036115782951226,0.04623620595255521,0.5625,0.0344052688096497,0.04133924154138072,0.04727265969036091
TxPert_Exphormer,TxPert_GAT,jurkat,3,B2_Pointwise,20261002,20261002,3,78,78,0.4877597862296788,0.6036115782951226,0.04623620595255521,0.5625,0.0344052688096497,0.04133924154138072,0.04727265969036091
TxPert_Exphormer,TxPert_GAT,jurkat,3,B2_Pointwise,20261002,20261002,4,78,78,0.4877597862296788,0.6036115782951226,0.04623620595255521,0.5625,0.0344052688096497,0.04133924154138072,0.04727265969036091
TxPert_Exphormer,TxPert_GAT,jurkat,3,B2_Pointwise_ContentNull,20260930,20260930,0,78,78,0.7173143551885924,0.5291290987493519,0.04782222589721332,0.4375,0.04483108474355926,0.04623483979702265,0.04788187591321876
TxPert_Exphormer,TxPert_GAT,jurkat,3,B2_Pointwise_ContentNull,20260930,20260930,1,78,78,0.6417603585141192,0.5336562172005209,0.04711719350157658,0.5,0.04198093846522426,0.04463905852163989,0.04848054815130114
TxPert_Exphormer,TxPert_GAT,jurkat,3,B2_Pointwise_ContentNull,20260930,20260930,2,78,78,0.6733223074489764,0.5535350725224143,0.04747519410809372,0.5,0.043263784684127476,0.04444717410375608,0.04722762168143356
TxPert_Exphormer,TxPert_GAT,jurkat,3,B2_Pointwise_ContentNull,20260930,20260930,3,78,78,0.4581431102239392,0.5075304442393049,0.048292210922764256,0.625,0.048908244846843765,0.04579622896660339,0.04835971412584309
TxPert_Exphormer,TxPert_GAT,jurkat,3,B2_Pointwise_ContentNull,20260930,20260930,4,78,78,0.7234034663794114,0.5282186168262117,0.048345003801745126,0.4375,0.044727559851233535,0.046390948642191086,0.048540256325042996
TxPert_Exphormer,TxPert_GAT,jurkat,3,B2_Pointwise_ContentNull,20261001,20261001,0,78,78,0.75712508295536,0.49551714108676126,0.049391734411152896,0.4375,0.050531214137613786,0.04547147072157533,0.04778074040852186
TxPert_Exphormer,TxPert_GAT,jurkat,3,B2_Pointwise_ContentNull,20261001,20261001,1,78,78,0.6417603585141192,0.5490838275648402,0.04702191667357352,0.5,0.044694324984929465,0.04427337975559809,0.047603896777949184
TxPert_Exphormer,TxPert_GAT,jurkat,3,B2_Pointwise_ContentNull,20261001,20261001,2,78,78,0.6121489022880942,0.5669393897241999,0.046852783262060126,0.5,0.04165159420785276,0.042815937676039084,0.04781563176229989
TxPert_Exphormer,TxPert_GAT,jurkat,3,B2_Pointwise_ContentNull,20261001,20261001,3,78,78,0.6163719103568819,0.5123104743357908,0.04817725630205817,0.5625,0.04629905328132183,0.047257094337650525,0.048902076091055784
TxPert_Exphormer,TxPert_GAT,jurkat,3,B2_Pointwise_ContentNull,20261001,20261001,4,78,78,0.565857688643797,0.5154465787377179,0.04840627617630444,0.5,0.047457592414432224,0.046801351495243934,0.048834804795471386
TxPert_Exphormer,TxPert_GAT,jurkat,3,B2_Pointwise_ContentNull,20261002,20261002,0,78,78,0.6859380785472824,0.49933610693104363,0.04906615428891655,0.4375,0.04889651258858185,0.049478812591275456,0.04826919011706955
TxPert_Exphormer,TxPert_GAT,jurkat,3,B2_Pointwise_ContentNull,20261002,20261002,1,78,78,0.6417603585141192,0.5440508858230377,0.04693075806980722,0.5,0.03598392446552469,0.0433482852591554,0.04783979385401337
TxPert_Exphormer,TxPert_GAT,jurkat,3,B2_Pointwise_ContentNull,20261002,20261002,2,78,78,0.7248108521764561,0.5674199218503017,0.046590605997386195,0.4375,0.035619725831782204,0.04230005070866494,0.04742218635591972
TxPert_Exphormer,TxPert_GAT,jurkat,3,B2_Pointwise_ContentNull,20261002,20261002,3,78,78,0.5991605782224991,0.5381327533226267,0.04683126375047316,0.5625,0.036045586332873567,0.04322319017508888,0.048181020455224675
TxPert_Exphormer,TxPert_GAT,jurkat,3,B2_Pointwise_ContentNull,20261002,20261002,4,78,78,0.6081941860562434,0.5387903236004501,0.04787849377160475,0.5,0.04373993648627407,0.04779516132489918,0.047952540748672466
TxPert_Exphormer,TxPert_GAT,jurkat,3,Support_only,20260930,20260930,0,78,78,0.5731361220326494,0.5453407352141528,0.046906784267925626,0.5,0.03904835899362876,0.0420312929230026,0.04838447783199029
TxPert_Exphormer,TxPert_GAT,jurkat,3,Support_only,20260930,20260930,1,78,78,0.5731361220326494,0.5453407352141528,0.046906784267925626,0.5,0.03904835899362876,0.0420312929230026,0.04838447783199029
TxPert_Exphormer,TxPert_GAT,jurkat,3,Support_only,20260930,20260930,2,78,78,0.5731361220326494,0.5453407352141528,0.046906784267925626,0.5,0.03904835899362876,0.0420312929230026,0.04838447783199029
TxPert_Exphormer,TxPert_GAT,jurkat,3,Support_only,20260930,20260930,3,78,78,0.5731361220326494,0.5453407352141528,0.046906784267925626,0.5,0.03904835899362876,0.0420312929230026,0.04838447783199029
TxPert_Exphormer,TxPert_GAT,jurkat,3,Support_only,20260930,20260930,4,78,78,0.5731361220326494,0.5453407352141528,0.046906784267925626,0.5,0.03904835899362876,0.0420312929230026,0.04838447783199029
TxPert_Exphormer,TxPert_GAT,jurkat,3,Support_only,20261001,20261001,0,78,78,0.5731361220326494,0.5453407352141528,0.046906784267925626,0.5,0.03904835899362876,0.0420312929230026,0.04838447783199029
TxPert_Exphormer,TxPert_GAT,jurkat,3,Support_only,20261001,20261001,1,78,78,0.5731361220326494,0.5453407352141528,0.046906784267925626,0.5,0.03904835899362876,0.0420312929230026,0.04838447783199029
TxPert_Exphormer,TxPert_GAT,jurkat,3,Support_only,20261001,20261001,2,78,78,0.5731361220326494,0.5453407352141528,0.046906784267925626,0.5,0.03904835899362876,0.0420312929230026,0.04838447783199029
TxPert_Exphormer,TxPert_GAT,jurkat,3,Support_only,20261001,20261001,3,78,78,0.5731361220326494,0.5453407352141528,0.046906784267925626,0.5,0.03904835899362876,0.0420312929230026,0.04838447783199029
TxPert_Exphormer,TxPert_GAT,jurkat,3,Support_only,20261001,20261001,4,78,78,0.5731361220326494,0.5453407352141528,0.046906784267925626,0.5,0.03904835899362876,0.0420312929230026,0.04838447783199029
TxPert_Exphormer,TxPert_GAT,jurkat,3,Support_only,20261002,20261002,0,78,78,0.5731361220326494,0.5453407352141528,0.046906784267925626,0.5,0.03904835899362876,0.0420312929230026,0.04838447783199029
TxPert_Exphormer,TxPert_GAT,jurkat,3,Support_only,20261002,20261002,1,78,78,0.5731361220326494,0.5453407352141528,0.046906784267925626,0.5,0.03904835899362876,0.0420312929230026,0.04838447783199029
TxPert_Exphormer,TxPert_GAT,jurkat,3,Support_only,20261002,20261002,2,78,78,0.5731361220326494,0.5453407352141528,0.046906784267925626,0.5,0.03904835899362876,0.0420312929230026,0.04838447783199029
TxPert_Exphormer,TxPert_GAT,jurkat,3,Support_only,20261002,20261002,3,78,78,0.5731361220326494,0.5453407352141528,0.046906784267925626,0.5,0.03904835899362876,0.0420312929230026,0.04838447783199029
TxPert_Exphormer,TxPert_GAT,jurkat,3,Support_only,20261002,20261002,4,78,78,0.5731361220326494,0.5453407352141528,0.046906784267925626,0.5,0.03904835899362876,0.0420312929230026,0.04838447783199029
TxPert_Exphormer,TxPert_GAT,jurkat,4,B1_HGB,20260930,20260930,0,94,94,0.7094233731796245,0.7977242350901276,0.043375089708174906,0.4736842105263158,0.03524208183013149,0.036926617133068246,0.04330465675069311
TxPert_Exphormer,TxPert_GAT,jurkat,4,B1_HGB,20260930,20260930,1,94,94,0.7094233731796245,0.7977242350901276,0.043375089708174906,0.4736842105263158,0.03524208183013149,0.036926617133068246,0.04330465675069311
TxPert_Exphormer,TxPert_GAT,jurkat,4,B1_HGB,20260930,20260930,2,94,94,0.7094233731796245,0.7977242350901276,0.043375089708174906,0.4736842105263158,0.03524208183013149,0.036926617133068246,0.04330465675069311
TxPert_Exphormer,TxPert_GAT,jurkat,4,B1_HGB,20260930,20260930,3,94,94,0.7094233731796245,0.7977242350901276,0.043375089708174906,0.4736842105263158,0.03524208183013149,0.036926617133068246,0.04330465675069311
TxPert_Exphormer,TxPert_GAT,jurkat,4,B1_HGB,20260930,20260930,4,94,94,0.7094233731796245,0.7977242350901276,0.043375089708174906,0.4736842105263158,0.03524208183013149,0.036926617133068246,0.04330465675069311
TxPert_Exphormer,TxPert_GAT,jurkat,4,B1_HGB,20261001,20261001,0,94,94,0.7094233731796245,0.7977242350901276,0.043375089708174906,0.4736842105263158,0.03524208183013149,0.036926617133068246,0.04330465675069311
TxPert_Exphormer,TxPert_GAT,jurkat,4,B1_HGB,20261001,20261001,1,94,94,0.7094233731796245,0.7977242350901276,0.043375089708174906,0.4736842105263158,0.03524208183013149,0.036926617133068246,0.04330465675069311
TxPert_Exphormer,TxPert_GAT,jurkat,4,B1_HGB,20261001,20261001,2,94,94,0.7094233731796245,0.7977242350901276,0.043375089708174906,0.4736842105263158,0.03524208183013149,0.036926617133068246,0.04330465675069311
TxPert_Exphormer,TxPert_GAT,jurkat,4,B1_HGB,20261001,20261001,3,94,94,0.7094233731796245,0.7977242350901276,0.043375089708174906,0.4736842105263158,0.03524208183013149,0.036926617133068246,0.04330465675069311
TxPert_Exphormer,TxPert_GAT,jurkat,4,B1_HGB,20261001,20261001,4,94,94,0.7094233731796245,0.7977242350901276,0.043375089708174906,0.4736842105263158,0.03524208183013149,0.036926617133068246,0.04330465675069311
TxPert_Exphormer,TxPert_GAT,jurkat,4,B1_HGB,20261002,20261002,0,94,94,0.7094233731796245,0.7977242350901276,0.043375089708174906,0.4736842105263158,0.03524208183013149,0.036926617133068246,0.04330465675069311
TxPert_Exphormer,TxPert_GAT,jurkat,4,B1_HGB,20261002,20261002,1,94,94,0.7094233731796245,0.7977242350901276,0.043375089708174906,0.4736842105263158,0.03524208183013149,0.036926617133068246,0.04330465675069311
TxPert_Exphormer,TxPert_GAT,jurkat,4,B1_HGB,20261002,20261002,2,94,94,0.7094233731796245,0.7977242350901276,0.043375089708174906,0.4736842105263158,0.03524208183013149,0.036926617133068246,0.04330465675069311
TxPert_Exphormer,TxPert_GAT,jurkat,4,B1_HGB,20261002,20261002,3,94,94,0.7094233731796245,0.7977242350901276,0.043375089708174906,0.4736842105263158,0.03524208183013149,0.036926617133068246,0.04330465675069311
TxPert_Exphormer,TxPert_GAT,jurkat,4,B1_HGB,20261002,20261002,4,94,94,0.7094233731796245,0.7977242350901276,0.043375089708174906,0.4736842105263158,0.03524208183013149,0.036926617133068246,0.04330465675069311
TxPert_Exphormer,TxPert_GAT,jurkat,4,B1_HGB_ContentNull,20260930,20260930,0,94,94,0.8003254197362487,0.7312285518188057,0.043825831132759216,0.42105263157894735,0.032669894727863025,0.03854256128348048,0.044953418121544186
TxPert_Exphormer,TxPert_GAT,jurkat,4,B1_HGB_ContentNull,20260930,20260930,1,94,94,0.7782616643568283,0.7562691904779106,0.04379919269348971,0.42105263157894735,0.03479659384732654,0.03955771257311394,0.04433487231202645
TxPert_Exphormer,TxPert_GAT,jurkat,4,B1_HGB_ContentNull,20260930,20260930,2,94,94,0.6961328027852763,0.7167792508037425,0.04383620824657813,0.4736842105263158,0.036150247564297994,0.03818696337225367,0.0440440277965087
TxPert_Exphormer,TxPert_GAT,jurkat,4,B1_HGB_ContentNull,20260930,20260930,3,94,94,0.6880432050531978,0.7367337355055449,0.04447514531484758,0.42105263157894735,0.03283081081587226,0.03826648247008793,0.044204624808283466
TxPert_Exphormer,TxPert_GAT,jurkat,4,B1_HGB_ContentNull,20260930,20260930,4,94,94,0.8268236239728946,0.7336271357873062,0.04421723309271528,0.42105263157894735,0.03629709224695229,0.03823102698059798,0.043709244968360275
TxPert_Exphormer,TxPert_GAT,jurkat,4,B1_HGB_ContentNull,20261001,20261001,0,94,94,0.8003254197362487,0.7312285518188057,0.043825831132759216,0.42105263157894735,0.032669894727863025,0.03854256128348048,0.044953418121544186
TxPert_Exphormer,TxPert_GAT,jurkat,4,B1_HGB_ContentNull,20261001,20261001,1,94,94,0.7782616643568283,0.7562691904779106,0.04379919269348971,0.42105263157894735,0.03479659384732654,0.03955771257311394,0.04433487231202645
TxPert_Exphormer,TxPert_GAT,jurkat,4,B1_HGB_ContentNull,20261001,20261001,2,94,94,0.6961328027852763,0.7167792508037425,0.04383620824657813,0.4736842105263158,0.036150247564297994,0.03818696337225367,0.0440440277965087
TxPert_Exphormer,TxPert_GAT,jurkat,4,B1_HGB_ContentNull,20261001,20261001,3,94,94,0.6880432050531978,0.7367337355055449,0.04447514531484758,0.42105263157894735,0.03283081081587226,0.03826648247008793,0.044204624808283466
TxPert_Exphormer,TxPert_GAT,jurkat,4,B1_HGB_ContentNull,20261001,20261001,4,94,94,0.8268236239728946,0.7336271357873062,0.04421723309271528,0.42105263157894735,0.03629709224695229,0.03823102698059798,0.043709244968360275
TxPert_Exphormer,TxPert_GAT,jurkat,4,B1_HGB_ContentNull,20261002,20261002,0,94,94,0.8003254197362487,0.7312285518188057,0.043825831132759216,0.42105263157894735,0.032669894727863025,0.03854256128348048,0.044953418121544186
TxPert_Exphormer,TxPert_GAT,jurkat,4,B1_HGB_ContentNull,20261002,20261002,1,94,94,0.7782616643568283,0.7562691904779106,0.04379919269348971,0.42105263157894735,0.03479659384732654,0.03955771257311394,0.04433487231202645
TxPert_Exphormer,TxPert_GAT,jurkat,4,B1_HGB_ContentNull,20261002,20261002,2,94,94,0.6961328027852763,0.7167792508037425,0.04383620824657813,0.4736842105263158,0.036150247564297994,0.03818696337225367,0.0440440277965087
TxPert_Exphormer,TxPert_GAT,jurkat,4,B1_HGB_ContentNull,20261002,20261002,3,94,94,0.6880432050531978,0.7367337355055449,0.04447514531484758,0.42105263157894735,0.03283081081587226,0.03826648247008793,0.044204624808283466
TxPert_Exphormer,TxPert_GAT,jurkat,4,B1_HGB_ContentNull,20261002,20261002,4,94,94,0.8268236239728946,0.7336271357873062,0.04421723309271528,0.42105263157894735,0.03629709224695229,0.03823102698059798,0.043709244968360275
TxPert_Exphormer,TxPert_GAT,jurkat,4,B2_Pointwise,20260930,20260930,0,94,94,0.8057025547376907,0.8007441390022759,0.043182539006654884,0.4736842105263158,0.03289410125276736,0.03714903132556355,0.04318817002702489
TxPert_Exphormer,TxPert_GAT,jurkat,4,B2_Pointwise,20260930,20260930,1,94,94,0.8057025547376907,0.8007441390022759,0.043182539006654884,0.4736842105263158,0.03289410125276736,0.03714903132556355,0.04318817002702489
TxPert_Exphormer,TxPert_GAT,jurkat,4,B2_Pointwise,20260930,20260930,2,94,94,0.8057025547376907,0.8007441390022759,0.043182539006654884,0.4736842105263158,0.03289410125276736,0.03714903132556355,0.04318817002702489
TxPert_Exphormer,TxPert_GAT,jurkat,4,B2_Pointwise,20260930,20260930,3,94,94,0.8057025547376907,0.8007441390022759,0.043182539006654884,0.4736842105263158,0.03289410125276736,0.03714903132556355,0.04318817002702489
TxPert_Exphormer,TxPert_GAT,jurkat,4,B2_Pointwise,20260930,20260930,4,94,94,0.8057025547376907,0.8007441390022759,0.043182539006654884,0.4736842105263158,0.03289410125276736,0.03714903132556355,0.04318817002702489
TxPert_Exphormer,TxPert_GAT,jurkat,4,B2_Pointwise,20261001,20261001,0,94,94,0.7841599269395779,0.7787667521583644,0.04370806983379852,0.4736842105263158,0.032562429886138326,0.03826742773169888,0.043491191624604
TxPert_Exphormer,TxPert_GAT,jurkat,4,B2_Pointwise,20261001,20261001,1,94,94,0.7841599269395779,0.7787667521583644,0.04370806983379852,0.4736842105263158,0.032562429886138326,0.03826742773169888,0.043491191624604
TxPert_Exphormer,TxPert_GAT,jurkat,4,B2_Pointwise,20261001,20261001,2,94,94,0.7841599269395779,0.7787667521583644,0.04370806983379852,0.4736842105263158,0.032562429886138326,0.03826742773169888,0.043491191624604
TxPert_Exphormer,TxPert_GAT,jurkat,4,B2_Pointwise,20261001,20261001,3,94,94,0.7841599269395779,0.7787667521583644,0.04370806983379852,0.4736842105263158,0.032562429886138326,0.03826742773169888,0.043491191624604
TxPert_Exphormer,TxPert_GAT,jurkat,4,B2_Pointwise,20261001,20261001,4,94,94,0.7841599269395779,0.7787667521583644,0.04370806983379852,0.4736842105263158,0.032562429886138326,0.03826742773169888,0.043491191624604
TxPert_Exphormer,TxPert_GAT,jurkat,4,B2_Pointwise,20261002,20261002,0,94,94,0.839675634212331,0.7796192609182531,0.04381286955251443,0.42105263157894735,0.0336059104667623,0.0376749047197251,0.044389185993425465
TxPert_Exphormer,TxPert_GAT,jurkat,4,B2_Pointwise,20261002,20261002,1,94,94,0.839675634212331,0.7796192609182531,0.04381286955251443,0.42105263157894735,0.0336059104667623,0.0376749047197251,0.044389185993425465
TxPert_Exphormer,TxPert_GAT,jurkat,4,B2_Pointwise,20261002,20261002,2,94,94,0.839675634212331,0.7796192609182531,0.04381286955251443,0.42105263157894735,0.0336059104667623,0.0376749047197251,0.044389185993425465
TxPert_Exphormer,TxPert_GAT,jurkat,4,B2_Pointwise,20261002,20261002,3,94,94,0.839675634212331,0.7796192609182531,0.04381286955251443,0.42105263157894735,0.0336059104667623,0.0376749047197251,0.044389185993425465
TxPert_Exphormer,TxPert_GAT,jurkat,4,B2_Pointwise,20261002,20261002,4,94,94,0.839675634212331,0.7796192609182531,0.04381286955251443,0.42105263157894735,0.0336059104667623,0.0376749047197251,0.044389185993425465
TxPert_Exphormer,TxPert_GAT,jurkat,4,B2_Pointwise_ContentNull,20260930,20260930,0,94,94,0.7676603764569073,0.743380413972474,0.04378104364902441,0.42105263157894735,0.0353538112274025,0.038966989205644315,0.044274970430128825
TxPert_Exphormer,TxPert_GAT,jurkat,4,B2_Pointwise_ContentNull,20260930,20260930,1,94,94,0.825048661726415,0.7617165769605895,0.043630383195386334,0.368421052631579,0.03398670981375162,0.03868596776266035,0.0442568534266176
TxPert_Exphormer,TxPert_GAT,jurkat,4,B2_Pointwise_ContentNull,20260930,20260930,2,94,94,0.7922643670794314,0.73104071090561,0.043658081360697154,0.4736842105263158,0.03456814811697485,0.037112243266569665,0.044101238383094
TxPert_Exphormer,TxPert_GAT,jurkat,4,B2_Pointwise_ContentNull,20260930,20260930,3,94,94,0.7361418969451474,0.74585124444605,0.04402579500515855,0.42105263157894735,0.032137179317652045,0.038000664728083874,0.04446362564449427
TxPert_Exphormer,TxPert_GAT,jurkat,4,B2_Pointwise_ContentNull,20260930,20260930,4,94,94,0.7030706228979591,0.7617165769605895,0.04359353061218956,0.4736842105263158,0.03223689623323232,0.03783847679423533,0.0436546323434806
TxPert_Exphormer,TxPert_GAT,jurkat,4,B2_Pointwise_ContentNull,20261001,20261001,0,94,94,0.6957252024324199,0.7449120398800708,0.04346026934123706,0.4736842105263158,0.03095046944855558,0.03643086104303016,0.04438280054187605
TxPert_Exphormer,TxPert_GAT,jurkat,4,B2_Pointwise_ContentNull,20261001,20261001,1,94,94,0.7104976807022434,0.7485243651338368,0.04370768374309983,0.4736842105263158,0.03330937563491995,0.03899104209427131,0.044266477028204
TxPert_Exphormer,TxPert_GAT,jurkat,4,B2_Pointwise_ContentNull,20261001,20261001,2,94,94,0.6636852199266448,0.7060578694505654,0.043743292880863316,0.4736842105263158,0.03153203894205596,0.038553882946635844,0.04468175142973862
TxPert_Exphormer,TxPert_GAT,jurkat,4,B2_Pointwise_ContentNull,20261001,20261001,3,94,94,0.8331899552207295,0.756341436982986,0.043936558973758505,0.368421052631579,0.03283081081587227,0.03730890009105623,0.04398247021087743
TxPert_Exphormer,TxPert_GAT,jurkat,4,B2_Pointwise_ContentNull,20261001,20261001,4,94,94,0.8391303703165466,0.7490878878734241,0.044334551374062364,0.42105263157894735,0.0370900804060362,0.037716285578456986,0.04354621872776897
TxPert_Exphormer,TxPert_GAT,jurkat,4,B2_Pointwise_ContentNull,20261002,20261002,0,94,94,0.6622733575842111,0.7215186215366831,0.0441971654091855,0.4736842105263158,0.032501541149529425,0.04102985482652591,0.04464702810410199
TxPert_Exphormer,TxPert_GAT,jurkat,4,B2_Pointwise_ContentNull,20261002,20261002,1,94,94,0.8037126790025767,0.7406928439836723,0.04416835729821145,0.42105263157894735,0.0341593005512526,0.04017981109227416,0.04399879460904927
TxPert_Exphormer,TxPert_GAT,jurkat,4,B2_Pointwise_ContentNull,20261002,20261002,2,94,94,0.8047293207453926,0.7335115413791857,0.04341273091601759,0.42105263157894735,0.03222897690736977,0.03678728808497036,0.04429271236068131
TxPert_Exphormer,TxPert_GAT,jurkat,4,B2_Pointwise_ContentNull,20261002,20261002,3,94,94,0.8273824688348481,0.7521655889896326,0.04409474806308169,0.368421052631579,0.03283081081587227,0.037036504285896374,0.04423861622583718
TxPert_Exphormer,TxPert_GAT,jurkat,4,B2_Pointwise_ContentNull,20261002,20261002,4,94,94,0.8174746272439571,0.7487844525521077,0.04363989173029706,0.42105263157894735,0.034453950459580565,0.03688049121951431,0.04407387339652271
TxPert_Exphormer,TxPert_GAT,jurkat,4,Support_only,20260930,20260930,0,94,94,0.7245934372606122,0.7526912017766915,0.04374035557673299,0.42105263157894735,0.031138470705735437,0.037913247919560855,0.0436405659849378
TxPert_Exphormer,TxPert_GAT,jurkat,4,Support_only,20260930,20260930,1,94,94,0.7245934372606122,0.7526912017766915,0.04374035557673299,0.42105263157894735,0.031138470705735437,0.037913247919560855,0.0436405659849378
TxPert_Exphormer,TxPert_GAT,jurkat,4,Support_only,20260930,20260930,2,94,94,0.7245934372606122,0.7526912017766915,0.04374035557673299,0.42105263157894735,0.031138470705735437,0.037913247919560855,0.0436405659849378
TxPert_Exphormer,TxPert_GAT,jurkat,4,Support_only,20260930,20260930,3,94,94,0.7245934372606122,0.7526912017766915,0.04374035557673299,0.42105263157894735,0.031138470705735437,0.037913247919560855,0.0436405659849378
TxPert_Exphormer,TxPert_GAT,jurkat,4,Support_only,20260930,20260930,4,94,94,0.7245934372606122,0.7526912017766915,0.04374035557673299,0.42105263157894735,0.031138470705735437,0.037913247919560855,0.0436405659849378
TxPert_Exphormer,TxPert_GAT,jurkat,4,Support_only,20261001,20261001,0,94,94,0.7245934372606122,0.7526912017766915,0.04374035557673299,0.42105263157894735,0.031138470705735437,0.037913247919560855,0.0436405659849378
TxPert_Exphormer,TxPert_GAT,jurkat,4,Support_only,20261001,20261001,1,94,94,0.7245934372606122,0.7526912017766915,0.04374035557673299,0.42105263157894735,0.031138470705735437,0.037913247919560855,0.0436405659849378
TxPert_Exphormer,TxPert_GAT,jurkat,4,Support_only,20261001,20261001,2,94,94,0.7245934372606122,0.7526912017766915,0.04374035557673299,0.42105263157894735,0.031138470705735437,0.037913247919560855,0.0436405659849378
TxPert_Exphormer,TxPert_GAT,jurkat,4,Support_only,20261001,20261001,3,94,94,0.7245934372606122,0.7526912017766915,0.04374035557673299,0.42105263157894735,0.031138470705735437,0.037913247919560855,0.0436405659849378
TxPert_Exphormer,TxPert_GAT,jurkat,4,Support_only,20261001,20261001,4,94,94,0.7245934372606122,0.7526912017766915,0.04374035557673299,0.42105263157894735,0.031138470705735437,0.037913247919560855,0.0436405659849378
TxPert_Exphormer,TxPert_GAT,jurkat,4,Support_only,20261002,20261002,0,94,94,0.7245934372606122,0.7526912017766915,0.04374035557673299,0.42105263157894735,0.031138470705735437,0.037913247919560855,0.0436405659849378
TxPert_Exphormer,TxPert_GAT,jurkat,4,Support_only,20261002,20261002,1,94,94,0.7245934372606122,0.7526912017766915,0.04374035557673299,0.42105263157894735,0.031138470705735437,0.037913247919560855,0.0436405659849378
TxPert_Exphormer,TxPert_GAT,jurkat,4,Support_only,20261002,20261002,2,94,94,0.7245934372606122,0.7526912017766915,0.04374035557673299,0.42105263157894735,0.031138470705735437,0.037913247919560855,0.0436405659849378
TxPert_Exphormer,TxPert_GAT,jurkat,4,Support_only,20261002,20261002,3,94,94,0.7245934372606122,0.7526912017766915,0.04374035557673299,0.42105263157894735,0.031138470705735437,0.037913247919560855,0.0436405659849378
TxPert_Exphormer,TxPert_GAT,jurkat,4,Support_only,20261002,20261002,4,94,94,0.7245934372606122,0.7526912017766915,0.04374035557673299,0.42105263157894735,0.031138470705735437,0.037913247919560855,0.0436405659849378
TxPert_GAT,TxPert_Exphormer,K562,0,B1_HGB,20260930,20260930,0,114,114,0.9305832598988978,0.9081266073996073,0.03637515730810152,0.17391304347826086,0.02976822824387525,0.028774006105085573,0.03524330497720799
TxPert_GAT,TxPert_Exphormer,K562,0,B1_HGB,20260930,20260930,1,114,114,0.9305832598988978,0.9081266073996073,0.03637515730810152,0.17391304347826086,0.02976822824387525,0.028774006105085573,0.03524330497720799
TxPert_GAT,TxPert_Exphormer,K562,0,B1_HGB,20260930,20260930,2,114,114,0.9305832598988978,0.9081266073996073,0.03637515730810152,0.17391304347826086,0.02976822824387525,0.028774006105085573,0.03524330497720799
TxPert_GAT,TxPert_Exphormer,K562,0,B1_HGB,20260930,20260930,3,114,114,0.9305832598988978,0.9081266073996073,0.03637515730810152,0.17391304347826086,0.02976822824387525,0.028774006105085573,0.03524330497720799
TxPert_GAT,TxPert_Exphormer,K562,0,B1_HGB,20260930,20260930,4,114,114,0.9305832598988978,0.9081266073996073,0.03637515730810152,0.17391304347826086,0.02976822824387525,0.028774006105085573,0.03524330497720799
TxPert_GAT,TxPert_Exphormer,K562,0,B1_HGB,20261001,20261001,0,114,114,0.9305832598988978,0.9081266073996073,0.03637515730810152,0.17391304347826086,0.02976822824387525,0.028774006105085573,0.03524330497720799
TxPert_GAT,TxPert_Exphormer,K562,0,B1_HGB,20261001,20261001,1,114,114,0.9305832598988978,0.9081266073996073,0.03637515730810152,0.17391304347826086,0.02976822824387525,0.028774006105085573,0.03524330497720799
TxPert_GAT,TxPert_Exphormer,K562,0,B1_HGB,20261001,20261001,2,114,114,0.9305832598988978,0.9081266073996073,0.03637515730810152,0.17391304347826086,0.02976822824387525,0.028774006105085573,0.03524330497720799
TxPert_GAT,TxPert_Exphormer,K562,0,B1_HGB,20261001,20261001,3,114,114,0.9305832598988978,0.9081266073996073,0.03637515730810152,0.17391304347826086,0.02976822824387525,0.028774006105085573,0.03524330497720799
TxPert_GAT,TxPert_Exphormer,K562,0,B1_HGB,20261001,20261001,4,114,114,0.9305832598988978,0.9081266073996073,0.03637515730810152,0.17391304347826086,0.02976822824387525,0.028774006105085573,0.03524330497720799
TxPert_GAT,TxPert_Exphormer,K562,0,B1_HGB,20261002,20261002,0,114,114,0.9305832598988978,0.9081266073996073,0.03637515730810152,0.17391304347826086,0.02976822824387525,0.028774006105085573,0.03524330497720799
TxPert_GAT,TxPert_Exphormer,K562,0,B1_HGB,20261002,20261002,1,114,114,0.9305832598988978,0.9081266073996073,0.03637515730810152,0.17391304347826086,0.02976822824387525,0.028774006105085573,0.03524330497720799
TxPert_GAT,TxPert_Exphormer,K562,0,B1_HGB,20261002,20261002,2,114,114,0.9305832598988978,0.9081266073996073,0.03637515730810152,0.17391304347826086,0.02976822824387525,0.028774006105085573,0.03524330497720799
TxPert_GAT,TxPert_Exphormer,K562,0,B1_HGB,20261002,20261002,3,114,114,0.9305832598988978,0.9081266073996073,0.03637515730810152,0.17391304347826086,0.02976822824387525,0.028774006105085573,0.03524330497720799
TxPert_GAT,TxPert_Exphormer,K562,0,B1_HGB,20261002,20261002,4,114,114,0.9305832598988978,0.9081266073996073,0.03637515730810152,0.17391304347826086,0.02976822824387525,0.028774006105085573,0.03524330497720799
TxPert_GAT,TxPert_Exphormer,K562,0,B1_HGB_ContentNull,20260930,20260930,0,114,114,0.9417308601464943,0.912921974038598,0.035961248905528966,0.17391304347826086,0.02684786579367965,0.029317557523878057,0.035444581077428865
TxPert_GAT,TxPert_Exphormer,K562,0,B1_HGB_ContentNull,20260930,20260930,1,114,114,0.9417308601464949,0.9034446447014035,0.03631652480440759,0.17391304347826086,0.028254163349228284,0.030390988684102258,0.035356923055295274
TxPert_GAT,TxPert_Exphormer,K562,0,B1_HGB_ContentNull,20260930,20260930,2,114,114,0.9158461753442108,0.8993054008626801,0.03663580232569794,0.21739130434782605,0.03170207341721886,0.02989223530811049,0.03520866494997285
TxPert_GAT,TxPert_Exphormer,K562,0,B1_HGB_ContentNull,20260930,20260930,3,114,114,0.9427492368925524,0.9008930560336972,0.03636629659806762,0.17391304347826086,0.03020520171633634,0.03102541389532083,0.03526085389889581
TxPert_GAT,TxPert_Exphormer,K562,0,B1_HGB_ContentNull,20260930,20260930,4,114,114,0.9268717171420692,0.9047730908649076,0.03626170277189981,0.17391304347826086,0.028417306775021748,0.030358452524981084,0.0352976817457658
TxPert_GAT,TxPert_Exphormer,K562,0,B1_HGB_ContentNull,20261001,20261001,0,114,114,0.9417308601464943,0.912921974038598,0.035961248905528966,0.17391304347826086,0.02684786579367965,0.029317557523878057,0.035444581077428865
TxPert_GAT,TxPert_Exphormer,K562,0,B1_HGB_ContentNull,20261001,20261001,1,114,114,0.9417308601464949,0.9034446447014035,0.03631652480440759,0.17391304347826086,0.028254163349228284,0.030390988684102258,0.035356923055295274
TxPert_GAT,TxPert_Exphormer,K562,0,B1_HGB_ContentNull,20261001,20261001,2,114,114,0.9158461753442108,0.8993054008626801,0.03663580232569794,0.21739130434782605,0.03170207341721886,0.02989223530811049,0.03520866494997285
TxPert_GAT,TxPert_Exphormer,K562,0,B1_HGB_ContentNull,20261001,20261001,3,114,114,0.9427492368925524,0.9008930560336972,0.03636629659806762,0.17391304347826086,0.03020520171633634,0.03102541389532083,0.03526085389889581
TxPert_GAT,TxPert_Exphormer,K562,0,B1_HGB_ContentNull,20261001,20261001,4,114,114,0.9268717171420692,0.9047730908649076,0.03626170277189981,0.17391304347826086,0.028417306775021748,0.030358452524981084,0.0352976817457658
TxPert_GAT,TxPert_Exphormer,K562,0,B1_HGB_ContentNull,20261002,20261002,0,114,114,0.9417308601464943,0.912921974038598,0.035961248905528966,0.17391304347826086,0.02684786579367965,0.029317557523878057,0.035444581077428865
TxPert_GAT,TxPert_Exphormer,K562,0,B1_HGB_ContentNull,20261002,20261002,1,114,114,0.9417308601464949,0.9034446447014035,0.03631652480440759,0.17391304347826086,0.028254163349228284,0.030390988684102258,0.035356923055295274
TxPert_GAT,TxPert_Exphormer,K562,0,B1_HGB_ContentNull,20261002,20261002,2,114,114,0.9158461753442108,0.8993054008626801,0.03663580232569794,0.21739130434782605,0.03170207341721886,0.02989223530811049,0.03520866494997285
TxPert_GAT,TxPert_Exphormer,K562,0,B1_HGB_ContentNull,20261002,20261002,3,114,114,0.9427492368925524,0.9008930560336972,0.03636629659806762,0.17391304347826086,0.03020520171633634,0.03102541389532083,0.03526085389889581
TxPert_GAT,TxPert_Exphormer,K562,0,B1_HGB_ContentNull,20261002,20261002,4,114,114,0.9268717171420692,0.9047730908649076,0.03626170277189981,0.17391304347826086,0.028417306775021748,0.030358452524981084,0.0352976817457658
TxPert_GAT,TxPert_Exphormer,K562,0,B2_Pointwise,20260930,20260930,0,114,114,0.9305832598988978,0.9188837812113972,0.03599274967543468,0.17391304347826086,0.02917223102289906,0.02825991213841599,0.03498715355483856
TxPert_GAT,TxPert_Exphormer,K562,0,B2_Pointwise,20260930,20260930,1,114,114,0.9305832598988978,0.9188837812113972,0.03599274967543468,0.17391304347826086,0.02917223102289906,0.02825991213841599,0.03498715355483856
TxPert_GAT,TxPert_Exphormer,K562,0,B2_Pointwise,20260930,20260930,2,114,114,0.9305832598988978,0.9188837812113972,0.03599274967543468,0.17391304347826086,0.02917223102289906,0.02825991213841599,0.03498715355483856
TxPert_GAT,TxPert_Exphormer,K562,0,B2_Pointwise,20260930,20260930,3,114,114,0.9305832598988978,0.9188837812113972,0.03599274967543468,0.17391304347826086,0.02917223102289906,0.02825991213841599,0.03498715355483856
TxPert_GAT,TxPert_Exphormer,K562,0,B2_Pointwise,20260930,20260930,4,114,114,0.9305832598988978,0.9188837812113972,0.03599274967543468,0.17391304347826086,0.02917223102289906,0.02825991213841599,0.03498715355483856
TxPert_GAT,TxPert_Exphormer,K562,0,B2_Pointwise,20261001,20261001,0,114,114,0.9454424029033239,0.9175310342034386,0.03589899470018873,0.17391304347826086,0.02870734539701221,0.029643324383908955,0.03510132257037604
TxPert_GAT,TxPert_Exphormer,K562,0,B2_Pointwise,20261001,20261001,1,114,114,0.9454424029033239,0.9175310342034386,0.03589899470018873,0.17391304347826086,0.02870734539701221,0.029643324383908955,0.03510132257037604
TxPert_GAT,TxPert_Exphormer,K562,0,B2_Pointwise,20261001,20261001,2,114,114,0.9454424029033239,0.9175310342034386,0.03589899470018873,0.17391304347826086,0.02870734539701221,0.029643324383908955,0.03510132257037604
TxPert_GAT,TxPert_Exphormer,K562,0,B2_Pointwise,20261001,20261001,3,114,114,0.9454424029033239,0.9175310342034386,0.03589899470018873,0.17391304347826086,0.02870734539701221,0.029643324383908955,0.03510132257037604
TxPert_GAT,TxPert_Exphormer,K562,0,B2_Pointwise,20261001,20261001,4,114,114,0.9454424029033239,0.9175310342034386,0.03589899470018873,0.17391304347826086,0.02870734539701221,0.029643324383908955,0.03510132257037604
TxPert_GAT,TxPert_Exphormer,K562,0,B2_Pointwise,20261002,20261002,0,114,114,0.9305832598988978,0.9107429983191917,0.036530122251646785,0.17391304347826086,0.03174199161986032,0.02829328117989136,0.0350764102295044
TxPert_GAT,TxPert_Exphormer,K562,0,B2_Pointwise,20261002,20261002,1,114,114,0.9305832598988978,0.9107429983191917,0.036530122251646785,0.17391304347826086,0.03174199161986032,0.02829328117989136,0.0350764102295044
TxPert_GAT,TxPert_Exphormer,K562,0,B2_Pointwise,20261002,20261002,2,114,114,0.9305832598988978,0.9107429983191917,0.036530122251646785,0.17391304347826086,0.03174199161986032,0.02829328117989136,0.0350764102295044
TxPert_GAT,TxPert_Exphormer,K562,0,B2_Pointwise,20261002,20261002,3,114,114,0.9305832598988978,0.9107429983191917,0.036530122251646785,0.17391304347826086,0.03174199161986032,0.02829328117989136,0.0350764102295044
TxPert_GAT,TxPert_Exphormer,K562,0,B2_Pointwise,20261002,20261002,4,114,114,0.9305832598988978,0.9107429983191917,0.036530122251646785,0.17391304347826086,0.03174199161986032,0.02829328117989136,0.0350764102295044
TxPert_GAT,TxPert_Exphormer,K562,0,B2_Pointwise_ContentNull,20260930,20260930,0,114,114,0.9417308601464943,0.904238472286912,0.03613186456402977,0.17391304347826086,0.027579157447865096,0.030017236707223928,0.035604112084005525
TxPert_GAT,TxPert_Exphormer,K562,0,B2_Pointwise_ContentNull,20260930,20260930,1,114,114,0.894552427746447,0.9081509082440616,0.036099363759315106,0.26086956521739135,0.02732488661432859,0.029240313382666045,0.03535692305529527
TxPert_GAT,TxPert_Exphormer,K562,0,B2_Pointwise_ContentNull,20260930,20260930,2,114,114,0.9158461753442098,0.9125574613717827,0.03594934786030377,0.21739130434782605,0.02717075222253003,0.02925643174385584,0.03532843021122591
TxPert_GAT,TxPert_Exphormer,K562,0,B2_Pointwise_ContentNull,20260930,20260930,3,114,114,0.9158461753442108,0.9095360563779593,0.03625438405796973,0.21739130434782605,0.03071086665824504,0.02900101556146801,0.03531490740370179
TxPert_GAT,TxPert_Exphormer,K562,0,B2_Pointwise_ContentNull,20260930,20260930,4,114,114,0.9039932722955036,0.9044571798870013,0.03615904082231154,0.21739130434782605,0.03017045722744238,0.02988225696322582,0.03523558438436882
TxPert_GAT,TxPert_Exphormer,K562,0,B2_Pointwise_ContentNull,20261001,20261001,0,114,114,0.9417308601464943,0.9122820518013003,0.03620579327499273,0.17391304347826086,0.02713979302305269,0.02900776229731862,0.03559735558840123
TxPert_GAT,TxPert_Exphormer,K562,0,B2_Pointwise_ContentNull,20261001,20261001,1,114,114,0.8973811040146326,0.9045543832648185,0.03615943037609721,0.26086956521739135,0.02832123505062604,0.02920869294546342,0.03555897581763218
TxPert_GAT,TxPert_Exphormer,K562,0,B2_Pointwise_ContentNull,20261001,20261001,2,114,114,0.9158461753442098,0.9139264089427108,0.035862697285874746,0.21739130434782605,0.027434247293800267,0.028941736398839714,0.03500661218763594
TxPert_GAT,TxPert_Exphormer,K562,0,B2_Pointwise_ContentNull,20261001,20261001,3,114,114,0.9192845899877561,0.9058342277394141,0.03615356640146306,0.21739130434782605,0.02704881495967404,0.029851215535841687,0.035198756537498835
TxPert_GAT,TxPert_Exphormer,K562,0,B2_Pointwise_ContentNull,20261001,20261001,4,114,114,0.9182662132416981,0.9018164881229623,0.03619398893770876,0.21739130434782605,0.028855626645879536,0.03015294647765173,0.03548971734380222
TxPert_GAT,TxPert_Exphormer,K562,0,B2_Pointwise_ContentNull,20261002,20261002,0,114,114,0.9417308601464949,0.907575788258642,0.03611221818624674,0.17391304347826086,0.02709844185527094,0.031214153474015377,0.03507418849996604
TxPert_GAT,TxPert_Exphormer,K562,0,B2_Pointwise_ContentNull,20261002,20261002,1,114,114,0.914351779403292,0.9099329701707136,0.03600347655119715,0.21739130434782605,0.026649198941474817,0.028184909550890393,0.035518318939698056
TxPert_GAT,TxPert_Exphormer,K562,0,B2_Pointwise_ContentNull,20261002,20261002,2,114,114,0.9158461753442108,0.9112776168971872,0.03591699287456314,0.21739130434782605,0.02622276726156306,0.02949850443322846,0.03497947811722594
TxPert_GAT,TxPert_Exphormer,K562,0,B2_Pointwise_ContentNull,20261002,20261002,3,114,114,0.9268717171420687,0.9117717340677589,0.036132554141740256,0.17391304347826086,0.02983521446763293,0.029541573213193343,0.035198756537498835
TxPert_GAT,TxPert_Exphormer,K562,0,B2_Pointwise_ContentNull,20261002,20261002,4,114,114,0.9417308601464949,0.9013790729227841,0.036295874704262654,0.17391304347826086,0.0300804872823091,0.03043100602067451,0.03528318519302608
TxPert_GAT,TxPert_Exphormer,K562,0,Support_only,20260930,20260930,0,114,114,0.9158461753442108,0.9039972945023589,0.036303518420462075,0.21739130434782605,0.030685420977846767,0.029344398655621207,0.03528318519302608
TxPert_GAT,TxPert_Exphormer,K562,0,Support_only,20260930,20260930,1,114,114,0.9158461753442108,0.9039972945023589,0.036303518420462075,0.21739130434782605,0.030685420977846767,0.029344398655621207,0.03528318519302608
TxPert_GAT,TxPert_Exphormer,K562,0,Support_only,20260930,20260930,2,114,114,0.9158461753442108,0.9039972945023589,0.036303518420462075,0.21739130434782605,0.030685420977846767,0.029344398655621207,0.03528318519302608
TxPert_GAT,TxPert_Exphormer,K562,0,Support_only,20260930,20260930,3,114,114,0.9158461753442108,0.9039972945023589,0.036303518420462075,0.21739130434782605,0.030685420977846767,0.029344398655621207,0.03528318519302608
TxPert_GAT,TxPert_Exphormer,K562,0,Support_only,20260930,20260930,4,114,114,0.9158461753442108,0.9039972945023589,0.036303518420462075,0.21739130434782605,0.030685420977846767,0.029344398655621207,0.03528318519302608
TxPert_GAT,TxPert_Exphormer,K562,0,Support_only,20261001,20261001,0,114,114,0.9158461753442108,0.9039972945023589,0.036303518420462075,0.21739130434782605,0.030685420977846767,0.029344398655621207,0.03528318519302608
TxPert_GAT,TxPert_Exphormer,K562,0,Support_only,20261001,20261001,1,114,114,0.9158461753442108,0.9039972945023589,0.036303518420462075,0.21739130434782605,0.030685420977846767,0.029344398655621207,0.03528318519302608
TxPert_GAT,TxPert_Exphormer,K562,0,Support_only,20261001,20261001,2,114,114,0.9158461753442108,0.9039972945023589,0.036303518420462075,0.21739130434782605,0.030685420977846767,0.029344398655621207,0.03528318519302608
TxPert_GAT,TxPert_Exphormer,K562,0,Support_only,20261001,20261001,3,114,114,0.9158461753442108,0.9039972945023589,0.036303518420462075,0.21739130434782605,0.030685420977846767,0.029344398655621207,0.03528318519302608
TxPert_GAT,TxPert_Exphormer,K562,0,Support_only,20261001,20261001,4,114,114,0.9158461753442108,0.9039972945023589,0.036303518420462075,0.21739130434782605,0.030685420977846767,0.029344398655621207,0.03528318519302608
TxPert_GAT,TxPert_Exphormer,K562,0,Support_only,20261002,20261002,0,114,114,0.9158461753442108,0.9039972945023589,0.036303518420462075,0.21739130434782605,0.030685420977846767,0.029344398655621207,0.03528318519302608
TxPert_GAT,TxPert_Exphormer,K562,0,Support_only,20261002,20261002,1,114,114,0.9158461753442108,0.9039972945023589,0.036303518420462075,0.21739130434782605,0.030685420977846767,0.029344398655621207,0.03528318519302608
TxPert_GAT,TxPert_Exphormer,K562,0,Support_only,20261002,20261002,2,114,114,0.9158461753442108,0.9039972945023589,0.036303518420462075,0.21739130434782605,0.030685420977846767,0.029344398655621207,0.03528318519302608
TxPert_GAT,TxPert_Exphormer,K562,0,Support_only,20261002,20261002,3,114,114,0.9158461753442108,0.9039972945023589,0.036303518420462075,0.21739130434782605,0.030685420977846767,0.029344398655621207,0.03528318519302608
TxPert_GAT,TxPert_Exphormer,K562,0,Support_only,20261002,20261002,4,114,114,0.9158461753442108,0.9039972945023589,0.036303518420462075,0.21739130434782605,0.030685420977846767,0.029344398655621207,0.03528318519302608
TxPert_GAT,TxPert_Exphormer,K562,1,B1_HGB,20260930,20260930,0,114,114,0.903277628740986,0.9022458030416558,0.04141991449667833,0.30434782608695654,0.029603142254345242,0.033016003466440444,0.04138807350388278
TxPert_GAT,TxPert_Exphormer,K562,1,B1_HGB,20260930,20260930,1,114,114,0.903277628740986,0.9022458030416558,0.04141991449667833,0.30434782608695654,0.029603142254345242,0.033016003466440444,0.04138807350388278
TxPert_GAT,TxPert_Exphormer,K562,1,B1_HGB,20260930,20260930,2,114,114,0.903277628740986,0.9022458030416558,0.04141991449667833,0.30434782608695654,0.029603142254345242,0.033016003466440444,0.04138807350388278
TxPert_GAT,TxPert_Exphormer,K562,1,B1_HGB,20260930,20260930,3,114,114,0.903277628740986,0.9022458030416558,0.04141991449667833,0.30434782608695654,0.029603142254345242,0.033016003466440444,0.04138807350388278
TxPert_GAT,TxPert_Exphormer,K562,1,B1_HGB,20260930,20260930,4,114,114,0.903277628740986,0.9022458030416558,0.04141991449667833,0.30434782608695654,0.029603142254345242,0.033016003466440444,0.04138807350388278
TxPert_GAT,TxPert_Exphormer,K562,1,B1_HGB,20261001,20261001,0,114,114,0.903277628740986,0.9022458030416558,0.04141991449667833,0.30434782608695654,0.029603142254345242,0.033016003466440444,0.04138807350388278
TxPert_GAT,TxPert_Exphormer,K562,1,B1_HGB,20261001,20261001,1,114,114,0.903277628740986,0.9022458030416558,0.04141991449667833,0.30434782608695654,0.029603142254345242,0.033016003466440444,0.04138807350388278
TxPert_GAT,TxPert_Exphormer,K562,1,B1_HGB,20261001,20261001,2,114,114,0.903277628740986,0.9022458030416558,0.04141991449667833,0.30434782608695654,0.029603142254345242,0.033016003466440444,0.04138807350388278
TxPert_GAT,TxPert_Exphormer,K562,1,B1_HGB,20261001,20261001,3,114,114,0.903277628740986,0.9022458030416558,0.04141991449667833,0.30434782608695654,0.029603142254345242,0.033016003466440444,0.04138807350388278
TxPert_GAT,TxPert_Exphormer,K562,1,B1_HGB,20261001,20261001,4,114,114,0.903277628740986,0.9022458030416558,0.04141991449667833,0.30434782608695654,0.029603142254345242,0.033016003466440444,0.04138807350388278
TxPert_GAT,TxPert_Exphormer,K562,1,B1_HGB,20261002,20261002,0,114,114,0.903277628740986,0.9022458030416558,0.04141991449667833,0.30434782608695654,0.029603142254345242,0.033016003466440444,0.04138807350388278
TxPert_GAT,TxPert_Exphormer,K562,1,B1_HGB,20261002,20261002,1,114,114,0.903277628740986,0.9022458030416558,0.04141991449667833,0.30434782608695654,0.029603142254345242,0.033016003466440444,0.04138807350388278
TxPert_GAT,TxPert_Exphormer,K562,1,B1_HGB,20261002,20261002,2,114,114,0.903277628740986,0.9022458030416558,0.04141991449667833,0.30434782608695654,0.029603142254345242,0.033016003466440444,0.04138807350388278
TxPert_GAT,TxPert_Exphormer,K562,1,B1_HGB,20261002,20261002,3,114,114,0.903277628740986,0.9022458030416558,0.04141991449667833,0.30434782608695654,0.029603142254345242,0.033016003466440444,0.04138807350388278
TxPert_GAT,TxPert_Exphormer,K562,1,B1_HGB,20261002,20261002,4,114,114,0.903277628740986,0.9022458030416558,0.04141991449667833,0.30434782608695654,0.029603142254345242,0.033016003466440444,0.04138807350388278
TxPert_GAT,TxPert_Exphormer,K562,1,B1_HGB_ContentNull,20260930,20260930,0,114,114,0.8890286801906641,0.879354407565663,0.04163950165883557,0.30434782608695654,0.031904986085911254,0.03297555562333558,0.04224487303173406
TxPert_GAT,TxPert_Exphormer,K562,1,B1_HGB_ContentNull,20260930,20260930,1,114,114,0.8775973706319541,0.8864340535833621,0.041599194642589515,0.30434782608695654,0.03108667780541538,0.033341044035540425,0.04160204514968957
TxPert_GAT,TxPert_Exphormer,K562,1,B1_HGB_ContentNull,20260930,20260930,2,114,114,0.8653973248539318,0.8882323160729836,0.04170622319941385,0.34782608695652173,0.03161513286218553,0.032971566689127305,0.04126187748583877
TxPert_GAT,TxPert_Exphormer,K562,1,B1_HGB_ContentNull,20260930,20260930,3,114,114,0.9223241549880095,0.8810878678034063,0.0419708845684902,0.26086956521739135,0.033658465588311745,0.0334749266312865,0.04158267283084415
TxPert_GAT,TxPert_Exphormer,K562,1,B1_HGB_ContentNull,20260930,20260930,4,114,114,0.9014358255829894,0.8804641461290781,0.0415804599118173,0.26086956521739135,0.03177848985961667,0.033432459976769295,0.041933648413211844
TxPert_GAT,TxPert_Exphormer,K562,1,B1_HGB_ContentNull,20261001,20261001,0,114,114,0.8890286801906641,0.879354407565663,0.04163950165883557,0.30434782608695654,0.031904986085911254,0.03297555562333558,0.04224487303173406
TxPert_GAT,TxPert_Exphormer,K562,1,B1_HGB_ContentNull,20261001,20261001,1,114,114,0.8775973706319541,0.8864340535833621,0.041599194642589515,0.30434782608695654,0.03108667780541538,0.033341044035540425,0.04160204514968957
TxPert_GAT,TxPert_Exphormer,K562,1,B1_HGB_ContentNull,20261001,20261001,2,114,114,0.8653973248539318,0.8882323160729836,0.04170622319941385,0.34782608695652173,0.03161513286218553,0.032971566689127305,0.04126187748583877
TxPert_GAT,TxPert_Exphormer,K562,1,B1_HGB_ContentNull,20261001,20261001,3,114,114,0.9223241549880095,0.8810878678034063,0.0419708845684902,0.26086956521739135,0.033658465588311745,0.0334749266312865,0.04158267283084415
TxPert_GAT,TxPert_Exphormer,K562,1,B1_HGB_ContentNull,20261001,20261001,4,114,114,0.9014358255829894,0.8804641461290781,0.0415804599118173,0.26086956521739135,0.03177848985961667,0.033432459976769295,0.041933648413211844
TxPert_GAT,TxPert_Exphormer,K562,1,B1_HGB_ContentNull,20261002,20261002,0,114,114,0.8890286801906641,0.879354407565663,0.04163950165883557,0.30434782608695654,0.031904986085911254,0.03297555562333558,0.04224487303173406
TxPert_GAT,TxPert_Exphormer,K562,1,B1_HGB_ContentNull,20261002,20261002,1,114,114,0.8775973706319541,0.8864340535833621,0.041599194642589515,0.30434782608695654,0.03108667780541538,0.033341044035540425,0.04160204514968957
TxPert_GAT,TxPert_Exphormer,K562,1,B1_HGB_ContentNull,20261002,20261002,2,114,114,0.8653973248539318,0.8882323160729836,0.04170622319941385,0.34782608695652173,0.03161513286218553,0.032971566689127305,0.04126187748583877
TxPert_GAT,TxPert_Exphormer,K562,1,B1_HGB_ContentNull,20261002,20261002,3,114,114,0.9223241549880095,0.8810878678034063,0.0419708845684902,0.26086956521739135,0.033658465588311745,0.0334749266312865,0.04158267283084415
TxPert_GAT,TxPert_Exphormer,K562,1,B1_HGB_ContentNull,20261002,20261002,4,114,114,0.9014358255829894,0.8804641461290781,0.0415804599118173,0.26086956521739135,0.03177848985961667,0.033432459976769295,0.041933648413211844
TxPert_GAT,TxPert_Exphormer,K562,1,B2_Pointwise,20260930,20260930,0,114,114,0.8832067160638503,0.9112047143638242,0.041267288386057845,0.30434782608695654,0.029313289030619517,0.032975555623335574,0.041011678560878624
TxPert_GAT,TxPert_Exphormer,K562,1,B2_Pointwise,20260930,20260930,1,114,114,0.8832067160638503,0.9112047143638242,0.041267288386057845,0.30434782608695654,0.029313289030619517,0.032975555623335574,0.041011678560878624
TxPert_GAT,TxPert_Exphormer,K562,1,B2_Pointwise,20260930,20260930,2,114,114,0.8832067160638503,0.9112047143638242,0.041267288386057845,0.30434782608695654,0.029313289030619517,0.032975555623335574,0.041011678560878624
TxPert_GAT,TxPert_Exphormer,K562,1,B2_Pointwise,20260930,20260930,3,114,114,0.8832067160638503,0.9112047143638242,0.041267288386057845,0.30434782608695654,0.029313289030619517,0.032975555623335574,0.041011678560878624
TxPert_GAT,TxPert_Exphormer,K562,1,B2_Pointwise,20260930,20260930,4,114,114,0.8832067160638503,0.9112047143638242,0.041267288386057845,0.30434782608695654,0.029313289030619517,0.032975555623335574,0.041011678560878624
TxPert_GAT,TxPert_Exphormer,K562,1,B2_Pointwise,20261001,20261001,0,114,114,0.8754343329580588,0.907261714551413,0.04130897804468058,0.30434782608695654,0.02960314225434525,0.032975555623335574,0.040942104574692224
TxPert_GAT,TxPert_Exphormer,K562,1,B2_Pointwise,20261001,20261001,1,114,114,0.8754343329580588,0.907261714551413,0.04130897804468058,0.30434782608695654,0.02960314225434525,0.032975555623335574,0.040942104574692224
TxPert_GAT,TxPert_Exphormer,K562,1,B2_Pointwise,20261001,20261001,2,114,114,0.8754343329580588,0.907261714551413,0.04130897804468058,0.30434782608695654,0.02960314225434525,0.032975555623335574,0.040942104574692224
TxPert_GAT,TxPert_Exphormer,K562,1,B2_Pointwise,20261001,20261001,3,114,114,0.8754343329580588,0.907261714551413,0.04130897804468058,0.30434782608695654,0.02960314225434525,0.032975555623335574,0.040942104574692224
TxPert_GAT,TxPert_Exphormer,K562,1,B2_Pointwise,20261001,20261001,4,114,114,0.8754343329580588,0.907261714551413,0.04130897804468058,0.30434782608695654,0.02960314225434525,0.032975555623335574,0.040942104574692224
TxPert_GAT,TxPert_Exphormer,K562,1,B2_Pointwise,20261002,20261002,0,114,114,0.8653973248539318,0.903276367990285,0.04132142920261416,0.34782608695652173,0.0304915716270254,0.032975555623335574,0.040942104574692224
TxPert_GAT,TxPert_Exphormer,K562,1,B2_Pointwise,20261002,20261002,1,114,114,0.8653973248539318,0.903276367990285,0.04132142920261416,0.34782608695652173,0.0304915716270254,0.032975555623335574,0.040942104574692224
TxPert_GAT,TxPert_Exphormer,K562,1,B2_Pointwise,20261002,20261002,2,114,114,0.8653973248539318,0.903276367990285,0.04132142920261416,0.34782608695652173,0.0304915716270254,0.032975555623335574,0.040942104574692224
TxPert_GAT,TxPert_Exphormer,K562,1,B2_Pointwise,20261002,20261002,3,114,114,0.8653973248539318,0.903276367990285,0.04132142920261416,0.34782608695652173,0.0304915716270254,0.032975555623335574,0.040942104574692224
TxPert_GAT,TxPert_Exphormer,K562,1,B2_Pointwise,20261002,20261002,4,114,114,0.8653973248539318,0.903276367990285,0.04132142920261416,0.34782608695652173,0.0304915716270254,0.032975555623335574,0.040942104574692224
TxPert_GAT,TxPert_Exphormer,K562,1,B2_Pointwise_ContentNull,20260930,20260930,0,114,114,0.8848202029115114,0.8850003037605558,0.04161455716469038,0.30434782608695654,0.03122390152392826,0.03297555562333558,0.042010217105826295
TxPert_GAT,TxPert_Exphormer,K562,1,B2_Pointwise_ContentNull,20260930,20260930,1,114,114,0.8688772104267777,0.8857455296571558,0.04171187747680053,0.34782608695652173,0.031690720981184424,0.03287540454875168,0.0420419683829402
TxPert_GAT,TxPert_Exphormer,K562,1,B2_Pointwise_ContentNull,20260930,20260930,2,114,114,0.8672381646560074,0.8816953889147648,0.04177415873903616,0.34782608695652173,0.031655650704887094,0.03297555562333558,0.04154943606657131
TxPert_GAT,TxPert_Exphormer,K562,1,B2_Pointwise_ContentNull,20260930,20260930,3,114,114,0.8835291814936951,0.8794759117879346,0.04204993651889933,0.30434782608695654,0.034725097354277736,0.032971566689127305,0.04155970168677482
TxPert_GAT,TxPert_Exphormer,K562,1,B2_Pointwise_ContentNull,20260930,20260930,4,114,114,0.8948572110156394,0.8798566250177194,0.04176371804716743,0.26086956521739135,0.03292047403760939,0.0334324599767693,0.042021242627537675
TxPert_GAT,TxPert_Exphormer,K562,1,B2_Pointwise_ContentNull,20261001,20261001,0,114,114,0.8827373236889204,0.8853729167088557,0.041366188122584885,0.30434782608695654,0.030205977563522158,0.033391790148166074,0.042313859228010495
TxPert_GAT,TxPert_Exphormer,K562,1,B2_Pointwise_ContentNull,20261001,20261001,1,114,114,0.8832067160638503,0.8920718494967701,0.04157022916916648,0.30434782608695654,0.031881180236013364,0.03341400209859178,0.0420419683829402
TxPert_GAT,TxPert_Exphormer,K562,1,B2_Pointwise_ContentNull,20261001,20261001,2,114,114,0.9090596586290041,0.8844413843381058,0.04173714404233766,0.26086956521739135,0.03093404830020253,0.032971566689127305,0.04174247153101871
TxPert_GAT,TxPert_Exphormer,K562,1,B2_Pointwise_ContentNull,20261001,20261001,3,114,114,0.8726162953310005,0.8801644357141412,0.04195991062172351,0.34782608695652173,0.03370838126046377,0.03296159340539689,0.04150899302933378
TxPert_GAT,TxPert_Exphormer,K562,1,B2_Pointwise_ContentNull,20261001,20261001,4,114,114,0.892291995050053,0.887219780887386,0.04145534044722445,0.26086956521739135,0.03177848985961667,0.03297555562333558,0.041434168919371774
TxPert_GAT,TxPert_Exphormer,K562,1,B2_Pointwise_ContentNull,20261002,20261002,0,114,114,0.8845781634909962,0.8785686802616391,0.04176606514149459,0.30434782608695654,0.031116506809606242,0.03297555562333558,0.04231385922801049
TxPert_GAT,TxPert_Exphormer,K562,1,B2_Pointwise_ContentNull,20261002,20261002,1,114,114,0.9013385727036136,0.8838014621008081,0.041903454213034756,0.26086956521739135,0.03368133007127791,0.032924809510709925,0.04195069679140967
TxPert_GAT,TxPert_Exphormer,K562,1,B2_Pointwise_ContentNull,20261002,20261002,2,114,114,0.8672381646560074,0.8845223871529536,0.041792921489414984,0.34782608695652173,0.031655650704887094,0.03288349709818036,0.04208085866604426
TxPert_GAT,TxPert_Exphormer,K562,1,B2_Pointwise_ContentNull,20261002,20261002,3,114,114,0.8684078180518484,0.8772888357870436,0.04176624393001184,0.34782608695652173,0.03341852803673804,0.032971566689127305,0.04169597853909291
TxPert_GAT,TxPert_Exphormer,K562,1,B2_Pointwise_ContentNull,20261002,20261002,4,114,114,0.8871878403885883,0.8817520908851584,0.041593680873936986,0.30434782608695654,0.03177848985961667,0.033971057526609394,0.04152150117554207
TxPert_GAT,TxPert_Exphormer,K562,1,Support_only,20260930,20260930,0,114,114,0.8707754555289252,0.883397764730047,0.04178768302179205,0.34782608695652173,0.030346279363616946,0.03297555562333558,0.041732276306067725
TxPert_GAT,TxPert_Exphormer,K562,1,Support_only,20260930,20260930,1,114,114,0.8707754555289252,0.883397764730047,0.04178768302179205,0.34782608695652173,0.030346279363616946,0.03297555562333558,0.041732276306067725
TxPert_GAT,TxPert_Exphormer,K562,1,Support_only,20260930,20260930,2,114,114,0.8707754555289252,0.883397764730047,0.04178768302179205,0.34782608695652173,0.030346279363616946,0.03297555562333558,0.041732276306067725
TxPert_GAT,TxPert_Exphormer,K562,1,Support_only,20260930,20260930,3,114,114,0.8707754555289252,0.883397764730047,0.04178768302179205,0.34782608695652173,0.030346279363616946,0.03297555562333558,0.041732276306067725
TxPert_GAT,TxPert_Exphormer,K562,1,Support_only,20260930,20260930,4,114,114,0.8707754555289252,0.883397764730047,0.04178768302179205,0.34782608695652173,0.030346279363616946,0.03297555562333558,0.041732276306067725
TxPert_GAT,TxPert_Exphormer,K562,1,Support_only,20261001,20261001,0,114,114,0.8707754555289252,0.883397764730047,0.04178768302179205,0.34782608695652173,0.030346279363616946,0.03297555562333558,0.041732276306067725
TxPert_GAT,TxPert_Exphormer,K562,1,Support_only,20261001,20261001,1,114,114,0.8707754555289252,0.883397764730047,0.04178768302179205,0.34782608695652173,0.030346279363616946,0.03297555562333558,0.041732276306067725
TxPert_GAT,TxPert_Exphormer,K562,1,Support_only,20261001,20261001,2,114,114,0.8707754555289252,0.883397764730047,0.04178768302179205,0.34782608695652173,0.030346279363616946,0.03297555562333558,0.041732276306067725
TxPert_GAT,TxPert_Exphormer,K562,1,Support_only,20261001,20261001,3,114,114,0.8707754555289252,0.883397764730047,0.04178768302179205,0.34782608695652173,0.030346279363616946,0.03297555562333558,0.041732276306067725
TxPert_GAT,TxPert_Exphormer,K562,1,Support_only,20261001,20261001,4,114,114,0.8707754555289252,0.883397764730047,0.04178768302179205,0.34782608695652173,0.030346279363616946,0.03297555562333558,0.041732276306067725
TxPert_GAT,TxPert_Exphormer,K562,1,Support_only,20261002,20261002,0,114,114,0.8707754555289252,0.883397764730047,0.04178768302179205,0.34782608695652173,0.030346279363616946,0.03297555562333558,0.041732276306067725
TxPert_GAT,TxPert_Exphormer,K562,1,Support_only,20261002,20261002,1,114,114,0.8707754555289252,0.883397764730047,0.04178768302179205,0.34782608695652173,0.030346279363616946,0.03297555562333558,0.041732276306067725
TxPert_GAT,TxPert_Exphormer,K562,1,Support_only,20261002,20261002,2,114,114,0.8707754555289252,0.883397764730047,0.04178768302179205,0.34782608695652173,0.030346279363616946,0.03297555562333558,0.041732276306067725
TxPert_GAT,TxPert_Exphormer,K562,1,Support_only,20261002,20261002,3,114,114,0.8707754555289252,0.883397764730047,0.04178768302179205,0.34782608695652173,0.030346279363616946,0.03297555562333558,0.041732276306067725
TxPert_GAT,TxPert_Exphormer,K562,1,Support_only,20261002,20261002,4,114,114,0.8707754555289252,0.883397764730047,0.04178768302179205,0.34782608695652173,0.030346279363616946,0.03297555562333558,0.041732276306067725
TxPert_GAT,TxPert_Exphormer,K562,2,B1_HGB,20260930,20260930,0,112,112,0.9561903447462794,0.9494481839614584,0.03847460175510547,0.17391304347826086,0.029429805312838574,0.0315102761762508,0.03827432641323891
TxPert_GAT,TxPert_Exphormer,K562,2,B1_HGB,20260930,20260930,1,112,112,0.9561903447462794,0.9494481839614584,0.03847460175510547,0.17391304347826086,0.029429805312838574,0.0315102761762508,0.03827432641323891
TxPert_GAT,TxPert_Exphormer,K562,2,B1_HGB,20260930,20260930,2,112,112,0.9561903447462794,0.9494481839614584,0.03847460175510547,0.17391304347826086,0.029429805312838574,0.0315102761762508,0.03827432641323891
TxPert_GAT,TxPert_Exphormer,K562,2,B1_HGB,20260930,20260930,3,112,112,0.9561903447462794,0.9494481839614584,0.03847460175510547,0.17391304347826086,0.029429805312838574,0.0315102761762508,0.03827432641323891
TxPert_GAT,TxPert_Exphormer,K562,2,B1_HGB,20260930,20260930,4,112,112,0.9561903447462794,0.9494481839614584,0.03847460175510547,0.17391304347826086,0.029429805312838574,0.0315102761762508,0.03827432641323891
TxPert_GAT,TxPert_Exphormer,K562,2,B1_HGB,20261001,20261001,0,112,112,0.9561903447462794,0.9494481839614584,0.03847460175510547,0.17391304347826086,0.029429805312838574,0.0315102761762508,0.03827432641323891
TxPert_GAT,TxPert_Exphormer,K562,2,B1_HGB,20261001,20261001,1,112,112,0.9561903447462794,0.9494481839614584,0.03847460175510547,0.17391304347826086,0.029429805312838574,0.0315102761762508,0.03827432641323891
TxPert_GAT,TxPert_Exphormer,K562,2,B1_HGB,20261001,20261001,2,112,112,0.9561903447462794,0.9494481839614584,0.03847460175510547,0.17391304347826086,0.029429805312838574,0.0315102761762508,0.03827432641323891
TxPert_GAT,TxPert_Exphormer,K562,2,B1_HGB,20261001,20261001,3,112,112,0.9561903447462794,0.9494481839614584,0.03847460175510547,0.17391304347826086,0.029429805312838574,0.0315102761762508,0.03827432641323891
TxPert_GAT,TxPert_Exphormer,K562,2,B1_HGB,20261001,20261001,4,112,112,0.9561903447462794,0.9494481839614584,0.03847460175510547,0.17391304347826086,0.029429805312838574,0.0315102761762508,0.03827432641323891
TxPert_GAT,TxPert_Exphormer,K562,2,B1_HGB,20261002,20261002,0,112,112,0.9561903447462794,0.9494481839614584,0.03847460175510547,0.17391304347826086,0.029429805312838574,0.0315102761762508,0.03827432641323891
TxPert_GAT,TxPert_Exphormer,K562,2,B1_HGB,20261002,20261002,1,112,112,0.9561903447462794,0.9494481839614584,0.03847460175510547,0.17391304347826086,0.029429805312838574,0.0315102761762508,0.03827432641323891
TxPert_GAT,TxPert_Exphormer,K562,2,B1_HGB,20261002,20261002,2,112,112,0.9561903447462794,0.9494481839614584,0.03847460175510547,0.17391304347826086,0.029429805312838574,0.0315102761762508,0.03827432641323891
TxPert_GAT,TxPert_Exphormer,K562,2,B1_HGB,20261002,20261002,3,112,112,0.9561903447462794,0.9494481839614584,0.03847460175510547,0.17391304347826086,0.029429805312838574,0.0315102761762508,0.03827432641323891
TxPert_GAT,TxPert_Exphormer,K562,2,B1_HGB,20261002,20261002,4,112,112,0.9561903447462794,0.9494481839614584,0.03847460175510547,0.17391304347826086,0.029429805312838574,0.0315102761762508,0.03827432641323891
TxPert_GAT,TxPert_Exphormer,K562,2,B1_HGB_ContentNull,20260930,20260930,0,112,112,0.9401716665284214,0.9343885604947552,0.038917270433684155,0.21739130434782605,0.030895331916337546,0.03203960385941475,0.03827432641323891
TxPert_GAT,TxPert_Exphormer,K562,2,B1_HGB_ContentNull,20260930,20260930,1,112,112,0.9337059920486797,0.9308436122595414,0.038925095625585056,0.21739130434782605,0.030614016276404258,0.032132688228695215,0.03837110110549286
TxPert_GAT,TxPert_Exphormer,K562,2,B1_HGB_ContentNull,20260930,20260930,2,112,112,0.9680359550989058,0.9391635630573685,0.03869877624066468,0.17391304347826086,0.03138345118424391,0.0321785615840123,0.03834574470278166
TxPert_GAT,TxPert_Exphormer,K562,2,B1_HGB_ContentNull,20260930,20260930,3,112,112,0.9458673421798183,0.9388133392558171,0.03881028497510184,0.21739130434782605,0.029402029575405417,0.03203839340202607,0.038017485764181756
TxPert_GAT,TxPert_Exphormer,K562,2,B1_HGB_ContentNull,20260930,20260930,4,112,112,0.9401716665284214,0.9355075682509312,0.03888476601253427,0.21739130434782605,0.029604483026935604,0.03212688436588895,0.03816395639688864
TxPert_GAT,TxPert_Exphormer,K562,2,B1_HGB_ContentNull,20261001,20261001,0,112,112,0.9401716665284214,0.9343885604947552,0.038917270433684155,0.21739130434782605,0.030895331916337546,0.03203960385941475,0.03827432641323891
TxPert_GAT,TxPert_Exphormer,K562,2,B1_HGB_ContentNull,20261001,20261001,1,112,112,0.9337059920486797,0.9308436122595414,0.038925095625585056,0.21739130434782605,0.030614016276404258,0.032132688228695215,0.03837110110549286
TxPert_GAT,TxPert_Exphormer,K562,2,B1_HGB_ContentNull,20261001,20261001,2,112,112,0.9680359550989058,0.9391635630573685,0.03869877624066468,0.17391304347826086,0.03138345118424391,0.0321785615840123,0.03834574470278166
TxPert_GAT,TxPert_Exphormer,K562,2,B1_HGB_ContentNull,20261001,20261001,3,112,112,0.9458673421798183,0.9388133392558171,0.03881028497510184,0.21739130434782605,0.029402029575405417,0.03203839340202607,0.038017485764181756
TxPert_GAT,TxPert_Exphormer,K562,2,B1_HGB_ContentNull,20261001,20261001,4,112,112,0.9401716665284214,0.9355075682509312,0.03888476601253427,0.21739130434782605,0.029604483026935604,0.03212688436588895,0.03816395639688864
TxPert_GAT,TxPert_Exphormer,K562,2,B1_HGB_ContentNull,20261002,20261002,0,112,112,0.9401716665284214,0.9343885604947552,0.038917270433684155,0.21739130434782605,0.030895331916337546,0.03203960385941475,0.03827432641323891
TxPert_GAT,TxPert_Exphormer,K562,2,B1_HGB_ContentNull,20261002,20261002,1,112,112,0.9337059920486797,0.9308436122595414,0.038925095625585056,0.21739130434782605,0.030614016276404258,0.032132688228695215,0.03837110110549286
TxPert_GAT,TxPert_Exphormer,K562,2,B1_HGB_ContentNull,20261002,20261002,2,112,112,0.9680359550989058,0.9391635630573685,0.03869877624066468,0.17391304347826086,0.03138345118424391,0.0321785615840123,0.03834574470278166
TxPert_GAT,TxPert_Exphormer,K562,2,B1_HGB_ContentNull,20261002,20261002,3,112,112,0.9458673421798183,0.9388133392558171,0.03881028497510184,0.21739130434782605,0.029402029575405417,0.03203839340202607,0.038017485764181756
TxPert_GAT,TxPert_Exphormer,K562,2,B1_HGB_ContentNull,20261002,20261002,4,112,112,0.9401716665284214,0.9355075682509312,0.03888476601253427,0.21739130434782605,0.029604483026935604,0.03212688436588895,0.03816395639688864
TxPert_GAT,TxPert_Exphormer,K562,2,B2_Pointwise,20260930,20260930,0,112,112,0.9552803907660488,0.946193665220214,0.03860631262147076,0.17391304347826086,0.029027240417496967,0.031044396801246436,0.03827432641323891
TxPert_GAT,TxPert_Exphormer,K562,2,B2_Pointwise,20260930,20260930,1,112,112,0.9552803907660488,0.946193665220214,0.03860631262147076,0.17391304347826086,0.029027240417496967,0.031044396801246436,0.03827432641323891
TxPert_GAT,TxPert_Exphormer,K562,2,B2_Pointwise,20260930,20260930,2,112,112,0.9552803907660488,0.946193665220214,0.03860631262147076,0.17391304347826086,0.029027240417496967,0.031044396801246436,0.03827432641323891
TxPert_GAT,TxPert_Exphormer,K562,2,B2_Pointwise,20260930,20260930,3,112,112,0.9552803907660488,0.946193665220214,0.03860631262147076,0.17391304347826086,0.029027240417496967,0.031044396801246436,0.03827432641323891
TxPert_GAT,TxPert_Exphormer,K562,2,B2_Pointwise,20260930,20260930,4,112,112,0.9552803907660488,0.946193665220214,0.03860631262147076,0.17391304347826086,0.029027240417496967,0.031044396801246436,0.03827432641323891
TxPert_GAT,TxPert_Exphormer,K562,2,B2_Pointwise,20261001,20261001,0,112,112,0.9512990676783927,0.9459117777701849,0.03861346843511163,0.17391304347826086,0.028625218655189924,0.030958054834572365,0.03852274410065233
TxPert_GAT,TxPert_Exphormer,K562,2,B2_Pointwise,20261001,20261001,1,112,112,0.9512990676783927,0.9459117777701849,0.03861346843511163,0.17391304347826086,0.028625218655189924,0.030958054834572365,0.03852274410065233
TxPert_GAT,TxPert_Exphormer,K562,2,B2_Pointwise,20261001,20261001,2,112,112,0.9512990676783927,0.9459117777701849,0.03861346843511163,0.17391304347826086,0.028625218655189924,0.030958054834572365,0.03852274410065233
TxPert_GAT,TxPert_Exphormer,K562,2,B2_Pointwise,20261001,20261001,3,112,112,0.9512990676783927,0.9459117777701849,0.03861346843511163,0.17391304347826086,0.028625218655189924,0.030958054834572365,0.03852274410065233
TxPert_GAT,TxPert_Exphormer,K562,2,B2_Pointwise,20261001,20261001,4,112,112,0.9512990676783927,0.9459117777701849,0.03861346843511163,0.17391304347826086,0.028625218655189924,0.030958054834572365,0.03852274410065233
TxPert_GAT,TxPert_Exphormer,K562,2,B2_Pointwise,20261002,20261002,0,112,112,0.9484459605107951,0.9483206341613422,0.03844363707316101,0.17391304347826086,0.029292212900232994,0.031017073292399507,0.03827432641323891
TxPert_GAT,TxPert_Exphormer,K562,2,B2_Pointwise,20261002,20261002,1,112,112,0.9484459605107951,0.9483206341613422,0.03844363707316101,0.17391304347826086,0.029292212900232994,0.031017073292399507,0.03827432641323891
TxPert_GAT,TxPert_Exphormer,K562,2,B2_Pointwise,20261002,20261002,2,112,112,0.9484459605107951,0.9483206341613422,0.03844363707316101,0.17391304347826086,0.029292212900232994,0.031017073292399507,0.03827432641323891
TxPert_GAT,TxPert_Exphormer,K562,2,B2_Pointwise,20261002,20261002,3,112,112,0.9484459605107951,0.9483206341613422,0.03844363707316101,0.17391304347826086,0.029292212900232994,0.031017073292399507,0.03827432641323891
TxPert_GAT,TxPert_Exphormer,K562,2,B2_Pointwise,20261002,20261002,4,112,112,0.9484459605107951,0.9483206341613422,0.03844363707316101,0.17391304347826086,0.029292212900232994,0.031017073292399507,0.03827432641323891
TxPert_GAT,TxPert_Exphormer,K562,2,B2_Pointwise_ContentNull,20260930,20260930,0,112,112,0.9403483451583735,0.9363617726449585,0.03898541282430985,0.21739130434782605,0.030915708075816242,0.03203960385941474,0.038092538107345905
TxPert_GAT,TxPert_Exphormer,K562,2,B2_Pointwise_ContentNull,20260930,20260930,1,112,112,0.965987246514817,0.9258294324666007,0.03929997511385591,0.17391304347826086,0.032837490716967836,0.03217856158401229,0.03834574470278166
TxPert_GAT,TxPert_Exphormer,K562,2,B2_Pointwise_ContentNull,20260930,20260930,2,112,112,0.9418860190921622,0.9367547066662111,0.038636800978391554,0.21739130434782605,0.029872983613773163,0.03283257867740611,0.0382595447649836
TxPert_GAT,TxPert_Exphormer,K562,2,B2_Pointwise_ContentNull,20260930,20260930,3,112,112,0.9455516024013056,0.9380872655208938,0.03877903494970293,0.21739130434782605,0.029453268037924127,0.031580679420891385,0.03825893571734292
TxPert_GAT,TxPert_Exphormer,K562,2,B2_Pointwise_ContentNull,20260930,20260930,4,112,112,0.9397311638886139,0.9319882461475382,0.03899995505832099,0.21739130434782605,0.031326830153790126,0.03213268822869521,0.03834151842774266
TxPert_GAT,TxPert_Exphormer,K562,2,B2_Pointwise_ContentNull,20261001,20261001,0,112,112,0.9403483451583731,0.9369853418525985,0.038996505511328335,0.21739130434782605,0.030379268147144863,0.03203960385941474,0.038259544764983576
TxPert_GAT,TxPert_Exphormer,K562,2,B2_Pointwise_ContentNull,20261001,20261001,1,112,112,0.9751194438163918,0.9345252331977996,0.03879258620285505,0.13043478260869568,0.029908149592312184,0.032370206378645384,0.038345744702781646
TxPert_GAT,TxPert_Exphormer,K562,2,B2_Pointwise_ContentNull,20261001,20261001,2,112,112,0.956678370583291,0.9387279188164145,0.03858309894864712,0.21739130434782605,0.029167836568699743,0.03217856158401229,0.038259544764983576
TxPert_GAT,TxPert_Exphormer,K562,2,B2_Pointwise_ContentNull,20261001,20261001,3,112,112,0.9492314839977146,0.9340639628250248,0.03913244904160686,0.21739130434782605,0.030936998297977667,0.032013702748377754,0.03830721318318571
TxPert_GAT,TxPert_Exphormer,K562,2,B2_Pointwise_ContentNull,20261001,20261001,4,112,112,0.956190344746279,0.9333635152219223,0.03881551845675784,0.17391304347826086,0.030334728394283084,0.032157378882343525,0.03825954476498359
TxPert_GAT,TxPert_Exphormer,K562,2,B2_Pointwise_ContentNull,20261002,20261002,0,112,112,0.9276753274089492,0.935037755834216,0.03899345391781972,0.26086956521739135,0.03196589982908988,0.031579423700599615,0.03844938110195812
TxPert_GAT,TxPert_Exphormer,K562,2,B2_Pointwise_ContentNull,20261002,20261002,1,112,112,0.9550470626785967,0.9310827894898692,0.03921415558630533,0.21739130434782605,0.03157937240116673,0.032319053172320554,0.038345744702781646
TxPert_GAT,TxPert_Exphormer,K562,2,B2_Pointwise_ContentNull,20261002,20261002,2,112,112,0.9636372313318552,0.9377712098951038,0.03867385242487558,0.17391304347826086,0.030932240446353582,0.03169615979540935,0.038222594184483635
TxPert_GAT,TxPert_Exphormer,K562,2,B2_Pointwise_ContentNull,20261002,20261002,3,112,112,0.9575057779800888,0.9394369084634571,0.03876546921913922,0.17391304347826086,0.029453268037924127,0.03158067942089139,0.038281856780474514
TxPert_GAT,TxPert_Exphormer,K562,2,B2_Pointwise_ContentNull,20261002,20261002,4,112,112,0.9452501609100591,0.9342262616598901,0.03886608276737379,0.21739130434782605,0.029731662780951258,0.03247276534522405,0.03833398806050708
TxPert_GAT,TxPert_Exphormer,K562,2,Support_only,20260930,20260930,0,112,112,0.9693513883327138,0.9414591123537552,0.03877513747392759,0.17391304347826086,0.02964939998253564,0.03201370274837775,0.03825954476498359
TxPert_GAT,TxPert_Exphormer,K562,2,Support_only,20260930,20260930,1,112,112,0.9693513883327138,0.9414591123537552,0.03877513747392759,0.17391304347826086,0.02964939998253564,0.03201370274837775,0.03825954476498359
TxPert_GAT,TxPert_Exphormer,K562,2,Support_only,20260930,20260930,2,112,112,0.9693513883327138,0.9414591123537552,0.03877513747392759,0.17391304347826086,0.02964939998253564,0.03201370274837775,0.03825954476498359
TxPert_GAT,TxPert_Exphormer,K562,2,Support_only,20260930,20260930,3,112,112,0.9693513883327138,0.9414591123537552,0.03877513747392759,0.17391304347826086,0.02964939998253564,0.03201370274837775,0.03825954476498359
TxPert_GAT,TxPert_Exphormer,K562,2,Support_only,20260930,20260930,4,112,112,0.9693513883327138,0.9414591123537552,0.03877513747392759,0.17391304347826086,0.02964939998253564,0.03201370274837775,0.03825954476498359
TxPert_GAT,TxPert_Exphormer,K562,2,Support_only,20261001,20261001,0,112,112,0.9693513883327138,0.9414591123537552,0.03877513747392759,0.17391304347826086,0.02964939998253564,0.03201370274837775,0.03825954476498359
TxPert_GAT,TxPert_Exphormer,K562,2,Support_only,20261001,20261001,1,112,112,0.9693513883327138,0.9414591123537552,0.03877513747392759,0.17391304347826086,0.02964939998253564,0.03201370274837775,0.03825954476498359
TxPert_GAT,TxPert_Exphormer,K562,2,Support_only,20261001,20261001,2,112,112,0.9693513883327138,0.9414591123537552,0.03877513747392759,0.17391304347826086,0.02964939998253564,0.03201370274837775,0.03825954476498359
TxPert_GAT,TxPert_Exphormer,K562,2,Support_only,20261001,20261001,3,112,112,0.9693513883327138,0.9414591123537552,0.03877513747392759,0.17391304347826086,0.02964939998253564,0.03201370274837775,0.03825954476498359
TxPert_GAT,TxPert_Exphormer,K562,2,Support_only,20261001,20261001,4,112,112,0.9693513883327138,0.9414591123537552,0.03877513747392759,0.17391304347826086,0.02964939998253564,0.03201370274837775,0.03825954476498359
TxPert_GAT,TxPert_Exphormer,K562,2,Support_only,20261002,20261002,0,112,112,0.9693513883327138,0.9414591123537552,0.03877513747392759,0.17391304347826086,0.02964939998253564,0.03201370274837775,0.03825954476498359
TxPert_GAT,TxPert_Exphormer,K562,2,Support_only,20261002,20261002,1,112,112,0.9693513883327138,0.9414591123537552,0.03877513747392759,0.17391304347826086,0.02964939998253564,0.03201370274837775,0.03825954476498359
TxPert_GAT,TxPert_Exphormer,K562,2,Support_only,20261002,20261002,2,112,112,0.9693513883327138,0.9414591123537552,0.03877513747392759,0.17391304347826086,0.02964939998253564,0.03201370274837775,0.03825954476498359
TxPert_GAT,TxPert_Exphormer,K562,2,Support_only,20261002,20261002,3,112,112,0.9693513883327138,0.9414591123537552,0.03877513747392759,0.17391304347826086,0.02964939998253564,0.03201370274837775,0.03825954476498359
TxPert_GAT,TxPert_Exphormer,K562,2,Support_only,20261002,20261002,4,112,112,0.9693513883327138,0.9414591123537552,0.03877513747392759,0.17391304347826086,0.02964939998253564,0.03201370274837775,0.03825954476498359
TxPert_GAT,TxPert_Exphormer,K562,3,B1_HGB,20260930,20260930,0,113,113,0.9598693595169401,0.8954022223700846,0.03777385431164249,0.13043478260869568,0.03051281338827927,0.031050020863112232,0.03785307362123076
TxPert_GAT,TxPert_Exphormer,K562,3,B1_HGB,20260930,20260930,1,113,113,0.9598693595169401,0.8954022223700846,0.03777385431164249,0.13043478260869568,0.03051281338827927,0.031050020863112232,0.03785307362123076
TxPert_GAT,TxPert_Exphormer,K562,3,B1_HGB,20260930,20260930,2,113,113,0.9598693595169401,0.8954022223700846,0.03777385431164249,0.13043478260869568,0.03051281338827927,0.031050020863112232,0.03785307362123076
TxPert_GAT,TxPert_Exphormer,K562,3,B1_HGB,20260930,20260930,3,113,113,0.9598693595169401,0.8954022223700846,0.03777385431164249,0.13043478260869568,0.03051281338827927,0.031050020863112232,0.03785307362123076
TxPert_GAT,TxPert_Exphormer,K562,3,B1_HGB,20260930,20260930,4,113,113,0.9598693595169401,0.8954022223700846,0.03777385431164249,0.13043478260869568,0.03051281338827927,0.031050020863112232,0.03785307362123076
TxPert_GAT,TxPert_Exphormer,K562,3,B1_HGB,20261001,20261001,0,113,113,0.9598693595169401,0.8954022223700846,0.03777385431164249,0.13043478260869568,0.03051281338827927,0.031050020863112232,0.03785307362123076
TxPert_GAT,TxPert_Exphormer,K562,3,B1_HGB,20261001,20261001,1,113,113,0.9598693595169401,0.8954022223700846,0.03777385431164249,0.13043478260869568,0.03051281338827927,0.031050020863112232,0.03785307362123076
TxPert_GAT,TxPert_Exphormer,K562,3,B1_HGB,20261001,20261001,2,113,113,0.9598693595169401,0.8954022223700846,0.03777385431164249,0.13043478260869568,0.03051281338827927,0.031050020863112232,0.03785307362123076
TxPert_GAT,TxPert_Exphormer,K562,3,B1_HGB,20261001,20261001,3,113,113,0.9598693595169401,0.8954022223700846,0.03777385431164249,0.13043478260869568,0.03051281338827927,0.031050020863112232,0.03785307362123076
TxPert_GAT,TxPert_Exphormer,K562,3,B1_HGB,20261001,20261001,4,113,113,0.9598693595169401,0.8954022223700846,0.03777385431164249,0.13043478260869568,0.03051281338827927,0.031050020863112232,0.03785307362123076
TxPert_GAT,TxPert_Exphormer,K562,3,B1_HGB,20261002,20261002,0,113,113,0.9598693595169401,0.8954022223700846,0.03777385431164249,0.13043478260869568,0.03051281338827927,0.031050020863112232,0.03785307362123076
TxPert_GAT,TxPert_Exphormer,K562,3,B1_HGB,20261002,20261002,1,113,113,0.9598693595169401,0.8954022223700846,0.03777385431164249,0.13043478260869568,0.03051281338827927,0.031050020863112232,0.03785307362123076
TxPert_GAT,TxPert_Exphormer,K562,3,B1_HGB,20261002,20261002,2,113,113,0.9598693595169401,0.8954022223700846,0.03777385431164249,0.13043478260869568,0.03051281338827927,0.031050020863112232,0.03785307362123076
TxPert_GAT,TxPert_Exphormer,K562,3,B1_HGB,20261002,20261002,3,113,113,0.9598693595169401,0.8954022223700846,0.03777385431164249,0.13043478260869568,0.03051281338827927,0.031050020863112232,0.03785307362123076
TxPert_GAT,TxPert_Exphormer,K562,3,B1_HGB,20261002,20261002,4,113,113,0.9598693595169401,0.8954022223700846,0.03777385431164249,0.13043478260869568,0.03051281338827927,0.031050020863112232,0.03785307362123076
TxPert_GAT,TxPert_Exphormer,K562,3,B1_HGB_ContentNull,20260930,20260930,0,113,113,0.9428539032818604,0.8775034932463904,0.03828735857559433,0.17391304347826086,0.033349351086444316,0.03260962715279748,0.03786135459036205
TxPert_GAT,TxPert_Exphormer,K562,3,B1_HGB_ContentNull,20260930,20260930,1,113,113,0.9598693595169401,0.8770044580477744,0.0381452828769594,0.13043478260869568,0.03378043708558243,0.03194806021588139,0.037520373129892357
TxPert_GAT,TxPert_Exphormer,K562,3,B1_HGB_ContentNull,20260930,20260930,2,113,113,0.9598693595169401,0.8717479539556858,0.03840121129902597,0.13043478260869568,0.032117974120535436,0.03329587679746436,0.03768062439431782
TxPert_GAT,TxPert_Exphormer,K562,3,B1_HGB_ContentNull,20260930,20260930,3,113,113,0.9598693595169401,0.8704005589194226,0.03861806686726516,0.13043478260869568,0.03442011045847703,0.032762770683440516,0.03775738782656536
TxPert_GAT,TxPert_Exphormer,K562,3,B1_HGB_ContentNull,20260930,20260930,4,113,113,0.9587411336883869,0.8690947501497106,0.03838726627898405,0.13043478260869568,0.032341074609174174,0.03336956051092349,0.0378031254720402
TxPert_GAT,TxPert_Exphormer,K562,3,B1_HGB_ContentNull,20261001,20261001,0,113,113,0.9428539032818604,0.8775034932463904,0.03828735857559433,0.17391304347826086,0.033349351086444316,0.03260962715279748,0.03786135459036205
TxPert_GAT,TxPert_Exphormer,K562,3,B1_HGB_ContentNull,20261001,20261001,1,113,113,0.9598693595169401,0.8770044580477744,0.0381452828769594,0.13043478260869568,0.03378043708558243,0.03194806021588139,0.037520373129892357
TxPert_GAT,TxPert_Exphormer,K562,3,B1_HGB_ContentNull,20261001,20261001,2,113,113,0.9598693595169401,0.8717479539556858,0.03840121129902597,0.13043478260869568,0.032117974120535436,0.03329587679746436,0.03768062439431782
TxPert_GAT,TxPert_Exphormer,K562,3,B1_HGB_ContentNull,20261001,20261001,3,113,113,0.9598693595169401,0.8704005589194226,0.03861806686726516,0.13043478260869568,0.03442011045847703,0.032762770683440516,0.03775738782656536
TxPert_GAT,TxPert_Exphormer,K562,3,B1_HGB_ContentNull,20261001,20261001,4,113,113,0.9587411336883869,0.8690947501497106,0.03838726627898405,0.13043478260869568,0.032341074609174174,0.03336956051092349,0.0378031254720402
TxPert_GAT,TxPert_Exphormer,K562,3,B1_HGB_ContentNull,20261002,20261002,0,113,113,0.9428539032818604,0.8775034932463904,0.03828735857559433,0.17391304347826086,0.033349351086444316,0.03260962715279748,0.03786135459036205
TxPert_GAT,TxPert_Exphormer,K562,3,B1_HGB_ContentNull,20261002,20261002,1,113,113,0.9598693595169401,0.8770044580477744,0.0381452828769594,0.13043478260869568,0.03378043708558243,0.03194806021588139,0.037520373129892357
TxPert_GAT,TxPert_Exphormer,K562,3,B1_HGB_ContentNull,20261002,20261002,2,113,113,0.9598693595169401,0.8717479539556858,0.03840121129902597,0.13043478260869568,0.032117974120535436,0.03329587679746436,0.03768062439431782
TxPert_GAT,TxPert_Exphormer,K562,3,B1_HGB_ContentNull,20261002,20261002,3,113,113,0.9598693595169401,0.8704005589194226,0.03861806686726516,0.13043478260869568,0.03442011045847703,0.032762770683440516,0.03775738782656536
TxPert_GAT,TxPert_Exphormer,K562,3,B1_HGB_ContentNull,20261002,20261002,4,113,113,0.9587411336883869,0.8690947501497106,0.03838726627898405,0.13043478260869568,0.032341074609174174,0.03336956051092349,0.0378031254720402
TxPert_GAT,TxPert_Exphormer,K562,3,B2_Pointwise,20260930,20260930,0,113,113,0.9598693595169401,0.902363763390778,0.037705226756836026,0.13043478260869568,0.030463121967192502,0.03098607216998998,0.03780601867282943
TxPert_GAT,TxPert_Exphormer,K562,3,B2_Pointwise,20260930,20260930,1,113,113,0.9598693595169401,0.902363763390778,0.037705226756836026,0.13043478260869568,0.030463121967192502,0.03098607216998998,0.03780601867282943
TxPert_GAT,TxPert_Exphormer,K562,3,B2_Pointwise,20260930,20260930,2,113,113,0.9598693595169401,0.902363763390778,0.037705226756836026,0.13043478260869568,0.030463121967192502,0.03098607216998998,0.03780601867282943
TxPert_GAT,TxPert_Exphormer,K562,3,B2_Pointwise,20260930,20260930,3,113,113,0.9598693595169401,0.902363763390778,0.037705226756836026,0.13043478260869568,0.030463121967192502,0.03098607216998998,0.03780601867282943
TxPert_GAT,TxPert_Exphormer,K562,3,B2_Pointwise,20260930,20260930,4,113,113,0.9598693595169401,0.902363763390778,0.037705226756836026,0.13043478260869568,0.030463121967192502,0.03098607216998998,0.03780601867282943
TxPert_GAT,TxPert_Exphormer,K562,3,B2_Pointwise,20261001,20261001,0,113,113,0.9485840198896802,0.8972070663384125,0.037743455218288535,0.13043478260869568,0.029540824396936793,0.03188442651973813,0.037697889483358095
TxPert_GAT,TxPert_Exphormer,K562,3,B2_Pointwise,20261001,20261001,1,113,113,0.9485840198896802,0.8972070663384125,0.037743455218288535,0.13043478260869568,0.029540824396936793,0.03188442651973813,0.037697889483358095
TxPert_GAT,TxPert_Exphormer,K562,3,B2_Pointwise,20261001,20261001,2,113,113,0.9485840198896802,0.8972070663384125,0.037743455218288535,0.13043478260869568,0.029540824396936793,0.03188442651973813,0.037697889483358095
TxPert_GAT,TxPert_Exphormer,K562,3,B2_Pointwise,20261001,20261001,3,113,113,0.9485840198896802,0.8972070663384125,0.037743455218288535,0.13043478260869568,0.029540824396936793,0.03188442651973813,0.037697889483358095
TxPert_GAT,TxPert_Exphormer,K562,3,B2_Pointwise,20261001,20261001,4,113,113,0.9485840198896802,0.8972070663384125,0.037743455218288535,0.13043478260869568,0.029540824396936793,0.03188442651973813,0.037697889483358095
TxPert_GAT,TxPert_Exphormer,K562,3,B2_Pointwise,20261002,20261002,0,113,113,0.962424884075756,0.8996856078248721,0.03770650688571236,0.13043478260869568,0.03068454064111299,0.03154855359413689,0.037313692109304075
TxPert_GAT,TxPert_Exphormer,K562,3,B2_Pointwise,20261002,20261002,1,113,113,0.962424884075756,0.8996856078248721,0.03770650688571236,0.13043478260869568,0.03068454064111299,0.03154855359413689,0.037313692109304075
TxPert_GAT,TxPert_Exphormer,K562,3,B2_Pointwise,20261002,20261002,2,113,113,0.962424884075756,0.8996856078248721,0.03770650688571236,0.13043478260869568,0.03068454064111299,0.03154855359413689,0.037313692109304075
TxPert_GAT,TxPert_Exphormer,K562,3,B2_Pointwise,20261002,20261002,3,113,113,0.962424884075756,0.8996856078248721,0.03770650688571236,0.13043478260869568,0.03068454064111299,0.03154855359413689,0.037313692109304075
TxPert_GAT,TxPert_Exphormer,K562,3,B2_Pointwise,20261002,20261002,4,113,113,0.962424884075756,0.8996856078248721,0.03770650688571236,0.13043478260869568,0.03068454064111299,0.03154855359413689,0.037313692109304075
TxPert_GAT,TxPert_Exphormer,K562,3,B2_Pointwise_ContentNull,20260930,20260930,0,113,113,0.9418869097405687,0.8657678488256039,0.03862392704533496,0.17391304347826086,0.03454295448719356,0.033799631760671224,0.037853073621230755
TxPert_GAT,TxPert_Exphormer,K562,3,B2_Pointwise_ContentNull,20260930,20260930,1,113,113,0.9598693595169401,0.8755655732250982,0.038357606253979486,0.13043478260869568,0.030752450378139954,0.03106111111947317,0.03778011783653669
TxPert_GAT,TxPert_Exphormer,K562,3,B2_Pointwise_ContentNull,20260930,20260930,2,113,113,0.9598693595169401,0.8675477410340011,0.038527950142667675,0.13043478260869568,0.03200597179607422,0.03287956027647141,0.03776387557781946
TxPert_GAT,TxPert_Exphormer,K562,3,B2_Pointwise_ContentNull,20260930,20260930,3,113,113,0.9598693595169401,0.8717396367023755,0.03856105506405869,0.13043478260869568,0.03421344034403573,0.03279720819971944,0.03792674197197067
TxPert_GAT,TxPert_Exphormer,K562,3,B2_Pointwise_ContentNull,20260930,20260930,4,113,113,0.9728252197355806,0.8619003260363299,0.03872662031353979,0.13043478260869568,0.03395932616582057,0.03336956051092349,0.03792890025385077
TxPert_GAT,TxPert_Exphormer,K562,3,B2_Pointwise_ContentNull,20261001,20261001,0,113,113,0.9268340548863425,0.8825437487524121,0.03798247842616302,0.21739130434782605,0.029628503727191304,0.03321929136090608,0.03780390138909842
TxPert_GAT,TxPert_Exphormer,K562,3,B2_Pointwise_ContentNull,20261001,20261001,1,113,113,0.9598693595169401,0.8740518331226297,0.03813240909241546,0.13043478260869568,0.03142481227025579,0.03098338843655178,0.03767945094601403
TxPert_GAT,TxPert_Exphormer,K562,3,B2_Pointwise_ContentNull,20261001,20261001,2,113,113,0.9598693595169401,0.8723218444340942,0.0382796094820804,0.13043478260869568,0.03148999774871027,0.032891937617665894,0.03771392742862891
TxPert_GAT,TxPert_Exphormer,K562,3,B2_Pointwise_ContentNull,20261001,20261001,3,113,113,0.9598693595169401,0.8769878235411539,0.038377036981866994,0.13043478260869568,0.03393464195423458,0.032836943645756324,0.0377892949696574
TxPert_GAT,TxPert_Exphormer,K562,3,B2_Pointwise_ContentNull,20261001,20261001,4,113,113,0.9598693595169401,0.8667076984496641,0.03849906264876142,0.13043478260869568,0.03390510530266653,0.03323376128797715,0.0378031254720402
TxPert_GAT,TxPert_Exphormer,K562,3,B2_Pointwise_ContentNull,20261002,20261002,0,113,113,0.9428539032818604,0.8730121764588463,0.03839914098973509,0.17391304347826086,0.03230187375089405,0.03324774106468914,0.037726375566189845
TxPert_GAT,TxPert_Exphormer,K562,3,B2_Pointwise_ContentNull,20261002,20261002,1,113,113,0.9598693595169401,0.8753576418923417,0.03828998891720168,0.13043478260869568,0.03400430983406347,0.03194806021588139,0.037572275725339575
TxPert_GAT,TxPert_Exphormer,K562,3,B2_Pointwise_ContentNull,20261002,20261002,2,113,113,0.9598693595169401,0.8753909109055826,0.038267891882673356,0.13043478260869568,0.03127218709144727,0.0323785313717066,0.037763875577819454
TxPert_GAT,TxPert_Exphormer,K562,3,B2_Pointwise_ContentNull,20261002,20261002,3,113,113,0.9598693595169401,0.8730953489919491,0.0384240189922397,0.13043478260869568,0.0315081949615503,0.03254930116935027,0.03792890025385077
TxPert_GAT,TxPert_Exphormer,K562,3,B2_Pointwise_ContentNull,20261002,20261002,4,113,113,0.9598693595169401,0.8730537627253977,0.03838155355192548,0.13043478260869568,0.033899169636491484,0.03334740163089698,0.0378031254720402
TxPert_GAT,TxPert_Exphormer,K562,3,Support_only,20260930,20260930,0,113,113,0.9598693595169401,0.8770709960742565,0.03810956263190668,0.13043478260869568,0.031121678641594933,0.03260962715279748,0.037818071396631084
TxPert_GAT,TxPert_Exphormer,K562,3,Support_only,20260930,20260930,1,113,113,0.9598693595169401,0.8770709960742565,0.03810956263190668,0.13043478260869568,0.031121678641594933,0.03260962715279748,0.037818071396631084
TxPert_GAT,TxPert_Exphormer,K562,3,Support_only,20260930,20260930,2,113,113,0.9598693595169401,0.8770709960742565,0.03810956263190668,0.13043478260869568,0.031121678641594933,0.03260962715279748,0.037818071396631084
TxPert_GAT,TxPert_Exphormer,K562,3,Support_only,20260930,20260930,3,113,113,0.9598693595169401,0.8770709960742565,0.03810956263190668,0.13043478260869568,0.031121678641594933,0.03260962715279748,0.037818071396631084
TxPert_GAT,TxPert_Exphormer,K562,3,Support_only,20260930,20260930,4,113,113,0.9598693595169401,0.8770709960742565,0.03810956263190668,0.13043478260869568,0.031121678641594933,0.03260962715279748,0.037818071396631084
TxPert_GAT,TxPert_Exphormer,K562,3,Support_only,20261001,20261001,0,113,113,0.9598693595169401,0.8770709960742565,0.03810956263190668,0.13043478260869568,0.031121678641594933,0.03260962715279748,0.037818071396631084
TxPert_GAT,TxPert_Exphormer,K562,3,Support_only,20261001,20261001,1,113,113,0.9598693595169401,0.8770709960742565,0.03810956263190668,0.13043478260869568,0.031121678641594933,0.03260962715279748,0.037818071396631084
TxPert_GAT,TxPert_Exphormer,K562,3,Support_only,20261001,20261001,2,113,113,0.9598693595169401,0.8770709960742565,0.03810956263190668,0.13043478260869568,0.031121678641594933,0.03260962715279748,0.037818071396631084
TxPert_GAT,TxPert_Exphormer,K562,3,Support_only,20261001,20261001,3,113,113,0.9598693595169401,0.8770709960742565,0.03810956263190668,0.13043478260869568,0.031121678641594933,0.03260962715279748,0.037818071396631084
TxPert_GAT,TxPert_Exphormer,K562,3,Support_only,20261001,20261001,4,113,113,0.9598693595169401,0.8770709960742565,0.03810956263190668,0.13043478260869568,0.031121678641594933,0.03260962715279748,0.037818071396631084
TxPert_GAT,TxPert_Exphormer,K562,3,Support_only,20261002,20261002,0,113,113,0.9598693595169401,0.8770709960742565,0.03810956263190668,0.13043478260869568,0.031121678641594933,0.03260962715279748,0.037818071396631084
TxPert_GAT,TxPert_Exphormer,K562,3,Support_only,20261002,20261002,1,113,113,0.9598693595169401,0.8770709960742565,0.03810956263190668,0.13043478260869568,0.031121678641594933,0.03260962715279748,0.037818071396631084
TxPert_GAT,TxPert_Exphormer,K562,3,Support_only,20261002,20261002,2,113,113,0.9598693595169401,0.8770709960742565,0.03810956263190668,0.13043478260869568,0.031121678641594933,0.03260962715279748,0.037818071396631084
TxPert_GAT,TxPert_Exphormer,K562,3,Support_only,20261002,20261002,3,113,113,0.9598693595169401,0.8770709960742565,0.03810956263190668,0.13043478260869568,0.031121678641594933,0.03260962715279748,0.037818071396631084
TxPert_GAT,TxPert_Exphormer,K562,3,Support_only,20261002,20261002,4,113,113,0.9598693595169401,0.8770709960742565,0.03810956263190668,0.13043478260869568,0.031121678641594933,0.03260962715279748,0.037818071396631084
TxPert_GAT,TxPert_Exphormer,K562,4,B1_HGB,20260930,20260930,0,113,113,0.8730153602948072,0.8407162818550803,0.03941394517043065,0.21739130434782605,0.03539174977097278,0.03518979550762708,0.03763521380030203
TxPert_GAT,TxPert_Exphormer,K562,4,B1_HGB,20260930,20260930,1,113,113,0.8730153602948072,0.8407162818550803,0.03941394517043065,0.21739130434782605,0.03539174977097278,0.03518979550762708,0.03763521380030203
TxPert_GAT,TxPert_Exphormer,K562,4,B1_HGB,20260930,20260930,2,113,113,0.8730153602948072,0.8407162818550803,0.03941394517043065,0.21739130434782605,0.03539174977097278,0.03518979550762708,0.03763521380030203
TxPert_GAT,TxPert_Exphormer,K562,4,B1_HGB,20260930,20260930,3,113,113,0.8730153602948072,0.8407162818550803,0.03941394517043065,0.21739130434782605,0.03539174977097278,0.03518979550762708,0.03763521380030203
TxPert_GAT,TxPert_Exphormer,K562,4,B1_HGB,20260930,20260930,4,113,113,0.8730153602948072,0.8407162818550803,0.03941394517043065,0.21739130434782605,0.03539174977097278,0.03518979550762708,0.03763521380030203
TxPert_GAT,TxPert_Exphormer,K562,4,B1_HGB,20261001,20261001,0,113,113,0.8730153602948072,0.8407162818550803,0.03941394517043065,0.21739130434782605,0.03539174977097278,0.03518979550762708,0.03763521380030203
TxPert_GAT,TxPert_Exphormer,K562,4,B1_HGB,20261001,20261001,1,113,113,0.8730153602948072,0.8407162818550803,0.03941394517043065,0.21739130434782605,0.03539174977097278,0.03518979550762708,0.03763521380030203
TxPert_GAT,TxPert_Exphormer,K562,4,B1_HGB,20261001,20261001,2,113,113,0.8730153602948072,0.8407162818550803,0.03941394517043065,0.21739130434782605,0.03539174977097278,0.03518979550762708,0.03763521380030203
TxPert_GAT,TxPert_Exphormer,K562,4,B1_HGB,20261001,20261001,3,113,113,0.8730153602948072,0.8407162818550803,0.03941394517043065,0.21739130434782605,0.03539174977097278,0.03518979550762708,0.03763521380030203
TxPert_GAT,TxPert_Exphormer,K562,4,B1_HGB,20261001,20261001,4,113,113,0.8730153602948072,0.8407162818550803,0.03941394517043065,0.21739130434782605,0.03539174977097278,0.03518979550762708,0.03763521380030203
TxPert_GAT,TxPert_Exphormer,K562,4,B1_HGB,20261002,20261002,0,113,113,0.8730153602948072,0.8407162818550803,0.03941394517043065,0.21739130434782605,0.03539174977097278,0.03518979550762708,0.03763521380030203
TxPert_GAT,TxPert_Exphormer,K562,4,B1_HGB,20261002,20261002,1,113,113,0.8730153602948072,0.8407162818550803,0.03941394517043065,0.21739130434782605,0.03539174977097278,0.03518979550762708,0.03763521380030203
TxPert_GAT,TxPert_Exphormer,K562,4,B1_HGB,20261002,20261002,2,113,113,0.8730153602948072,0.8407162818550803,0.03941394517043065,0.21739130434782605,0.03539174977097278,0.03518979550762708,0.03763521380030203
TxPert_GAT,TxPert_Exphormer,K562,4,B1_HGB,20261002,20261002,3,113,113,0.8730153602948072,0.8407162818550803,0.03941394517043065,0.21739130434782605,0.03539174977097278,0.03518979550762708,0.03763521380030203
TxPert_GAT,TxPert_Exphormer,K562,4,B1_HGB,20261002,20261002,4,113,113,0.8730153602948072,0.8407162818550803,0.03941394517043065,0.21739130434782605,0.03539174977097278,0.03518979550762708,0.03763521380030203
TxPert_GAT,TxPert_Exphormer,K562,4,B1_HGB_ContentNull,20260930,20260930,0,113,113,0.8971467539418069,0.8402172466564642,0.039185596240563725,0.17391304347826086,0.0366534045716548,0.035009345090193586,0.037823543730697795
TxPert_GAT,TxPert_Exphormer,K562,4,B1_HGB_ContentNull,20260930,20260930,1,113,113,0.8530524561607425,0.835659391842438,0.03956218159798871,0.21739130434782605,0.03607700515911757,0.03482394674346985,0.03764258942597796
TxPert_GAT,TxPert_Exphormer,K562,4,B1_HGB_ContentNull,20260930,20260930,2,113,113,0.9377160328997717,0.8512209727859472,0.038460518095608444,0.13043478260869568,0.02941214582599375,0.03400079230508331,0.03783418163606058
TxPert_GAT,TxPert_Exphormer,K562,4,B1_HGB_ContentNull,20260930,20260930,3,113,113,0.8750000216107494,0.8308021159092422,0.039242602264043754,0.21739130434782605,0.03822431938145544,0.033948679383107326,0.03776794609432627
TxPert_GAT,TxPert_Exphormer,K562,4,B1_HGB_ContentNull,20260930,20260930,4,113,113,0.8971467539418063,0.8435524652338813,0.038793286078045816,0.17391304347826086,0.0346777155453788,0.03438814342116055,0.03749772227111433
TxPert_GAT,TxPert_Exphormer,K562,4,B1_HGB_ContentNull,20261001,20261001,0,113,113,0.8971467539418069,0.8402172466564642,0.039185596240563725,0.17391304347826086,0.0366534045716548,0.035009345090193586,0.037823543730697795
TxPert_GAT,TxPert_Exphormer,K562,4,B1_HGB_ContentNull,20261001,20261001,1,113,113,0.8530524561607425,0.835659391842438,0.03956218159798871,0.21739130434782605,0.03607700515911757,0.03482394674346985,0.03764258942597796
TxPert_GAT,TxPert_Exphormer,K562,4,B1_HGB_ContentNull,20261001,20261001,2,113,113,0.9377160328997717,0.8512209727859472,0.038460518095608444,0.13043478260869568,0.02941214582599375,0.03400079230508331,0.03783418163606058
TxPert_GAT,TxPert_Exphormer,K562,4,B1_HGB_ContentNull,20261001,20261001,3,113,113,0.8750000216107494,0.8308021159092422,0.039242602264043754,0.21739130434782605,0.03822431938145544,0.033948679383107326,0.03776794609432627
TxPert_GAT,TxPert_Exphormer,K562,4,B1_HGB_ContentNull,20261001,20261001,4,113,113,0.8971467539418063,0.8435524652338813,0.038793286078045816,0.17391304347826086,0.0346777155453788,0.03438814342116055,0.03749772227111433
TxPert_GAT,TxPert_Exphormer,K562,4,B1_HGB_ContentNull,20261002,20261002,0,113,113,0.8971467539418069,0.8402172466564642,0.039185596240563725,0.17391304347826086,0.0366534045716548,0.035009345090193586,0.037823543730697795
TxPert_GAT,TxPert_Exphormer,K562,4,B1_HGB_ContentNull,20261002,20261002,1,113,113,0.8530524561607425,0.835659391842438,0.03956218159798871,0.21739130434782605,0.03607700515911757,0.03482394674346985,0.03764258942597796
TxPert_GAT,TxPert_Exphormer,K562,4,B1_HGB_ContentNull,20261002,20261002,2,113,113,0.9377160328997717,0.8512209727859472,0.038460518095608444,0.13043478260869568,0.02941214582599375,0.03400079230508331,0.03783418163606058
TxPert_GAT,TxPert_Exphormer,K562,4,B1_HGB_ContentNull,20261002,20261002,3,113,113,0.8750000216107494,0.8308021159092422,0.039242602264043754,0.21739130434782605,0.03822431938145544,0.033948679383107326,0.03776794609432627
TxPert_GAT,TxPert_Exphormer,K562,4,B1_HGB_ContentNull,20261002,20261002,4,113,113,0.8971467539418063,0.8435524652338813,0.038793286078045816,0.17391304347826086,0.0346777155453788,0.03438814342116055,0.03749772227111433
TxPert_GAT,TxPert_Exphormer,K562,4,B2_Pointwise,20260930,20260930,0,113,113,0.8703006071961589,0.8356011710692662,0.040136704921191986,0.21739130434782605,0.035993541137996465,0.03322159068299928,0.03764258942597796
TxPert_GAT,TxPert_Exphormer,K562,4,B2_Pointwise,20260930,20260930,1,113,113,0.8703006071961589,0.8356011710692662,0.040136704921191986,0.21739130434782605,0.035993541137996465,0.03322159068299928,0.03764258942597796
TxPert_GAT,TxPert_Exphormer,K562,4,B2_Pointwise,20260930,20260930,2,113,113,0.8703006071961589,0.8356011710692662,0.040136704921191986,0.21739130434782605,0.035993541137996465,0.03322159068299928,0.03764258942597796
TxPert_GAT,TxPert_Exphormer,K562,4,B2_Pointwise,20260930,20260930,3,113,113,0.8703006071961589,0.8356011710692662,0.040136704921191986,0.21739130434782605,0.035993541137996465,0.03322159068299928,0.03764258942597796
TxPert_GAT,TxPert_Exphormer,K562,4,B2_Pointwise,20260930,20260930,4,113,113,0.8703006071961589,0.8356011710692662,0.040136704921191986,0.21739130434782605,0.035993541137996465,0.03322159068299928,0.03764258942597796
TxPert_GAT,TxPert_Exphormer,K562,4,B2_Pointwise,20261001,20261001,0,113,113,0.8730153602948083,0.8388341681811836,0.03945374850175133,0.21739130434782605,0.03612841441975941,0.03483888913253529,0.03764258942597795
TxPert_GAT,TxPert_Exphormer,K562,4,B2_Pointwise,20261001,20261001,1,113,113,0.8730153602948083,0.8388341681811836,0.03945374850175133,0.21739130434782605,0.03612841441975941,0.03483888913253529,0.03764258942597795
TxPert_GAT,TxPert_Exphormer,K562,4,B2_Pointwise,20261001,20261001,2,113,113,0.8730153602948083,0.8388341681811836,0.03945374850175133,0.21739130434782605,0.03612841441975941,0.03483888913253529,0.03764258942597795
TxPert_GAT,TxPert_Exphormer,K562,4,B2_Pointwise,20261001,20261001,3,113,113,0.8730153602948083,0.8388341681811836,0.03945374850175133,0.21739130434782605,0.03612841441975941,0.03483888913253529,0.03764258942597795
TxPert_GAT,TxPert_Exphormer,K562,4,B2_Pointwise,20261001,20261001,4,113,113,0.8730153602948083,0.8388341681811836,0.03945374850175133,0.21739130434782605,0.03612841441975941,0.03483888913253529,0.03764258942597795
TxPert_GAT,TxPert_Exphormer,K562,4,B2_Pointwise,20261002,20261002,0,113,113,0.8730153602948078,0.8299620733249053,0.0403091297275018,0.21739130434782605,0.03596194598385028,0.03459690269438007,0.03764258942597795
TxPert_GAT,TxPert_Exphormer,K562,4,B2_Pointwise,20261002,20261002,1,113,113,0.8730153602948078,0.8299620733249053,0.0403091297275018,0.21739130434782605,0.03596194598385028,0.03459690269438007,0.03764258942597795
TxPert_GAT,TxPert_Exphormer,K562,4,B2_Pointwise,20261002,20261002,2,113,113,0.8730153602948078,0.8299620733249053,0.0403091297275018,0.21739130434782605,0.03596194598385028,0.03459690269438007,0.03764258942597795
TxPert_GAT,TxPert_Exphormer,K562,4,B2_Pointwise,20261002,20261002,3,113,113,0.8730153602948078,0.8299620733249053,0.0403091297275018,0.21739130434782605,0.03596194598385028,0.03459690269438007,0.03764258942597795
TxPert_GAT,TxPert_Exphormer,K562,4,B2_Pointwise,20261002,20261002,4,113,113,0.8730153602948078,0.8299620733249053,0.0403091297275018,0.21739130434782605,0.03596194598385028,0.03459690269438007,0.03764258942597795
TxPert_GAT,TxPert_Exphormer,K562,4,B2_Pointwise_ContentNull,20260930,20260930,0,113,113,0.8971467539418063,0.8408077716414932,0.03901255669733514,0.17391304347826086,0.03512020145341091,0.0350289261125438,0.03767867657583417
TxPert_GAT,TxPert_Exphormer,K562,4,B2_Pointwise_ContentNull,20260930,20260930,1,113,113,0.8530524561607425,0.8352435291769248,0.03986361109311952,0.21739130434782605,0.034759181480329956,0.03486941997296706,0.03767698214554843
TxPert_GAT,TxPert_Exphormer,K562,4,B2_Pointwise_ContentNull,20260930,20260930,2,113,113,0.8971467539418069,0.8539490318717148,0.03842725589351273,0.17391304347826086,0.02950868960448622,0.033186271365381353,0.037860805145136574
TxPert_GAT,TxPert_Exphormer,K562,4,B2_Pointwise_ContentNull,20260930,20260930,3,113,113,0.8971467539418069,0.8290305409541554,0.03922906145114709,0.17391304347826086,0.035172681496195,0.035440519340362416,0.038138404594024435
TxPert_GAT,TxPert_Exphormer,K562,4,B2_Pointwise_ContentNull,20260930,20260930,4,113,113,0.8971467539418069,0.8385205269811699,0.03993296054171433,0.17391304347826086,0.033200252379615734,0.03440770762066853,0.03749772227111434
TxPert_GAT,TxPert_Exphormer,K562,4,B2_Pointwise_ContentNull,20261001,20261001,0,113,113,0.8581239219914769,0.8395019628717814,0.03887589195770296,0.21739130434782605,0.03676891211920057,0.03500934509019359,0.03767867657583417
TxPert_GAT,TxPert_Exphormer,K562,4,B2_Pointwise_ContentNull,20261001,20261001,1,113,113,0.8530524561607425,0.8384040854348261,0.039550994053593476,0.21739130434782605,0.035101089741012975,0.034852594480242416,0.03767698214554843
TxPert_GAT,TxPert_Exphormer,K562,4,B2_Pointwise_ContentNull,20261001,20261001,2,113,113,0.8971467539418069,0.8584736176725,0.0384394999160188,0.17391304347826086,0.03253818464967851,0.032853462447177496,0.037860805145136574
TxPert_GAT,TxPert_Exphormer,K562,4,B2_Pointwise_ContentNull,20261001,20261001,3,113,113,0.8750000216107489,0.8318999933461975,0.04002592463141385,0.21739130434782605,0.03578463151090587,0.03446150643788972,0.037854356685974096
TxPert_GAT,TxPert_Exphormer,K562,4,B2_Pointwise_ContentNull,20261001,20261001,4,113,113,0.8800714874414843,0.839709894204538,0.038951247522221004,0.21739130434782605,0.033091494953071926,0.0344823368304234,0.03749772227111433
TxPert_GAT,TxPert_Exphormer,K562,4,B2_Pointwise_ContentNull,20261002,20261002,0,113,113,0.8971467539418074,0.8469459045844702,0.03884236774871075,0.17391304347826086,0.03568109458400486,0.03499251959746895,0.03767867657583417
TxPert_GAT,TxPert_Exphormer,K562,4,B2_Pointwise_ContentNull,20261002,20261002,1,113,113,0.8530524561607425,0.8433195821411937,0.0390308210598776,0.21739130434782605,0.034725593976733186,0.03531827117084164,0.03767698214554843
TxPert_GAT,TxPert_Exphormer,K562,4,B2_Pointwise_ContentNull,20261002,20261002,2,113,113,0.9377160328997717,0.8495325703639631,0.03888565999881062,0.13043478260869568,0.03314483790812776,0.0329888351228797,0.03787595518759369
TxPert_GAT,TxPert_Exphormer,K562,4,B2_Pointwise_ContentNull,20261002,20261002,3,113,113,0.853052456160742,0.8369402488522192,0.03911483930053812,0.21739130434782605,0.03578463151090587,0.034508891277796064,0.03786080514513657
TxPert_GAT,TxPert_Exphormer,K562,4,B2_Pointwise_ContentNull,20261002,20261002,4,113,113,0.8971467539418069,0.8337464235810766,0.039652909158274574,0.17391304347826086,0.03323634901253527,0.03416444297470431,0.03804175944985641
TxPert_GAT,TxPert_Exphormer,K562,4,Support_only,20260930,20260930,0,113,113,0.87248443539315,0.8370958586248439,0.03969955802325664,0.17391304347826086,0.034147891465760964,0.03372361332875112,0.03764258942597796
TxPert_GAT,TxPert_Exphormer,K562,4,Support_only,20260930,20260930,1,113,113,0.87248443539315,0.8370958586248439,0.03969955802325664,0.17391304347826086,0.034147891465760964,0.03372361332875112,0.03764258942597796
TxPert_GAT,TxPert_Exphormer,K562,4,Support_only,20260930,20260930,2,113,113,0.87248443539315,0.8370958586248439,0.03969955802325664,0.17391304347826086,0.034147891465760964,0.03372361332875112,0.03764258942597796
TxPert_GAT,TxPert_Exphormer,K562,4,Support_only,20260930,20260930,3,113,113,0.87248443539315,0.8370958586248439,0.03969955802325664,0.17391304347826086,0.034147891465760964,0.03372361332875112,0.03764258942597796
TxPert_GAT,TxPert_Exphormer,K562,4,Support_only,20260930,20260930,4,113,113,0.87248443539315,0.8370958586248439,0.03969955802325664,0.17391304347826086,0.034147891465760964,0.03372361332875112,0.03764258942597796
TxPert_GAT,TxPert_Exphormer,K562,4,Support_only,20261001,20261001,0,113,113,0.87248443539315,0.8370958586248439,0.03969955802325664,0.17391304347826086,0.034147891465760964,0.03372361332875112,0.03764258942597796
TxPert_GAT,TxPert_Exphormer,K562,4,Support_only,20261001,20261001,1,113,113,0.87248443539315,0.8370958586248439,0.03969955802325664,0.17391304347826086,0.034147891465760964,0.03372361332875112,0.03764258942597796
TxPert_GAT,TxPert_Exphormer,K562,4,Support_only,20261001,20261001,2,113,113,0.87248443539315,0.8370958586248439,0.03969955802325664,0.17391304347826086,0.034147891465760964,0.03372361332875112,0.03764258942597796
TxPert_GAT,TxPert_Exphormer,K562,4,Support_only,20261001,20261001,3,113,113,0.87248443539315,0.8370958586248439,0.03969955802325664,0.17391304347826086,0.034147891465760964,0.03372361332875112,0.03764258942597796
TxPert_GAT,TxPert_Exphormer,K562,4,Support_only,20261001,20261001,4,113,113,0.87248443539315,0.8370958586248439,0.03969955802325664,0.17391304347826086,0.034147891465760964,0.03372361332875112,0.03764258942597796
TxPert_GAT,TxPert_Exphormer,K562,4,Support_only,20261002,20261002,0,113,113,0.87248443539315,0.8370958586248439,0.03969955802325664,0.17391304347826086,0.034147891465760964,0.03372361332875112,0.03764258942597796
TxPert_GAT,TxPert_Exphormer,K562,4,Support_only,20261002,20261002,1,113,113,0.87248443539315,0.8370958586248439,0.03969955802325664,0.17391304347826086,0.034147891465760964,0.03372361332875112,0.03764258942597796
TxPert_GAT,TxPert_Exphormer,K562,4,Support_only,20261002,20261002,2,113,113,0.87248443539315,0.8370958586248439,0.03969955802325664,0.17391304347826086,0.034147891465760964,0.03372361332875112,0.03764258942597796
TxPert_GAT,TxPert_Exphormer,K562,4,Support_only,20261002,20261002,3,113,113,0.87248443539315,0.8370958586248439,0.03969955802325664,0.17391304347826086,0.034147891465760964,0.03372361332875112,0.03764258942597796
TxPert_GAT,TxPert_Exphormer,K562,4,Support_only,20261002,20261002,4,113,113,0.87248443539315,0.8370958586248439,0.03969955802325664,0.17391304347826086,0.034147891465760964,0.03372361332875112,0.03764258942597796
TxPert_GAT,TxPert_Exphormer,RPE1,0,B1_HGB,20260930,20260930,0,78,78,0.6432711431668106,0.6113000923127505,0.0572228939958015,0.4375,0.04095398295852689,0.04813274901871885,0.05789356153558872
TxPert_GAT,TxPert_Exphormer,RPE1,0,B1_HGB,20260930,20260930,1,78,78,0.6432711431668106,0.6113000923127505,0.0572228939958015,0.4375,0.04095398295852689,0.04813274901871885,0.05789356153558872
TxPert_GAT,TxPert_Exphormer,RPE1,0,B1_HGB,20260930,20260930,2,78,78,0.6432711431668106,0.6113000923127505,0.0572228939958015,0.4375,0.04095398295852689,0.04813274901871885,0.05789356153558872
TxPert_GAT,TxPert_Exphormer,RPE1,0,B1_HGB,20260930,20260930,3,78,78,0.6432711431668106,0.6113000923127505,0.0572228939958015,0.4375,0.04095398295852689,0.04813274901871885,0.05789356153558872
TxPert_GAT,TxPert_Exphormer,RPE1,0,B1_HGB,20260930,20260930,4,78,78,0.6432711431668106,0.6113000923127505,0.0572228939958015,0.4375,0.04095398295852689,0.04813274901871885,0.05789356153558872
TxPert_GAT,TxPert_Exphormer,RPE1,0,B1_HGB,20261001,20261001,0,78,78,0.6432711431668106,0.6113000923127505,0.0572228939958015,0.4375,0.04095398295852689,0.04813274901871885,0.05789356153558872
TxPert_GAT,TxPert_Exphormer,RPE1,0,B1_HGB,20261001,20261001,1,78,78,0.6432711431668106,0.6113000923127505,0.0572228939958015,0.4375,0.04095398295852689,0.04813274901871885,0.05789356153558872
TxPert_GAT,TxPert_Exphormer,RPE1,0,B1_HGB,20261001,20261001,2,78,78,0.6432711431668106,0.6113000923127505,0.0572228939958015,0.4375,0.04095398295852689,0.04813274901871885,0.05789356153558872
TxPert_GAT,TxPert_Exphormer,RPE1,0,B1_HGB,20261001,20261001,3,78,78,0.6432711431668106,0.6113000923127505,0.0572228939958015,0.4375,0.04095398295852689,0.04813274901871885,0.05789356153558872
TxPert_GAT,TxPert_Exphormer,RPE1,0,B1_HGB,20261001,20261001,4,78,78,0.6432711431668106,0.6113000923127505,0.0572228939958015,0.4375,0.04095398295852689,0.04813274901871885,0.05789356153558872
TxPert_GAT,TxPert_Exphormer,RPE1,0,B1_HGB,20261002,20261002,0,78,78,0.6432711431668106,0.6113000923127505,0.0572228939958015,0.4375,0.04095398295852689,0.04813274901871885,0.05789356153558872
TxPert_GAT,TxPert_Exphormer,RPE1,0,B1_HGB,20261002,20261002,1,78,78,0.6432711431668106,0.6113000923127505,0.0572228939958015,0.4375,0.04095398295852689,0.04813274901871885,0.05789356153558872
TxPert_GAT,TxPert_Exphormer,RPE1,0,B1_HGB,20261002,20261002,2,78,78,0.6432711431668106,0.6113000923127505,0.0572228939958015,0.4375,0.04095398295852689,0.04813274901871885,0.05789356153558872
TxPert_GAT,TxPert_Exphormer,RPE1,0,B1_HGB,20261002,20261002,3,78,78,0.6432711431668106,0.6113000923127505,0.0572228939958015,0.4375,0.04095398295852689,0.04813274901871885,0.05789356153558872
TxPert_GAT,TxPert_Exphormer,RPE1,0,B1_HGB,20261002,20261002,4,78,78,0.6432711431668106,0.6113000923127505,0.0572228939958015,0.4375,0.04095398295852689,0.04813274901871885,0.05789356153558872
TxPert_GAT,TxPert_Exphormer,RPE1,0,B1_HGB_ContentNull,20260930,20260930,0,78,78,0.6602029647992435,0.600349018070537,0.056881521595194315,0.4375,0.049907343763311615,0.04870297642104829,0.05737930131875286
TxPert_GAT,TxPert_Exphormer,RPE1,0,B1_HGB_ContentNull,20260930,20260930,1,78,78,0.4262408063875689,0.45403963125482105,0.05799837333005865,0.5625,0.04066803349370984,0.053124341442868914,0.06271234503686253
TxPert_GAT,TxPert_Exphormer,RPE1,0,B1_HGB_ContentNull,20260930,20260930,2,78,78,0.5366178267410731,0.5730345603763325,0.055846848471196434,0.4375,0.041072811083331925,0.04355889420964869,0.058863007389418374
TxPert_GAT,TxPert_Exphormer,RPE1,0,B1_HGB_ContentNull,20260930,20260930,3,78,78,0.5014501189822625,0.5680016186345299,0.05820209103285571,0.5625,0.049083659292408544,0.04935830370595181,0.056849936178979696
TxPert_GAT,TxPert_Exphormer,RPE1,0,B1_HGB_ContentNull,20260930,20260930,4,78,78,0.6682164266874067,0.6288268693331984,0.05729912933547471,0.4375,0.050173799952555075,0.04652703887915844,0.05690108015749926
TxPert_GAT,TxPert_Exphormer,RPE1,0,B1_HGB_ContentNull,20261001,20261001,0,78,78,0.6602029647992435,0.600349018070537,0.056881521595194315,0.4375,0.049907343763311615,0.04870297642104829,0.05737930131875286
TxPert_GAT,TxPert_Exphormer,RPE1,0,B1_HGB_ContentNull,20261001,20261001,1,78,78,0.4262408063875689,0.45403963125482105,0.05799837333005865,0.5625,0.04066803349370984,0.053124341442868914,0.06271234503686253
TxPert_GAT,TxPert_Exphormer,RPE1,0,B1_HGB_ContentNull,20261001,20261001,2,78,78,0.5366178267410731,0.5730345603763325,0.055846848471196434,0.4375,0.041072811083331925,0.04355889420964869,0.058863007389418374
TxPert_GAT,TxPert_Exphormer,RPE1,0,B1_HGB_ContentNull,20261001,20261001,3,78,78,0.5014501189822625,0.5680016186345299,0.05820209103285571,0.5625,0.049083659292408544,0.04935830370595181,0.056849936178979696
TxPert_GAT,TxPert_Exphormer,RPE1,0,B1_HGB_ContentNull,20261001,20261001,4,78,78,0.6682164266874067,0.6288268693331984,0.05729912933547471,0.4375,0.050173799952555075,0.04652703887915844,0.05690108015749926
TxPert_GAT,TxPert_Exphormer,RPE1,0,B1_HGB_ContentNull,20261002,20261002,0,78,78,0.6602029647992435,0.600349018070537,0.056881521595194315,0.4375,0.049907343763311615,0.04870297642104829,0.05737930131875286
TxPert_GAT,TxPert_Exphormer,RPE1,0,B1_HGB_ContentNull,20261002,20261002,1,78,78,0.4262408063875689,0.45403963125482105,0.05799837333005865,0.5625,0.04066803349370984,0.053124341442868914,0.06271234503686253
TxPert_GAT,TxPert_Exphormer,RPE1,0,B1_HGB_ContentNull,20261002,20261002,2,78,78,0.5366178267410731,0.5730345603763325,0.055846848471196434,0.4375,0.041072811083331925,0.04355889420964869,0.058863007389418374
TxPert_GAT,TxPert_Exphormer,RPE1,0,B1_HGB_ContentNull,20261002,20261002,3,78,78,0.5014501189822625,0.5680016186345299,0.05820209103285571,0.5625,0.049083659292408544,0.04935830370595181,0.056849936178979696
TxPert_GAT,TxPert_Exphormer,RPE1,0,B1_HGB_ContentNull,20261002,20261002,4,78,78,0.6682164266874067,0.6288268693331984,0.05729912933547471,0.4375,0.050173799952555075,0.04652703887915844,0.05690108015749926
TxPert_GAT,TxPert_Exphormer,RPE1,0,B2_Pointwise,20260930,20260930,0,78,78,0.5784162793343517,0.6533340077643875,0.0568444230433,0.4375,0.04941179390102835,0.043518001142500366,0.05546150223599749
TxPert_GAT,TxPert_Exphormer,RPE1,0,B2_Pointwise,20260930,20260930,1,78,78,0.5784162793343517,0.6533340077643875,0.0568444230433,0.4375,0.04941179390102835,0.043518001142500366,0.05546150223599749
TxPert_GAT,TxPert_Exphormer,RPE1,0,B2_Pointwise,20260930,20260930,2,78,78,0.5784162793343517,0.6533340077643875,0.0568444230433,0.4375,0.04941179390102835,0.043518001142500366,0.05546150223599749
TxPert_GAT,TxPert_Exphormer,RPE1,0,B2_Pointwise,20260930,20260930,3,78,78,0.5784162793343517,0.6533340077643875,0.0568444230433,0.4375,0.04941179390102835,0.043518001142500366,0.05546150223599749
TxPert_GAT,TxPert_Exphormer,RPE1,0,B2_Pointwise,20260930,20260930,4,78,78,0.5784162793343517,0.6533340077643875,0.0568444230433,0.4375,0.04941179390102835,0.043518001142500366,0.05546150223599749
TxPert_GAT,TxPert_Exphormer,RPE1,0,B2_Pointwise,20261001,20261001,0,78,78,0.6502274558576122,0.6629193591218907,0.055661717330707225,0.4375,0.04081409873857131,0.044200034436403746,0.055540717387673175
TxPert_GAT,TxPert_Exphormer,RPE1,0,B2_Pointwise,20261001,20261001,1,78,78,0.6502274558576122,0.6629193591218907,0.055661717330707225,0.4375,0.04081409873857131,0.044200034436403746,0.055540717387673175
TxPert_GAT,TxPert_Exphormer,RPE1,0,B2_Pointwise,20261001,20261001,2,78,78,0.6502274558576122,0.6629193591218907,0.055661717330707225,0.4375,0.04081409873857131,0.044200034436403746,0.055540717387673175
TxPert_GAT,TxPert_Exphormer,RPE1,0,B2_Pointwise,20261001,20261001,3,78,78,0.6502274558576122,0.6629193591218907,0.055661717330707225,0.4375,0.04081409873857131,0.044200034436403746,0.055540717387673175
TxPert_GAT,TxPert_Exphormer,RPE1,0,B2_Pointwise,20261001,20261001,4,78,78,0.6502274558576122,0.6629193591218907,0.055661717330707225,0.4375,0.04081409873857131,0.044200034436403746,0.055540717387673175
TxPert_GAT,TxPert_Exphormer,RPE1,0,B2_Pointwise,20261002,20261002,0,78,78,0.6301823440065781,0.6581646201899366,0.056501358742826024,0.4375,0.043008324995388064,0.046093255512219294,0.056113689353408276
TxPert_GAT,TxPert_Exphormer,RPE1,0,B2_Pointwise,20261002,20261002,1,78,78,0.6301823440065781,0.6581646201899366,0.056501358742826024,0.4375,0.043008324995388064,0.046093255512219294,0.056113689353408276
TxPert_GAT,TxPert_Exphormer,RPE1,0,B2_Pointwise,20261002,20261002,2,78,78,0.6301823440065781,0.6581646201899366,0.056501358742826024,0.4375,0.043008324995388064,0.046093255512219294,0.056113689353408276
TxPert_GAT,TxPert_Exphormer,RPE1,0,B2_Pointwise,20261002,20261002,3,78,78,0.6301823440065781,0.6581646201899366,0.056501358742826024,0.4375,0.043008324995388064,0.046093255512219294,0.056113689353408276
TxPert_GAT,TxPert_Exphormer,RPE1,0,B2_Pointwise,20261002,20261002,4,78,78,0.6301823440065781,0.6581646201899366,0.056501358742826024,0.4375,0.043008324995388064,0.046093255512219294,0.056113689353408276
TxPert_GAT,TxPert_Exphormer,RPE1,0,B2_Pointwise_ContentNull,20260930,20260930,0,78,78,0.681265094670521,0.5883357149179934,0.0572550442568782,0.375,0.052600860131041746,0.05196650119417482,0.05709093349384121
TxPert_GAT,TxPert_Exphormer,RPE1,0,B2_Pointwise_ContentNull,20260930,20260930,1,78,78,0.423496293031489,0.5264988176380582,0.05898298030169999,0.5625,0.05380145921893599,0.052120192787798045,0.058101886122574276
TxPert_GAT,TxPert_Exphormer,RPE1,0,B2_Pointwise_ContentNull,20260930,20260930,2,78,78,0.43445179139143275,0.583985634618546,0.056496872550417875,0.5625,0.041671761216633685,0.0467172162394976,0.05888841447521592
TxPert_GAT,TxPert_Exphormer,RPE1,0,B2_Pointwise_ContentNull,20260930,20260930,3,78,78,0.5948565531729835,0.5816335563171006,0.056528055736400566,0.5,0.037865204445979225,0.04628980958269968,0.05791886718063063
TxPert_GAT,TxPert_Exphormer,RPE1,0,B2_Pointwise_ContentNull,20260930,20260930,4,78,78,0.7282169463070953,0.6492874214393201,0.05567471792036904,0.4375,0.04687726280567126,0.04289861097391002,0.058199394287402444
TxPert_GAT,TxPert_Exphormer,RPE1,0,B2_Pointwise_ContentNull,20261001,20261001,0,78,78,0.5689916844735785,0.5570758355568483,0.05857919763587297,0.4375,0.05187713880878714,0.04724287141269703,0.05807278608069357
TxPert_GAT,TxPert_Exphormer,RPE1,0,B2_Pointwise_ContentNull,20261001,20261001,1,78,78,0.48386618148229243,0.5587197612514068,0.0581701419300715,0.5,0.0394265130103912,0.05154782319814831,0.05695058107206352
TxPert_GAT,TxPert_Exphormer,RPE1,0,B2_Pointwise_ContentNull,20261001,20261001,2,78,78,0.5512845136820197,0.5919017691169589,0.05723170814722737,0.4375,0.04913900965949473,0.04721258863671378,0.0576309919108979
TxPert_GAT,TxPert_Exphormer,RPE1,0,B2_Pointwise_ContentNull,20261001,20261001,3,78,78,0.5428591438962231,0.5967576727070397,0.05705409172027945,0.5625,0.04819259869850854,0.04495470416774784,0.058179035494201746
TxPert_GAT,TxPert_Exphormer,RPE1,0,B2_Pointwise_ContentNull,20261001,20261001,4,78,78,0.5820280952423952,0.6070511766714298,0.056718834487327265,0.5,0.049837230729972426,0.04387470040939591,0.05779974097967699
TxPert_GAT,TxPert_Exphormer,RPE1,0,B2_Pointwise_ContentNull,20261002,20261002,0,78,78,0.7141211602521581,0.5859077631229529,0.057438571933117494,0.375,0.03963201208398141,0.04887701382967938,0.057937167710817854
TxPert_GAT,TxPert_Exphormer,RPE1,0,B2_Pointwise_ContentNull,20261002,20261002,1,78,78,0.6457783233946215,0.5458212673402546,0.058164266136864984,0.4375,0.05393343806111343,0.04818666925601557,0.05939048128461325
TxPert_GAT,TxPert_Exphormer,RPE1,0,B2_Pointwise_ContentNull,20261002,20261002,2,78,78,0.5346176055085406,0.5998684859444352,0.057325120804844525,0.5,0.044922922034517254,0.04832933788907119,0.05803171926102556
TxPert_GAT,TxPert_Exphormer,RPE1,0,B2_Pointwise_ContentNull,20261002,20261002,3,78,78,0.5582137344610518,0.5856548514776362,0.0568704208510767,0.5625,0.04468585606908306,0.04265396725129096,0.05785485899606107
TxPert_GAT,TxPert_Exphormer,RPE1,0,B2_Pointwise_ContentNull,20261002,20261002,4,78,78,0.6635786870983823,0.6334045701134309,0.056775190946252496,0.4375,0.046882582403710876,0.04528747035798945,0.0579864907267266
TxPert_GAT,TxPert_Exphormer,RPE1,0,Support_only,20260930,20260930,0,78,78,0.5291555169679054,0.5436968095195943,0.05887122967753422,0.5,0.04971679397138301,0.04754941434935984,0.058716108389929786
TxPert_GAT,TxPert_Exphormer,RPE1,0,Support_only,20260930,20260930,1,78,78,0.5291555169679054,0.5436968095195943,0.05887122967753422,0.5,0.04971679397138301,0.04754941434935984,0.058716108389929786
TxPert_GAT,TxPert_Exphormer,RPE1,0,Support_only,20260930,20260930,2,78,78,0.5291555169679054,0.5436968095195943,0.05887122967753422,0.5,0.04971679397138301,0.04754941434935984,0.058716108389929786
TxPert_GAT,TxPert_Exphormer,RPE1,0,Support_only,20260930,20260930,3,78,78,0.5291555169679054,0.5436968095195943,0.05887122967753422,0.5,0.04971679397138301,0.04754941434935984,0.058716108389929786
TxPert_GAT,TxPert_Exphormer,RPE1,0,Support_only,20260930,20260930,4,78,78,0.5291555169679054,0.5436968095195943,0.05887122967753422,0.5,0.04971679397138301,0.04754941434935984,0.058716108389929786
TxPert_GAT,TxPert_Exphormer,RPE1,0,Support_only,20261001,20261001,0,78,78,0.5291555169679054,0.5436968095195943,0.05887122967753422,0.5,0.04971679397138301,0.04754941434935984,0.058716108389929786
TxPert_GAT,TxPert_Exphormer,RPE1,0,Support_only,20261001,20261001,1,78,78,0.5291555169679054,0.5436968095195943,0.05887122967753422,0.5,0.04971679397138301,0.04754941434935984,0.058716108389929786
TxPert_GAT,TxPert_Exphormer,RPE1,0,Support_only,20261001,20261001,2,78,78,0.5291555169679054,0.5436968095195943,0.05887122967753422,0.5,0.04971679397138301,0.04754941434935984,0.058716108389929786
TxPert_GAT,TxPert_Exphormer,RPE1,0,Support_only,20261001,20261001,3,78,78,0.5291555169679054,0.5436968095195943,0.05887122967753422,0.5,0.04971679397138301,0.04754941434935984,0.058716108389929786
TxPert_GAT,TxPert_Exphormer,RPE1,0,Support_only,20261001,20261001,4,78,78,0.5291555169679054,0.5436968095195943,0.05887122967753422,0.5,0.04971679397138301,0.04754941434935984,0.058716108389929786
TxPert_GAT,TxPert_Exphormer,RPE1,0,Support_only,20261002,20261002,0,78,78,0.5291555169679054,0.5436968095195943,0.05887122967753422,0.5,0.04971679397138301,0.04754941434935984,0.058716108389929786
TxPert_GAT,TxPert_Exphormer,RPE1,0,Support_only,20261002,20261002,1,78,78,0.5291555169679054,0.5436968095195943,0.05887122967753422,0.5,0.04971679397138301,0.04754941434935984,0.058716108389929786
TxPert_GAT,TxPert_Exphormer,RPE1,0,Support_only,20261002,20261002,2,78,78,0.5291555169679054,0.5436968095195943,0.05887122967753422,0.5,0.04971679397138301,0.04754941434935984,0.058716108389929786
TxPert_GAT,TxPert_Exphormer,RPE1,0,Support_only,20261002,20261002,3,78,78,0.5291555169679054,0.5436968095195943,0.05887122967753422,0.5,0.04971679397138301,0.04754941434935984,0.058716108389929786
TxPert_GAT,TxPert_Exphormer,RPE1,0,Support_only,20261002,20261002,4,78,78,0.5291555169679054,0.5436968095195943,0.05887122967753422,0.5,0.04971679397138301,0.04754941434935984,0.058716108389929786
TxPert_GAT,TxPert_Exphormer,RPE1,1,B1_HGB,20260930,20260930,0,85,85,0.6030007468015134,0.5008012507328513,0.06851263148577624,0.5294117647058824,0.06513155906449007,0.05598794811680785,0.06837321690467987
TxPert_GAT,TxPert_Exphormer,RPE1,1,B1_HGB,20260930,20260930,1,85,85,0.6030007468015134,0.5008012507328513,0.06851263148577624,0.5294117647058824,0.06513155906449007,0.05598794811680785,0.06837321690467987
TxPert_GAT,TxPert_Exphormer,RPE1,1,B1_HGB,20260930,20260930,2,85,85,0.6030007468015134,0.5008012507328513,0.06851263148577624,0.5294117647058824,0.06513155906449007,0.05598794811680785,0.06837321690467987
TxPert_GAT,TxPert_Exphormer,RPE1,1,B1_HGB,20260930,20260930,3,85,85,0.6030007468015134,0.5008012507328513,0.06851263148577624,0.5294117647058824,0.06513155906449007,0.05598794811680785,0.06837321690467987
TxPert_GAT,TxPert_Exphormer,RPE1,1,B1_HGB,20260930,20260930,4,85,85,0.6030007468015134,0.5008012507328513,0.06851263148577624,0.5294117647058824,0.06513155906449007,0.05598794811680785,0.06837321690467987
TxPert_GAT,TxPert_Exphormer,RPE1,1,B1_HGB,20261001,20261001,0,85,85,0.6030007468015134,0.5008012507328513,0.06851263148577624,0.5294117647058824,0.06513155906449007,0.05598794811680785,0.06837321690467987
TxPert_GAT,TxPert_Exphormer,RPE1,1,B1_HGB,20261001,20261001,1,85,85,0.6030007468015134,0.5008012507328513,0.06851263148577624,0.5294117647058824,0.06513155906449007,0.05598794811680785,0.06837321690467987
TxPert_GAT,TxPert_Exphormer,RPE1,1,B1_HGB,20261001,20261001,2,85,85,0.6030007468015134,0.5008012507328513,0.06851263148577624,0.5294117647058824,0.06513155906449007,0.05598794811680785,0.06837321690467987
TxPert_GAT,TxPert_Exphormer,RPE1,1,B1_HGB,20261001,20261001,3,85,85,0.6030007468015134,0.5008012507328513,0.06851263148577624,0.5294117647058824,0.06513155906449007,0.05598794811680785,0.06837321690467987
TxPert_GAT,TxPert_Exphormer,RPE1,1,B1_HGB,20261001,20261001,4,85,85,0.6030007468015134,0.5008012507328513,0.06851263148577624,0.5294117647058824,0.06513155906449007,0.05598794811680785,0.06837321690467987
TxPert_GAT,TxPert_Exphormer,RPE1,1,B1_HGB,20261002,20261002,0,85,85,0.6030007468015134,0.5008012507328513,0.06851263148577624,0.5294117647058824,0.06513155906449007,0.05598794811680785,0.06837321690467987
TxPert_GAT,TxPert_Exphormer,RPE1,1,B1_HGB,20261002,20261002,1,85,85,0.6030007468015134,0.5008012507328513,0.06851263148577624,0.5294117647058824,0.06513155906449007,0.05598794811680785,0.06837321690467987
TxPert_GAT,TxPert_Exphormer,RPE1,1,B1_HGB,20261002,20261002,2,85,85,0.6030007468015134,0.5008012507328513,0.06851263148577624,0.5294117647058824,0.06513155906449007,0.05598794811680785,0.06837321690467987
TxPert_GAT,TxPert_Exphormer,RPE1,1,B1_HGB,20261002,20261002,3,85,85,0.6030007468015134,0.5008012507328513,0.06851263148577624,0.5294117647058824,0.06513155906449007,0.05598794811680785,0.06837321690467987
TxPert_GAT,TxPert_Exphormer,RPE1,1,B1_HGB,20261002,20261002,4,85,85,0.6030007468015134,0.5008012507328513,0.06851263148577624,0.5294117647058824,0.06513155906449007,0.05598794811680785,0.06837321690467987
TxPert_GAT,TxPert_Exphormer,RPE1,1,B1_HGB_ContentNull,20260930,20260930,0,85,85,0.51671737920627,0.43263631033808875,0.06826039657790874,0.6470588235294117,0.05718060231312691,0.05953904728113337,0.07361472315047479
TxPert_GAT,TxPert_Exphormer,RPE1,1,B1_HGB_ContentNull,20260930,20260930,1,85,85,0.6067163164789205,0.4523548954465507,0.06872044313812399,0.5882352941176471,0.04512341009377307,0.0588393202089679,0.07131084803645384
TxPert_GAT,TxPert_Exphormer,RPE1,1,B1_HGB_ContentNull,20260930,20260930,2,85,85,0.522761610197407,0.508657416454954,0.0663073609037661,0.5882352941176471,0.04811186873374634,0.05590118353724943,0.06952276979275863
TxPert_GAT,TxPert_Exphormer,RPE1,1,B1_HGB_ContentNull,20260930,20260930,3,85,85,0.619655791116281,0.4679890560875513,0.06662102356788432,0.5294117647058824,0.04830140660082612,0.059307769597887694,0.07359161380444733
TxPert_GAT,TxPert_Exphormer,RPE1,1,B1_HGB_ContentNull,20260930,20260930,4,85,85,0.5166085372453068,0.47357826851670903,0.06691380096853364,0.5882352941176471,0.04920393791480978,0.057455657845738105,0.07096239807669545
TxPert_GAT,TxPert_Exphormer,RPE1,1,B1_HGB_ContentNull,20261001,20261001,0,85,85,0.51671737920627,0.43263631033808875,0.06826039657790874,0.6470588235294117,0.05718060231312691,0.05953904728113337,0.07361472315047479
TxPert_GAT,TxPert_Exphormer,RPE1,1,B1_HGB_ContentNull,20261001,20261001,1,85,85,0.6067163164789205,0.4523548954465507,0.06872044313812399,0.5882352941176471,0.04512341009377307,0.0588393202089679,0.07131084803645384
TxPert_GAT,TxPert_Exphormer,RPE1,1,B1_HGB_ContentNull,20261001,20261001,2,85,85,0.522761610197407,0.508657416454954,0.0663073609037661,0.5882352941176471,0.04811186873374634,0.05590118353724943,0.06952276979275863
TxPert_GAT,TxPert_Exphormer,RPE1,1,B1_HGB_ContentNull,20261001,20261001,3,85,85,0.619655791116281,0.4679890560875513,0.06662102356788432,0.5294117647058824,0.04830140660082612,0.059307769597887694,0.07359161380444733
TxPert_GAT,TxPert_Exphormer,RPE1,1,B1_HGB_ContentNull,20261001,20261001,4,85,85,0.5166085372453068,0.47357826851670903,0.06691380096853364,0.5882352941176471,0.04920393791480978,0.057455657845738105,0.07096239807669545
TxPert_GAT,TxPert_Exphormer,RPE1,1,B1_HGB_ContentNull,20261002,20261002,0,85,85,0.51671737920627,0.43263631033808875,0.06826039657790874,0.6470588235294117,0.05718060231312691,0.05953904728113337,0.07361472315047479
TxPert_GAT,TxPert_Exphormer,RPE1,1,B1_HGB_ContentNull,20261002,20261002,1,85,85,0.6067163164789205,0.4523548954465507,0.06872044313812399,0.5882352941176471,0.04512341009377307,0.0588393202089679,0.07131084803645384
TxPert_GAT,TxPert_Exphormer,RPE1,1,B1_HGB_ContentNull,20261002,20261002,2,85,85,0.522761610197407,0.508657416454954,0.0663073609037661,0.5882352941176471,0.04811186873374634,0.05590118353724943,0.06952276979275863
TxPert_GAT,TxPert_Exphormer,RPE1,1,B1_HGB_ContentNull,20261002,20261002,3,85,85,0.619655791116281,0.4679890560875513,0.06662102356788432,0.5294117647058824,0.04830140660082612,0.059307769597887694,0.07359161380444733
TxPert_GAT,TxPert_Exphormer,RPE1,1,B1_HGB_ContentNull,20261002,20261002,4,85,85,0.5166085372453068,0.47357826851670903,0.06691380096853364,0.5882352941176471,0.04920393791480978,0.057455657845738105,0.07096239807669545
TxPert_GAT,TxPert_Exphormer,RPE1,1,B2_Pointwise,20260930,20260930,0,85,85,0.7357456622144053,0.5157832508526032,0.06888465648592045,0.47058823529411764,0.06102728698285604,0.06338960494473363,0.06882048494556105
TxPert_GAT,TxPert_Exphormer,RPE1,1,B2_Pointwise,20260930,20260930,1,85,85,0.7357456622144053,0.5157832508526032,0.06888465648592045,0.47058823529411764,0.06102728698285604,0.06338960494473363,0.06882048494556105
TxPert_GAT,TxPert_Exphormer,RPE1,1,B2_Pointwise,20260930,20260930,2,85,85,0.7357456622144053,0.5157832508526032,0.06888465648592045,0.47058823529411764,0.06102728698285604,0.06338960494473363,0.06882048494556105
TxPert_GAT,TxPert_Exphormer,RPE1,1,B2_Pointwise,20260930,20260930,3,85,85,0.7357456622144053,0.5157832508526032,0.06888465648592045,0.47058823529411764,0.06102728698285604,0.06338960494473363,0.06882048494556105
TxPert_GAT,TxPert_Exphormer,RPE1,1,B2_Pointwise,20260930,20260930,4,85,85,0.7357456622144053,0.5157832508526032,0.06888465648592045,0.47058823529411764,0.06102728698285604,0.06338960494473363,0.06882048494556105
TxPert_GAT,TxPert_Exphormer,RPE1,1,B2_Pointwise,20261001,20261001,0,85,85,0.7381572171627091,0.5168067226890757,0.06847727532962321,0.47058823529411764,0.05994625660804901,0.06385512446435444,0.0708262483303117
TxPert_GAT,TxPert_Exphormer,RPE1,1,B2_Pointwise,20261001,20261001,1,85,85,0.7381572171627091,0.5168067226890757,0.06847727532962321,0.47058823529411764,0.05994625660804901,0.06385512446435444,0.0708262483303117
TxPert_GAT,TxPert_Exphormer,RPE1,1,B2_Pointwise,20261001,20261001,2,85,85,0.7381572171627091,0.5168067226890757,0.06847727532962321,0.47058823529411764,0.05994625660804901,0.06385512446435444,0.0708262483303117
TxPert_GAT,TxPert_Exphormer,RPE1,1,B2_Pointwise,20261001,20261001,3,85,85,0.7381572171627091,0.5168067226890757,0.06847727532962321,0.47058823529411764,0.05994625660804901,0.06385512446435444,0.0708262483303117
TxPert_GAT,TxPert_Exphormer,RPE1,1,B2_Pointwise,20261001,20261001,4,85,85,0.7381572171627091,0.5168067226890757,0.06847727532962321,0.47058823529411764,0.05994625660804901,0.06385512446435444,0.0708262483303117
TxPert_GAT,TxPert_Exphormer,RPE1,1,B2_Pointwise,20261002,20261002,0,85,85,0.5967379488655808,0.49593511823333986,0.06834136620865647,0.5294117647058824,0.051145208794416454,0.06443317767491061,0.06940441998086996
TxPert_GAT,TxPert_Exphormer,RPE1,1,B2_Pointwise,20261002,20261002,1,85,85,0.5967379488655808,0.49593511823333986,0.06834136620865647,0.5294117647058824,0.051145208794416454,0.06443317767491061,0.06940441998086996
TxPert_GAT,TxPert_Exphormer,RPE1,1,B2_Pointwise,20261002,20261002,2,85,85,0.5967379488655808,0.49593511823333986,0.06834136620865647,0.5294117647058824,0.051145208794416454,0.06443317767491061,0.06940441998086996
TxPert_GAT,TxPert_Exphormer,RPE1,1,B2_Pointwise,20261002,20261002,3,85,85,0.5967379488655808,0.49593511823333986,0.06834136620865647,0.5294117647058824,0.051145208794416454,0.06443317767491061,0.06940441998086996
TxPert_GAT,TxPert_Exphormer,RPE1,1,B2_Pointwise,20261002,20261002,4,85,85,0.5967379488655808,0.49593511823333986,0.06834136620865647,0.5294117647058824,0.051145208794416454,0.06443317767491061,0.06940441998086996
TxPert_GAT,TxPert_Exphormer,RPE1,1,B2_Pointwise_ContentNull,20260930,20260930,0,85,85,0.5876142315869163,0.4802618721907368,0.06732815831478021,0.5294117647058824,0.054686241368607856,0.05874182478176766,0.07093190277191859
TxPert_GAT,TxPert_Exphormer,RPE1,1,B2_Pointwise_ContentNull,20260930,20260930,1,85,85,0.6197356379209958,0.4356458862614813,0.0689489995552773,0.5294117647058824,0.055316153343763205,0.06200470432773894,0.07141810101476266
TxPert_GAT,TxPert_Exphormer,RPE1,1,B2_Pointwise_ContentNull,20260930,20260930,2,85,85,0.4369533213970706,0.5177643150283369,0.06653332191370993,0.5882352941176471,0.05403161777972574,0.05851595174975789,0.06831536948653702
TxPert_GAT,TxPert_Exphormer,RPE1,1,B2_Pointwise_ContentNull,20260930,20260930,3,85,85,0.6034747494064149,0.47443814735196405,0.06692490909911337,0.5294117647058824,0.04512341009377306,0.05898225247350674,0.06999433622199033
TxPert_GAT,TxPert_Exphormer,RPE1,1,B2_Pointwise_ContentNull,20260930,20260930,4,85,85,0.585838317812241,0.4880203244088333,0.06685684997356986,0.5294117647058824,0.047306295201703936,0.06030568799844915,0.0703029240148281
TxPert_GAT,TxPert_Exphormer,RPE1,1,B2_Pointwise_ContentNull,20261001,20261001,0,85,85,0.5814513168228238,0.5293726793042799,0.0671359988918446,0.5294117647058824,0.05055217677846283,0.05742823442818899,0.06961647468913265
TxPert_GAT,TxPert_Exphormer,RPE1,1,B2_Pointwise_ContentNull,20261001,20261001,1,85,85,0.5870894834953703,0.4872581590775846,0.06871142374142984,0.5882352941176471,0.05531615334376321,0.05606879623745489,0.07141920104009634
TxPert_GAT,TxPert_Exphormer,RPE1,1,B2_Pointwise_ContentNull,20261001,20261001,2,85,85,0.4935637271021318,0.49908149306234123,0.06717328782627194,0.5294117647058824,0.052793867784311485,0.060341881606940706,0.07007823997300903
TxPert_GAT,TxPert_Exphormer,RPE1,1,B2_Pointwise_ContentNull,20261001,20261001,3,85,85,0.5917693445758891,0.44283760015634166,0.06811930340949911,0.5882352941176471,0.05356856875346258,0.059936070340827166,0.07110324957589463
TxPert_GAT,TxPert_Exphormer,RPE1,1,B2_Pointwise_ContentNull,20261001,20261001,4,85,85,0.5600750084181019,0.5123314442055892,0.06642900990405454,0.5882352941176471,0.05172251201408569,0.05855575113305974,0.07029863069689032
TxPert_GAT,TxPert_Exphormer,RPE1,1,B2_Pointwise_ContentNull,20261002,20261002,0,85,85,0.6172494503407076,0.5084424467461404,0.06718385905863643,0.5294117647058824,0.048702370122139,0.06061411188026291,0.0691412155742977
TxPert_GAT,TxPert_Exphormer,RPE1,1,B2_Pointwise_ContentNull,20261002,20261002,1,85,85,0.5416053127667138,0.4696892710572601,0.06902906308968147,0.5882352941176471,0.0568736358536337,0.059336221561891674,0.06956142823173461
TxPert_GAT,TxPert_Exphormer,RPE1,1,B2_Pointwise_ContentNull,20261002,20261002,2,85,85,0.5266381612129979,0.5299394176275162,0.06522387050004912,0.5294117647058824,0.04285825792538458,0.0585159517497579,0.06940859426791902
TxPert_GAT,TxPert_Exphormer,RPE1,1,B2_Pointwise_ContentNull,20261002,20261002,3,85,85,0.5648451777217792,0.44608168848934926,0.06750755912113378,0.5882352941176471,0.054453250725691925,0.05830329442733012,0.07118148191058471
TxPert_GAT,TxPert_Exphormer,RPE1,1,B2_Pointwise_ContentNull,20261002,20261002,4,85,85,0.5325767488621597,0.4505569669728357,0.06780986712357563,0.5882352941176471,0.05664843145951123,0.054961505904536335,0.07245079413584361
TxPert_GAT,TxPert_Exphormer,RPE1,1,Support_only,20260930,20260930,0,85,85,0.5721248741569781,0.45632206370920464,0.0679047409740562,0.5882352941176471,0.05446692057725818,0.06069894066206262,0.07155176135919517
TxPert_GAT,TxPert_Exphormer,RPE1,1,Support_only,20260930,20260930,1,85,85,0.5721248741569781,0.45632206370920464,0.0679047409740562,0.5882352941176471,0.05446692057725818,0.06069894066206262,0.07155176135919517
TxPert_GAT,TxPert_Exphormer,RPE1,1,Support_only,20260930,20260930,2,85,85,0.5721248741569781,0.45632206370920464,0.0679047409740562,0.5882352941176471,0.05446692057725818,0.06069894066206262,0.07155176135919517
TxPert_GAT,TxPert_Exphormer,RPE1,1,Support_only,20260930,20260930,3,85,85,0.5721248741569781,0.45632206370920464,0.0679047409740562,0.5882352941176471,0.05446692057725818,0.06069894066206262,0.07155176135919517
TxPert_GAT,TxPert_Exphormer,RPE1,1,Support_only,20260930,20260930,4,85,85,0.5721248741569781,0.45632206370920464,0.0679047409740562,0.5882352941176471,0.05446692057725818,0.06069894066206262,0.07155176135919517
TxPert_GAT,TxPert_Exphormer,RPE1,1,Support_only,20261001,20261001,0,85,85,0.5721248741569781,0.45632206370920464,0.0679047409740562,0.5882352941176471,0.05446692057725818,0.06069894066206262,0.07155176135919517
TxPert_GAT,TxPert_Exphormer,RPE1,1,Support_only,20261001,20261001,1,85,85,0.5721248741569781,0.45632206370920464,0.0679047409740562,0.5882352941176471,0.05446692057725818,0.06069894066206262,0.07155176135919517
TxPert_GAT,TxPert_Exphormer,RPE1,1,Support_only,20261001,20261001,2,85,85,0.5721248741569781,0.45632206370920464,0.0679047409740562,0.5882352941176471,0.05446692057725818,0.06069894066206262,0.07155176135919517
TxPert_GAT,TxPert_Exphormer,RPE1,1,Support_only,20261001,20261001,3,85,85,0.5721248741569781,0.45632206370920464,0.0679047409740562,0.5882352941176471,0.05446692057725818,0.06069894066206262,0.07155176135919517
TxPert_GAT,TxPert_Exphormer,RPE1,1,Support_only,20261001,20261001,4,85,85,0.5721248741569781,0.45632206370920464,0.0679047409740562,0.5882352941176471,0.05446692057725818,0.06069894066206262,0.07155176135919517
TxPert_GAT,TxPert_Exphormer,RPE1,1,Support_only,20261002,20261002,0,85,85,0.5721248741569781,0.45632206370920464,0.0679047409740562,0.5882352941176471,0.05446692057725818,0.06069894066206262,0.07155176135919517
TxPert_GAT,TxPert_Exphormer,RPE1,1,Support_only,20261002,20261002,1,85,85,0.5721248741569781,0.45632206370920464,0.0679047409740562,0.5882352941176471,0.05446692057725818,0.06069894066206262,0.07155176135919517
TxPert_GAT,TxPert_Exphormer,RPE1,1,Support_only,20261002,20261002,2,85,85,0.5721248741569781,0.45632206370920464,0.0679047409740562,0.5882352941176471,0.05446692057725818,0.06069894066206262,0.07155176135919517
TxPert_GAT,TxPert_Exphormer,RPE1,1,Support_only,20261002,20261002,3,85,85,0.5721248741569781,0.45632206370920464,0.0679047409740562,0.5882352941176471,0.05446692057725818,0.06069894066206262,0.07155176135919517
TxPert_GAT,TxPert_Exphormer,RPE1,1,Support_only,20261002,20261002,4,85,85,0.5721248741569781,0.45632206370920464,0.0679047409740562,0.5882352941176471,0.05446692057725818,0.06069894066206262,0.07155176135919517
TxPert_GAT,TxPert_Exphormer,RPE1,2,B1_HGB,20260930,20260930,0,84,84,0.5689530738942408,0.545894502379265,0.06866602353486272,0.5294117647058824,0.05946454604994045,0.05897180036216921,0.0695067965477575
TxPert_GAT,TxPert_Exphormer,RPE1,2,B1_HGB,20260930,20260930,1,84,84,0.5689530738942408,0.545894502379265,0.06866602353486272,0.5294117647058824,0.05946454604994045,0.05897180036216921,0.0695067965477575
TxPert_GAT,TxPert_Exphormer,RPE1,2,B1_HGB,20260930,20260930,2,84,84,0.5689530738942408,0.545894502379265,0.06866602353486272,0.5294117647058824,0.05946454604994045,0.05897180036216921,0.0695067965477575
TxPert_GAT,TxPert_Exphormer,RPE1,2,B1_HGB,20260930,20260930,3,84,84,0.5689530738942408,0.545894502379265,0.06866602353486272,0.5294117647058824,0.05946454604994045,0.05897180036216921,0.0695067965477575
TxPert_GAT,TxPert_Exphormer,RPE1,2,B1_HGB,20260930,20260930,4,84,84,0.5689530738942408,0.545894502379265,0.06866602353486272,0.5294117647058824,0.05946454604994045,0.05897180036216921,0.0695067965477575
TxPert_GAT,TxPert_Exphormer,RPE1,2,B1_HGB,20261001,20261001,0,84,84,0.5689530738942408,0.545894502379265,0.06866602353486272,0.5294117647058824,0.05946454604994045,0.05897180036216921,0.0695067965477575
TxPert_GAT,TxPert_Exphormer,RPE1,2,B1_HGB,20261001,20261001,1,84,84,0.5689530738942408,0.545894502379265,0.06866602353486272,0.5294117647058824,0.05946454604994045,0.05897180036216921,0.0695067965477575
TxPert_GAT,TxPert_Exphormer,RPE1,2,B1_HGB,20261001,20261001,2,84,84,0.5689530738942408,0.545894502379265,0.06866602353486272,0.5294117647058824,0.05946454604994045,0.05897180036216921,0.0695067965477575
TxPert_GAT,TxPert_Exphormer,RPE1,2,B1_HGB,20261001,20261001,3,84,84,0.5689530738942408,0.545894502379265,0.06866602353486272,0.5294117647058824,0.05946454604994045,0.05897180036216921,0.0695067965477575
TxPert_GAT,TxPert_Exphormer,RPE1,2,B1_HGB,20261001,20261001,4,84,84,0.5689530738942408,0.545894502379265,0.06866602353486272,0.5294117647058824,0.05946454604994045,0.05897180036216921,0.0695067965477575
TxPert_GAT,TxPert_Exphormer,RPE1,2,B1_HGB,20261002,20261002,0,84,84,0.5689530738942408,0.545894502379265,0.06866602353486272,0.5294117647058824,0.05946454604994045,0.05897180036216921,0.0695067965477575
TxPert_GAT,TxPert_Exphormer,RPE1,2,B1_HGB,20261002,20261002,1,84,84,0.5689530738942408,0.545894502379265,0.06866602353486272,0.5294117647058824,0.05946454604994045,0.05897180036216921,0.0695067965477575
TxPert_GAT,TxPert_Exphormer,RPE1,2,B1_HGB,20261002,20261002,2,84,84,0.5689530738942408,0.545894502379265,0.06866602353486272,0.5294117647058824,0.05946454604994045,0.05897180036216921,0.0695067965477575
TxPert_GAT,TxPert_Exphormer,RPE1,2,B1_HGB,20261002,20261002,3,84,84,0.5689530738942408,0.545894502379265,0.06866602353486272,0.5294117647058824,0.05946454604994045,0.05897180036216921,0.0695067965477575
TxPert_GAT,TxPert_Exphormer,RPE1,2,B1_HGB,20261002,20261002,4,84,84,0.5689530738942408,0.545894502379265,0.06866602353486272,0.5294117647058824,0.05946454604994045,0.05897180036216921,0.0695067965477575
TxPert_GAT,TxPert_Exphormer,RPE1,2,B1_HGB_ContentNull,20260930,20260930,0,84,84,0.5661944843071666,0.4596739900779589,0.07088860997667078,0.5882352941176471,0.05854821842393671,0.06318656983894583,0.07183497320910626
TxPert_GAT,TxPert_Exphormer,RPE1,2,B1_HGB_ContentNull,20260930,20260930,1,84,84,0.6422531134993019,0.5100739090817049,0.06822625415304691,0.5882352941176471,0.05753085508102153,0.06466703448022738,0.07017151724122776
TxPert_GAT,TxPert_Exphormer,RPE1,2,B1_HGB_ContentNull,20260930,20260930,2,84,84,0.6573292588412454,0.5414599574769667,0.06909521876282963,0.5882352941176471,0.05940662471526327,0.06141923987408712,0.06978574789715311
TxPert_GAT,TxPert_Exphormer,RPE1,2,B1_HGB_ContentNull,20260930,20260930,3,84,84,0.6246712996039547,0.5298167459754987,0.06844443711560992,0.5882352941176471,0.057704441804037186,0.06331895789826923,0.06937484449488199
TxPert_GAT,TxPert_Exphormer,RPE1,2,B1_HGB_ContentNull,20260930,20260930,4,84,84,0.5446010430300523,0.4785258681785967,0.07045207934906292,0.6470588235294117,0.0645857235748185,0.06255573671812428,0.07086032718723419
TxPert_GAT,TxPert_Exphormer,RPE1,2,B1_HGB_ContentNull,20261001,20261001,0,84,84,0.5661944843071666,0.4596739900779589,0.07088860997667078,0.5882352941176471,0.05854821842393671,0.06318656983894583,0.07183497320910626
TxPert_GAT,TxPert_Exphormer,RPE1,2,B1_HGB_ContentNull,20261001,20261001,1,84,84,0.6422531134993019,0.5100739090817049,0.06822625415304691,0.5882352941176471,0.05753085508102153,0.06466703448022738,0.07017151724122776
TxPert_GAT,TxPert_Exphormer,RPE1,2,B1_HGB_ContentNull,20261001,20261001,2,84,84,0.6573292588412454,0.5414599574769667,0.06909521876282963,0.5882352941176471,0.05940662471526327,0.06141923987408712,0.06978574789715311
TxPert_GAT,TxPert_Exphormer,RPE1,2,B1_HGB_ContentNull,20261001,20261001,3,84,84,0.6246712996039547,0.5298167459754987,0.06844443711560992,0.5882352941176471,0.057704441804037186,0.06331895789826923,0.06937484449488199
TxPert_GAT,TxPert_Exphormer,RPE1,2,B1_HGB_ContentNull,20261001,20261001,4,84,84,0.5446010430300523,0.4785258681785967,0.07045207934906292,0.6470588235294117,0.0645857235748185,0.06255573671812428,0.07086032718723419
TxPert_GAT,TxPert_Exphormer,RPE1,2,B1_HGB_ContentNull,20261002,20261002,0,84,84,0.5661944843071666,0.4596739900779589,0.07088860997667078,0.5882352941176471,0.05854821842393671,0.06318656983894583,0.07183497320910626
TxPert_GAT,TxPert_Exphormer,RPE1,2,B1_HGB_ContentNull,20261002,20261002,1,84,84,0.6422531134993019,0.5100739090817049,0.06822625415304691,0.5882352941176471,0.05753085508102153,0.06466703448022738,0.07017151724122776
TxPert_GAT,TxPert_Exphormer,RPE1,2,B1_HGB_ContentNull,20261002,20261002,2,84,84,0.6573292588412454,0.5414599574769667,0.06909521876282963,0.5882352941176471,0.05940662471526327,0.06141923987408712,0.06978574789715311
TxPert_GAT,TxPert_Exphormer,RPE1,2,B1_HGB_ContentNull,20261002,20261002,3,84,84,0.6246712996039547,0.5298167459754987,0.06844443711560992,0.5882352941176471,0.057704441804037186,0.06331895789826923,0.06937484449488199
TxPert_GAT,TxPert_Exphormer,RPE1,2,B1_HGB_ContentNull,20261002,20261002,4,84,84,0.5446010430300523,0.4785258681785967,0.07045207934906292,0.6470588235294117,0.0645857235748185,0.06255573671812428,0.07086032718723419
TxPert_GAT,TxPert_Exphormer,RPE1,2,B2_Pointwise,20260930,20260930,0,84,84,0.6082044839617063,0.5716108129998987,0.06801187382668769,0.5294117647058824,0.06090513994452608,0.06540659991591906,0.0671697006543121
TxPert_GAT,TxPert_Exphormer,RPE1,2,B2_Pointwise,20260930,20260930,1,84,84,0.6082044839617063,0.5716108129998987,0.06801187382668769,0.5294117647058824,0.06090513994452608,0.06540659991591906,0.0671697006543121
TxPert_GAT,TxPert_Exphormer,RPE1,2,B2_Pointwise,20260930,20260930,2,84,84,0.6082044839617063,0.5716108129998987,0.06801187382668769,0.5294117647058824,0.06090513994452608,0.06540659991591906,0.0671697006543121
TxPert_GAT,TxPert_Exphormer,RPE1,2,B2_Pointwise,20260930,20260930,3,84,84,0.6082044839617063,0.5716108129998987,0.06801187382668769,0.5294117647058824,0.06090513994452608,0.06540659991591906,0.0671697006543121
TxPert_GAT,TxPert_Exphormer,RPE1,2,B2_Pointwise,20260930,20260930,4,84,84,0.6082044839617063,0.5716108129998987,0.06801187382668769,0.5294117647058824,0.06090513994452608,0.06540659991591906,0.0671697006543121
TxPert_GAT,TxPert_Exphormer,RPE1,2,B2_Pointwise,20261001,20261001,0,84,84,0.670351794386921,0.5771995545206035,0.06821318769434301,0.5294117647058824,0.0586470881572604,0.05908105236827256,0.06824996475591806
TxPert_GAT,TxPert_Exphormer,RPE1,2,B2_Pointwise,20261001,20261001,1,84,84,0.670351794386921,0.5771995545206035,0.06821318769434301,0.5294117647058824,0.0586470881572604,0.05908105236827256,0.06824996475591806
TxPert_GAT,TxPert_Exphormer,RPE1,2,B2_Pointwise,20261001,20261001,2,84,84,0.670351794386921,0.5771995545206035,0.06821318769434301,0.5294117647058824,0.0586470881572604,0.05908105236827256,0.06824996475591806
TxPert_GAT,TxPert_Exphormer,RPE1,2,B2_Pointwise,20261001,20261001,3,84,84,0.670351794386921,0.5771995545206035,0.06821318769434301,0.5294117647058824,0.0586470881572604,0.05908105236827256,0.06824996475591806
TxPert_GAT,TxPert_Exphormer,RPE1,2,B2_Pointwise,20261001,20261001,4,84,84,0.670351794386921,0.5771995545206035,0.06821318769434301,0.5294117647058824,0.0586470881572604,0.05908105236827256,0.06824996475591806
TxPert_GAT,TxPert_Exphormer,RPE1,2,B2_Pointwise,20261002,20261002,0,84,84,0.5595327632647581,0.563754176369343,0.0680055972531546,0.5882352941176471,0.055210666598418036,0.06233588794372548,0.06825966801281143
TxPert_GAT,TxPert_Exphormer,RPE1,2,B2_Pointwise,20261002,20261002,1,84,84,0.5595327632647581,0.563754176369343,0.0680055972531546,0.5882352941176471,0.055210666598418036,0.06233588794372548,0.06825966801281143
TxPert_GAT,TxPert_Exphormer,RPE1,2,B2_Pointwise,20261002,20261002,2,84,84,0.5595327632647581,0.563754176369343,0.0680055972531546,0.5882352941176471,0.055210666598418036,0.06233588794372548,0.06825966801281143
TxPert_GAT,TxPert_Exphormer,RPE1,2,B2_Pointwise,20261002,20261002,3,84,84,0.5595327632647581,0.563754176369343,0.0680055972531546,0.5882352941176471,0.055210666598418036,0.06233588794372548,0.06825966801281143
TxPert_GAT,TxPert_Exphormer,RPE1,2,B2_Pointwise,20261002,20261002,4,84,84,0.5595327632647581,0.563754176369343,0.0680055972531546,0.5882352941176471,0.055210666598418036,0.06233588794372548,0.06825966801281143
TxPert_GAT,TxPert_Exphormer,RPE1,2,B2_Pointwise_ContentNull,20260930,20260930,0,84,84,0.6793786193636484,0.4900678343626608,0.06853277422053312,0.5294117647058824,0.058096258469964766,0.06471195566318552,0.07025717523682212
TxPert_GAT,TxPert_Exphormer,RPE1,2,B2_Pointwise_ContentNull,20260930,20260930,1,84,84,0.6367570601602597,0.49622354966082816,0.068812635478482,0.5882352941176471,0.060432851728132966,0.061755694876785006,0.07014408292788873
TxPert_GAT,TxPert_Exphormer,RPE1,2,B2_Pointwise_ContentNull,20260930,20260930,2,84,84,0.5813029286819463,0.4744963045459148,0.06944112305818083,0.6470588235294117,0.05892797200203965,0.060372898519328026,0.06959354661304888
TxPert_GAT,TxPert_Exphormer,RPE1,2,B2_Pointwise_ContentNull,20260930,20260930,3,84,84,0.7075256889858761,0.5323073807836388,0.06880016440249864,0.47058823529411764,0.06265897186976645,0.06006216454795993,0.06856136194153335
TxPert_GAT,TxPert_Exphormer,RPE1,2,B2_Pointwise_ContentNull,20260930,20260930,4,84,84,0.5966727965676709,0.4807735142249671,0.06906483765424117,0.5882352941176471,0.05050470959839711,0.06023030905254531,0.0703279612560685
TxPert_GAT,TxPert_Exphormer,RPE1,2,B2_Pointwise_ContentNull,20261001,20261001,0,84,84,0.566194484307167,0.5083729877493166,0.06809847496693257,0.5882352941176471,0.05080832150416545,0.06801369560795148,0.0692565228765688
TxPert_GAT,TxPert_Exphormer,RPE1,2,B2_Pointwise_ContentNull,20261001,20261001,1,84,84,0.6325559437161269,0.5050926394654247,0.0687155229411703,0.5882352941176471,0.0627711354762939,0.061510152292153675,0.06842175915410686
TxPert_GAT,TxPert_Exphormer,RPE1,2,B2_Pointwise_ContentNull,20261001,20261001,2,84,84,0.5477182695369399,0.5135567480004051,0.06871984659148087,0.5882352941176471,0.058055244758709365,0.061898284343567735,0.06924367938986287
TxPert_GAT,TxPert_Exphormer,RPE1,2,B2_Pointwise_ContentNull,20261001,20261001,3,84,84,0.6261533249115259,0.5839627417231953,0.0675088574509225,0.5294117647058824,0.06095678895854037,0.05817780752228796,0.06634406561112736
TxPert_GAT,TxPert_Exphormer,RPE1,2,B2_Pointwise_ContentNull,20261001,20261001,4,84,84,0.5059267592791343,0.46443251999595025,0.06962191950381985,0.6470588235294117,0.06076372392392501,0.057684768443421006,0.06974622793406397
TxPert_GAT,TxPert_Exphormer,RPE1,2,B2_Pointwise_ContentNull,20261002,20261002,0,84,84,0.6063851113459883,0.4981269616280247,0.06818179547745498,0.5294117647058824,0.058888098930733705,0.06471195566318552,0.07113278593133181
TxPert_GAT,TxPert_Exphormer,RPE1,2,B2_Pointwise_ContentNull,20261002,20261002,1,84,84,0.6366423733513363,0.509527184367723,0.06993093436807055,0.5882352941176471,0.05855124077501152,0.06338699711682572,0.07004411962869364
TxPert_GAT,TxPert_Exphormer,RPE1,2,B2_Pointwise_ContentNull,20261002,20261002,2,84,84,0.6729634264020036,0.5017920421180521,0.06843064346872395,0.5294117647058824,0.05646706849413793,0.060149719675691965,0.0707584523019236
TxPert_GAT,TxPert_Exphormer,RPE1,2,B2_Pointwise_ContentNull,20261002,20261002,3,84,84,0.6880100751944401,0.5321453882757923,0.06755036427689633,0.5294117647058824,0.06058074732905615,0.059815203861516224,0.06871875587912421
TxPert_GAT,TxPert_Exphormer,RPE1,2,B2_Pointwise_ContentNull,20261002,20261002,4,84,84,0.6070318358809289,0.49152576693327943,0.06929099496353931,0.5294117647058824,0.05669661297402563,0.06260300102639949,0.06933193807178664
TxPert_GAT,TxPert_Exphormer,RPE1,2,Support_only,20260930,20260930,0,84,84,0.6789049693343905,0.5083275116946949,0.06994577279750797,0.5294117647058824,0.060432851728132966,0.06388284426600785,0.0700803044605202
TxPert_GAT,TxPert_Exphormer,RPE1,2,Support_only,20260930,20260930,1,84,84,0.6789049693343905,0.5083275116946949,0.06994577279750797,0.5294117647058824,0.060432851728132966,0.06388284426600785,0.0700803044605202
TxPert_GAT,TxPert_Exphormer,RPE1,2,Support_only,20260930,20260930,2,84,84,0.6789049693343905,0.5083275116946949,0.06994577279750797,0.5294117647058824,0.060432851728132966,0.06388284426600785,0.0700803044605202
TxPert_GAT,TxPert_Exphormer,RPE1,2,Support_only,20260930,20260930,3,84,84,0.6789049693343905,0.5083275116946949,0.06994577279750797,0.5294117647058824,0.060432851728132966,0.06388284426600785,0.0700803044605202
TxPert_GAT,TxPert_Exphormer,RPE1,2,Support_only,20260930,20260930,4,84,84,0.6789049693343905,0.5083275116946949,0.06994577279750797,0.5294117647058824,0.060432851728132966,0.06388284426600785,0.0700803044605202
TxPert_GAT,TxPert_Exphormer,RPE1,2,Support_only,20261001,20261001,0,84,84,0.6789049693343905,0.5083275116946949,0.06994577279750797,0.5294117647058824,0.060432851728132966,0.06388284426600785,0.0700803044605202
TxPert_GAT,TxPert_Exphormer,RPE1,2,Support_only,20261001,20261001,1,84,84,0.6789049693343905,0.5083275116946949,0.06994577279750797,0.5294117647058824,0.060432851728132966,0.06388284426600785,0.0700803044605202
TxPert_GAT,TxPert_Exphormer,RPE1,2,Support_only,20261001,20261001,2,84,84,0.6789049693343905,0.5083275116946949,0.06994577279750797,0.5294117647058824,0.060432851728132966,0.06388284426600785,0.0700803044605202
TxPert_GAT,TxPert_Exphormer,RPE1,2,Support_only,20261001,20261001,3,84,84,0.6789049693343905,0.5083275116946949,0.06994577279750797,0.5294117647058824,0.060432851728132966,0.06388284426600785,0.0700803044605202
TxPert_GAT,TxPert_Exphormer,RPE1,2,Support_only,20261001,20261001,4,84,84,0.6789049693343905,0.5083275116946949,0.06994577279750797,0.5294117647058824,0.060432851728132966,0.06388284426600785,0.0700803044605202
TxPert_GAT,TxPert_Exphormer,RPE1,2,Support_only,20261002,20261002,0,84,84,0.6789049693343905,0.5083275116946949,0.06994577279750797,0.5294117647058824,0.060432851728132966,0.06388284426600785,0.0700803044605202
TxPert_GAT,TxPert_Exphormer,RPE1,2,Support_only,20261002,20261002,1,84,84,0.6789049693343905,0.5083275116946949,0.06994577279750797,0.5294117647058824,0.060432851728132966,0.06388284426600785,0.0700803044605202
TxPert_GAT,TxPert_Exphormer,RPE1,2,Support_only,20261002,20261002,2,84,84,0.6789049693343905,0.5083275116946949,0.06994577279750797,0.5294117647058824,0.060432851728132966,0.06388284426600785,0.0700803044605202
TxPert_GAT,TxPert_Exphormer,RPE1,2,Support_only,20261002,20261002,3,84,84,0.6789049693343905,0.5083275116946949,0.06994577279750797,0.5294117647058824,0.060432851728132966,0.06388284426600785,0.0700803044605202
TxPert_GAT,TxPert_Exphormer,RPE1,2,Support_only,20261002,20261002,4,84,84,0.6789049693343905,0.5083275116946949,0.06994577279750797,0.5294117647058824,0.060432851728132966,0.06388284426600785,0.0700803044605202
TxPert_GAT,TxPert_Exphormer,RPE1,3,B1_HGB,20260930,20260930,0,88,88,0.7003129868388595,0.6074460216265719,0.062062639302068595,0.38888888888888884,0.051216112994084066,0.05543211204301911,0.06409566144893869
TxPert_GAT,TxPert_Exphormer,RPE1,3,B1_HGB,20260930,20260930,1,88,88,0.7003129868388595,0.6074460216265719,0.062062639302068595,0.38888888888888884,0.051216112994084066,0.05543211204301911,0.06409566144893869
TxPert_GAT,TxPert_Exphormer,RPE1,3,B1_HGB,20260930,20260930,2,88,88,0.7003129868388595,0.6074460216265719,0.062062639302068595,0.38888888888888884,0.051216112994084066,0.05543211204301911,0.06409566144893869
TxPert_GAT,TxPert_Exphormer,RPE1,3,B1_HGB,20260930,20260930,3,88,88,0.7003129868388595,0.6074460216265719,0.062062639302068595,0.38888888888888884,0.051216112994084066,0.05543211204301911,0.06409566144893869
TxPert_GAT,TxPert_Exphormer,RPE1,3,B1_HGB,20260930,20260930,4,88,88,0.7003129868388595,0.6074460216265719,0.062062639302068595,0.38888888888888884,0.051216112994084066,0.05543211204301911,0.06409566144893869
TxPert_GAT,TxPert_Exphormer,RPE1,3,B1_HGB,20261001,20261001,0,88,88,0.7003129868388595,0.6074460216265719,0.062062639302068595,0.38888888888888884,0.051216112994084066,0.05543211204301911,0.06409566144893869
TxPert_GAT,TxPert_Exphormer,RPE1,3,B1_HGB,20261001,20261001,1,88,88,0.7003129868388595,0.6074460216265719,0.062062639302068595,0.38888888888888884,0.051216112994084066,0.05543211204301911,0.06409566144893869
TxPert_GAT,TxPert_Exphormer,RPE1,3,B1_HGB,20261001,20261001,2,88,88,0.7003129868388595,0.6074460216265719,0.062062639302068595,0.38888888888888884,0.051216112994084066,0.05543211204301911,0.06409566144893869
TxPert_GAT,TxPert_Exphormer,RPE1,3,B1_HGB,20261001,20261001,3,88,88,0.7003129868388595,0.6074460216265719,0.062062639302068595,0.38888888888888884,0.051216112994084066,0.05543211204301911,0.06409566144893869
TxPert_GAT,TxPert_Exphormer,RPE1,3,B1_HGB,20261001,20261001,4,88,88,0.7003129868388595,0.6074460216265719,0.062062639302068595,0.38888888888888884,0.051216112994084066,0.05543211204301911,0.06409566144893869
TxPert_GAT,TxPert_Exphormer,RPE1,3,B1_HGB,20261002,20261002,0,88,88,0.7003129868388595,0.6074460216265719,0.062062639302068595,0.38888888888888884,0.051216112994084066,0.05543211204301911,0.06409566144893869
TxPert_GAT,TxPert_Exphormer,RPE1,3,B1_HGB,20261002,20261002,1,88,88,0.7003129868388595,0.6074460216265719,0.062062639302068595,0.38888888888888884,0.051216112994084066,0.05543211204301911,0.06409566144893869
TxPert_GAT,TxPert_Exphormer,RPE1,3,B1_HGB,20261002,20261002,2,88,88,0.7003129868388595,0.6074460216265719,0.062062639302068595,0.38888888888888884,0.051216112994084066,0.05543211204301911,0.06409566144893869
TxPert_GAT,TxPert_Exphormer,RPE1,3,B1_HGB,20261002,20261002,3,88,88,0.7003129868388595,0.6074460216265719,0.062062639302068595,0.38888888888888884,0.051216112994084066,0.05543211204301911,0.06409566144893869
TxPert_GAT,TxPert_Exphormer,RPE1,3,B1_HGB,20261002,20261002,4,88,88,0.7003129868388595,0.6074460216265719,0.062062639302068595,0.38888888888888884,0.051216112994084066,0.05543211204301911,0.06409566144893869
TxPert_GAT,TxPert_Exphormer,RPE1,3,B1_HGB_ContentNull,20260930,20260930,0,88,88,0.7050444487248806,0.5232996372089748,0.06535243182015141,0.33333333333333337,0.057638376321355836,0.05920137751105872,0.06525654816478223
TxPert_GAT,TxPert_Exphormer,RPE1,3,B1_HGB_ContentNull,20260930,20260930,1,88,88,0.5723536070557722,0.537318164206967,0.06471564268885142,0.5,0.059109200743344165,0.05745346007878754,0.06480244064226853
TxPert_GAT,TxPert_Exphormer,RPE1,3,B1_HGB_ContentNull,20260930,20260930,2,88,88,0.5516055397801927,0.5063224261209538,0.06554568793993659,0.4444444444444444,0.055823277637896296,0.05670596603467838,0.0655317425869113
TxPert_GAT,TxPert_Exphormer,RPE1,3,B1_HGB_ContentNull,20260930,20260930,3,88,88,0.7752959094484582,0.5725405938501639,0.06436511502567382,0.33333333333333337,0.053156695872981934,0.058101891647363554,0.06322268263290416
TxPert_GAT,TxPert_Exphormer,RPE1,3,B1_HGB_ContentNull,20260930,20260930,4,88,88,0.7421524092725842,0.5102497270261703,0.06568780970207579,0.38888888888888884,0.057161927680044106,0.06084220656672728,0.06481412559206305
TxPert_GAT,TxPert_Exphormer,RPE1,3,B1_HGB_ContentNull,20261001,20261001,0,88,88,0.7050444487248806,0.5232996372089748,0.06535243182015141,0.33333333333333337,0.057638376321355836,0.05920137751105872,0.06525654816478223
TxPert_GAT,TxPert_Exphormer,RPE1,3,B1_HGB_ContentNull,20261001,20261001,1,88,88,0.5723536070557722,0.537318164206967,0.06471564268885142,0.5,0.059109200743344165,0.05745346007878754,0.06480244064226853
TxPert_GAT,TxPert_Exphormer,RPE1,3,B1_HGB_ContentNull,20261001,20261001,2,88,88,0.5516055397801927,0.5063224261209538,0.06554568793993659,0.4444444444444444,0.055823277637896296,0.05670596603467838,0.0655317425869113
TxPert_GAT,TxPert_Exphormer,RPE1,3,B1_HGB_ContentNull,20261001,20261001,3,88,88,0.7752959094484582,0.5725405938501639,0.06436511502567382,0.33333333333333337,0.053156695872981934,0.058101891647363554,0.06322268263290416
TxPert_GAT,TxPert_Exphormer,RPE1,3,B1_HGB_ContentNull,20261001,20261001,4,88,88,0.7421524092725842,0.5102497270261703,0.06568780970207579,0.38888888888888884,0.057161927680044106,0.06084220656672728,0.06481412559206305
TxPert_GAT,TxPert_Exphormer,RPE1,3,B1_HGB_ContentNull,20261002,20261002,0,88,88,0.7050444487248806,0.5232996372089748,0.06535243182015141,0.33333333333333337,0.057638376321355836,0.05920137751105872,0.06525654816478223
TxPert_GAT,TxPert_Exphormer,RPE1,3,B1_HGB_ContentNull,20261002,20261002,1,88,88,0.5723536070557722,0.537318164206967,0.06471564268885142,0.5,0.059109200743344165,0.05745346007878754,0.06480244064226853
TxPert_GAT,TxPert_Exphormer,RPE1,3,B1_HGB_ContentNull,20261002,20261002,2,88,88,0.5516055397801927,0.5063224261209538,0.06554568793993659,0.4444444444444444,0.055823277637896296,0.05670596603467838,0.0655317425869113
TxPert_GAT,TxPert_Exphormer,RPE1,3,B1_HGB_ContentNull,20261002,20261002,3,88,88,0.7752959094484582,0.5725405938501639,0.06436511502567382,0.33333333333333337,0.053156695872981934,0.058101891647363554,0.06322268263290416
TxPert_GAT,TxPert_Exphormer,RPE1,3,B1_HGB_ContentNull,20261002,20261002,4,88,88,0.7421524092725842,0.5102497270261703,0.06568780970207579,0.38888888888888884,0.057161927680044106,0.06084220656672728,0.06481412559206305
TxPert_GAT,TxPert_Exphormer,RPE1,3,B2_Pointwise,20260930,20260930,0,88,88,0.6608892908683723,0.5917015955760629,0.06257325113935854,0.38888888888888884,0.05252222270164385,0.0558264165730798,0.0645431810775055
TxPert_GAT,TxPert_Exphormer,RPE1,3,B2_Pointwise,20260930,20260930,1,88,88,0.6608892908683723,0.5917015955760629,0.06257325113935854,0.38888888888888884,0.05252222270164385,0.0558264165730798,0.0645431810775055
TxPert_GAT,TxPert_Exphormer,RPE1,3,B2_Pointwise,20260930,20260930,2,88,88,0.6608892908683723,0.5917015955760629,0.06257325113935854,0.38888888888888884,0.05252222270164385,0.0558264165730798,0.0645431810775055
TxPert_GAT,TxPert_Exphormer,RPE1,3,B2_Pointwise,20260930,20260930,3,88,88,0.6608892908683723,0.5917015955760629,0.06257325113935854,0.38888888888888884,0.05252222270164385,0.0558264165730798,0.0645431810775055
TxPert_GAT,TxPert_Exphormer,RPE1,3,B2_Pointwise,20260930,20260930,4,88,88,0.6608892908683723,0.5917015955760629,0.06257325113935854,0.38888888888888884,0.05252222270164385,0.0558264165730798,0.0645431810775055
TxPert_GAT,TxPert_Exphormer,RPE1,3,B2_Pointwise,20261001,20261001,0,88,88,0.7821961285905289,0.5782290162375402,0.06285843873788345,0.38888888888888884,0.051706988948074274,0.0589418894640527,0.06382607428432575
TxPert_GAT,TxPert_Exphormer,RPE1,3,B2_Pointwise,20261001,20261001,1,88,88,0.7821961285905289,0.5782290162375402,0.06285843873788345,0.38888888888888884,0.051706988948074274,0.0589418894640527,0.06382607428432575
TxPert_GAT,TxPert_Exphormer,RPE1,3,B2_Pointwise,20261001,20261001,2,88,88,0.7821961285905289,0.5782290162375402,0.06285843873788345,0.38888888888888884,0.051706988948074274,0.0589418894640527,0.06382607428432575
TxPert_GAT,TxPert_Exphormer,RPE1,3,B2_Pointwise,20261001,20261001,3,88,88,0.7821961285905289,0.5782290162375402,0.06285843873788345,0.38888888888888884,0.051706988948074274,0.0589418894640527,0.06382607428432575
TxPert_GAT,TxPert_Exphormer,RPE1,3,B2_Pointwise,20261001,20261001,4,88,88,0.7821961285905289,0.5782290162375402,0.06285843873788345,0.38888888888888884,0.051706988948074274,0.0589418894640527,0.06382607428432575
TxPert_GAT,TxPert_Exphormer,RPE1,3,B2_Pointwise,20261002,20261002,0,88,88,0.7527781118176988,0.5675213976260083,0.06444841274378693,0.38888888888888884,0.05177560939375742,0.05718155248961317,0.06469301655132062
TxPert_GAT,TxPert_Exphormer,RPE1,3,B2_Pointwise,20261002,20261002,1,88,88,0.7527781118176988,0.5675213976260083,0.06444841274378693,0.38888888888888884,0.05177560939375742,0.05718155248961317,0.06469301655132062
TxPert_GAT,TxPert_Exphormer,RPE1,3,B2_Pointwise,20261002,20261002,2,88,88,0.7527781118176988,0.5675213976260083,0.06444841274378693,0.38888888888888884,0.05177560939375742,0.05718155248961317,0.06469301655132062
TxPert_GAT,TxPert_Exphormer,RPE1,3,B2_Pointwise,20261002,20261002,3,88,88,0.7527781118176988,0.5675213976260083,0.06444841274378693,0.38888888888888884,0.05177560939375742,0.05718155248961317,0.06469301655132062
TxPert_GAT,TxPert_Exphormer,RPE1,3,B2_Pointwise,20261002,20261002,4,88,88,0.7527781118176988,0.5675213976260083,0.06444841274378693,0.38888888888888884,0.05177560939375742,0.05718155248961317,0.06469301655132062
TxPert_GAT,TxPert_Exphormer,RPE1,3,B2_Pointwise_ContentNull,20260930,20260930,0,88,88,0.5754432055118005,0.5075023775140011,0.06528848638324342,0.38888888888888884,0.06013075809917493,0.062126004733588584,0.06672273893206354
TxPert_GAT,TxPert_Exphormer,RPE1,3,B2_Pointwise_ContentNull,20260930,20260930,1,88,88,0.7033791170085713,0.5440104258391745,0.06598995170967895,0.33333333333333337,0.06630139702325562,0.06057708200953079,0.06316295350161756
TxPert_GAT,TxPert_Exphormer,RPE1,3,B2_Pointwise_ContentNull,20260930,20260930,2,88,88,0.6677369686191651,0.5066570392025643,0.06522007727728002,0.33333333333333337,0.06069469509012288,0.05856784731173925,0.06541183028311727
TxPert_GAT,TxPert_Exphormer,RPE1,3,B2_Pointwise_ContentNull,20260930,20260930,3,88,88,0.6796674315689569,0.5574125603184108,0.06529131084256107,0.2777777777777778,0.0644666854633936,0.06150791661529022,0.06388108340533778
TxPert_GAT,TxPert_Exphormer,RPE1,3,B2_Pointwise_ContentNull,20260930,20260930,4,88,88,0.7224033331704829,0.5213271811489557,0.06513448254366096,0.33333333333333337,0.057161927680044106,0.06125714636695498,0.06488483214082998
TxPert_GAT,TxPert_Exphormer,RPE1,3,B2_Pointwise_ContentNull,20261001,20261001,0,88,88,0.42984268202585696,0.5023599027860943,0.06536106276572214,0.5,0.05834698495626429,0.06120294260891853,0.06464797598383448
TxPert_GAT,TxPert_Exphormer,RPE1,3,B2_Pointwise_ContentNull,20261001,20261001,1,88,88,0.7141985548051527,0.5691064069599522,0.06437057366337898,0.38888888888888884,0.05597281077950259,0.063571657924798,0.06303211728019503
TxPert_GAT,TxPert_Exphormer,RPE1,3,B2_Pointwise_ContentNull,20261001,20261001,2,88,88,0.5567750073344884,0.5272797717586559,0.06489077349695214,0.38888888888888884,0.060694695090122895,0.058417307581141414,0.0644967800538099
TxPert_GAT,TxPert_Exphormer,RPE1,3,B2_Pointwise_ContentNull,20261001,20261001,3,88,88,0.7129175073577636,0.5892360255010392,0.06393669509537635,0.2777777777777778,0.05532769302221918,0.05836161742697669,0.062381161597770435
TxPert_GAT,TxPert_Exphormer,RPE1,3,B2_Pointwise_ContentNull,20261001,20261001,4,88,88,0.7097423102667928,0.5334965305906803,0.06377046857574595,0.38888888888888884,0.05797123987219975,0.05877566585763459,0.06506390774422663
TxPert_GAT,TxPert_Exphormer,RPE1,3,B2_Pointwise_ContentNull,20261002,20261002,0,88,88,0.6545575856024464,0.5137191363460252,0.06475289191564158,0.38888888888888884,0.05891832705112127,0.06190548225621098,0.0649094765684729
TxPert_GAT,TxPert_Exphormer,RPE1,3,B2_Pointwise_ContentNull,20261002,20261002,1,88,88,0.7285967347546377,0.555475326688035,0.06527443318823199,0.33333333333333337,0.058504890106258395,0.06250439029893841,0.06390628488704381
TxPert_GAT,TxPert_Exphormer,RPE1,3,B2_Pointwise_ContentNull,20261002,20261002,2,88,88,0.6405812356385707,0.5230354689866508,0.06443367547757335,0.38888888888888884,0.05910920074334417,0.056654809038624215,0.06544735501073003
TxPert_GAT,TxPert_Exphormer,RPE1,3,B2_Pointwise_ContentNull,20261002,20261002,3,88,88,0.6429004620199832,0.5244091437427355,0.06450975403312544,0.38888888888888884,0.05932741531023446,0.05901057179531904,0.064582497406337
TxPert_GAT,TxPert_Exphormer,RPE1,3,B2_Pointwise_ContentNull,20261002,20261002,4,88,88,0.31280519548225255,0.4755908562572647,0.06476701939590851,0.6111111111111112,0.057161927680044106,0.06162600743806715,0.06521760660712415
TxPert_GAT,TxPert_Exphormer,RPE1,3,Support_only,20260930,20260930,0,88,88,0.7344046827442798,0.5296091156655934,0.06477420923991596,0.2777777777777778,0.05765699095580761,0.06559264715496406,0.06452435028655615
TxPert_GAT,TxPert_Exphormer,RPE1,3,Support_only,20260930,20260930,1,88,88,0.7344046827442798,0.5296091156655934,0.06477420923991596,0.2777777777777778,0.05765699095580761,0.06559264715496406,0.06452435028655615
TxPert_GAT,TxPert_Exphormer,RPE1,3,Support_only,20260930,20260930,2,88,88,0.7344046827442798,0.5296091156655934,0.06477420923991596,0.2777777777777778,0.05765699095580761,0.06559264715496406,0.06452435028655615
TxPert_GAT,TxPert_Exphormer,RPE1,3,Support_only,20260930,20260930,3,88,88,0.7344046827442798,0.5296091156655934,0.06477420923991596,0.2777777777777778,0.05765699095580761,0.06559264715496406,0.06452435028655615
TxPert_GAT,TxPert_Exphormer,RPE1,3,Support_only,20260930,20260930,4,88,88,0.7344046827442798,0.5296091156655934,0.06477420923991596,0.2777777777777778,0.05765699095580761,0.06559264715496406,0.06452435028655615
TxPert_GAT,TxPert_Exphormer,RPE1,3,Support_only,20261001,20261001,0,88,88,0.7344046827442798,0.5296091156655934,0.06477420923991596,0.2777777777777778,0.05765699095580761,0.06559264715496406,0.06452435028655615
TxPert_GAT,TxPert_Exphormer,RPE1,3,Support_only,20261001,20261001,1,88,88,0.7344046827442798,0.5296091156655934,0.06477420923991596,0.2777777777777778,0.05765699095580761,0.06559264715496406,0.06452435028655615
TxPert_GAT,TxPert_Exphormer,RPE1,3,Support_only,20261001,20261001,2,88,88,0.7344046827442798,0.5296091156655934,0.06477420923991596,0.2777777777777778,0.05765699095580761,0.06559264715496406,0.06452435028655615
TxPert_GAT,TxPert_Exphormer,RPE1,3,Support_only,20261001,20261001,3,88,88,0.7344046827442798,0.5296091156655934,0.06477420923991596,0.2777777777777778,0.05765699095580761,0.06559264715496406,0.06452435028655615
TxPert_GAT,TxPert_Exphormer,RPE1,3,Support_only,20261001,20261001,4,88,88,0.7344046827442798,0.5296091156655934,0.06477420923991596,0.2777777777777778,0.05765699095580761,0.06559264715496406,0.06452435028655615
TxPert_GAT,TxPert_Exphormer,RPE1,3,Support_only,20261002,20261002,0,88,88,0.7344046827442798,0.5296091156655934,0.06477420923991596,0.2777777777777778,0.05765699095580761,0.06559264715496406,0.06452435028655615
TxPert_GAT,TxPert_Exphormer,RPE1,3,Support_only,20261002,20261002,1,88,88,0.7344046827442798,0.5296091156655934,0.06477420923991596,0.2777777777777778,0.05765699095580761,0.06559264715496406,0.06452435028655615
TxPert_GAT,TxPert_Exphormer,RPE1,3,Support_only,20261002,20261002,2,88,88,0.7344046827442798,0.5296091156655934,0.06477420923991596,0.2777777777777778,0.05765699095580761,0.06559264715496406,0.06452435028655615
TxPert_GAT,TxPert_Exphormer,RPE1,3,Support_only,20261002,20261002,3,88,88,0.7344046827442798,0.5296091156655934,0.06477420923991596,0.2777777777777778,0.05765699095580761,0.06559264715496406,0.06452435028655615
TxPert_GAT,TxPert_Exphormer,RPE1,3,Support_only,20261002,20261002,4,88,88,0.7344046827442798,0.5296091156655934,0.06477420923991596,0.2777777777777778,0.05765699095580761,0.06559264715496406,0.06452435028655615
TxPert_GAT,TxPert_Exphormer,RPE1,4,B1_HGB,20260930,20260930,0,81,81,0.5501507338223444,0.5815266485998193,0.06120864173223653,0.47058823529411764,0.04161819491116567,0.05111994922677589,0.066386087293249
TxPert_GAT,TxPert_Exphormer,RPE1,4,B1_HGB,20260930,20260930,1,81,81,0.5501507338223444,0.5815266485998193,0.06120864173223653,0.47058823529411764,0.04161819491116567,0.05111994922677589,0.066386087293249
TxPert_GAT,TxPert_Exphormer,RPE1,4,B1_HGB,20260930,20260930,2,81,81,0.5501507338223444,0.5815266485998193,0.06120864173223653,0.47058823529411764,0.04161819491116567,0.05111994922677589,0.066386087293249
TxPert_GAT,TxPert_Exphormer,RPE1,4,B1_HGB,20260930,20260930,3,81,81,0.5501507338223444,0.5815266485998193,0.06120864173223653,0.47058823529411764,0.04161819491116567,0.05111994922677589,0.066386087293249
TxPert_GAT,TxPert_Exphormer,RPE1,4,B1_HGB,20260930,20260930,4,81,81,0.5501507338223444,0.5815266485998193,0.06120864173223653,0.47058823529411764,0.04161819491116567,0.05111994922677589,0.066386087293249
TxPert_GAT,TxPert_Exphormer,RPE1,4,B1_HGB,20261001,20261001,0,81,81,0.5501507338223444,0.5815266485998193,0.06120864173223653,0.47058823529411764,0.04161819491116567,0.05111994922677589,0.066386087293249
TxPert_GAT,TxPert_Exphormer,RPE1,4,B1_HGB,20261001,20261001,1,81,81,0.5501507338223444,0.5815266485998193,0.06120864173223653,0.47058823529411764,0.04161819491116567,0.05111994922677589,0.066386087293249
TxPert_GAT,TxPert_Exphormer,RPE1,4,B1_HGB,20261001,20261001,2,81,81,0.5501507338223444,0.5815266485998193,0.06120864173223653,0.47058823529411764,0.04161819491116567,0.05111994922677589,0.066386087293249
TxPert_GAT,TxPert_Exphormer,RPE1,4,B1_HGB,20261001,20261001,3,81,81,0.5501507338223444,0.5815266485998193,0.06120864173223653,0.47058823529411764,0.04161819491116567,0.05111994922677589,0.066386087293249
TxPert_GAT,TxPert_Exphormer,RPE1,4,B1_HGB,20261001,20261001,4,81,81,0.5501507338223444,0.5815266485998193,0.06120864173223653,0.47058823529411764,0.04161819491116567,0.05111994922677589,0.066386087293249
TxPert_GAT,TxPert_Exphormer,RPE1,4,B1_HGB,20261002,20261002,0,81,81,0.5501507338223444,0.5815266485998193,0.06120864173223653,0.47058823529411764,0.04161819491116567,0.05111994922677589,0.066386087293249
TxPert_GAT,TxPert_Exphormer,RPE1,4,B1_HGB,20261002,20261002,1,81,81,0.5501507338223444,0.5815266485998193,0.06120864173223653,0.47058823529411764,0.04161819491116567,0.05111994922677589,0.066386087293249
TxPert_GAT,TxPert_Exphormer,RPE1,4,B1_HGB,20261002,20261002,2,81,81,0.5501507338223444,0.5815266485998193,0.06120864173223653,0.47058823529411764,0.04161819491116567,0.05111994922677589,0.066386087293249
TxPert_GAT,TxPert_Exphormer,RPE1,4,B1_HGB,20261002,20261002,3,81,81,0.5501507338223444,0.5815266485998193,0.06120864173223653,0.47058823529411764,0.04161819491116567,0.05111994922677589,0.066386087293249
TxPert_GAT,TxPert_Exphormer,RPE1,4,B1_HGB,20261002,20261002,4,81,81,0.5501507338223444,0.5815266485998193,0.06120864173223653,0.47058823529411764,0.04161819491116567,0.05111994922677589,0.066386087293249
TxPert_GAT,TxPert_Exphormer,RPE1,4,B1_HGB_ContentNull,20260930,20260930,0,81,81,0.5127365913914518,0.5674796747967479,0.06175549207928969,0.5294117647058824,0.04924591892811814,0.052564843507010676,0.06412672894625975
TxPert_GAT,TxPert_Exphormer,RPE1,4,B1_HGB_ContentNull,20260930,20260930,1,81,81,0.4824056903855112,0.5534552845528455,0.06191238419597173,0.6470588235294117,0.04576862999061235,0.05018990034635646,0.06628767391408347
TxPert_GAT,TxPert_Exphormer,RPE1,4,B1_HGB_ContentNull,20260930,20260930,2,81,81,0.4495937719272872,0.5564137308039747,0.0623171360155142,0.5882352941176471,0.044178757460585895,0.057566816328159756,0.06402911193857386
TxPert_GAT,TxPert_Exphormer,RPE1,4,B1_HGB_ContentNull,20260930,20260930,3,81,81,0.45767829891437817,0.5211156278229448,0.06335266094901104,0.5294117647058824,0.05341455382665353,0.05824525192108558,0.06657373917568503
TxPert_GAT,TxPert_Exphormer,RPE1,4,B1_HGB_ContentNull,20260930,20260930,4,81,81,0.44708416164276965,0.6309394760614273,0.060998756918566585,0.5882352941176471,0.04289672143011864,0.04806517701134593,0.06221097177655953
TxPert_GAT,TxPert_Exphormer,RPE1,4,B1_HGB_ContentNull,20261001,20261001,0,81,81,0.5127365913914518,0.5674796747967479,0.06175549207928969,0.5294117647058824,0.04924591892811814,0.052564843507010676,0.06412672894625975
TxPert_GAT,TxPert_Exphormer,RPE1,4,B1_HGB_ContentNull,20261001,20261001,1,81,81,0.4824056903855112,0.5534552845528455,0.06191238419597173,0.6470588235294117,0.04576862999061235,0.05018990034635646,0.06628767391408347
TxPert_GAT,TxPert_Exphormer,RPE1,4,B1_HGB_ContentNull,20261001,20261001,2,81,81,0.4495937719272872,0.5564137308039747,0.0623171360155142,0.5882352941176471,0.044178757460585895,0.057566816328159756,0.06402911193857386
TxPert_GAT,TxPert_Exphormer,RPE1,4,B1_HGB_ContentNull,20261001,20261001,3,81,81,0.45767829891437817,0.5211156278229448,0.06335266094901104,0.5294117647058824,0.05341455382665353,0.05824525192108558,0.06657373917568503
TxPert_GAT,TxPert_Exphormer,RPE1,4,B1_HGB_ContentNull,20261001,20261001,4,81,81,0.44708416164276965,0.6309394760614273,0.060998756918566585,0.5882352941176471,0.04289672143011864,0.04806517701134593,0.06221097177655953
TxPert_GAT,TxPert_Exphormer,RPE1,4,B1_HGB_ContentNull,20261002,20261002,0,81,81,0.5127365913914518,0.5674796747967479,0.06175549207928969,0.5294117647058824,0.04924591892811814,0.052564843507010676,0.06412672894625975
TxPert_GAT,TxPert_Exphormer,RPE1,4,B1_HGB_ContentNull,20261002,20261002,1,81,81,0.4824056903855112,0.5534552845528455,0.06191238419597173,0.6470588235294117,0.04576862999061235,0.05018990034635646,0.06628767391408347
TxPert_GAT,TxPert_Exphormer,RPE1,4,B1_HGB_ContentNull,20261002,20261002,2,81,81,0.4495937719272872,0.5564137308039747,0.0623171360155142,0.5882352941176471,0.044178757460585895,0.057566816328159756,0.06402911193857386
TxPert_GAT,TxPert_Exphormer,RPE1,4,B1_HGB_ContentNull,20261002,20261002,3,81,81,0.45767829891437817,0.5211156278229448,0.06335266094901104,0.5294117647058824,0.05341455382665353,0.05824525192108558,0.06657373917568503
TxPert_GAT,TxPert_Exphormer,RPE1,4,B1_HGB_ContentNull,20261002,20261002,4,81,81,0.44708416164276965,0.6309394760614273,0.060998756918566585,0.5882352941176471,0.04289672143011864,0.04806517701134593,0.06221097177655953
TxPert_GAT,TxPert_Exphormer,RPE1,4,B2_Pointwise,20260930,20260930,0,81,81,0.5219047665376277,0.6096657633243,0.060492729187306214,0.5294117647058824,0.035953127197600944,0.04999208775159201,0.06472151496584229
TxPert_GAT,TxPert_Exphormer,RPE1,4,B2_Pointwise,20260930,20260930,1,81,81,0.5219047665376277,0.6096657633243,0.060492729187306214,0.5294117647058824,0.035953127197600944,0.04999208775159201,0.06472151496584229
TxPert_GAT,TxPert_Exphormer,RPE1,4,B2_Pointwise,20260930,20260930,2,81,81,0.5219047665376277,0.6096657633243,0.060492729187306214,0.5294117647058824,0.035953127197600944,0.04999208775159201,0.06472151496584229
TxPert_GAT,TxPert_Exphormer,RPE1,4,B2_Pointwise,20260930,20260930,3,81,81,0.5219047665376277,0.6096657633243,0.060492729187306214,0.5294117647058824,0.035953127197600944,0.04999208775159201,0.06472151496584229
TxPert_GAT,TxPert_Exphormer,RPE1,4,B2_Pointwise,20260930,20260930,4,81,81,0.5219047665376277,0.6096657633243,0.060492729187306214,0.5294117647058824,0.035953127197600944,0.04999208775159201,0.06472151496584229
TxPert_GAT,TxPert_Exphormer,RPE1,4,B2_Pointwise,20261001,20261001,0,81,81,0.5604660826907666,0.6555781391147244,0.059444857673473385,0.5294117647058824,0.03658987131575012,0.04387734263685935,0.06301361473390377
TxPert_GAT,TxPert_Exphormer,RPE1,4,B2_Pointwise,20261001,20261001,1,81,81,0.5604660826907666,0.6555781391147244,0.059444857673473385,0.5294117647058824,0.03658987131575012,0.04387734263685935,0.06301361473390377
TxPert_GAT,TxPert_Exphormer,RPE1,4,B2_Pointwise,20261001,20261001,2,81,81,0.5604660826907666,0.6555781391147244,0.059444857673473385,0.5294117647058824,0.03658987131575012,0.04387734263685935,0.06301361473390377
TxPert_GAT,TxPert_Exphormer,RPE1,4,B2_Pointwise,20261001,20261001,3,81,81,0.5604660826907666,0.6555781391147244,0.059444857673473385,0.5294117647058824,0.03658987131575012,0.04387734263685935,0.06301361473390377
TxPert_GAT,TxPert_Exphormer,RPE1,4,B2_Pointwise,20261001,20261001,4,81,81,0.5604660826907666,0.6555781391147244,0.059444857673473385,0.5294117647058824,0.03658987131575012,0.04387734263685935,0.06301361473390377
TxPert_GAT,TxPert_Exphormer,RPE1,4,B2_Pointwise,20261002,20261002,0,81,81,0.6594384727057965,0.6396793134598012,0.05931575889405689,0.47058823529411764,0.03970132565323162,0.04943012819925788,0.0633669026760569
TxPert_GAT,TxPert_Exphormer,RPE1,4,B2_Pointwise,20261002,20261002,1,81,81,0.6594384727057965,0.6396793134598012,0.05931575889405689,0.47058823529411764,0.03970132565323162,0.04943012819925788,0.0633669026760569
TxPert_GAT,TxPert_Exphormer,RPE1,4,B2_Pointwise,20261002,20261002,2,81,81,0.6594384727057965,0.6396793134598012,0.05931575889405689,0.47058823529411764,0.03970132565323162,0.04943012819925788,0.0633669026760569
TxPert_GAT,TxPert_Exphormer,RPE1,4,B2_Pointwise,20261002,20261002,3,81,81,0.6594384727057965,0.6396793134598012,0.05931575889405689,0.47058823529411764,0.03970132565323162,0.04943012819925788,0.0633669026760569
TxPert_GAT,TxPert_Exphormer,RPE1,4,B2_Pointwise,20261002,20261002,4,81,81,0.6594384727057965,0.6396793134598012,0.05931575889405689,0.47058823529411764,0.03970132565323162,0.04943012819925788,0.0633669026760569
TxPert_GAT,TxPert_Exphormer,RPE1,4,B2_Pointwise_ContentNull,20260930,20260930,0,81,81,0.5144096324038069,0.5933378500451671,0.060245743232697074,0.5294117647058824,0.045131885872463175,0.04721255141591277,0.06491390624224981
TxPert_GAT,TxPert_Exphormer,RPE1,4,B2_Pointwise_ContentNull,20260930,20260930,1,81,81,0.3614532861166044,0.5027326106594399,0.06372581669575088,0.5882352941176471,0.04788824799361366,0.05985959305521207,0.06560700229211418
TxPert_GAT,TxPert_Exphormer,RPE1,4,B2_Pointwise_ContentNull,20260930,20260930,2,81,81,0.45928517280787673,0.4903794037940379,0.06340641369422538,0.5882352941176471,0.04576862999061235,0.06113399897835331,0.06508720391650849
TxPert_GAT,TxPert_Exphormer,RPE1,4,B2_Pointwise_ContentNull,20260930,20260930,3,81,81,0.5426520317506267,0.5752032520325203,0.06206804036173564,0.47058823529411764,0.04770375570736529,0.052008065719395445,0.06255456977716192
TxPert_GAT,TxPert_Exphormer,RPE1,4,B2_Pointwise_ContentNull,20260930,20260930,4,81,81,0.3370191777883728,0.5687895212285456,0.0609627316416225,0.6470588235294117,0.04891357329966979,0.04956232630026776,0.06482250099530691
TxPert_GAT,TxPert_Exphormer,RPE1,4,B2_Pointwise_ContentNull,20261001,20261001,0,81,81,0.49410538905559975,0.5392953929539295,0.062311494617592465,0.5882352941176471,0.04947665631119012,0.05378222486604117,0.06507163426570196
TxPert_GAT,TxPert_Exphormer,RPE1,4,B2_Pointwise_ContentNull,20261001,20261001,1,81,81,0.45993574827601497,0.48821138211382115,0.06338881157287898,0.5882352941176471,0.04700909305703424,0.056022622084801174,0.06671590812532757
TxPert_GAT,TxPert_Exphormer,RPE1,4,B2_Pointwise_ContentNull,20261001,20261001,2,81,81,0.4985201311895156,0.48525293586269197,0.06361946684799932,0.5294117647058824,0.04576862999061235,0.060839683888186065,0.06430045196792337
TxPert_GAT,TxPert_Exphormer,RPE1,4,B2_Pointwise_ContentNull,20261001,20261001,3,81,81,0.4272157808690767,0.6039972899728997,0.06075414019927899,0.5882352941176471,0.05306400837911648,0.05281448385680393,0.06179087837224271
TxPert_GAT,TxPert_Exphormer,RPE1,4,B2_Pointwise_ContentNull,20261001,20261001,4,81,81,0.479574454268779,0.587669376693767,0.06064932228460641,0.5882352941176471,0.045131885872463175,0.05021261109141519,0.06427623228057094
TxPert_GAT,TxPert_Exphormer,RPE1,4,B2_Pointwise_ContentNull,20261002,20261002,0,81,81,0.5076881308059263,0.5776196928635954,0.06102085821326305,0.5882352941176471,0.04407976647724269,0.053757930028730735,0.0646386975687351
TxPert_GAT,TxPert_Exphormer,RPE1,4,B2_Pointwise_ContentNull,20261002,20261002,1,81,81,0.42209481927277315,0.4937217705510389,0.06458261179327231,0.5294117647058824,0.05092780649369917,0.06302876618803542,0.06591165698930838
TxPert_GAT,TxPert_Exphormer,RPE1,4,B2_Pointwise_ContentNull,20261002,20261002,2,81,81,0.42669464910498056,0.48163956639566397,0.06389969840981337,0.5294117647058824,0.04576862999061235,0.0640207955780605,0.06400543160582232
TxPert_GAT,TxPert_Exphormer,RPE1,4,B2_Pointwise_ContentNull,20261002,20261002,3,81,81,0.5286482134880242,0.6044941282746161,0.06019528263265732,0.47058823529411764,0.04786413056518704,0.04979518743692646,0.06381980661034345
TxPert_GAT,TxPert_Exphormer,RPE1,4,B2_Pointwise_ContentNull,20261002,20261002,4,81,81,0.36421661755578466,0.5890695573622402,0.061113730477426194,0.6470588235294117,0.04747507347119359,0.05208617733746013,0.06353824315291368
TxPert_GAT,TxPert_Exphormer,RPE1,4,Support_only,20260930,20260930,0,81,81,0.4705197170092061,0.5402213188798555,0.06184775630527422,0.5294117647058824,0.04940361712520215,0.05788192467656994,0.06385147549965543
TxPert_GAT,TxPert_Exphormer,RPE1,4,Support_only,20260930,20260930,1,81,81,0.4705197170092061,0.5402213188798555,0.06184775630527422,0.5294117647058824,0.04940361712520215,0.05788192467656994,0.06385147549965543
TxPert_GAT,TxPert_Exphormer,RPE1,4,Support_only,20260930,20260930,2,81,81,0.4705197170092061,0.5402213188798555,0.06184775630527422,0.5294117647058824,0.04940361712520215,0.05788192467656994,0.06385147549965543
TxPert_GAT,TxPert_Exphormer,RPE1,4,Support_only,20260930,20260930,3,81,81,0.4705197170092061,0.5402213188798555,0.06184775630527422,0.5294117647058824,0.04940361712520215,0.05788192467656994,0.06385147549965543
TxPert_GAT,TxPert_Exphormer,RPE1,4,Support_only,20260930,20260930,4,81,81,0.4705197170092061,0.5402213188798555,0.06184775630527422,0.5294117647058824,0.04940361712520215,0.05788192467656994,0.06385147549965543
TxPert_GAT,TxPert_Exphormer,RPE1,4,Support_only,20261001,20261001,0,81,81,0.4705197170092061,0.5402213188798555,0.06184775630527422,0.5294117647058824,0.04940361712520215,0.05788192467656994,0.06385147549965543
TxPert_GAT,TxPert_Exphormer,RPE1,4,Support_only,20261001,20261001,1,81,81,0.4705197170092061,0.5402213188798555,0.06184775630527422,0.5294117647058824,0.04940361712520215,0.05788192467656994,0.06385147549965543
TxPert_GAT,TxPert_Exphormer,RPE1,4,Support_only,20261001,20261001,2,81,81,0.4705197170092061,0.5402213188798555,0.06184775630527422,0.5294117647058824,0.04940361712520215,0.05788192467656994,0.06385147549965543
TxPert_GAT,TxPert_Exphormer,RPE1,4,Support_only,20261001,20261001,3,81,81,0.4705197170092061,0.5402213188798555,0.06184775630527422,0.5294117647058824,0.04940361712520215,0.05788192467656994,0.06385147549965543
TxPert_GAT,TxPert_Exphormer,RPE1,4,Support_only,20261001,20261001,4,81,81,0.4705197170092061,0.5402213188798555,0.06184775630527422,0.5294117647058824,0.04940361712520215,0.05788192467656994,0.06385147549965543
TxPert_GAT,TxPert_Exphormer,RPE1,4,Support_only,20261002,20261002,0,81,81,0.4705197170092061,0.5402213188798555,0.06184775630527422,0.5294117647058824,0.04940361712520215,0.05788192467656994,0.06385147549965543
TxPert_GAT,TxPert_Exphormer,RPE1,4,Support_only,20261002,20261002,1,81,81,0.4705197170092061,0.5402213188798555,0.06184775630527422,0.5294117647058824,0.04940361712520215,0.05788192467656994,0.06385147549965543
TxPert_GAT,TxPert_Exphormer,RPE1,4,Support_only,20261002,20261002,2,81,81,0.4705197170092061,0.5402213188798555,0.06184775630527422,0.5294117647058824,0.04940361712520215,0.05788192467656994,0.06385147549965543
TxPert_GAT,TxPert_Exphormer,RPE1,4,Support_only,20261002,20261002,3,81,81,0.4705197170092061,0.5402213188798555,0.06184775630527422,0.5294117647058824,0.04940361712520215,0.05788192467656994,0.06385147549965543
TxPert_GAT,TxPert_Exphormer,RPE1,4,Support_only,20261002,20261002,4,81,81,0.4705197170092061,0.5402213188798555,0.06184775630527422,0.5294117647058824,0.04940361712520215,0.05788192467656994,0.06385147549965543
TxPert_GAT,TxPert_Exphormer,hepg2,0,B1_HGB,20260930,20260930,0,87,87,0.7687689424737374,0.8168149012174672,0.04193648772680242,0.33333333333333337,0.034569190867116,0.03445646673974511,0.04243650313399632
TxPert_GAT,TxPert_Exphormer,hepg2,0,B1_HGB,20260930,20260930,1,87,87,0.7687689424737374,0.8168149012174672,0.04193648772680242,0.33333333333333337,0.034569190867116,0.03445646673974511,0.04243650313399632
TxPert_GAT,TxPert_Exphormer,hepg2,0,B1_HGB,20260930,20260930,2,87,87,0.7687689424737374,0.8168149012174672,0.04193648772680242,0.33333333333333337,0.034569190867116,0.03445646673974511,0.04243650313399632
TxPert_GAT,TxPert_Exphormer,hepg2,0,B1_HGB,20260930,20260930,3,87,87,0.7687689424737374,0.8168149012174672,0.04193648772680242,0.33333333333333337,0.034569190867116,0.03445646673974511,0.04243650313399632
TxPert_GAT,TxPert_Exphormer,hepg2,0,B1_HGB,20260930,20260930,4,87,87,0.7687689424737374,0.8168149012174672,0.04193648772680242,0.33333333333333337,0.034569190867116,0.03445646673974511,0.04243650313399632
TxPert_GAT,TxPert_Exphormer,hepg2,0,B1_HGB,20261001,20261001,0,87,87,0.7687689424737374,0.8168149012174672,0.04193648772680242,0.33333333333333337,0.034569190867116,0.03445646673974511,0.04243650313399632
TxPert_GAT,TxPert_Exphormer,hepg2,0,B1_HGB,20261001,20261001,1,87,87,0.7687689424737374,0.8168149012174672,0.04193648772680242,0.33333333333333337,0.034569190867116,0.03445646673974511,0.04243650313399632
TxPert_GAT,TxPert_Exphormer,hepg2,0,B1_HGB,20261001,20261001,2,87,87,0.7687689424737374,0.8168149012174672,0.04193648772680242,0.33333333333333337,0.034569190867116,0.03445646673974511,0.04243650313399632
TxPert_GAT,TxPert_Exphormer,hepg2,0,B1_HGB,20261001,20261001,3,87,87,0.7687689424737374,0.8168149012174672,0.04193648772680242,0.33333333333333337,0.034569190867116,0.03445646673974511,0.04243650313399632
TxPert_GAT,TxPert_Exphormer,hepg2,0,B1_HGB,20261001,20261001,4,87,87,0.7687689424737374,0.8168149012174672,0.04193648772680242,0.33333333333333337,0.034569190867116,0.03445646673974511,0.04243650313399632
TxPert_GAT,TxPert_Exphormer,hepg2,0,B1_HGB,20261002,20261002,0,87,87,0.7687689424737374,0.8168149012174672,0.04193648772680242,0.33333333333333337,0.034569190867116,0.03445646673974511,0.04243650313399632
TxPert_GAT,TxPert_Exphormer,hepg2,0,B1_HGB,20261002,20261002,1,87,87,0.7687689424737374,0.8168149012174672,0.04193648772680242,0.33333333333333337,0.034569190867116,0.03445646673974511,0.04243650313399632
TxPert_GAT,TxPert_Exphormer,hepg2,0,B1_HGB,20261002,20261002,2,87,87,0.7687689424737374,0.8168149012174672,0.04193648772680242,0.33333333333333337,0.034569190867116,0.03445646673974511,0.04243650313399632
TxPert_GAT,TxPert_Exphormer,hepg2,0,B1_HGB,20261002,20261002,3,87,87,0.7687689424737374,0.8168149012174672,0.04193648772680242,0.33333333333333337,0.034569190867116,0.03445646673974511,0.04243650313399632
TxPert_GAT,TxPert_Exphormer,hepg2,0,B1_HGB,20261002,20261002,4,87,87,0.7687689424737374,0.8168149012174672,0.04193648772680242,0.33333333333333337,0.034569190867116,0.03445646673974511,0.04243650313399632
TxPert_GAT,TxPert_Exphormer,hepg2,0,B1_HGB_ContentNull,20260930,20260930,0,87,87,0.7640744482333973,0.7822774659182036,0.04205764561033965,0.33333333333333337,0.03263680664608459,0.034568508255282994,0.04262639247884415
TxPert_GAT,TxPert_Exphormer,hepg2,0,B1_HGB_ContentNull,20260930,20260930,1,87,87,0.674553496693897,0.7775023693227381,0.04205466686433388,0.4444444444444444,0.033651208256591826,0.03398047447260442,0.04300940516289639
TxPert_GAT,TxPert_Exphormer,hepg2,0,B1_HGB_ContentNull,20260930,20260930,2,87,87,0.7905949488294587,0.771342130203397,0.04232052470345806,0.33333333333333337,0.034782784691041985,0.03459624602192767,0.04282398417943379
TxPert_GAT,TxPert_Exphormer,hepg2,0,B1_HGB_ContentNull,20260930,20260930,3,87,87,0.700202673761443,0.8066814901217466,0.04194850933277414,0.38888888888888884,0.032417042887707734,0.03399423513583302,0.041965728197171565
TxPert_GAT,TxPert_Exphormer,hepg2,0,B1_HGB_ContentNull,20260930,20260930,4,87,87,0.6745534966938965,0.8120762557410511,0.04154880018117196,0.4444444444444444,0.0316259241886304,0.035696365805764345,0.04179622662621043
TxPert_GAT,TxPert_Exphormer,hepg2,0,B1_HGB_ContentNull,20261001,20261001,0,87,87,0.7640744482333973,0.7822774659182036,0.04205764561033965,0.33333333333333337,0.03263680664608459,0.034568508255282994,0.04262639247884415
TxPert_GAT,TxPert_Exphormer,hepg2,0,B1_HGB_ContentNull,20261001,20261001,1,87,87,0.674553496693897,0.7775023693227381,0.04205466686433388,0.4444444444444444,0.033651208256591826,0.03398047447260442,0.04300940516289639
TxPert_GAT,TxPert_Exphormer,hepg2,0,B1_HGB_ContentNull,20261001,20261001,2,87,87,0.7905949488294587,0.771342130203397,0.04232052470345806,0.33333333333333337,0.034782784691041985,0.03459624602192767,0.04282398417943379
TxPert_GAT,TxPert_Exphormer,hepg2,0,B1_HGB_ContentNull,20261001,20261001,3,87,87,0.700202673761443,0.8066814901217466,0.04194850933277414,0.38888888888888884,0.032417042887707734,0.03399423513583302,0.041965728197171565
TxPert_GAT,TxPert_Exphormer,hepg2,0,B1_HGB_ContentNull,20261001,20261001,4,87,87,0.6745534966938965,0.8120762557410511,0.04154880018117196,0.4444444444444444,0.0316259241886304,0.035696365805764345,0.04179622662621043
TxPert_GAT,TxPert_Exphormer,hepg2,0,B1_HGB_ContentNull,20261002,20261002,0,87,87,0.7640744482333973,0.7822774659182036,0.04205764561033965,0.33333333333333337,0.03263680664608459,0.034568508255282994,0.04262639247884415
TxPert_GAT,TxPert_Exphormer,hepg2,0,B1_HGB_ContentNull,20261002,20261002,1,87,87,0.674553496693897,0.7775023693227381,0.04205466686433388,0.4444444444444444,0.033651208256591826,0.03398047447260442,0.04300940516289639
TxPert_GAT,TxPert_Exphormer,hepg2,0,B1_HGB_ContentNull,20261002,20261002,2,87,87,0.7905949488294587,0.771342130203397,0.04232052470345806,0.33333333333333337,0.034782784691041985,0.03459624602192767,0.04282398417943379
TxPert_GAT,TxPert_Exphormer,hepg2,0,B1_HGB_ContentNull,20261002,20261002,3,87,87,0.700202673761443,0.8066814901217466,0.04194850933277414,0.38888888888888884,0.032417042887707734,0.03399423513583302,0.041965728197171565
TxPert_GAT,TxPert_Exphormer,hepg2,0,B1_HGB_ContentNull,20261002,20261002,4,87,87,0.6745534966938965,0.8120762557410511,0.04154880018117196,0.4444444444444444,0.0316259241886304,0.035696365805764345,0.04179622662621043
TxPert_GAT,TxPert_Exphormer,hepg2,0,B2_Pointwise,20260930,20260930,0,87,87,0.7402461480172855,0.7843734052635415,0.042675694964324364,0.38888888888888884,0.03303869006141725,0.03697633869262641,0.04183483260722476
TxPert_GAT,TxPert_Exphormer,hepg2,0,B2_Pointwise,20260930,20260930,1,87,87,0.7402461480172855,0.7843734052635415,0.042675694964324364,0.38888888888888884,0.03303869006141725,0.03697633869262641,0.04183483260722476
TxPert_GAT,TxPert_Exphormer,hepg2,0,B2_Pointwise,20260930,20260930,2,87,87,0.7402461480172855,0.7843734052635415,0.042675694964324364,0.38888888888888884,0.03303869006141725,0.03697633869262641,0.04183483260722476
TxPert_GAT,TxPert_Exphormer,hepg2,0,B2_Pointwise,20260930,20260930,3,87,87,0.7402461480172855,0.7843734052635415,0.042675694964324364,0.38888888888888884,0.03303869006141725,0.03697633869262641,0.04183483260722476
TxPert_GAT,TxPert_Exphormer,hepg2,0,B2_Pointwise,20260930,20260930,4,87,87,0.7402461480172855,0.7843734052635415,0.042675694964324364,0.38888888888888884,0.03303869006141725,0.03697633869262641,0.04183483260722476
TxPert_GAT,TxPert_Exphormer,hepg2,0,B2_Pointwise,20261001,20261001,0,87,87,0.701981907197602,0.8105817598600276,0.041974221847481785,0.4444444444444444,0.03227684947343211,0.0349601277727706,0.0407995696335457
TxPert_GAT,TxPert_Exphormer,hepg2,0,B2_Pointwise,20261001,20261001,1,87,87,0.701981907197602,0.8105817598600276,0.041974221847481785,0.4444444444444444,0.03227684947343211,0.0349601277727706,0.0407995696335457
TxPert_GAT,TxPert_Exphormer,hepg2,0,B2_Pointwise,20261001,20261001,2,87,87,0.701981907197602,0.8105817598600276,0.041974221847481785,0.4444444444444444,0.03227684947343211,0.0349601277727706,0.0407995696335457
TxPert_GAT,TxPert_Exphormer,hepg2,0,B2_Pointwise,20261001,20261001,3,87,87,0.701981907197602,0.8105817598600276,0.041974221847481785,0.4444444444444444,0.03227684947343211,0.0349601277727706,0.0407995696335457
TxPert_GAT,TxPert_Exphormer,hepg2,0,B2_Pointwise,20261001,20261001,4,87,87,0.701981907197602,0.8105817598600276,0.041974221847481785,0.4444444444444444,0.03227684947343211,0.0349601277727706,0.0407995696335457
TxPert_GAT,TxPert_Exphormer,hepg2,0,B2_Pointwise,20261002,20261002,0,87,87,0.7321613381500937,0.8209885543486185,0.04166048232287987,0.38888888888888884,0.03396984519732764,0.034666528348192345,0.04152326074380444
TxPert_GAT,TxPert_Exphormer,hepg2,0,B2_Pointwise,20261002,20261002,1,87,87,0.7321613381500937,0.8209885543486185,0.04166048232287987,0.38888888888888884,0.03396984519732764,0.034666528348192345,0.04152326074380444
TxPert_GAT,TxPert_Exphormer,hepg2,0,B2_Pointwise,20261002,20261002,2,87,87,0.7321613381500937,0.8209885543486185,0.04166048232287987,0.38888888888888884,0.03396984519732764,0.034666528348192345,0.04152326074380444
TxPert_GAT,TxPert_Exphormer,hepg2,0,B2_Pointwise,20261002,20261002,3,87,87,0.7321613381500937,0.8209885543486185,0.04166048232287987,0.38888888888888884,0.03396984519732764,0.034666528348192345,0.04152326074380444
TxPert_GAT,TxPert_Exphormer,hepg2,0,B2_Pointwise,20261002,20261002,4,87,87,0.7321613381500937,0.8209885543486185,0.04166048232287987,0.38888888888888884,0.03396984519732764,0.034666528348192345,0.04152326074380444
TxPert_GAT,TxPert_Exphormer,hepg2,0,B2_Pointwise_ContentNull,20260930,20260930,0,87,87,0.700202673761443,0.7915542757162644,0.04214696629970084,0.38888888888888884,0.032414605814586904,0.03349458251219464,0.04236666203999844
TxPert_GAT,TxPert_Exphormer,hepg2,0,B2_Pointwise_ContentNull,20260930,20260930,1,87,87,0.6745534966938965,0.8101443464314353,0.041608778125526644,0.4444444444444444,0.03199262674330952,0.03330378354839277,0.04186188977611519
TxPert_GAT,TxPert_Exphormer,hepg2,0,B2_Pointwise_ContentNull,20260930,20260930,2,87,87,0.7339067621626404,0.7750965954654807,0.04241746868935072,0.38888888888888884,0.032940388659540985,0.0346257455239269,0.04231466891460972
TxPert_GAT,TxPert_Exphormer,hepg2,0,B2_Pointwise_ContentNull,20260930,20260930,3,87,87,0.6745534966938965,0.7936502150616023,0.041847588427704176,0.4444444444444444,0.032591454646822275,0.032940645131610685,0.04188538050550051
TxPert_GAT,TxPert_Exphormer,hepg2,0,B2_Pointwise_ContentNull,20260930,20260930,4,87,87,0.6745534966938965,0.7762574554349708,0.04246349626205242,0.4444444444444444,0.03362250192598233,0.03754662146965517,0.04297027198666597
TxPert_GAT,TxPert_Exphormer,hepg2,0,B2_Pointwise_ContentNull,20261001,20261001,0,87,87,0.7002026737614425,0.7841035945604947,0.042543636328778965,0.38888888888888884,0.03303869006141724,0.035564320252854664,0.0425764236097246
TxPert_GAT,TxPert_Exphormer,hepg2,0,B2_Pointwise_ContentNull,20261001,20261001,1,87,87,0.6745534966938965,0.7982977327403951,0.04167270119586149,0.4444444444444444,0.03200306902692107,0.033083874305863285,0.042391426077236234
TxPert_GAT,TxPert_Exphormer,hepg2,0,B2_Pointwise_ContentNull,20261001,20261001,2,87,87,0.7339067621626404,0.7571261937741487,0.042724383009235194,0.38888888888888884,0.034087879395862525,0.034886585864150964,0.04288356844146186
TxPert_GAT,TxPert_Exphormer,hepg2,0,B2_Pointwise_ContentNull,20261001,20261001,3,87,87,0.6745534966938965,0.8057921092164146,0.04174885542153356,0.4444444444444444,0.030822348565688464,0.03280076912021525,0.0420852955334336
TxPert_GAT,TxPert_Exphormer,hepg2,0,B2_Pointwise_ContentNull,20261001,20261001,4,87,87,0.674553496693897,0.7908379694893707,0.041893328723965895,0.4444444444444444,0.03270870858763539,0.03483714299954829,0.04272803412561126
TxPert_GAT,TxPert_Exphormer,hepg2,0,B2_Pointwise_ContentNull,20261002,20261002,0,87,87,0.7002026737614425,0.7982649188358307,0.042108804790492456,0.38888888888888884,0.032636806646084586,0.033566769230845284,0.04290454577393947
TxPert_GAT,TxPert_Exphormer,hepg2,0,B2_Pointwise_ContentNull,20261002,20261002,1,87,87,0.6745534966938965,0.7870343369541444,0.04179645911991334,0.4444444444444444,0.03182242339988244,0.03404240455842688,0.04267962215131807
TxPert_GAT,TxPert_Exphormer,hepg2,0,B2_Pointwise_ContentNull,20261002,20261002,2,87,87,0.7147491521534224,0.7505649923452649,0.0429834614160021,0.38888888888888884,0.034633384383436515,0.0346257455239269,0.04296350119873962
TxPert_GAT,TxPert_Exphormer,hepg2,0,B2_Pointwise_ContentNull,20261002,20261002,3,87,87,0.674553496693897,0.8002515138757427,0.0418424544583805,0.4444444444444444,0.03112445654922768,0.03280076912021524,0.041510312968317434
TxPert_GAT,TxPert_Exphormer,hepg2,0,B2_Pointwise_ContentNull,20261002,20261002,4,87,87,0.674553496693897,0.7997557775023693,0.0420761122457394,0.4444444444444444,0.03206998924075048,0.03438642536332292,0.04179474055456259
TxPert_GAT,TxPert_Exphormer,hepg2,0,Support_only,20260930,20260930,0,87,87,0.674553496693897,0.7824395134056147,0.04227073656467214,0.4444444444444444,0.03303869006141725,0.0338746948633036,0.04252832047534026
TxPert_GAT,TxPert_Exphormer,hepg2,0,Support_only,20260930,20260930,1,87,87,0.674553496693897,0.7824395134056147,0.04227073656467214,0.4444444444444444,0.03303869006141725,0.0338746948633036,0.04252832047534026
TxPert_GAT,TxPert_Exphormer,hepg2,0,Support_only,20260930,20260930,2,87,87,0.674553496693897,0.7824395134056147,0.04227073656467214,0.4444444444444444,0.03303869006141725,0.0338746948633036,0.04252832047534026
TxPert_GAT,TxPert_Exphormer,hepg2,0,Support_only,20260930,20260930,3,87,87,0.674553496693897,0.7824395134056147,0.04227073656467214,0.4444444444444444,0.03303869006141725,0.0338746948633036,0.04252832047534026
TxPert_GAT,TxPert_Exphormer,hepg2,0,Support_only,20260930,20260930,4,87,87,0.674553496693897,0.7824395134056147,0.04227073656467214,0.4444444444444444,0.03303869006141725,0.0338746948633036,0.04252832047534026
TxPert_GAT,TxPert_Exphormer,hepg2,0,Support_only,20261001,20261001,0,87,87,0.674553496693897,0.7824395134056147,0.04227073656467214,0.4444444444444444,0.03303869006141725,0.0338746948633036,0.04252832047534026
TxPert_GAT,TxPert_Exphormer,hepg2,0,Support_only,20261001,20261001,1,87,87,0.674553496693897,0.7824395134056147,0.04227073656467214,0.4444444444444444,0.03303869006141725,0.0338746948633036,0.04252832047534026
TxPert_GAT,TxPert_Exphormer,hepg2,0,Support_only,20261001,20261001,2,87,87,0.674553496693897,0.7824395134056147,0.04227073656467214,0.4444444444444444,0.03303869006141725,0.0338746948633036,0.04252832047534026
TxPert_GAT,TxPert_Exphormer,hepg2,0,Support_only,20261001,20261001,3,87,87,0.674553496693897,0.7824395134056147,0.04227073656467214,0.4444444444444444,0.03303869006141725,0.0338746948633036,0.04252832047534026
TxPert_GAT,TxPert_Exphormer,hepg2,0,Support_only,20261001,20261001,4,87,87,0.674553496693897,0.7824395134056147,0.04227073656467214,0.4444444444444444,0.03303869006141725,0.0338746948633036,0.04252832047534026
TxPert_GAT,TxPert_Exphormer,hepg2,0,Support_only,20261002,20261002,0,87,87,0.674553496693897,0.7824395134056147,0.04227073656467214,0.4444444444444444,0.03303869006141725,0.0338746948633036,0.04252832047534026
TxPert_GAT,TxPert_Exphormer,hepg2,0,Support_only,20261002,20261002,1,87,87,0.674553496693897,0.7824395134056147,0.04227073656467214,0.4444444444444444,0.03303869006141725,0.0338746948633036,0.04252832047534026
TxPert_GAT,TxPert_Exphormer,hepg2,0,Support_only,20261002,20261002,2,87,87,0.674553496693897,0.7824395134056147,0.04227073656467214,0.4444444444444444,0.03303869006141725,0.0338746948633036,0.04252832047534026
TxPert_GAT,TxPert_Exphormer,hepg2,0,Support_only,20261002,20261002,3,87,87,0.674553496693897,0.7824395134056147,0.04227073656467214,0.4444444444444444,0.03303869006141725,0.0338746948633036,0.04252832047534026
TxPert_GAT,TxPert_Exphormer,hepg2,0,Support_only,20261002,20261002,4,87,87,0.674553496693897,0.7824395134056147,0.04227073656467214,0.4444444444444444,0.03303869006141725,0.0338746948633036,0.04252832047534026
TxPert_GAT,TxPert_Exphormer,hepg2,1,B1_HGB,20260930,20260930,0,80,80,0.7983216948752979,0.8303328645100798,0.04705471718225718,0.3125,0.040602366435581336,0.039157334099318125,0.04720162107013662
TxPert_GAT,TxPert_Exphormer,hepg2,1,B1_HGB,20260930,20260930,1,80,80,0.7983216948752979,0.8303328645100798,0.04705471718225718,0.3125,0.040602366435581336,0.039157334099318125,0.04720162107013662
TxPert_GAT,TxPert_Exphormer,hepg2,1,B1_HGB,20260930,20260930,2,80,80,0.7983216948752979,0.8303328645100798,0.04705471718225718,0.3125,0.040602366435581336,0.039157334099318125,0.04720162107013662
TxPert_GAT,TxPert_Exphormer,hepg2,1,B1_HGB,20260930,20260930,3,80,80,0.7983216948752979,0.8303328645100798,0.04705471718225718,0.3125,0.040602366435581336,0.039157334099318125,0.04720162107013662
TxPert_GAT,TxPert_Exphormer,hepg2,1,B1_HGB,20260930,20260930,4,80,80,0.7983216948752979,0.8303328645100798,0.04705471718225718,0.3125,0.040602366435581336,0.039157334099318125,0.04720162107013662
TxPert_GAT,TxPert_Exphormer,hepg2,1,B1_HGB,20261001,20261001,0,80,80,0.7983216948752979,0.8303328645100798,0.04705471718225718,0.3125,0.040602366435581336,0.039157334099318125,0.04720162107013662
TxPert_GAT,TxPert_Exphormer,hepg2,1,B1_HGB,20261001,20261001,1,80,80,0.7983216948752979,0.8303328645100798,0.04705471718225718,0.3125,0.040602366435581336,0.039157334099318125,0.04720162107013662
TxPert_GAT,TxPert_Exphormer,hepg2,1,B1_HGB,20261001,20261001,2,80,80,0.7983216948752979,0.8303328645100798,0.04705471718225718,0.3125,0.040602366435581336,0.039157334099318125,0.04720162107013662
TxPert_GAT,TxPert_Exphormer,hepg2,1,B1_HGB,20261001,20261001,3,80,80,0.7983216948752979,0.8303328645100798,0.04705471718225718,0.3125,0.040602366435581336,0.039157334099318125,0.04720162107013662
TxPert_GAT,TxPert_Exphormer,hepg2,1,B1_HGB,20261001,20261001,4,80,80,0.7983216948752979,0.8303328645100798,0.04705471718225718,0.3125,0.040602366435581336,0.039157334099318125,0.04720162107013662
TxPert_GAT,TxPert_Exphormer,hepg2,1,B1_HGB,20261002,20261002,0,80,80,0.7983216948752979,0.8303328645100798,0.04705471718225718,0.3125,0.040602366435581336,0.039157334099318125,0.04720162107013662
TxPert_GAT,TxPert_Exphormer,hepg2,1,B1_HGB,20261002,20261002,1,80,80,0.7983216948752979,0.8303328645100798,0.04705471718225718,0.3125,0.040602366435581336,0.039157334099318125,0.04720162107013662
TxPert_GAT,TxPert_Exphormer,hepg2,1,B1_HGB,20261002,20261002,2,80,80,0.7983216948752979,0.8303328645100798,0.04705471718225718,0.3125,0.040602366435581336,0.039157334099318125,0.04720162107013662
TxPert_GAT,TxPert_Exphormer,hepg2,1,B1_HGB,20261002,20261002,3,80,80,0.7983216948752979,0.8303328645100798,0.04705471718225718,0.3125,0.040602366435581336,0.039157334099318125,0.04720162107013662
TxPert_GAT,TxPert_Exphormer,hepg2,1,B1_HGB,20261002,20261002,4,80,80,0.7983216948752979,0.8303328645100798,0.04705471718225718,0.3125,0.040602366435581336,0.039157334099318125,0.04720162107013662
TxPert_GAT,TxPert_Exphormer,hepg2,1,B1_HGB_ContentNull,20260930,20260930,0,80,80,0.8729241043765454,0.8125879043600562,0.04716588209295285,0.25,0.039326753148211935,0.03996443167157024,0.04655629566736941
TxPert_GAT,TxPert_Exphormer,hepg2,1,B1_HGB_ContentNull,20260930,20260930,1,80,80,0.8214570284180821,0.7940928270042195,0.047509021254105166,0.375,0.043910288109930445,0.04119289154453706,0.04767072920380923
TxPert_GAT,TxPert_Exphormer,hepg2,1,B1_HGB_ContentNull,20260930,20260930,2,80,80,0.7570220185082484,0.8017580872011253,0.04725414001233572,0.375,0.04040003738680688,0.03993363006713106,0.047244561092228576
TxPert_GAT,TxPert_Exphormer,hepg2,1,B1_HGB_ContentNull,20260930,20260930,3,80,80,0.8675333318110466,0.8030473511486171,0.04703995209267945,0.3125,0.041227549189406715,0.039162691717185054,0.04740005836829112
TxPert_GAT,TxPert_Exphormer,hepg2,1,B1_HGB_ContentNull,20260930,20260930,4,80,80,0.8410816473865983,0.8080168776371308,0.047035679319445474,0.3125,0.04005721115141364,0.039059897400434154,0.04692376642231472
TxPert_GAT,TxPert_Exphormer,hepg2,1,B1_HGB_ContentNull,20261001,20261001,0,80,80,0.8729241043765454,0.8125879043600562,0.04716588209295285,0.25,0.039326753148211935,0.03996443167157024,0.04655629566736941
TxPert_GAT,TxPert_Exphormer,hepg2,1,B1_HGB_ContentNull,20261001,20261001,1,80,80,0.8214570284180821,0.7940928270042195,0.047509021254105166,0.375,0.043910288109930445,0.04119289154453706,0.04767072920380923
TxPert_GAT,TxPert_Exphormer,hepg2,1,B1_HGB_ContentNull,20261001,20261001,2,80,80,0.7570220185082484,0.8017580872011253,0.04725414001233572,0.375,0.04040003738680688,0.03993363006713106,0.047244561092228576
TxPert_GAT,TxPert_Exphormer,hepg2,1,B1_HGB_ContentNull,20261001,20261001,3,80,80,0.8675333318110466,0.8030473511486171,0.04703995209267945,0.3125,0.041227549189406715,0.039162691717185054,0.04740005836829112
TxPert_GAT,TxPert_Exphormer,hepg2,1,B1_HGB_ContentNull,20261001,20261001,4,80,80,0.8410816473865983,0.8080168776371308,0.047035679319445474,0.3125,0.04005721115141364,0.039059897400434154,0.04692376642231472
TxPert_GAT,TxPert_Exphormer,hepg2,1,B1_HGB_ContentNull,20261002,20261002,0,80,80,0.8729241043765454,0.8125879043600562,0.04716588209295285,0.25,0.039326753148211935,0.03996443167157024,0.04655629566736941
TxPert_GAT,TxPert_Exphormer,hepg2,1,B1_HGB_ContentNull,20261002,20261002,1,80,80,0.8214570284180821,0.7940928270042195,0.047509021254105166,0.375,0.043910288109930445,0.04119289154453706,0.04767072920380923
TxPert_GAT,TxPert_Exphormer,hepg2,1,B1_HGB_ContentNull,20261002,20261002,2,80,80,0.7570220185082484,0.8017580872011253,0.04725414001233572,0.375,0.04040003738680688,0.03993363006713106,0.047244561092228576
TxPert_GAT,TxPert_Exphormer,hepg2,1,B1_HGB_ContentNull,20261002,20261002,3,80,80,0.8675333318110466,0.8030473511486171,0.04703995209267945,0.3125,0.041227549189406715,0.039162691717185054,0.04740005836829112
TxPert_GAT,TxPert_Exphormer,hepg2,1,B1_HGB_ContentNull,20261002,20261002,4,80,80,0.8410816473865983,0.8080168776371308,0.047035679319445474,0.3125,0.04005721115141364,0.039059897400434154,0.04692376642231472
TxPert_GAT,TxPert_Exphormer,hepg2,1,B2_Pointwise,20260930,20260930,0,80,80,0.755487158081691,0.8377871542428504,0.04673864519033464,0.375,0.037930837746025126,0.03976208342007598,0.04637081858662691
TxPert_GAT,TxPert_Exphormer,hepg2,1,B2_Pointwise,20260930,20260930,1,80,80,0.755487158081691,0.8377871542428504,0.04673864519033464,0.375,0.037930837746025126,0.03976208342007598,0.04637081858662691
TxPert_GAT,TxPert_Exphormer,hepg2,1,B2_Pointwise,20260930,20260930,2,80,80,0.755487158081691,0.8377871542428504,0.04673864519033464,0.375,0.037930837746025126,0.03976208342007598,0.04637081858662691
TxPert_GAT,TxPert_Exphormer,hepg2,1,B2_Pointwise,20260930,20260930,3,80,80,0.755487158081691,0.8377871542428504,0.04673864519033464,0.375,0.037930837746025126,0.03976208342007598,0.04637081858662691
TxPert_GAT,TxPert_Exphormer,hepg2,1,B2_Pointwise,20260930,20260930,4,80,80,0.755487158081691,0.8377871542428504,0.04673864519033464,0.375,0.037930837746025126,0.03976208342007598,0.04637081858662691
TxPert_GAT,TxPert_Exphormer,hepg2,1,B2_Pointwise,20261001,20261001,0,80,80,0.8088253258332616,0.839592123769339,0.04676879415092638,0.3125,0.03771731301175842,0.039473094233106534,0.04605532940989249
TxPert_GAT,TxPert_Exphormer,hepg2,1,B2_Pointwise,20261001,20261001,1,80,80,0.8088253258332616,0.839592123769339,0.04676879415092638,0.3125,0.03771731301175842,0.039473094233106534,0.04605532940989249
TxPert_GAT,TxPert_Exphormer,hepg2,1,B2_Pointwise,20261001,20261001,2,80,80,0.8088253258332616,0.839592123769339,0.04676879415092638,0.3125,0.03771731301175842,0.039473094233106534,0.04605532940989249
TxPert_GAT,TxPert_Exphormer,hepg2,1,B2_Pointwise,20261001,20261001,3,80,80,0.8088253258332616,0.839592123769339,0.04676879415092638,0.3125,0.03771731301175842,0.039473094233106534,0.04605532940989249
TxPert_GAT,TxPert_Exphormer,hepg2,1,B2_Pointwise,20261001,20261001,4,80,80,0.8088253258332616,0.839592123769339,0.04676879415092638,0.3125,0.03771731301175842,0.039473094233106534,0.04605532940989249
TxPert_GAT,TxPert_Exphormer,hepg2,1,B2_Pointwise,20261002,20261002,0,80,80,0.7962201210056656,0.8363572433192686,0.0467193901263665,0.375,0.03694396436193902,0.039160518874278225,0.046582027020466495
TxPert_GAT,TxPert_Exphormer,hepg2,1,B2_Pointwise,20261002,20261002,1,80,80,0.7962201210056656,0.8363572433192686,0.0467193901263665,0.375,0.03694396436193902,0.039160518874278225,0.046582027020466495
TxPert_GAT,TxPert_Exphormer,hepg2,1,B2_Pointwise,20261002,20261002,2,80,80,0.7962201210056656,0.8363572433192686,0.0467193901263665,0.375,0.03694396436193902,0.039160518874278225,0.046582027020466495
TxPert_GAT,TxPert_Exphormer,hepg2,1,B2_Pointwise,20261002,20261002,3,80,80,0.7962201210056656,0.8363572433192686,0.0467193901263665,0.375,0.03694396436193902,0.039160518874278225,0.046582027020466495
TxPert_GAT,TxPert_Exphormer,hepg2,1,B2_Pointwise,20261002,20261002,4,80,80,0.7962201210056656,0.8363572433192686,0.0467193901263665,0.375,0.03694396436193902,0.039160518874278225,0.046582027020466495
TxPert_GAT,TxPert_Exphormer,hepg2,1,B2_Pointwise_ContentNull,20260930,20260930,0,80,80,0.8594232744383412,0.8266526019690577,0.046862619580612976,0.3125,0.04005721115141364,0.03977199672202485,0.047152391688238704
TxPert_GAT,TxPert_Exphormer,hepg2,1,B2_Pointwise_ContentNull,20260930,20260930,1,80,80,0.8938422747763038,0.8083216127519925,0.04725739499992508,0.25,0.0392864785030522,0.040509032683987145,0.0475788016981702
TxPert_GAT,TxPert_Exphormer,hepg2,1,B2_Pointwise_ContentNull,20260930,20260930,2,80,80,0.8273428611783893,0.8007735583684952,0.04716598375723722,0.375,0.03822977766863315,0.04016492355423992,0.04628722794099677
TxPert_GAT,TxPert_Exphormer,hepg2,1,B2_Pointwise_ContentNull,20260930,20260930,3,80,80,0.8104530052751246,0.8200187529301455,0.04694910104034231,0.3125,0.0392864785030522,0.03945282423264923,0.04665781980277722
TxPert_GAT,TxPert_Exphormer,hepg2,1,B2_Pointwise_ContentNull,20260930,20260930,4,80,80,0.872924104376545,0.8023441162681669,0.0472559593239069,0.25,0.04005721115141364,0.03996443167157024,0.04752835605648119
TxPert_GAT,TxPert_Exphormer,hepg2,1,B2_Pointwise_ContentNull,20261001,20261001,0,80,80,0.8325559432590236,0.810126582278481,0.047107911430697716,0.3125,0.0392864785030522,0.03994100261588089,0.047028265183350654
TxPert_GAT,TxPert_Exphormer,hepg2,1,B2_Pointwise_ContentNull,20261001,20261001,1,80,80,0.8363726341800508,0.8023675574308488,0.047456149554329086,0.3125,0.04135423468907529,0.040378087555412834,0.04730546975579355
TxPert_GAT,TxPert_Exphormer,hepg2,1,B2_Pointwise_ContentNull,20261001,20261001,2,80,80,0.8087833125439612,0.8101734646038444,0.047068453075495856,0.375,0.03921665105271925,0.039252332349979546,0.04687860562631978
TxPert_GAT,TxPert_Exphormer,hepg2,1,B2_Pointwise_ContentNull,20261001,20261001,3,80,80,0.7808300371114858,0.7919831223628693,0.04724829364343773,0.375,0.041227549189406715,0.03870047564941888,0.04628845021001664
TxPert_GAT,TxPert_Exphormer,hepg2,1,B2_Pointwise_ContentNull,20261001,20261001,4,80,80,0.872924104376545,0.8117909048288797,0.047263317449964,0.25,0.04199828183776815,0.03978252781502729,0.047248338991097594
TxPert_GAT,TxPert_Exphormer,hepg2,1,B2_Pointwise_ContentNull,20261002,20261002,0,80,80,0.8397191906242255,0.8076183778715424,0.04716984656326005,0.3125,0.041044084535499736,0.03996443167157024,0.04729563679309605
TxPert_GAT,TxPert_Exphormer,hepg2,1,B2_Pointwise_ContentNull,20261002,20261002,1,80,80,0.896281596970033,0.8184481950304736,0.04718827874519992,0.25,0.03822977766863315,0.04119289154453706,0.047330130015631404
TxPert_GAT,TxPert_Exphormer,hepg2,1,B2_Pointwise_ContentNull,20261002,20261002,2,80,80,0.7982979328520462,0.7993436474449134,0.04710274711245771,0.375,0.038873824817326014,0.04021047112473565,0.047135120374870235
TxPert_GAT,TxPert_Exphormer,hepg2,1,B2_Pointwise_ContentNull,20261002,20261002,3,80,80,0.721256575444012,0.7648382559774964,0.04763957544075118,0.375,0.04234110807316139,0.04078057717332458,0.04688312065416669
TxPert_GAT,TxPert_Exphormer,hepg2,1,B2_Pointwise_ContentNull,20261002,20261002,4,80,80,0.8619998177863573,0.8282934833567746,0.047035951457608235,0.3125,0.04005721115141364,0.039059897400434154,0.04642482755905849
TxPert_GAT,TxPert_Exphormer,hepg2,1,Support_only,20260930,20260930,0,80,80,0.8814001403375653,0.8081809657759025,0.04702926738504648,0.25,0.04234110807316139,0.04017625416011303,0.04696010117546375
TxPert_GAT,TxPert_Exphormer,hepg2,1,Support_only,20260930,20260930,1,80,80,0.8814001403375653,0.8081809657759025,0.04702926738504648,0.25,0.04234110807316139,0.04017625416011303,0.04696010117546375
TxPert_GAT,TxPert_Exphormer,hepg2,1,Support_only,20260930,20260930,2,80,80,0.8814001403375653,0.8081809657759025,0.04702926738504648,0.25,0.04234110807316139,0.04017625416011303,0.04696010117546375
TxPert_GAT,TxPert_Exphormer,hepg2,1,Support_only,20260930,20260930,3,80,80,0.8814001403375653,0.8081809657759025,0.04702926738504648,0.25,0.04234110807316139,0.04017625416011303,0.04696010117546375
TxPert_GAT,TxPert_Exphormer,hepg2,1,Support_only,20260930,20260930,4,80,80,0.8814001403375653,0.8081809657759025,0.04702926738504648,0.25,0.04234110807316139,0.04017625416011303,0.04696010117546375
TxPert_GAT,TxPert_Exphormer,hepg2,1,Support_only,20261001,20261001,0,80,80,0.8814001403375653,0.8081809657759025,0.04702926738504648,0.25,0.04234110807316139,0.04017625416011303,0.04696010117546375
TxPert_GAT,TxPert_Exphormer,hepg2,1,Support_only,20261001,20261001,1,80,80,0.8814001403375653,0.8081809657759025,0.04702926738504648,0.25,0.04234110807316139,0.04017625416011303,0.04696010117546375
TxPert_GAT,TxPert_Exphormer,hepg2,1,Support_only,20261001,20261001,2,80,80,0.8814001403375653,0.8081809657759025,0.04702926738504648,0.25,0.04234110807316139,0.04017625416011303,0.04696010117546375
TxPert_GAT,TxPert_Exphormer,hepg2,1,Support_only,20261001,20261001,3,80,80,0.8814001403375653,0.8081809657759025,0.04702926738504648,0.25,0.04234110807316139,0.04017625416011303,0.04696010117546375
TxPert_GAT,TxPert_Exphormer,hepg2,1,Support_only,20261001,20261001,4,80,80,0.8814001403375653,0.8081809657759025,0.04702926738504648,0.25,0.04234110807316139,0.04017625416011303,0.04696010117546375
TxPert_GAT,TxPert_Exphormer,hepg2,1,Support_only,20261002,20261002,0,80,80,0.8814001403375653,0.8081809657759025,0.04702926738504648,0.25,0.04234110807316139,0.04017625416011303,0.04696010117546375
TxPert_GAT,TxPert_Exphormer,hepg2,1,Support_only,20261002,20261002,1,80,80,0.8814001403375653,0.8081809657759025,0.04702926738504648,0.25,0.04234110807316139,0.04017625416011303,0.04696010117546375
TxPert_GAT,TxPert_Exphormer,hepg2,1,Support_only,20261002,20261002,2,80,80,0.8814001403375653,0.8081809657759025,0.04702926738504648,0.25,0.04234110807316139,0.04017625416011303,0.04696010117546375
TxPert_GAT,TxPert_Exphormer,hepg2,1,Support_only,20261002,20261002,3,80,80,0.8814001403375653,0.8081809657759025,0.04702926738504648,0.25,0.04234110807316139,0.04017625416011303,0.04696010117546375
TxPert_GAT,TxPert_Exphormer,hepg2,1,Support_only,20261002,20261002,4,80,80,0.8814001403375653,0.8081809657759025,0.04702926738504648,0.25,0.04234110807316139,0.04017625416011303,0.04696010117546375
TxPert_GAT,TxPert_Exphormer,hepg2,2,B1_HGB,20260930,20260930,0,83,83,0.9012496857100826,0.8250703161076361,0.04393410343250739,0.23529411764705888,0.03706844662138166,0.03722534117437048,0.043151850253988384
TxPert_GAT,TxPert_Exphormer,hepg2,2,B1_HGB,20260930,20260930,1,83,83,0.9012496857100826,0.8250703161076361,0.04393410343250739,0.23529411764705888,0.03706844662138166,0.03722534117437048,0.043151850253988384
TxPert_GAT,TxPert_Exphormer,hepg2,2,B1_HGB,20260930,20260930,2,83,83,0.9012496857100826,0.8250703161076361,0.04393410343250739,0.23529411764705888,0.03706844662138166,0.03722534117437048,0.043151850253988384
TxPert_GAT,TxPert_Exphormer,hepg2,2,B1_HGB,20260930,20260930,3,83,83,0.9012496857100826,0.8250703161076361,0.04393410343250739,0.23529411764705888,0.03706844662138166,0.03722534117437048,0.043151850253988384
TxPert_GAT,TxPert_Exphormer,hepg2,2,B1_HGB,20260930,20260930,4,83,83,0.9012496857100826,0.8250703161076361,0.04393410343250739,0.23529411764705888,0.03706844662138166,0.03722534117437048,0.043151850253988384
TxPert_GAT,TxPert_Exphormer,hepg2,2,B1_HGB,20261001,20261001,0,83,83,0.9012496857100826,0.8250703161076361,0.04393410343250739,0.23529411764705888,0.03706844662138166,0.03722534117437048,0.043151850253988384
TxPert_GAT,TxPert_Exphormer,hepg2,2,B1_HGB,20261001,20261001,1,83,83,0.9012496857100826,0.8250703161076361,0.04393410343250739,0.23529411764705888,0.03706844662138166,0.03722534117437048,0.043151850253988384
TxPert_GAT,TxPert_Exphormer,hepg2,2,B1_HGB,20261001,20261001,2,83,83,0.9012496857100826,0.8250703161076361,0.04393410343250739,0.23529411764705888,0.03706844662138166,0.03722534117437048,0.043151850253988384
TxPert_GAT,TxPert_Exphormer,hepg2,2,B1_HGB,20261001,20261001,3,83,83,0.9012496857100826,0.8250703161076361,0.04393410343250739,0.23529411764705888,0.03706844662138166,0.03722534117437048,0.043151850253988384
TxPert_GAT,TxPert_Exphormer,hepg2,2,B1_HGB,20261001,20261001,4,83,83,0.9012496857100826,0.8250703161076361,0.04393410343250739,0.23529411764705888,0.03706844662138166,0.03722534117437048,0.043151850253988384
TxPert_GAT,TxPert_Exphormer,hepg2,2,B1_HGB,20261002,20261002,0,83,83,0.9012496857100826,0.8250703161076361,0.04393410343250739,0.23529411764705888,0.03706844662138166,0.03722534117437048,0.043151850253988384
TxPert_GAT,TxPert_Exphormer,hepg2,2,B1_HGB,20261002,20261002,1,83,83,0.9012496857100826,0.8250703161076361,0.04393410343250739,0.23529411764705888,0.03706844662138166,0.03722534117437048,0.043151850253988384
TxPert_GAT,TxPert_Exphormer,hepg2,2,B1_HGB,20261002,20261002,2,83,83,0.9012496857100826,0.8250703161076361,0.04393410343250739,0.23529411764705888,0.03706844662138166,0.03722534117437048,0.043151850253988384
TxPert_GAT,TxPert_Exphormer,hepg2,2,B1_HGB,20261002,20261002,3,83,83,0.9012496857100826,0.8250703161076361,0.04393410343250739,0.23529411764705888,0.03706844662138166,0.03722534117437048,0.043151850253988384
TxPert_GAT,TxPert_Exphormer,hepg2,2,B1_HGB,20261002,20261002,4,83,83,0.9012496857100826,0.8250703161076361,0.04393410343250739,0.23529411764705888,0.03706844662138166,0.03722534117437048,0.043151850253988384
TxPert_GAT,TxPert_Exphormer,hepg2,2,B1_HGB_ContentNull,20260930,20260930,0,83,83,0.8584794468593924,0.7853364678225095,0.0444043463233242,0.23529411764705888,0.036118185285061125,0.038489951860223616,0.04378414452539744
TxPert_GAT,TxPert_Exphormer,hepg2,2,B1_HGB_ContentNull,20260930,20260930,1,83,83,0.9312021268393492,0.7789975231938205,0.04454992680084863,0.17647058823529416,0.038951019764452637,0.038791576034810725,0.044752662904705386
TxPert_GAT,TxPert_Exphormer,hepg2,2,B1_HGB_ContentNull,20260930,20260930,2,83,83,0.8116526381276543,0.7710213677007682,0.044582382060284434,0.2941176470588235,0.03621424237013332,0.037792236614855576,0.04427918762510675
TxPert_GAT,TxPert_Exphormer,hepg2,2,B1_HGB_ContentNull,20260930,20260930,3,83,83,0.8352022897719733,0.7722597707904788,0.04456472305055403,0.2941176470588235,0.03589845090852921,0.03758731548650682,0.044235067555003116
TxPert_GAT,TxPert_Exphormer,hepg2,2,B1_HGB_ContentNull,20260930,20260930,4,83,83,0.7624796097920169,0.7757650812308466,0.04437807179028354,0.3529411764705882,0.03540839902698695,0.03912085586449815,0.04423735258697202
TxPert_GAT,TxPert_Exphormer,hepg2,2,B1_HGB_ContentNull,20261001,20261001,0,83,83,0.8584794468593924,0.7853364678225095,0.0444043463233242,0.23529411764705888,0.036118185285061125,0.038489951860223616,0.04378414452539744
TxPert_GAT,TxPert_Exphormer,hepg2,2,B1_HGB_ContentNull,20261001,20261001,1,83,83,0.9312021268393492,0.7789975231938205,0.04454992680084863,0.17647058823529416,0.038951019764452637,0.038791576034810725,0.044752662904705386
TxPert_GAT,TxPert_Exphormer,hepg2,2,B1_HGB_ContentNull,20261001,20261001,2,83,83,0.8116526381276543,0.7710213677007682,0.044582382060284434,0.2941176470588235,0.03621424237013332,0.037792236614855576,0.04427918762510675
TxPert_GAT,TxPert_Exphormer,hepg2,2,B1_HGB_ContentNull,20261001,20261001,3,83,83,0.8352022897719733,0.7722597707904788,0.04456472305055403,0.2941176470588235,0.03589845090852921,0.03758731548650682,0.044235067555003116
TxPert_GAT,TxPert_Exphormer,hepg2,2,B1_HGB_ContentNull,20261001,20261001,4,83,83,0.7624796097920169,0.7757650812308466,0.04437807179028354,0.3529411764705882,0.03540839902698695,0.03912085586449815,0.04423735258697202
TxPert_GAT,TxPert_Exphormer,hepg2,2,B1_HGB_ContentNull,20261002,20261002,0,83,83,0.8584794468593924,0.7853364678225095,0.0444043463233242,0.23529411764705888,0.036118185285061125,0.038489951860223616,0.04378414452539744
TxPert_GAT,TxPert_Exphormer,hepg2,2,B1_HGB_ContentNull,20261002,20261002,1,83,83,0.9312021268393492,0.7789975231938205,0.04454992680084863,0.17647058823529416,0.038951019764452637,0.038791576034810725,0.044752662904705386
TxPert_GAT,TxPert_Exphormer,hepg2,2,B1_HGB_ContentNull,20261002,20261002,2,83,83,0.8116526381276543,0.7710213677007682,0.044582382060284434,0.2941176470588235,0.03621424237013332,0.037792236614855576,0.04427918762510675
TxPert_GAT,TxPert_Exphormer,hepg2,2,B1_HGB_ContentNull,20261002,20261002,3,83,83,0.8352022897719733,0.7722597707904788,0.04456472305055403,0.2941176470588235,0.03589845090852921,0.03758731548650682,0.044235067555003116
TxPert_GAT,TxPert_Exphormer,hepg2,2,B1_HGB_ContentNull,20261002,20261002,4,83,83,0.7624796097920169,0.7757650812308466,0.04437807179028354,0.3529411764705882,0.03540839902698695,0.03912085586449815,0.04423735258697202
TxPert_GAT,TxPert_Exphormer,hepg2,2,B2_Pointwise,20260930,20260930,0,83,83,0.8934930808843863,0.8468788044162713,0.043645902738475774,0.23529411764705888,0.03493681203226458,0.03674084876710232,0.04250953483363286
TxPert_GAT,TxPert_Exphormer,hepg2,2,B2_Pointwise,20260930,20260930,1,83,83,0.8934930808843863,0.8468788044162713,0.043645902738475774,0.23529411764705888,0.03493681203226458,0.03674084876710232,0.04250953483363286
TxPert_GAT,TxPert_Exphormer,hepg2,2,B2_Pointwise,20260930,20260930,2,83,83,0.8934930808843863,0.8468788044162713,0.043645902738475774,0.23529411764705888,0.03493681203226458,0.03674084876710232,0.04250953483363286
TxPert_GAT,TxPert_Exphormer,hepg2,2,B2_Pointwise,20260930,20260930,3,83,83,0.8934930808843863,0.8468788044162713,0.043645902738475774,0.23529411764705888,0.03493681203226458,0.03674084876710232,0.04250953483363286
TxPert_GAT,TxPert_Exphormer,hepg2,2,B2_Pointwise,20260930,20260930,4,83,83,0.8934930808843863,0.8468788044162713,0.043645902738475774,0.23529411764705888,0.03493681203226458,0.03674084876710232,0.04250953483363286
TxPert_GAT,TxPert_Exphormer,hepg2,2,B2_Pointwise,20261001,20261001,0,83,83,0.9035634676543963,0.8152050711557028,0.044232727680988904,0.23529411764705888,0.03603772002949699,0.04043853668799032,0.04259362455378111
TxPert_GAT,TxPert_Exphormer,hepg2,2,B2_Pointwise,20261001,20261001,1,83,83,0.9035634676543963,0.8152050711557028,0.044232727680988904,0.23529411764705888,0.03603772002949699,0.04043853668799032,0.04259362455378111
TxPert_GAT,TxPert_Exphormer,hepg2,2,B2_Pointwise,20261001,20261001,2,83,83,0.9035634676543963,0.8152050711557028,0.044232727680988904,0.23529411764705888,0.03603772002949699,0.04043853668799032,0.04259362455378111
TxPert_GAT,TxPert_Exphormer,hepg2,2,B2_Pointwise,20261001,20261001,3,83,83,0.9035634676543963,0.8152050711557028,0.044232727680988904,0.23529411764705888,0.03603772002949699,0.04043853668799032,0.04259362455378111
TxPert_GAT,TxPert_Exphormer,hepg2,2,B2_Pointwise,20261001,20261001,4,83,83,0.9035634676543963,0.8152050711557028,0.044232727680988904,0.23529411764705888,0.03603772002949699,0.04043853668799032,0.04259362455378111
TxPert_GAT,TxPert_Exphormer,hepg2,2,B2_Pointwise,20261002,20261002,0,83,83,0.9035634676543963,0.8252382351706476,0.04386026818941751,0.23529411764705888,0.03441224825234428,0.037552106603081274,0.043048411852755195
TxPert_GAT,TxPert_Exphormer,hepg2,2,B2_Pointwise,20261002,20261002,1,83,83,0.9035634676543963,0.8252382351706476,0.04386026818941751,0.23529411764705888,0.03441224825234428,0.037552106603081274,0.043048411852755195
TxPert_GAT,TxPert_Exphormer,hepg2,2,B2_Pointwise,20261002,20261002,2,83,83,0.9035634676543963,0.8252382351706476,0.04386026818941751,0.23529411764705888,0.03441224825234428,0.037552106603081274,0.043048411852755195
TxPert_GAT,TxPert_Exphormer,hepg2,2,B2_Pointwise,20261002,20261002,3,83,83,0.9035634676543963,0.8252382351706476,0.04386026818941751,0.23529411764705888,0.03441224825234428,0.037552106603081274,0.043048411852755195
TxPert_GAT,TxPert_Exphormer,hepg2,2,B2_Pointwise,20261002,20261002,4,83,83,0.9035634676543963,0.8252382351706476,0.04386026818941751,0.23529411764705888,0.03441224825234428,0.037552106603081274,0.043048411852755195
TxPert_GAT,TxPert_Exphormer,hepg2,2,B2_Pointwise_ContentNull,20260930,20260930,0,83,83,0.8924337631084689,0.7631291717392216,0.04482196847471135,0.17647058823529416,0.03779430818695348,0.041699218850010246,0.04425111950931622
TxPert_GAT,TxPert_Exphormer,hepg2,2,B2_Pointwise_ContentNull,20260930,20260930,1,83,83,0.8588185157777912,0.7881491121279542,0.044375789086766065,0.23529411764705888,0.03536754827447408,0.0382453416050332,0.043522811432755035
TxPert_GAT,TxPert_Exphormer,hepg2,2,B2_Pointwise_ContentNull,20260930,20260930,2,83,83,0.7820086023339959,0.7378153729902187,0.044891171404134476,0.2941176470588235,0.03650720578624761,0.040215996578317655,0.04465558474149005
TxPert_GAT,TxPert_Exphormer,hepg2,2,B2_Pointwise_ContentNull,20260930,20260930,3,83,83,0.7624796097920165,0.7581335796146257,0.044647055294273985,0.3529411764705882,0.036037720029497,0.03819178423655863,0.04464927143163779
TxPert_GAT,TxPert_Exphormer,hepg2,2,B2_Pointwise_ContentNull,20260930,20260930,4,83,83,0.7392436005515912,0.7635069896309978,0.04459304697744455,0.3529411764705882,0.03739393338658012,0.039416364074546635,0.04468892504628978
TxPert_GAT,TxPert_Exphormer,hepg2,2,B2_Pointwise_ContentNull,20261001,20261001,0,83,83,0.8517254752526209,0.7683976323412115,0.044671403997955855,0.23529411764705888,0.03728552146164966,0.03787041878107407,0.044431796834440165
TxPert_GAT,TxPert_Exphormer,hepg2,2,B2_Pointwise_ContentNull,20261001,20261001,1,83,83,0.8356722360257908,0.7881910918937072,0.04427490605018767,0.23529411764705888,0.03676358159506883,0.03891128118548535,0.04472957282978052
TxPert_GAT,TxPert_Exphormer,hepg2,2,B2_Pointwise_ContentNull,20261001,20261001,2,83,83,0.8181297324614328,0.7715461147726794,0.04454257457044744,0.2941176470588235,0.037194317837278335,0.03801397259650844,0.04411774324965344
TxPert_GAT,TxPert_Exphormer,hepg2,2,B2_Pointwise_ContentNull,20261001,20261001,3,83,83,0.7964339260410934,0.7678518953864236,0.04452999599798909,0.2941176470588235,0.03687852637567422,0.03818055051644503,0.044643168610940434
TxPert_GAT,TxPert_Exphormer,hepg2,2,B2_Pointwise_ContentNull,20261001,20261001,4,83,83,0.7624796097920165,0.7689643591788758,0.04454231848853299,0.3529411764705882,0.03562263409867138,0.03831894409507605,0.044241860039886456
TxPert_GAT,TxPert_Exphormer,hepg2,2,B2_Pointwise_ContentNull,20261002,20261002,0,83,83,0.8453650031644308,0.7681037739809412,0.04474934397284229,0.23529411764705888,0.036118185285061125,0.038757557298756316,0.04396371056429258
TxPert_GAT,TxPert_Exphormer,hepg2,2,B2_Pointwise_ContentNull,20261002,20261002,1,83,83,0.87477966867507,0.8116367910667057,0.0440925954111073,0.23529411764705888,0.03591688749940959,0.03969809435640678,0.04375902929351614
TxPert_GAT,TxPert_Exphormer,hepg2,2,B2_Pointwise_ContentNull,20261002,20261002,2,83,83,0.8520840487105102,0.7726375886822552,0.044411262459340115,0.23529411764705888,0.03651910739644615,0.03801397259650844,0.043742063634228084
TxPert_GAT,TxPert_Exphormer,hepg2,2,B2_Pointwise_ContentNull,20261002,20261002,3,83,83,0.8001691512074892,0.7717140338356911,0.044541184500064,0.2941176470588235,0.038032723527758744,0.03769866537774622,0.04464316861094044
TxPert_GAT,TxPert_Exphormer,hepg2,2,B2_Pointwise_ContentNull,20261002,20261002,4,83,83,0.7624796097920165,0.7785987154191679,0.04429995138676294,0.3529411764705882,0.036053809453767634,0.037860933731613894,0.04424345540766937
TxPert_GAT,TxPert_Exphormer,hepg2,2,Support_only,20260930,20260930,0,83,83,0.7785895331810708,0.7844129129759455,0.04428364002665537,0.2941176470588235,0.03493681203226458,0.03794414949217466,0.04433890940050107
TxPert_GAT,TxPert_Exphormer,hepg2,2,Support_only,20260930,20260930,1,83,83,0.7785895331810708,0.7844129129759455,0.04428364002665537,0.2941176470588235,0.03493681203226458,0.03794414949217466,0.04433890940050107
TxPert_GAT,TxPert_Exphormer,hepg2,2,Support_only,20260930,20260930,2,83,83,0.7785895331810708,0.7844129129759455,0.04428364002665537,0.2941176470588235,0.03493681203226458,0.03794414949217466,0.04433890940050107
TxPert_GAT,TxPert_Exphormer,hepg2,2,Support_only,20260930,20260930,3,83,83,0.7785895331810708,0.7844129129759455,0.04428364002665537,0.2941176470588235,0.03493681203226458,0.03794414949217466,0.04433890940050107
TxPert_GAT,TxPert_Exphormer,hepg2,2,Support_only,20260930,20260930,4,83,83,0.7785895331810708,0.7844129129759455,0.04428364002665537,0.2941176470588235,0.03493681203226458,0.03794414949217466,0.04433890940050107
TxPert_GAT,TxPert_Exphormer,hepg2,2,Support_only,20261001,20261001,0,83,83,0.7785895331810708,0.7844129129759455,0.04428364002665537,0.2941176470588235,0.03493681203226458,0.03794414949217466,0.04433890940050107
TxPert_GAT,TxPert_Exphormer,hepg2,2,Support_only,20261001,20261001,1,83,83,0.7785895331810708,0.7844129129759455,0.04428364002665537,0.2941176470588235,0.03493681203226458,0.03794414949217466,0.04433890940050107
TxPert_GAT,TxPert_Exphormer,hepg2,2,Support_only,20261001,20261001,2,83,83,0.7785895331810708,0.7844129129759455,0.04428364002665537,0.2941176470588235,0.03493681203226458,0.03794414949217466,0.04433890940050107
TxPert_GAT,TxPert_Exphormer,hepg2,2,Support_only,20261001,20261001,3,83,83,0.7785895331810708,0.7844129129759455,0.04428364002665537,0.2941176470588235,0.03493681203226458,0.03794414949217466,0.04433890940050107
TxPert_GAT,TxPert_Exphormer,hepg2,2,Support_only,20261001,20261001,4,83,83,0.7785895331810708,0.7844129129759455,0.04428364002665537,0.2941176470588235,0.03493681203226458,0.03794414949217466,0.04433890940050107
TxPert_GAT,TxPert_Exphormer,hepg2,2,Support_only,20261002,20261002,0,83,83,0.7785895331810708,0.7844129129759455,0.04428364002665537,0.2941176470588235,0.03493681203226458,0.03794414949217466,0.04433890940050107
TxPert_GAT,TxPert_Exphormer,hepg2,2,Support_only,20261002,20261002,1,83,83,0.7785895331810708,0.7844129129759455,0.04428364002665537,0.2941176470588235,0.03493681203226458,0.03794414949217466,0.04433890940050107
TxPert_GAT,TxPert_Exphormer,hepg2,2,Support_only,20261002,20261002,2,83,83,0.7785895331810708,0.7844129129759455,0.04428364002665537,0.2941176470588235,0.03493681203226458,0.03794414949217466,0.04433890940050107
TxPert_GAT,TxPert_Exphormer,hepg2,2,Support_only,20261002,20261002,3,83,83,0.7785895331810708,0.7844129129759455,0.04428364002665537,0.2941176470588235,0.03493681203226458,0.03794414949217466,0.04433890940050107
TxPert_GAT,TxPert_Exphormer,hepg2,2,Support_only,20261002,20261002,4,83,83,0.7785895331810708,0.7844129129759455,0.04428364002665537,0.2941176470588235,0.03493681203226458,0.03794414949217466,0.04433890940050107
TxPert_GAT,TxPert_Exphormer,hepg2,3,B1_HGB,20260930,20260930,0,82,82,0.9278600583038817,0.7704422024139921,0.043990924008128734,0.2941176470588235,0.037747781555552314,0.03985004062160454,0.044085845023860606
TxPert_GAT,TxPert_Exphormer,hepg2,3,B1_HGB,20260930,20260930,1,82,82,0.9278600583038817,0.7704422024139921,0.043990924008128734,0.2941176470588235,0.037747781555552314,0.03985004062160454,0.044085845023860606
TxPert_GAT,TxPert_Exphormer,hepg2,3,B1_HGB,20260930,20260930,2,82,82,0.9278600583038817,0.7704422024139921,0.043990924008128734,0.2941176470588235,0.037747781555552314,0.03985004062160454,0.044085845023860606
TxPert_GAT,TxPert_Exphormer,hepg2,3,B1_HGB,20260930,20260930,3,82,82,0.9278600583038817,0.7704422024139921,0.043990924008128734,0.2941176470588235,0.037747781555552314,0.03985004062160454,0.044085845023860606
TxPert_GAT,TxPert_Exphormer,hepg2,3,B1_HGB,20260930,20260930,4,82,82,0.9278600583038817,0.7704422024139921,0.043990924008128734,0.2941176470588235,0.037747781555552314,0.03985004062160454,0.044085845023860606
TxPert_GAT,TxPert_Exphormer,hepg2,3,B1_HGB,20261001,20261001,0,82,82,0.9278600583038817,0.7704422024139921,0.043990924008128734,0.2941176470588235,0.037747781555552314,0.03985004062160454,0.044085845023860606
TxPert_GAT,TxPert_Exphormer,hepg2,3,B1_HGB,20261001,20261001,1,82,82,0.9278600583038817,0.7704422024139921,0.043990924008128734,0.2941176470588235,0.037747781555552314,0.03985004062160454,0.044085845023860606
TxPert_GAT,TxPert_Exphormer,hepg2,3,B1_HGB,20261001,20261001,2,82,82,0.9278600583038817,0.7704422024139921,0.043990924008128734,0.2941176470588235,0.037747781555552314,0.03985004062160454,0.044085845023860606
TxPert_GAT,TxPert_Exphormer,hepg2,3,B1_HGB,20261001,20261001,3,82,82,0.9278600583038817,0.7704422024139921,0.043990924008128734,0.2941176470588235,0.037747781555552314,0.03985004062160454,0.044085845023860606
TxPert_GAT,TxPert_Exphormer,hepg2,3,B1_HGB,20261001,20261001,4,82,82,0.9278600583038817,0.7704422024139921,0.043990924008128734,0.2941176470588235,0.037747781555552314,0.03985004062160454,0.044085845023860606
TxPert_GAT,TxPert_Exphormer,hepg2,3,B1_HGB,20261002,20261002,0,82,82,0.9278600583038817,0.7704422024139921,0.043990924008128734,0.2941176470588235,0.037747781555552314,0.03985004062160454,0.044085845023860606
TxPert_GAT,TxPert_Exphormer,hepg2,3,B1_HGB,20261002,20261002,1,82,82,0.9278600583038817,0.7704422024139921,0.043990924008128734,0.2941176470588235,0.037747781555552314,0.03985004062160454,0.044085845023860606
TxPert_GAT,TxPert_Exphormer,hepg2,3,B1_HGB,20261002,20261002,2,82,82,0.9278600583038817,0.7704422024139921,0.043990924008128734,0.2941176470588235,0.037747781555552314,0.03985004062160454,0.044085845023860606
TxPert_GAT,TxPert_Exphormer,hepg2,3,B1_HGB,20261002,20261002,3,82,82,0.9278600583038817,0.7704422024139921,0.043990924008128734,0.2941176470588235,0.037747781555552314,0.03985004062160454,0.044085845023860606
TxPert_GAT,TxPert_Exphormer,hepg2,3,B1_HGB,20261002,20261002,4,82,82,0.9278600583038817,0.7704422024139921,0.043990924008128734,0.2941176470588235,0.037747781555552314,0.03985004062160454,0.044085845023860606
TxPert_GAT,TxPert_Exphormer,hepg2,3,B1_HGB_ContentNull,20260930,20260930,0,82,82,0.8670975472777426,0.6969123104885667,0.044857368908227474,0.3529411764705882,0.04097617494458809,0.04143632635373912,0.043943741297599176
TxPert_GAT,TxPert_Exphormer,hepg2,3,B1_HGB_ContentNull,20260930,20260930,1,82,82,0.8405081832956498,0.6985013223626213,0.04489093199515669,0.3529411764705882,0.04120537499122391,0.04236489553968744,0.04434924988280809
TxPert_GAT,TxPert_Exphormer,hepg2,3,B1_HGB_ContentNull,20260930,20260930,2,82,82,0.8444661376501321,0.7408822280993895,0.0443725930548859,0.3529411764705882,0.037747781555552314,0.040531544651064955,0.043618944801384944
TxPert_GAT,TxPert_Exphormer,hepg2,3,B1_HGB_ContentNull,20260930,20260930,3,82,82,0.8647647547266062,0.7289972899728997,0.04451948907348541,0.3529411764705882,0.03902288089539531,0.04161934516254838,0.044074855272081756
TxPert_GAT,TxPert_Exphormer,hepg2,3,B1_HGB_ContentNull,20260930,20260930,4,82,82,0.9278600583038822,0.7093631980496512,0.044802203931821064,0.2941176470588235,0.038819791362766344,0.042103695060054645,0.04409020233218266
TxPert_GAT,TxPert_Exphormer,hepg2,3,B1_HGB_ContentNull,20261001,20261001,0,82,82,0.8670975472777426,0.6969123104885667,0.044857368908227474,0.3529411764705882,0.04097617494458809,0.04143632635373912,0.043943741297599176
TxPert_GAT,TxPert_Exphormer,hepg2,3,B1_HGB_ContentNull,20261001,20261001,1,82,82,0.8405081832956498,0.6985013223626213,0.04489093199515669,0.3529411764705882,0.04120537499122391,0.04236489553968744,0.04434924988280809
TxPert_GAT,TxPert_Exphormer,hepg2,3,B1_HGB_ContentNull,20261001,20261001,2,82,82,0.8444661376501321,0.7408822280993895,0.0443725930548859,0.3529411764705882,0.037747781555552314,0.040531544651064955,0.043618944801384944
TxPert_GAT,TxPert_Exphormer,hepg2,3,B1_HGB_ContentNull,20261001,20261001,3,82,82,0.8647647547266062,0.7289972899728997,0.04451948907348541,0.3529411764705882,0.03902288089539531,0.04161934516254838,0.044074855272081756
TxPert_GAT,TxPert_Exphormer,hepg2,3,B1_HGB_ContentNull,20261001,20261001,4,82,82,0.9278600583038822,0.7093631980496512,0.044802203931821064,0.2941176470588235,0.038819791362766344,0.042103695060054645,0.04409020233218266
TxPert_GAT,TxPert_Exphormer,hepg2,3,B1_HGB_ContentNull,20261002,20261002,0,82,82,0.8670975472777426,0.6969123104885667,0.044857368908227474,0.3529411764705882,0.04097617494458809,0.04143632635373912,0.043943741297599176
TxPert_GAT,TxPert_Exphormer,hepg2,3,B1_HGB_ContentNull,20261002,20261002,1,82,82,0.8405081832956498,0.6985013223626213,0.04489093199515669,0.3529411764705882,0.04120537499122391,0.04236489553968744,0.04434924988280809
TxPert_GAT,TxPert_Exphormer,hepg2,3,B1_HGB_ContentNull,20261002,20261002,2,82,82,0.8444661376501321,0.7408822280993895,0.0443725930548859,0.3529411764705882,0.037747781555552314,0.040531544651064955,0.043618944801384944
TxPert_GAT,TxPert_Exphormer,hepg2,3,B1_HGB_ContentNull,20261002,20261002,3,82,82,0.8647647547266062,0.7289972899728997,0.04451948907348541,0.3529411764705882,0.03902288089539531,0.04161934516254838,0.044074855272081756
TxPert_GAT,TxPert_Exphormer,hepg2,3,B1_HGB_ContentNull,20261002,20261002,4,82,82,0.9278600583038822,0.7093631980496512,0.044802203931821064,0.2941176470588235,0.038819791362766344,0.042103695060054645,0.04409020233218266
TxPert_GAT,TxPert_Exphormer,hepg2,3,B2_Pointwise,20260930,20260930,0,82,82,0.9609682772675624,0.7564893721226369,0.044292313097324836,0.23529411764705888,0.036709338449546824,0.04079030431938452,0.04308757215917545
TxPert_GAT,TxPert_Exphormer,hepg2,3,B2_Pointwise,20260930,20260930,1,82,82,0.9609682772675624,0.7564893721226369,0.044292313097324836,0.23529411764705888,0.036709338449546824,0.04079030431938452,0.04308757215917545
TxPert_GAT,TxPert_Exphormer,hepg2,3,B2_Pointwise,20260930,20260930,2,82,82,0.9609682772675624,0.7564893721226369,0.044292313097324836,0.23529411764705888,0.036709338449546824,0.04079030431938452,0.04308757215917545
TxPert_GAT,TxPert_Exphormer,hepg2,3,B2_Pointwise,20260930,20260930,3,82,82,0.9609682772675624,0.7564893721226369,0.044292313097324836,0.23529411764705888,0.036709338449546824,0.04079030431938452,0.04308757215917545
TxPert_GAT,TxPert_Exphormer,hepg2,3,B2_Pointwise,20260930,20260930,4,82,82,0.9609682772675624,0.7564893721226369,0.044292313097324836,0.23529411764705888,0.036709338449546824,0.04079030431938452,0.04308757215917545
TxPert_GAT,TxPert_Exphormer,hepg2,3,B2_Pointwise,20261001,20261001,0,82,82,0.960968277267562,0.7693756054026403,0.044025388614302184,0.23529411764705888,0.03670933844954684,0.03937997749651499,0.04357094838990623
TxPert_GAT,TxPert_Exphormer,hepg2,3,B2_Pointwise,20261001,20261001,1,82,82,0.960968277267562,0.7693756054026403,0.044025388614302184,0.23529411764705888,0.03670933844954684,0.03937997749651499,0.04357094838990623
TxPert_GAT,TxPert_Exphormer,hepg2,3,B2_Pointwise,20261001,20261001,2,82,82,0.960968277267562,0.7693756054026403,0.044025388614302184,0.23529411764705888,0.03670933844954684,0.03937997749651499,0.04357094838990623
TxPert_GAT,TxPert_Exphormer,hepg2,3,B2_Pointwise,20261001,20261001,3,82,82,0.960968277267562,0.7693756054026403,0.044025388614302184,0.23529411764705888,0.03670933844954684,0.03937997749651499,0.04357094838990623
TxPert_GAT,TxPert_Exphormer,hepg2,3,B2_Pointwise,20261001,20261001,4,82,82,0.960968277267562,0.7693756054026403,0.044025388614302184,0.23529411764705888,0.03670933844954684,0.03937997749651499,0.04357094838990623
TxPert_GAT,TxPert_Exphormer,hepg2,3,B2_Pointwise,20261002,20261002,0,82,82,0.8885407186938099,0.765522795790207,0.04415375469742966,0.2941176470588235,0.03670933844954684,0.04086058405726062,0.04383111790504649
TxPert_GAT,TxPert_Exphormer,hepg2,3,B2_Pointwise,20261002,20261002,1,82,82,0.8885407186938099,0.765522795790207,0.04415375469742966,0.2941176470588235,0.03670933844954684,0.04086058405726062,0.04383111790504649
TxPert_GAT,TxPert_Exphormer,hepg2,3,B2_Pointwise,20261002,20261002,2,82,82,0.8885407186938099,0.765522795790207,0.04415375469742966,0.2941176470588235,0.03670933844954684,0.04086058405726062,0.04383111790504649
TxPert_GAT,TxPert_Exphormer,hepg2,3,B2_Pointwise,20261002,20261002,3,82,82,0.8885407186938099,0.765522795790207,0.04415375469742966,0.2941176470588235,0.03670933844954684,0.04086058405726062,0.04383111790504649
TxPert_GAT,TxPert_Exphormer,hepg2,3,B2_Pointwise,20261002,20261002,4,82,82,0.8885407186938099,0.765522795790207,0.04415375469742966,0.2941176470588235,0.03670933844954684,0.04086058405726062,0.04383111790504649
TxPert_GAT,TxPert_Exphormer,hepg2,3,B2_Pointwise_ContentNull,20260930,20260930,0,82,82,0.8670975472777426,0.6914704890020787,0.04492926121254138,0.3529411764705882,0.04097617494458809,0.04121092176999031,0.045097790980691964
TxPert_GAT,TxPert_Exphormer,hepg2,3,B2_Pointwise_ContentNull,20260930,20260930,1,82,82,0.7794241193210514,0.6593202076599078,0.04530880265433764,0.4117647058823529,0.0399503604478538,0.04133009868571931,0.04524285885917407
TxPert_GAT,TxPert_Exphormer,hepg2,3,B2_Pointwise_ContentNull,20260930,20260930,2,82,82,0.8670975472777426,0.7192673131550593,0.04456627835281091,0.3529411764705882,0.03782248381371041,0.040735811618810736,0.04374818033640091
TxPert_GAT,TxPert_Exphormer,hepg2,3,B2_Pointwise_ContentNull,20260930,20260930,3,82,82,0.8556896882543162,0.7192020112972215,0.044436546487764295,0.3529411764705882,0.037984437789389834,0.040534941570127804,0.04484533423762139
TxPert_GAT,TxPert_Exphormer,hepg2,3,B2_Pointwise_ContentNull,20260930,20260930,4,82,82,0.8963646899683017,0.7256233606512773,0.0446537815129094,0.2941176470588235,0.038819791362766344,0.042413088583767466,0.043902179213196876
TxPert_GAT,TxPert_Exphormer,hepg2,3,B2_Pointwise_ContentNull,20261001,20261001,0,82,82,0.8410856680098564,0.7272341398112777,0.04453337185621285,0.3529411764705882,0.03907798317413925,0.04008439516527307,0.04413965408861237
TxPert_GAT,TxPert_Exphormer,hepg2,3,B2_Pointwise_ContentNull,20261001,20261001,1,82,82,0.8670975472777426,0.6918840674350519,0.0450182758820319,0.3529411764705882,0.0417381419415582,0.04023071990192713,0.04418492732476204
TxPert_GAT,TxPert_Exphormer,hepg2,3,B2_Pointwise_ContentNull,20261001,20261001,2,82,82,0.8647647547266057,0.7440820191334443,0.044426094199109416,0.3529411764705882,0.039011149790384086,0.040446883828551605,0.04302954479403381
TxPert_GAT,TxPert_Exphormer,hepg2,3,B2_Pointwise_ContentNull,20261001,20261001,3,82,82,0.8394111482779901,0.7158716165474908,0.044487651105880405,0.3529411764705882,0.03687985726254467,0.04157286733911586,0.04462381679772715
TxPert_GAT,TxPert_Exphormer,hepg2,3,B2_Pointwise_ContentNull,20261001,20261001,4,82,82,0.8633835976727248,0.7269293978080344,0.0446299822924453,0.3529411764705882,0.038826555453809766,0.04175982540327329,0.04397490242120315
TxPert_GAT,TxPert_Exphormer,hepg2,3,B2_Pointwise_ContentNull,20261002,20261002,0,82,82,0.867097547277743,0.7066422873064073,0.04473613313806373,0.3529411764705882,0.038425078760642134,0.04031191619116518,0.044628558153066496
TxPert_GAT,TxPert_Exphormer,hepg2,3,B2_Pointwise_ContentNull,20261002,20261002,1,82,82,0.7794241193210514,0.7196155897301946,0.04454766732487001,0.4117647058823529,0.03653567078817905,0.04099283110851465,0.044456112275976165
TxPert_GAT,TxPert_Exphormer,hepg2,3,B2_Pointwise_ContentNull,20261002,20261002,2,82,82,0.8647647547266057,0.7195502878723566,0.04471182823710676,0.3529411764705882,0.03970107560474509,0.040693574805385976,0.04370344434483157
TxPert_GAT,TxPert_Exphormer,hepg2,3,B2_Pointwise_ContentNull,20261002,20261002,3,82,82,0.8556896882543162,0.7052927155777582,0.04465467462882713,0.3529411764705882,0.03756978307690568,0.04157286733911587,0.04421730645512797
TxPert_GAT,TxPert_Exphormer,hepg2,3,B2_Pointwise_ContentNull,20261002,20261002,4,82,82,0.8990690131262165,0.688227163396132,0.04480008161267491,0.2941176470588235,0.03842507876064214,0.041008741955643135,0.04410248132988454
TxPert_GAT,TxPert_Exphormer,hepg2,3,Support_only,20260930,20260930,0,82,82,0.8633835976727252,0.7120265564200562,0.044721227779345424,0.3529411764705882,0.040298877739498265,0.04157286733911587,0.044596023989034846
TxPert_GAT,TxPert_Exphormer,hepg2,3,Support_only,20260930,20260930,1,82,82,0.8633835976727252,0.7120265564200562,0.044721227779345424,0.3529411764705882,0.040298877739498265,0.04157286733911587,0.044596023989034846
TxPert_GAT,TxPert_Exphormer,hepg2,3,Support_only,20260930,20260930,2,82,82,0.8633835976727252,0.7120265564200562,0.044721227779345424,0.3529411764705882,0.040298877739498265,0.04157286733911587,0.044596023989034846
TxPert_GAT,TxPert_Exphormer,hepg2,3,Support_only,20260930,20260930,3,82,82,0.8633835976727252,0.7120265564200562,0.044721227779345424,0.3529411764705882,0.040298877739498265,0.04157286733911587,0.044596023989034846
TxPert_GAT,TxPert_Exphormer,hepg2,3,Support_only,20260930,20260930,4,82,82,0.8633835976727252,0.7120265564200562,0.044721227779345424,0.3529411764705882,0.040298877739498265,0.04157286733911587,0.044596023989034846
TxPert_GAT,TxPert_Exphormer,hepg2,3,Support_only,20261001,20261001,0,82,82,0.8633835976727252,0.7120265564200562,0.044721227779345424,0.3529411764705882,0.040298877739498265,0.04157286733911587,0.044596023989034846
TxPert_GAT,TxPert_Exphormer,hepg2,3,Support_only,20261001,20261001,1,82,82,0.8633835976727252,0.7120265564200562,0.044721227779345424,0.3529411764705882,0.040298877739498265,0.04157286733911587,0.044596023989034846
TxPert_GAT,TxPert_Exphormer,hepg2,3,Support_only,20261001,20261001,2,82,82,0.8633835976727252,0.7120265564200562,0.044721227779345424,0.3529411764705882,0.040298877739498265,0.04157286733911587,0.044596023989034846
TxPert_GAT,TxPert_Exphormer,hepg2,3,Support_only,20261001,20261001,3,82,82,0.8633835976727252,0.7120265564200562,0.044721227779345424,0.3529411764705882,0.040298877739498265,0.04157286733911587,0.044596023989034846
TxPert_GAT,TxPert_Exphormer,hepg2,3,Support_only,20261001,20261001,4,82,82,0.8633835976727252,0.7120265564200562,0.044721227779345424,0.3529411764705882,0.040298877739498265,0.04157286733911587,0.044596023989034846
TxPert_GAT,TxPert_Exphormer,hepg2,3,Support_only,20261002,20261002,0,82,82,0.8633835976727252,0.7120265564200562,0.044721227779345424,0.3529411764705882,0.040298877739498265,0.04157286733911587,0.044596023989034846
TxPert_GAT,TxPert_Exphormer,hepg2,3,Support_only,20261002,20261002,1,82,82,0.8633835976727252,0.7120265564200562,0.044721227779345424,0.3529411764705882,0.040298877739498265,0.04157286733911587,0.044596023989034846
TxPert_GAT,TxPert_Exphormer,hepg2,3,Support_only,20261002,20261002,2,82,82,0.8633835976727252,0.7120265564200562,0.044721227779345424,0.3529411764705882,0.040298877739498265,0.04157286733911587,0.044596023989034846
TxPert_GAT,TxPert_Exphormer,hepg2,3,Support_only,20261002,20261002,3,82,82,0.8633835976727252,0.7120265564200562,0.044721227779345424,0.3529411764705882,0.040298877739498265,0.04157286733911587,0.044596023989034846
TxPert_GAT,TxPert_Exphormer,hepg2,3,Support_only,20261002,20261002,4,82,82,0.8633835976727252,0.7120265564200562,0.044721227779345424,0.3529411764705882,0.040298877739498265,0.04157286733911587,0.044596023989034846
TxPert_GAT,TxPert_Exphormer,hepg2,4,B1_HGB,20260930,20260930,0,73,73,0.8993012376123898,0.8349068246328522,0.04391586927405528,0.2666666666666667,0.031564893185178224,0.03941484942108174,0.04440551059226841
TxPert_GAT,TxPert_Exphormer,hepg2,4,B1_HGB,20260930,20260930,1,73,73,0.8993012376123898,0.8349068246328522,0.04391586927405528,0.2666666666666667,0.031564893185178224,0.03941484942108174,0.04440551059226841
TxPert_GAT,TxPert_Exphormer,hepg2,4,B1_HGB,20260930,20260930,2,73,73,0.8993012376123898,0.8349068246328522,0.04391586927405528,0.2666666666666667,0.031564893185178224,0.03941484942108174,0.04440551059226841
TxPert_GAT,TxPert_Exphormer,hepg2,4,B1_HGB,20260930,20260930,3,73,73,0.8993012376123898,0.8349068246328522,0.04391586927405528,0.2666666666666667,0.031564893185178224,0.03941484942108174,0.04440551059226841
TxPert_GAT,TxPert_Exphormer,hepg2,4,B1_HGB,20260930,20260930,4,73,73,0.8993012376123898,0.8349068246328522,0.04391586927405528,0.2666666666666667,0.031564893185178224,0.03941484942108174,0.04440551059226841
TxPert_GAT,TxPert_Exphormer,hepg2,4,B1_HGB,20261001,20261001,0,73,73,0.8993012376123898,0.8349068246328522,0.04391586927405528,0.2666666666666667,0.031564893185178224,0.03941484942108174,0.04440551059226841
TxPert_GAT,TxPert_Exphormer,hepg2,4,B1_HGB,20261001,20261001,1,73,73,0.8993012376123898,0.8349068246328522,0.04391586927405528,0.2666666666666667,0.031564893185178224,0.03941484942108174,0.04440551059226841
TxPert_GAT,TxPert_Exphormer,hepg2,4,B1_HGB,20261001,20261001,2,73,73,0.8993012376123898,0.8349068246328522,0.04391586927405528,0.2666666666666667,0.031564893185178224,0.03941484942108174,0.04440551059226841
TxPert_GAT,TxPert_Exphormer,hepg2,4,B1_HGB,20261001,20261001,3,73,73,0.8993012376123898,0.8349068246328522,0.04391586927405528,0.2666666666666667,0.031564893185178224,0.03941484942108174,0.04440551059226841
TxPert_GAT,TxPert_Exphormer,hepg2,4,B1_HGB,20261001,20261001,4,73,73,0.8993012376123898,0.8349068246328522,0.04391586927405528,0.2666666666666667,0.031564893185178224,0.03941484942108174,0.04440551059226841
TxPert_GAT,TxPert_Exphormer,hepg2,4,B1_HGB,20261002,20261002,0,73,73,0.8993012376123898,0.8349068246328522,0.04391586927405528,0.2666666666666667,0.031564893185178224,0.03941484942108174,0.04440551059226841
TxPert_GAT,TxPert_Exphormer,hepg2,4,B1_HGB,20261002,20261002,1,73,73,0.8993012376123898,0.8349068246328522,0.04391586927405528,0.2666666666666667,0.031564893185178224,0.03941484942108174,0.04440551059226841
TxPert_GAT,TxPert_Exphormer,hepg2,4,B1_HGB,20261002,20261002,2,73,73,0.8993012376123898,0.8349068246328522,0.04391586927405528,0.2666666666666667,0.031564893185178224,0.03941484942108174,0.04440551059226841
TxPert_GAT,TxPert_Exphormer,hepg2,4,B1_HGB,20261002,20261002,3,73,73,0.8993012376123898,0.8349068246328522,0.04391586927405528,0.2666666666666667,0.031564893185178224,0.03941484942108174,0.04440551059226841
TxPert_GAT,TxPert_Exphormer,hepg2,4,B1_HGB,20261002,20261002,4,73,73,0.8993012376123898,0.8349068246328522,0.04391586927405528,0.2666666666666667,0.031564893185178224,0.03941484942108174,0.04440551059226841
TxPert_GAT,TxPert_Exphormer,hepg2,4,B1_HGB_ContentNull,20260930,20260930,0,73,73,0.8109474692064543,0.8230902135011725,0.04400382653354987,0.33333333333333337,0.030360989620476765,0.03919888963743154,0.04429837159137919
TxPert_GAT,TxPert_Exphormer,hepg2,4,B1_HGB_ContentNull,20260930,20260930,1,73,73,0.8522956898860208,0.8244477354066396,0.04427525044750011,0.33333333333333337,0.03460371454584747,0.03928453041674884,0.04345875528879636
TxPert_GAT,TxPert_Exphormer,hepg2,4,B1_HGB_ContentNull,20260930,20260930,2,73,73,0.8697143615579397,0.8321300752807604,0.04421528268627862,0.2666666666666667,0.03156489318517823,0.0397080813813039,0.04370608986798263
TxPert_GAT,TxPert_Exphormer,hepg2,4,B1_HGB_ContentNull,20260930,20260930,3,73,73,0.7754800775083825,0.8224423053190179,0.04423885818062708,0.33333333333333337,0.03542941783834666,0.039345527637161176,0.044308471282599994
TxPert_GAT,TxPert_Exphormer,hepg2,4,B1_HGB_ContentNull,20260930,20260930,4,73,73,0.8014817673403085,0.8477415771936321,0.043931502392432875,0.4,0.03647042685973827,0.03858485644404179,0.043174969340051945
TxPert_GAT,TxPert_Exphormer,hepg2,4,B1_HGB_ContentNull,20261001,20261001,0,73,73,0.8109474692064543,0.8230902135011725,0.04400382653354987,0.33333333333333337,0.030360989620476765,0.03919888963743154,0.04429837159137919
TxPert_GAT,TxPert_Exphormer,hepg2,4,B1_HGB_ContentNull,20261001,20261001,1,73,73,0.8522956898860208,0.8244477354066396,0.04427525044750011,0.33333333333333337,0.03460371454584747,0.03928453041674884,0.04345875528879636
TxPert_GAT,TxPert_Exphormer,hepg2,4,B1_HGB_ContentNull,20261001,20261001,2,73,73,0.8697143615579397,0.8321300752807604,0.04421528268627862,0.2666666666666667,0.03156489318517823,0.0397080813813039,0.04370608986798263
TxPert_GAT,TxPert_Exphormer,hepg2,4,B1_HGB_ContentNull,20261001,20261001,3,73,73,0.7754800775083825,0.8224423053190179,0.04423885818062708,0.33333333333333337,0.03542941783834666,0.039345527637161176,0.044308471282599994
TxPert_GAT,TxPert_Exphormer,hepg2,4,B1_HGB_ContentNull,20261001,20261001,4,73,73,0.8014817673403085,0.8477415771936321,0.043931502392432875,0.4,0.03647042685973827,0.03858485644404179,0.043174969340051945
TxPert_GAT,TxPert_Exphormer,hepg2,4,B1_HGB_ContentNull,20261002,20261002,0,73,73,0.8109474692064543,0.8230902135011725,0.04400382653354987,0.33333333333333337,0.030360989620476765,0.03919888963743154,0.04429837159137919
TxPert_GAT,TxPert_Exphormer,hepg2,4,B1_HGB_ContentNull,20261002,20261002,1,73,73,0.8522956898860208,0.8244477354066396,0.04427525044750011,0.33333333333333337,0.03460371454584747,0.03928453041674884,0.04345875528879636
TxPert_GAT,TxPert_Exphormer,hepg2,4,B1_HGB_ContentNull,20261002,20261002,2,73,73,0.8697143615579397,0.8321300752807604,0.04421528268627862,0.2666666666666667,0.03156489318517823,0.0397080813813039,0.04370608986798263
TxPert_GAT,TxPert_Exphormer,hepg2,4,B1_HGB_ContentNull,20261002,20261002,3,73,73,0.7754800775083825,0.8224423053190179,0.04423885818062708,0.33333333333333337,0.03542941783834666,0.039345527637161176,0.044308471282599994
TxPert_GAT,TxPert_Exphormer,hepg2,4,B1_HGB_ContentNull,20261002,20261002,4,73,73,0.8014817673403085,0.8477415771936321,0.043931502392432875,0.4,0.03647042685973827,0.03858485644404179,0.043174969340051945
TxPert_GAT,TxPert_Exphormer,hepg2,4,B2_Pointwise,20260930,20260930,0,73,73,0.8648783458227278,0.8223098105098564,0.04397475035403668,0.19999999999999996,0.031564893185178224,0.03831180501445444,0.043519206217934585
TxPert_GAT,TxPert_Exphormer,hepg2,4,B2_Pointwise,20260930,20260930,1,73,73,0.8648783458227278,0.8223098105098564,0.04397475035403668,0.19999999999999996,0.031564893185178224,0.03831180501445444,0.043519206217934585
TxPert_GAT,TxPert_Exphormer,hepg2,4,B2_Pointwise,20260930,20260930,2,73,73,0.8648783458227278,0.8223098105098564,0.04397475035403668,0.19999999999999996,0.031564893185178224,0.03831180501445444,0.043519206217934585
TxPert_GAT,TxPert_Exphormer,hepg2,4,B2_Pointwise,20260930,20260930,3,73,73,0.8648783458227278,0.8223098105098564,0.04397475035403668,0.19999999999999996,0.031564893185178224,0.03831180501445444,0.043519206217934585
TxPert_GAT,TxPert_Exphormer,hepg2,4,B2_Pointwise,20260930,20260930,4,73,73,0.8648783458227278,0.8223098105098564,0.04397475035403668,0.19999999999999996,0.031564893185178224,0.03831180501445444,0.043519206217934585
TxPert_GAT,TxPert_Exphormer,hepg2,4,B2_Pointwise,20261001,20261001,0,73,73,0.831976768509917,0.8167962483030977,0.04406029296547341,0.2666666666666667,0.032190162997559564,0.03888553649642377,0.04351920621793458
TxPert_GAT,TxPert_Exphormer,hepg2,4,B2_Pointwise,20261001,20261001,1,73,73,0.831976768509917,0.8167962483030977,0.04406029296547341,0.2666666666666667,0.032190162997559564,0.03888553649642377,0.04351920621793458
TxPert_GAT,TxPert_Exphormer,hepg2,4,B2_Pointwise,20261001,20261001,2,73,73,0.831976768509917,0.8167962483030977,0.04406029296547341,0.2666666666666667,0.032190162997559564,0.03888553649642377,0.04351920621793458
TxPert_GAT,TxPert_Exphormer,hepg2,4,B2_Pointwise,20261001,20261001,3,73,73,0.831976768509917,0.8167962483030977,0.04406029296547341,0.2666666666666667,0.032190162997559564,0.03888553649642377,0.04351920621793458
TxPert_GAT,TxPert_Exphormer,hepg2,4,B2_Pointwise,20261001,20261001,4,73,73,0.831976768509917,0.8167962483030977,0.04406029296547341,0.2666666666666667,0.032190162997559564,0.03888553649642377,0.04351920621793458
TxPert_GAT,TxPert_Exphormer,hepg2,4,B2_Pointwise,20261002,20261002,0,73,73,0.9089886237139109,0.8269159570529435,0.04404760358139465,0.2666666666666667,0.03460371454584747,0.03888553649642377,0.044462271638674215
TxPert_GAT,TxPert_Exphormer,hepg2,4,B2_Pointwise,20261002,20261002,1,73,73,0.9089886237139109,0.8269159570529435,0.04404760358139465,0.2666666666666667,0.03460371454584747,0.03888553649642377,0.044462271638674215
TxPert_GAT,TxPert_Exphormer,hepg2,4,B2_Pointwise,20261002,20261002,2,73,73,0.9089886237139109,0.8269159570529435,0.04404760358139465,0.2666666666666667,0.03460371454584747,0.03888553649642377,0.044462271638674215
TxPert_GAT,TxPert_Exphormer,hepg2,4,B2_Pointwise,20261002,20261002,3,73,73,0.9089886237139109,0.8269159570529435,0.04404760358139465,0.2666666666666667,0.03460371454584747,0.03888553649642377,0.044462271638674215
TxPert_GAT,TxPert_Exphormer,hepg2,4,B2_Pointwise,20261002,20261002,4,73,73,0.9089886237139109,0.8269159570529435,0.04404760358139465,0.2666666666666667,0.03460371454584747,0.03888553649642377,0.044462271638674215
TxPert_GAT,TxPert_Exphormer,hepg2,4,B2_Pointwise_ContentNull,20260930,20260930,0,73,73,0.8151773532920307,0.8283043317289894,0.04387883458705851,0.33333333333333337,0.03265893619768361,0.03934552763716118,0.04370548879263085
TxPert_GAT,TxPert_Exphormer,hepg2,4,B2_Pointwise_ContentNull,20260930,20260930,1,73,73,0.7457342850142232,0.8273170430704678,0.04418291787930629,0.4,0.034805321882814176,0.03913789241701921,0.044149069405995986
TxPert_GAT,TxPert_Exphormer,hepg2,4,B2_Pointwise_ContentNull,20260930,20260930,2,73,73,0.7961188958391419,0.8334258916450699,0.04419734133028564,0.4,0.03265893619768362,0.03822252861798792,0.043675143015218285
TxPert_GAT,TxPert_Exphormer,hepg2,4,B2_Pointwise_ContentNull,20260930,20260930,3,73,73,0.8163835848509285,0.8217018388251267,0.044174594746609626,0.33333333333333337,0.034589224482212216,0.039284530416748856,0.04434356263984014
TxPert_GAT,TxPert_Exphormer,hepg2,4,B2_Pointwise_ContentNull,20260930,20260930,4,73,73,0.9255408016541075,0.8340737998272247,0.044276131725348056,0.2666666666666667,0.037057189244116474,0.039307770555369985,0.043618202081994545
TxPert_GAT,TxPert_Exphormer,hepg2,4,B2_Pointwise_ContentNull,20261001,20261001,0,73,73,0.8514293632793426,0.8334258916450699,0.04375942205133893,0.2666666666666667,0.032135955149596926,0.03848096183604035,0.0435306192115202
TxPert_GAT,TxPert_Exphormer,hepg2,4,B2_Pointwise_ContentNull,20261001,20261001,1,73,73,0.8887714186528093,0.8000740466493893,0.04448862284371341,0.2666666666666667,0.03299184892569089,0.03934552763716118,0.045124856344191965
TxPert_GAT,TxPert_Exphormer,hepg2,4,B2_Pointwise_ContentNull,20261001,20261001,2,73,73,0.7961188958391419,0.8113353079106504,0.044391927870788134,0.4,0.03383402779754666,0.0386511155680466,0.04403079288668653
TxPert_GAT,TxPert_Exphormer,hepg2,4,B2_Pointwise_ContentNull,20261001,20261001,3,73,73,0.7510971565153903,0.8185548562260891,0.04433026035243098,0.4,0.03265893619768361,0.03934552763716118,0.04432396664779957
TxPert_GAT,TxPert_Exphormer,hepg2,4,B2_Pointwise_ContentNull,20261001,20261001,4,73,73,0.8850589075812192,0.8406454399605086,0.04385739828113677,0.33333333333333337,0.02972240360130901,0.03947792428737625,0.04329124934284082
TxPert_GAT,TxPert_Exphormer,hepg2,4,B2_Pointwise_ContentNull,20261002,20261002,0,73,73,0.840803513446964,0.8341046525978033,0.043831897720901916,0.33333333333333337,0.029789927656058063,0.03919888963743154,0.04443503802822727
TxPert_GAT,TxPert_Exphormer,hepg2,4,B2_Pointwise_ContentNull,20261002,20261002,1,73,73,0.7692460250837683,0.8076946809823525,0.04411142417975703,0.4,0.029789927656058063,0.03962747658749022,0.04453262881704023
TxPert_GAT,TxPert_Exphormer,hepg2,4,B2_Pointwise_ContentNull,20261002,20261002,2,73,73,0.8354406419457973,0.8158089596445763,0.04426920691433901,0.33333333333333337,0.03624757934583458,0.03829376290835913,0.044133521413051
TxPert_GAT,TxPert_Exphormer,hepg2,4,B2_Pointwise_ContentNull,20261002,20261002,3,73,73,0.8143424089088475,0.8133098852276937,0.04425495307730734,0.33333333333333337,0.03265893619768361,0.039956646530166604,0.0441359421078365
TxPert_GAT,TxPert_Exphormer,hepg2,4,B2_Pointwise_ContentNull,20261002,20261002,4,73,73,0.8850589075812192,0.8438232753301248,0.0437830177575861,0.33333333333333337,0.02972240360130901,0.039646808567236104,0.04337386109025128
TxPert_GAT,TxPert_Exphormer,hepg2,4,Support_only,20260930,20260930,0,73,73,0.819630635908687,0.8258615905939481,0.04416768883303727,0.4,0.03156489318517823,0.03934552763716118,0.043548497601359704
TxPert_GAT,TxPert_Exphormer,hepg2,4,Support_only,20260930,20260930,1,73,73,0.819630635908687,0.8258615905939481,0.04416768883303727,0.4,0.03156489318517823,0.03934552763716118,0.043548497601359704
TxPert_GAT,TxPert_Exphormer,hepg2,4,Support_only,20260930,20260930,2,73,73,0.819630635908687,0.8258615905939481,0.04416768883303727,0.4,0.03156489318517823,0.03934552763716118,0.043548497601359704
TxPert_GAT,TxPert_Exphormer,hepg2,4,Support_only,20260930,20260930,3,73,73,0.819630635908687,0.8258615905939481,0.04416768883303727,0.4,0.03156489318517823,0.03934552763716118,0.043548497601359704
TxPert_GAT,TxPert_Exphormer,hepg2,4,Support_only,20260930,20260930,4,73,73,0.819630635908687,0.8258615905939481,0.04416768883303727,0.4,0.03156489318517823,0.03934552763716118,0.043548497601359704
TxPert_GAT,TxPert_Exphormer,hepg2,4,Support_only,20261001,20261001,0,73,73,0.819630635908687,0.8258615905939481,0.04416768883303727,0.4,0.03156489318517823,0.03934552763716118,0.043548497601359704
TxPert_GAT,TxPert_Exphormer,hepg2,4,Support_only,20261001,20261001,1,73,73,0.819630635908687,0.8258615905939481,0.04416768883303727,0.4,0.03156489318517823,0.03934552763716118,0.043548497601359704
TxPert_GAT,TxPert_Exphormer,hepg2,4,Support_only,20261001,20261001,2,73,73,0.819630635908687,0.8258615905939481,0.04416768883303727,0.4,0.03156489318517823,0.03934552763716118,0.043548497601359704
TxPert_GAT,TxPert_Exphormer,hepg2,4,Support_only,20261001,20261001,3,73,73,0.819630635908687,0.8258615905939481,0.04416768883303727,0.4,0.03156489318517823,0.03934552763716118,0.043548497601359704
TxPert_GAT,TxPert_Exphormer,hepg2,4,Support_only,20261001,20261001,4,73,73,0.819630635908687,0.8258615905939481,0.04416768883303727,0.4,0.03156489318517823,0.03934552763716118,0.043548497601359704
TxPert_GAT,TxPert_Exphormer,hepg2,4,Support_only,20261002,20261002,0,73,73,0.819630635908687,0.8258615905939481,0.04416768883303727,0.4,0.03156489318517823,0.03934552763716118,0.043548497601359704
TxPert_GAT,TxPert_Exphormer,hepg2,4,Support_only,20261002,20261002,1,73,73,0.819630635908687,0.8258615905939481,0.04416768883303727,0.4,0.03156489318517823,0.03934552763716118,0.043548497601359704
TxPert_GAT,TxPert_Exphormer,hepg2,4,Support_only,20261002,20261002,2,73,73,0.819630635908687,0.8258615905939481,0.04416768883303727,0.4,0.03156489318517823,0.03934552763716118,0.043548497601359704
TxPert_GAT,TxPert_Exphormer,hepg2,4,Support_only,20261002,20261002,3,73,73,0.819630635908687,0.8258615905939481,0.04416768883303727,0.4,0.03156489318517823,0.03934552763716118,0.043548497601359704
TxPert_GAT,TxPert_Exphormer,hepg2,4,Support_only,20261002,20261002,4,73,73,0.819630635908687,0.8258615905939481,0.04416768883303727,0.4,0.03156489318517823,0.03934552763716118,0.043548497601359704
TxPert_GAT,TxPert_Exphormer,jurkat,0,B1_HGB,20260930,20260930,0,83,83,0.7829728456661478,0.7790395029595734,0.042557179205223165,0.3529411764705882,0.03521878657644571,0.03708754359301582,0.043491728296734054
TxPert_GAT,TxPert_Exphormer,jurkat,0,B1_HGB,20260930,20260930,1,83,83,0.7829728456661478,0.7790395029595734,0.042557179205223165,0.3529411764705882,0.03521878657644571,0.03708754359301582,0.043491728296734054
TxPert_GAT,TxPert_Exphormer,jurkat,0,B1_HGB,20260930,20260930,2,83,83,0.7829728456661478,0.7790395029595734,0.042557179205223165,0.3529411764705882,0.03521878657644571,0.03708754359301582,0.043491728296734054
TxPert_GAT,TxPert_Exphormer,jurkat,0,B1_HGB,20260930,20260930,3,83,83,0.7829728456661478,0.7790395029595734,0.042557179205223165,0.3529411764705882,0.03521878657644571,0.03708754359301582,0.043491728296734054
TxPert_GAT,TxPert_Exphormer,jurkat,0,B1_HGB,20260930,20260930,4,83,83,0.7829728456661478,0.7790395029595734,0.042557179205223165,0.3529411764705882,0.03521878657644571,0.03708754359301582,0.043491728296734054
TxPert_GAT,TxPert_Exphormer,jurkat,0,B1_HGB,20261001,20261001,0,83,83,0.7829728456661478,0.7790395029595734,0.042557179205223165,0.3529411764705882,0.03521878657644571,0.03708754359301582,0.043491728296734054
TxPert_GAT,TxPert_Exphormer,jurkat,0,B1_HGB,20261001,20261001,1,83,83,0.7829728456661478,0.7790395029595734,0.042557179205223165,0.3529411764705882,0.03521878657644571,0.03708754359301582,0.043491728296734054
TxPert_GAT,TxPert_Exphormer,jurkat,0,B1_HGB,20261001,20261001,2,83,83,0.7829728456661478,0.7790395029595734,0.042557179205223165,0.3529411764705882,0.03521878657644571,0.03708754359301582,0.043491728296734054
TxPert_GAT,TxPert_Exphormer,jurkat,0,B1_HGB,20261001,20261001,3,83,83,0.7829728456661478,0.7790395029595734,0.042557179205223165,0.3529411764705882,0.03521878657644571,0.03708754359301582,0.043491728296734054
TxPert_GAT,TxPert_Exphormer,jurkat,0,B1_HGB,20261001,20261001,4,83,83,0.7829728456661478,0.7790395029595734,0.042557179205223165,0.3529411764705882,0.03521878657644571,0.03708754359301582,0.043491728296734054
TxPert_GAT,TxPert_Exphormer,jurkat,0,B1_HGB,20261002,20261002,0,83,83,0.7829728456661478,0.7790395029595734,0.042557179205223165,0.3529411764705882,0.03521878657644571,0.03708754359301582,0.043491728296734054
TxPert_GAT,TxPert_Exphormer,jurkat,0,B1_HGB,20261002,20261002,1,83,83,0.7829728456661478,0.7790395029595734,0.042557179205223165,0.3529411764705882,0.03521878657644571,0.03708754359301582,0.043491728296734054
TxPert_GAT,TxPert_Exphormer,jurkat,0,B1_HGB,20261002,20261002,2,83,83,0.7829728456661478,0.7790395029595734,0.042557179205223165,0.3529411764705882,0.03521878657644571,0.03708754359301582,0.043491728296734054
TxPert_GAT,TxPert_Exphormer,jurkat,0,B1_HGB,20261002,20261002,3,83,83,0.7829728456661478,0.7790395029595734,0.042557179205223165,0.3529411764705882,0.03521878657644571,0.03708754359301582,0.043491728296734054
TxPert_GAT,TxPert_Exphormer,jurkat,0,B1_HGB,20261002,20261002,4,83,83,0.7829728456661478,0.7790395029595734,0.042557179205223165,0.3529411764705882,0.03521878657644571,0.03708754359301582,0.043491728296734054
TxPert_GAT,TxPert_Exphormer,jurkat,0,B1_HGB_ContentNull,20260930,20260930,0,83,83,0.7254161246708957,0.7511439486167667,0.04295144562798224,0.4117647058823529,0.037016266232456775,0.03974070780691242,0.04230627494030697
TxPert_GAT,TxPert_Exphormer,jurkat,0,B1_HGB_ContentNull,20260930,20260930,1,83,83,0.7764724175441159,0.8056126946811637,0.042229109142868884,0.2941176470588235,0.035188989205795766,0.03838092338308319,0.042428025821736534
TxPert_GAT,TxPert_Exphormer,jurkat,0,B1_HGB_ContentNull,20260930,20260930,2,83,83,0.6974934171484211,0.7720918517274673,0.042843916554647296,0.4117647058823529,0.0379891838143212,0.03704131635977441,0.0427413534222153
TxPert_GAT,TxPert_Exphormer,jurkat,0,B1_HGB_ContentNull,20260930,20260930,3,83,83,0.7085769019856716,0.7619957180638931,0.04270140431226573,0.4117647058823529,0.03531837275952737,0.03844712925459354,0.04239687888803036
TxPert_GAT,TxPert_Exphormer,jurkat,0,B1_HGB_ContentNull,20260930,20260930,4,83,83,0.7054497467393166,0.7672431887830066,0.04285074048991382,0.4117647058823529,0.035188989205795766,0.03968112586180678,0.04282876998856844
TxPert_GAT,TxPert_Exphormer,jurkat,0,B1_HGB_ContentNull,20261001,20261001,0,83,83,0.7254161246708957,0.7511439486167667,0.04295144562798224,0.4117647058823529,0.037016266232456775,0.03974070780691242,0.04230627494030697
TxPert_GAT,TxPert_Exphormer,jurkat,0,B1_HGB_ContentNull,20261001,20261001,1,83,83,0.7764724175441159,0.8056126946811637,0.042229109142868884,0.2941176470588235,0.035188989205795766,0.03838092338308319,0.042428025821736534
TxPert_GAT,TxPert_Exphormer,jurkat,0,B1_HGB_ContentNull,20261001,20261001,2,83,83,0.6974934171484211,0.7720918517274673,0.042843916554647296,0.4117647058823529,0.0379891838143212,0.03704131635977441,0.0427413534222153
TxPert_GAT,TxPert_Exphormer,jurkat,0,B1_HGB_ContentNull,20261001,20261001,3,83,83,0.7085769019856716,0.7619957180638931,0.04270140431226573,0.4117647058823529,0.03531837275952737,0.03844712925459354,0.04239687888803036
TxPert_GAT,TxPert_Exphormer,jurkat,0,B1_HGB_ContentNull,20261001,20261001,4,83,83,0.7054497467393166,0.7672431887830066,0.04285074048991382,0.4117647058823529,0.035188989205795766,0.03968112586180678,0.04282876998856844
TxPert_GAT,TxPert_Exphormer,jurkat,0,B1_HGB_ContentNull,20261002,20261002,0,83,83,0.7254161246708957,0.7511439486167667,0.04295144562798224,0.4117647058823529,0.037016266232456775,0.03974070780691242,0.04230627494030697
TxPert_GAT,TxPert_Exphormer,jurkat,0,B1_HGB_ContentNull,20261002,20261002,1,83,83,0.7764724175441159,0.8056126946811637,0.042229109142868884,0.2941176470588235,0.035188989205795766,0.03838092338308319,0.042428025821736534
TxPert_GAT,TxPert_Exphormer,jurkat,0,B1_HGB_ContentNull,20261002,20261002,2,83,83,0.6974934171484211,0.7720918517274673,0.042843916554647296,0.4117647058823529,0.0379891838143212,0.03704131635977441,0.0427413534222153
TxPert_GAT,TxPert_Exphormer,jurkat,0,B1_HGB_ContentNull,20261002,20261002,3,83,83,0.7085769019856716,0.7619957180638931,0.04270140431226573,0.4117647058823529,0.03531837275952737,0.03844712925459354,0.04239687888803036
TxPert_GAT,TxPert_Exphormer,jurkat,0,B1_HGB_ContentNull,20261002,20261002,4,83,83,0.7054497467393166,0.7672431887830066,0.04285074048991382,0.4117647058823529,0.035188989205795766,0.03968112586180678,0.04282876998856844
TxPert_GAT,TxPert_Exphormer,jurkat,0,B2_Pointwise,20260930,20260930,0,83,83,0.6777371986800673,0.7627513538474455,0.04289298906941316,0.47058823529411764,0.03532882574705421,0.036248334096015154,0.0423696447215954
TxPert_GAT,TxPert_Exphormer,jurkat,0,B2_Pointwise,20260930,20260930,1,83,83,0.6777371986800673,0.7627513538474455,0.04289298906941316,0.47058823529411764,0.03532882574705421,0.036248334096015154,0.0423696447215954
TxPert_GAT,TxPert_Exphormer,jurkat,0,B2_Pointwise,20260930,20260930,2,83,83,0.6777371986800673,0.7627513538474455,0.04289298906941316,0.47058823529411764,0.03532882574705421,0.036248334096015154,0.0423696447215954
TxPert_GAT,TxPert_Exphormer,jurkat,0,B2_Pointwise,20260930,20260930,3,83,83,0.6777371986800673,0.7627513538474455,0.04289298906941316,0.47058823529411764,0.03532882574705421,0.036248334096015154,0.0423696447215954
TxPert_GAT,TxPert_Exphormer,jurkat,0,B2_Pointwise,20260930,20260930,4,83,83,0.6777371986800673,0.7627513538474455,0.04289298906941316,0.47058823529411764,0.03532882574705421,0.036248334096015154,0.0423696447215954
TxPert_GAT,TxPert_Exphormer,jurkat,0,B2_Pointwise,20261001,20261001,0,83,83,0.7532005341890317,0.757084085470803,0.04283105429475674,0.4117647058823529,0.034629309792821784,0.03708754359301582,0.04363397345706486
TxPert_GAT,TxPert_Exphormer,jurkat,0,B2_Pointwise,20261001,20261001,1,83,83,0.7532005341890317,0.757084085470803,0.04283105429475674,0.4117647058823529,0.034629309792821784,0.03708754359301582,0.04363397345706486
TxPert_GAT,TxPert_Exphormer,jurkat,0,B2_Pointwise,20261001,20261001,2,83,83,0.7532005341890317,0.757084085470803,0.04283105429475674,0.4117647058823529,0.034629309792821784,0.03708754359301582,0.04363397345706486
TxPert_GAT,TxPert_Exphormer,jurkat,0,B2_Pointwise,20261001,20261001,3,83,83,0.7532005341890317,0.757084085470803,0.04283105429475674,0.4117647058823529,0.034629309792821784,0.03708754359301582,0.04363397345706486
TxPert_GAT,TxPert_Exphormer,jurkat,0,B2_Pointwise,20261001,20261001,4,83,83,0.7532005341890317,0.757084085470803,0.04283105429475674,0.4117647058823529,0.034629309792821784,0.03708754359301582,0.04363397345706486
TxPert_GAT,TxPert_Exphormer,jurkat,0,B2_Pointwise,20261002,20261002,0,83,83,0.6585236284884427,0.7524453213551067,0.0428861275845144,0.4117647058823529,0.03643275235151264,0.037791120916393355,0.042731380735116876
TxPert_GAT,TxPert_Exphormer,jurkat,0,B2_Pointwise,20261002,20261002,1,83,83,0.6585236284884427,0.7524453213551067,0.0428861275845144,0.4117647058823529,0.03643275235151264,0.037791120916393355,0.042731380735116876
TxPert_GAT,TxPert_Exphormer,jurkat,0,B2_Pointwise,20261002,20261002,2,83,83,0.6585236284884427,0.7524453213551067,0.0428861275845144,0.4117647058823529,0.03643275235151264,0.037791120916393355,0.042731380735116876
TxPert_GAT,TxPert_Exphormer,jurkat,0,B2_Pointwise,20261002,20261002,3,83,83,0.6585236284884427,0.7524453213551067,0.0428861275845144,0.4117647058823529,0.03643275235151264,0.037791120916393355,0.042731380735116876
TxPert_GAT,TxPert_Exphormer,jurkat,0,B2_Pointwise,20261002,20261002,4,83,83,0.6585236284884427,0.7524453213551067,0.0428861275845144,0.4117647058823529,0.03643275235151264,0.037791120916393355,0.042731380735116876
TxPert_GAT,TxPert_Exphormer,jurkat,0,B2_Pointwise_ContentNull,20260930,20260930,0,83,83,0.7080054718187919,0.7490659502119978,0.04305586357727497,0.4117647058823529,0.035624100891780176,0.040467850729182096,0.0426401852086399
TxPert_GAT,TxPert_Exphormer,jurkat,0,B2_Pointwise_ContentNull,20260930,20260930,1,83,83,0.7899420361666832,0.7946349859367784,0.042420409355434494,0.2941176470588235,0.03835051022170399,0.0382135445512808,0.042170265930085264
TxPert_GAT,TxPert_Exphormer,jurkat,0,B2_Pointwise_ContentNull,20260930,20260930,2,83,83,0.7458235296501434,0.7588052558666722,0.04290943801311246,0.4117647058823529,0.04087651872412383,0.037616205955842766,0.042385673708512386
TxPert_GAT,TxPert_Exphormer,jurkat,0,B2_Pointwise_ContentNull,20260930,20260930,3,83,83,0.8023589071461698,0.7694471264850341,0.042604874486173505,0.2941176470588235,0.03477757544211832,0.03717489527802327,0.043114674601502756
TxPert_GAT,TxPert_Exphormer,jurkat,0,B2_Pointwise_ContentNull,20260930,20260930,4,83,83,0.766268646867201,0.764073716468662,0.04316457059544117,0.3529411764705882,0.03629830336723465,0.039390733316595525,0.04254270444609298
TxPert_GAT,TxPert_Exphormer,jurkat,0,B2_Pointwise_ContentNull,20261001,20261001,0,83,83,0.7284970079022204,0.7809705721842071,0.04270821018638999,0.4117647058823529,0.0383180487147338,0.03812542254447766,0.04245493990219386
TxPert_GAT,TxPert_Exphormer,jurkat,0,B2_Pointwise_ContentNull,20261001,20261001,1,83,83,0.8140026653760022,0.7851475588766214,0.042926213900673554,0.23529411764705888,0.03840656213320741,0.03766820996630871,0.042108554221110726
TxPert_GAT,TxPert_Exphormer,jurkat,0,B2_Pointwise_ContentNull,20261001,20261001,2,83,83,0.6648785726824367,0.7584274379748961,0.04295258110433294,0.47058823529411764,0.03948339899102115,0.03807538920732428,0.04284083003222376
TxPert_GAT,TxPert_Exphormer,jurkat,0,B2_Pointwise_ContentNull,20261001,20261001,3,83,83,0.7761118183058625,0.7667604214768481,0.04276787017527926,0.2941176470588235,0.0375754271126703,0.03700023936409757,0.04291879996392183
TxPert_GAT,TxPert_Exphormer,jurkat,0,B2_Pointwise_ContentNull,20261001,20261001,4,83,83,0.6799870863003308,0.7435456110154904,0.04334118259009223,0.47058823529411764,0.03647150050821188,0.039681125861806776,0.042706319937713164
TxPert_GAT,TxPert_Exphormer,jurkat,0,B2_Pointwise_ContentNull,20261002,20261002,0,83,83,0.6595775726035965,0.7474917089962637,0.04304568633082073,0.47058823529411764,0.03921841819880242,0.039158770528610096,0.041984764241727555
TxPert_GAT,TxPert_Exphormer,jurkat,0,B2_Pointwise_ContentNull,20261002,20261002,1,83,83,0.7565717401661319,0.7953486419545779,0.042423977394136586,0.2941176470588235,0.03680394821699775,0.037370554650726154,0.042117063445300584
TxPert_GAT,TxPert_Exphormer,jurkat,0,B2_Pointwise_ContentNull,20261002,20261002,2,83,83,0.7317018692976103,0.7618277990008816,0.04318999038948153,0.3529411764705882,0.03893229191078359,0.03808228985119166,0.04308036986514062
TxPert_GAT,TxPert_Exphormer,jurkat,0,B2_Pointwise_ContentNull,20261002,20261002,3,83,83,0.8071268734696815,0.7622266067755342,0.04265728604328501,0.2941176470588235,0.0342198713478496,0.03595236800814631,0.043410917738688354
TxPert_GAT,TxPert_Exphormer,jurkat,0,B2_Pointwise_ContentNull,20261002,20261002,4,83,83,0.7464063496952156,0.7399773309264934,0.043210010260028985,0.3529411764705882,0.03660051133511041,0.0386083433338792,0.04303114830155504
TxPert_GAT,TxPert_Exphormer,jurkat,0,Support_only,20260930,20260930,0,83,83,0.7546468699366663,0.770846998703986,0.04277566798889089,0.3529411764705882,0.03607856935055328,0.03847539703479456,0.04249714828831381
TxPert_GAT,TxPert_Exphormer,jurkat,0,Support_only,20260930,20260930,1,83,83,0.7546468699366663,0.770846998703986,0.04277566798889089,0.3529411764705882,0.03607856935055328,0.03847539703479456,0.04249714828831381
TxPert_GAT,TxPert_Exphormer,jurkat,0,Support_only,20260930,20260930,2,83,83,0.7546468699366663,0.770846998703986,0.04277566798889089,0.3529411764705882,0.03607856935055328,0.03847539703479456,0.04249714828831381
TxPert_GAT,TxPert_Exphormer,jurkat,0,Support_only,20260930,20260930,3,83,83,0.7546468699366663,0.770846998703986,0.04277566798889089,0.3529411764705882,0.03607856935055328,0.03847539703479456,0.04249714828831381
TxPert_GAT,TxPert_Exphormer,jurkat,0,Support_only,20260930,20260930,4,83,83,0.7546468699366663,0.770846998703986,0.04277566798889089,0.3529411764705882,0.03607856935055328,0.03847539703479456,0.04249714828831381
TxPert_GAT,TxPert_Exphormer,jurkat,0,Support_only,20261001,20261001,0,83,83,0.7546468699366663,0.770846998703986,0.04277566798889089,0.3529411764705882,0.03607856935055328,0.03847539703479456,0.04249714828831381
TxPert_GAT,TxPert_Exphormer,jurkat,0,Support_only,20261001,20261001,1,83,83,0.7546468699366663,0.770846998703986,0.04277566798889089,0.3529411764705882,0.03607856935055328,0.03847539703479456,0.04249714828831381
TxPert_GAT,TxPert_Exphormer,jurkat,0,Support_only,20261001,20261001,2,83,83,0.7546468699366663,0.770846998703986,0.04277566798889089,0.3529411764705882,0.03607856935055328,0.03847539703479456,0.04249714828831381
TxPert_GAT,TxPert_Exphormer,jurkat,0,Support_only,20261001,20261001,3,83,83,0.7546468699366663,0.770846998703986,0.04277566798889089,0.3529411764705882,0.03607856935055328,0.03847539703479456,0.04249714828831381
TxPert_GAT,TxPert_Exphormer,jurkat,0,Support_only,20261001,20261001,4,83,83,0.7546468699366663,0.770846998703986,0.04277566798889089,0.3529411764705882,0.03607856935055328,0.03847539703479456,0.04249714828831381
TxPert_GAT,TxPert_Exphormer,jurkat,0,Support_only,20261002,20261002,0,83,83,0.7546468699366663,0.770846998703986,0.04277566798889089,0.3529411764705882,0.03607856935055328,0.03847539703479456,0.04249714828831381
TxPert_GAT,TxPert_Exphormer,jurkat,0,Support_only,20261002,20261002,1,83,83,0.7546468699366663,0.770846998703986,0.04277566798889089,0.3529411764705882,0.03607856935055328,0.03847539703479456,0.04249714828831381
TxPert_GAT,TxPert_Exphormer,jurkat,0,Support_only,20261002,20261002,2,83,83,0.7546468699366663,0.770846998703986,0.04277566798889089,0.3529411764705882,0.03607856935055328,0.03847539703479456,0.04249714828831381
TxPert_GAT,TxPert_Exphormer,jurkat,0,Support_only,20261002,20261002,3,83,83,0.7546468699366663,0.770846998703986,0.04277566798889089,0.3529411764705882,0.03607856935055328,0.03847539703479456,0.04249714828831381
TxPert_GAT,TxPert_Exphormer,jurkat,0,Support_only,20261002,20261002,4,83,83,0.7546468699366663,0.770846998703986,0.04277566798889089,0.3529411764705882,0.03607856935055328,0.03847539703479456,0.04249714828831381
TxPert_GAT,TxPert_Exphormer,jurkat,1,B1_HGB,20260930,20260930,0,83,83,0.7818295634295287,0.7293354603081313,0.04678220052969066,0.4117647058823529,0.03760981495960637,0.04137718999077333,0.04717355812134627
TxPert_GAT,TxPert_Exphormer,jurkat,1,B1_HGB,20260930,20260930,1,83,83,0.7818295634295287,0.7293354603081313,0.04678220052969066,0.4117647058823529,0.03760981495960637,0.04137718999077333,0.04717355812134627
TxPert_GAT,TxPert_Exphormer,jurkat,1,B1_HGB,20260930,20260930,2,83,83,0.7818295634295287,0.7293354603081313,0.04678220052969066,0.4117647058823529,0.03760981495960637,0.04137718999077333,0.04717355812134627
TxPert_GAT,TxPert_Exphormer,jurkat,1,B1_HGB,20260930,20260930,3,83,83,0.7818295634295287,0.7293354603081313,0.04678220052969066,0.4117647058823529,0.03760981495960637,0.04137718999077333,0.04717355812134627
TxPert_GAT,TxPert_Exphormer,jurkat,1,B1_HGB,20260930,20260930,4,83,83,0.7818295634295287,0.7293354603081313,0.04678220052969066,0.4117647058823529,0.03760981495960637,0.04137718999077333,0.04717355812134627
TxPert_GAT,TxPert_Exphormer,jurkat,1,B1_HGB,20261001,20261001,0,83,83,0.7818295634295287,0.7293354603081313,0.04678220052969066,0.4117647058823529,0.03760981495960637,0.04137718999077333,0.04717355812134627
TxPert_GAT,TxPert_Exphormer,jurkat,1,B1_HGB,20261001,20261001,1,83,83,0.7818295634295287,0.7293354603081313,0.04678220052969066,0.4117647058823529,0.03760981495960637,0.04137718999077333,0.04717355812134627
TxPert_GAT,TxPert_Exphormer,jurkat,1,B1_HGB,20261001,20261001,2,83,83,0.7818295634295287,0.7293354603081313,0.04678220052969066,0.4117647058823529,0.03760981495960637,0.04137718999077333,0.04717355812134627
TxPert_GAT,TxPert_Exphormer,jurkat,1,B1_HGB,20261001,20261001,3,83,83,0.7818295634295287,0.7293354603081313,0.04678220052969066,0.4117647058823529,0.03760981495960637,0.04137718999077333,0.04717355812134627
TxPert_GAT,TxPert_Exphormer,jurkat,1,B1_HGB,20261001,20261001,4,83,83,0.7818295634295287,0.7293354603081313,0.04678220052969066,0.4117647058823529,0.03760981495960637,0.04137718999077333,0.04717355812134627
TxPert_GAT,TxPert_Exphormer,jurkat,1,B1_HGB,20261002,20261002,0,83,83,0.7818295634295287,0.7293354603081313,0.04678220052969066,0.4117647058823529,0.03760981495960637,0.04137718999077333,0.04717355812134627
TxPert_GAT,TxPert_Exphormer,jurkat,1,B1_HGB,20261002,20261002,1,83,83,0.7818295634295287,0.7293354603081313,0.04678220052969066,0.4117647058823529,0.03760981495960637,0.04137718999077333,0.04717355812134627
TxPert_GAT,TxPert_Exphormer,jurkat,1,B1_HGB,20261002,20261002,2,83,83,0.7818295634295287,0.7293354603081313,0.04678220052969066,0.4117647058823529,0.03760981495960637,0.04137718999077333,0.04717355812134627
TxPert_GAT,TxPert_Exphormer,jurkat,1,B1_HGB,20261002,20261002,3,83,83,0.7818295634295287,0.7293354603081313,0.04678220052969066,0.4117647058823529,0.03760981495960637,0.04137718999077333,0.04717355812134627
TxPert_GAT,TxPert_Exphormer,jurkat,1,B1_HGB,20261002,20261002,4,83,83,0.7818295634295287,0.7293354603081313,0.04678220052969066,0.4117647058823529,0.03760981495960637,0.04137718999077333,0.04717355812134627
TxPert_GAT,TxPert_Exphormer,jurkat,1,B1_HGB_ContentNull,20260930,20260930,0,83,83,0.6533534747037892,0.6975777675160572,0.047451204883077774,0.5294117647058824,0.0378745057475715,0.042242777762413856,0.04735103527605707
TxPert_GAT,TxPert_Exphormer,jurkat,1,B1_HGB_ContentNull,20260930,20260930,1,83,83,0.7255438178768716,0.7078628101255195,0.04736371512429436,0.4117647058823529,0.04217153210219889,0.0420926541203868,0.047544472743315046
TxPert_GAT,TxPert_Exphormer,jurkat,1,B1_HGB_ContentNull,20260930,20260930,2,83,83,0.7510784374222865,0.6767348138197388,0.04787413527635927,0.4117647058823529,0.036726253980961084,0.042158883265286135,0.047498602573397566
TxPert_GAT,TxPert_Exphormer,jurkat,1,B1_HGB_ContentNull,20260930,20260930,3,83,83,0.48929620128252405,0.7009151588934133,0.04742695503424116,0.5882352941176471,0.0386395518561887,0.042601152743202655,0.046855159643538716
TxPert_GAT,TxPert_Exphormer,jurkat,1,B1_HGB_ContentNull,20260930,20260930,4,83,83,0.7816921636208832,0.716594601402124,0.047102165727854244,0.4117647058823529,0.0386395518561887,0.04172416325931802,0.04772700098579057
TxPert_GAT,TxPert_Exphormer,jurkat,1,B1_HGB_ContentNull,20261001,20261001,0,83,83,0.6533534747037892,0.6975777675160572,0.047451204883077774,0.5294117647058824,0.0378745057475715,0.042242777762413856,0.04735103527605707
TxPert_GAT,TxPert_Exphormer,jurkat,1,B1_HGB_ContentNull,20261001,20261001,1,83,83,0.7255438178768716,0.7078628101255195,0.04736371512429436,0.4117647058823529,0.04217153210219889,0.0420926541203868,0.047544472743315046
TxPert_GAT,TxPert_Exphormer,jurkat,1,B1_HGB_ContentNull,20261001,20261001,2,83,83,0.7510784374222865,0.6767348138197388,0.04787413527635927,0.4117647058823529,0.036726253980961084,0.042158883265286135,0.047498602573397566
TxPert_GAT,TxPert_Exphormer,jurkat,1,B1_HGB_ContentNull,20261001,20261001,3,83,83,0.48929620128252405,0.7009151588934133,0.04742695503424116,0.5882352941176471,0.0386395518561887,0.042601152743202655,0.046855159643538716
TxPert_GAT,TxPert_Exphormer,jurkat,1,B1_HGB_ContentNull,20261001,20261001,4,83,83,0.7816921636208832,0.716594601402124,0.047102165727854244,0.4117647058823529,0.0386395518561887,0.04172416325931802,0.04772700098579057
TxPert_GAT,TxPert_Exphormer,jurkat,1,B1_HGB_ContentNull,20261002,20261002,0,83,83,0.6533534747037892,0.6975777675160572,0.047451204883077774,0.5294117647058824,0.0378745057475715,0.042242777762413856,0.04735103527605707
TxPert_GAT,TxPert_Exphormer,jurkat,1,B1_HGB_ContentNull,20261002,20261002,1,83,83,0.7255438178768716,0.7078628101255195,0.04736371512429436,0.4117647058823529,0.04217153210219889,0.0420926541203868,0.047544472743315046
TxPert_GAT,TxPert_Exphormer,jurkat,1,B1_HGB_ContentNull,20261002,20261002,2,83,83,0.7510784374222865,0.6767348138197388,0.04787413527635927,0.4117647058823529,0.036726253980961084,0.042158883265286135,0.047498602573397566
TxPert_GAT,TxPert_Exphormer,jurkat,1,B1_HGB_ContentNull,20261002,20261002,3,83,83,0.48929620128252405,0.7009151588934133,0.04742695503424116,0.5882352941176471,0.0386395518561887,0.042601152743202655,0.046855159643538716
TxPert_GAT,TxPert_Exphormer,jurkat,1,B1_HGB_ContentNull,20261002,20261002,4,83,83,0.7816921636208832,0.716594601402124,0.047102165727854244,0.4117647058823529,0.0386395518561887,0.04172416325931802,0.04772700098579057
TxPert_GAT,TxPert_Exphormer,jurkat,1,B2_Pointwise,20260930,20260930,0,83,83,0.748263200517632,0.7414676126107216,0.04684043490763268,0.4117647058823529,0.037609814959606365,0.04185321046422457,0.04700530673338051
TxPert_GAT,TxPert_Exphormer,jurkat,1,B2_Pointwise,20260930,20260930,1,83,83,0.748263200517632,0.7414676126107216,0.04684043490763268,0.4117647058823529,0.037609814959606365,0.04185321046422457,0.04700530673338051
TxPert_GAT,TxPert_Exphormer,jurkat,1,B2_Pointwise,20260930,20260930,2,83,83,0.748263200517632,0.7414676126107216,0.04684043490763268,0.4117647058823529,0.037609814959606365,0.04185321046422457,0.04700530673338051
TxPert_GAT,TxPert_Exphormer,jurkat,1,B2_Pointwise,20260930,20260930,3,83,83,0.748263200517632,0.7414676126107216,0.04684043490763268,0.4117647058823529,0.037609814959606365,0.04185321046422457,0.04700530673338051
TxPert_GAT,TxPert_Exphormer,jurkat,1,B2_Pointwise,20260930,20260930,4,83,83,0.748263200517632,0.7414676126107216,0.04684043490763268,0.4117647058823529,0.037609814959606365,0.04185321046422457,0.04700530673338051
TxPert_GAT,TxPert_Exphormer,jurkat,1,B2_Pointwise,20261001,20261001,0,83,83,0.8016646770834472,0.730049116325931,0.046767346418597276,0.4117647058823529,0.036831097521602144,0.040333661425517274,0.04777438544293844
TxPert_GAT,TxPert_Exphormer,jurkat,1,B2_Pointwise,20261001,20261001,1,83,83,0.8016646770834472,0.730049116325931,0.046767346418597276,0.4117647058823529,0.036831097521602144,0.040333661425517274,0.04777438544293844
TxPert_GAT,TxPert_Exphormer,jurkat,1,B2_Pointwise,20261001,20261001,2,83,83,0.8016646770834472,0.730049116325931,0.046767346418597276,0.4117647058823529,0.036831097521602144,0.040333661425517274,0.04777438544293844
TxPert_GAT,TxPert_Exphormer,jurkat,1,B2_Pointwise,20261001,20261001,3,83,83,0.8016646770834472,0.730049116325931,0.046767346418597276,0.4117647058823529,0.036831097521602144,0.040333661425517274,0.04777438544293844
TxPert_GAT,TxPert_Exphormer,jurkat,1,B2_Pointwise,20261001,20261001,4,83,83,0.8016646770834472,0.730049116325931,0.046767346418597276,0.4117647058823529,0.036831097521602144,0.040333661425517274,0.04777438544293844
TxPert_GAT,TxPert_Exphormer,jurkat,1,B2_Pointwise,20261002,20261002,0,83,83,0.7633204950984558,0.7330716594601401,0.0467283664538593,0.4117647058823529,0.03692702638794462,0.04117764070610065,0.04742932884598628
TxPert_GAT,TxPert_Exphormer,jurkat,1,B2_Pointwise,20261002,20261002,1,83,83,0.7633204950984558,0.7330716594601401,0.0467283664538593,0.4117647058823529,0.03692702638794462,0.04117764070610065,0.04742932884598628
TxPert_GAT,TxPert_Exphormer,jurkat,1,B2_Pointwise,20261002,20261002,2,83,83,0.7633204950984558,0.7330716594601401,0.0467283664538593,0.4117647058823529,0.03692702638794462,0.04117764070610065,0.04742932884598628
TxPert_GAT,TxPert_Exphormer,jurkat,1,B2_Pointwise,20261002,20261002,3,83,83,0.7633204950984558,0.7330716594601401,0.0467283664538593,0.4117647058823529,0.03692702638794462,0.04117764070610065,0.04742932884598628
TxPert_GAT,TxPert_Exphormer,jurkat,1,B2_Pointwise,20261002,20261002,4,83,83,0.7633204950984558,0.7330716594601401,0.0467283664538593,0.4117647058823529,0.03692702638794462,0.04117764070610065,0.04742932884598628
TxPert_GAT,TxPert_Exphormer,jurkat,1,B2_Pointwise_ContentNull,20260930,20260930,0,83,83,0.7132032853625409,0.6951219512195121,0.04755886824108163,0.47058823529411764,0.0376202212970292,0.04236318681437102,0.04707850481166568
TxPert_GAT,TxPert_Exphormer,jurkat,1,B2_Pointwise_ContentNull,20260930,20260930,1,83,83,0.6659282541097918,0.7004953612358842,0.04772209165630826,0.47058823529411764,0.03957446543091991,0.04232417165039272,0.04814726781084673
TxPert_GAT,TxPert_Exphormer,jurkat,1,B2_Pointwise_ContentNull,20260930,20260930,2,83,83,0.7510784374222872,0.6925611855085848,0.04786248826947073,0.4117647058823529,0.042046908026803685,0.04311272004694683,0.04809748871886653
TxPert_GAT,TxPert_Exphormer,jurkat,1,B2_Pointwise_ContentNull,20260930,20260930,3,83,83,0.6087860173673345,0.7114940598631458,0.047459724353110126,0.47058823529411764,0.03957446543091991,0.0414786213659471,0.04715429500023702
TxPert_GAT,TxPert_Exphormer,jurkat,1,B2_Pointwise_ContentNull,20260930,20260930,4,83,83,0.7369999005261972,0.6981025145879686,0.04756606579433433,0.4117647058823529,0.03951206146767412,0.04156114336554115,0.047192920098936594
TxPert_GAT,TxPert_Exphormer,jurkat,1,B2_Pointwise_ContentNull,20261001,20261001,0,83,83,0.7272818222586312,0.6952269006338945,0.0477363249163739,0.47058823529411764,0.0378745057475715,0.042363186814371026,0.04762430682872317
TxPert_GAT,TxPert_Exphormer,jurkat,1,B2_Pointwise_ContentNull,20261001,20261001,1,83,83,0.7081314937506207,0.687985391041518,0.04778883744714446,0.47058823529411764,0.04001518787646283,0.041356700015516334,0.04749847500927781
TxPert_GAT,TxPert_Exphormer,jurkat,1,B2_Pointwise_ContentNull,20261001,20261001,2,83,83,0.648459630925985,0.6621678351034801,0.048282020380189486,0.47058823529411764,0.040449356916520136,0.043835503204054216,0.047589914231188
TxPert_GAT,TxPert_Exphormer,jurkat,1,B2_Pointwise_ContentNull,20261001,20261001,3,83,83,0.6927433053606266,0.7198060534822216,0.047692840457813544,0.47058823529411764,0.03957446543091991,0.042644700851002595,0.046425295184239046
TxPert_GAT,TxPert_Exphormer,jurkat,1,B2_Pointwise_ContentNull,20261001,20261001,4,83,83,0.7816921636208832,0.6793165694135426,0.047200369760985496,0.4117647058823529,0.03775447645980761,0.041543843593016334,0.048287332463952524
TxPert_GAT,TxPert_Exphormer,jurkat,1,B2_Pointwise_ContentNull,20261002,20261002,0,83,83,0.7126606043463424,0.6932748415263843,0.0480274701861316,0.47058823529411764,0.04004522247917573,0.04240518777916526,0.04687161591206547
TxPert_GAT,TxPert_Exphormer,jurkat,1,B2_Pointwise_ContentNull,20261002,20261002,1,83,83,0.713419040583203,0.692666134922967,0.04736216724618664,0.4117647058823529,0.0370570404962839,0.042053957260024935,0.04761318692399276
TxPert_GAT,TxPert_Exphormer,jurkat,1,B2_Pointwise_ContentNull,20261002,20261002,2,83,83,0.6781220874483376,0.6765668947567272,0.04815712905165397,0.47058823529411764,0.042046908026803685,0.043046312124006544,0.04881397465134142
TxPert_GAT,TxPert_Exphormer,jurkat,1,B2_Pointwise_ContentNull,20261002,20261002,3,83,83,0.6042030357604149,0.6797363670710717,0.04766745994620152,0.5294117647058824,0.03957446543091991,0.04207951077483062,0.04838792983109961
TxPert_GAT,TxPert_Exphormer,jurkat,1,B2_Pointwise_ContentNull,20261002,20261002,4,83,83,0.8316439750931676,0.7033709751899584,0.047459691827609285,0.3529411764705882,0.03951206146767412,0.04178690642580348,0.0474865726784132
TxPert_GAT,TxPert_Exphormer,jurkat,1,Support_only,20260930,20260930,0,83,83,0.7227527116629096,0.7125435540069686,0.047484046386397756,0.47058823529411764,0.03874701535905692,0.04201310285189034,0.04641552780845596
TxPert_GAT,TxPert_Exphormer,jurkat,1,Support_only,20260930,20260930,1,83,83,0.7227527116629096,0.7125435540069686,0.047484046386397756,0.47058823529411764,0.03874701535905692,0.04201310285189034,0.04641552780845596
TxPert_GAT,TxPert_Exphormer,jurkat,1,Support_only,20260930,20260930,2,83,83,0.7227527116629096,0.7125435540069686,0.047484046386397756,0.47058823529411764,0.03874701535905692,0.04201310285189034,0.04641552780845596
TxPert_GAT,TxPert_Exphormer,jurkat,1,Support_only,20260930,20260930,3,83,83,0.7227527116629096,0.7125435540069686,0.047484046386397756,0.47058823529411764,0.03874701535905692,0.04201310285189034,0.04641552780845596
TxPert_GAT,TxPert_Exphormer,jurkat,1,Support_only,20260930,20260930,4,83,83,0.7227527116629096,0.7125435540069686,0.047484046386397756,0.47058823529411764,0.03874701535905692,0.04201310285189034,0.04641552780845596
TxPert_GAT,TxPert_Exphormer,jurkat,1,Support_only,20261001,20261001,0,83,83,0.7227527116629096,0.7125435540069686,0.047484046386397756,0.47058823529411764,0.03874701535905692,0.04201310285189034,0.04641552780845596
TxPert_GAT,TxPert_Exphormer,jurkat,1,Support_only,20261001,20261001,1,83,83,0.7227527116629096,0.7125435540069686,0.047484046386397756,0.47058823529411764,0.03874701535905692,0.04201310285189034,0.04641552780845596
TxPert_GAT,TxPert_Exphormer,jurkat,1,Support_only,20261001,20261001,2,83,83,0.7227527116629096,0.7125435540069686,0.047484046386397756,0.47058823529411764,0.03874701535905692,0.04201310285189034,0.04641552780845596
TxPert_GAT,TxPert_Exphormer,jurkat,1,Support_only,20261001,20261001,3,83,83,0.7227527116629096,0.7125435540069686,0.047484046386397756,0.47058823529411764,0.03874701535905692,0.04201310285189034,0.04641552780845596
TxPert_GAT,TxPert_Exphormer,jurkat,1,Support_only,20261001,20261001,4,83,83,0.7227527116629096,0.7125435540069686,0.047484046386397756,0.47058823529411764,0.03874701535905692,0.04201310285189034,0.04641552780845596
TxPert_GAT,TxPert_Exphormer,jurkat,1,Support_only,20261002,20261002,0,83,83,0.7227527116629096,0.7125435540069686,0.047484046386397756,0.47058823529411764,0.03874701535905692,0.04201310285189034,0.04641552780845596
TxPert_GAT,TxPert_Exphormer,jurkat,1,Support_only,20261002,20261002,1,83,83,0.7227527116629096,0.7125435540069686,0.047484046386397756,0.47058823529411764,0.03874701535905692,0.04201310285189034,0.04641552780845596
TxPert_GAT,TxPert_Exphormer,jurkat,1,Support_only,20261002,20261002,2,83,83,0.7227527116629096,0.7125435540069686,0.047484046386397756,0.47058823529411764,0.03874701535905692,0.04201310285189034,0.04641552780845596
TxPert_GAT,TxPert_Exphormer,jurkat,1,Support_only,20261002,20261002,3,83,83,0.7227527116629096,0.7125435540069686,0.047484046386397756,0.47058823529411764,0.03874701535905692,0.04201310285189034,0.04641552780845596
TxPert_GAT,TxPert_Exphormer,jurkat,1,Support_only,20261002,20261002,4,83,83,0.7227527116629096,0.7125435540069686,0.047484046386397756,0.47058823529411764,0.03874701535905692,0.04201310285189034,0.04641552780845596
TxPert_GAT,TxPert_Exphormer,jurkat,2,B1_HGB,20260930,20260930,0,83,83,0.736219542380028,0.7336383862978044,0.04487511845001031,0.4117647058823529,0.034022060203813334,0.037344102030434034,0.045640809176164615
TxPert_GAT,TxPert_Exphormer,jurkat,2,B1_HGB,20260930,20260930,1,83,83,0.736219542380028,0.7336383862978044,0.04487511845001031,0.4117647058823529,0.034022060203813334,0.037344102030434034,0.045640809176164615
TxPert_GAT,TxPert_Exphormer,jurkat,2,B1_HGB,20260930,20260930,2,83,83,0.736219542380028,0.7336383862978044,0.04487511845001031,0.4117647058823529,0.034022060203813334,0.037344102030434034,0.045640809176164615
TxPert_GAT,TxPert_Exphormer,jurkat,2,B1_HGB,20260930,20260930,3,83,83,0.736219542380028,0.7336383862978044,0.04487511845001031,0.4117647058823529,0.034022060203813334,0.037344102030434034,0.045640809176164615
TxPert_GAT,TxPert_Exphormer,jurkat,2,B1_HGB,20260930,20260930,4,83,83,0.736219542380028,0.7336383862978044,0.04487511845001031,0.4117647058823529,0.034022060203813334,0.037344102030434034,0.045640809176164615
TxPert_GAT,TxPert_Exphormer,jurkat,2,B1_HGB,20261001,20261001,0,83,83,0.736219542380028,0.7336383862978044,0.04487511845001031,0.4117647058823529,0.034022060203813334,0.037344102030434034,0.045640809176164615
TxPert_GAT,TxPert_Exphormer,jurkat,2,B1_HGB,20261001,20261001,1,83,83,0.736219542380028,0.7336383862978044,0.04487511845001031,0.4117647058823529,0.034022060203813334,0.037344102030434034,0.045640809176164615
TxPert_GAT,TxPert_Exphormer,jurkat,2,B1_HGB,20261001,20261001,2,83,83,0.736219542380028,0.7336383862978044,0.04487511845001031,0.4117647058823529,0.034022060203813334,0.037344102030434034,0.045640809176164615
TxPert_GAT,TxPert_Exphormer,jurkat,2,B1_HGB,20261001,20261001,3,83,83,0.736219542380028,0.7336383862978044,0.04487511845001031,0.4117647058823529,0.034022060203813334,0.037344102030434034,0.045640809176164615
TxPert_GAT,TxPert_Exphormer,jurkat,2,B1_HGB,20261001,20261001,4,83,83,0.736219542380028,0.7336383862978044,0.04487511845001031,0.4117647058823529,0.034022060203813334,0.037344102030434034,0.045640809176164615
TxPert_GAT,TxPert_Exphormer,jurkat,2,B1_HGB,20261002,20261002,0,83,83,0.736219542380028,0.7336383862978044,0.04487511845001031,0.4117647058823529,0.034022060203813334,0.037344102030434034,0.045640809176164615
TxPert_GAT,TxPert_Exphormer,jurkat,2,B1_HGB,20261002,20261002,1,83,83,0.736219542380028,0.7336383862978044,0.04487511845001031,0.4117647058823529,0.034022060203813334,0.037344102030434034,0.045640809176164615
TxPert_GAT,TxPert_Exphormer,jurkat,2,B1_HGB,20261002,20261002,2,83,83,0.736219542380028,0.7336383862978044,0.04487511845001031,0.4117647058823529,0.034022060203813334,0.037344102030434034,0.045640809176164615
TxPert_GAT,TxPert_Exphormer,jurkat,2,B1_HGB,20261002,20261002,3,83,83,0.736219542380028,0.7336383862978044,0.04487511845001031,0.4117647058823529,0.034022060203813334,0.037344102030434034,0.045640809176164615
TxPert_GAT,TxPert_Exphormer,jurkat,2,B1_HGB,20261002,20261002,4,83,83,0.736219542380028,0.7336383862978044,0.04487511845001031,0.4117647058823529,0.034022060203813334,0.037344102030434034,0.045640809176164615
TxPert_GAT,TxPert_Exphormer,jurkat,2,B1_HGB_ContentNull,20260930,20260930,0,83,83,0.7242907488391087,0.676419965576592,0.04637628343426849,0.47058823529411764,0.04383172876732314,0.04191624068216484,0.04551143658114751
TxPert_GAT,TxPert_Exphormer,jurkat,2,B1_HGB_ContentNull,20260930,20260930,1,83,83,0.7768107316274341,0.6571302632131312,0.046501676738446455,0.3529411764705882,0.03754221992363511,0.04346640470276555,0.046453026198130146
TxPert_GAT,TxPert_Exphormer,jurkat,2,B1_HGB_ContentNull,20260930,20260930,2,83,83,0.7636436985862759,0.6772805507745265,0.046220927432318815,0.4117647058823529,0.04043228353434932,0.04236384712026964,0.04607346415152639
TxPert_GAT,TxPert_Exphormer,jurkat,2,B1_HGB_ContentNull,20260930,20260930,3,83,83,0.8219751809824583,0.6740271189286763,0.046230439233587974,0.3529411764705882,0.03619688837686889,0.04070135832889145,0.04652081192894826
TxPert_GAT,TxPert_Exphormer,jurkat,2,B1_HGB_ContentNull,20260930,20260930,4,83,83,0.7499319602684438,0.6937995885982955,0.046041738457017006,0.4117647058823529,0.04041260566783894,0.04192055907959788,0.04588605693213941
TxPert_GAT,TxPert_Exphormer,jurkat,2,B1_HGB_ContentNull,20261001,20261001,0,83,83,0.7242907488391087,0.676419965576592,0.04637628343426849,0.47058823529411764,0.04383172876732314,0.04191624068216484,0.04551143658114751
TxPert_GAT,TxPert_Exphormer,jurkat,2,B1_HGB_ContentNull,20261001,20261001,1,83,83,0.7768107316274341,0.6571302632131312,0.046501676738446455,0.3529411764705882,0.03754221992363511,0.04346640470276555,0.046453026198130146
TxPert_GAT,TxPert_Exphormer,jurkat,2,B1_HGB_ContentNull,20261001,20261001,2,83,83,0.7636436985862759,0.6772805507745265,0.046220927432318815,0.4117647058823529,0.04043228353434932,0.04236384712026964,0.04607346415152639
TxPert_GAT,TxPert_Exphormer,jurkat,2,B1_HGB_ContentNull,20261001,20261001,3,83,83,0.8219751809824583,0.6740271189286763,0.046230439233587974,0.3529411764705882,0.03619688837686889,0.04070135832889145,0.04652081192894826
TxPert_GAT,TxPert_Exphormer,jurkat,2,B1_HGB_ContentNull,20261001,20261001,4,83,83,0.7499319602684438,0.6937995885982955,0.046041738457017006,0.4117647058823529,0.04041260566783894,0.04192055907959788,0.04588605693213941
TxPert_GAT,TxPert_Exphormer,jurkat,2,B1_HGB_ContentNull,20261002,20261002,0,83,83,0.7242907488391087,0.676419965576592,0.04637628343426849,0.47058823529411764,0.04383172876732314,0.04191624068216484,0.04551143658114751
TxPert_GAT,TxPert_Exphormer,jurkat,2,B1_HGB_ContentNull,20261002,20261002,1,83,83,0.7768107316274341,0.6571302632131312,0.046501676738446455,0.3529411764705882,0.03754221992363511,0.04346640470276555,0.046453026198130146
TxPert_GAT,TxPert_Exphormer,jurkat,2,B1_HGB_ContentNull,20261002,20261002,2,83,83,0.7636436985862759,0.6772805507745265,0.046220927432318815,0.4117647058823529,0.04043228353434932,0.04236384712026964,0.04607346415152639
TxPert_GAT,TxPert_Exphormer,jurkat,2,B1_HGB_ContentNull,20261002,20261002,3,83,83,0.8219751809824583,0.6740271189286763,0.046230439233587974,0.3529411764705882,0.03619688837686889,0.04070135832889145,0.04652081192894826
TxPert_GAT,TxPert_Exphormer,jurkat,2,B1_HGB_ContentNull,20261002,20261002,4,83,83,0.7499319602684438,0.6937995885982955,0.046041738457017006,0.4117647058823529,0.04041260566783894,0.04192055907959788,0.04588605693213941
TxPert_GAT,TxPert_Exphormer,jurkat,2,B2_Pointwise,20260930,20260930,0,83,83,0.7630538760607621,0.6906301162839511,0.04553525218305756,0.4117647058823529,0.035582395225973625,0.041058547979642424,0.0460561319117412
TxPert_GAT,TxPert_Exphormer,jurkat,2,B2_Pointwise,20260930,20260930,1,83,83,0.7630538760607621,0.6906301162839511,0.04553525218305756,0.4117647058823529,0.035582395225973625,0.041058547979642424,0.0460561319117412
TxPert_GAT,TxPert_Exphormer,jurkat,2,B2_Pointwise,20260930,20260930,2,83,83,0.7630538760607621,0.6906301162839511,0.04553525218305756,0.4117647058823529,0.035582395225973625,0.041058547979642424,0.0460561319117412
TxPert_GAT,TxPert_Exphormer,jurkat,2,B2_Pointwise,20260930,20260930,3,83,83,0.7630538760607621,0.6906301162839511,0.04553525218305756,0.4117647058823529,0.035582395225973625,0.041058547979642424,0.0460561319117412
TxPert_GAT,TxPert_Exphormer,jurkat,2,B2_Pointwise,20260930,20260930,4,83,83,0.7630538760607621,0.6906301162839511,0.04553525218305756,0.4117647058823529,0.035582395225973625,0.041058547979642424,0.0460561319117412
TxPert_GAT,TxPert_Exphormer,jurkat,2,B2_Pointwise,20261001,20261001,0,83,83,0.7688935197303728,0.7233113639225892,0.04510566812072507,0.4117647058823529,0.0381189066072323,0.038253040494053335,0.045605747944850936
TxPert_GAT,TxPert_Exphormer,jurkat,2,B2_Pointwise,20261001,20261001,1,83,83,0.7688935197303728,0.7233113639225892,0.04510566812072507,0.4117647058823529,0.0381189066072323,0.038253040494053335,0.045605747944850936
TxPert_GAT,TxPert_Exphormer,jurkat,2,B2_Pointwise,20261001,20261001,2,83,83,0.7688935197303728,0.7233113639225892,0.04510566812072507,0.4117647058823529,0.0381189066072323,0.038253040494053335,0.045605747944850936
TxPert_GAT,TxPert_Exphormer,jurkat,2,B2_Pointwise,20261001,20261001,3,83,83,0.7688935197303728,0.7233113639225892,0.04510566812072507,0.4117647058823529,0.0381189066072323,0.038253040494053335,0.045605747944850936
TxPert_GAT,TxPert_Exphormer,jurkat,2,B2_Pointwise,20261001,20261001,4,83,83,0.7688935197303728,0.7233113639225892,0.04510566812072507,0.4117647058823529,0.0381189066072323,0.038253040494053335,0.045605747944850936
TxPert_GAT,TxPert_Exphormer,jurkat,2,B2_Pointwise,20261002,20261002,0,83,83,0.7630538760607621,0.7078208303597665,0.045263928193732476,0.4117647058823529,0.03558239522597362,0.03799747492103919,0.046390756376494355
TxPert_GAT,TxPert_Exphormer,jurkat,2,B2_Pointwise,20261002,20261002,1,83,83,0.7630538760607621,0.7078208303597665,0.045263928193732476,0.4117647058823529,0.03558239522597362,0.03799747492103919,0.046390756376494355
TxPert_GAT,TxPert_Exphormer,jurkat,2,B2_Pointwise,20261002,20261002,2,83,83,0.7630538760607621,0.7078208303597665,0.045263928193732476,0.4117647058823529,0.03558239522597362,0.03799747492103919,0.046390756376494355
TxPert_GAT,TxPert_Exphormer,jurkat,2,B2_Pointwise,20261002,20261002,3,83,83,0.7630538760607621,0.7078208303597665,0.045263928193732476,0.4117647058823529,0.03558239522597362,0.03799747492103919,0.046390756376494355
TxPert_GAT,TxPert_Exphormer,jurkat,2,B2_Pointwise,20261002,20261002,4,83,83,0.7630538760607621,0.7078208303597665,0.045263928193732476,0.4117647058823529,0.03558239522597362,0.03799747492103919,0.046390756376494355
TxPert_GAT,TxPert_Exphormer,jurkat,2,B2_Pointwise_ContentNull,20260930,20260930,0,83,83,0.6910375187258809,0.651840812728265,0.04652041943774879,0.47058823529411764,0.04173225135363565,0.042069743474724065,0.047207663331124236
TxPert_GAT,TxPert_Exphormer,jurkat,2,B2_Pointwise_ContentNull,20260930,20260930,1,83,83,0.6238337148941868,0.669703203056127,0.04623104073764754,0.47058823529411764,0.038155016707811476,0.042489750998653514,0.04634637178602411
TxPert_GAT,TxPert_Exphormer,jurkat,2,B2_Pointwise_ContentNull,20260930,20260930,2,83,83,0.6740224004824008,0.6550942445741152,0.046260363779099034,0.47058823529411764,0.03858612213998978,0.04370108466872976,0.0466470623375499
TxPert_GAT,TxPert_Exphormer,jurkat,2,B2_Pointwise_ContentNull,20260930,20260930,3,83,83,0.781603961590562,0.6553461231686326,0.04638828784896465,0.2941176470588235,0.042079249008835584,0.041021478563783215,0.04660528753726591
TxPert_GAT,TxPert_Exphormer,jurkat,2,B2_Pointwise_ContentNull,20260930,20260930,4,83,83,0.7384414611619042,0.7000545736954787,0.045904416073246766,0.4117647058823529,0.03955622874085077,0.0428409772186618,0.045880813120177354
TxPert_GAT,TxPert_Exphormer,jurkat,2,B2_Pointwise_ContentNull,20261001,20261001,0,83,83,0.7493074550425661,0.6754964107300281,0.04625297846868453,0.4117647058823529,0.04280135742817563,0.04284635715543213,0.04543117195019727
TxPert_GAT,TxPert_Exphormer,jurkat,2,B2_Pointwise_ContentNull,20261001,20261001,1,83,83,0.7507736729145804,0.6333697157969858,0.04642314321408573,0.4117647058823529,0.03897477460281337,0.041070215966015816,0.04635731280569993
TxPert_GAT,TxPert_Exphormer,jurkat,2,B2_Pointwise_ContentNull,20261001,20261001,2,83,83,0.7564535183419364,0.6720750598211661,0.04610076718189569,0.4117647058823529,0.0375170160654498,0.04373053686265019,0.04645366529324195
TxPert_GAT,TxPert_Exphormer,jurkat,2,B2_Pointwise_ContentNull,20261001,20261001,3,83,83,0.794750001039937,0.6693253851643507,0.04638037815916455,0.3529411764705882,0.041010666584665414,0.04233122790241028,0.04618542641114968
TxPert_GAT,TxPert_Exphormer,jurkat,2,B2_Pointwise_ContentNull,20261001,20261001,4,83,83,0.7384414611619036,0.7031190965954408,0.04582982321921062,0.4117647058823529,0.03919225648584267,0.03917949840993967,0.04606856707316689
TxPert_GAT,TxPert_Exphormer,jurkat,2,B2_Pointwise_ContentNull,20261002,20261002,0,83,83,0.6782412321163589,0.6454179085680701,0.046529499414689854,0.47058823529411764,0.040239056530240035,0.041977441732032605,0.046727515817348346
TxPert_GAT,TxPert_Exphormer,jurkat,2,B2_Pointwise_ContentNull,20261002,20261002,1,83,83,0.7636436985862759,0.6875865832668653,0.04579640673742568,0.4117647058823529,0.0371330321855861,0.04253800485770663,0.04635267459721103
TxPert_GAT,TxPert_Exphormer,jurkat,2,B2_Pointwise_ContentNull,20261002,20261002,2,83,83,0.7636436985862759,0.6936526594181603,0.046158872139351145,0.4117647058823529,0.043409474865622466,0.044243189496305534,0.04549784630418827
TxPert_GAT,TxPert_Exphormer,jurkat,2,B2_Pointwise_ContentNull,20261002,20261002,3,83,83,0.7765886170450481,0.6805129927375004,0.04603527095523391,0.4117647058823529,0.0375170160654498,0.04203491281740872,0.04582757528205353
TxPert_GAT,TxPert_Exphormer,jurkat,2,B2_Pointwise_ContentNull,20261002,20261002,4,83,83,0.7761100194559519,0.7113051509172579,0.04591166044574374,0.3529411764705882,0.03944249906697796,0.040504495859102194,0.04656806856425874
TxPert_GAT,TxPert_Exphormer,jurkat,2,Support_only,20260930,20260930,0,83,83,0.7384414611619036,0.7051970950002099,0.04572980078051753,0.4117647058823529,0.037133032185586105,0.041944402730811306,0.04632531598864892
TxPert_GAT,TxPert_Exphormer,jurkat,2,Support_only,20260930,20260930,1,83,83,0.7384414611619036,0.7051970950002099,0.04572980078051753,0.4117647058823529,0.037133032185586105,0.041944402730811306,0.04632531598864892
TxPert_GAT,TxPert_Exphormer,jurkat,2,Support_only,20260930,20260930,2,83,83,0.7384414611619036,0.7051970950002099,0.04572980078051753,0.4117647058823529,0.037133032185586105,0.041944402730811306,0.04632531598864892
TxPert_GAT,TxPert_Exphormer,jurkat,2,Support_only,20260930,20260930,3,83,83,0.7384414611619036,0.7051970950002099,0.04572980078051753,0.4117647058823529,0.037133032185586105,0.041944402730811306,0.04632531598864892
TxPert_GAT,TxPert_Exphormer,jurkat,2,Support_only,20260930,20260930,4,83,83,0.7384414611619036,0.7051970950002099,0.04572980078051753,0.4117647058823529,0.037133032185586105,0.041944402730811306,0.04632531598864892
TxPert_GAT,TxPert_Exphormer,jurkat,2,Support_only,20261001,20261001,0,83,83,0.7384414611619036,0.7051970950002099,0.04572980078051753,0.4117647058823529,0.037133032185586105,0.041944402730811306,0.04632531598864892
TxPert_GAT,TxPert_Exphormer,jurkat,2,Support_only,20261001,20261001,1,83,83,0.7384414611619036,0.7051970950002099,0.04572980078051753,0.4117647058823529,0.037133032185586105,0.041944402730811306,0.04632531598864892
TxPert_GAT,TxPert_Exphormer,jurkat,2,Support_only,20261001,20261001,2,83,83,0.7384414611619036,0.7051970950002099,0.04572980078051753,0.4117647058823529,0.037133032185586105,0.041944402730811306,0.04632531598864892
TxPert_GAT,TxPert_Exphormer,jurkat,2,Support_only,20261001,20261001,3,83,83,0.7384414611619036,0.7051970950002099,0.04572980078051753,0.4117647058823529,0.037133032185586105,0.041944402730811306,0.04632531598864892
TxPert_GAT,TxPert_Exphormer,jurkat,2,Support_only,20261001,20261001,4,83,83,0.7384414611619036,0.7051970950002099,0.04572980078051753,0.4117647058823529,0.037133032185586105,0.041944402730811306,0.04632531598864892
TxPert_GAT,TxPert_Exphormer,jurkat,2,Support_only,20261002,20261002,0,83,83,0.7384414611619036,0.7051970950002099,0.04572980078051753,0.4117647058823529,0.037133032185586105,0.041944402730811306,0.04632531598864892
TxPert_GAT,TxPert_Exphormer,jurkat,2,Support_only,20261002,20261002,1,83,83,0.7384414611619036,0.7051970950002099,0.04572980078051753,0.4117647058823529,0.037133032185586105,0.041944402730811306,0.04632531598864892
TxPert_GAT,TxPert_Exphormer,jurkat,2,Support_only,20261002,20261002,2,83,83,0.7384414611619036,0.7051970950002099,0.04572980078051753,0.4117647058823529,0.037133032185586105,0.041944402730811306,0.04632531598864892
TxPert_GAT,TxPert_Exphormer,jurkat,2,Support_only,20261002,20261002,3,83,83,0.7384414611619036,0.7051970950002099,0.04572980078051753,0.4117647058823529,0.037133032185586105,0.041944402730811306,0.04632531598864892
TxPert_GAT,TxPert_Exphormer,jurkat,2,Support_only,20261002,20261002,4,83,83,0.7384414611619036,0.7051970950002099,0.04572980078051753,0.4117647058823529,0.037133032185586105,0.041944402730811306,0.04632531598864892
TxPert_GAT,TxPert_Exphormer,jurkat,3,B1_HGB,20260930,20260930,0,78,78,0.5783163831295122,0.571997622630534,0.04662040465823106,0.5625,0.042838770255805,0.042552822117106176,0.04678783405174411
TxPert_GAT,TxPert_Exphormer,jurkat,3,B1_HGB,20260930,20260930,1,78,78,0.5783163831295122,0.571997622630534,0.04662040465823106,0.5625,0.042838770255805,0.042552822117106176,0.04678783405174411
TxPert_GAT,TxPert_Exphormer,jurkat,3,B1_HGB,20260930,20260930,2,78,78,0.5783163831295122,0.571997622630534,0.04662040465823106,0.5625,0.042838770255805,0.042552822117106176,0.04678783405174411
TxPert_GAT,TxPert_Exphormer,jurkat,3,B1_HGB,20260930,20260930,3,78,78,0.5783163831295122,0.571997622630534,0.04662040465823106,0.5625,0.042838770255805,0.042552822117106176,0.04678783405174411
TxPert_GAT,TxPert_Exphormer,jurkat,3,B1_HGB,20260930,20260930,4,78,78,0.5783163831295122,0.571997622630534,0.04662040465823106,0.5625,0.042838770255805,0.042552822117106176,0.04678783405174411
TxPert_GAT,TxPert_Exphormer,jurkat,3,B1_HGB,20261001,20261001,0,78,78,0.5783163831295122,0.571997622630534,0.04662040465823106,0.5625,0.042838770255805,0.042552822117106176,0.04678783405174411
TxPert_GAT,TxPert_Exphormer,jurkat,3,B1_HGB,20261001,20261001,1,78,78,0.5783163831295122,0.571997622630534,0.04662040465823106,0.5625,0.042838770255805,0.042552822117106176,0.04678783405174411
TxPert_GAT,TxPert_Exphormer,jurkat,3,B1_HGB,20261001,20261001,2,78,78,0.5783163831295122,0.571997622630534,0.04662040465823106,0.5625,0.042838770255805,0.042552822117106176,0.04678783405174411
TxPert_GAT,TxPert_Exphormer,jurkat,3,B1_HGB,20261001,20261001,3,78,78,0.5783163831295122,0.571997622630534,0.04662040465823106,0.5625,0.042838770255805,0.042552822117106176,0.04678783405174411
TxPert_GAT,TxPert_Exphormer,jurkat,3,B1_HGB,20261001,20261001,4,78,78,0.5783163831295122,0.571997622630534,0.04662040465823106,0.5625,0.042838770255805,0.042552822117106176,0.04678783405174411
TxPert_GAT,TxPert_Exphormer,jurkat,3,B1_HGB,20261002,20261002,0,78,78,0.5783163831295122,0.571997622630534,0.04662040465823106,0.5625,0.042838770255805,0.042552822117106176,0.04678783405174411
TxPert_GAT,TxPert_Exphormer,jurkat,3,B1_HGB,20261002,20261002,1,78,78,0.5783163831295122,0.571997622630534,0.04662040465823106,0.5625,0.042838770255805,0.042552822117106176,0.04678783405174411
TxPert_GAT,TxPert_Exphormer,jurkat,3,B1_HGB,20261002,20261002,2,78,78,0.5783163831295122,0.571997622630534,0.04662040465823106,0.5625,0.042838770255805,0.042552822117106176,0.04678783405174411
TxPert_GAT,TxPert_Exphormer,jurkat,3,B1_HGB,20261002,20261002,3,78,78,0.5783163831295122,0.571997622630534,0.04662040465823106,0.5625,0.042838770255805,0.042552822117106176,0.04678783405174411
TxPert_GAT,TxPert_Exphormer,jurkat,3,B1_HGB,20261002,20261002,4,78,78,0.5783163831295122,0.571997622630534,0.04662040465823106,0.5625,0.042838770255805,0.042552822117106176,0.04678783405174411
TxPert_GAT,TxPert_Exphormer,jurkat,3,B1_HGB_ContentNull,20260930,20260930,0,78,78,0.7424495979064942,0.5391949822329569,0.04735547462422248,0.4375,0.04317995434007756,0.04427772017366647,0.04801491842771314
TxPert_GAT,TxPert_Exphormer,jurkat,3,B1_HGB_ContentNull,20260930,20260930,1,78,78,0.6118718230000194,0.5459983054919764,0.046936623928233334,0.5625,0.041094802950126824,0.04083440478700097,0.04775146242134079
TxPert_GAT,TxPert_Exphormer,jurkat,3,B1_HGB_ContentNull,20260930,20260930,2,78,78,0.5532541849989931,0.4965793699970915,0.0477351024351658,0.5,0.043856166707303516,0.04504052142445161,0.04819554950179492
TxPert_GAT,TxPert_Exphormer,jurkat,3,B1_HGB_ContentNull,20260930,20260930,3,78,78,0.6159914207848189,0.4812023419618356,0.048545818033401224,0.5,0.04959397853430733,0.04622171497588492,0.048637311142429814
TxPert_GAT,TxPert_Exphormer,jurkat,3,B1_HGB_ContentNull,20260930,20260930,4,78,78,0.542867409552734,0.48340267327609093,0.04842536149451805,0.5,0.04389872910571775,0.04800295317649972,0.048494490379941364
TxPert_GAT,TxPert_Exphormer,jurkat,3,B1_HGB_ContentNull,20261001,20261001,0,78,78,0.7424495979064942,0.5391949822329569,0.04735547462422248,0.4375,0.04317995434007756,0.04427772017366647,0.04801491842771314
TxPert_GAT,TxPert_Exphormer,jurkat,3,B1_HGB_ContentNull,20261001,20261001,1,78,78,0.6118718230000194,0.5459983054919764,0.046936623928233334,0.5625,0.041094802950126824,0.04083440478700097,0.04775146242134079
TxPert_GAT,TxPert_Exphormer,jurkat,3,B1_HGB_ContentNull,20261001,20261001,2,78,78,0.5532541849989931,0.4965793699970915,0.0477351024351658,0.5,0.043856166707303516,0.04504052142445161,0.04819554950179492
TxPert_GAT,TxPert_Exphormer,jurkat,3,B1_HGB_ContentNull,20261001,20261001,3,78,78,0.6159914207848189,0.4812023419618356,0.048545818033401224,0.5,0.04959397853430733,0.04622171497588492,0.048637311142429814
TxPert_GAT,TxPert_Exphormer,jurkat,3,B1_HGB_ContentNull,20261001,20261001,4,78,78,0.542867409552734,0.48340267327609093,0.04842536149451805,0.5,0.04389872910571775,0.04800295317649972,0.048494490379941364
TxPert_GAT,TxPert_Exphormer,jurkat,3,B1_HGB_ContentNull,20261002,20261002,0,78,78,0.7424495979064942,0.5391949822329569,0.04735547462422248,0.4375,0.04317995434007756,0.04427772017366647,0.04801491842771314
TxPert_GAT,TxPert_Exphormer,jurkat,3,B1_HGB_ContentNull,20261002,20261002,1,78,78,0.6118718230000194,0.5459983054919764,0.046936623928233334,0.5625,0.041094802950126824,0.04083440478700097,0.04775146242134079
TxPert_GAT,TxPert_Exphormer,jurkat,3,B1_HGB_ContentNull,20261002,20261002,2,78,78,0.5532541849989931,0.4965793699970915,0.0477351024351658,0.5,0.043856166707303516,0.04504052142445161,0.04819554950179492
TxPert_GAT,TxPert_Exphormer,jurkat,3,B1_HGB_ContentNull,20261002,20261002,3,78,78,0.6159914207848189,0.4812023419618356,0.048545818033401224,0.5,0.04959397853430733,0.04622171497588492,0.048637311142429814
TxPert_GAT,TxPert_Exphormer,jurkat,3,B1_HGB_ContentNull,20261002,20261002,4,78,78,0.542867409552734,0.48340267327609093,0.04842536149451805,0.5,0.04389872910571775,0.04800295317649972,0.048494490379941364
TxPert_GAT,TxPert_Exphormer,jurkat,3,B2_Pointwise,20260930,20260930,0,78,78,0.4785005145777972,0.5731357250344592,0.04662775902717396,0.5625,0.034797714913602625,0.040616896055385196,0.046866712669499724
TxPert_GAT,TxPert_Exphormer,jurkat,3,B2_Pointwise,20260930,20260930,1,78,78,0.4785005145777972,0.5731357250344592,0.04662775902717396,0.5625,0.034797714913602625,0.040616896055385196,0.046866712669499724
TxPert_GAT,TxPert_Exphormer,jurkat,3,B2_Pointwise,20260930,20260930,2,78,78,0.4785005145777972,0.5731357250344592,0.04662775902717396,0.5625,0.034797714913602625,0.040616896055385196,0.046866712669499724
TxPert_GAT,TxPert_Exphormer,jurkat,3,B2_Pointwise,20260930,20260930,3,78,78,0.4785005145777972,0.5731357250344592,0.04662775902717396,0.5625,0.034797714913602625,0.040616896055385196,0.046866712669499724
TxPert_GAT,TxPert_Exphormer,jurkat,3,B2_Pointwise,20260930,20260930,4,78,78,0.4785005145777972,0.5731357250344592,0.04662775902717396,0.5625,0.034797714913602625,0.040616896055385196,0.046866712669499724
TxPert_GAT,TxPert_Exphormer,jurkat,3,B2_Pointwise,20261001,20261001,0,78,78,0.4479479502211847,0.5823164177594558,0.04623470330726898,0.5625,0.034112760514618895,0.040511010370714806,0.046538158773736946
TxPert_GAT,TxPert_Exphormer,jurkat,3,B2_Pointwise,20261001,20261001,1,78,78,0.4479479502211847,0.5823164177594558,0.04623470330726898,0.5625,0.034112760514618895,0.040511010370714806,0.046538158773736946
TxPert_GAT,TxPert_Exphormer,jurkat,3,B2_Pointwise,20261001,20261001,2,78,78,0.4479479502211847,0.5823164177594558,0.04623470330726898,0.5625,0.034112760514618895,0.040511010370714806,0.046538158773736946
TxPert_GAT,TxPert_Exphormer,jurkat,3,B2_Pointwise,20261001,20261001,3,78,78,0.4479479502211847,0.5823164177594558,0.04623470330726898,0.5625,0.034112760514618895,0.040511010370714806,0.046538158773736946
TxPert_GAT,TxPert_Exphormer,jurkat,3,B2_Pointwise,20261001,20261001,4,78,78,0.4479479502211847,0.5823164177594558,0.04623470330726898,0.5625,0.034112760514618895,0.040511010370714806,0.046538158773736946
TxPert_GAT,TxPert_Exphormer,jurkat,3,B2_Pointwise,20261002,20261002,0,78,78,0.5108148934420096,0.5829486968727475,0.04638997008112824,0.5,0.04219381771836603,0.04011403931929072,0.04719811893900123
TxPert_GAT,TxPert_Exphormer,jurkat,3,B2_Pointwise,20261002,20261002,1,78,78,0.5108148934420096,0.5829486968727475,0.04638997008112824,0.5,0.04219381771836603,0.04011403931929072,0.04719811893900123
TxPert_GAT,TxPert_Exphormer,jurkat,3,B2_Pointwise,20261002,20261002,2,78,78,0.5108148934420096,0.5829486968727475,0.04638997008112824,0.5,0.04219381771836603,0.04011403931929072,0.04719811893900123
TxPert_GAT,TxPert_Exphormer,jurkat,3,B2_Pointwise,20261002,20261002,3,78,78,0.5108148934420096,0.5829486968727475,0.04638997008112824,0.5,0.04219381771836603,0.04011403931929072,0.04719811893900123
TxPert_GAT,TxPert_Exphormer,jurkat,3,B2_Pointwise,20261002,20261002,4,78,78,0.5108148934420096,0.5829486968727475,0.04638997008112824,0.5,0.04219381771836603,0.04011403931929072,0.04719811893900123
TxPert_GAT,TxPert_Exphormer,jurkat,3,B2_Pointwise_ContentNull,20260930,20260930,0,78,78,0.5323736740253148,0.5077327735555583,0.0480959287873218,0.5,0.04569593613663751,0.04236695536242459,0.0487708254804566
TxPert_GAT,TxPert_Exphormer,jurkat,3,B2_Pointwise_ContentNull,20260930,20260930,1,78,78,0.6551639688809852,0.5096549020599653,0.04731345361016809,0.4375,0.040298680550807174,0.045454879086327574,0.0486140478844639
TxPert_GAT,TxPert_Exphormer,jurkat,3,B2_Pointwise_ContentNull,20260930,20260930,2,78,78,0.6835063845787243,0.5192655445820002,0.04753698151586956,0.4375,0.04076514815403962,0.04375418188216762,0.04798190638868228
TxPert_GAT,TxPert_Exphormer,jurkat,3,B2_Pointwise_ContentNull,20260930,20260930,3,78,78,0.5089483328177141,0.502143426194059,0.04747585823104633,0.5625,0.0383797868512223,0.04661007918306767,0.04766900045727472
TxPert_GAT,TxPert_Exphormer,jurkat,3,B2_Pointwise_ContentNull,20260930,20260930,4,78,78,0.48993129742092273,0.4749554243225129,0.04913358757485558,0.5,0.04866397808818548,0.04723799293658496,0.04809786196171175
TxPert_GAT,TxPert_Exphormer,jurkat,3,B2_Pointwise_ContentNull,20261001,20261001,0,78,78,0.6153840787444562,0.4923304543557708,0.04923840576740429,0.4375,0.04995467307182107,0.045108146251268307,0.04903930793488137
TxPert_GAT,TxPert_Exphormer,jurkat,3,B2_Pointwise_ContentNull,20261001,20261001,1,78,78,0.583286574824203,0.5167617192933648,0.04876865165131979,0.4375,0.044143490686339076,0.04326947852372809,0.04743350926404783
TxPert_GAT,TxPert_Exphormer,jurkat,3,B2_Pointwise_ContentNull,20261001,20261001,2,78,78,0.5329182881349507,0.510211307679662,0.04716114812365232,0.5,0.040376010383880695,0.04240504391146581,0.04814029203365379
TxPert_GAT,TxPert_Exphormer,jurkat,3,B2_Pointwise_ContentNull,20261001,20261001,3,78,78,0.5642146742387724,0.49501131779612784,0.04813257767832589,0.5,0.04582456105187624,0.04556177991574305,0.04863731114242982
TxPert_GAT,TxPert_Exphormer,jurkat,3,B2_Pointwise_ContentNull,20261001,20261001,4,78,78,0.5281658360018975,0.5099331048698137,0.04712609794556756,0.5,0.03589317032175166,0.04296402891002062,0.048590484028966985
TxPert_GAT,TxPert_Exphormer,jurkat,3,B2_Pointwise_ContentNull,20261002,20261002,0,78,78,0.5233829520430241,0.49276040415280914,0.04817545688587555,0.5625,0.04325055112802233,0.043788240150798616,0.048663095298938315
TxPert_GAT,TxPert_Exphormer,jurkat,3,B2_Pointwise_ContentNull,20261002,20261002,1,78,78,0.6759272381631899,0.5156236168894397,0.04781858646988921,0.4375,0.047280444617868456,0.04241502740647503,0.04793474820080266
TxPert_GAT,TxPert_Exphormer,jurkat,3,B2_Pointwise_ContentNull,20261002,20261002,2,78,78,0.5495763033373383,0.542255213141289,0.04684766653240941,0.4375,0.041115014675865355,0.04206927164380806,0.047622859656777816
TxPert_GAT,TxPert_Exphormer,jurkat,3,B2_Pointwise_ContentNull,20261002,20261002,3,78,78,0.471976623106256,0.5107171309702955,0.047297564274052885,0.5625,0.040839465437279746,0.04215760958887154,0.047928383306092066
TxPert_GAT,TxPert_Exphormer,jurkat,3,B2_Pointwise_ContentNull,20261002,20261002,4,78,78,0.5434514049565671,0.5040149723694027,0.0477698718276226,0.5,0.04578367865649805,0.04518655342632872,0.04782755410693788
TxPert_GAT,TxPert_Exphormer,jurkat,3,Support_only,20260930,20260930,0,78,78,0.5532541849989931,0.5177639940163058,0.04720147446157951,0.5,0.03807752331137404,0.04115791722850556,0.047985563996821065
TxPert_GAT,TxPert_Exphormer,jurkat,3,Support_only,20260930,20260930,1,78,78,0.5532541849989931,0.5177639940163058,0.04720147446157951,0.5,0.03807752331137404,0.04115791722850556,0.047985563996821065
TxPert_GAT,TxPert_Exphormer,jurkat,3,Support_only,20260930,20260930,2,78,78,0.5532541849989931,0.5177639940163058,0.04720147446157951,0.5,0.03807752331137404,0.04115791722850556,0.047985563996821065
TxPert_GAT,TxPert_Exphormer,jurkat,3,Support_only,20260930,20260930,3,78,78,0.5532541849989931,0.5177639940163058,0.04720147446157951,0.5,0.03807752331137404,0.04115791722850556,0.047985563996821065
TxPert_GAT,TxPert_Exphormer,jurkat,3,Support_only,20260930,20260930,4,78,78,0.5532541849989931,0.5177639940163058,0.04720147446157951,0.5,0.03807752331137404,0.04115791722850556,0.047985563996821065
TxPert_GAT,TxPert_Exphormer,jurkat,3,Support_only,20261001,20261001,0,78,78,0.5532541849989931,0.5177639940163058,0.04720147446157951,0.5,0.03807752331137404,0.04115791722850556,0.047985563996821065
TxPert_GAT,TxPert_Exphormer,jurkat,3,Support_only,20261001,20261001,1,78,78,0.5532541849989931,0.5177639940163058,0.04720147446157951,0.5,0.03807752331137404,0.04115791722850556,0.047985563996821065
TxPert_GAT,TxPert_Exphormer,jurkat,3,Support_only,20261001,20261001,2,78,78,0.5532541849989931,0.5177639940163058,0.04720147446157951,0.5,0.03807752331137404,0.04115791722850556,0.047985563996821065
TxPert_GAT,TxPert_Exphormer,jurkat,3,Support_only,20261001,20261001,3,78,78,0.5532541849989931,0.5177639940163058,0.04720147446157951,0.5,0.03807752331137404,0.04115791722850556,0.047985563996821065
TxPert_GAT,TxPert_Exphormer,jurkat,3,Support_only,20261001,20261001,4,78,78,0.5532541849989931,0.5177639940163058,0.04720147446157951,0.5,0.03807752331137404,0.04115791722850556,0.047985563996821065
TxPert_GAT,TxPert_Exphormer,jurkat,3,Support_only,20261002,20261002,0,78,78,0.5532541849989931,0.5177639940163058,0.04720147446157951,0.5,0.03807752331137404,0.04115791722850556,0.047985563996821065
TxPert_GAT,TxPert_Exphormer,jurkat,3,Support_only,20261002,20261002,1,78,78,0.5532541849989931,0.5177639940163058,0.04720147446157951,0.5,0.03807752331137404,0.04115791722850556,0.047985563996821065
TxPert_GAT,TxPert_Exphormer,jurkat,3,Support_only,20261002,20261002,2,78,78,0.5532541849989931,0.5177639940163058,0.04720147446157951,0.5,0.03807752331137404,0.04115791722850556,0.047985563996821065
TxPert_GAT,TxPert_Exphormer,jurkat,3,Support_only,20261002,20261002,3,78,78,0.5532541849989931,0.5177639940163058,0.04720147446157951,0.5,0.03807752331137404,0.04115791722850556,0.047985563996821065
TxPert_GAT,TxPert_Exphormer,jurkat,3,Support_only,20261002,20261002,4,78,78,0.5532541849989931,0.5177639940163058,0.04720147446157951,0.5,0.03807752331137404,0.04115791722850556,0.047985563996821065
TxPert_GAT,TxPert_Exphormer,jurkat,4,B1_HGB,20260930,20260930,0,94,94,0.8289924408649736,0.7740418307264386,0.043293472076053705,0.42105263157894735,0.03511028630880262,0.03687752161657426,0.04412744495815022
TxPert_GAT,TxPert_Exphormer,jurkat,4,B1_HGB,20260930,20260930,1,94,94,0.8289924408649736,0.7740418307264386,0.043293472076053705,0.42105263157894735,0.03511028630880262,0.03687752161657426,0.04412744495815022
TxPert_GAT,TxPert_Exphormer,jurkat,4,B1_HGB,20260930,20260930,2,94,94,0.8289924408649736,0.7740418307264386,0.043293472076053705,0.42105263157894735,0.03511028630880262,0.03687752161657426,0.04412744495815022
TxPert_GAT,TxPert_Exphormer,jurkat,4,B1_HGB,20260930,20260930,3,94,94,0.8289924408649736,0.7740418307264386,0.043293472076053705,0.42105263157894735,0.03511028630880262,0.03687752161657426,0.04412744495815022
TxPert_GAT,TxPert_Exphormer,jurkat,4,B1_HGB,20260930,20260930,4,94,94,0.8289924408649736,0.7740418307264386,0.043293472076053705,0.42105263157894735,0.03511028630880262,0.03687752161657426,0.04412744495815022
TxPert_GAT,TxPert_Exphormer,jurkat,4,B1_HGB,20261001,20261001,0,94,94,0.8289924408649736,0.7740418307264386,0.043293472076053705,0.42105263157894735,0.03511028630880262,0.03687752161657426,0.04412744495815022
TxPert_GAT,TxPert_Exphormer,jurkat,4,B1_HGB,20261001,20261001,1,94,94,0.8289924408649736,0.7740418307264386,0.043293472076053705,0.42105263157894735,0.03511028630880262,0.03687752161657426,0.04412744495815022
TxPert_GAT,TxPert_Exphormer,jurkat,4,B1_HGB,20261001,20261001,2,94,94,0.8289924408649736,0.7740418307264386,0.043293472076053705,0.42105263157894735,0.03511028630880262,0.03687752161657426,0.04412744495815022
TxPert_GAT,TxPert_Exphormer,jurkat,4,B1_HGB,20261001,20261001,3,94,94,0.8289924408649736,0.7740418307264386,0.043293472076053705,0.42105263157894735,0.03511028630880262,0.03687752161657426,0.04412744495815022
TxPert_GAT,TxPert_Exphormer,jurkat,4,B1_HGB,20261001,20261001,4,94,94,0.8289924408649736,0.7740418307264386,0.043293472076053705,0.42105263157894735,0.03511028630880262,0.03687752161657426,0.04412744495815022
TxPert_GAT,TxPert_Exphormer,jurkat,4,B1_HGB,20261002,20261002,0,94,94,0.8289924408649736,0.7740418307264386,0.043293472076053705,0.42105263157894735,0.03511028630880262,0.03687752161657426,0.04412744495815022
TxPert_GAT,TxPert_Exphormer,jurkat,4,B1_HGB,20261002,20261002,1,94,94,0.8289924408649736,0.7740418307264386,0.043293472076053705,0.42105263157894735,0.03511028630880262,0.03687752161657426,0.04412744495815022
TxPert_GAT,TxPert_Exphormer,jurkat,4,B1_HGB,20261002,20261002,2,94,94,0.8289924408649736,0.7740418307264386,0.043293472076053705,0.42105263157894735,0.03511028630880262,0.03687752161657426,0.04412744495815022
TxPert_GAT,TxPert_Exphormer,jurkat,4,B1_HGB,20261002,20261002,3,94,94,0.8289924408649736,0.7740418307264386,0.043293472076053705,0.42105263157894735,0.03511028630880262,0.03687752161657426,0.04412744495815022
TxPert_GAT,TxPert_Exphormer,jurkat,4,B1_HGB,20261002,20261002,4,94,94,0.8289924408649736,0.7740418307264386,0.043293472076053705,0.42105263157894735,0.03511028630880262,0.03687752161657426,0.04412744495815022
TxPert_GAT,TxPert_Exphormer,jurkat,4,B1_HGB_ContentNull,20260930,20260930,0,94,94,0.726915956491344,0.7068670303074089,0.043951685180766614,0.4736842105263158,0.03456240387155003,0.03803115463520468,0.04489241263460926
TxPert_GAT,TxPert_Exphormer,jurkat,4,B1_HGB_ContentNull,20260930,20260930,1,94,94,0.7554185924222658,0.7403460607593109,0.04357232365426053,0.42105263157894735,0.03420807608451369,0.03935306605374802,0.0439808446234841
TxPert_GAT,TxPert_Exphormer,jurkat,4,B1_HGB_ContentNull,20260930,20260930,2,94,94,0.8393110004981189,0.7118664884586208,0.043890904487345,0.42105263157894735,0.03641204321417869,0.038616270722215205,0.045553224709718634
TxPert_GAT,TxPert_Exphormer,jurkat,4,B1_HGB_ContentNull,20260930,20260930,3,94,94,0.7621234667254556,0.7181663837011886,0.04420578798014377,0.42105263157894735,0.034345986990384644,0.03920421672730297,0.04440764452748822
TxPert_GAT,TxPert_Exphormer,jurkat,4,B1_HGB_ContentNull,20260930,20260930,4,94,94,0.825781318539341,0.728107502799552,0.043865047487053534,0.42105263157894735,0.03199922945390519,0.038103702253994905,0.04441784319434438
TxPert_GAT,TxPert_Exphormer,jurkat,4,B1_HGB_ContentNull,20261001,20261001,0,94,94,0.726915956491344,0.7068670303074089,0.043951685180766614,0.4736842105263158,0.03456240387155003,0.03803115463520468,0.04489241263460926
TxPert_GAT,TxPert_Exphormer,jurkat,4,B1_HGB_ContentNull,20261001,20261001,1,94,94,0.7554185924222658,0.7403460607593109,0.04357232365426053,0.42105263157894735,0.03420807608451369,0.03935306605374802,0.0439808446234841
TxPert_GAT,TxPert_Exphormer,jurkat,4,B1_HGB_ContentNull,20261001,20261001,2,94,94,0.8393110004981189,0.7118664884586208,0.043890904487345,0.42105263157894735,0.03641204321417869,0.038616270722215205,0.045553224709718634
TxPert_GAT,TxPert_Exphormer,jurkat,4,B1_HGB_ContentNull,20261001,20261001,3,94,94,0.7621234667254556,0.7181663837011886,0.04420578798014377,0.42105263157894735,0.034345986990384644,0.03920421672730297,0.04440764452748822
TxPert_GAT,TxPert_Exphormer,jurkat,4,B1_HGB_ContentNull,20261001,20261001,4,94,94,0.825781318539341,0.728107502799552,0.043865047487053534,0.42105263157894735,0.03199922945390519,0.038103702253994905,0.04441784319434438
TxPert_GAT,TxPert_Exphormer,jurkat,4,B1_HGB_ContentNull,20261002,20261002,0,94,94,0.726915956491344,0.7068670303074089,0.043951685180766614,0.4736842105263158,0.03456240387155003,0.03803115463520468,0.04489241263460926
TxPert_GAT,TxPert_Exphormer,jurkat,4,B1_HGB_ContentNull,20261002,20261002,1,94,94,0.7554185924222658,0.7403460607593109,0.04357232365426053,0.42105263157894735,0.03420807608451369,0.03935306605374802,0.0439808446234841
TxPert_GAT,TxPert_Exphormer,jurkat,4,B1_HGB_ContentNull,20261002,20261002,2,94,94,0.8393110004981189,0.7118664884586208,0.043890904487345,0.42105263157894735,0.03641204321417869,0.038616270722215205,0.045553224709718634
TxPert_GAT,TxPert_Exphormer,jurkat,4,B1_HGB_ContentNull,20261002,20261002,3,94,94,0.7621234667254556,0.7181663837011886,0.04420578798014377,0.42105263157894735,0.034345986990384644,0.03920421672730297,0.04440764452748822
TxPert_GAT,TxPert_Exphormer,jurkat,4,B1_HGB_ContentNull,20261002,20261002,4,94,94,0.825781318539341,0.728107502799552,0.043865047487053534,0.42105263157894735,0.03199922945390519,0.038103702253994905,0.04441784319434438
TxPert_GAT,TxPert_Exphormer,jurkat,4,B2_Pointwise,20260930,20260930,0,94,94,0.7885552094670979,0.7741140772315139,0.04336414833910358,0.42105263157894735,0.03313762602070928,0.036814808151320114,0.04434350270924417
TxPert_GAT,TxPert_Exphormer,jurkat,4,B2_Pointwise,20260930,20260930,1,94,94,0.7885552094670979,0.7741140772315139,0.04336414833910358,0.42105263157894735,0.03313762602070928,0.036814808151320114,0.04434350270924417
TxPert_GAT,TxPert_Exphormer,jurkat,4,B2_Pointwise,20260930,20260930,2,94,94,0.7885552094670979,0.7741140772315139,0.04336414833910358,0.42105263157894735,0.03313762602070928,0.036814808151320114,0.04434350270924417
TxPert_GAT,TxPert_Exphormer,jurkat,4,B2_Pointwise,20260930,20260930,3,94,94,0.7885552094670979,0.7741140772315139,0.04336414833910358,0.42105263157894735,0.03313762602070928,0.036814808151320114,0.04434350270924417
TxPert_GAT,TxPert_Exphormer,jurkat,4,B2_Pointwise,20260930,20260930,4,94,94,0.7885552094670979,0.7741140772315139,0.04336414833910358,0.42105263157894735,0.03313762602070928,0.036814808151320114,0.04434350270924417
TxPert_GAT,TxPert_Exphormer,jurkat,4,B2_Pointwise,20261001,20261001,0,94,94,0.8237347947901315,0.7468482462160894,0.0437100903716511,0.42105263157894735,0.03345186995341825,0.03745421039721587,0.04451089632990945
TxPert_GAT,TxPert_Exphormer,jurkat,4,B2_Pointwise,20261001,20261001,1,94,94,0.8237347947901315,0.7468482462160894,0.0437100903716511,0.42105263157894735,0.03345186995341825,0.03745421039721587,0.04451089632990945
TxPert_GAT,TxPert_Exphormer,jurkat,4,B2_Pointwise,20261001,20261001,2,94,94,0.8237347947901315,0.7468482462160894,0.0437100903716511,0.42105263157894735,0.03345186995341825,0.03745421039721587,0.04451089632990945
TxPert_GAT,TxPert_Exphormer,jurkat,4,B2_Pointwise,20261001,20261001,3,94,94,0.8237347947901315,0.7468482462160894,0.0437100903716511,0.42105263157894735,0.03345186995341825,0.03745421039721587,0.04451089632990945
TxPert_GAT,TxPert_Exphormer,jurkat,4,B2_Pointwise,20261001,20261001,4,94,94,0.8237347947901315,0.7468482462160894,0.0437100903716511,0.42105263157894735,0.03345186995341825,0.03745421039721587,0.04451089632990945
TxPert_GAT,TxPert_Exphormer,jurkat,4,B2_Pointwise,20261002,20261002,0,94,94,0.823734794790132,0.7575407289672361,0.043704861575239534,0.42105263157894735,0.034018633593109665,0.038295919636640245,0.04380517408239464
TxPert_GAT,TxPert_Exphormer,jurkat,4,B2_Pointwise,20261002,20261002,1,94,94,0.823734794790132,0.7575407289672361,0.043704861575239534,0.42105263157894735,0.034018633593109665,0.038295919636640245,0.04380517408239464
TxPert_GAT,TxPert_Exphormer,jurkat,4,B2_Pointwise,20261002,20261002,2,94,94,0.823734794790132,0.7575407289672361,0.043704861575239534,0.42105263157894735,0.034018633593109665,0.038295919636640245,0.04380517408239464
TxPert_GAT,TxPert_Exphormer,jurkat,4,B2_Pointwise,20261002,20261002,3,94,94,0.823734794790132,0.7575407289672361,0.043704861575239534,0.42105263157894735,0.034018633593109665,0.038295919636640245,0.04380517408239464
TxPert_GAT,TxPert_Exphormer,jurkat,4,B2_Pointwise,20261002,20261002,4,94,94,0.823734794790132,0.7575407289672361,0.043704861575239534,0.42105263157894735,0.034018633593109665,0.038295919636640245,0.04380517408239464
TxPert_GAT,TxPert_Exphormer,jurkat,4,B2_Pointwise_ContentNull,20260930,20260930,0,94,94,0.8494677511645984,0.7571939457428746,0.04327317757870678,0.42105263157894735,0.03188242323617924,0.03714376942568871,0.04396548724523774
TxPert_GAT,TxPert_Exphormer,jurkat,4,B2_Pointwise_ContentNull,20260930,20260930,1,94,94,0.797578358155958,0.7445941552577393,0.04337019765449117,0.42105263157894735,0.03184732467432527,0.0372391818299872,0.043646330574108744
TxPert_GAT,TxPert_Exphormer,jurkat,4,B2_Pointwise_ContentNull,20260930,20260930,2,94,94,0.8342968787039916,0.7200158942311166,0.043713829398362644,0.42105263157894735,0.035549597100984,0.037933121860142055,0.04498871527981038
TxPert_GAT,TxPert_Exphormer,jurkat,4,B2_Pointwise_ContentNull,20260930,20260930,3,94,94,0.7594648125969133,0.737672940071524,0.044075682945916864,0.4736842105263158,0.0331451590622071,0.038458087801906,0.04417878542398679
TxPert_GAT,TxPert_Exphormer,jurkat,4,B2_Pointwise_ContentNull,20260930,20260930,4,94,94,0.7815117595606466,0.735837878842611,0.043866111736213215,0.42105263157894735,0.035736728768457474,0.03760994256257773,0.044196758824160895
TxPert_GAT,TxPert_Exphormer,jurkat,4,B2_Pointwise_ContentNull,20261001,20261001,0,94,94,0.858898565497219,0.7416031499476213,0.04329822100512677,0.368421052631579,0.031099374759648874,0.03777226976894612,0.04499108847419597
TxPert_GAT,TxPert_Exphormer,jurkat,4,B2_Pointwise_ContentNull,20261001,20261001,1,94,94,0.7984985510144729,0.7312430011198209,0.04354706063468058,0.42105263157894735,0.03362276222195748,0.03723918182998719,0.04408515035662004
TxPert_GAT,TxPert_Exphormer,jurkat,4,B2_Pointwise_ContentNull,20261001,20261001,2,94,94,0.6403949999362096,0.6962323447603221,0.04409300058557326,0.5263157894736843,0.034188322472298305,0.03894763767436574,0.04536472873513093
TxPert_GAT,TxPert_Exphormer,jurkat,4,B2_Pointwise_ContentNull,20261001,20261001,3,94,94,0.8653069094852603,0.7462702741754867,0.043656058560040525,0.368421052631579,0.0340478004187773,0.03805527263138151,0.044980781210753586
TxPert_GAT,TxPert_Exphormer,jurkat,4,B2_Pointwise_ContentNull,20261001,20261001,4,94,94,0.8565560943017136,0.7454755626196582,0.043725139435447716,0.368421052631579,0.03382479461266753,0.037696458300483945,0.04411170913777403
TxPert_GAT,TxPert_Exphormer,jurkat,4,B2_Pointwise_ContentNull,20261002,20261002,0,94,94,0.8615231485413496,0.7398836831268287,0.043464566127044545,0.368421052631579,0.03260511784047493,0.03811798167283266,0.04481357250427819
TxPert_GAT,TxPert_Exphormer,jurkat,4,B2_Pointwise_ContentNull,20261002,20261002,1,94,94,0.8060626871032289,0.7345085431492252,0.04382269919872441,0.42105263157894735,0.03624229036409854,0.03963380950362848,0.04448941593260047
TxPert_GAT,TxPert_Exphormer,jurkat,4,B2_Pointwise_ContentNull,20261002,20261002,2,94,94,0.7865360179847599,0.6970270563161507,0.043915353708265235,0.42105263157894735,0.03366167199431392,0.03746776842379138,0.045735361804458155
TxPert_GAT,TxPert_Exphormer,jurkat,4,B2_Pointwise_ContentNull,20261002,20261002,3,94,94,0.8656688276323128,0.7554744789220822,0.04379328389097888,0.368421052631579,0.0331451590622071,0.03886955112666803,0.043977653749135565
TxPert_GAT,TxPert_Exphormer,jurkat,4,B2_Pointwise_ContentNull,20261002,20261002,4,94,94,0.8461141993026995,0.73221110428783,0.044475215493258606,0.42105263157894735,0.03386942334103385,0.03918088646103467,0.04414234029735679
TxPert_GAT,TxPert_Exphormer,jurkat,4,Support_only,20260930,20260930,0,94,94,0.7832507716280813,0.7297356852111522,0.04350213995835919,0.42105263157894735,0.031777059234197116,0.03840032242094738,0.044842067321850775
TxPert_GAT,TxPert_Exphormer,jurkat,4,Support_only,20260930,20260930,1,94,94,0.7832507716280813,0.7297356852111522,0.04350213995835919,0.42105263157894735,0.031777059234197116,0.03840032242094738,0.044842067321850775
TxPert_GAT,TxPert_Exphormer,jurkat,4,Support_only,20260930,20260930,2,94,94,0.7832507716280813,0.7297356852111522,0.04350213995835919,0.42105263157894735,0.031777059234197116,0.03840032242094738,0.044842067321850775
TxPert_GAT,TxPert_Exphormer,jurkat,4,Support_only,20260930,20260930,3,94,94,0.7832507716280813,0.7297356852111522,0.04350213995835919,0.42105263157894735,0.031777059234197116,0.03840032242094738,0.044842067321850775
TxPert_GAT,TxPert_Exphormer,jurkat,4,Support_only,20260930,20260930,4,94,94,0.7832507716280813,0.7297356852111522,0.04350213995835919,0.42105263157894735,0.031777059234197116,0.03840032242094738,0.044842067321850775
TxPert_GAT,TxPert_Exphormer,jurkat,4,Support_only,20261001,20261001,0,94,94,0.7832507716280813,0.7297356852111522,0.04350213995835919,0.42105263157894735,0.031777059234197116,0.03840032242094738,0.044842067321850775
TxPert_GAT,TxPert_Exphormer,jurkat,4,Support_only,20261001,20261001,1,94,94,0.7832507716280813,0.7297356852111522,0.04350213995835919,0.42105263157894735,0.031777059234197116,0.03840032242094738,0.044842067321850775
TxPert_GAT,TxPert_Exphormer,jurkat,4,Support_only,20261001,20261001,2,94,94,0.7832507716280813,0.7297356852111522,0.04350213995835919,0.42105263157894735,0.031777059234197116,0.03840032242094738,0.044842067321850775
TxPert_GAT,TxPert_Exphormer,jurkat,4,Support_only,20261001,20261001,3,94,94,0.7832507716280813,0.7297356852111522,0.04350213995835919,0.42105263157894735,0.031777059234197116,0.03840032242094738,0.044842067321850775
TxPert_GAT,TxPert_Exphormer,jurkat,4,Support_only,20261001,20261001,4,94,94,0.7832507716280813,0.7297356852111522,0.04350213995835919,0.42105263157894735,0.031777059234197116,0.03840032242094738,0.044842067321850775
TxPert_GAT,TxPert_Exphormer,jurkat,4,Support_only,20261002,20261002,0,94,94,0.7832507716280813,0.7297356852111522,0.04350213995835919,0.42105263157894735,0.031777059234197116,0.03840032242094738,0.044842067321850775
TxPert_GAT,TxPert_Exphormer,jurkat,4,Support_only,20261002,20261002,1,94,94,0.7832507716280813,0.7297356852111522,0.04350213995835919,0.42105263157894735,0.031777059234197116,0.03840032242094738,0.044842067321850775
TxPert_GAT,TxPert_Exphormer,jurkat,4,Support_only,20261002,20261002,2,94,94,0.7832507716280813,0.7297356852111522,0.04350213995835919,0.42105263157894735,0.031777059234197116,0.03840032242094738,0.044842067321850775
TxPert_GAT,TxPert_Exphormer,jurkat,4,Support_only,20261002,20261002,3,94,94,0.7832507716280813,0.7297356852111522,0.04350213995835919,0.42105263157894735,0.031777059234197116,0.03840032242094738,0.044842067321850775
TxPert_GAT,TxPert_Exphormer,jurkat,4,Support_only,20261002,20261002,4,94,94,0.7832507716280813,0.7297356852111522,0.04350213995835919,0.42105263157894735,0.031777059234197116,0.03840032242094738,0.044842067321850775
