outer,inner,null_order,fit_bank_rows,fit_bank_ids_hash,fit_gene_hash,query_gene_hash,fit_query_ids_hash,query_ids_hash,all_changed_content_donors_fit_only,all_fit_bank_genes_actual_fit_queries,query_gene_donors,current_context_treated_query_experiments_used,metadata_controls_support_exactly_preserved,n_needed_rows,n_identity_changed,effective_identity_shuffle_rate,effective_content_shuffle_rate,n_unknown_no_match,n_singleton_fit_bins,known_matched_fraction,matching,effect_features_conflicts_weights_priors_discrepancies_recomputed,unknown_policy,MC_TEST_reads,donor_mapping_binding,matching_bins_binding,path
0,0.0,0,1179,c8af129063805acd89dd0ff54cee698e56d4924870cfeefdb13871dea82a9488,75d16b53d01b1d3827db93c687599fe6b808ed08f6215230eee471f78a66cea6,b28367da617569e9ebfaa5d00ba90a094ac5ef12fa4b82ba094cb1b52e3d9c01,24b5e33fe51808976fed8bbf7a97b371f0b0099d5d10dc455bf8f2b71a3f0bcb,c8a80350a2a61ccba9512d43d85027fbb532a27bd20acd394b04769a7fa170a3,True,True,0,0,True,1576,1576,1.0,1.0,0,0,1.0,same physical context and fit-only log1p(n_cells) decile,True,"Retain legal original recipient content only when no matched fit donor exists; mark unknown, never fabricate",0,"{'path': '/home/yyf/runtime_artifacts/safeconf_research_20261001/publicset_execution_v1/risk_followup_v1/registered_universal_v1/content_null_v1/order0/outer0/inner0/DONOR_MAPPING.csv.gz', 'sha256': 'c2dc1afdccf843f48bc2b25f07ee884c9369e2d60ba567fc044ae2487811fdde'}","{'path': '/home/yyf/runtime_artifacts/safeconf_research_20261001/publicset_execution_v1/risk_followup_v1/registered_universal_v1/content_null_v1/order0/outer0/inner0/MATCHING_BINS.csv', 'sha256': 'ee4de0561b480a5def8c49830ff8baaf986951acb5170874c81f5d594ede168f'}",/home/yyf/runtime_artifacts/safeconf_research_20261001/publicset_execution_v1/risk_followup_v1/registered_universal_v1/content_null_v1/order0/outer0/inner0/SHUFFLE_AUDIT.json
0,1.0,0,1180,eb7c46d724dd910cec8c08425d5d7954396c5317871af1b6997d0ea160b61417,96582211d010d406edc788f90c1200d0995461b773d827fa1573df92eca5718c,03babd96b2bb062ce6a76e69d43c88d9af15a064aecd60abe54195183efe3760,705bf80ccf8b5027dd7e8db480ba8eabd4a1d0f4ae0650dcc196c0c84e9fc9bf,308e6df1fdd02ca3339cc6916b8f67f827618a9edc6eaf34e3574d8059f8a7a6,True,True,0,0,True,1576,1576,1.0,1.0,0,0,1.0,same physical context and fit-only log1p(n_cells) decile,True,"Retain legal original recipient content only when no matched fit donor exists; mark unknown, never fabricate",0,"{'path': '/home/yyf/runtime_artifacts/safeconf_research_20261001/publicset_execution_v1/risk_followup_v1/registered_universal_v1/content_null_v1/order0/outer0/inner1/DONOR_MAPPING.csv.gz', 'sha256': 'e82a212f52c3033ddc14448cee09e89084458af6b06c1646d254f6e5ce9d114e'}","{'path': '/home/yyf/runtime_artifacts/safeconf_research_20261001/publicset_execution_v1/risk_followup_v1/registered_universal_v1/content_null_v1/order0/outer0/inner1/MATCHING_BINS.csv', 'sha256': 'e44d281292749f8630de4d6bb50e3887a8b2ce6dcd53f9a9a756502dce981d05'}",/home/yyf/runtime_artifacts/safeconf_research_20261001/publicset_execution_v1/risk_followup_v1/registered_universal_v1/content_null_v1/order0/outer0/inner1/SHUFFLE_AUDIT.json
0,2.0,0,1184,e49f1f46b9dcd89792eee9c18e063eca731f17880e695687f508f3607e5193d1,6bc57c9f40e164191e10786d49c001e1efdb913ca4a4b08db9e241932c191680,588e1299d1f5e7b4d8c5a1d482dbab6a6c65d5e37f868eef57ec1fe81a6b7434,c70f7446dbad650a5b2bd4b47bbfc0dadc7da294e1acb13c8305c60542bdd270,c800c0c93a5554266e0a4c69d2135e18995d37d54ec55fb452e161597de06a42,True,True,0,0,True,1576,1576,1.0,1.0,0,0,1.0,same physical context and fit-only log1p(n_cells) decile,True,"Retain legal original recipient content only when no matched fit donor exists; mark unknown, never fabricate",0,"{'path': '/home/yyf/runtime_artifacts/safeconf_research_20261001/publicset_execution_v1/risk_followup_v1/registered_universal_v1/content_null_v1/order0/outer0/inner2/DONOR_MAPPING.csv.gz', 'sha256': 'e78ddad103ec37ab7bfbb33d2dc41a5373ab18a59f1b1e8d48c91e34a14b4f3c'}","{'path': '/home/yyf/runtime_artifacts/safeconf_research_20261001/publicset_execution_v1/risk_followup_v1/registered_universal_v1/content_null_v1/order0/outer0/inner2/MATCHING_BINS.csv', 'sha256': '4cbc87f12b29936fe896440f0634903c4a2ece7e8c4ea8dbc8add1f9cd44536a'}",/home/yyf/runtime_artifacts/safeconf_research_20261001/publicset_execution_v1/risk_followup_v1/registered_universal_v1/content_null_v1/order0/outer0/inner2/SHUFFLE_AUDIT.json
0,3.0,0,1185,8ca22224a01936b90334e7dd5f7a3528342c931c3b06b8e3fcb90db805cba8b2,879c21a9c99aa63a70f34a39edf59eead690b752db9e6487ecaedee6a656957a,3f55e134b5f9017594e069000455128b9843320d1224c7b0353a09c74e45894b,c02ce8309eb04427c95c23a9de2a8f855f08d3e2b73aeff42191f3283b044d13,4e57661e7e3ee29569704a93664018d80cf6ca5e2c445fd305df9b43f186c6ee,True,True,0,0,True,1576,1576,1.0,1.0,0,0,1.0,same physical context and fit-only log1p(n_cells) decile,True,"Retain legal original recipient content only when no matched fit donor exists; mark unknown, never fabricate",0,"{'path': '/home/yyf/runtime_artifacts/safeconf_research_20261001/publicset_execution_v1/risk_followup_v1/registered_universal_v1/content_null_v1/order0/outer0/inner3/DONOR_MAPPING.csv.gz', 'sha256': '8555979148a902727efbc80fd542bb71894fc5ec73eeae1bf0ba61a81039fe2c'}","{'path': '/home/yyf/runtime_artifacts/safeconf_research_20261001/publicset_execution_v1/risk_followup_v1/registered_universal_v1/content_null_v1/order0/outer0/inner3/MATCHING_BINS.csv', 'sha256': '2ac7cc18990e602267f2fca7016ce013a0f5d18bd831c13c55d81e2611227f8d'}",/home/yyf/runtime_artifacts/safeconf_research_20261001/publicset_execution_v1/risk_followup_v1/registered_universal_v1/content_null_v1/order0/outer0/inner3/SHUFFLE_AUDIT.json
0,,0,1576,67be5a99e7dc6313abba0267a4a88760101d8405e7177231b427354e713ebb72,2f6529e19e09b0f3163bb3ce3e3820e8c085cad51dd321439ae7439db9b7945f,982a1e60295f8f186ffb1f5a6412bd9f56922647e857890e965a621674901b43,4f0f71147e314c974c0a52a981237bdc6ece9066891bd5dda6d4ea9ac4725907,e8269d21710965d59d7c07b35dc89cdb21aa423bb771bebc9715f2cde48b03b3,True,True,0,0,True,1969,1969,1.0,1.0,0,0,1.0,same physical context and fit-only log1p(n_cells) decile,True,"Retain legal original recipient content only when no matched fit donor exists; mark unknown, never fabricate",0,"{'path': '/home/yyf/runtime_artifacts/safeconf_research_20261001/publicset_execution_v1/risk_followup_v1/registered_universal_v1/content_null_v1/order0/outer0/outer/DONOR_MAPPING.csv.gz', 'sha256': '33deea0dcf08cf8d74fb13a410bf745273003c0495ed92ba60e7d5fe30c5b9c2'}","{'path': '/home/yyf/runtime_artifacts/safeconf_research_20261001/publicset_execution_v1/risk_followup_v1/registered_universal_v1/content_null_v1/order0/outer0/outer/MATCHING_BINS.csv', 'sha256': '59c0f3db38af0b58ad006a4957ad1b52c2014b1242a602fb043ce0385a7fec92'}",/home/yyf/runtime_artifacts/safeconf_research_20261001/publicset_execution_v1/risk_followup_v1/registered_universal_v1/content_null_v1/order0/outer0/outer/SHUFFLE_AUDIT.json
1,0.0,0,1179,5c2eb14545a251799d800caec602dd3a563cff175fc2211f4bc7f721c5112975,153a4c79c77a65d15053fd6a89dedbd4e92f338ac285a3476d1c9c4bfc43187e,236107f04c2b7915bd67ec593fc6d7e0f0b8decda8f8914cd7e9acf0ca36a82f,29f4879d2bf4139250c838bade85e7f1198c648466c8d2aa725b0a99fb9437ff,5281b7c2bc58dd8c1069a388de808cb2a41df412ed9ba34c4f4c0691d60e88d0,True,True,0,0,True,1573,1573,1.0,1.0,0,0,1.0,same physical context and fit-only log1p(n_cells) decile,True,"Retain legal original recipient content only when no matched fit donor exists; mark unknown, never fabricate",0,"{'path': '/home/yyf/runtime_artifacts/safeconf_research_20261001/publicset_execution_v1/risk_followup_v1/registered_universal_v1/content_null_v1/order0/outer1/inner0/DONOR_MAPPING.csv.gz', 'sha256': '8cbf193bf43493c6f5c3e5baf31b0c8a464b7c24691832241b9a3cbbecc97b13'}","{'path': '/home/yyf/runtime_artifacts/safeconf_research_20261001/publicset_execution_v1/risk_followup_v1/registered_universal_v1/content_null_v1/order0/outer1/inner0/MATCHING_BINS.csv', 'sha256': '8755840a7dd92e7ad253151c3a64fee9754b50db3546b2b8668f07025f03e64e'}",/home/yyf/runtime_artifacts/safeconf_research_20261001/publicset_execution_v1/risk_followup_v1/registered_universal_v1/content_null_v1/order0/outer1/inner0/SHUFFLE_AUDIT.json
1,1.0,0,1179,26e54fb8263a5471af83b418473798a2b77fb7305797dcdf97a1ba4333f8d106,d3aa3660b89538b48bfd3119ce6c49411ab7cd3611b6052d0828154f04c28657,4d5ab0233dd990c51155ce13fb98336605b7c0d16d9880e6e2f094e9396f28e0,e9372f599ea9f7ebb2ff92361331d790e891f11fdc35830295a158e2197edbc7,4479d34706dde50655dd319cdde29c43802ff6ecc3a5b942c73f94f1ec925ee8,True,True,0,0,True,1573,1573,1.0,1.0,0,0,1.0,same physical context and fit-only log1p(n_cells) decile,True,"Retain legal original recipient content only when no matched fit donor exists; mark unknown, never fabricate",0,"{'path': '/home/yyf/runtime_artifacts/safeconf_research_20261001/publicset_execution_v1/risk_followup_v1/registered_universal_v1/content_null_v1/order0/outer1/inner1/DONOR_MAPPING.csv.gz', 'sha256': 'be10e3b1fa9e42acbedbb9bfd70448d7de6cdc73e30ac2bd9be3abac3d52ef9a'}","{'path': '/home/yyf/runtime_artifacts/safeconf_research_20261001/publicset_execution_v1/risk_followup_v1/registered_universal_v1/content_null_v1/order0/outer1/inner1/MATCHING_BINS.csv', 'sha256': '822353e9de44d33e951820de313fd9f1d572bb7c631770ee2c64e57ecba0232c'}",/home/yyf/runtime_artifacts/safeconf_research_20261001/publicset_execution_v1/risk_followup_v1/registered_universal_v1/content_null_v1/order0/outer1/inner1/SHUFFLE_AUDIT.json
1,2.0,0,1184,0446fe4b7e9616a7a4919a8d22bfe2fdaa8cf3f079aecb9daca2a96ab00fc66d,328c953e538fd39b5852a62e76434adb0c539b3eb0c79a718293389213bb6843,25487d842710a909785077c8b0ac7628007c2d67e8e5e95d3205897ae0d56b7a,59547544a536bc463c57c5153acb941b784dcba5981ae715964279cd826a4c0a,629e7238d84680136d6d6f1ad852f0bdcceed10fa0e16b804b22fe985092248f,True,True,0,0,True,1573,1573,1.0,1.0,0,0,1.0,same physical context and fit-only log1p(n_cells) decile,True,"Retain legal original recipient content only when no matched fit donor exists; mark unknown, never fabricate",0,"{'path': '/home/yyf/runtime_artifacts/safeconf_research_20261001/publicset_execution_v1/risk_followup_v1/registered_universal_v1/content_null_v1/order0/outer1/inner2/DONOR_MAPPING.csv.gz', 'sha256': '608a5dc6fccbaffc3c9b5cdd565c9ff54b9db32f48595cc7836e4053f7b090bb'}","{'path': '/home/yyf/runtime_artifacts/safeconf_research_20261001/publicset_execution_v1/risk_followup_v1/registered_universal_v1/content_null_v1/order0/outer1/inner2/MATCHING_BINS.csv', 'sha256': 'd0633872d53afaf261acd8541e391d2ab7eed94ade51b039b76c286a8216ddfb'}",/home/yyf/runtime_artifacts/safeconf_research_20261001/publicset_execution_v1/risk_followup_v1/registered_universal_v1/content_null_v1/order0/outer1/inner2/SHUFFLE_AUDIT.json
1,3.0,0,1177,4a544831a3c46aadbdddd3d7dc85f6399a717307b496a51d9a9621cc6f691eef,7ed37c3f0db4ae29c65d56826d5bc189bd31e242fab150f658f585a12b16b96b,4bb98da9047666a3e22a6c95308f8c43620acf135641ac404d361e8bb6789360,0ec6a029af327d39b8d8f18fcbcf7a7eea8db4c64069775715e954ea1283d326,be5d56a6ef8eef0ca3b7ce191bbe475ef45dd86b12ebfbe04e59f6bc3ba3b74c,True,True,0,0,True,1573,1573,1.0,1.0,0,0,1.0,same physical context and fit-only log1p(n_cells) decile,True,"Retain legal original recipient content only when no matched fit donor exists; mark unknown, never fabricate",0,"{'path': '/home/yyf/runtime_artifacts/safeconf_research_20261001/publicset_execution_v1/risk_followup_v1/registered_universal_v1/content_null_v1/order0/outer1/inner3/DONOR_MAPPING.csv.gz', 'sha256': 'b2cde841bb2abf31c2651107294fcaa963782e56615800d7a4c6f5aaf2073609'}","{'path': '/home/yyf/runtime_artifacts/safeconf_research_20261001/publicset_execution_v1/risk_followup_v1/registered_universal_v1/content_null_v1/order0/outer1/inner3/MATCHING_BINS.csv', 'sha256': '6ec2340d8117d93a275a9f2c46928fbde291c2266c2caf3490d31ffd55d9f5e2'}",/home/yyf/runtime_artifacts/safeconf_research_20261001/publicset_execution_v1/risk_followup_v1/registered_universal_v1/content_null_v1/order0/outer1/inner3/SHUFFLE_AUDIT.json
1,,0,1573,bafe5c60b473c033f0b9e0cb57c740e5a5060fc9c87d147eb835e34cd524a10d,4d759d3ff3addee776b5662a803ec343800a963debcb7d6ec868510cd788ca9b,e291dffed4f46a8711d153a0250879ee8938212f8728c1a91282ebf0016f2b90,ad5f26a45672a057d45bf9c7f3a0a387a0537022c0bbc065b745d2226145ca21,6512312d6964d59ceaff5231acfc415cb1eff00e36b672d8b6eacf62aeaeafd7,True,True,0,0,True,1969,1969,1.0,1.0,0,0,1.0,same physical context and fit-only log1p(n_cells) decile,True,"Retain legal original recipient content only when no matched fit donor exists; mark unknown, never fabricate",0,"{'path': '/home/yyf/runtime_artifacts/safeconf_research_20261001/publicset_execution_v1/risk_followup_v1/registered_universal_v1/content_null_v1/order0/outer1/outer/DONOR_MAPPING.csv.gz', 'sha256': 'd50474a571be6a34729637116a7523420f5e2e7594e441417c8ce5d510ffdc95'}","{'path': '/home/yyf/runtime_artifacts/safeconf_research_20261001/publicset_execution_v1/risk_followup_v1/registered_universal_v1/content_null_v1/order0/outer1/outer/MATCHING_BINS.csv', 'sha256': '79a14b10a378ec2a9048d4f9681af5bb067b62b7df577f48d47d71854beb2559'}",/home/yyf/runtime_artifacts/safeconf_research_20261001/publicset_execution_v1/risk_followup_v1/registered_universal_v1/content_null_v1/order0/outer1/outer/SHUFFLE_AUDIT.json
2,0.0,0,1164,6c76f01738ba4a4a8d5aceec5f1fc93a1206c5fff2036ff3ac1527e0042e3df3,4c3d6873d54dfc97fe4888a61b5ac0c22b371cba4d9c9052c1ab61d597e45cc2,366a52074f7a53cc91723d9e978c4472a293aaa962e5a8b571769bd16944a23e,c3447ab0493776781afbe0e73e09c92e650bfa9c4e74993a594c241653b41abd,a70293f604707d94cac1ac4df0ba904b255851ba9d5f51f19b3e70ab883922bb,True,True,0,0,True,1576,1576,1.0,1.0,0,0,1.0,same physical context and fit-only log1p(n_cells) decile,True,"Retain legal original recipient content only when no matched fit donor exists; mark unknown, never fabricate",0,"{'path': '/home/yyf/runtime_artifacts/safeconf_research_20261001/publicset_execution_v1/risk_followup_v1/registered_universal_v1/content_null_v1/order0/outer2/inner0/DONOR_MAPPING.csv.gz', 'sha256': '08b73e715af6153d8e9c928b0fd48a48455d7b45c25478434e06608b47e24dde'}","{'path': '/home/yyf/runtime_artifacts/safeconf_research_20261001/publicset_execution_v1/risk_followup_v1/registered_universal_v1/content_null_v1/order0/outer2/inner0/MATCHING_BINS.csv', 'sha256': 'a017716513c6a66b707b5cb320aa1b62208e436486b8085bea80b3dd65d7047e'}",/home/yyf/runtime_artifacts/safeconf_research_20261001/publicset_execution_v1/risk_followup_v1/registered_universal_v1/content_null_v1/order0/outer2/inner0/SHUFFLE_AUDIT.json
2,1.0,0,1183,a2c4fd519dcad1478573493649d7ff3755c59355a6cdc25fca4f5672ab2799a8,337782e8bd83d6d8383a94e85f2e56cb743cd44079dff4f1d75e211d5c261199,55f9651aef8d9b88a96d95bf59d2fad0049e27b7dfd0243471711d7302a5fb4b,fbbea62b1497ae0305c4192572639a7afce8362d901c18ff51b8e87b4470ddee,babad447f10a924bab98ae083196e27aed6e8996ab2fc9aa9e675a1a939d3543,True,True,0,0,True,1576,1576,1.0,1.0,0,0,1.0,same physical context and fit-only log1p(n_cells) decile,True,"Retain legal original recipient content only when no matched fit donor exists; mark unknown, never fabricate",0,"{'path': '/home/yyf/runtime_artifacts/safeconf_research_20261001/publicset_execution_v1/risk_followup_v1/registered_universal_v1/content_null_v1/order0/outer2/inner1/DONOR_MAPPING.csv.gz', 'sha256': '9f75879c6b4a5c3433a622bbe4bdff399f58b92660df9387d90c13045d3899ad'}","{'path': '/home/yyf/runtime_artifacts/safeconf_research_20261001/publicset_execution_v1/risk_followup_v1/registered_universal_v1/content_null_v1/order0/outer2/inner1/MATCHING_BINS.csv', 'sha256': '0ea4450db5118530de80622d26272b3a86a16a6c6f00e12f6c828c1c9c664104'}",/home/yyf/runtime_artifacts/safeconf_research_20261001/publicset_execution_v1/risk_followup_v1/registered_universal_v1/content_null_v1/order0/outer2/inner1/SHUFFLE_AUDIT.json
2,2.0,0,1184,486e858513fdcac21b4aacd2b485a54e3bf261d83adbb4b061b0c4980e084012,dcf315bacba5a3fa210d5bfb62830a750b07d90988843fea6cc35a3d7524d905,9c040d21361587285c39f67d41fc60ea69830d40b60bcf610657d370c79deb2d,fd5eb01bce3b90ad4d805a16d9b27b287d639af0ed1cdb827ae5d97fa0da4b0e,fe2d7e93962d4c97d9eabd3746fada57ebd4c2bed3407b4bf6a4974627d6c7eb,True,True,0,0,True,1576,1576,1.0,1.0,0,0,1.0,same physical context and fit-only log1p(n_cells) decile,True,"Retain legal original recipient content only when no matched fit donor exists; mark unknown, never fabricate",0,"{'path': '/home/yyf/runtime_artifacts/safeconf_research_20261001/publicset_execution_v1/risk_followup_v1/registered_universal_v1/content_null_v1/order0/outer2/inner2/DONOR_MAPPING.csv.gz', 'sha256': '815085bb2de7c892ae07b81b16179d8bbac8b1ba837fd53c93dd825db1d8d105'}","{'path': '/home/yyf/runtime_artifacts/safeconf_research_20261001/publicset_execution_v1/risk_followup_v1/registered_universal_v1/content_null_v1/order0/outer2/inner2/MATCHING_BINS.csv', 'sha256': '1deeba6733ef2d18fc4d3d78d28599caaf9c79f33a94a8e520b32da6138e2836'}",/home/yyf/runtime_artifacts/safeconf_research_20261001/publicset_execution_v1/risk_followup_v1/registered_universal_v1/content_null_v1/order0/outer2/inner2/SHUFFLE_AUDIT.json
2,3.0,0,1197,8b8e267b61b0223bfdd554b3fb573be304e7e22616e845333ee3004d231fd948,4dc85063bafde2a585467f9ad5f3b4d92d747d84e696deddf3d8346bca9e4563,3bf0bdfdec0e6815247c4a37e7ca9a4cb9f932107a86d9b67350caf8e19df75a,da2da2802d14b71335bd991dc6363b6268d802ffebad1c998927a4064dac2fc7,2d2aad55330c825f30a04a38594b2a02b54ed44dd73ad35b319dc221c71d72fd,True,True,0,0,True,1576,1576,1.0,1.0,0,0,1.0,same physical context and fit-only log1p(n_cells) decile,True,"Retain legal original recipient content only when no matched fit donor exists; mark unknown, never fabricate",0,"{'path': '/home/yyf/runtime_artifacts/safeconf_research_20261001/publicset_execution_v1/risk_followup_v1/registered_universal_v1/content_null_v1/order0/outer2/inner3/DONOR_MAPPING.csv.gz', 'sha256': '45341c95ad5f44997be8f785f8bbba36f815c44e531a677eed3fd5c770ac4436'}","{'path': '/home/yyf/runtime_artifacts/safeconf_research_20261001/publicset_execution_v1/risk_followup_v1/registered_universal_v1/content_null_v1/order0/outer2/inner3/MATCHING_BINS.csv', 'sha256': '6ff556f61a54d119aa5b3283baec84a6eafad7425ec0ca33018df2330d3f4886'}",/home/yyf/runtime_artifacts/safeconf_research_20261001/publicset_execution_v1/risk_followup_v1/registered_universal_v1/content_null_v1/order0/outer2/inner3/SHUFFLE_AUDIT.json
2,,0,1576,bf61c4195c601e4c9524bc4067c0861f34b2f42876a0cc8543250580292f918c,276220e49374c6c647d1d9579bd7a4c4e491d84cd65218dacf1a33bb49641cdc,5d47bfe7b190c5d53044dfec042876d95228f1ab0c8373ef4b7a9b7a7cc28064,06d2bd7f4bd2f261a011cc7de83c96aaf73d2f7cc5815dc31271fa9aecbad716,9917995a2e8b2d3a61848189946d03ab2ed5056418421643d8f7a81a874ae272,True,True,0,0,True,1969,1969,1.0,1.0,0,0,1.0,same physical context and fit-only log1p(n_cells) decile,True,"Retain legal original recipient content only when no matched fit donor exists; mark unknown, never fabricate",0,"{'path': '/home/yyf/runtime_artifacts/safeconf_research_20261001/publicset_execution_v1/risk_followup_v1/registered_universal_v1/content_null_v1/order0/outer2/outer/DONOR_MAPPING.csv.gz', 'sha256': '03b486679846202b4e4597a1b3d80b491bc4738aba4d1d851f5783cc5372fa86'}","{'path': '/home/yyf/runtime_artifacts/safeconf_research_20261001/publicset_execution_v1/risk_followup_v1/registered_universal_v1/content_null_v1/order0/outer2/outer/MATCHING_BINS.csv', 'sha256': 'd9221c1df5020eac03d5f38f628dddb0198c7cd791b9bcc8517fcb5b6c654b19'}",/home/yyf/runtime_artifacts/safeconf_research_20261001/publicset_execution_v1/risk_followup_v1/registered_universal_v1/content_null_v1/order0/outer2/outer/SHUFFLE_AUDIT.json
3,0.0,0,1185,11d66f9f9a3f844d0c8f72a084e33f7ad719b1a7a4fd98f0476953a518389f62,d250539aaf328e87201f690b6865ce0816061a070a8eeaef5176ea4b14086b48,0ae960f9c425b73bde6e83169a009e3a10de6c9cfbb7ae190d09cda6ead7bc75,b949efa2eaa0fcc3c77b30e39b6d21196125094c01515ce7ccd78117e3d82eee,c1cc98e6210e7575076dc59c0c5dc75d0face9c34bbe0d0866aaac63884f6c5b,True,True,0,0,True,1578,1578,1.0,1.0,0,0,1.0,same physical context and fit-only log1p(n_cells) decile,True,"Retain legal original recipient content only when no matched fit donor exists; mark unknown, never fabricate",0,"{'path': '/home/yyf/runtime_artifacts/safeconf_research_20261001/publicset_execution_v1/risk_followup_v1/registered_universal_v1/content_null_v1/order0/outer3/inner0/DONOR_MAPPING.csv.gz', 'sha256': '3932b359b2331e82613f2ab6a157e1fac77fff050a96139b35a6e74e389b9153'}","{'path': '/home/yyf/runtime_artifacts/safeconf_research_20261001/publicset_execution_v1/risk_followup_v1/registered_universal_v1/content_null_v1/order0/outer3/inner0/MATCHING_BINS.csv', 'sha256': 'a66095cbb815214874a286201aefb006dcc583c180846c4e587ad1319968cd28'}",/home/yyf/runtime_artifacts/safeconf_research_20261001/publicset_execution_v1/risk_followup_v1/registered_universal_v1/content_null_v1/order0/outer3/inner0/SHUFFLE_AUDIT.json
3,1.0,0,1188,2d901a6771c3c0d3b4d856fb9f0a445325d2729f996f1460f9f25db64a8a561c,fe370ea26536369e44ac3d166d652b198da46d12f52552e54d21307c130a732d,a2b7c5c9857cfa0db1c50d0fdab95d4d192c99ba2969f5defd2a6e2ddb05ed29,62829327989d1782f27259d89dcd37b1abf4eadd620a645d4f5385a237d643e0,0cda708109ea3b02b25d2df412bee9475d79b1867d13ce69b9db5c11c02dfb68,True,True,0,0,True,1578,1578,1.0,1.0,0,0,1.0,same physical context and fit-only log1p(n_cells) decile,True,"Retain legal original recipient content only when no matched fit donor exists; mark unknown, never fabricate",0,"{'path': '/home/yyf/runtime_artifacts/safeconf_research_20261001/publicset_execution_v1/risk_followup_v1/registered_universal_v1/content_null_v1/order0/outer3/inner1/DONOR_MAPPING.csv.gz', 'sha256': '37fa413f2f6c3f5e1898979e5a677b17836c483e1bc432621ec25b8b34eeb5fe'}","{'path': '/home/yyf/runtime_artifacts/safeconf_research_20261001/publicset_execution_v1/risk_followup_v1/registered_universal_v1/content_null_v1/order0/outer3/inner1/MATCHING_BINS.csv', 'sha256': 'e4545d5f3d2c576e728c3591238aa0d33df2d707cc56878c0a27621e076b78af'}",/home/yyf/runtime_artifacts/safeconf_research_20261001/publicset_execution_v1/risk_followup_v1/registered_universal_v1/content_null_v1/order0/outer3/inner1/SHUFFLE_AUDIT.json
3,2.0,0,1177,411b7f41660c59037eddd7ef8b629fd604384ba5a43ee8cecdb22085e15fa00a,d30081291a45340f975ac4162219ebd8af9f180b30fac59289a0bb371a2ae5f9,840ad13429ae076e23be172b909a368ded2940af399e23da66959a5466005de5,d9fa0b815b5f8eda1395f8d7c829320f25947923cdf3fccc6dcdc7eb3fd55aa8,419e3aa24cc7761cda6492b4c1c371f8554d273433116981c676de513bdee51a,True,True,0,0,True,1578,1578,1.0,1.0,0,0,1.0,same physical context and fit-only log1p(n_cells) decile,True,"Retain legal original recipient content only when no matched fit donor exists; mark unknown, never fabricate",0,"{'path': '/home/yyf/runtime_artifacts/safeconf_research_20261001/publicset_execution_v1/risk_followup_v1/registered_universal_v1/content_null_v1/order0/outer3/inner2/DONOR_MAPPING.csv.gz', 'sha256': '2341facc421f20265ae34f2af611174eeaf204769a48a1ed241c361a7d92f7fd'}","{'path': '/home/yyf/runtime_artifacts/safeconf_research_20261001/publicset_execution_v1/risk_followup_v1/registered_universal_v1/content_null_v1/order0/outer3/inner2/MATCHING_BINS.csv', 'sha256': '4435a5a7bb4b66a2f031f810203ebd3c79462a619896fbf26c0fe5fa7b592d89'}",/home/yyf/runtime_artifacts/safeconf_research_20261001/publicset_execution_v1/risk_followup_v1/registered_universal_v1/content_null_v1/order0/outer3/inner2/SHUFFLE_AUDIT.json
3,3.0,0,1184,6c87664b0803d0dc4b1d5c900c017b2ba0cc2b2f9a476a51e932b6ecda07db8d,181aa548e961ca2a6ba2d2b42927be08d999294719a953205dea64663e597a97,14f5d185327eb48613e4009a85248d80829c9a983e38eb3fae5a2d0eb07e0c4f,0375325dc5b961b19ee92fa04d7fceb6db0a0665fefb38bcc0fa4d48fda6ddcf,2ff02bbb66a84f599c851a293520f1cfb2b51fc754277703e71e3741836f88eb,True,True,0,0,True,1578,1578,1.0,1.0,0,0,1.0,same physical context and fit-only log1p(n_cells) decile,True,"Retain legal original recipient content only when no matched fit donor exists; mark unknown, never fabricate",0,"{'path': '/home/yyf/runtime_artifacts/safeconf_research_20261001/publicset_execution_v1/risk_followup_v1/registered_universal_v1/content_null_v1/order0/outer3/inner3/DONOR_MAPPING.csv.gz', 'sha256': '1983d50671ad2faada4b3771a9cbe99b99a1f49971d3635fda9860e9b827963a'}","{'path': '/home/yyf/runtime_artifacts/safeconf_research_20261001/publicset_execution_v1/risk_followup_v1/registered_universal_v1/content_null_v1/order0/outer3/inner3/MATCHING_BINS.csv', 'sha256': '5926a352f7aaa3b3c8fcf33d2ae356273ff5743143c2e24e1bf2bb542ebdf960'}",/home/yyf/runtime_artifacts/safeconf_research_20261001/publicset_execution_v1/risk_followup_v1/registered_universal_v1/content_null_v1/order0/outer3/inner3/SHUFFLE_AUDIT.json
3,,0,1578,9e70752b38bb4f6fa334d40e38c672bfc6e84b9a3d63b448a42a81a11d9469c5,5e987de5ee4cd53ddb4d746030ab284749b89b08ad421db0cfa1bcfecbcd5b4d,8c54b8a5eb9d36ef8e3436cb4f98a04fa6e9bbe366c533897c6a211dfde780dd,279bd69d755727ae82cca3c66a61f902d80fc50d48aa46a7a70a0d8689762db5,3d21fa620f6c0895589320874e1743a57a760b30a3bad0af1844e5c90c4a6f1f,True,True,0,0,True,1969,1969,1.0,1.0,0,0,1.0,same physical context and fit-only log1p(n_cells) decile,True,"Retain legal original recipient content only when no matched fit donor exists; mark unknown, never fabricate",0,"{'path': '/home/yyf/runtime_artifacts/safeconf_research_20261001/publicset_execution_v1/risk_followup_v1/registered_universal_v1/content_null_v1/order0/outer3/outer/DONOR_MAPPING.csv.gz', 'sha256': '053171bbecee68013fbe56a5ff0a6d910f43f3a03f5a13d66518ab35814648b2'}","{'path': '/home/yyf/runtime_artifacts/safeconf_research_20261001/publicset_execution_v1/risk_followup_v1/registered_universal_v1/content_null_v1/order0/outer3/outer/MATCHING_BINS.csv', 'sha256': '7d4249fa2dcea05ea40fbf5578fdfb7cb79cbb03706085941cae0a61b63658b6'}",/home/yyf/runtime_artifacts/safeconf_research_20261001/publicset_execution_v1/risk_followup_v1/registered_universal_v1/content_null_v1/order0/outer3/outer/SHUFFLE_AUDIT.json
4,0.0,0,1171,d98ba2906054b5480d61fa77744511edd09cca4147af432d5513edf904ae6765,0093b36fe43e0c2c63cdbc22f008ab6795fac4e72424389665c25c06d611f6d2,0c8e5d72876e514d0d34ec8d24d79aa8aaa5431d4a0bc3c14dfa112f61e19b45,c3baa5b5f0576b96362a257c81aea8c94e85d8cb720f10a6f7b39de3ab913f63,7b26b51a7a506634ec2f31084bb1c1899acc508f63817a848dc4dc7e9f679092,True,True,0,0,True,1573,1573,1.0,1.0,0,0,1.0,same physical context and fit-only log1p(n_cells) decile,True,"Retain legal original recipient content only when no matched fit donor exists; mark unknown, never fabricate",0,"{'path': '/home/yyf/runtime_artifacts/safeconf_research_20261001/publicset_execution_v1/risk_followup_v1/registered_universal_v1/content_null_v1/order0/outer4/inner0/DONOR_MAPPING.csv.gz', 'sha256': '0dd4392560df6d182a4b2a1c186e4bb2f58b50eccaa485e1960cf4aa057c894c'}","{'path': '/home/yyf/runtime_artifacts/safeconf_research_20261001/publicset_execution_v1/risk_followup_v1/registered_universal_v1/content_null_v1/order0/outer4/inner0/MATCHING_BINS.csv', 'sha256': 'bc9e82932d616edd124a0d45ed65f17d36b247908e2bd4c366687eba133eba81'}",/home/yyf/runtime_artifacts/safeconf_research_20261001/publicset_execution_v1/risk_followup_v1/registered_universal_v1/content_null_v1/order0/outer4/inner0/SHUFFLE_AUDIT.json
4,1.0,0,1177,ccb1e614287c1fb700326651fc2a16cf3927fe321b18e833b231600f60597315,231e9c173fe60db62e8ebc222d03e14e0806d358e6a7b072d0336f119b8bb8f3,451233433f554af2c966c183dfe9d30b5203535918fcaca42f4810c828b397c8,f4e07877f5f486a8a760bc044bc9241993979f4762d79f25706984cc447e6169,18fccc142fbdd364f2fd1a5ac6b7f449c67205796ef046e760ce38035ce4eecd,True,True,0,0,True,1573,1573,1.0,1.0,0,0,1.0,same physical context and fit-only log1p(n_cells) decile,True,"Retain legal original recipient content only when no matched fit donor exists; mark unknown, never fabricate",0,"{'path': '/home/yyf/runtime_artifacts/safeconf_research_20261001/publicset_execution_v1/risk_followup_v1/registered_universal_v1/content_null_v1/order0/outer4/inner1/DONOR_MAPPING.csv.gz', 'sha256': 'cf2f4116b8af5ccc320e9232cd840d1a7d95b376d40c902be031b687d91e374c'}","{'path': '/home/yyf/runtime_artifacts/safeconf_research_20261001/publicset_execution_v1/risk_followup_v1/registered_universal_v1/content_null_v1/order0/outer4/inner1/MATCHING_BINS.csv', 'sha256': 'fdbf76d9597d152455f314a44cc9f3204e9b860ddad21d76b77beb3ce5cd5c38'}",/home/yyf/runtime_artifacts/safeconf_research_20261001/publicset_execution_v1/risk_followup_v1/registered_universal_v1/content_null_v1/order0/outer4/inner1/SHUFFLE_AUDIT.json
4,2.0,0,1185,1d36871247adee319727e6e652853f61583eaa8e5e9bd6167b428c80c013bc20,487ff99206c241a64c29749715d12012d2c63305bbaa96fa165f0429dbd316cb,a239ffe397c6c963283e6a2b046dfbcc555e3d2b68d0add10eb470d74665eb1b,cdeb00691ec9f0952fd58530966271764912e86fb7d4ec00a8a70af2f93f1948,813214f4f6565b390da739a363509e3ad8a2a0d00921d1eda6027079973209dd,True,True,0,0,True,1573,1573,1.0,1.0,0,0,1.0,same physical context and fit-only log1p(n_cells) decile,True,"Retain legal original recipient content only when no matched fit donor exists; mark unknown, never fabricate",0,"{'path': '/home/yyf/runtime_artifacts/safeconf_research_20261001/publicset_execution_v1/risk_followup_v1/registered_universal_v1/content_null_v1/order0/outer4/inner2/DONOR_MAPPING.csv.gz', 'sha256': 'eedc1553f94cb90a6068fc45a7e95fdcad7677b0d67d8068ccf09e22ae6e2924'}","{'path': '/home/yyf/runtime_artifacts/safeconf_research_20261001/publicset_execution_v1/risk_followup_v1/registered_universal_v1/content_null_v1/order0/outer4/inner2/MATCHING_BINS.csv', 'sha256': '4ac36e7bd19abda3e7d8b9c5a490f1598e7c7162caefa0d7e474713c5b4e2d1e'}",/home/yyf/runtime_artifacts/safeconf_research_20261001/publicset_execution_v1/risk_followup_v1/registered_universal_v1/content_null_v1/order0/outer4/inner2/SHUFFLE_AUDIT.json
4,3.0,0,1186,ff9c5ef375b3e61f4509adc2561921bdfce7d5756b0450b5eb1a29f46f34c6ca,0d8eabfcd6a593823c188b58135dfcdfd0643694ba912612739745c9547374bf,4e8ac2ba1946096747128ab57aec324721121b3409934ab6f6bb1290c7f66a3d,868f39846719e51370b3e2840b2695647841a21c505a57dec4e86dee7947e3ac,7751c37ccf3a2e4e6a423ccf08b88b68b36e94b20086a783e788011c9cfebfec,True,True,0,0,True,1573,1573,1.0,1.0,0,0,1.0,same physical context and fit-only log1p(n_cells) decile,True,"Retain legal original recipient content only when no matched fit donor exists; mark unknown, never fabricate",0,"{'path': '/home/yyf/runtime_artifacts/safeconf_research_20261001/publicset_execution_v1/risk_followup_v1/registered_universal_v1/content_null_v1/order0/outer4/inner3/DONOR_MAPPING.csv.gz', 'sha256': '6b052e612673a8896831aa27aa1542f2ea67e26b7bc96e878a45e3dd65c70104'}","{'path': '/home/yyf/runtime_artifacts/safeconf_research_20261001/publicset_execution_v1/risk_followup_v1/registered_universal_v1/content_null_v1/order0/outer4/inner3/MATCHING_BINS.csv', 'sha256': '080027ed1af2cb17281e41f23dbce82e98637d1f8e919057807ebbda27272405'}",/home/yyf/runtime_artifacts/safeconf_research_20261001/publicset_execution_v1/risk_followup_v1/registered_universal_v1/content_null_v1/order0/outer4/inner3/SHUFFLE_AUDIT.json
4,,0,1573,af057246947e187310d9e13c1ef3d8827c2814686f07bfa31f07153dc7e9086c,47bd8fc359dd059bf521fc1c8dab174667da027b011e4a09f5803c8410099655,e6ebc0607bbc07dc9a8536068e5db9f7a08baf0e76569a4753deb51ac076733e,4e67c76771b3ed736cc137ba6174d21ecbd7280d1a4683b383fb96cff796d2ba,7a43c20d15a92f21866c0d64f5bb98cf923346d8c3ba03187b2f53c8cca9a59e,True,True,0,0,True,1969,1969,1.0,1.0,0,0,1.0,same physical context and fit-only log1p(n_cells) decile,True,"Retain legal original recipient content only when no matched fit donor exists; mark unknown, never fabricate",0,"{'path': '/home/yyf/runtime_artifacts/safeconf_research_20261001/publicset_execution_v1/risk_followup_v1/registered_universal_v1/content_null_v1/order0/outer4/outer/DONOR_MAPPING.csv.gz', 'sha256': '52607e4c0c2897a5994d6cc8cd8e6d6a635cce74a1d7f7ea1168914a9bfd0f38'}","{'path': '/home/yyf/runtime_artifacts/safeconf_research_20261001/publicset_execution_v1/risk_followup_v1/registered_universal_v1/content_null_v1/order0/outer4/outer/MATCHING_BINS.csv', 'sha256': '61e1d37b013fabe839b5c43abd323e06886b860f374d8319c2d1431323f30daa'}",/home/yyf/runtime_artifacts/safeconf_research_20261001/publicset_execution_v1/risk_followup_v1/registered_universal_v1/content_null_v1/order0/outer4/outer/SHUFFLE_AUDIT.json
0,0.0,1,1179,c8af129063805acd89dd0ff54cee698e56d4924870cfeefdb13871dea82a9488,75d16b53d01b1d3827db93c687599fe6b808ed08f6215230eee471f78a66cea6,b28367da617569e9ebfaa5d00ba90a094ac5ef12fa4b82ba094cb1b52e3d9c01,24b5e33fe51808976fed8bbf7a97b371f0b0099d5d10dc455bf8f2b71a3f0bcb,c8a80350a2a61ccba9512d43d85027fbb532a27bd20acd394b04769a7fa170a3,True,True,0,0,True,1576,1576,1.0,1.0,0,0,1.0,same physical context and fit-only log1p(n_cells) decile,True,"Retain legal original recipient content only when no matched fit donor exists; mark unknown, never fabricate",0,"{'path': '/home/yyf/runtime_artifacts/safeconf_research_20261001/publicset_execution_v1/risk_followup_v1/registered_universal_v1/content_null_v1/order1/outer0/inner0/DONOR_MAPPING.csv.gz', 'sha256': 'c3f10056895b6f7648612fc43495a39b91cfccf7759178b1c5e717617012da7e'}","{'path': '/home/yyf/runtime_artifacts/safeconf_research_20261001/publicset_execution_v1/risk_followup_v1/registered_universal_v1/content_null_v1/order1/outer0/inner0/MATCHING_BINS.csv', 'sha256': 'ee4de0561b480a5def8c49830ff8baaf986951acb5170874c81f5d594ede168f'}",/home/yyf/runtime_artifacts/safeconf_research_20261001/publicset_execution_v1/risk_followup_v1/registered_universal_v1/content_null_v1/order1/outer0/inner0/SHUFFLE_AUDIT.json
0,1.0,1,1180,eb7c46d724dd910cec8c08425d5d7954396c5317871af1b6997d0ea160b61417,96582211d010d406edc788f90c1200d0995461b773d827fa1573df92eca5718c,03babd96b2bb062ce6a76e69d43c88d9af15a064aecd60abe54195183efe3760,705bf80ccf8b5027dd7e8db480ba8eabd4a1d0f4ae0650dcc196c0c84e9fc9bf,308e6df1fdd02ca3339cc6916b8f67f827618a9edc6eaf34e3574d8059f8a7a6,True,True,0,0,True,1576,1576,1.0,1.0,0,0,1.0,same physical context and fit-only log1p(n_cells) decile,True,"Retain legal original recipient content only when no matched fit donor exists; mark unknown, never fabricate",0,"{'path': '/home/yyf/runtime_artifacts/safeconf_research_20261001/publicset_execution_v1/risk_followup_v1/registered_universal_v1/content_null_v1/order1/outer0/inner1/DONOR_MAPPING.csv.gz', 'sha256': '0b9c97d5c6e4983abd38d283443b6d12b0037b05ddcd06c81a3f320e6997e855'}","{'path': '/home/yyf/runtime_artifacts/safeconf_research_20261001/publicset_execution_v1/risk_followup_v1/registered_universal_v1/content_null_v1/order1/outer0/inner1/MATCHING_BINS.csv', 'sha256': 'e44d281292749f8630de4d6bb50e3887a8b2ce6dcd53f9a9a756502dce981d05'}",/home/yyf/runtime_artifacts/safeconf_research_20261001/publicset_execution_v1/risk_followup_v1/registered_universal_v1/content_null_v1/order1/outer0/inner1/SHUFFLE_AUDIT.json
0,2.0,1,1184,e49f1f46b9dcd89792eee9c18e063eca731f17880e695687f508f3607e5193d1,6bc57c9f40e164191e10786d49c001e1efdb913ca4a4b08db9e241932c191680,588e1299d1f5e7b4d8c5a1d482dbab6a6c65d5e37f868eef57ec1fe81a6b7434,c70f7446dbad650a5b2bd4b47bbfc0dadc7da294e1acb13c8305c60542bdd270,c800c0c93a5554266e0a4c69d2135e18995d37d54ec55fb452e161597de06a42,True,True,0,0,True,1576,1576,1.0,1.0,0,0,1.0,same physical context and fit-only log1p(n_cells) decile,True,"Retain legal original recipient content only when no matched fit donor exists; mark unknown, never fabricate",0,"{'path': '/home/yyf/runtime_artifacts/safeconf_research_20261001/publicset_execution_v1/risk_followup_v1/registered_universal_v1/content_null_v1/order1/outer0/inner2/DONOR_MAPPING.csv.gz', 'sha256': 'a367523096d4a2111dd60e5b2915a50009315b198a2b65e41b1eedc4ba9e659c'}","{'path': '/home/yyf/runtime_artifacts/safeconf_research_20261001/publicset_execution_v1/risk_followup_v1/registered_universal_v1/content_null_v1/order1/outer0/inner2/MATCHING_BINS.csv', 'sha256': '4cbc87f12b29936fe896440f0634903c4a2ece7e8c4ea8dbc8add1f9cd44536a'}",/home/yyf/runtime_artifacts/safeconf_research_20261001/publicset_execution_v1/risk_followup_v1/registered_universal_v1/content_null_v1/order1/outer0/inner2/SHUFFLE_AUDIT.json
0,3.0,1,1185,8ca22224a01936b90334e7dd5f7a3528342c931c3b06b8e3fcb90db805cba8b2,879c21a9c99aa63a70f34a39edf59eead690b752db9e6487ecaedee6a656957a,3f55e134b5f9017594e069000455128b9843320d1224c7b0353a09c74e45894b,c02ce8309eb04427c95c23a9de2a8f855f08d3e2b73aeff42191f3283b044d13,4e57661e7e3ee29569704a93664018d80cf6ca5e2c445fd305df9b43f186c6ee,True,True,0,0,True,1576,1576,1.0,1.0,0,0,1.0,same physical context and fit-only log1p(n_cells) decile,True,"Retain legal original recipient content only when no matched fit donor exists; mark unknown, never fabricate",0,"{'path': '/home/yyf/runtime_artifacts/safeconf_research_20261001/publicset_execution_v1/risk_followup_v1/registered_universal_v1/content_null_v1/order1/outer0/inner3/DONOR_MAPPING.csv.gz', 'sha256': 'b4866aae3788aab747e95b90dd0dd90673b2ac0a1518206e919d4e8e27d6f5d3'}","{'path': '/home/yyf/runtime_artifacts/safeconf_research_20261001/publicset_execution_v1/risk_followup_v1/registered_universal_v1/content_null_v1/order1/outer0/inner3/MATCHING_BINS.csv', 'sha256': '2ac7cc18990e602267f2fca7016ce013a0f5d18bd831c13c55d81e2611227f8d'}",/home/yyf/runtime_artifacts/safeconf_research_20261001/publicset_execution_v1/risk_followup_v1/registered_universal_v1/content_null_v1/order1/outer0/inner3/SHUFFLE_AUDIT.json
0,,1,1576,67be5a99e7dc6313abba0267a4a88760101d8405e7177231b427354e713ebb72,2f6529e19e09b0f3163bb3ce3e3820e8c085cad51dd321439ae7439db9b7945f,982a1e60295f8f186ffb1f5a6412bd9f56922647e857890e965a621674901b43,4f0f71147e314c974c0a52a981237bdc6ece9066891bd5dda6d4ea9ac4725907,e8269d21710965d59d7c07b35dc89cdb21aa423bb771bebc9715f2cde48b03b3,True,True,0,0,True,1969,1969,1.0,1.0,0,0,1.0,same physical context and fit-only log1p(n_cells) decile,True,"Retain legal original recipient content only when no matched fit donor exists; mark unknown, never fabricate",0,"{'path': '/home/yyf/runtime_artifacts/safeconf_research_20261001/publicset_execution_v1/risk_followup_v1/registered_universal_v1/content_null_v1/order1/outer0/outer/DONOR_MAPPING.csv.gz', 'sha256': 'fd9b1c9409d9a3f8d753faba612346d8c75b88178f991bc866b009958b206726'}","{'path': '/home/yyf/runtime_artifacts/safeconf_research_20261001/publicset_execution_v1/risk_followup_v1/registered_universal_v1/content_null_v1/order1/outer0/outer/MATCHING_BINS.csv', 'sha256': '59c0f3db38af0b58ad006a4957ad1b52c2014b1242a602fb043ce0385a7fec92'}",/home/yyf/runtime_artifacts/safeconf_research_20261001/publicset_execution_v1/risk_followup_v1/registered_universal_v1/content_null_v1/order1/outer0/outer/SHUFFLE_AUDIT.json
1,0.0,1,1179,5c2eb14545a251799d800caec602dd3a563cff175fc2211f4bc7f721c5112975,153a4c79c77a65d15053fd6a89dedbd4e92f338ac285a3476d1c9c4bfc43187e,236107f04c2b7915bd67ec593fc6d7e0f0b8decda8f8914cd7e9acf0ca36a82f,29f4879d2bf4139250c838bade85e7f1198c648466c8d2aa725b0a99fb9437ff,5281b7c2bc58dd8c1069a388de808cb2a41df412ed9ba34c4f4c0691d60e88d0,True,True,0,0,True,1573,1573,1.0,1.0,0,0,1.0,same physical context and fit-only log1p(n_cells) decile,True,"Retain legal original recipient content only when no matched fit donor exists; mark unknown, never fabricate",0,"{'path': '/home/yyf/runtime_artifacts/safeconf_research_20261001/publicset_execution_v1/risk_followup_v1/registered_universal_v1/content_null_v1/order1/outer1/inner0/DONOR_MAPPING.csv.gz', 'sha256': '42afcf2ab49ed1fd474b9aa459266d2bb9b634881f60bc7ba095e8de12fb720e'}","{'path': '/home/yyf/runtime_artifacts/safeconf_research_20261001/publicset_execution_v1/risk_followup_v1/registered_universal_v1/content_null_v1/order1/outer1/inner0/MATCHING_BINS.csv', 'sha256': '8755840a7dd92e7ad253151c3a64fee9754b50db3546b2b8668f07025f03e64e'}",/home/yyf/runtime_artifacts/safeconf_research_20261001/publicset_execution_v1/risk_followup_v1/registered_universal_v1/content_null_v1/order1/outer1/inner0/SHUFFLE_AUDIT.json
1,1.0,1,1179,26e54fb8263a5471af83b418473798a2b77fb7305797dcdf97a1ba4333f8d106,d3aa3660b89538b48bfd3119ce6c49411ab7cd3611b6052d0828154f04c28657,4d5ab0233dd990c51155ce13fb98336605b7c0d16d9880e6e2f094e9396f28e0,e9372f599ea9f7ebb2ff92361331d790e891f11fdc35830295a158e2197edbc7,4479d34706dde50655dd319cdde29c43802ff6ecc3a5b942c73f94f1ec925ee8,True,True,0,0,True,1573,1573,1.0,1.0,0,0,1.0,same physical context and fit-only log1p(n_cells) decile,True,"Retain legal original recipient content only when no matched fit donor exists; mark unknown, never fabricate",0,"{'path': '/home/yyf/runtime_artifacts/safeconf_research_20261001/publicset_execution_v1/risk_followup_v1/registered_universal_v1/content_null_v1/order1/outer1/inner1/DONOR_MAPPING.csv.gz', 'sha256': '443ac832e148199e7662e9f46376a1f45d1430dea38337445683bbafabd441dc'}","{'path': '/home/yyf/runtime_artifacts/safeconf_research_20261001/publicset_execution_v1/risk_followup_v1/registered_universal_v1/content_null_v1/order1/outer1/inner1/MATCHING_BINS.csv', 'sha256': '822353e9de44d33e951820de313fd9f1d572bb7c631770ee2c64e57ecba0232c'}",/home/yyf/runtime_artifacts/safeconf_research_20261001/publicset_execution_v1/risk_followup_v1/registered_universal_v1/content_null_v1/order1/outer1/inner1/SHUFFLE_AUDIT.json
1,2.0,1,1184,0446fe4b7e9616a7a4919a8d22bfe2fdaa8cf3f079aecb9daca2a96ab00fc66d,328c953e538fd39b5852a62e76434adb0c539b3eb0c79a718293389213bb6843,25487d842710a909785077c8b0ac7628007c2d67e8e5e95d3205897ae0d56b7a,59547544a536bc463c57c5153acb941b784dcba5981ae715964279cd826a4c0a,629e7238d84680136d6d6f1ad852f0bdcceed10fa0e16b804b22fe985092248f,True,True,0,0,True,1573,1573,1.0,1.0,0,0,1.0,same physical context and fit-only log1p(n_cells) decile,True,"Retain legal original recipient content only when no matched fit donor exists; mark unknown, never fabricate",0,"{'path': '/home/yyf/runtime_artifacts/safeconf_research_20261001/publicset_execution_v1/risk_followup_v1/registered_universal_v1/content_null_v1/order1/outer1/inner2/DONOR_MAPPING.csv.gz', 'sha256': '8df5fe27a3556572e26c33d2968802b3b0cd1791400c1b7a6ce06ef1b41e87c8'}","{'path': '/home/yyf/runtime_artifacts/safeconf_research_20261001/publicset_execution_v1/risk_followup_v1/registered_universal_v1/content_null_v1/order1/outer1/inner2/MATCHING_BINS.csv', 'sha256': 'd0633872d53afaf261acd8541e391d2ab7eed94ade51b039b76c286a8216ddfb'}",/home/yyf/runtime_artifacts/safeconf_research_20261001/publicset_execution_v1/risk_followup_v1/registered_universal_v1/content_null_v1/order1/outer1/inner2/SHUFFLE_AUDIT.json
1,3.0,1,1177,4a544831a3c46aadbdddd3d7dc85f6399a717307b496a51d9a9621cc6f691eef,7ed37c3f0db4ae29c65d56826d5bc189bd31e242fab150f658f585a12b16b96b,4bb98da9047666a3e22a6c95308f8c43620acf135641ac404d361e8bb6789360,0ec6a029af327d39b8d8f18fcbcf7a7eea8db4c64069775715e954ea1283d326,be5d56a6ef8eef0ca3b7ce191bbe475ef45dd86b12ebfbe04e59f6bc3ba3b74c,True,True,0,0,True,1573,1573,1.0,1.0,0,0,1.0,same physical context and fit-only log1p(n_cells) decile,True,"Retain legal original recipient content only when no matched fit donor exists; mark unknown, never fabricate",0,"{'path': '/home/yyf/runtime_artifacts/safeconf_research_20261001/publicset_execution_v1/risk_followup_v1/registered_universal_v1/content_null_v1/order1/outer1/inner3/DONOR_MAPPING.csv.gz', 'sha256': '3452a16791b52832e5fccab6a31b8ba36826ed340c470fc8159d0e2176235898'}","{'path': '/home/yyf/runtime_artifacts/safeconf_research_20261001/publicset_execution_v1/risk_followup_v1/registered_universal_v1/content_null_v1/order1/outer1/inner3/MATCHING_BINS.csv', 'sha256': '6ec2340d8117d93a275a9f2c46928fbde291c2266c2caf3490d31ffd55d9f5e2'}",/home/yyf/runtime_artifacts/safeconf_research_20261001/publicset_execution_v1/risk_followup_v1/registered_universal_v1/content_null_v1/order1/outer1/inner3/SHUFFLE_AUDIT.json
1,,1,1573,bafe5c60b473c033f0b9e0cb57c740e5a5060fc9c87d147eb835e34cd524a10d,4d759d3ff3addee776b5662a803ec343800a963debcb7d6ec868510cd788ca9b,e291dffed4f46a8711d153a0250879ee8938212f8728c1a91282ebf0016f2b90,ad5f26a45672a057d45bf9c7f3a0a387a0537022c0bbc065b745d2226145ca21,6512312d6964d59ceaff5231acfc415cb1eff00e36b672d8b6eacf62aeaeafd7,True,True,0,0,True,1969,1969,1.0,1.0,0,0,1.0,same physical context and fit-only log1p(n_cells) decile,True,"Retain legal original recipient content only when no matched fit donor exists; mark unknown, never fabricate",0,"{'path': '/home/yyf/runtime_artifacts/safeconf_research_20261001/publicset_execution_v1/risk_followup_v1/registered_universal_v1/content_null_v1/order1/outer1/outer/DONOR_MAPPING.csv.gz', 'sha256': '8e70316dc0915298aa3430ff0916aa2a30b4501cb614e204a7fa59a9149bc4ec'}","{'path': '/home/yyf/runtime_artifacts/safeconf_research_20261001/publicset_execution_v1/risk_followup_v1/registered_universal_v1/content_null_v1/order1/outer1/outer/MATCHING_BINS.csv', 'sha256': '79a14b10a378ec2a9048d4f9681af5bb067b62b7df577f48d47d71854beb2559'}",/home/yyf/runtime_artifacts/safeconf_research_20261001/publicset_execution_v1/risk_followup_v1/registered_universal_v1/content_null_v1/order1/outer1/outer/SHUFFLE_AUDIT.json
2,0.0,1,1164,6c76f01738ba4a4a8d5aceec5f1fc93a1206c5fff2036ff3ac1527e0042e3df3,4c3d6873d54dfc97fe4888a61b5ac0c22b371cba4d9c9052c1ab61d597e45cc2,366a52074f7a53cc91723d9e978c4472a293aaa962e5a8b571769bd16944a23e,c3447ab0493776781afbe0e73e09c92e650bfa9c4e74993a594c241653b41abd,a70293f604707d94cac1ac4df0ba904b255851ba9d5f51f19b3e70ab883922bb,True,True,0,0,True,1576,1576,1.0,1.0,0,0,1.0,same physical context and fit-only log1p(n_cells) decile,True,"Retain legal original recipient content only when no matched fit donor exists; mark unknown, never fabricate",0,"{'path': '/home/yyf/runtime_artifacts/safeconf_research_20261001/publicset_execution_v1/risk_followup_v1/registered_universal_v1/content_null_v1/order1/outer2/inner0/DONOR_MAPPING.csv.gz', 'sha256': '811d4e473c69d1df32f0bd5f346b6955a8e0fd38035bb6a2f361bb59da7f639e'}","{'path': '/home/yyf/runtime_artifacts/safeconf_research_20261001/publicset_execution_v1/risk_followup_v1/registered_universal_v1/content_null_v1/order1/outer2/inner0/MATCHING_BINS.csv', 'sha256': 'a017716513c6a66b707b5cb320aa1b62208e436486b8085bea80b3dd65d7047e'}",/home/yyf/runtime_artifacts/safeconf_research_20261001/publicset_execution_v1/risk_followup_v1/registered_universal_v1/content_null_v1/order1/outer2/inner0/SHUFFLE_AUDIT.json
2,1.0,1,1183,a2c4fd519dcad1478573493649d7ff3755c59355a6cdc25fca4f5672ab2799a8,337782e8bd83d6d8383a94e85f2e56cb743cd44079dff4f1d75e211d5c261199,55f9651aef8d9b88a96d95bf59d2fad0049e27b7dfd0243471711d7302a5fb4b,fbbea62b1497ae0305c4192572639a7afce8362d901c18ff51b8e87b4470ddee,babad447f10a924bab98ae083196e27aed6e8996ab2fc9aa9e675a1a939d3543,True,True,0,0,True,1576,1576,1.0,1.0,0,0,1.0,same physical context and fit-only log1p(n_cells) decile,True,"Retain legal original recipient content only when no matched fit donor exists; mark unknown, never fabricate",0,"{'path': '/home/yyf/runtime_artifacts/safeconf_research_20261001/publicset_execution_v1/risk_followup_v1/registered_universal_v1/content_null_v1/order1/outer2/inner1/DONOR_MAPPING.csv.gz', 'sha256': 'ecae6d61337a3c3f636e29bcf4312f20238b635e8f5f07162a02573f3537542d'}","{'path': '/home/yyf/runtime_artifacts/safeconf_research_20261001/publicset_execution_v1/risk_followup_v1/registered_universal_v1/content_null_v1/order1/outer2/inner1/MATCHING_BINS.csv', 'sha256': '0ea4450db5118530de80622d26272b3a86a16a6c6f00e12f6c828c1c9c664104'}",/home/yyf/runtime_artifacts/safeconf_research_20261001/publicset_execution_v1/risk_followup_v1/registered_universal_v1/content_null_v1/order1/outer2/inner1/SHUFFLE_AUDIT.json
2,2.0,1,1184,486e858513fdcac21b4aacd2b485a54e3bf261d83adbb4b061b0c4980e084012,dcf315bacba5a3fa210d5bfb62830a750b07d90988843fea6cc35a3d7524d905,9c040d21361587285c39f67d41fc60ea69830d40b60bcf610657d370c79deb2d,fd5eb01bce3b90ad4d805a16d9b27b287d639af0ed1cdb827ae5d97fa0da4b0e,fe2d7e93962d4c97d9eabd3746fada57ebd4c2bed3407b4bf6a4974627d6c7eb,True,True,0,0,True,1576,1576,1.0,1.0,0,0,1.0,same physical context and fit-only log1p(n_cells) decile,True,"Retain legal original recipient content only when no matched fit donor exists; mark unknown, never fabricate",0,"{'path': '/home/yyf/runtime_artifacts/safeconf_research_20261001/publicset_execution_v1/risk_followup_v1/registered_universal_v1/content_null_v1/order1/outer2/inner2/DONOR_MAPPING.csv.gz', 'sha256': 'b715ab02250b9fc02bf3490b6b17a2d075737375019b626a01016a2de04200d1'}","{'path': '/home/yyf/runtime_artifacts/safeconf_research_20261001/publicset_execution_v1/risk_followup_v1/registered_universal_v1/content_null_v1/order1/outer2/inner2/MATCHING_BINS.csv', 'sha256': '1deeba6733ef2d18fc4d3d78d28599caaf9c79f33a94a8e520b32da6138e2836'}",/home/yyf/runtime_artifacts/safeconf_research_20261001/publicset_execution_v1/risk_followup_v1/registered_universal_v1/content_null_v1/order1/outer2/inner2/SHUFFLE_AUDIT.json
2,3.0,1,1197,8b8e267b61b0223bfdd554b3fb573be304e7e22616e845333ee3004d231fd948,4dc85063bafde2a585467f9ad5f3b4d92d747d84e696deddf3d8346bca9e4563,3bf0bdfdec0e6815247c4a37e7ca9a4cb9f932107a86d9b67350caf8e19df75a,da2da2802d14b71335bd991dc6363b6268d802ffebad1c998927a4064dac2fc7,2d2aad55330c825f30a04a38594b2a02b54ed44dd73ad35b319dc221c71d72fd,True,True,0,0,True,1576,1576,1.0,1.0,0,0,1.0,same physical context and fit-only log1p(n_cells) decile,True,"Retain legal original recipient content only when no matched fit donor exists; mark unknown, never fabricate",0,"{'path': '/home/yyf/runtime_artifacts/safeconf_research_20261001/publicset_execution_v1/risk_followup_v1/registered_universal_v1/content_null_v1/order1/outer2/inner3/DONOR_MAPPING.csv.gz', 'sha256': '982146f6cdc8717696ad441273c7c5d6704abfb19aa4fa17e88230602fac50f7'}","{'path': '/home/yyf/runtime_artifacts/safeconf_research_20261001/publicset_execution_v1/risk_followup_v1/registered_universal_v1/content_null_v1/order1/outer2/inner3/MATCHING_BINS.csv', 'sha256': '6ff556f61a54d119aa5b3283baec84a6eafad7425ec0ca33018df2330d3f4886'}",/home/yyf/runtime_artifacts/safeconf_research_20261001/publicset_execution_v1/risk_followup_v1/registered_universal_v1/content_null_v1/order1/outer2/inner3/SHUFFLE_AUDIT.json
2,,1,1576,bf61c4195c601e4c9524bc4067c0861f34b2f42876a0cc8543250580292f918c,276220e49374c6c647d1d9579bd7a4c4e491d84cd65218dacf1a33bb49641cdc,5d47bfe7b190c5d53044dfec042876d95228f1ab0c8373ef4b7a9b7a7cc28064,06d2bd7f4bd2f261a011cc7de83c96aaf73d2f7cc5815dc31271fa9aecbad716,9917995a2e8b2d3a61848189946d03ab2ed5056418421643d8f7a81a874ae272,True,True,0,0,True,1969,1969,1.0,1.0,0,0,1.0,same physical context and fit-only log1p(n_cells) decile,True,"Retain legal original recipient content only when no matched fit donor exists; mark unknown, never fabricate",0,"{'path': '/home/yyf/runtime_artifacts/safeconf_research_20261001/publicset_execution_v1/risk_followup_v1/registered_universal_v1/content_null_v1/order1/outer2/outer/DONOR_MAPPING.csv.gz', 'sha256': '44af8b59abebce6c89d328cd062a180a4e88044e9c8ae49bc946e7a39606e22c'}","{'path': '/home/yyf/runtime_artifacts/safeconf_research_20261001/publicset_execution_v1/risk_followup_v1/registered_universal_v1/content_null_v1/order1/outer2/outer/MATCHING_BINS.csv', 'sha256': 'd9221c1df5020eac03d5f38f628dddb0198c7cd791b9bcc8517fcb5b6c654b19'}",/home/yyf/runtime_artifacts/safeconf_research_20261001/publicset_execution_v1/risk_followup_v1/registered_universal_v1/content_null_v1/order1/outer2/outer/SHUFFLE_AUDIT.json
3,0.0,1,1185,11d66f9f9a3f844d0c8f72a084e33f7ad719b1a7a4fd98f0476953a518389f62,d250539aaf328e87201f690b6865ce0816061a070a8eeaef5176ea4b14086b48,0ae960f9c425b73bde6e83169a009e3a10de6c9cfbb7ae190d09cda6ead7bc75,b949efa2eaa0fcc3c77b30e39b6d21196125094c01515ce7ccd78117e3d82eee,c1cc98e6210e7575076dc59c0c5dc75d0face9c34bbe0d0866aaac63884f6c5b,True,True,0,0,True,1578,1578,1.0,1.0,0,0,1.0,same physical context and fit-only log1p(n_cells) decile,True,"Retain legal original recipient content only when no matched fit donor exists; mark unknown, never fabricate",0,"{'path': '/home/yyf/runtime_artifacts/safeconf_research_20261001/publicset_execution_v1/risk_followup_v1/registered_universal_v1/content_null_v1/order1/outer3/inner0/DONOR_MAPPING.csv.gz', 'sha256': '55443b80c21bfa9552540a04b34c5fdfc9e31ac95168bd7716be89b6e808b782'}","{'path': '/home/yyf/runtime_artifacts/safeconf_research_20261001/publicset_execution_v1/risk_followup_v1/registered_universal_v1/content_null_v1/order1/outer3/inner0/MATCHING_BINS.csv', 'sha256': 'a66095cbb815214874a286201aefb006dcc583c180846c4e587ad1319968cd28'}",/home/yyf/runtime_artifacts/safeconf_research_20261001/publicset_execution_v1/risk_followup_v1/registered_universal_v1/content_null_v1/order1/outer3/inner0/SHUFFLE_AUDIT.json
3,1.0,1,1188,2d901a6771c3c0d3b4d856fb9f0a445325d2729f996f1460f9f25db64a8a561c,fe370ea26536369e44ac3d166d652b198da46d12f52552e54d21307c130a732d,a2b7c5c9857cfa0db1c50d0fdab95d4d192c99ba2969f5defd2a6e2ddb05ed29,62829327989d1782f27259d89dcd37b1abf4eadd620a645d4f5385a237d643e0,0cda708109ea3b02b25d2df412bee9475d79b1867d13ce69b9db5c11c02dfb68,True,True,0,0,True,1578,1578,1.0,1.0,0,0,1.0,same physical context and fit-only log1p(n_cells) decile,True,"Retain legal original recipient content only when no matched fit donor exists; mark unknown, never fabricate",0,"{'path': '/home/yyf/runtime_artifacts/safeconf_research_20261001/publicset_execution_v1/risk_followup_v1/registered_universal_v1/content_null_v1/order1/outer3/inner1/DONOR_MAPPING.csv.gz', 'sha256': '1772807bb1a3bc3f2a7d912de695163434a1b7718bbfd1b177407d96549499b6'}","{'path': '/home/yyf/runtime_artifacts/safeconf_research_20261001/publicset_execution_v1/risk_followup_v1/registered_universal_v1/content_null_v1/order1/outer3/inner1/MATCHING_BINS.csv', 'sha256': 'e4545d5f3d2c576e728c3591238aa0d33df2d707cc56878c0a27621e076b78af'}",/home/yyf/runtime_artifacts/safeconf_research_20261001/publicset_execution_v1/risk_followup_v1/registered_universal_v1/content_null_v1/order1/outer3/inner1/SHUFFLE_AUDIT.json
3,2.0,1,1177,411b7f41660c59037eddd7ef8b629fd604384ba5a43ee8cecdb22085e15fa00a,d30081291a45340f975ac4162219ebd8af9f180b30fac59289a0bb371a2ae5f9,840ad13429ae076e23be172b909a368ded2940af399e23da66959a5466005de5,d9fa0b815b5f8eda1395f8d7c829320f25947923cdf3fccc6dcdc7eb3fd55aa8,419e3aa24cc7761cda6492b4c1c371f8554d273433116981c676de513bdee51a,True,True,0,0,True,1578,1578,1.0,1.0,0,0,1.0,same physical context and fit-only log1p(n_cells) decile,True,"Retain legal original recipient content only when no matched fit donor exists; mark unknown, never fabricate",0,"{'path': '/home/yyf/runtime_artifacts/safeconf_research_20261001/publicset_execution_v1/risk_followup_v1/registered_universal_v1/content_null_v1/order1/outer3/inner2/DONOR_MAPPING.csv.gz', 'sha256': '119af8e7e0ac1c33075cc5d174e4da88ea0214375da226d9e91201e070e97397'}","{'path': '/home/yyf/runtime_artifacts/safeconf_research_20261001/publicset_execution_v1/risk_followup_v1/registered_universal_v1/content_null_v1/order1/outer3/inner2/MATCHING_BINS.csv', 'sha256': '4435a5a7bb4b66a2f031f810203ebd3c79462a619896fbf26c0fe5fa7b592d89'}",/home/yyf/runtime_artifacts/safeconf_research_20261001/publicset_execution_v1/risk_followup_v1/registered_universal_v1/content_null_v1/order1/outer3/inner2/SHUFFLE_AUDIT.json
3,3.0,1,1184,6c87664b0803d0dc4b1d5c900c017b2ba0cc2b2f9a476a51e932b6ecda07db8d,181aa548e961ca2a6ba2d2b42927be08d999294719a953205dea64663e597a97,14f5d185327eb48613e4009a85248d80829c9a983e38eb3fae5a2d0eb07e0c4f,0375325dc5b961b19ee92fa04d7fceb6db0a0665fefb38bcc0fa4d48fda6ddcf,2ff02bbb66a84f599c851a293520f1cfb2b51fc754277703e71e3741836f88eb,True,True,0,0,True,1578,1578,1.0,1.0,0,0,1.0,same physical context and fit-only log1p(n_cells) decile,True,"Retain legal original recipient content only when no matched fit donor exists; mark unknown, never fabricate",0,"{'path': '/home/yyf/runtime_artifacts/safeconf_research_20261001/publicset_execution_v1/risk_followup_v1/registered_universal_v1/content_null_v1/order1/outer3/inner3/DONOR_MAPPING.csv.gz', 'sha256': '1d6f17c946330658963475b2f888295044e415320acb3dc58a5dfe5ab9c42e2f'}","{'path': '/home/yyf/runtime_artifacts/safeconf_research_20261001/publicset_execution_v1/risk_followup_v1/registered_universal_v1/content_null_v1/order1/outer3/inner3/MATCHING_BINS.csv', 'sha256': '5926a352f7aaa3b3c8fcf33d2ae356273ff5743143c2e24e1bf2bb542ebdf960'}",/home/yyf/runtime_artifacts/safeconf_research_20261001/publicset_execution_v1/risk_followup_v1/registered_universal_v1/content_null_v1/order1/outer3/inner3/SHUFFLE_AUDIT.json
3,,1,1578,9e70752b38bb4f6fa334d40e38c672bfc6e84b9a3d63b448a42a81a11d9469c5,5e987de5ee4cd53ddb4d746030ab284749b89b08ad421db0cfa1bcfecbcd5b4d,8c54b8a5eb9d36ef8e3436cb4f98a04fa6e9bbe366c533897c6a211dfde780dd,279bd69d755727ae82cca3c66a61f902d80fc50d48aa46a7a70a0d8689762db5,3d21fa620f6c0895589320874e1743a57a760b30a3bad0af1844e5c90c4a6f1f,True,True,0,0,True,1969,1969,1.0,1.0,0,0,1.0,same physical context and fit-only log1p(n_cells) decile,True,"Retain legal original recipient content only when no matched fit donor exists; mark unknown, never fabricate",0,"{'path': '/home/yyf/runtime_artifacts/safeconf_research_20261001/publicset_execution_v1/risk_followup_v1/registered_universal_v1/content_null_v1/order1/outer3/outer/DONOR_MAPPING.csv.gz', 'sha256': 'ed304bc3f9ec74690d124cfffee7f54fc11e57fa853e2fb9154f0defb3084046'}","{'path': '/home/yyf/runtime_artifacts/safeconf_research_20261001/publicset_execution_v1/risk_followup_v1/registered_universal_v1/content_null_v1/order1/outer3/outer/MATCHING_BINS.csv', 'sha256': '7d4249fa2dcea05ea40fbf5578fdfb7cb79cbb03706085941cae0a61b63658b6'}",/home/yyf/runtime_artifacts/safeconf_research_20261001/publicset_execution_v1/risk_followup_v1/registered_universal_v1/content_null_v1/order1/outer3/outer/SHUFFLE_AUDIT.json
4,0.0,1,1171,d98ba2906054b5480d61fa77744511edd09cca4147af432d5513edf904ae6765,0093b36fe43e0c2c63cdbc22f008ab6795fac4e72424389665c25c06d611f6d2,0c8e5d72876e514d0d34ec8d24d79aa8aaa5431d4a0bc3c14dfa112f61e19b45,c3baa5b5f0576b96362a257c81aea8c94e85d8cb720f10a6f7b39de3ab913f63,7b26b51a7a506634ec2f31084bb1c1899acc508f63817a848dc4dc7e9f679092,True,True,0,0,True,1573,1573,1.0,1.0,0,0,1.0,same physical context and fit-only log1p(n_cells) decile,True,"Retain legal original recipient content only when no matched fit donor exists; mark unknown, never fabricate",0,"{'path': '/home/yyf/runtime_artifacts/safeconf_research_20261001/publicset_execution_v1/risk_followup_v1/registered_universal_v1/content_null_v1/order1/outer4/inner0/DONOR_MAPPING.csv.gz', 'sha256': 'd0e8b563fc3cd5f89e24cb8ea1709e277f4af140c25d0db5aa50db8de77b37c2'}","{'path': '/home/yyf/runtime_artifacts/safeconf_research_20261001/publicset_execution_v1/risk_followup_v1/registered_universal_v1/content_null_v1/order1/outer4/inner0/MATCHING_BINS.csv', 'sha256': 'bc9e82932d616edd124a0d45ed65f17d36b247908e2bd4c366687eba133eba81'}",/home/yyf/runtime_artifacts/safeconf_research_20261001/publicset_execution_v1/risk_followup_v1/registered_universal_v1/content_null_v1/order1/outer4/inner0/SHUFFLE_AUDIT.json
4,1.0,1,1177,ccb1e614287c1fb700326651fc2a16cf3927fe321b18e833b231600f60597315,231e9c173fe60db62e8ebc222d03e14e0806d358e6a7b072d0336f119b8bb8f3,451233433f554af2c966c183dfe9d30b5203535918fcaca42f4810c828b397c8,f4e07877f5f486a8a760bc044bc9241993979f4762d79f25706984cc447e6169,18fccc142fbdd364f2fd1a5ac6b7f449c67205796ef046e760ce38035ce4eecd,True,True,0,0,True,1573,1573,1.0,1.0,0,0,1.0,same physical context and fit-only log1p(n_cells) decile,True,"Retain legal original recipient content only when no matched fit donor exists; mark unknown, never fabricate",0,"{'path': '/home/yyf/runtime_artifacts/safeconf_research_20261001/publicset_execution_v1/risk_followup_v1/registered_universal_v1/content_null_v1/order1/outer4/inner1/DONOR_MAPPING.csv.gz', 'sha256': '53f0db38fef9a13b37a40ba0ac0b500fc08d72e6cf400a33c92679d031e762d6'}","{'path': '/home/yyf/runtime_artifacts/safeconf_research_20261001/publicset_execution_v1/risk_followup_v1/registered_universal_v1/content_null_v1/order1/outer4/inner1/MATCHING_BINS.csv', 'sha256': 'fdbf76d9597d152455f314a44cc9f3204e9b860ddad21d76b77beb3ce5cd5c38'}",/home/yyf/runtime_artifacts/safeconf_research_20261001/publicset_execution_v1/risk_followup_v1/registered_universal_v1/content_null_v1/order1/outer4/inner1/SHUFFLE_AUDIT.json
4,2.0,1,1185,1d36871247adee319727e6e652853f61583eaa8e5e9bd6167b428c80c013bc20,487ff99206c241a64c29749715d12012d2c63305bbaa96fa165f0429dbd316cb,a239ffe397c6c963283e6a2b046dfbcc555e3d2b68d0add10eb470d74665eb1b,cdeb00691ec9f0952fd58530966271764912e86fb7d4ec00a8a70af2f93f1948,813214f4f6565b390da739a363509e3ad8a2a0d00921d1eda6027079973209dd,True,True,0,0,True,1573,1573,1.0,1.0,0,0,1.0,same physical context and fit-only log1p(n_cells) decile,True,"Retain legal original recipient content only when no matched fit donor exists; mark unknown, never fabricate",0,"{'path': '/home/yyf/runtime_artifacts/safeconf_research_20261001/publicset_execution_v1/risk_followup_v1/registered_universal_v1/content_null_v1/order1/outer4/inner2/DONOR_MAPPING.csv.gz', 'sha256': '2e0a81112c277c609a7c5f27fa671d4ac8077bb026ff1df90fc72c26471bfd4f'}","{'path': '/home/yyf/runtime_artifacts/safeconf_research_20261001/publicset_execution_v1/risk_followup_v1/registered_universal_v1/content_null_v1/order1/outer4/inner2/MATCHING_BINS.csv', 'sha256': '4ac36e7bd19abda3e7d8b9c5a490f1598e7c7162caefa0d7e474713c5b4e2d1e'}",/home/yyf/runtime_artifacts/safeconf_research_20261001/publicset_execution_v1/risk_followup_v1/registered_universal_v1/content_null_v1/order1/outer4/inner2/SHUFFLE_AUDIT.json
4,3.0,1,1186,ff9c5ef375b3e61f4509adc2561921bdfce7d5756b0450b5eb1a29f46f34c6ca,0d8eabfcd6a593823c188b58135dfcdfd0643694ba912612739745c9547374bf,4e8ac2ba1946096747128ab57aec324721121b3409934ab6f6bb1290c7f66a3d,868f39846719e51370b3e2840b2695647841a21c505a57dec4e86dee7947e3ac,7751c37ccf3a2e4e6a423ccf08b88b68b36e94b20086a783e788011c9cfebfec,True,True,0,0,True,1573,1573,1.0,1.0,0,0,1.0,same physical context and fit-only log1p(n_cells) decile,True,"Retain legal original recipient content only when no matched fit donor exists; mark unknown, never fabricate",0,"{'path': '/home/yyf/runtime_artifacts/safeconf_research_20261001/publicset_execution_v1/risk_followup_v1/registered_universal_v1/content_null_v1/order1/outer4/inner3/DONOR_MAPPING.csv.gz', 'sha256': 'fde7521900d2bffce68c2b0e1a62cbf07a97125ba512690581f8da6805de6bc1'}","{'path': '/home/yyf/runtime_artifacts/safeconf_research_20261001/publicset_execution_v1/risk_followup_v1/registered_universal_v1/content_null_v1/order1/outer4/inner3/MATCHING_BINS.csv', 'sha256': '080027ed1af2cb17281e41f23dbce82e98637d1f8e919057807ebbda27272405'}",/home/yyf/runtime_artifacts/safeconf_research_20261001/publicset_execution_v1/risk_followup_v1/registered_universal_v1/content_null_v1/order1/outer4/inner3/SHUFFLE_AUDIT.json
4,,1,1573,af057246947e187310d9e13c1ef3d8827c2814686f07bfa31f07153dc7e9086c,47bd8fc359dd059bf521fc1c8dab174667da027b011e4a09f5803c8410099655,e6ebc0607bbc07dc9a8536068e5db9f7a08baf0e76569a4753deb51ac076733e,4e67c76771b3ed736cc137ba6174d21ecbd7280d1a4683b383fb96cff796d2ba,7a43c20d15a92f21866c0d64f5bb98cf923346d8c3ba03187b2f53c8cca9a59e,True,True,0,0,True,1969,1969,1.0,1.0,0,0,1.0,same physical context and fit-only log1p(n_cells) decile,True,"Retain legal original recipient content only when no matched fit donor exists; mark unknown, never fabricate",0,"{'path': '/home/yyf/runtime_artifacts/safeconf_research_20261001/publicset_execution_v1/risk_followup_v1/registered_universal_v1/content_null_v1/order1/outer4/outer/DONOR_MAPPING.csv.gz', 'sha256': '730abdcedcb8319d8fb883eb5da75268956178a80a6168079b24a489e52b968d'}","{'path': '/home/yyf/runtime_artifacts/safeconf_research_20261001/publicset_execution_v1/risk_followup_v1/registered_universal_v1/content_null_v1/order1/outer4/outer/MATCHING_BINS.csv', 'sha256': '61e1d37b013fabe839b5c43abd323e06886b860f374d8319c2d1431323f30daa'}",/home/yyf/runtime_artifacts/safeconf_research_20261001/publicset_execution_v1/risk_followup_v1/registered_universal_v1/content_null_v1/order1/outer4/outer/SHUFFLE_AUDIT.json
0,0.0,2,1179,c8af129063805acd89dd0ff54cee698e56d4924870cfeefdb13871dea82a9488,75d16b53d01b1d3827db93c687599fe6b808ed08f6215230eee471f78a66cea6,b28367da617569e9ebfaa5d00ba90a094ac5ef12fa4b82ba094cb1b52e3d9c01,24b5e33fe51808976fed8bbf7a97b371f0b0099d5d10dc455bf8f2b71a3f0bcb,c8a80350a2a61ccba9512d43d85027fbb532a27bd20acd394b04769a7fa170a3,True,True,0,0,True,1576,1576,1.0,1.0,0,0,1.0,same physical context and fit-only log1p(n_cells) decile,True,"Retain legal original recipient content only when no matched fit donor exists; mark unknown, never fabricate",0,"{'path': '/home/yyf/runtime_artifacts/safeconf_research_20261001/publicset_execution_v1/risk_followup_v1/registered_universal_v1/content_null_v1/order2/outer0/inner0/DONOR_MAPPING.csv.gz', 'sha256': '6fd673ef0058ec3b284508dc75b008469092254a8f8dde319e798db1e69b6136'}","{'path': '/home/yyf/runtime_artifacts/safeconf_research_20261001/publicset_execution_v1/risk_followup_v1/registered_universal_v1/content_null_v1/order2/outer0/inner0/MATCHING_BINS.csv', 'sha256': 'ee4de0561b480a5def8c49830ff8baaf986951acb5170874c81f5d594ede168f'}",/home/yyf/runtime_artifacts/safeconf_research_20261001/publicset_execution_v1/risk_followup_v1/registered_universal_v1/content_null_v1/order2/outer0/inner0/SHUFFLE_AUDIT.json
0,1.0,2,1180,eb7c46d724dd910cec8c08425d5d7954396c5317871af1b6997d0ea160b61417,96582211d010d406edc788f90c1200d0995461b773d827fa1573df92eca5718c,03babd96b2bb062ce6a76e69d43c88d9af15a064aecd60abe54195183efe3760,705bf80ccf8b5027dd7e8db480ba8eabd4a1d0f4ae0650dcc196c0c84e9fc9bf,308e6df1fdd02ca3339cc6916b8f67f827618a9edc6eaf34e3574d8059f8a7a6,True,True,0,0,True,1576,1576,1.0,1.0,0,0,1.0,same physical context and fit-only log1p(n_cells) decile,True,"Retain legal original recipient content only when no matched fit donor exists; mark unknown, never fabricate",0,"{'path': '/home/yyf/runtime_artifacts/safeconf_research_20261001/publicset_execution_v1/risk_followup_v1/registered_universal_v1/content_null_v1/order2/outer0/inner1/DONOR_MAPPING.csv.gz', 'sha256': 'ea8e70eb585b2e0dd11051ca2db182e08cd6dccdf22e542afbce05f81fd57353'}","{'path': '/home/yyf/runtime_artifacts/safeconf_research_20261001/publicset_execution_v1/risk_followup_v1/registered_universal_v1/content_null_v1/order2/outer0/inner1/MATCHING_BINS.csv', 'sha256': 'e44d281292749f8630de4d6bb50e3887a8b2ce6dcd53f9a9a756502dce981d05'}",/home/yyf/runtime_artifacts/safeconf_research_20261001/publicset_execution_v1/risk_followup_v1/registered_universal_v1/content_null_v1/order2/outer0/inner1/SHUFFLE_AUDIT.json
0,2.0,2,1184,e49f1f46b9dcd89792eee9c18e063eca731f17880e695687f508f3607e5193d1,6bc57c9f40e164191e10786d49c001e1efdb913ca4a4b08db9e241932c191680,588e1299d1f5e7b4d8c5a1d482dbab6a6c65d5e37f868eef57ec1fe81a6b7434,c70f7446dbad650a5b2bd4b47bbfc0dadc7da294e1acb13c8305c60542bdd270,c800c0c93a5554266e0a4c69d2135e18995d37d54ec55fb452e161597de06a42,True,True,0,0,True,1576,1576,1.0,1.0,0,0,1.0,same physical context and fit-only log1p(n_cells) decile,True,"Retain legal original recipient content only when no matched fit donor exists; mark unknown, never fabricate",0,"{'path': '/home/yyf/runtime_artifacts/safeconf_research_20261001/publicset_execution_v1/risk_followup_v1/registered_universal_v1/content_null_v1/order2/outer0/inner2/DONOR_MAPPING.csv.gz', 'sha256': 'e0d60fc2301db5fe6b7777d7688e256de2489863f1ced9d072240d10044e0f5d'}","{'path': '/home/yyf/runtime_artifacts/safeconf_research_20261001/publicset_execution_v1/risk_followup_v1/registered_universal_v1/content_null_v1/order2/outer0/inner2/MATCHING_BINS.csv', 'sha256': '4cbc87f12b29936fe896440f0634903c4a2ece7e8c4ea8dbc8add1f9cd44536a'}",/home/yyf/runtime_artifacts/safeconf_research_20261001/publicset_execution_v1/risk_followup_v1/registered_universal_v1/content_null_v1/order2/outer0/inner2/SHUFFLE_AUDIT.json
0,3.0,2,1185,8ca22224a01936b90334e7dd5f7a3528342c931c3b06b8e3fcb90db805cba8b2,879c21a9c99aa63a70f34a39edf59eead690b752db9e6487ecaedee6a656957a,3f55e134b5f9017594e069000455128b9843320d1224c7b0353a09c74e45894b,c02ce8309eb04427c95c23a9de2a8f855f08d3e2b73aeff42191f3283b044d13,4e57661e7e3ee29569704a93664018d80cf6ca5e2c445fd305df9b43f186c6ee,True,True,0,0,True,1576,1576,1.0,1.0,0,0,1.0,same physical context and fit-only log1p(n_cells) decile,True,"Retain legal original recipient content only when no matched fit donor exists; mark unknown, never fabricate",0,"{'path': '/home/yyf/runtime_artifacts/safeconf_research_20261001/publicset_execution_v1/risk_followup_v1/registered_universal_v1/content_null_v1/order2/outer0/inner3/DONOR_MAPPING.csv.gz', 'sha256': 'b0fc8e88768e1841e75dfc7fe7c64f773d6a555a45d55ad8fbee6e9c08e7b5b5'}","{'path': '/home/yyf/runtime_artifacts/safeconf_research_20261001/publicset_execution_v1/risk_followup_v1/registered_universal_v1/content_null_v1/order2/outer0/inner3/MATCHING_BINS.csv', 'sha256': '2ac7cc18990e602267f2fca7016ce013a0f5d18bd831c13c55d81e2611227f8d'}",/home/yyf/runtime_artifacts/safeconf_research_20261001/publicset_execution_v1/risk_followup_v1/registered_universal_v1/content_null_v1/order2/outer0/inner3/SHUFFLE_AUDIT.json
0,,2,1576,67be5a99e7dc6313abba0267a4a88760101d8405e7177231b427354e713ebb72,2f6529e19e09b0f3163bb3ce3e3820e8c085cad51dd321439ae7439db9b7945f,982a1e60295f8f186ffb1f5a6412bd9f56922647e857890e965a621674901b43,4f0f71147e314c974c0a52a981237bdc6ece9066891bd5dda6d4ea9ac4725907,e8269d21710965d59d7c07b35dc89cdb21aa423bb771bebc9715f2cde48b03b3,True,True,0,0,True,1969,1969,1.0,1.0,0,0,1.0,same physical context and fit-only log1p(n_cells) decile,True,"Retain legal original recipient content only when no matched fit donor exists; mark unknown, never fabricate",0,"{'path': '/home/yyf/runtime_artifacts/safeconf_research_20261001/publicset_execution_v1/risk_followup_v1/registered_universal_v1/content_null_v1/order2/outer0/outer/DONOR_MAPPING.csv.gz', 'sha256': '466619bd7c94f1ef8fe4926b6af979217d68e2e3a31f403b1d6fe5df2904fad0'}","{'path': '/home/yyf/runtime_artifacts/safeconf_research_20261001/publicset_execution_v1/risk_followup_v1/registered_universal_v1/content_null_v1/order2/outer0/outer/MATCHING_BINS.csv', 'sha256': '59c0f3db38af0b58ad006a4957ad1b52c2014b1242a602fb043ce0385a7fec92'}",/home/yyf/runtime_artifacts/safeconf_research_20261001/publicset_execution_v1/risk_followup_v1/registered_universal_v1/content_null_v1/order2/outer0/outer/SHUFFLE_AUDIT.json
1,0.0,2,1179,5c2eb14545a251799d800caec602dd3a563cff175fc2211f4bc7f721c5112975,153a4c79c77a65d15053fd6a89dedbd4e92f338ac285a3476d1c9c4bfc43187e,236107f04c2b7915bd67ec593fc6d7e0f0b8decda8f8914cd7e9acf0ca36a82f,29f4879d2bf4139250c838bade85e7f1198c648466c8d2aa725b0a99fb9437ff,5281b7c2bc58dd8c1069a388de808cb2a41df412ed9ba34c4f4c0691d60e88d0,True,True,0,0,True,1573,1573,1.0,1.0,0,0,1.0,same physical context and fit-only log1p(n_cells) decile,True,"Retain legal original recipient content only when no matched fit donor exists; mark unknown, never fabricate",0,"{'path': '/home/yyf/runtime_artifacts/safeconf_research_20261001/publicset_execution_v1/risk_followup_v1/registered_universal_v1/content_null_v1/order2/outer1/inner0/DONOR_MAPPING.csv.gz', 'sha256': '78a0df023017ee5d693421f11f70bb41b9761591aba6f30b900526d867803bbd'}","{'path': '/home/yyf/runtime_artifacts/safeconf_research_20261001/publicset_execution_v1/risk_followup_v1/registered_universal_v1/content_null_v1/order2/outer1/inner0/MATCHING_BINS.csv', 'sha256': '8755840a7dd92e7ad253151c3a64fee9754b50db3546b2b8668f07025f03e64e'}",/home/yyf/runtime_artifacts/safeconf_research_20261001/publicset_execution_v1/risk_followup_v1/registered_universal_v1/content_null_v1/order2/outer1/inner0/SHUFFLE_AUDIT.json
1,1.0,2,1179,26e54fb8263a5471af83b418473798a2b77fb7305797dcdf97a1ba4333f8d106,d3aa3660b89538b48bfd3119ce6c49411ab7cd3611b6052d0828154f04c28657,4d5ab0233dd990c51155ce13fb98336605b7c0d16d9880e6e2f094e9396f28e0,e9372f599ea9f7ebb2ff92361331d790e891f11fdc35830295a158e2197edbc7,4479d34706dde50655dd319cdde29c43802ff6ecc3a5b942c73f94f1ec925ee8,True,True,0,0,True,1573,1573,1.0,1.0,0,0,1.0,same physical context and fit-only log1p(n_cells) decile,True,"Retain legal original recipient content only when no matched fit donor exists; mark unknown, never fabricate",0,"{'path': '/home/yyf/runtime_artifacts/safeconf_research_20261001/publicset_execution_v1/risk_followup_v1/registered_universal_v1/content_null_v1/order2/outer1/inner1/DONOR_MAPPING.csv.gz', 'sha256': '46c4015080e9cd8c43c813d05d7e925d9731261d88a8c8f3d0ea38451cee055b'}","{'path': '/home/yyf/runtime_artifacts/safeconf_research_20261001/publicset_execution_v1/risk_followup_v1/registered_universal_v1/content_null_v1/order2/outer1/inner1/MATCHING_BINS.csv', 'sha256': '822353e9de44d33e951820de313fd9f1d572bb7c631770ee2c64e57ecba0232c'}",/home/yyf/runtime_artifacts/safeconf_research_20261001/publicset_execution_v1/risk_followup_v1/registered_universal_v1/content_null_v1/order2/outer1/inner1/SHUFFLE_AUDIT.json
1,2.0,2,1184,0446fe4b7e9616a7a4919a8d22bfe2fdaa8cf3f079aecb9daca2a96ab00fc66d,328c953e538fd39b5852a62e76434adb0c539b3eb0c79a718293389213bb6843,25487d842710a909785077c8b0ac7628007c2d67e8e5e95d3205897ae0d56b7a,59547544a536bc463c57c5153acb941b784dcba5981ae715964279cd826a4c0a,629e7238d84680136d6d6f1ad852f0bdcceed10fa0e16b804b22fe985092248f,True,True,0,0,True,1573,1573,1.0,1.0,0,0,1.0,same physical context and fit-only log1p(n_cells) decile,True,"Retain legal original recipient content only when no matched fit donor exists; mark unknown, never fabricate",0,"{'path': '/home/yyf/runtime_artifacts/safeconf_research_20261001/publicset_execution_v1/risk_followup_v1/registered_universal_v1/content_null_v1/order2/outer1/inner2/DONOR_MAPPING.csv.gz', 'sha256': 'd64f84466a3a348ff5269dd8df5cdfca0177e055e216ff192cbee7add7a4c4e6'}","{'path': '/home/yyf/runtime_artifacts/safeconf_research_20261001/publicset_execution_v1/risk_followup_v1/registered_universal_v1/content_null_v1/order2/outer1/inner2/MATCHING_BINS.csv', 'sha256': 'd0633872d53afaf261acd8541e391d2ab7eed94ade51b039b76c286a8216ddfb'}",/home/yyf/runtime_artifacts/safeconf_research_20261001/publicset_execution_v1/risk_followup_v1/registered_universal_v1/content_null_v1/order2/outer1/inner2/SHUFFLE_AUDIT.json
1,3.0,2,1177,4a544831a3c46aadbdddd3d7dc85f6399a717307b496a51d9a9621cc6f691eef,7ed37c3f0db4ae29c65d56826d5bc189bd31e242fab150f658f585a12b16b96b,4bb98da9047666a3e22a6c95308f8c43620acf135641ac404d361e8bb6789360,0ec6a029af327d39b8d8f18fcbcf7a7eea8db4c64069775715e954ea1283d326,be5d56a6ef8eef0ca3b7ce191bbe475ef45dd86b12ebfbe04e59f6bc3ba3b74c,True,True,0,0,True,1573,1573,1.0,1.0,0,0,1.0,same physical context and fit-only log1p(n_cells) decile,True,"Retain legal original recipient content only when no matched fit donor exists; mark unknown, never fabricate",0,"{'path': '/home/yyf/runtime_artifacts/safeconf_research_20261001/publicset_execution_v1/risk_followup_v1/registered_universal_v1/content_null_v1/order2/outer1/inner3/DONOR_MAPPING.csv.gz', 'sha256': 'f3d0adc8f7d15b2fed8ad736ac6f820aab26cd464e8121f33f56d76556478e30'}","{'path': '/home/yyf/runtime_artifacts/safeconf_research_20261001/publicset_execution_v1/risk_followup_v1/registered_universal_v1/content_null_v1/order2/outer1/inner3/MATCHING_BINS.csv', 'sha256': '6ec2340d8117d93a275a9f2c46928fbde291c2266c2caf3490d31ffd55d9f5e2'}",/home/yyf/runtime_artifacts/safeconf_research_20261001/publicset_execution_v1/risk_followup_v1/registered_universal_v1/content_null_v1/order2/outer1/inner3/SHUFFLE_AUDIT.json
1,,2,1573,bafe5c60b473c033f0b9e0cb57c740e5a5060fc9c87d147eb835e34cd524a10d,4d759d3ff3addee776b5662a803ec343800a963debcb7d6ec868510cd788ca9b,e291dffed4f46a8711d153a0250879ee8938212f8728c1a91282ebf0016f2b90,ad5f26a45672a057d45bf9c7f3a0a387a0537022c0bbc065b745d2226145ca21,6512312d6964d59ceaff5231acfc415cb1eff00e36b672d8b6eacf62aeaeafd7,True,True,0,0,True,1969,1969,1.0,1.0,0,0,1.0,same physical context and fit-only log1p(n_cells) decile,True,"Retain legal original recipient content only when no matched fit donor exists; mark unknown, never fabricate",0,"{'path': '/home/yyf/runtime_artifacts/safeconf_research_20261001/publicset_execution_v1/risk_followup_v1/registered_universal_v1/content_null_v1/order2/outer1/outer/DONOR_MAPPING.csv.gz', 'sha256': 'e51944e74c120b87a24382251dc48b27ffd1d9209a462f37b5f0e42c350f2d1a'}","{'path': '/home/yyf/runtime_artifacts/safeconf_research_20261001/publicset_execution_v1/risk_followup_v1/registered_universal_v1/content_null_v1/order2/outer1/outer/MATCHING_BINS.csv', 'sha256': '79a14b10a378ec2a9048d4f9681af5bb067b62b7df577f48d47d71854beb2559'}",/home/yyf/runtime_artifacts/safeconf_research_20261001/publicset_execution_v1/risk_followup_v1/registered_universal_v1/content_null_v1/order2/outer1/outer/SHUFFLE_AUDIT.json
2,0.0,2,1164,6c76f01738ba4a4a8d5aceec5f1fc93a1206c5fff2036ff3ac1527e0042e3df3,4c3d6873d54dfc97fe4888a61b5ac0c22b371cba4d9c9052c1ab61d597e45cc2,366a52074f7a53cc91723d9e978c4472a293aaa962e5a8b571769bd16944a23e,c3447ab0493776781afbe0e73e09c92e650bfa9c4e74993a594c241653b41abd,a70293f604707d94cac1ac4df0ba904b255851ba9d5f51f19b3e70ab883922bb,True,True,0,0,True,1576,1576,1.0,1.0,0,0,1.0,same physical context and fit-only log1p(n_cells) decile,True,"Retain legal original recipient content only when no matched fit donor exists; mark unknown, never fabricate",0,"{'path': '/home/yyf/runtime_artifacts/safeconf_research_20261001/publicset_execution_v1/risk_followup_v1/registered_universal_v1/content_null_v1/order2/outer2/inner0/DONOR_MAPPING.csv.gz', 'sha256': 'd7455647126f2e92cdb6c39fd020b9c97ac36c980f5959f3223c8aa80ccedda9'}","{'path': '/home/yyf/runtime_artifacts/safeconf_research_20261001/publicset_execution_v1/risk_followup_v1/registered_universal_v1/content_null_v1/order2/outer2/inner0/MATCHING_BINS.csv', 'sha256': 'a017716513c6a66b707b5cb320aa1b62208e436486b8085bea80b3dd65d7047e'}",/home/yyf/runtime_artifacts/safeconf_research_20261001/publicset_execution_v1/risk_followup_v1/registered_universal_v1/content_null_v1/order2/outer2/inner0/SHUFFLE_AUDIT.json
2,1.0,2,1183,a2c4fd519dcad1478573493649d7ff3755c59355a6cdc25fca4f5672ab2799a8,337782e8bd83d6d8383a94e85f2e56cb743cd44079dff4f1d75e211d5c261199,55f9651aef8d9b88a96d95bf59d2fad0049e27b7dfd0243471711d7302a5fb4b,fbbea62b1497ae0305c4192572639a7afce8362d901c18ff51b8e87b4470ddee,babad447f10a924bab98ae083196e27aed6e8996ab2fc9aa9e675a1a939d3543,True,True,0,0,True,1576,1576,1.0,1.0,0,0,1.0,same physical context and fit-only log1p(n_cells) decile,True,"Retain legal original recipient content only when no matched fit donor exists; mark unknown, never fabricate",0,"{'path': '/home/yyf/runtime_artifacts/safeconf_research_20261001/publicset_execution_v1/risk_followup_v1/registered_universal_v1/content_null_v1/order2/outer2/inner1/DONOR_MAPPING.csv.gz', 'sha256': '6d5096e1ee7ad5efe755c5d93533e2c3e1320516d80621a0676ea9c6c03f6596'}","{'path': '/home/yyf/runtime_artifacts/safeconf_research_20261001/publicset_execution_v1/risk_followup_v1/registered_universal_v1/content_null_v1/order2/outer2/inner1/MATCHING_BINS.csv', 'sha256': '0ea4450db5118530de80622d26272b3a86a16a6c6f00e12f6c828c1c9c664104'}",/home/yyf/runtime_artifacts/safeconf_research_20261001/publicset_execution_v1/risk_followup_v1/registered_universal_v1/content_null_v1/order2/outer2/inner1/SHUFFLE_AUDIT.json
2,2.0,2,1184,486e858513fdcac21b4aacd2b485a54e3bf261d83adbb4b061b0c4980e084012,dcf315bacba5a3fa210d5bfb62830a750b07d90988843fea6cc35a3d7524d905,9c040d21361587285c39f67d41fc60ea69830d40b60bcf610657d370c79deb2d,fd5eb01bce3b90ad4d805a16d9b27b287d639af0ed1cdb827ae5d97fa0da4b0e,fe2d7e93962d4c97d9eabd3746fada57ebd4c2bed3407b4bf6a4974627d6c7eb,True,True,0,0,True,1576,1576,1.0,1.0,0,0,1.0,same physical context and fit-only log1p(n_cells) decile,True,"Retain legal original recipient content only when no matched fit donor exists; mark unknown, never fabricate",0,"{'path': '/home/yyf/runtime_artifacts/safeconf_research_20261001/publicset_execution_v1/risk_followup_v1/registered_universal_v1/content_null_v1/order2/outer2/inner2/DONOR_MAPPING.csv.gz', 'sha256': '8a9bae4148d3126b46139d936e52c50adc886534536f2de65bd9c24dc9b9d741'}","{'path': '/home/yyf/runtime_artifacts/safeconf_research_20261001/publicset_execution_v1/risk_followup_v1/registered_universal_v1/content_null_v1/order2/outer2/inner2/MATCHING_BINS.csv', 'sha256': '1deeba6733ef2d18fc4d3d78d28599caaf9c79f33a94a8e520b32da6138e2836'}",/home/yyf/runtime_artifacts/safeconf_research_20261001/publicset_execution_v1/risk_followup_v1/registered_universal_v1/content_null_v1/order2/outer2/inner2/SHUFFLE_AUDIT.json
2,3.0,2,1197,8b8e267b61b0223bfdd554b3fb573be304e7e22616e845333ee3004d231fd948,4dc85063bafde2a585467f9ad5f3b4d92d747d84e696deddf3d8346bca9e4563,3bf0bdfdec0e6815247c4a37e7ca9a4cb9f932107a86d9b67350caf8e19df75a,da2da2802d14b71335bd991dc6363b6268d802ffebad1c998927a4064dac2fc7,2d2aad55330c825f30a04a38594b2a02b54ed44dd73ad35b319dc221c71d72fd,True,True,0,0,True,1576,1576,1.0,1.0,0,0,1.0,same physical context and fit-only log1p(n_cells) decile,True,"Retain legal original recipient content only when no matched fit donor exists; mark unknown, never fabricate",0,"{'path': '/home/yyf/runtime_artifacts/safeconf_research_20261001/publicset_execution_v1/risk_followup_v1/registered_universal_v1/content_null_v1/order2/outer2/inner3/DONOR_MAPPING.csv.gz', 'sha256': 'f10a57222cbf76bae93ecbbbe57b801ba17837a0394c64c37a7d8f705f23fa84'}","{'path': '/home/yyf/runtime_artifacts/safeconf_research_20261001/publicset_execution_v1/risk_followup_v1/registered_universal_v1/content_null_v1/order2/outer2/inner3/MATCHING_BINS.csv', 'sha256': '6ff556f61a54d119aa5b3283baec84a6eafad7425ec0ca33018df2330d3f4886'}",/home/yyf/runtime_artifacts/safeconf_research_20261001/publicset_execution_v1/risk_followup_v1/registered_universal_v1/content_null_v1/order2/outer2/inner3/SHUFFLE_AUDIT.json
2,,2,1576,bf61c4195c601e4c9524bc4067c0861f34b2f42876a0cc8543250580292f918c,276220e49374c6c647d1d9579bd7a4c4e491d84cd65218dacf1a33bb49641cdc,5d47bfe7b190c5d53044dfec042876d95228f1ab0c8373ef4b7a9b7a7cc28064,06d2bd7f4bd2f261a011cc7de83c96aaf73d2f7cc5815dc31271fa9aecbad716,9917995a2e8b2d3a61848189946d03ab2ed5056418421643d8f7a81a874ae272,True,True,0,0,True,1969,1969,1.0,1.0,0,0,1.0,same physical context and fit-only log1p(n_cells) decile,True,"Retain legal original recipient content only when no matched fit donor exists; mark unknown, never fabricate",0,"{'path': '/home/yyf/runtime_artifacts/safeconf_research_20261001/publicset_execution_v1/risk_followup_v1/registered_universal_v1/content_null_v1/order2/outer2/outer/DONOR_MAPPING.csv.gz', 'sha256': 'd92d1a63d6a55214cb6703f675aea5cf47a7e3da65ad665ff7fcc63bb376f551'}","{'path': '/home/yyf/runtime_artifacts/safeconf_research_20261001/publicset_execution_v1/risk_followup_v1/registered_universal_v1/content_null_v1/order2/outer2/outer/MATCHING_BINS.csv', 'sha256': 'd9221c1df5020eac03d5f38f628dddb0198c7cd791b9bcc8517fcb5b6c654b19'}",/home/yyf/runtime_artifacts/safeconf_research_20261001/publicset_execution_v1/risk_followup_v1/registered_universal_v1/content_null_v1/order2/outer2/outer/SHUFFLE_AUDIT.json
3,0.0,2,1185,11d66f9f9a3f844d0c8f72a084e33f7ad719b1a7a4fd98f0476953a518389f62,d250539aaf328e87201f690b6865ce0816061a070a8eeaef5176ea4b14086b48,0ae960f9c425b73bde6e83169a009e3a10de6c9cfbb7ae190d09cda6ead7bc75,b949efa2eaa0fcc3c77b30e39b6d21196125094c01515ce7ccd78117e3d82eee,c1cc98e6210e7575076dc59c0c5dc75d0face9c34bbe0d0866aaac63884f6c5b,True,True,0,0,True,1578,1578,1.0,1.0,0,0,1.0,same physical context and fit-only log1p(n_cells) decile,True,"Retain legal original recipient content only when no matched fit donor exists; mark unknown, never fabricate",0,"{'path': '/home/yyf/runtime_artifacts/safeconf_research_20261001/publicset_execution_v1/risk_followup_v1/registered_universal_v1/content_null_v1/order2/outer3/inner0/DONOR_MAPPING.csv.gz', 'sha256': '32e6906a9a2599654a43cfc2c06dbb91258204eae9ab8da438681a380d0f3d3b'}","{'path': '/home/yyf/runtime_artifacts/safeconf_research_20261001/publicset_execution_v1/risk_followup_v1/registered_universal_v1/content_null_v1/order2/outer3/inner0/MATCHING_BINS.csv', 'sha256': 'a66095cbb815214874a286201aefb006dcc583c180846c4e587ad1319968cd28'}",/home/yyf/runtime_artifacts/safeconf_research_20261001/publicset_execution_v1/risk_followup_v1/registered_universal_v1/content_null_v1/order2/outer3/inner0/SHUFFLE_AUDIT.json
3,1.0,2,1188,2d901a6771c3c0d3b4d856fb9f0a445325d2729f996f1460f9f25db64a8a561c,fe370ea26536369e44ac3d166d652b198da46d12f52552e54d21307c130a732d,a2b7c5c9857cfa0db1c50d0fdab95d4d192c99ba2969f5defd2a6e2ddb05ed29,62829327989d1782f27259d89dcd37b1abf4eadd620a645d4f5385a237d643e0,0cda708109ea3b02b25d2df412bee9475d79b1867d13ce69b9db5c11c02dfb68,True,True,0,0,True,1578,1578,1.0,1.0,0,0,1.0,same physical context and fit-only log1p(n_cells) decile,True,"Retain legal original recipient content only when no matched fit donor exists; mark unknown, never fabricate",0,"{'path': '/home/yyf/runtime_artifacts/safeconf_research_20261001/publicset_execution_v1/risk_followup_v1/registered_universal_v1/content_null_v1/order2/outer3/inner1/DONOR_MAPPING.csv.gz', 'sha256': '429c2c35e66a2aa1a04732dcf905d526e5dcffca7261d22e7cdcd0aeafdadae5'}","{'path': '/home/yyf/runtime_artifacts/safeconf_research_20261001/publicset_execution_v1/risk_followup_v1/registered_universal_v1/content_null_v1/order2/outer3/inner1/MATCHING_BINS.csv', 'sha256': 'e4545d5f3d2c576e728c3591238aa0d33df2d707cc56878c0a27621e076b78af'}",/home/yyf/runtime_artifacts/safeconf_research_20261001/publicset_execution_v1/risk_followup_v1/registered_universal_v1/content_null_v1/order2/outer3/inner1/SHUFFLE_AUDIT.json
3,2.0,2,1177,411b7f41660c59037eddd7ef8b629fd604384ba5a43ee8cecdb22085e15fa00a,d30081291a45340f975ac4162219ebd8af9f180b30fac59289a0bb371a2ae5f9,840ad13429ae076e23be172b909a368ded2940af399e23da66959a5466005de5,d9fa0b815b5f8eda1395f8d7c829320f25947923cdf3fccc6dcdc7eb3fd55aa8,419e3aa24cc7761cda6492b4c1c371f8554d273433116981c676de513bdee51a,True,True,0,0,True,1578,1578,1.0,1.0,0,0,1.0,same physical context and fit-only log1p(n_cells) decile,True,"Retain legal original recipient content only when no matched fit donor exists; mark unknown, never fabricate",0,"{'path': '/home/yyf/runtime_artifacts/safeconf_research_20261001/publicset_execution_v1/risk_followup_v1/registered_universal_v1/content_null_v1/order2/outer3/inner2/DONOR_MAPPING.csv.gz', 'sha256': '34ba2396bcb2e593a66e92b1a23f46e8becaaeee8ad532c0a8de80f381d11be8'}","{'path': '/home/yyf/runtime_artifacts/safeconf_research_20261001/publicset_execution_v1/risk_followup_v1/registered_universal_v1/content_null_v1/order2/outer3/inner2/MATCHING_BINS.csv', 'sha256': '4435a5a7bb4b66a2f031f810203ebd3c79462a619896fbf26c0fe5fa7b592d89'}",/home/yyf/runtime_artifacts/safeconf_research_20261001/publicset_execution_v1/risk_followup_v1/registered_universal_v1/content_null_v1/order2/outer3/inner2/SHUFFLE_AUDIT.json
3,3.0,2,1184,6c87664b0803d0dc4b1d5c900c017b2ba0cc2b2f9a476a51e932b6ecda07db8d,181aa548e961ca2a6ba2d2b42927be08d999294719a953205dea64663e597a97,14f5d185327eb48613e4009a85248d80829c9a983e38eb3fae5a2d0eb07e0c4f,0375325dc5b961b19ee92fa04d7fceb6db0a0665fefb38bcc0fa4d48fda6ddcf,2ff02bbb66a84f599c851a293520f1cfb2b51fc754277703e71e3741836f88eb,True,True,0,0,True,1578,1578,1.0,1.0,0,0,1.0,same physical context and fit-only log1p(n_cells) decile,True,"Retain legal original recipient content only when no matched fit donor exists; mark unknown, never fabricate",0,"{'path': '/home/yyf/runtime_artifacts/safeconf_research_20261001/publicset_execution_v1/risk_followup_v1/registered_universal_v1/content_null_v1/order2/outer3/inner3/DONOR_MAPPING.csv.gz', 'sha256': 'c6b432029efa8db1b002c298cf828b31582c7316f399ac5c9b0bc27c814c2290'}","{'path': '/home/yyf/runtime_artifacts/safeconf_research_20261001/publicset_execution_v1/risk_followup_v1/registered_universal_v1/content_null_v1/order2/outer3/inner3/MATCHING_BINS.csv', 'sha256': '5926a352f7aaa3b3c8fcf33d2ae356273ff5743143c2e24e1bf2bb542ebdf960'}",/home/yyf/runtime_artifacts/safeconf_research_20261001/publicset_execution_v1/risk_followup_v1/registered_universal_v1/content_null_v1/order2/outer3/inner3/SHUFFLE_AUDIT.json
3,,2,1578,9e70752b38bb4f6fa334d40e38c672bfc6e84b9a3d63b448a42a81a11d9469c5,5e987de5ee4cd53ddb4d746030ab284749b89b08ad421db0cfa1bcfecbcd5b4d,8c54b8a5eb9d36ef8e3436cb4f98a04fa6e9bbe366c533897c6a211dfde780dd,279bd69d755727ae82cca3c66a61f902d80fc50d48aa46a7a70a0d8689762db5,3d21fa620f6c0895589320874e1743a57a760b30a3bad0af1844e5c90c4a6f1f,True,True,0,0,True,1969,1969,1.0,1.0,0,0,1.0,same physical context and fit-only log1p(n_cells) decile,True,"Retain legal original recipient content only when no matched fit donor exists; mark unknown, never fabricate",0,"{'path': '/home/yyf/runtime_artifacts/safeconf_research_20261001/publicset_execution_v1/risk_followup_v1/registered_universal_v1/content_null_v1/order2/outer3/outer/DONOR_MAPPING.csv.gz', 'sha256': 'fe03afed8343aac21d5957e19b6ed9cd78f0dd8abc3750c87712b86bcfd2d4ee'}","{'path': '/home/yyf/runtime_artifacts/safeconf_research_20261001/publicset_execution_v1/risk_followup_v1/registered_universal_v1/content_null_v1/order2/outer3/outer/MATCHING_BINS.csv', 'sha256': '7d4249fa2dcea05ea40fbf5578fdfb7cb79cbb03706085941cae0a61b63658b6'}",/home/yyf/runtime_artifacts/safeconf_research_20261001/publicset_execution_v1/risk_followup_v1/registered_universal_v1/content_null_v1/order2/outer3/outer/SHUFFLE_AUDIT.json
4,0.0,2,1171,d98ba2906054b5480d61fa77744511edd09cca4147af432d5513edf904ae6765,0093b36fe43e0c2c63cdbc22f008ab6795fac4e72424389665c25c06d611f6d2,0c8e5d72876e514d0d34ec8d24d79aa8aaa5431d4a0bc3c14dfa112f61e19b45,c3baa5b5f0576b96362a257c81aea8c94e85d8cb720f10a6f7b39de3ab913f63,7b26b51a7a506634ec2f31084bb1c1899acc508f63817a848dc4dc7e9f679092,True,True,0,0,True,1573,1573,1.0,1.0,0,0,1.0,same physical context and fit-only log1p(n_cells) decile,True,"Retain legal original recipient content only when no matched fit donor exists; mark unknown, never fabricate",0,"{'path': '/home/yyf/runtime_artifacts/safeconf_research_20261001/publicset_execution_v1/risk_followup_v1/registered_universal_v1/content_null_v1/order2/outer4/inner0/DONOR_MAPPING.csv.gz', 'sha256': '90c493d76fd1b851d18307400b7f1f4c8753225833131b2889f5092a27293cd8'}","{'path': '/home/yyf/runtime_artifacts/safeconf_research_20261001/publicset_execution_v1/risk_followup_v1/registered_universal_v1/content_null_v1/order2/outer4/inner0/MATCHING_BINS.csv', 'sha256': 'bc9e82932d616edd124a0d45ed65f17d36b247908e2bd4c366687eba133eba81'}",/home/yyf/runtime_artifacts/safeconf_research_20261001/publicset_execution_v1/risk_followup_v1/registered_universal_v1/content_null_v1/order2/outer4/inner0/SHUFFLE_AUDIT.json
4,1.0,2,1177,ccb1e614287c1fb700326651fc2a16cf3927fe321b18e833b231600f60597315,231e9c173fe60db62e8ebc222d03e14e0806d358e6a7b072d0336f119b8bb8f3,451233433f554af2c966c183dfe9d30b5203535918fcaca42f4810c828b397c8,f4e07877f5f486a8a760bc044bc9241993979f4762d79f25706984cc447e6169,18fccc142fbdd364f2fd1a5ac6b7f449c67205796ef046e760ce38035ce4eecd,True,True,0,0,True,1573,1573,1.0,1.0,0,0,1.0,same physical context and fit-only log1p(n_cells) decile,True,"Retain legal original recipient content only when no matched fit donor exists; mark unknown, never fabricate",0,"{'path': '/home/yyf/runtime_artifacts/safeconf_research_20261001/publicset_execution_v1/risk_followup_v1/registered_universal_v1/content_null_v1/order2/outer4/inner1/DONOR_MAPPING.csv.gz', 'sha256': 'f5369035138315364987b04c41b769db756cdd5321d191a57b2c5f5d5ebbba4b'}","{'path': '/home/yyf/runtime_artifacts/safeconf_research_20261001/publicset_execution_v1/risk_followup_v1/registered_universal_v1/content_null_v1/order2/outer4/inner1/MATCHING_BINS.csv', 'sha256': 'fdbf76d9597d152455f314a44cc9f3204e9b860ddad21d76b77beb3ce5cd5c38'}",/home/yyf/runtime_artifacts/safeconf_research_20261001/publicset_execution_v1/risk_followup_v1/registered_universal_v1/content_null_v1/order2/outer4/inner1/SHUFFLE_AUDIT.json
4,2.0,2,1185,1d36871247adee319727e6e652853f61583eaa8e5e9bd6167b428c80c013bc20,487ff99206c241a64c29749715d12012d2c63305bbaa96fa165f0429dbd316cb,a239ffe397c6c963283e6a2b046dfbcc555e3d2b68d0add10eb470d74665eb1b,cdeb00691ec9f0952fd58530966271764912e86fb7d4ec00a8a70af2f93f1948,813214f4f6565b390da739a363509e3ad8a2a0d00921d1eda6027079973209dd,True,True,0,0,True,1573,1573,1.0,1.0,0,0,1.0,same physical context and fit-only log1p(n_cells) decile,True,"Retain legal original recipient content only when no matched fit donor exists; mark unknown, never fabricate",0,"{'path': '/home/yyf/runtime_artifacts/safeconf_research_20261001/publicset_execution_v1/risk_followup_v1/registered_universal_v1/content_null_v1/order2/outer4/inner2/DONOR_MAPPING.csv.gz', 'sha256': '8ef8ccd0e94d7428e50f198cf5c89d127d86d87912ca40c22bbea011a0ed4005'}","{'path': '/home/yyf/runtime_artifacts/safeconf_research_20261001/publicset_execution_v1/risk_followup_v1/registered_universal_v1/content_null_v1/order2/outer4/inner2/MATCHING_BINS.csv', 'sha256': '4ac36e7bd19abda3e7d8b9c5a490f1598e7c7162caefa0d7e474713c5b4e2d1e'}",/home/yyf/runtime_artifacts/safeconf_research_20261001/publicset_execution_v1/risk_followup_v1/registered_universal_v1/content_null_v1/order2/outer4/inner2/SHUFFLE_AUDIT.json
4,3.0,2,1186,ff9c5ef375b3e61f4509adc2561921bdfce7d5756b0450b5eb1a29f46f34c6ca,0d8eabfcd6a593823c188b58135dfcdfd0643694ba912612739745c9547374bf,4e8ac2ba1946096747128ab57aec324721121b3409934ab6f6bb1290c7f66a3d,868f39846719e51370b3e2840b2695647841a21c505a57dec4e86dee7947e3ac,7751c37ccf3a2e4e6a423ccf08b88b68b36e94b20086a783e788011c9cfebfec,True,True,0,0,True,1573,1573,1.0,1.0,0,0,1.0,same physical context and fit-only log1p(n_cells) decile,True,"Retain legal original recipient content only when no matched fit donor exists; mark unknown, never fabricate",0,"{'path': '/home/yyf/runtime_artifacts/safeconf_research_20261001/publicset_execution_v1/risk_followup_v1/registered_universal_v1/content_null_v1/order2/outer4/inner3/DONOR_MAPPING.csv.gz', 'sha256': 'e773cf5f5c9a8aebfa21ae8615c4b8846b4d0ff4807787cd6e055cab37dc6cc5'}","{'path': '/home/yyf/runtime_artifacts/safeconf_research_20261001/publicset_execution_v1/risk_followup_v1/registered_universal_v1/content_null_v1/order2/outer4/inner3/MATCHING_BINS.csv', 'sha256': '080027ed1af2cb17281e41f23dbce82e98637d1f8e919057807ebbda27272405'}",/home/yyf/runtime_artifacts/safeconf_research_20261001/publicset_execution_v1/risk_followup_v1/registered_universal_v1/content_null_v1/order2/outer4/inner3/SHUFFLE_AUDIT.json
4,,2,1573,af057246947e187310d9e13c1ef3d8827c2814686f07bfa31f07153dc7e9086c,47bd8fc359dd059bf521fc1c8dab174667da027b011e4a09f5803c8410099655,e6ebc0607bbc07dc9a8536068e5db9f7a08baf0e76569a4753deb51ac076733e,4e67c76771b3ed736cc137ba6174d21ecbd7280d1a4683b383fb96cff796d2ba,7a43c20d15a92f21866c0d64f5bb98cf923346d8c3ba03187b2f53c8cca9a59e,True,True,0,0,True,1969,1969,1.0,1.0,0,0,1.0,same physical context and fit-only log1p(n_cells) decile,True,"Retain legal original recipient content only when no matched fit donor exists; mark unknown, never fabricate",0,"{'path': '/home/yyf/runtime_artifacts/safeconf_research_20261001/publicset_execution_v1/risk_followup_v1/registered_universal_v1/content_null_v1/order2/outer4/outer/DONOR_MAPPING.csv.gz', 'sha256': '0ddcf1fe3d1c2b6f6ed6e87bd3c14569eb1948cb4caaa849b27f359db162177e'}","{'path': '/home/yyf/runtime_artifacts/safeconf_research_20261001/publicset_execution_v1/risk_followup_v1/registered_universal_v1/content_null_v1/order2/outer4/outer/MATCHING_BINS.csv', 'sha256': '61e1d37b013fabe839b5c43abd323e06886b860f374d8319c2d1431323f30daa'}",/home/yyf/runtime_artifacts/safeconf_research_20261001/publicset_execution_v1/risk_followup_v1/registered_universal_v1/content_null_v1/order2/outer4/outer/SHUFFLE_AUDIT.json
0,0.0,3,1179,c8af129063805acd89dd0ff54cee698e56d4924870cfeefdb13871dea82a9488,75d16b53d01b1d3827db93c687599fe6b808ed08f6215230eee471f78a66cea6,b28367da617569e9ebfaa5d00ba90a094ac5ef12fa4b82ba094cb1b52e3d9c01,24b5e33fe51808976fed8bbf7a97b371f0b0099d5d10dc455bf8f2b71a3f0bcb,c8a80350a2a61ccba9512d43d85027fbb532a27bd20acd394b04769a7fa170a3,True,True,0,0,True,1576,1576,1.0,1.0,0,0,1.0,same physical context and fit-only log1p(n_cells) decile,True,"Retain legal original recipient content only when no matched fit donor exists; mark unknown, never fabricate",0,"{'path': '/home/yyf/runtime_artifacts/safeconf_research_20261001/publicset_execution_v1/risk_followup_v1/registered_universal_v1/content_null_v1/order3/outer0/inner0/DONOR_MAPPING.csv.gz', 'sha256': '2b2590fda90eefc06ed72442df1633ab8707424ce7baf2fb8237be78c3c196cd'}","{'path': '/home/yyf/runtime_artifacts/safeconf_research_20261001/publicset_execution_v1/risk_followup_v1/registered_universal_v1/content_null_v1/order3/outer0/inner0/MATCHING_BINS.csv', 'sha256': 'ee4de0561b480a5def8c49830ff8baaf986951acb5170874c81f5d594ede168f'}",/home/yyf/runtime_artifacts/safeconf_research_20261001/publicset_execution_v1/risk_followup_v1/registered_universal_v1/content_null_v1/order3/outer0/inner0/SHUFFLE_AUDIT.json
0,1.0,3,1180,eb7c46d724dd910cec8c08425d5d7954396c5317871af1b6997d0ea160b61417,96582211d010d406edc788f90c1200d0995461b773d827fa1573df92eca5718c,03babd96b2bb062ce6a76e69d43c88d9af15a064aecd60abe54195183efe3760,705bf80ccf8b5027dd7e8db480ba8eabd4a1d0f4ae0650dcc196c0c84e9fc9bf,308e6df1fdd02ca3339cc6916b8f67f827618a9edc6eaf34e3574d8059f8a7a6,True,True,0,0,True,1576,1576,1.0,1.0,0,0,1.0,same physical context and fit-only log1p(n_cells) decile,True,"Retain legal original recipient content only when no matched fit donor exists; mark unknown, never fabricate",0,"{'path': '/home/yyf/runtime_artifacts/safeconf_research_20261001/publicset_execution_v1/risk_followup_v1/registered_universal_v1/content_null_v1/order3/outer0/inner1/DONOR_MAPPING.csv.gz', 'sha256': 'f38c99e013c72bfaddbd70c978f318ccb9a1161c2053ce973c73ba51557579db'}","{'path': '/home/yyf/runtime_artifacts/safeconf_research_20261001/publicset_execution_v1/risk_followup_v1/registered_universal_v1/content_null_v1/order3/outer0/inner1/MATCHING_BINS.csv', 'sha256': 'e44d281292749f8630de4d6bb50e3887a8b2ce6dcd53f9a9a756502dce981d05'}",/home/yyf/runtime_artifacts/safeconf_research_20261001/publicset_execution_v1/risk_followup_v1/registered_universal_v1/content_null_v1/order3/outer0/inner1/SHUFFLE_AUDIT.json
0,2.0,3,1184,e49f1f46b9dcd89792eee9c18e063eca731f17880e695687f508f3607e5193d1,6bc57c9f40e164191e10786d49c001e1efdb913ca4a4b08db9e241932c191680,588e1299d1f5e7b4d8c5a1d482dbab6a6c65d5e37f868eef57ec1fe81a6b7434,c70f7446dbad650a5b2bd4b47bbfc0dadc7da294e1acb13c8305c60542bdd270,c800c0c93a5554266e0a4c69d2135e18995d37d54ec55fb452e161597de06a42,True,True,0,0,True,1576,1576,1.0,1.0,0,0,1.0,same physical context and fit-only log1p(n_cells) decile,True,"Retain legal original recipient content only when no matched fit donor exists; mark unknown, never fabricate",0,"{'path': '/home/yyf/runtime_artifacts/safeconf_research_20261001/publicset_execution_v1/risk_followup_v1/registered_universal_v1/content_null_v1/order3/outer0/inner2/DONOR_MAPPING.csv.gz', 'sha256': '2d932719480e320d33894b41f188f50a64dad3d1b61b68419b994cea57b8d409'}","{'path': '/home/yyf/runtime_artifacts/safeconf_research_20261001/publicset_execution_v1/risk_followup_v1/registered_universal_v1/content_null_v1/order3/outer0/inner2/MATCHING_BINS.csv', 'sha256': '4cbc87f12b29936fe896440f0634903c4a2ece7e8c4ea8dbc8add1f9cd44536a'}",/home/yyf/runtime_artifacts/safeconf_research_20261001/publicset_execution_v1/risk_followup_v1/registered_universal_v1/content_null_v1/order3/outer0/inner2/SHUFFLE_AUDIT.json
0,3.0,3,1185,8ca22224a01936b90334e7dd5f7a3528342c931c3b06b8e3fcb90db805cba8b2,879c21a9c99aa63a70f34a39edf59eead690b752db9e6487ecaedee6a656957a,3f55e134b5f9017594e069000455128b9843320d1224c7b0353a09c74e45894b,c02ce8309eb04427c95c23a9de2a8f855f08d3e2b73aeff42191f3283b044d13,4e57661e7e3ee29569704a93664018d80cf6ca5e2c445fd305df9b43f186c6ee,True,True,0,0,True,1576,1576,1.0,1.0,0,0,1.0,same physical context and fit-only log1p(n_cells) decile,True,"Retain legal original recipient content only when no matched fit donor exists; mark unknown, never fabricate",0,"{'path': '/home/yyf/runtime_artifacts/safeconf_research_20261001/publicset_execution_v1/risk_followup_v1/registered_universal_v1/content_null_v1/order3/outer0/inner3/DONOR_MAPPING.csv.gz', 'sha256': '3f79120a2063ec50f003bc382d7efbfb6e119b32823bada311b9fdff9d7ec6d1'}","{'path': '/home/yyf/runtime_artifacts/safeconf_research_20261001/publicset_execution_v1/risk_followup_v1/registered_universal_v1/content_null_v1/order3/outer0/inner3/MATCHING_BINS.csv', 'sha256': '2ac7cc18990e602267f2fca7016ce013a0f5d18bd831c13c55d81e2611227f8d'}",/home/yyf/runtime_artifacts/safeconf_research_20261001/publicset_execution_v1/risk_followup_v1/registered_universal_v1/content_null_v1/order3/outer0/inner3/SHUFFLE_AUDIT.json
0,,3,1576,67be5a99e7dc6313abba0267a4a88760101d8405e7177231b427354e713ebb72,2f6529e19e09b0f3163bb3ce3e3820e8c085cad51dd321439ae7439db9b7945f,982a1e60295f8f186ffb1f5a6412bd9f56922647e857890e965a621674901b43,4f0f71147e314c974c0a52a981237bdc6ece9066891bd5dda6d4ea9ac4725907,e8269d21710965d59d7c07b35dc89cdb21aa423bb771bebc9715f2cde48b03b3,True,True,0,0,True,1969,1969,1.0,1.0,0,0,1.0,same physical context and fit-only log1p(n_cells) decile,True,"Retain legal original recipient content only when no matched fit donor exists; mark unknown, never fabricate",0,"{'path': '/home/yyf/runtime_artifacts/safeconf_research_20261001/publicset_execution_v1/risk_followup_v1/registered_universal_v1/content_null_v1/order3/outer0/outer/DONOR_MAPPING.csv.gz', 'sha256': '6b13be00273d4570440a96db48267f345035642d1e40196d6d223813eff46ac6'}","{'path': '/home/yyf/runtime_artifacts/safeconf_research_20261001/publicset_execution_v1/risk_followup_v1/registered_universal_v1/content_null_v1/order3/outer0/outer/MATCHING_BINS.csv', 'sha256': '59c0f3db38af0b58ad006a4957ad1b52c2014b1242a602fb043ce0385a7fec92'}",/home/yyf/runtime_artifacts/safeconf_research_20261001/publicset_execution_v1/risk_followup_v1/registered_universal_v1/content_null_v1/order3/outer0/outer/SHUFFLE_AUDIT.json
1,0.0,3,1179,5c2eb14545a251799d800caec602dd3a563cff175fc2211f4bc7f721c5112975,153a4c79c77a65d15053fd6a89dedbd4e92f338ac285a3476d1c9c4bfc43187e,236107f04c2b7915bd67ec593fc6d7e0f0b8decda8f8914cd7e9acf0ca36a82f,29f4879d2bf4139250c838bade85e7f1198c648466c8d2aa725b0a99fb9437ff,5281b7c2bc58dd8c1069a388de808cb2a41df412ed9ba34c4f4c0691d60e88d0,True,True,0,0,True,1573,1573,1.0,1.0,0,0,1.0,same physical context and fit-only log1p(n_cells) decile,True,"Retain legal original recipient content only when no matched fit donor exists; mark unknown, never fabricate",0,"{'path': '/home/yyf/runtime_artifacts/safeconf_research_20261001/publicset_execution_v1/risk_followup_v1/registered_universal_v1/content_null_v1/order3/outer1/inner0/DONOR_MAPPING.csv.gz', 'sha256': '596d1d8926e209ad70dfcee6fa00ba5759df4e50374c2d87061f8bbd25e5c3d0'}","{'path': '/home/yyf/runtime_artifacts/safeconf_research_20261001/publicset_execution_v1/risk_followup_v1/registered_universal_v1/content_null_v1/order3/outer1/inner0/MATCHING_BINS.csv', 'sha256': '8755840a7dd92e7ad253151c3a64fee9754b50db3546b2b8668f07025f03e64e'}",/home/yyf/runtime_artifacts/safeconf_research_20261001/publicset_execution_v1/risk_followup_v1/registered_universal_v1/content_null_v1/order3/outer1/inner0/SHUFFLE_AUDIT.json
1,1.0,3,1179,26e54fb8263a5471af83b418473798a2b77fb7305797dcdf97a1ba4333f8d106,d3aa3660b89538b48bfd3119ce6c49411ab7cd3611b6052d0828154f04c28657,4d5ab0233dd990c51155ce13fb98336605b7c0d16d9880e6e2f094e9396f28e0,e9372f599ea9f7ebb2ff92361331d790e891f11fdc35830295a158e2197edbc7,4479d34706dde50655dd319cdde29c43802ff6ecc3a5b942c73f94f1ec925ee8,True,True,0,0,True,1573,1573,1.0,1.0,0,0,1.0,same physical context and fit-only log1p(n_cells) decile,True,"Retain legal original recipient content only when no matched fit donor exists; mark unknown, never fabricate",0,"{'path': '/home/yyf/runtime_artifacts/safeconf_research_20261001/publicset_execution_v1/risk_followup_v1/registered_universal_v1/content_null_v1/order3/outer1/inner1/DONOR_MAPPING.csv.gz', 'sha256': 'be895352d28ed846a2dee46f07450a23cbe6521504cbd335d331ec440689a25b'}","{'path': '/home/yyf/runtime_artifacts/safeconf_research_20261001/publicset_execution_v1/risk_followup_v1/registered_universal_v1/content_null_v1/order3/outer1/inner1/MATCHING_BINS.csv', 'sha256': '822353e9de44d33e951820de313fd9f1d572bb7c631770ee2c64e57ecba0232c'}",/home/yyf/runtime_artifacts/safeconf_research_20261001/publicset_execution_v1/risk_followup_v1/registered_universal_v1/content_null_v1/order3/outer1/inner1/SHUFFLE_AUDIT.json
1,2.0,3,1184,0446fe4b7e9616a7a4919a8d22bfe2fdaa8cf3f079aecb9daca2a96ab00fc66d,328c953e538fd39b5852a62e76434adb0c539b3eb0c79a718293389213bb6843,25487d842710a909785077c8b0ac7628007c2d67e8e5e95d3205897ae0d56b7a,59547544a536bc463c57c5153acb941b784dcba5981ae715964279cd826a4c0a,629e7238d84680136d6d6f1ad852f0bdcceed10fa0e16b804b22fe985092248f,True,True,0,0,True,1573,1573,1.0,1.0,0,0,1.0,same physical context and fit-only log1p(n_cells) decile,True,"Retain legal original recipient content only when no matched fit donor exists; mark unknown, never fabricate",0,"{'path': '/home/yyf/runtime_artifacts/safeconf_research_20261001/publicset_execution_v1/risk_followup_v1/registered_universal_v1/content_null_v1/order3/outer1/inner2/DONOR_MAPPING.csv.gz', 'sha256': 'c0b523e7d68b1573729260472b25f327ace7743a88a0f965cb4de8e356a56c9c'}","{'path': '/home/yyf/runtime_artifacts/safeconf_research_20261001/publicset_execution_v1/risk_followup_v1/registered_universal_v1/content_null_v1/order3/outer1/inner2/MATCHING_BINS.csv', 'sha256': 'd0633872d53afaf261acd8541e391d2ab7eed94ade51b039b76c286a8216ddfb'}",/home/yyf/runtime_artifacts/safeconf_research_20261001/publicset_execution_v1/risk_followup_v1/registered_universal_v1/content_null_v1/order3/outer1/inner2/SHUFFLE_AUDIT.json
1,3.0,3,1177,4a544831a3c46aadbdddd3d7dc85f6399a717307b496a51d9a9621cc6f691eef,7ed37c3f0db4ae29c65d56826d5bc189bd31e242fab150f658f585a12b16b96b,4bb98da9047666a3e22a6c95308f8c43620acf135641ac404d361e8bb6789360,0ec6a029af327d39b8d8f18fcbcf7a7eea8db4c64069775715e954ea1283d326,be5d56a6ef8eef0ca3b7ce191bbe475ef45dd86b12ebfbe04e59f6bc3ba3b74c,True,True,0,0,True,1573,1573,1.0,1.0,0,0,1.0,same physical context and fit-only log1p(n_cells) decile,True,"Retain legal original recipient content only when no matched fit donor exists; mark unknown, never fabricate",0,"{'path': '/home/yyf/runtime_artifacts/safeconf_research_20261001/publicset_execution_v1/risk_followup_v1/registered_universal_v1/content_null_v1/order3/outer1/inner3/DONOR_MAPPING.csv.gz', 'sha256': '50bfb1f468987e19f1b59402e73cd3eba2414ed866c1769f748a01f442f78b88'}","{'path': '/home/yyf/runtime_artifacts/safeconf_research_20261001/publicset_execution_v1/risk_followup_v1/registered_universal_v1/content_null_v1/order3/outer1/inner3/MATCHING_BINS.csv', 'sha256': '6ec2340d8117d93a275a9f2c46928fbde291c2266c2caf3490d31ffd55d9f5e2'}",/home/yyf/runtime_artifacts/safeconf_research_20261001/publicset_execution_v1/risk_followup_v1/registered_universal_v1/content_null_v1/order3/outer1/inner3/SHUFFLE_AUDIT.json
1,,3,1573,bafe5c60b473c033f0b9e0cb57c740e5a5060fc9c87d147eb835e34cd524a10d,4d759d3ff3addee776b5662a803ec343800a963debcb7d6ec868510cd788ca9b,e291dffed4f46a8711d153a0250879ee8938212f8728c1a91282ebf0016f2b90,ad5f26a45672a057d45bf9c7f3a0a387a0537022c0bbc065b745d2226145ca21,6512312d6964d59ceaff5231acfc415cb1eff00e36b672d8b6eacf62aeaeafd7,True,True,0,0,True,1969,1969,1.0,1.0,0,0,1.0,same physical context and fit-only log1p(n_cells) decile,True,"Retain legal original recipient content only when no matched fit donor exists; mark unknown, never fabricate",0,"{'path': '/home/yyf/runtime_artifacts/safeconf_research_20261001/publicset_execution_v1/risk_followup_v1/registered_universal_v1/content_null_v1/order3/outer1/outer/DONOR_MAPPING.csv.gz', 'sha256': '7436cb01e651f63e16f84ea7214f89ebc071c1bbee8a27048c401cb2f9bb426b'}","{'path': '/home/yyf/runtime_artifacts/safeconf_research_20261001/publicset_execution_v1/risk_followup_v1/registered_universal_v1/content_null_v1/order3/outer1/outer/MATCHING_BINS.csv', 'sha256': '79a14b10a378ec2a9048d4f9681af5bb067b62b7df577f48d47d71854beb2559'}",/home/yyf/runtime_artifacts/safeconf_research_20261001/publicset_execution_v1/risk_followup_v1/registered_universal_v1/content_null_v1/order3/outer1/outer/SHUFFLE_AUDIT.json
2,0.0,3,1164,6c76f01738ba4a4a8d5aceec5f1fc93a1206c5fff2036ff3ac1527e0042e3df3,4c3d6873d54dfc97fe4888a61b5ac0c22b371cba4d9c9052c1ab61d597e45cc2,366a52074f7a53cc91723d9e978c4472a293aaa962e5a8b571769bd16944a23e,c3447ab0493776781afbe0e73e09c92e650bfa9c4e74993a594c241653b41abd,a70293f604707d94cac1ac4df0ba904b255851ba9d5f51f19b3e70ab883922bb,True,True,0,0,True,1576,1576,1.0,1.0,0,0,1.0,same physical context and fit-only log1p(n_cells) decile,True,"Retain legal original recipient content only when no matched fit donor exists; mark unknown, never fabricate",0,"{'path': '/home/yyf/runtime_artifacts/safeconf_research_20261001/publicset_execution_v1/risk_followup_v1/registered_universal_v1/content_null_v1/order3/outer2/inner0/DONOR_MAPPING.csv.gz', 'sha256': 'bedd91835b4e4b1283ecb59df6646bced181c3cb1f9bdfb05b3d30797f2ddb9a'}","{'path': '/home/yyf/runtime_artifacts/safeconf_research_20261001/publicset_execution_v1/risk_followup_v1/registered_universal_v1/content_null_v1/order3/outer2/inner0/MATCHING_BINS.csv', 'sha256': 'a017716513c6a66b707b5cb320aa1b62208e436486b8085bea80b3dd65d7047e'}",/home/yyf/runtime_artifacts/safeconf_research_20261001/publicset_execution_v1/risk_followup_v1/registered_universal_v1/content_null_v1/order3/outer2/inner0/SHUFFLE_AUDIT.json
2,1.0,3,1183,a2c4fd519dcad1478573493649d7ff3755c59355a6cdc25fca4f5672ab2799a8,337782e8bd83d6d8383a94e85f2e56cb743cd44079dff4f1d75e211d5c261199,55f9651aef8d9b88a96d95bf59d2fad0049e27b7dfd0243471711d7302a5fb4b,fbbea62b1497ae0305c4192572639a7afce8362d901c18ff51b8e87b4470ddee,babad447f10a924bab98ae083196e27aed6e8996ab2fc9aa9e675a1a939d3543,True,True,0,0,True,1576,1576,1.0,1.0,0,0,1.0,same physical context and fit-only log1p(n_cells) decile,True,"Retain legal original recipient content only when no matched fit donor exists; mark unknown, never fabricate",0,"{'path': '/home/yyf/runtime_artifacts/safeconf_research_20261001/publicset_execution_v1/risk_followup_v1/registered_universal_v1/content_null_v1/order3/outer2/inner1/DONOR_MAPPING.csv.gz', 'sha256': '4ca86b9a4b967f40e6b0351f15e36f469b408a2dc811743ac29aea957d91a869'}","{'path': '/home/yyf/runtime_artifacts/safeconf_research_20261001/publicset_execution_v1/risk_followup_v1/registered_universal_v1/content_null_v1/order3/outer2/inner1/MATCHING_BINS.csv', 'sha256': '0ea4450db5118530de80622d26272b3a86a16a6c6f00e12f6c828c1c9c664104'}",/home/yyf/runtime_artifacts/safeconf_research_20261001/publicset_execution_v1/risk_followup_v1/registered_universal_v1/content_null_v1/order3/outer2/inner1/SHUFFLE_AUDIT.json
2,2.0,3,1184,486e858513fdcac21b4aacd2b485a54e3bf261d83adbb4b061b0c4980e084012,dcf315bacba5a3fa210d5bfb62830a750b07d90988843fea6cc35a3d7524d905,9c040d21361587285c39f67d41fc60ea69830d40b60bcf610657d370c79deb2d,fd5eb01bce3b90ad4d805a16d9b27b287d639af0ed1cdb827ae5d97fa0da4b0e,fe2d7e93962d4c97d9eabd3746fada57ebd4c2bed3407b4bf6a4974627d6c7eb,True,True,0,0,True,1576,1576,1.0,1.0,0,0,1.0,same physical context and fit-only log1p(n_cells) decile,True,"Retain legal original recipient content only when no matched fit donor exists; mark unknown, never fabricate",0,"{'path': '/home/yyf/runtime_artifacts/safeconf_research_20261001/publicset_execution_v1/risk_followup_v1/registered_universal_v1/content_null_v1/order3/outer2/inner2/DONOR_MAPPING.csv.gz', 'sha256': '1efd1b2f113179838f648a031c52da2662fb8b3fd66beea92da4b27db49e432b'}","{'path': '/home/yyf/runtime_artifacts/safeconf_research_20261001/publicset_execution_v1/risk_followup_v1/registered_universal_v1/content_null_v1/order3/outer2/inner2/MATCHING_BINS.csv', 'sha256': '1deeba6733ef2d18fc4d3d78d28599caaf9c79f33a94a8e520b32da6138e2836'}",/home/yyf/runtime_artifacts/safeconf_research_20261001/publicset_execution_v1/risk_followup_v1/registered_universal_v1/content_null_v1/order3/outer2/inner2/SHUFFLE_AUDIT.json
2,3.0,3,1197,8b8e267b61b0223bfdd554b3fb573be304e7e22616e845333ee3004d231fd948,4dc85063bafde2a585467f9ad5f3b4d92d747d84e696deddf3d8346bca9e4563,3bf0bdfdec0e6815247c4a37e7ca9a4cb9f932107a86d9b67350caf8e19df75a,da2da2802d14b71335bd991dc6363b6268d802ffebad1c998927a4064dac2fc7,2d2aad55330c825f30a04a38594b2a02b54ed44dd73ad35b319dc221c71d72fd,True,True,0,0,True,1576,1576,1.0,1.0,0,0,1.0,same physical context and fit-only log1p(n_cells) decile,True,"Retain legal original recipient content only when no matched fit donor exists; mark unknown, never fabricate",0,"{'path': '/home/yyf/runtime_artifacts/safeconf_research_20261001/publicset_execution_v1/risk_followup_v1/registered_universal_v1/content_null_v1/order3/outer2/inner3/DONOR_MAPPING.csv.gz', 'sha256': 'e525fa04cceeca2065b271fff6643a2f73f00105768b957d15fd05ebe308ce97'}","{'path': '/home/yyf/runtime_artifacts/safeconf_research_20261001/publicset_execution_v1/risk_followup_v1/registered_universal_v1/content_null_v1/order3/outer2/inner3/MATCHING_BINS.csv', 'sha256': '6ff556f61a54d119aa5b3283baec84a6eafad7425ec0ca33018df2330d3f4886'}",/home/yyf/runtime_artifacts/safeconf_research_20261001/publicset_execution_v1/risk_followup_v1/registered_universal_v1/content_null_v1/order3/outer2/inner3/SHUFFLE_AUDIT.json
2,,3,1576,bf61c4195c601e4c9524bc4067c0861f34b2f42876a0cc8543250580292f918c,276220e49374c6c647d1d9579bd7a4c4e491d84cd65218dacf1a33bb49641cdc,5d47bfe7b190c5d53044dfec042876d95228f1ab0c8373ef4b7a9b7a7cc28064,06d2bd7f4bd2f261a011cc7de83c96aaf73d2f7cc5815dc31271fa9aecbad716,9917995a2e8b2d3a61848189946d03ab2ed5056418421643d8f7a81a874ae272,True,True,0,0,True,1969,1969,1.0,1.0,0,0,1.0,same physical context and fit-only log1p(n_cells) decile,True,"Retain legal original recipient content only when no matched fit donor exists; mark unknown, never fabricate",0,"{'path': '/home/yyf/runtime_artifacts/safeconf_research_20261001/publicset_execution_v1/risk_followup_v1/registered_universal_v1/content_null_v1/order3/outer2/outer/DONOR_MAPPING.csv.gz', 'sha256': '8d5e8a14379eb46571e05c07644bf88a399a39383eb726de766ef0f39ed1fa8e'}","{'path': '/home/yyf/runtime_artifacts/safeconf_research_20261001/publicset_execution_v1/risk_followup_v1/registered_universal_v1/content_null_v1/order3/outer2/outer/MATCHING_BINS.csv', 'sha256': 'd9221c1df5020eac03d5f38f628dddb0198c7cd791b9bcc8517fcb5b6c654b19'}",/home/yyf/runtime_artifacts/safeconf_research_20261001/publicset_execution_v1/risk_followup_v1/registered_universal_v1/content_null_v1/order3/outer2/outer/SHUFFLE_AUDIT.json
3,0.0,3,1185,11d66f9f9a3f844d0c8f72a084e33f7ad719b1a7a4fd98f0476953a518389f62,d250539aaf328e87201f690b6865ce0816061a070a8eeaef5176ea4b14086b48,0ae960f9c425b73bde6e83169a009e3a10de6c9cfbb7ae190d09cda6ead7bc75,b949efa2eaa0fcc3c77b30e39b6d21196125094c01515ce7ccd78117e3d82eee,c1cc98e6210e7575076dc59c0c5dc75d0face9c34bbe0d0866aaac63884f6c5b,True,True,0,0,True,1578,1578,1.0,1.0,0,0,1.0,same physical context and fit-only log1p(n_cells) decile,True,"Retain legal original recipient content only when no matched fit donor exists; mark unknown, never fabricate",0,"{'path': '/home/yyf/runtime_artifacts/safeconf_research_20261001/publicset_execution_v1/risk_followup_v1/registered_universal_v1/content_null_v1/order3/outer3/inner0/DONOR_MAPPING.csv.gz', 'sha256': '01054ec2142954309ca01368ba206fac7e7257559e4baaf248ec627b82ed83d0'}","{'path': '/home/yyf/runtime_artifacts/safeconf_research_20261001/publicset_execution_v1/risk_followup_v1/registered_universal_v1/content_null_v1/order3/outer3/inner0/MATCHING_BINS.csv', 'sha256': 'a66095cbb815214874a286201aefb006dcc583c180846c4e587ad1319968cd28'}",/home/yyf/runtime_artifacts/safeconf_research_20261001/publicset_execution_v1/risk_followup_v1/registered_universal_v1/content_null_v1/order3/outer3/inner0/SHUFFLE_AUDIT.json
3,1.0,3,1188,2d901a6771c3c0d3b4d856fb9f0a445325d2729f996f1460f9f25db64a8a561c,fe370ea26536369e44ac3d166d652b198da46d12f52552e54d21307c130a732d,a2b7c5c9857cfa0db1c50d0fdab95d4d192c99ba2969f5defd2a6e2ddb05ed29,62829327989d1782f27259d89dcd37b1abf4eadd620a645d4f5385a237d643e0,0cda708109ea3b02b25d2df412bee9475d79b1867d13ce69b9db5c11c02dfb68,True,True,0,0,True,1578,1578,1.0,1.0,0,0,1.0,same physical context and fit-only log1p(n_cells) decile,True,"Retain legal original recipient content only when no matched fit donor exists; mark unknown, never fabricate",0,"{'path': '/home/yyf/runtime_artifacts/safeconf_research_20261001/publicset_execution_v1/risk_followup_v1/registered_universal_v1/content_null_v1/order3/outer3/inner1/DONOR_MAPPING.csv.gz', 'sha256': 'ca73b7860b63951b3dcd860fcba823f0cf3c545708695f8a7629dfcf8a076f93'}","{'path': '/home/yyf/runtime_artifacts/safeconf_research_20261001/publicset_execution_v1/risk_followup_v1/registered_universal_v1/content_null_v1/order3/outer3/inner1/MATCHING_BINS.csv', 'sha256': 'e4545d5f3d2c576e728c3591238aa0d33df2d707cc56878c0a27621e076b78af'}",/home/yyf/runtime_artifacts/safeconf_research_20261001/publicset_execution_v1/risk_followup_v1/registered_universal_v1/content_null_v1/order3/outer3/inner1/SHUFFLE_AUDIT.json
3,2.0,3,1177,411b7f41660c59037eddd7ef8b629fd604384ba5a43ee8cecdb22085e15fa00a,d30081291a45340f975ac4162219ebd8af9f180b30fac59289a0bb371a2ae5f9,840ad13429ae076e23be172b909a368ded2940af399e23da66959a5466005de5,d9fa0b815b5f8eda1395f8d7c829320f25947923cdf3fccc6dcdc7eb3fd55aa8,419e3aa24cc7761cda6492b4c1c371f8554d273433116981c676de513bdee51a,True,True,0,0,True,1578,1578,1.0,1.0,0,0,1.0,same physical context and fit-only log1p(n_cells) decile,True,"Retain legal original recipient content only when no matched fit donor exists; mark unknown, never fabricate",0,"{'path': '/home/yyf/runtime_artifacts/safeconf_research_20261001/publicset_execution_v1/risk_followup_v1/registered_universal_v1/content_null_v1/order3/outer3/inner2/DONOR_MAPPING.csv.gz', 'sha256': '93c283609d25bf1083e38d448d8bd0453733bf87b1efb2f3fdc1c587daafce90'}","{'path': '/home/yyf/runtime_artifacts/safeconf_research_20261001/publicset_execution_v1/risk_followup_v1/registered_universal_v1/content_null_v1/order3/outer3/inner2/MATCHING_BINS.csv', 'sha256': '4435a5a7bb4b66a2f031f810203ebd3c79462a619896fbf26c0fe5fa7b592d89'}",/home/yyf/runtime_artifacts/safeconf_research_20261001/publicset_execution_v1/risk_followup_v1/registered_universal_v1/content_null_v1/order3/outer3/inner2/SHUFFLE_AUDIT.json
3,3.0,3,1184,6c87664b0803d0dc4b1d5c900c017b2ba0cc2b2f9a476a51e932b6ecda07db8d,181aa548e961ca2a6ba2d2b42927be08d999294719a953205dea64663e597a97,14f5d185327eb48613e4009a85248d80829c9a983e38eb3fae5a2d0eb07e0c4f,0375325dc5b961b19ee92fa04d7fceb6db0a0665fefb38bcc0fa4d48fda6ddcf,2ff02bbb66a84f599c851a293520f1cfb2b51fc754277703e71e3741836f88eb,True,True,0,0,True,1578,1578,1.0,1.0,0,0,1.0,same physical context and fit-only log1p(n_cells) decile,True,"Retain legal original recipient content only when no matched fit donor exists; mark unknown, never fabricate",0,"{'path': '/home/yyf/runtime_artifacts/safeconf_research_20261001/publicset_execution_v1/risk_followup_v1/registered_universal_v1/content_null_v1/order3/outer3/inner3/DONOR_MAPPING.csv.gz', 'sha256': 'c67213e2652b8f78dbe9f68be22902ed1b39abdf3c1bc7ca77b7f0f346e7af18'}","{'path': '/home/yyf/runtime_artifacts/safeconf_research_20261001/publicset_execution_v1/risk_followup_v1/registered_universal_v1/content_null_v1/order3/outer3/inner3/MATCHING_BINS.csv', 'sha256': '5926a352f7aaa3b3c8fcf33d2ae356273ff5743143c2e24e1bf2bb542ebdf960'}",/home/yyf/runtime_artifacts/safeconf_research_20261001/publicset_execution_v1/risk_followup_v1/registered_universal_v1/content_null_v1/order3/outer3/inner3/SHUFFLE_AUDIT.json
3,,3,1578,9e70752b38bb4f6fa334d40e38c672bfc6e84b9a3d63b448a42a81a11d9469c5,5e987de5ee4cd53ddb4d746030ab284749b89b08ad421db0cfa1bcfecbcd5b4d,8c54b8a5eb9d36ef8e3436cb4f98a04fa6e9bbe366c533897c6a211dfde780dd,279bd69d755727ae82cca3c66a61f902d80fc50d48aa46a7a70a0d8689762db5,3d21fa620f6c0895589320874e1743a57a760b30a3bad0af1844e5c90c4a6f1f,True,True,0,0,True,1969,1969,1.0,1.0,0,0,1.0,same physical context and fit-only log1p(n_cells) decile,True,"Retain legal original recipient content only when no matched fit donor exists; mark unknown, never fabricate",0,"{'path': '/home/yyf/runtime_artifacts/safeconf_research_20261001/publicset_execution_v1/risk_followup_v1/registered_universal_v1/content_null_v1/order3/outer3/outer/DONOR_MAPPING.csv.gz', 'sha256': 'f4ad27432a512ca48216c9f33244d3190e8bd23c3df373c1338cf28edf91451b'}","{'path': '/home/yyf/runtime_artifacts/safeconf_research_20261001/publicset_execution_v1/risk_followup_v1/registered_universal_v1/content_null_v1/order3/outer3/outer/MATCHING_BINS.csv', 'sha256': '7d4249fa2dcea05ea40fbf5578fdfb7cb79cbb03706085941cae0a61b63658b6'}",/home/yyf/runtime_artifacts/safeconf_research_20261001/publicset_execution_v1/risk_followup_v1/registered_universal_v1/content_null_v1/order3/outer3/outer/SHUFFLE_AUDIT.json
4,0.0,3,1171,d98ba2906054b5480d61fa77744511edd09cca4147af432d5513edf904ae6765,0093b36fe43e0c2c63cdbc22f008ab6795fac4e72424389665c25c06d611f6d2,0c8e5d72876e514d0d34ec8d24d79aa8aaa5431d4a0bc3c14dfa112f61e19b45,c3baa5b5f0576b96362a257c81aea8c94e85d8cb720f10a6f7b39de3ab913f63,7b26b51a7a506634ec2f31084bb1c1899acc508f63817a848dc4dc7e9f679092,True,True,0,0,True,1573,1573,1.0,1.0,0,0,1.0,same physical context and fit-only log1p(n_cells) decile,True,"Retain legal original recipient content only when no matched fit donor exists; mark unknown, never fabricate",0,"{'path': '/home/yyf/runtime_artifacts/safeconf_research_20261001/publicset_execution_v1/risk_followup_v1/registered_universal_v1/content_null_v1/order3/outer4/inner0/DONOR_MAPPING.csv.gz', 'sha256': '9e2fb98d20a6efd41540997c28e1549c054f1170ccda74931cfef15239b3df7a'}","{'path': '/home/yyf/runtime_artifacts/safeconf_research_20261001/publicset_execution_v1/risk_followup_v1/registered_universal_v1/content_null_v1/order3/outer4/inner0/MATCHING_BINS.csv', 'sha256': 'bc9e82932d616edd124a0d45ed65f17d36b247908e2bd4c366687eba133eba81'}",/home/yyf/runtime_artifacts/safeconf_research_20261001/publicset_execution_v1/risk_followup_v1/registered_universal_v1/content_null_v1/order3/outer4/inner0/SHUFFLE_AUDIT.json
4,1.0,3,1177,ccb1e614287c1fb700326651fc2a16cf3927fe321b18e833b231600f60597315,231e9c173fe60db62e8ebc222d03e14e0806d358e6a7b072d0336f119b8bb8f3,451233433f554af2c966c183dfe9d30b5203535918fcaca42f4810c828b397c8,f4e07877f5f486a8a760bc044bc9241993979f4762d79f25706984cc447e6169,18fccc142fbdd364f2fd1a5ac6b7f449c67205796ef046e760ce38035ce4eecd,True,True,0,0,True,1573,1573,1.0,1.0,0,0,1.0,same physical context and fit-only log1p(n_cells) decile,True,"Retain legal original recipient content only when no matched fit donor exists; mark unknown, never fabricate",0,"{'path': '/home/yyf/runtime_artifacts/safeconf_research_20261001/publicset_execution_v1/risk_followup_v1/registered_universal_v1/content_null_v1/order3/outer4/inner1/DONOR_MAPPING.csv.gz', 'sha256': 'bc8b99e72094f7b5713ee51415816ff4e383e0625061cc8b33d2f41a6c45ea47'}","{'path': '/home/yyf/runtime_artifacts/safeconf_research_20261001/publicset_execution_v1/risk_followup_v1/registered_universal_v1/content_null_v1/order3/outer4/inner1/MATCHING_BINS.csv', 'sha256': 'fdbf76d9597d152455f314a44cc9f3204e9b860ddad21d76b77beb3ce5cd5c38'}",/home/yyf/runtime_artifacts/safeconf_research_20261001/publicset_execution_v1/risk_followup_v1/registered_universal_v1/content_null_v1/order3/outer4/inner1/SHUFFLE_AUDIT.json
4,2.0,3,1185,1d36871247adee319727e6e652853f61583eaa8e5e9bd6167b428c80c013bc20,487ff99206c241a64c29749715d12012d2c63305bbaa96fa165f0429dbd316cb,a239ffe397c6c963283e6a2b046dfbcc555e3d2b68d0add10eb470d74665eb1b,cdeb00691ec9f0952fd58530966271764912e86fb7d4ec00a8a70af2f93f1948,813214f4f6565b390da739a363509e3ad8a2a0d00921d1eda6027079973209dd,True,True,0,0,True,1573,1573,1.0,1.0,0,0,1.0,same physical context and fit-only log1p(n_cells) decile,True,"Retain legal original recipient content only when no matched fit donor exists; mark unknown, never fabricate",0,"{'path': '/home/yyf/runtime_artifacts/safeconf_research_20261001/publicset_execution_v1/risk_followup_v1/registered_universal_v1/content_null_v1/order3/outer4/inner2/DONOR_MAPPING.csv.gz', 'sha256': '5c39d0146060c86f3b2dc6acaf34512f532bf98b9c59f77b94a7733047f2e3de'}","{'path': '/home/yyf/runtime_artifacts/safeconf_research_20261001/publicset_execution_v1/risk_followup_v1/registered_universal_v1/content_null_v1/order3/outer4/inner2/MATCHING_BINS.csv', 'sha256': '4ac36e7bd19abda3e7d8b9c5a490f1598e7c7162caefa0d7e474713c5b4e2d1e'}",/home/yyf/runtime_artifacts/safeconf_research_20261001/publicset_execution_v1/risk_followup_v1/registered_universal_v1/content_null_v1/order3/outer4/inner2/SHUFFLE_AUDIT.json
4,3.0,3,1186,ff9c5ef375b3e61f4509adc2561921bdfce7d5756b0450b5eb1a29f46f34c6ca,0d8eabfcd6a593823c188b58135dfcdfd0643694ba912612739745c9547374bf,4e8ac2ba1946096747128ab57aec324721121b3409934ab6f6bb1290c7f66a3d,868f39846719e51370b3e2840b2695647841a21c505a57dec4e86dee7947e3ac,7751c37ccf3a2e4e6a423ccf08b88b68b36e94b20086a783e788011c9cfebfec,True,True,0,0,True,1573,1573,1.0,1.0,0,0,1.0,same physical context and fit-only log1p(n_cells) decile,True,"Retain legal original recipient content only when no matched fit donor exists; mark unknown, never fabricate",0,"{'path': '/home/yyf/runtime_artifacts/safeconf_research_20261001/publicset_execution_v1/risk_followup_v1/registered_universal_v1/content_null_v1/order3/outer4/inner3/DONOR_MAPPING.csv.gz', 'sha256': '8fccdbc00fe0997c9ba5a6aa82d860137a1eed0acdfacbe3aeb3230491124dbe'}","{'path': '/home/yyf/runtime_artifacts/safeconf_research_20261001/publicset_execution_v1/risk_followup_v1/registered_universal_v1/content_null_v1/order3/outer4/inner3/MATCHING_BINS.csv', 'sha256': '080027ed1af2cb17281e41f23dbce82e98637d1f8e919057807ebbda27272405'}",/home/yyf/runtime_artifacts/safeconf_research_20261001/publicset_execution_v1/risk_followup_v1/registered_universal_v1/content_null_v1/order3/outer4/inner3/SHUFFLE_AUDIT.json
4,,3,1573,af057246947e187310d9e13c1ef3d8827c2814686f07bfa31f07153dc7e9086c,47bd8fc359dd059bf521fc1c8dab174667da027b011e4a09f5803c8410099655,e6ebc0607bbc07dc9a8536068e5db9f7a08baf0e76569a4753deb51ac076733e,4e67c76771b3ed736cc137ba6174d21ecbd7280d1a4683b383fb96cff796d2ba,7a43c20d15a92f21866c0d64f5bb98cf923346d8c3ba03187b2f53c8cca9a59e,True,True,0,0,True,1969,1969,1.0,1.0,0,0,1.0,same physical context and fit-only log1p(n_cells) decile,True,"Retain legal original recipient content only when no matched fit donor exists; mark unknown, never fabricate",0,"{'path': '/home/yyf/runtime_artifacts/safeconf_research_20261001/publicset_execution_v1/risk_followup_v1/registered_universal_v1/content_null_v1/order3/outer4/outer/DONOR_MAPPING.csv.gz', 'sha256': '5b143f50e44d5e32dfd61757bd1d2f436884cc732521397b3a8d15a09765a56f'}","{'path': '/home/yyf/runtime_artifacts/safeconf_research_20261001/publicset_execution_v1/risk_followup_v1/registered_universal_v1/content_null_v1/order3/outer4/outer/MATCHING_BINS.csv', 'sha256': '61e1d37b013fabe839b5c43abd323e06886b860f374d8319c2d1431323f30daa'}",/home/yyf/runtime_artifacts/safeconf_research_20261001/publicset_execution_v1/risk_followup_v1/registered_universal_v1/content_null_v1/order3/outer4/outer/SHUFFLE_AUDIT.json
0,0.0,4,1179,c8af129063805acd89dd0ff54cee698e56d4924870cfeefdb13871dea82a9488,75d16b53d01b1d3827db93c687599fe6b808ed08f6215230eee471f78a66cea6,b28367da617569e9ebfaa5d00ba90a094ac5ef12fa4b82ba094cb1b52e3d9c01,24b5e33fe51808976fed8bbf7a97b371f0b0099d5d10dc455bf8f2b71a3f0bcb,c8a80350a2a61ccba9512d43d85027fbb532a27bd20acd394b04769a7fa170a3,True,True,0,0,True,1576,1576,1.0,1.0,0,0,1.0,same physical context and fit-only log1p(n_cells) decile,True,"Retain legal original recipient content only when no matched fit donor exists; mark unknown, never fabricate",0,"{'path': '/home/yyf/runtime_artifacts/safeconf_research_20261001/publicset_execution_v1/risk_followup_v1/registered_universal_v1/content_null_v1/order4/outer0/inner0/DONOR_MAPPING.csv.gz', 'sha256': 'd805d8613d17bfaccbdbf026f20539bcda381f70ec92402fce744ff0c2f6aa11'}","{'path': '/home/yyf/runtime_artifacts/safeconf_research_20261001/publicset_execution_v1/risk_followup_v1/registered_universal_v1/content_null_v1/order4/outer0/inner0/MATCHING_BINS.csv', 'sha256': 'ee4de0561b480a5def8c49830ff8baaf986951acb5170874c81f5d594ede168f'}",/home/yyf/runtime_artifacts/safeconf_research_20261001/publicset_execution_v1/risk_followup_v1/registered_universal_v1/content_null_v1/order4/outer0/inner0/SHUFFLE_AUDIT.json
0,1.0,4,1180,eb7c46d724dd910cec8c08425d5d7954396c5317871af1b6997d0ea160b61417,96582211d010d406edc788f90c1200d0995461b773d827fa1573df92eca5718c,03babd96b2bb062ce6a76e69d43c88d9af15a064aecd60abe54195183efe3760,705bf80ccf8b5027dd7e8db480ba8eabd4a1d0f4ae0650dcc196c0c84e9fc9bf,308e6df1fdd02ca3339cc6916b8f67f827618a9edc6eaf34e3574d8059f8a7a6,True,True,0,0,True,1576,1576,1.0,1.0,0,0,1.0,same physical context and fit-only log1p(n_cells) decile,True,"Retain legal original recipient content only when no matched fit donor exists; mark unknown, never fabricate",0,"{'path': '/home/yyf/runtime_artifacts/safeconf_research_20261001/publicset_execution_v1/risk_followup_v1/registered_universal_v1/content_null_v1/order4/outer0/inner1/DONOR_MAPPING.csv.gz', 'sha256': '8b0fe4064f14a7cd1a4fcc356ac98b3fcd2ae961fe85a68fbc6bcdc3835c924e'}","{'path': '/home/yyf/runtime_artifacts/safeconf_research_20261001/publicset_execution_v1/risk_followup_v1/registered_universal_v1/content_null_v1/order4/outer0/inner1/MATCHING_BINS.csv', 'sha256': 'e44d281292749f8630de4d6bb50e3887a8b2ce6dcd53f9a9a756502dce981d05'}",/home/yyf/runtime_artifacts/safeconf_research_20261001/publicset_execution_v1/risk_followup_v1/registered_universal_v1/content_null_v1/order4/outer0/inner1/SHUFFLE_AUDIT.json
0,2.0,4,1184,e49f1f46b9dcd89792eee9c18e063eca731f17880e695687f508f3607e5193d1,6bc57c9f40e164191e10786d49c001e1efdb913ca4a4b08db9e241932c191680,588e1299d1f5e7b4d8c5a1d482dbab6a6c65d5e37f868eef57ec1fe81a6b7434,c70f7446dbad650a5b2bd4b47bbfc0dadc7da294e1acb13c8305c60542bdd270,c800c0c93a5554266e0a4c69d2135e18995d37d54ec55fb452e161597de06a42,True,True,0,0,True,1576,1576,1.0,1.0,0,0,1.0,same physical context and fit-only log1p(n_cells) decile,True,"Retain legal original recipient content only when no matched fit donor exists; mark unknown, never fabricate",0,"{'path': '/home/yyf/runtime_artifacts/safeconf_research_20261001/publicset_execution_v1/risk_followup_v1/registered_universal_v1/content_null_v1/order4/outer0/inner2/DONOR_MAPPING.csv.gz', 'sha256': 'cdff05437c5b4b3129ce67cebdb349e6c551abf29027a8b47d178394873d7341'}","{'path': '/home/yyf/runtime_artifacts/safeconf_research_20261001/publicset_execution_v1/risk_followup_v1/registered_universal_v1/content_null_v1/order4/outer0/inner2/MATCHING_BINS.csv', 'sha256': '4cbc87f12b29936fe896440f0634903c4a2ece7e8c4ea8dbc8add1f9cd44536a'}",/home/yyf/runtime_artifacts/safeconf_research_20261001/publicset_execution_v1/risk_followup_v1/registered_universal_v1/content_null_v1/order4/outer0/inner2/SHUFFLE_AUDIT.json
0,3.0,4,1185,8ca22224a01936b90334e7dd5f7a3528342c931c3b06b8e3fcb90db805cba8b2,879c21a9c99aa63a70f34a39edf59eead690b752db9e6487ecaedee6a656957a,3f55e134b5f9017594e069000455128b9843320d1224c7b0353a09c74e45894b,c02ce8309eb04427c95c23a9de2a8f855f08d3e2b73aeff42191f3283b044d13,4e57661e7e3ee29569704a93664018d80cf6ca5e2c445fd305df9b43f186c6ee,True,True,0,0,True,1576,1576,1.0,1.0,0,0,1.0,same physical context and fit-only log1p(n_cells) decile,True,"Retain legal original recipient content only when no matched fit donor exists; mark unknown, never fabricate",0,"{'path': '/home/yyf/runtime_artifacts/safeconf_research_20261001/publicset_execution_v1/risk_followup_v1/registered_universal_v1/content_null_v1/order4/outer0/inner3/DONOR_MAPPING.csv.gz', 'sha256': 'e3c90cb829883408c5d4d81acb517b2fffcab20086a85c2fc0f93bf5e7764c8a'}","{'path': '/home/yyf/runtime_artifacts/safeconf_research_20261001/publicset_execution_v1/risk_followup_v1/registered_universal_v1/content_null_v1/order4/outer0/inner3/MATCHING_BINS.csv', 'sha256': '2ac7cc18990e602267f2fca7016ce013a0f5d18bd831c13c55d81e2611227f8d'}",/home/yyf/runtime_artifacts/safeconf_research_20261001/publicset_execution_v1/risk_followup_v1/registered_universal_v1/content_null_v1/order4/outer0/inner3/SHUFFLE_AUDIT.json
0,,4,1576,67be5a99e7dc6313abba0267a4a88760101d8405e7177231b427354e713ebb72,2f6529e19e09b0f3163bb3ce3e3820e8c085cad51dd321439ae7439db9b7945f,982a1e60295f8f186ffb1f5a6412bd9f56922647e857890e965a621674901b43,4f0f71147e314c974c0a52a981237bdc6ece9066891bd5dda6d4ea9ac4725907,e8269d21710965d59d7c07b35dc89cdb21aa423bb771bebc9715f2cde48b03b3,True,True,0,0,True,1969,1969,1.0,1.0,0,0,1.0,same physical context and fit-only log1p(n_cells) decile,True,"Retain legal original recipient content only when no matched fit donor exists; mark unknown, never fabricate",0,"{'path': '/home/yyf/runtime_artifacts/safeconf_research_20261001/publicset_execution_v1/risk_followup_v1/registered_universal_v1/content_null_v1/order4/outer0/outer/DONOR_MAPPING.csv.gz', 'sha256': 'b9da8d61a4b8020ffa5449fc16b2b00ee897143ee18b6f5f507e3240ccb6029c'}","{'path': '/home/yyf/runtime_artifacts/safeconf_research_20261001/publicset_execution_v1/risk_followup_v1/registered_universal_v1/content_null_v1/order4/outer0/outer/MATCHING_BINS.csv', 'sha256': '59c0f3db38af0b58ad006a4957ad1b52c2014b1242a602fb043ce0385a7fec92'}",/home/yyf/runtime_artifacts/safeconf_research_20261001/publicset_execution_v1/risk_followup_v1/registered_universal_v1/content_null_v1/order4/outer0/outer/SHUFFLE_AUDIT.json
1,0.0,4,1179,5c2eb14545a251799d800caec602dd3a563cff175fc2211f4bc7f721c5112975,153a4c79c77a65d15053fd6a89dedbd4e92f338ac285a3476d1c9c4bfc43187e,236107f04c2b7915bd67ec593fc6d7e0f0b8decda8f8914cd7e9acf0ca36a82f,29f4879d2bf4139250c838bade85e7f1198c648466c8d2aa725b0a99fb9437ff,5281b7c2bc58dd8c1069a388de808cb2a41df412ed9ba34c4f4c0691d60e88d0,True,True,0,0,True,1573,1573,1.0,1.0,0,0,1.0,same physical context and fit-only log1p(n_cells) decile,True,"Retain legal original recipient content only when no matched fit donor exists; mark unknown, never fabricate",0,"{'path': '/home/yyf/runtime_artifacts/safeconf_research_20261001/publicset_execution_v1/risk_followup_v1/registered_universal_v1/content_null_v1/order4/outer1/inner0/DONOR_MAPPING.csv.gz', 'sha256': 'ebe9850ada993f212dfa5964a3e4cd232d7a16fc79597edb9b25a6cf3b9497af'}","{'path': '/home/yyf/runtime_artifacts/safeconf_research_20261001/publicset_execution_v1/risk_followup_v1/registered_universal_v1/content_null_v1/order4/outer1/inner0/MATCHING_BINS.csv', 'sha256': '8755840a7dd92e7ad253151c3a64fee9754b50db3546b2b8668f07025f03e64e'}",/home/yyf/runtime_artifacts/safeconf_research_20261001/publicset_execution_v1/risk_followup_v1/registered_universal_v1/content_null_v1/order4/outer1/inner0/SHUFFLE_AUDIT.json
1,1.0,4,1179,26e54fb8263a5471af83b418473798a2b77fb7305797dcdf97a1ba4333f8d106,d3aa3660b89538b48bfd3119ce6c49411ab7cd3611b6052d0828154f04c28657,4d5ab0233dd990c51155ce13fb98336605b7c0d16d9880e6e2f094e9396f28e0,e9372f599ea9f7ebb2ff92361331d790e891f11fdc35830295a158e2197edbc7,4479d34706dde50655dd319cdde29c43802ff6ecc3a5b942c73f94f1ec925ee8,True,True,0,0,True,1573,1573,1.0,1.0,0,0,1.0,same physical context and fit-only log1p(n_cells) decile,True,"Retain legal original recipient content only when no matched fit donor exists; mark unknown, never fabricate",0,"{'path': '/home/yyf/runtime_artifacts/safeconf_research_20261001/publicset_execution_v1/risk_followup_v1/registered_universal_v1/content_null_v1/order4/outer1/inner1/DONOR_MAPPING.csv.gz', 'sha256': '951871fd7c32b0a75952a8075d3cb6d30a6b9cf1ff1c61d4d99f50ad8897aaab'}","{'path': '/home/yyf/runtime_artifacts/safeconf_research_20261001/publicset_execution_v1/risk_followup_v1/registered_universal_v1/content_null_v1/order4/outer1/inner1/MATCHING_BINS.csv', 'sha256': '822353e9de44d33e951820de313fd9f1d572bb7c631770ee2c64e57ecba0232c'}",/home/yyf/runtime_artifacts/safeconf_research_20261001/publicset_execution_v1/risk_followup_v1/registered_universal_v1/content_null_v1/order4/outer1/inner1/SHUFFLE_AUDIT.json
1,2.0,4,1184,0446fe4b7e9616a7a4919a8d22bfe2fdaa8cf3f079aecb9daca2a96ab00fc66d,328c953e538fd39b5852a62e76434adb0c539b3eb0c79a718293389213bb6843,25487d842710a909785077c8b0ac7628007c2d67e8e5e95d3205897ae0d56b7a,59547544a536bc463c57c5153acb941b784dcba5981ae715964279cd826a4c0a,629e7238d84680136d6d6f1ad852f0bdcceed10fa0e16b804b22fe985092248f,True,True,0,0,True,1573,1573,1.0,1.0,0,0,1.0,same physical context and fit-only log1p(n_cells) decile,True,"Retain legal original recipient content only when no matched fit donor exists; mark unknown, never fabricate",0,"{'path': '/home/yyf/runtime_artifacts/safeconf_research_20261001/publicset_execution_v1/risk_followup_v1/registered_universal_v1/content_null_v1/order4/outer1/inner2/DONOR_MAPPING.csv.gz', 'sha256': '20182a86c80349b214a86d138a7b85d1c3d87d067d1d82fad56ca700734c37e5'}","{'path': '/home/yyf/runtime_artifacts/safeconf_research_20261001/publicset_execution_v1/risk_followup_v1/registered_universal_v1/content_null_v1/order4/outer1/inner2/MATCHING_BINS.csv', 'sha256': 'd0633872d53afaf261acd8541e391d2ab7eed94ade51b039b76c286a8216ddfb'}",/home/yyf/runtime_artifacts/safeconf_research_20261001/publicset_execution_v1/risk_followup_v1/registered_universal_v1/content_null_v1/order4/outer1/inner2/SHUFFLE_AUDIT.json
1,3.0,4,1177,4a544831a3c46aadbdddd3d7dc85f6399a717307b496a51d9a9621cc6f691eef,7ed37c3f0db4ae29c65d56826d5bc189bd31e242fab150f658f585a12b16b96b,4bb98da9047666a3e22a6c95308f8c43620acf135641ac404d361e8bb6789360,0ec6a029af327d39b8d8f18fcbcf7a7eea8db4c64069775715e954ea1283d326,be5d56a6ef8eef0ca3b7ce191bbe475ef45dd86b12ebfbe04e59f6bc3ba3b74c,True,True,0,0,True,1573,1573,1.0,1.0,0,0,1.0,same physical context and fit-only log1p(n_cells) decile,True,"Retain legal original recipient content only when no matched fit donor exists; mark unknown, never fabricate",0,"{'path': '/home/yyf/runtime_artifacts/safeconf_research_20261001/publicset_execution_v1/risk_followup_v1/registered_universal_v1/content_null_v1/order4/outer1/inner3/DONOR_MAPPING.csv.gz', 'sha256': '8f59c30b631a7f7491c871078da2ff7c3682203cccaf7b180fb62999a4ee1c93'}","{'path': '/home/yyf/runtime_artifacts/safeconf_research_20261001/publicset_execution_v1/risk_followup_v1/registered_universal_v1/content_null_v1/order4/outer1/inner3/MATCHING_BINS.csv', 'sha256': '6ec2340d8117d93a275a9f2c46928fbde291c2266c2caf3490d31ffd55d9f5e2'}",/home/yyf/runtime_artifacts/safeconf_research_20261001/publicset_execution_v1/risk_followup_v1/registered_universal_v1/content_null_v1/order4/outer1/inner3/SHUFFLE_AUDIT.json
1,,4,1573,bafe5c60b473c033f0b9e0cb57c740e5a5060fc9c87d147eb835e34cd524a10d,4d759d3ff3addee776b5662a803ec343800a963debcb7d6ec868510cd788ca9b,e291dffed4f46a8711d153a0250879ee8938212f8728c1a91282ebf0016f2b90,ad5f26a45672a057d45bf9c7f3a0a387a0537022c0bbc065b745d2226145ca21,6512312d6964d59ceaff5231acfc415cb1eff00e36b672d8b6eacf62aeaeafd7,True,True,0,0,True,1969,1969,1.0,1.0,0,0,1.0,same physical context and fit-only log1p(n_cells) decile,True,"Retain legal original recipient content only when no matched fit donor exists; mark unknown, never fabricate",0,"{'path': '/home/yyf/runtime_artifacts/safeconf_research_20261001/publicset_execution_v1/risk_followup_v1/registered_universal_v1/content_null_v1/order4/outer1/outer/DONOR_MAPPING.csv.gz', 'sha256': '52a5d0d6375caac4f8dc7c4683366ea6222cc38a3ee77e9e04be5c08b8dd7fac'}","{'path': '/home/yyf/runtime_artifacts/safeconf_research_20261001/publicset_execution_v1/risk_followup_v1/registered_universal_v1/content_null_v1/order4/outer1/outer/MATCHING_BINS.csv', 'sha256': '79a14b10a378ec2a9048d4f9681af5bb067b62b7df577f48d47d71854beb2559'}",/home/yyf/runtime_artifacts/safeconf_research_20261001/publicset_execution_v1/risk_followup_v1/registered_universal_v1/content_null_v1/order4/outer1/outer/SHUFFLE_AUDIT.json
2,0.0,4,1164,6c76f01738ba4a4a8d5aceec5f1fc93a1206c5fff2036ff3ac1527e0042e3df3,4c3d6873d54dfc97fe4888a61b5ac0c22b371cba4d9c9052c1ab61d597e45cc2,366a52074f7a53cc91723d9e978c4472a293aaa962e5a8b571769bd16944a23e,c3447ab0493776781afbe0e73e09c92e650bfa9c4e74993a594c241653b41abd,a70293f604707d94cac1ac4df0ba904b255851ba9d5f51f19b3e70ab883922bb,True,True,0,0,True,1576,1576,1.0,1.0,0,0,1.0,same physical context and fit-only log1p(n_cells) decile,True,"Retain legal original recipient content only when no matched fit donor exists; mark unknown, never fabricate",0,"{'path': '/home/yyf/runtime_artifacts/safeconf_research_20261001/publicset_execution_v1/risk_followup_v1/registered_universal_v1/content_null_v1/order4/outer2/inner0/DONOR_MAPPING.csv.gz', 'sha256': '7aa9699db09986beb25337c05c4dca9c4cbc419ceed2a8318189819bb9b22370'}","{'path': '/home/yyf/runtime_artifacts/safeconf_research_20261001/publicset_execution_v1/risk_followup_v1/registered_universal_v1/content_null_v1/order4/outer2/inner0/MATCHING_BINS.csv', 'sha256': 'a017716513c6a66b707b5cb320aa1b62208e436486b8085bea80b3dd65d7047e'}",/home/yyf/runtime_artifacts/safeconf_research_20261001/publicset_execution_v1/risk_followup_v1/registered_universal_v1/content_null_v1/order4/outer2/inner0/SHUFFLE_AUDIT.json
2,1.0,4,1183,a2c4fd519dcad1478573493649d7ff3755c59355a6cdc25fca4f5672ab2799a8,337782e8bd83d6d8383a94e85f2e56cb743cd44079dff4f1d75e211d5c261199,55f9651aef8d9b88a96d95bf59d2fad0049e27b7dfd0243471711d7302a5fb4b,fbbea62b1497ae0305c4192572639a7afce8362d901c18ff51b8e87b4470ddee,babad447f10a924bab98ae083196e27aed6e8996ab2fc9aa9e675a1a939d3543,True,True,0,0,True,1576,1576,1.0,1.0,0,0,1.0,same physical context and fit-only log1p(n_cells) decile,True,"Retain legal original recipient content only when no matched fit donor exists; mark unknown, never fabricate",0,"{'path': '/home/yyf/runtime_artifacts/safeconf_research_20261001/publicset_execution_v1/risk_followup_v1/registered_universal_v1/content_null_v1/order4/outer2/inner1/DONOR_MAPPING.csv.gz', 'sha256': 'c4333d4bec20f89b69be6f8e52045e8f31bf687fe43740b71d4bb9caf08d8981'}","{'path': '/home/yyf/runtime_artifacts/safeconf_research_20261001/publicset_execution_v1/risk_followup_v1/registered_universal_v1/content_null_v1/order4/outer2/inner1/MATCHING_BINS.csv', 'sha256': '0ea4450db5118530de80622d26272b3a86a16a6c6f00e12f6c828c1c9c664104'}",/home/yyf/runtime_artifacts/safeconf_research_20261001/publicset_execution_v1/risk_followup_v1/registered_universal_v1/content_null_v1/order4/outer2/inner1/SHUFFLE_AUDIT.json
2,2.0,4,1184,486e858513fdcac21b4aacd2b485a54e3bf261d83adbb4b061b0c4980e084012,dcf315bacba5a3fa210d5bfb62830a750b07d90988843fea6cc35a3d7524d905,9c040d21361587285c39f67d41fc60ea69830d40b60bcf610657d370c79deb2d,fd5eb01bce3b90ad4d805a16d9b27b287d639af0ed1cdb827ae5d97fa0da4b0e,fe2d7e93962d4c97d9eabd3746fada57ebd4c2bed3407b4bf6a4974627d6c7eb,True,True,0,0,True,1576,1576,1.0,1.0,0,0,1.0,same physical context and fit-only log1p(n_cells) decile,True,"Retain legal original recipient content only when no matched fit donor exists; mark unknown, never fabricate",0,"{'path': '/home/yyf/runtime_artifacts/safeconf_research_20261001/publicset_execution_v1/risk_followup_v1/registered_universal_v1/content_null_v1/order4/outer2/inner2/DONOR_MAPPING.csv.gz', 'sha256': 'aeb090449fc87e60890f64801e4f26830904b38f37ad5f1bf4ec1301228d1b91'}","{'path': '/home/yyf/runtime_artifacts/safeconf_research_20261001/publicset_execution_v1/risk_followup_v1/registered_universal_v1/content_null_v1/order4/outer2/inner2/MATCHING_BINS.csv', 'sha256': '1deeba6733ef2d18fc4d3d78d28599caaf9c79f33a94a8e520b32da6138e2836'}",/home/yyf/runtime_artifacts/safeconf_research_20261001/publicset_execution_v1/risk_followup_v1/registered_universal_v1/content_null_v1/order4/outer2/inner2/SHUFFLE_AUDIT.json
2,3.0,4,1197,8b8e267b61b0223bfdd554b3fb573be304e7e22616e845333ee3004d231fd948,4dc85063bafde2a585467f9ad5f3b4d92d747d84e696deddf3d8346bca9e4563,3bf0bdfdec0e6815247c4a37e7ca9a4cb9f932107a86d9b67350caf8e19df75a,da2da2802d14b71335bd991dc6363b6268d802ffebad1c998927a4064dac2fc7,2d2aad55330c825f30a04a38594b2a02b54ed44dd73ad35b319dc221c71d72fd,True,True,0,0,True,1576,1576,1.0,1.0,0,0,1.0,same physical context and fit-only log1p(n_cells) decile,True,"Retain legal original recipient content only when no matched fit donor exists; mark unknown, never fabricate",0,"{'path': '/home/yyf/runtime_artifacts/safeconf_research_20261001/publicset_execution_v1/risk_followup_v1/registered_universal_v1/content_null_v1/order4/outer2/inner3/DONOR_MAPPING.csv.gz', 'sha256': '845ad2736650ea72fbc0ff5d92199fb278bc4f8ca77eafe5aab91cc7ac67a97a'}","{'path': '/home/yyf/runtime_artifacts/safeconf_research_20261001/publicset_execution_v1/risk_followup_v1/registered_universal_v1/content_null_v1/order4/outer2/inner3/MATCHING_BINS.csv', 'sha256': '6ff556f61a54d119aa5b3283baec84a6eafad7425ec0ca33018df2330d3f4886'}",/home/yyf/runtime_artifacts/safeconf_research_20261001/publicset_execution_v1/risk_followup_v1/registered_universal_v1/content_null_v1/order4/outer2/inner3/SHUFFLE_AUDIT.json
2,,4,1576,bf61c4195c601e4c9524bc4067c0861f34b2f42876a0cc8543250580292f918c,276220e49374c6c647d1d9579bd7a4c4e491d84cd65218dacf1a33bb49641cdc,5d47bfe7b190c5d53044dfec042876d95228f1ab0c8373ef4b7a9b7a7cc28064,06d2bd7f4bd2f261a011cc7de83c96aaf73d2f7cc5815dc31271fa9aecbad716,9917995a2e8b2d3a61848189946d03ab2ed5056418421643d8f7a81a874ae272,True,True,0,0,True,1969,1969,1.0,1.0,0,0,1.0,same physical context and fit-only log1p(n_cells) decile,True,"Retain legal original recipient content only when no matched fit donor exists; mark unknown, never fabricate",0,"{'path': '/home/yyf/runtime_artifacts/safeconf_research_20261001/publicset_execution_v1/risk_followup_v1/registered_universal_v1/content_null_v1/order4/outer2/outer/DONOR_MAPPING.csv.gz', 'sha256': 'd5241a0c3bf5e449357d8481d5cc434c4f75f0114457af7959d9c29093a29ea7'}","{'path': '/home/yyf/runtime_artifacts/safeconf_research_20261001/publicset_execution_v1/risk_followup_v1/registered_universal_v1/content_null_v1/order4/outer2/outer/MATCHING_BINS.csv', 'sha256': 'd9221c1df5020eac03d5f38f628dddb0198c7cd791b9bcc8517fcb5b6c654b19'}",/home/yyf/runtime_artifacts/safeconf_research_20261001/publicset_execution_v1/risk_followup_v1/registered_universal_v1/content_null_v1/order4/outer2/outer/SHUFFLE_AUDIT.json
3,0.0,4,1185,11d66f9f9a3f844d0c8f72a084e33f7ad719b1a7a4fd98f0476953a518389f62,d250539aaf328e87201f690b6865ce0816061a070a8eeaef5176ea4b14086b48,0ae960f9c425b73bde6e83169a009e3a10de6c9cfbb7ae190d09cda6ead7bc75,b949efa2eaa0fcc3c77b30e39b6d21196125094c01515ce7ccd78117e3d82eee,c1cc98e6210e7575076dc59c0c5dc75d0face9c34bbe0d0866aaac63884f6c5b,True,True,0,0,True,1578,1578,1.0,1.0,0,0,1.0,same physical context and fit-only log1p(n_cells) decile,True,"Retain legal original recipient content only when no matched fit donor exists; mark unknown, never fabricate",0,"{'path': '/home/yyf/runtime_artifacts/safeconf_research_20261001/publicset_execution_v1/risk_followup_v1/registered_universal_v1/content_null_v1/order4/outer3/inner0/DONOR_MAPPING.csv.gz', 'sha256': 'a19a904ef59e19c9d66f98b2c4cf56235083845a1b9f1f7c4cc341e93488e512'}","{'path': '/home/yyf/runtime_artifacts/safeconf_research_20261001/publicset_execution_v1/risk_followup_v1/registered_universal_v1/content_null_v1/order4/outer3/inner0/MATCHING_BINS.csv', 'sha256': 'a66095cbb815214874a286201aefb006dcc583c180846c4e587ad1319968cd28'}",/home/yyf/runtime_artifacts/safeconf_research_20261001/publicset_execution_v1/risk_followup_v1/registered_universal_v1/content_null_v1/order4/outer3/inner0/SHUFFLE_AUDIT.json
3,1.0,4,1188,2d901a6771c3c0d3b4d856fb9f0a445325d2729f996f1460f9f25db64a8a561c,fe370ea26536369e44ac3d166d652b198da46d12f52552e54d21307c130a732d,a2b7c5c9857cfa0db1c50d0fdab95d4d192c99ba2969f5defd2a6e2ddb05ed29,62829327989d1782f27259d89dcd37b1abf4eadd620a645d4f5385a237d643e0,0cda708109ea3b02b25d2df412bee9475d79b1867d13ce69b9db5c11c02dfb68,True,True,0,0,True,1578,1578,1.0,1.0,0,0,1.0,same physical context and fit-only log1p(n_cells) decile,True,"Retain legal original recipient content only when no matched fit donor exists; mark unknown, never fabricate",0,"{'path': '/home/yyf/runtime_artifacts/safeconf_research_20261001/publicset_execution_v1/risk_followup_v1/registered_universal_v1/content_null_v1/order4/outer3/inner1/DONOR_MAPPING.csv.gz', 'sha256': '72f5b3641af39b9627939a31c9b12b5210d6f08f6624cb5d0cc397f441a0f189'}","{'path': '/home/yyf/runtime_artifacts/safeconf_research_20261001/publicset_execution_v1/risk_followup_v1/registered_universal_v1/content_null_v1/order4/outer3/inner1/MATCHING_BINS.csv', 'sha256': 'e4545d5f3d2c576e728c3591238aa0d33df2d707cc56878c0a27621e076b78af'}",/home/yyf/runtime_artifacts/safeconf_research_20261001/publicset_execution_v1/risk_followup_v1/registered_universal_v1/content_null_v1/order4/outer3/inner1/SHUFFLE_AUDIT.json
3,2.0,4,1177,411b7f41660c59037eddd7ef8b629fd604384ba5a43ee8cecdb22085e15fa00a,d30081291a45340f975ac4162219ebd8af9f180b30fac59289a0bb371a2ae5f9,840ad13429ae076e23be172b909a368ded2940af399e23da66959a5466005de5,d9fa0b815b5f8eda1395f8d7c829320f25947923cdf3fccc6dcdc7eb3fd55aa8,419e3aa24cc7761cda6492b4c1c371f8554d273433116981c676de513bdee51a,True,True,0,0,True,1578,1578,1.0,1.0,0,0,1.0,same physical context and fit-only log1p(n_cells) decile,True,"Retain legal original recipient content only when no matched fit donor exists; mark unknown, never fabricate",0,"{'path': '/home/yyf/runtime_artifacts/safeconf_research_20261001/publicset_execution_v1/risk_followup_v1/registered_universal_v1/content_null_v1/order4/outer3/inner2/DONOR_MAPPING.csv.gz', 'sha256': 'c7ad0b57f6ca7f8eaca0892bdba40cf4ceb99c1d0d1345e583a8ef4e7b6368aa'}","{'path': '/home/yyf/runtime_artifacts/safeconf_research_20261001/publicset_execution_v1/risk_followup_v1/registered_universal_v1/content_null_v1/order4/outer3/inner2/MATCHING_BINS.csv', 'sha256': '4435a5a7bb4b66a2f031f810203ebd3c79462a619896fbf26c0fe5fa7b592d89'}",/home/yyf/runtime_artifacts/safeconf_research_20261001/publicset_execution_v1/risk_followup_v1/registered_universal_v1/content_null_v1/order4/outer3/inner2/SHUFFLE_AUDIT.json
3,3.0,4,1184,6c87664b0803d0dc4b1d5c900c017b2ba0cc2b2f9a476a51e932b6ecda07db8d,181aa548e961ca2a6ba2d2b42927be08d999294719a953205dea64663e597a97,14f5d185327eb48613e4009a85248d80829c9a983e38eb3fae5a2d0eb07e0c4f,0375325dc5b961b19ee92fa04d7fceb6db0a0665fefb38bcc0fa4d48fda6ddcf,2ff02bbb66a84f599c851a293520f1cfb2b51fc754277703e71e3741836f88eb,True,True,0,0,True,1578,1578,1.0,1.0,0,0,1.0,same physical context and fit-only log1p(n_cells) decile,True,"Retain legal original recipient content only when no matched fit donor exists; mark unknown, never fabricate",0,"{'path': '/home/yyf/runtime_artifacts/safeconf_research_20261001/publicset_execution_v1/risk_followup_v1/registered_universal_v1/content_null_v1/order4/outer3/inner3/DONOR_MAPPING.csv.gz', 'sha256': 'd0a832f3c1961e3a29f84c2cfadb0fabe2aae15a694beb85efd797c3bd4568fe'}","{'path': '/home/yyf/runtime_artifacts/safeconf_research_20261001/publicset_execution_v1/risk_followup_v1/registered_universal_v1/content_null_v1/order4/outer3/inner3/MATCHING_BINS.csv', 'sha256': '5926a352f7aaa3b3c8fcf33d2ae356273ff5743143c2e24e1bf2bb542ebdf960'}",/home/yyf/runtime_artifacts/safeconf_research_20261001/publicset_execution_v1/risk_followup_v1/registered_universal_v1/content_null_v1/order4/outer3/inner3/SHUFFLE_AUDIT.json
3,,4,1578,9e70752b38bb4f6fa334d40e38c672bfc6e84b9a3d63b448a42a81a11d9469c5,5e987de5ee4cd53ddb4d746030ab284749b89b08ad421db0cfa1bcfecbcd5b4d,8c54b8a5eb9d36ef8e3436cb4f98a04fa6e9bbe366c533897c6a211dfde780dd,279bd69d755727ae82cca3c66a61f902d80fc50d48aa46a7a70a0d8689762db5,3d21fa620f6c0895589320874e1743a57a760b30a3bad0af1844e5c90c4a6f1f,True,True,0,0,True,1969,1969,1.0,1.0,0,0,1.0,same physical context and fit-only log1p(n_cells) decile,True,"Retain legal original recipient content only when no matched fit donor exists; mark unknown, never fabricate",0,"{'path': '/home/yyf/runtime_artifacts/safeconf_research_20261001/publicset_execution_v1/risk_followup_v1/registered_universal_v1/content_null_v1/order4/outer3/outer/DONOR_MAPPING.csv.gz', 'sha256': 'b405e8ef34d61892fbae32f96d5e3b5412550841664827a20160db0b922ea7a5'}","{'path': '/home/yyf/runtime_artifacts/safeconf_research_20261001/publicset_execution_v1/risk_followup_v1/registered_universal_v1/content_null_v1/order4/outer3/outer/MATCHING_BINS.csv', 'sha256': '7d4249fa2dcea05ea40fbf5578fdfb7cb79cbb03706085941cae0a61b63658b6'}",/home/yyf/runtime_artifacts/safeconf_research_20261001/publicset_execution_v1/risk_followup_v1/registered_universal_v1/content_null_v1/order4/outer3/outer/SHUFFLE_AUDIT.json
4,0.0,4,1171,d98ba2906054b5480d61fa77744511edd09cca4147af432d5513edf904ae6765,0093b36fe43e0c2c63cdbc22f008ab6795fac4e72424389665c25c06d611f6d2,0c8e5d72876e514d0d34ec8d24d79aa8aaa5431d4a0bc3c14dfa112f61e19b45,c3baa5b5f0576b96362a257c81aea8c94e85d8cb720f10a6f7b39de3ab913f63,7b26b51a7a506634ec2f31084bb1c1899acc508f63817a848dc4dc7e9f679092,True,True,0,0,True,1573,1573,1.0,1.0,0,0,1.0,same physical context and fit-only log1p(n_cells) decile,True,"Retain legal original recipient content only when no matched fit donor exists; mark unknown, never fabricate",0,"{'path': '/home/yyf/runtime_artifacts/safeconf_research_20261001/publicset_execution_v1/risk_followup_v1/registered_universal_v1/content_null_v1/order4/outer4/inner0/DONOR_MAPPING.csv.gz', 'sha256': '9af3d06322700e208c06e3ca2a1b35cd6853e71ae3a43ec11b1627719a432734'}","{'path': '/home/yyf/runtime_artifacts/safeconf_research_20261001/publicset_execution_v1/risk_followup_v1/registered_universal_v1/content_null_v1/order4/outer4/inner0/MATCHING_BINS.csv', 'sha256': 'bc9e82932d616edd124a0d45ed65f17d36b247908e2bd4c366687eba133eba81'}",/home/yyf/runtime_artifacts/safeconf_research_20261001/publicset_execution_v1/risk_followup_v1/registered_universal_v1/content_null_v1/order4/outer4/inner0/SHUFFLE_AUDIT.json
4,1.0,4,1177,ccb1e614287c1fb700326651fc2a16cf3927fe321b18e833b231600f60597315,231e9c173fe60db62e8ebc222d03e14e0806d358e6a7b072d0336f119b8bb8f3,451233433f554af2c966c183dfe9d30b5203535918fcaca42f4810c828b397c8,f4e07877f5f486a8a760bc044bc9241993979f4762d79f25706984cc447e6169,18fccc142fbdd364f2fd1a5ac6b7f449c67205796ef046e760ce38035ce4eecd,True,True,0,0,True,1573,1573,1.0,1.0,0,0,1.0,same physical context and fit-only log1p(n_cells) decile,True,"Retain legal original recipient content only when no matched fit donor exists; mark unknown, never fabricate",0,"{'path': '/home/yyf/runtime_artifacts/safeconf_research_20261001/publicset_execution_v1/risk_followup_v1/registered_universal_v1/content_null_v1/order4/outer4/inner1/DONOR_MAPPING.csv.gz', 'sha256': '18743087abab877e75286773e122a7aee7a58a7079c2a68c62bdc491e484ef15'}","{'path': '/home/yyf/runtime_artifacts/safeconf_research_20261001/publicset_execution_v1/risk_followup_v1/registered_universal_v1/content_null_v1/order4/outer4/inner1/MATCHING_BINS.csv', 'sha256': 'fdbf76d9597d152455f314a44cc9f3204e9b860ddad21d76b77beb3ce5cd5c38'}",/home/yyf/runtime_artifacts/safeconf_research_20261001/publicset_execution_v1/risk_followup_v1/registered_universal_v1/content_null_v1/order4/outer4/inner1/SHUFFLE_AUDIT.json
4,2.0,4,1185,1d36871247adee319727e6e652853f61583eaa8e5e9bd6167b428c80c013bc20,487ff99206c241a64c29749715d12012d2c63305bbaa96fa165f0429dbd316cb,a239ffe397c6c963283e6a2b046dfbcc555e3d2b68d0add10eb470d74665eb1b,cdeb00691ec9f0952fd58530966271764912e86fb7d4ec00a8a70af2f93f1948,813214f4f6565b390da739a363509e3ad8a2a0d00921d1eda6027079973209dd,True,True,0,0,True,1573,1573,1.0,1.0,0,0,1.0,same physical context and fit-only log1p(n_cells) decile,True,"Retain legal original recipient content only when no matched fit donor exists; mark unknown, never fabricate",0,"{'path': '/home/yyf/runtime_artifacts/safeconf_research_20261001/publicset_execution_v1/risk_followup_v1/registered_universal_v1/content_null_v1/order4/outer4/inner2/DONOR_MAPPING.csv.gz', 'sha256': 'be300aca133af9c0f086c492502aa8cff7bacd238c3abcafd2464d703e6ef99a'}","{'path': '/home/yyf/runtime_artifacts/safeconf_research_20261001/publicset_execution_v1/risk_followup_v1/registered_universal_v1/content_null_v1/order4/outer4/inner2/MATCHING_BINS.csv', 'sha256': '4ac36e7bd19abda3e7d8b9c5a490f1598e7c7162caefa0d7e474713c5b4e2d1e'}",/home/yyf/runtime_artifacts/safeconf_research_20261001/publicset_execution_v1/risk_followup_v1/registered_universal_v1/content_null_v1/order4/outer4/inner2/SHUFFLE_AUDIT.json
4,3.0,4,1186,ff9c5ef375b3e61f4509adc2561921bdfce7d5756b0450b5eb1a29f46f34c6ca,0d8eabfcd6a593823c188b58135dfcdfd0643694ba912612739745c9547374bf,4e8ac2ba1946096747128ab57aec324721121b3409934ab6f6bb1290c7f66a3d,868f39846719e51370b3e2840b2695647841a21c505a57dec4e86dee7947e3ac,7751c37ccf3a2e4e6a423ccf08b88b68b36e94b20086a783e788011c9cfebfec,True,True,0,0,True,1573,1573,1.0,1.0,0,0,1.0,same physical context and fit-only log1p(n_cells) decile,True,"Retain legal original recipient content only when no matched fit donor exists; mark unknown, never fabricate",0,"{'path': '/home/yyf/runtime_artifacts/safeconf_research_20261001/publicset_execution_v1/risk_followup_v1/registered_universal_v1/content_null_v1/order4/outer4/inner3/DONOR_MAPPING.csv.gz', 'sha256': '112b76f8b2f9c7e73f81ffffb8799db9551916aa23417e887579ef1524338f5a'}","{'path': '/home/yyf/runtime_artifacts/safeconf_research_20261001/publicset_execution_v1/risk_followup_v1/registered_universal_v1/content_null_v1/order4/outer4/inner3/MATCHING_BINS.csv', 'sha256': '080027ed1af2cb17281e41f23dbce82e98637d1f8e919057807ebbda27272405'}",/home/yyf/runtime_artifacts/safeconf_research_20261001/publicset_execution_v1/risk_followup_v1/registered_universal_v1/content_null_v1/order4/outer4/inner3/SHUFFLE_AUDIT.json
4,,4,1573,af057246947e187310d9e13c1ef3d8827c2814686f07bfa31f07153dc7e9086c,47bd8fc359dd059bf521fc1c8dab174667da027b011e4a09f5803c8410099655,e6ebc0607bbc07dc9a8536068e5db9f7a08baf0e76569a4753deb51ac076733e,4e67c76771b3ed736cc137ba6174d21ecbd7280d1a4683b383fb96cff796d2ba,7a43c20d15a92f21866c0d64f5bb98cf923346d8c3ba03187b2f53c8cca9a59e,True,True,0,0,True,1969,1969,1.0,1.0,0,0,1.0,same physical context and fit-only log1p(n_cells) decile,True,"Retain legal original recipient content only when no matched fit donor exists; mark unknown, never fabricate",0,"{'path': '/home/yyf/runtime_artifacts/safeconf_research_20261001/publicset_execution_v1/risk_followup_v1/registered_universal_v1/content_null_v1/order4/outer4/outer/DONOR_MAPPING.csv.gz', 'sha256': 'f51145a13ac02d8b289cb51deebd21cbc980d22db0432fdd660998a001d7cd6a'}","{'path': '/home/yyf/runtime_artifacts/safeconf_research_20261001/publicset_execution_v1/risk_followup_v1/registered_universal_v1/content_null_v1/order4/outer4/outer/MATCHING_BINS.csv', 'sha256': '61e1d37b013fabe839b5c43abd323e06886b860f374d8319c2d1431323f30daa'}",/home/yyf/runtime_artifacts/safeconf_research_20261001/publicset_execution_v1/risk_followup_v1/registered_universal_v1/content_null_v1/order4/outer4/outer/SHUFFLE_AUDIT.json
