draw,attempt,delta_macro_spearman,delta_utility_20
0,0,-0.007930743489199726,-1.0749616961223696
1,1,0.012122451898461964,-1.1079572929375905
2,2,0.005592560651929507,-0.9208824485646139
3,3,0.02498885442716413,-1.146576322896293
4,4,-0.0033425138377847913,-0.7531485121759665
5,5,0.00286669936566325,-0.8746104188364857
6,6,0.007659173474483687,-1.0285624311934016
7,7,0.038755345352217474,-1.1033477848639757
8,8,-0.007472309662743669,-1.0043968947580737
9,9,0.014123797138273546,-0.8886215730090412
10,10,-0.006070027166667109,-1.0416206135707111
11,11,-0.026927732384216203,-1.117556735662828
12,12,-0.04712245306465404,-1.1572798610947057
13,13,0.0005283681181258437,-0.9176968039684492
14,14,0.002796714943316396,-0.9993391126984451
15,15,0.0398832903347867,-1.002098834095077
16,16,-0.023591933273957616,-1.2223689461778644
17,17,0.02541910549178098,-1.1125670524503197
18,18,0.027739292395555074,-1.1253799030345433
19,19,0.009523817304939383,-0.8151605203558661
20,20,0.0032078681059223863,-1.112588908610905
21,21,-0.011141114872457857,-0.8979051725863686
22,22,0.007751700842404688,-1.2465387415770601
23,23,0.0044351086039477045,-1.0709612489669866
24,24,-0.01355575355441356,-1.0924707427653235
25,25,-0.010319709355009879,-0.9818942627660302
26,26,-0.00462457536666433,-0.9573279708719176
27,27,0.02182338763490361,-1.084266422376539
28,28,0.0047524088405917,-0.9552083254821516
29,29,-0.006259522395003617,-1.0133800706434701
30,30,0.019400963754742234,-0.9972111901899486
31,31,-0.008729027161759948,-0.8270998767381259
32,32,-0.0027057028433652847,-1.1359755874960338
33,33,-0.009343616948649871,-0.9805133427710423
34,34,0.0041050798102070934,-1.0356037840195274
35,35,-0.020987937718062847,-0.837699209615685
36,36,-0.009459465662017916,-0.9169396539101444
37,37,7.578715044612161e-05,-1.05580928012668
38,38,-0.020504199953211063,-1.077336481241586
39,39,0.015833535554741526,-0.886132527667096
40,40,0.0113244857409501,-1.064350125373691
41,41,0.02093682901124681,-1.046363510534718
42,42,-0.03028602026537624,-1.075065034077795
43,43,-0.023375773217980938,-0.9259116341206048
44,44,-0.038628710014291676,-1.1901456091450278
45,45,-0.0019747273374091587,-0.8186552316073574
46,46,0.012397361767713024,-1.0600322621748475
47,47,0.0028538087423831565,-0.821135858741372
48,48,-0.00288439692108184,-0.9898587856501552
49,49,0.0060413366713041455,-1.1267852286086728
50,50,0.04188250818719984,-0.8778838892072283
51,51,-0.01880719067319933,-0.8329459105753861
52,52,-0.01062335800582042,-0.9112180541601652
53,53,0.0061133928765103734,-0.8938060983518178
54,54,0.03390810414825429,-0.90010525881444
55,55,0.004427742324478845,-1.1065718062849323
56,56,0.017938060452319004,-1.127119611166418
57,57,-0.024209161618690467,-0.783936174276397
58,58,0.0033884505893380518,-1.077752982977531
59,59,-0.0037964208674236277,-1.2459508816065212
60,60,0.02277354067194899,-1.1390442808436545
61,61,0.025624360192181186,-1.0405933715170201
62,62,0.020303658942641068,-0.935825310537397
63,63,-0.014785215181921968,-0.7563378957571504
64,64,-0.003346643025244917,-1.1518497570580337
65,65,-0.011463373633700279,-0.8267254439382621
66,66,-0.02321041228314466,-0.9859554588148538
67,67,-0.021670407054949346,-1.1134956136088312
68,68,-0.011754927459676462,-0.9733244590795465
69,69,0.012178391638457117,-1.0271071517832684
70,70,0.020531314574669834,-0.9379168848135814
71,71,-0.006536820648981631,-1.0297045505140683
72,72,-0.02290273308190871,-1.1383738148330644
73,73,0.0023229884613280294,-0.8636155136078848
74,74,-0.03414145531895048,-1.0781006142317733
75,75,-0.002110511029253935,-1.0608586228648615
76,76,0.03336697650245292,-1.09222702324067
77,77,0.012750457686263754,-1.168387592962551
78,78,0.004048282910643795,-1.0465036106918233
79,79,-0.010314230933801218,-0.9338336584257737
80,80,-0.0224041181032449,-1.1081249431623224
81,81,-0.0179678643358564,-1.0937371876498743
82,82,-0.010746953277374877,-0.9227959603971817
83,83,-0.0031850565774421517,-1.070832846796674
84,84,-0.07344383307628646,-0.7833679377738922
85,85,-0.04313964172280689,-0.7676198962866927
86,86,-0.0320008113638534,-0.9831649891457098
87,87,-0.008476041618852674,-1.0373590727781243
88,88,-0.06828499964903566,-0.8985126238590124
89,89,0.0011314149797320306,-1.062887556977355
90,90,0.007057663534787994,-0.9858732072451751
91,91,-0.013892764325839246,-0.9258036175758358
92,92,-0.012657210963338633,-0.9576609048922979
93,93,0.005787044841472518,-1.143366671820492
94,94,0.022278692028321972,-1.0606344376661911
95,95,-0.00720345747453237,-0.8541566779375612
96,96,-0.01804264745938414,-0.9908659820391111
97,97,0.02202684741689867,-0.8284928425087682
98,98,0.016607597206566065,-1.1220436272645387
99,99,-0.0014114282617124357,-1.1560491984892025
100,100,0.01155030123866271,-1.0084598065715313
101,101,-0.018006546277920598,-0.9595257182542525
102,102,-0.0002020106528485971,-1.0482771970744518
103,103,0.027415114452268467,-0.8357200825337712
104,104,-0.002102473970960264,-0.9004383404983363
105,105,0.013861625722236794,-0.7963654264674598
106,106,0.005851400616893973,-1.0817027669678796
107,107,0.019126766170053558,-1.1590949507039847
108,108,0.020373489310798597,-0.9600301650909214
109,109,-0.04448747028823087,-0.9147069853443237
110,110,0.009299814517916068,-0.8816546092380275
111,111,-0.0062550298311246436,-1.2713743750908009
112,112,-0.02291315643122696,-1.0164722276892564
113,113,0.04001080965896652,-0.8195574214950705
114,114,-0.011258286928693906,-0.9707445782109184
115,115,0.010379587382532265,-1.0481364434592801
116,116,0.03298960616569746,-1.0255023564407038
117,117,-0.020190659283497475,-0.9203933324577365
118,118,-0.027086571520808927,-0.8427787034209498
119,119,0.007033637580207253,-1.0587852035560332
120,120,-0.047496777683725205,-0.8928077279381049
121,121,-0.02401980622209133,-0.9163407530508509
122,122,0.020134204520622215,-1.1036927953748779
123,123,0.009241124979551804,-1.128173282165355
124,124,-0.002180154737190642,-1.0360719348089855
125,125,-0.019217217664050962,-1.0187295030142982
126,126,0.010153437920946327,-1.0427856683383827
127,127,-0.0007570830490018499,-0.9734149365371968
128,128,-0.023809510989072857,-0.8945117402208346
129,129,-0.04413063254658217,-1.2031302974846965
130,130,-0.005179355141809713,-0.8435695355091019
131,131,0.0009478730697026344,-1.1406256708734863
132,132,-0.025106576784309408,-0.6605188508478822
133,133,0.02995209104858787,-0.9902551130935938
134,134,0.026210727952584438,-0.6210272786224748
135,135,-0.046852475508439725,-0.8669221602604398
136,136,-0.04842948253213945,-1.0171248425662545
137,137,-0.01875461069081397,-0.6996778409433065
138,138,-0.003962663537369071,-1.0374748586012494
139,139,-0.00867516493884796,-1.0373384156898153
140,140,0.03509552965053121,-1.094170725100796
141,141,0.018263595789177856,-1.038670517304113
142,142,0.025992708586223476,-1.1282553749644322
143,143,0.011976264274977354,-0.9209249420458088
144,144,-0.03752728137939666,-1.1921471715914476
145,145,-5.083789383264481e-05,-0.9959103248218065
146,146,-0.004558043003413673,-0.9497453214090439
147,147,0.011032054542524962,-1.171934727439952
148,148,0.007564006013262528,-0.7987746048765069
149,149,0.008427388047291165,-0.9641914597271164
150,150,-0.007315712523127016,-1.0698509875576392
151,151,0.009903000826102293,-0.8178386057765911
152,152,0.006709606294371104,-1.0055726495182509
153,153,0.03504052124027101,-1.0818965147738053
154,154,0.018429631488157648,-1.0027640172146666
155,155,0.021910435400461066,-1.0226701073879882
156,156,0.010875553842181071,-0.8642546883080537
157,157,0.020572631926357908,-1.0191524399783747
158,158,-0.03421277688642325,-0.8667915780795756
159,159,0.008627619097953343,-1.051674980127523
160,160,0.0066694543597901074,-0.8862911794592858
161,161,0.010567639471242736,-1.0784407044660946
162,162,0.01650042742836797,-1.2415370158462025
163,163,0.027919845694863228,-0.7990800672634099
164,164,0.02278156585645041,-0.9518301500754307
165,165,0.05851771554909343,-0.8866538174416291
166,166,-0.0009129705658537657,-0.8923411438997214
167,167,-0.02423262112371822,-1.089154142540298
168,168,0.004671416719652904,-1.0226915534677588
169,169,-0.012441471043693267,-1.037600945244939
170,170,-0.02026654672059139,-0.8910653318164784
171,171,0.03646375691309374,-1.0421355524908504
172,172,0.007922324983357043,-0.9705719859382456
173,173,0.011000626964969347,-0.7401402343801395
174,174,0.00369539586164366,-1.09236214318817
175,175,0.008215043099918908,-0.9258319014724068
176,176,0.011307952702701678,-0.9819418540407092
177,177,-0.001278276919277196,-0.9498004051101118
178,178,-0.008946663247554665,-1.0257357489531707
179,179,-0.00029824991231407194,-0.9717312420495648
180,180,-0.006056029117478975,-0.7625155925317133
181,181,-0.011218571150538238,-1.0851156187429556
182,182,-0.0070129211215082116,-0.9687215377171406
183,183,0.03307429343729564,-0.9256241354163408
184,184,0.0240021750772159,-1.0960938051040217
185,185,-0.008791640377757173,-0.9684918436610443
186,186,-0.006908992380937673,-1.0394982238405372
187,187,0.024410074492462103,-0.8631036419833178
188,188,-0.02493464101251476,-1.197014194789405
189,189,0.0338407594724202,-0.8970999516333895
190,190,-0.013914846820857404,-0.8185835423359207
191,191,0.0017728802510537517,-0.9908669986202204
192,192,0.014690065033924796,-1.1091774952295976
193,193,-0.009735579071188237,-1.0710982586561506
194,194,0.005941926501461109,-1.0077114753267025
195,195,-0.027904380221528743,-1.177037617677905
196,196,0.007228260884317401,-1.0838708920655808
197,197,0.013002051480977881,-0.8543184849680748
198,198,-0.018911835781716263,-0.8813892358840912
199,199,0.023373149658629765,-0.9887953928204706
200,200,-0.029654257812827656,-1.1586865169941245
201,201,0.026887510524426242,-0.9309170614920063
202,202,0.03774960025915529,-1.018195438970108
203,203,-0.009252746672371255,-0.9007201132856373
204,204,0.018054825926515333,-1.2039700579503334
205,205,0.010611827234613444,-0.7975889679397647
206,206,0.006417699029962615,-1.1437728632199444
207,207,-0.0040200134616032515,-0.9363343889623911
208,208,0.021861875346464665,-0.9760873706004741
209,209,-0.0010799469012601898,-1.0826337862257092
210,210,0.009905568736219728,-0.7692572967612111
211,211,0.0013650807843947187,-0.9277534716834733
212,212,0.03820252057389918,-0.876072268561247
213,213,-0.008555866365890893,-0.9276513988395941
214,214,-0.047173712624151966,-0.8231597254974884
215,215,0.007593551018181641,-1.0900107177060023
216,216,-0.014875500361874718,-0.8395323420325479
217,217,-0.002994178424611518,-1.0188754094181738
218,218,-0.0029562599767787587,-0.8565781357686972
219,219,-0.015014173083203089,-0.8162886446699054
220,220,-0.028176743378793,-1.0418849372658296
221,221,0.01293541830038501,-0.8103550866182795
222,222,7.123458389773907e-05,-1.108588297412898
223,223,0.00697256050359071,-0.7998554215351527
224,224,0.0025095176344746423,-0.807471281952048
225,225,0.01194553928081682,-1.002248735104418
226,226,-0.017269259501764805,-1.0552562551533236
227,227,0.02186530491263796,-0.9646188318327222
228,228,0.024224394683378482,-1.0310680150880127
229,229,-0.02063891463262666,-0.8047652832467653
230,230,-0.004313423389208926,-1.0217252167073947
231,231,0.023097071470303453,-1.1426936646066144
232,232,0.005858661429920989,-1.2888870555518386
233,233,0.0014194662865793795,-1.071955044641497
234,234,-0.0029671831388241865,-0.8969990235065985
235,235,0.0240530478496159,-0.8323348194344524
236,236,0.024640368452314116,-1.1370516300644746
237,237,0.005450891380744172,-0.7644051040627707
238,238,-0.0020799243216743646,-0.8247498405211278
239,239,0.006311036097562568,-1.1386657645593
240,240,0.038393684423288665,-1.0656714951264843
241,241,0.00017441981175705945,-1.078342673850863
242,242,0.008439536464530318,-0.9791238637339476
243,243,0.00594085638369353,-0.852034357437246
244,244,0.0019355699273250968,-0.9786047966606054
245,245,0.02190027008928342,-1.130788960163299
246,246,0.005217802255965298,-0.9146900830021203
247,247,-0.004064715759803383,-1.0001196219184476
248,248,-0.0024258556609733604,-0.8267714564749704
249,249,0.026816874116396446,-0.9782869568661049
250,250,0.02406780997892033,-1.1213510311761323
251,251,0.04374771842167042,-0.888031529248732
252,252,-0.04553390121988623,-0.909909077169989
253,253,0.03747877529247441,-0.9763783718193605
254,254,0.02484652144627355,-0.9804017091051626
255,255,0.0441858570799401,-1.0162548277957149
256,256,0.052500330501391634,-0.9534884129663224
257,257,0.0013164745308691405,-0.8356245929949337
258,258,0.02164470411004421,-0.9629041001111897
259,259,-0.0035144977741450867,-1.0079754985671001
260,260,-0.04800487380495906,-0.8992462695180247
261,261,-0.06006432855526721,-0.9710094119235239
262,262,-0.0005676300774659915,-0.9361780151639405
263,263,0.008948579001373497,-0.885571196978809
264,264,-0.001032475773191311,-0.8299671064096371
265,265,-0.02141417255715914,-0.9888245110421
266,266,0.024132499565212316,-0.9022151685455003
267,267,0.00888507870228572,-0.8215421884227857
268,268,0.04361697748178432,-0.9015868121533008
269,269,0.001790284792798818,-1.1936030754308102
270,270,-0.026238919274751332,-0.8291248430387098
271,271,-0.008330723790597627,-1.086149703857858
272,272,0.018071534412529164,-0.9228500809148251
273,273,-0.015893149144890588,-0.8098634776804496
274,274,-0.02897799392881308,-1.1492025391802176
275,275,-0.017251323833285967,-0.9878473591063133
276,276,-0.01786914660711865,-0.9828968291768858
277,277,-0.014737710540333071,-0.9438118668211607
278,278,-0.004516414968733465,-1.3497927051549077
279,279,0.004471160827811599,-1.085198078782382
280,280,-0.03338716900117838,-0.9225187002869559
281,281,0.019279280069501924,-0.9793462022711156
282,282,-0.008339184774184133,-0.9756453585962184
283,283,-0.0025703532442960227,-1.1672031302846415
284,284,-0.004146995889794896,-0.8639547948088745
285,285,-0.019907355746022613,-0.9567615121607397
286,286,-0.021414965458250904,-0.9240515885646787
287,287,-0.016956579873207193,-0.9570587550280345
288,288,0.006718195607945818,-1.3049757864617306
289,289,0.008252436063306098,-0.9237470146299199
290,290,0.006418747149482783,-1.1137727276647003
291,291,0.011980554171721364,-0.7512219509568091
292,292,0.04226349927910732,-0.8989014256253249
293,293,-0.01881712326395938,-1.0102600374567765
294,294,0.014331521289701324,-0.9270462457054217
295,295,-0.019139551311718545,-0.9435840106906197
296,296,0.01939275303068208,-0.9299714322633555
297,297,-0.008967530703879817,-0.9734500495258666
298,298,0.040489611415612886,-1.0643266192918994
299,299,0.037339125293518904,-0.932635529230459
300,300,-0.00980535581198351,-1.2380063207342478
301,301,0.011223238927490345,-1.0649469584931068
302,302,-0.024105812317604836,-1.114374057278586
303,303,-0.016202265075592116,-0.9158713040530385
304,304,-0.06402311944669767,-0.9416291527729268
305,305,-0.018375943018666446,-1.0118263573387871
306,306,0.010169159004374956,-1.1170724052649923
307,307,-0.0045223410305106,-1.0489167633453804
308,308,0.003619858192695098,-0.9300932456839984
309,309,-0.014279416152658417,-0.7495333189238144
310,310,-0.025682395449396454,-0.8927009474963172
311,311,-0.028724273083373567,-0.7715956527052499
312,312,-0.032512312627691387,-0.9234789063055399
313,313,0.013435258681075715,-0.9191275836501313
314,314,0.022864109312494506,-1.1946852610885825
315,315,0.007285331118747157,-1.1371363958891
316,316,-0.021374916564566734,-0.9175827036083628
317,317,-0.00798324554174188,-0.9800115770205919
318,318,-0.008079458337537794,-1.1763404481835933
319,319,0.046223988537187524,-1.0916379761127462
320,320,-0.009627133594145708,-0.8688921497213528
321,321,-0.01751505174833676,-0.8759589293438638
322,322,-0.057287906137994386,-0.9662550196897554
323,323,0.02718205032908724,-1.0995916160743704
324,324,-0.04518122459910715,-0.95688369489937
325,325,0.0014168848473508893,-0.9250846122862528
326,326,-0.030498191189377022,-0.8905410374454061
327,327,0.015685451750577818,-1.0698291276437832
328,328,0.0017628031414507125,-0.8758610673233019
329,329,-0.008596979683047817,-1.0818314523810064
330,330,-0.03327049026306844,-0.9479891584130944
331,331,-0.044818136389973715,-0.7492916198123196
332,332,-0.001325349625067515,-1.0000147681198828
333,333,-0.008438214001691719,-0.8579458927739707
334,334,-0.04743596682509928,-0.6482602676003695
335,335,0.012021836895353327,-0.8766402226310819
336,336,0.016168005700009806,-0.8528552072847794
337,337,0.005469835226103517,-0.8408872007932524
338,338,-0.015101122573137657,-0.9557029880462959
339,339,-0.051811279418088725,-0.8760003097700783
340,340,-0.03284815190371905,-0.6912492330591528
341,341,-0.018256356295070553,-1.0080254576370244
342,342,0.009826587303939094,-1.1491298494703646
343,343,0.035661929434876574,-0.8334325787364998
344,344,-0.018132127183118935,-1.1969158491803285
345,345,-2.1778683367487672e-05,-0.9608097768774587
346,346,-0.010615438016794973,-1.0967471945116816
347,347,-0.005705909912470969,-0.9171435127473365
348,348,-0.006943012467702644,-1.0481071241491604
349,349,0.022140921206322328,-1.0915801647838557
350,350,0.022467028443074973,-0.9196956099026966
351,351,-0.03386939987899774,-0.8821267574440812
352,352,-0.0025931935222644475,-1.0210191798776593
353,353,0.0027055705248338405,-0.8685287056806172
354,354,0.009777565322316759,-0.9872578032021166
355,355,-0.027596751237776468,-1.1879969255578406
356,356,0.01248887104755761,-1.1732734268933211
357,357,0.005948487865206006,-1.092324473274235
358,358,-0.025827040487052394,-1.1304841947183417
359,359,0.013926388698092571,-1.1010353450026313
360,360,-0.01136077517916722,-0.9159509449567054
361,361,-0.015356660104695493,-1.0504269581056653
362,362,-0.046509883626930745,-1.032406261191267
363,363,0.058667778854846794,-1.1052179069732162
364,364,0.006449681582572159,-0.8968236691633369
365,365,-0.007385822185928911,-0.869754653710806
366,366,0.002661424991213573,-1.1317499637245698
367,367,-0.019901724413443317,-0.8326823754415199
368,368,-0.016604723152691223,-0.8795290441694917
369,369,0.00684561952064656,-1.2322229270357732
370,370,0.005143705129011184,-1.1423632670528243
371,371,-0.05489215965215402,-1.0024176563964955
372,372,-0.0010179674296778018,-0.8242058227151547
373,373,0.023504285547841376,-0.717579076691629
374,374,-0.053397502353419335,-0.9242690469640812
375,375,-0.03838539001571033,-1.030257170321687
376,376,-0.00028874701438963424,-0.8417453337297627
377,377,0.043420135235302595,-0.812600430315719
378,378,0.09034920941808176,-1.0977161947676064
379,379,0.003473512834494423,-0.9410355384436659
380,380,-0.00526685349928252,-1.08475501849381
381,381,0.04416060896952005,-0.9929153916222434
382,382,0.012311710395578643,-1.047243058108909
383,383,-0.0070860789162536745,-0.7724375745329887
384,384,-0.05218796061042101,-0.8388000531414126
385,385,-0.03430150959605477,-0.9186856919202022
386,386,0.0034270401267202655,-1.0110101021963365
387,387,0.007238232050296397,-1.0080979440931874
388,388,-0.007613530421251763,-0.949687306518227
389,389,-0.026185840084785472,-0.9771129662871882
390,390,0.033448687531408366,-1.1001260997329734
391,391,-0.04978742237784764,-1.0136443378087865
392,392,0.012757944609067498,-1.1263345901852535
393,393,0.04267109676621579,-1.2052511833357302
394,394,0.05788389538563547,-1.0300879212256795
395,395,-0.013388760938890513,-0.8367678675996492
396,396,-0.04623573125641405,-0.9215417282863504
397,397,-0.0025763538449604384,-1.0514727619567927
398,398,-0.002889334466904453,-1.0000279153500922
399,399,0.0016775144579565622,-1.1791430213613892
400,400,-0.00031082891326658646,-0.9256561339431256
401,401,0.036286144124366454,-0.8803735680137378
402,402,-0.0009486522721019602,-1.082428714770374
403,403,0.021198990560782408,-1.0672579563045135
404,404,-0.03345225163356908,-0.8312498628797753
405,405,-0.025184471948547775,-1.23701587177524
406,406,-0.028685291815551284,-1.1241352719080666
407,407,0.025676225380808184,-1.0313148350802894
408,408,0.028862119041467044,-0.9631694362245901
409,409,-0.00843173969251032,-0.8261019069930673
410,410,0.011353844850508277,-0.8270946628443263
411,411,-0.026439896389846507,-1.0102761459300964
412,412,0.034398990291751974,-0.9142784221902905
413,413,0.01672236860708732,-0.8546542142720788
414,414,0.030287163876793838,-1.0164979723027379
415,415,-0.02424444988714811,-1.16492949419401
416,416,0.007061799622881559,-0.9328185599075532
417,417,0.0401639792758262,-1.2131839611145916
418,418,0.034879618827987235,-1.1241180850807875
419,419,-0.0237714572404492,-1.0618244047326801
420,420,0.01814642964109789,-0.8289941824374382
421,421,-0.03955926970749172,-0.9090199729853514
422,422,0.027826080405198267,-0.8273651186410081
423,423,0.0389409980583492,-0.7733044528128122
424,424,0.03049818675778059,-0.8771614541623681
425,425,-0.02329506554701436,-1.0928082434480706
426,426,0.06396946329831517,-1.1291821566796683
427,427,0.003657838538244945,-1.1578563004264182
428,428,-0.008779333851240384,-0.8779756538082664
429,429,-0.0007148773725197816,-0.8980280171530658
430,430,-0.021603109748319305,-0.7893887175593304
431,431,-0.05031069785413662,-0.9007494094096405
432,432,0.007921125739780108,-0.8523998240620355
433,433,0.03395155087639353,-1.2178434356470276
434,434,0.003644381126562145,-0.9520008073385837
435,435,0.01672439589330065,-0.9922719549290313
436,436,0.007067562783155113,-0.9664356059862718
437,437,0.012327891876032584,-1.4320741066324685
438,438,0.015104377103734495,-1.1741187246153832
439,439,0.07682967140634873,-0.9577837447004282
440,440,0.051110838092249714,-0.9879468646903137
441,441,-0.013674683038136348,-0.9255254723851168
442,442,-0.02160081014740367,-0.8763574646436417
443,443,0.009770599807442534,-1.216352906379529
444,444,0.021788209576232058,-0.9889181705321697
445,445,-0.0038940201903983618,-1.0017031502009177
446,446,0.0332237186142023,-1.1630197419022223
447,447,0.011289585607069826,-1.036372449196239
448,448,-0.01644437863548804,-1.0573496177090265
449,449,-0.008478607449179137,-0.773668286325868
450,450,-0.0004699403069086949,-1.109101586338595
451,451,0.008489560896055567,-1.1818070104073701
452,452,-0.009789655152473486,-0.7734745375732497
453,453,0.02439143502633208,-1.1300893379467587
454,454,0.0011736700480993074,-1.1100991698129032
455,455,-0.05619794734256764,-0.856664632873354
456,456,0.04141773395076122,-0.9809340906487248
457,457,0.007067869555068967,-0.8859614316686549
458,458,0.0038388260165474683,-1.0106362817762278
459,459,0.0034063789650900875,-1.1597591105844651
460,460,0.016957965812861617,-0.9180839984373361
461,461,-0.019986633045858515,-0.8822172804515428
462,462,-0.020967425330108792,-0.9402043088013269
463,463,0.016543026910209577,-0.9633536423479706
464,464,-0.009360802296778901,-0.8413916222045403
465,465,0.03418434067749468,-0.9638843522917617
466,466,-0.002577406485245742,-1.0048817222532842
467,467,0.0005752864476522013,-1.0978916599553652
468,468,0.08083795667347396,-1.373724963740783
469,469,0.011700538885119141,-0.9088289885607909
470,470,-0.050921915468186515,-0.7661761825843819
471,471,0.022548196327815996,-0.9956285495862631
472,472,-0.01740555350386532,-1.0813974831386077
473,473,-0.01027458507454355,-0.9157184662332426
474,474,-0.012551097856234969,-0.8030470781096503
475,475,0.050442615336371774,-1.1025058055004944
476,476,0.0036117204828859176,-0.9254657678431143
477,477,0.021803095298401694,-0.9220883077478533
478,478,0.003967080932636516,-0.9002958925064639
479,479,-0.0014807293194611555,-1.0589943477367278
480,480,-0.012426950479734453,-1.0210993704288227
481,481,-0.047731165532829606,-0.8775119479265334
482,482,-0.015790632017398776,-0.9754187041437646
483,483,-0.0112518310702421,-0.8767881968733029
484,484,-0.01280164363834678,-1.0228517465174143
485,485,-0.017809103403544052,-0.9967417933392936
486,486,-0.018174375593677045,-1.080500833161007
487,487,0.015969734535262833,-1.0320912766806964
488,488,-0.001061392732391031,-0.8373274070120599
489,489,-0.00762400437729259,-0.9275876246653643
490,490,-0.026610629701199758,-1.0113312554264278
491,491,-0.03912152195608527,-1.0449025509245022
492,492,0.019888072126938716,-0.8918393160497509
493,493,0.04325458936526863,-0.8812680442707627
494,494,-0.023455317324017816,-1.0069679086196783
495,495,-0.006245859315371312,-1.2265265751109378
496,496,0.010389955405016782,-1.002643478736848
497,497,0.010038872931148612,-0.8106630315055932
498,498,-0.013101635752690244,-0.9856754666719868
499,499,0.028075896793994182,-0.9945082472488751
500,500,-0.023015076250403742,-0.9873716279765002
501,501,0.013988713024048319,-1.0379127511898474
502,502,0.03162800227575327,-0.7767655963361324
503,503,-0.012885601036560973,-0.9142260143326919
504,504,0.014207836011239094,-0.96338935618252
505,505,-0.01504718229139516,-1.1463705843310572
506,506,-0.0025315711164659582,-0.942402930476439
507,507,0.0017603069532503568,-0.9602539824894991
508,508,0.04486546097286671,-1.02078930485844
509,509,-0.045281340852450946,-0.8928692923778553
510,510,-0.03949478018348904,-0.83036492659833
511,511,-0.00436698038356792,-0.9358151789745918
512,512,0.020726836320347317,-1.25010153521494
513,513,-0.015915816426448445,-0.9082090923707372
514,514,-0.008084121666049708,-0.9144666812617187
515,515,-0.006047961533564475,-1.0133378883023427
516,516,-0.02772091522079556,-0.748003834714095
517,517,0.007892637761949872,-1.1487781983199092
518,518,0.0077992746310667545,-1.0541226876182463
519,519,-0.03735072441540487,-0.8713223431976672
520,520,0.002767736110318178,-0.9710812366034104
521,521,0.018540220379228478,-1.0557933595821787
522,522,-0.03220961033468706,-1.027390318202265
523,523,0.027256791324636463,-1.1232193357233615
524,524,0.013277423343637025,-1.0378913595574317
525,525,0.015052516639682184,-1.0359842370561754
526,526,0.02355014641464495,-1.038614274600429
527,527,-0.028312669851337187,-1.1813179780188796
528,528,0.004911810978590572,-0.9652837263245279
529,529,-0.027021756837945127,-1.1641593733284217
530,530,-0.010902447609726182,-1.050043734432651
531,531,0.004920901544130801,-1.086635160466431
532,532,0.0036229963969110403,-1.0725112346425456
533,533,-0.0010633974121340359,-0.7683142843026858
534,534,0.023070238298980285,-1.0704936287145381
535,535,0.00936701384931972,-1.104644409899417
536,536,0.005617749973177419,-1.097064494382576
537,537,0.0007875938122724468,-0.958267302927302
538,538,0.01703242241376858,-0.6900354956656712
539,539,0.002207999519634067,-1.125662617910046
540,540,-0.012438748546590167,-1.32274026405056
541,541,-0.018108946664328288,-1.1658977102581047
542,542,-0.03174468687034087,-1.0853061646673512
543,543,-0.032328433762863505,-1.0202631641629516
544,544,-0.003534541210000304,-1.1881621275753953
545,545,-0.015188341943569737,-0.9317252798970931
546,546,-0.019633835630674695,-1.0762213970395682
547,547,-0.0143306402414854,-1.0030703609052531
548,548,-0.00701710311680917,-1.0172757919003028
549,549,0.00739198127271766,-0.8648152428680856
550,550,-0.012164023545632723,-1.0622798695281601
551,551,0.022265165460656527,-1.0688534246640664
552,552,-0.007528221304540728,-0.7709598807265508
553,553,-0.018266238005524044,-0.931956426462321
554,554,0.009863283303400916,-1.0815379525757043
555,555,-0.02109680724289933,-1.0752753634296488
556,556,-0.002088894542209563,-0.9621198088032914
557,557,0.01317654801062107,-1.0194505631193385
558,558,-0.015815614785057275,-1.136080103435007
559,559,-0.002711987351018793,-0.9173794524286006
560,560,-0.018172930181974082,-0.9381651124407525
561,561,0.025748408248226717,-1.1573250678618872
562,562,-0.007355314478611381,-1.0455686384055352
563,563,0.012276910448351053,-0.985261895901865
564,564,0.06041670125528294,-0.9432395468412277
565,565,0.03390296913097091,-1.0110029167177863
566,566,0.018134715913307453,-1.1481783516438802
567,567,0.010530113121362789,-1.099080863819498
568,568,0.017144129039059097,-0.8139184767284211
569,569,0.011033523470855393,-1.1350338997308043
570,570,0.005389154148364012,-0.7377181678851651
571,571,0.005536693712003797,-1.0793437393686014
572,572,0.03071773040032071,-0.957933206217309
573,573,-0.0019807881893365298,-0.9704236497820751
574,574,-0.01734415331946096,-0.8307563112635127
575,575,0.013154401989935671,-1.282268792514932
576,576,0.01811159224664033,-0.9046544347135408
577,577,-0.002656855906901519,-0.9446487828277275
578,578,0.027759082914180194,-1.1844125850423026
579,579,0.032268267016004736,-0.8542899475010434
580,580,0.012292300016406552,-0.8759782761536574
581,581,-0.006932592720661837,-0.9185668881673734
582,582,0.026937092373702374,-1.0683658558634015
583,583,-0.008601355371410283,-0.8832638017432392
584,584,0.0371743727406225,-1.1843493836989782
585,585,-0.027211649723465372,-0.9271109011589675
586,586,-0.05125662335705748,-1.056362592950827
587,587,-0.02726529113359301,-0.8593030047791639
588,588,0.009701504948516413,-0.7969221829812274
589,589,-0.007039696945374541,-0.8691557104098311
590,590,-0.021950011732956118,-1.145733231032225
591,591,0.010623434803735565,-0.8120949355037848
592,592,-0.007343883543763932,-0.956186725006732
593,593,0.0035921857546913974,-1.047606979576874
594,594,-0.006655979685989272,-1.054558218256649
595,595,0.029220572334993512,-1.0227258939161332
596,596,0.0017887616133832884,-0.9098472961551424
597,597,0.010896447189552577,-0.9944122760129256
598,598,-0.007536390726343559,-1.0645732716822265
599,599,0.03036479989167702,-1.1241602923507732
600,600,0.01917737455701832,-0.7813124071392827
601,601,0.008789091000928978,-1.1947625544255482
602,602,-0.04085107563133786,-1.0923346959751505
603,603,0.03538758900262413,-1.261658937806417
604,604,0.0011236912782496555,-1.197801423246268
605,605,-0.015604453915747454,-1.1189215851236374
606,606,-0.0429085806026388,-1.0851547020945482
607,607,0.012803496760765259,-0.8739679643535229
608,608,0.017306876390043663,-1.159767546244744
609,609,0.028636909272454197,-1.0472702673041048
610,610,0.007203368751254033,-0.9468544857638046
611,611,-0.03378952619036661,-0.8143166648178826
612,612,0.016548393198568045,-1.0961423635885534
613,613,-0.0003518662310513787,-0.9281870651885795
614,614,0.003582678129453719,-1.112096131831359
615,615,0.0022301542401941296,-0.7410769129294412
616,616,-0.02320364938013006,-1.0853686618303198
617,617,-0.016169638532310807,-1.0208534676251548
618,618,0.012290992344928905,-0.9694293523208627
619,619,-0.008463516130590612,-1.052681386955318
620,620,-0.0024943657895024444,-0.9125278168708479
621,621,0.04526634667192905,-1.133921026949201
622,622,0.005246127577639342,-0.8931772211768432
623,623,0.009506721667581819,-1.0376467416577835
624,624,0.007744140155916988,-1.0350713413847505
625,625,0.02103599662794911,-1.1237856470477077
626,626,-0.01958484781875086,-1.0010761540406645
627,627,-0.036950783728134255,-0.8640382578925487
628,628,-0.05740265532256771,-0.8687051901958898
629,629,0.002565723795998655,-0.9555749527791867
630,630,0.020677331336696393,-0.8257812658451862
631,631,-0.027540422578306974,-0.9557630839074446
632,632,0.01335334755730678,-1.0893070554340987
633,633,-0.001311975543568919,-0.9640931108629005
634,634,0.03306626989736676,-1.112223133146163
635,635,0.0005548140367145765,-1.0226980696855779
636,636,-0.016744238646159662,-0.9316039310364156
637,637,0.04571528879253227,-1.2908532552128351
638,638,0.03398333932073545,-1.0967072573442296
639,639,0.023119869347995932,-0.8861065284600201
640,640,0.0169730322510011,-1.0487225507510156
641,641,-0.02629218519601835,-1.0250789701364247
642,642,-0.025926997791288466,-1.136679239124558
643,643,-0.014975304824736517,-0.9880884603856721
644,644,0.002194312357457852,-1.1982004859764055
645,645,0.04692572540755292,-0.8340189010781704
646,646,0.03723941510095616,-1.041576134738515
647,647,0.01951695608496086,-0.8053128297136964
648,648,-0.004532283130554315,-0.9620711800551873
649,649,0.01440051431286684,-0.8975149732236011
650,650,0.023890406461321734,-0.8600337484069567
651,651,-0.03701221692729417,-0.8326727108095153
652,652,0.010452450647523426,-0.859645044251319
653,653,-0.01315136232256233,-0.9098785792881537
654,654,-8.370799951587515e-05,-0.9097103992717405
655,655,0.05373109332428559,-1.1164333730333522
656,656,0.007422434134209774,-0.6674238395524389
657,657,0.007382452444473164,-0.9660217116983992
658,658,0.007070024086448429,-0.9266791014406082
659,659,-0.02238580123354511,-0.91204861588181
660,660,0.023894372955140797,-1.0546204722151464
661,661,-0.011943310576480057,-1.0354207337775851
662,662,-0.029791221187449764,-1.076359475696849
663,663,-0.019255814852970003,-0.9544209000753334
664,664,-0.019889016770073098,-0.7549482721230061
665,665,-0.05695201299368022,-1.0704807342874028
666,666,-0.01755193417550395,-0.9877932570727377
667,667,-0.011454985635427066,-1.0589069857622642
668,668,0.046648988151617304,-1.0625606290888765
669,669,-0.054333276085724885,-0.7335798284980003
670,670,-0.0017951116117879348,-1.1765606728033482
671,671,-0.01652796323678707,-0.9338018512489892
672,672,0.01243702501026469,-1.208722961335793
673,673,-0.037055476152097436,-0.7984777644903465
674,674,0.03747007294149209,-0.8184703599803439
675,675,0.012191602747088082,-0.9401483789037456
676,676,0.004129796906956263,-1.130915805887917
677,677,0.04489137669664335,-0.8229092113206746
678,678,0.02809729077042084,-1.0760097742605512
679,679,-0.019200812901633398,-0.8462073912501685
680,680,-0.012976516112498924,-0.9155799032088745
681,681,0.00846329829155631,-0.8507624546762262
682,682,-0.01686956969541463,-1.0516271062847715
683,683,0.01410011302609017,-1.2159233392386
684,684,0.011905108606323975,-0.9405050088756707
685,685,-0.02045632196480973,-1.0745570073746638
686,686,-0.02326130898275973,-0.9302660816224659
687,687,0.013474105757123156,-0.9610664979329103
688,688,-0.00245544674401055,-0.9779598222387155
689,689,0.009515459791721415,-1.0164287622862311
690,690,0.020908077382526053,-1.1265895550934908
691,691,-0.027291709461932226,-0.9335707524222179
692,692,-0.0024233698773607343,-1.0175173901858297
693,693,-0.003681410659099077,-1.1447208611980269
694,694,-0.04429702998437412,-1.1072803676842748
695,695,0.020331208498661116,-0.8364050512342974
696,696,0.01757873064783269,-1.168292217548309
697,697,-0.019742428623279986,-0.9236319605494276
698,698,0.03369082694586471,-1.0682367419197663
699,699,-0.010879499029493006,-1.1183767896956276
700,700,0.024985244898117685,-1.1900693463963798
701,701,-0.00943517037268038,-1.0623560446418723
702,702,-0.011624132535063244,-0.9682663990077562
703,703,0.014409517167726102,-1.0261106370236106
704,704,-0.022651549226280716,-0.699737232087882
705,705,-0.014201715680885442,-0.9113051655010069
706,706,-0.03618058545478525,-1.0449605714888233
707,707,-0.0121845378767267,-0.9221485516933728
708,708,0.02094608575150146,-0.8983796198985015
709,709,-0.0024517775488981193,-0.957049620108242
710,710,0.004154199594147052,-0.8800328818541282
711,711,-0.027258045715259,-0.9085661044489783
712,712,-0.009449165681768706,-1.1378362386157366
713,713,-0.011342706059928293,-0.9124505584734657
714,714,-0.04769012846189154,-0.7465374588168027
715,715,0.023461203775391945,-1.0475846031848186
716,716,-0.04125894524856441,-1.0290380432603208
717,717,-0.014623601379898356,-0.9312541559550512
718,718,0.01080218640704933,-1.1127073799106832
719,719,0.015551708157191368,-0.8953009991431643
720,720,-0.013029844703473431,-1.0659316826020278
721,721,0.02771237749302301,-1.13050807548804
722,722,-0.015580025354453806,-0.7827185513831985
723,723,0.010044908023365171,-0.9191444307545289
724,724,0.003587144399370884,-1.2024849300768927
725,725,-0.01297558505541932,-1.1335898196451382
726,726,-0.007063902057153022,-0.8859961839900743
727,727,-0.004007699673671164,-0.965320728928126
728,728,0.04020516533121998,-0.9532087531299857
729,729,-0.01481760977771903,-0.9721221937831968
730,730,0.027561050172208237,-1.1059209956183378
731,731,-0.012104033115933235,-1.0500870530015758
732,732,-0.03933408499230327,-0.8187218832206931
733,733,-0.010766073642894647,-1.043977329494458
734,734,0.012209908738043918,-1.1060932984611298
735,735,-0.013242257123315199,-1.077749220227247
736,736,0.02015998785062831,-0.8782900357244744
737,737,-0.001060832762085847,-0.9728242672471485
738,738,-0.030761155995067485,-0.8943847711200636
739,739,-0.013207586737213325,-0.9456382077774922
740,740,-0.01565072148931354,-0.7310653084844085
741,741,-0.02504101422807694,-0.9957650523724401
742,742,0.004212833110655026,-1.074655085612276
743,743,-0.016198437057760435,-1.0462148357668464
744,744,0.019081527807079744,-0.9612170889809531
745,745,-0.04392426443163448,-1.124771392561268
746,746,0.020346818564563163,-0.966199654723453
747,747,0.012991900488952317,-1.0204267690670816
748,748,0.020016142014447194,-0.9611680654136179
749,749,0.011712254150091174,-0.9697739193917485
750,750,0.01508082218303712,-0.8470764142601672
751,751,0.005436436981548845,-0.9267285787420547
752,752,-0.0020416711160021472,-0.974902867593538
753,753,0.0037587177887314933,-1.0078353963468345
754,754,0.04834335390069735,-1.1405999284648858
755,755,0.015938697052403195,-1.1144063886721456
756,756,0.019724060831201554,-0.8944026010820908
757,757,0.010302274301222665,-0.992427352648496
758,758,0.04879697009971496,-1.1078190972950692
759,759,0.022995064806293625,-0.8021765095242407
760,760,-0.010133238026101665,-0.9919762225352664
761,761,0.01589691751479645,-1.0852107308584094
762,762,-0.011912819793186659,-0.9421235464248765
763,763,-0.01805128598705673,-0.8564312463205578
764,764,-0.03667343615557738,-1.0583804706424125
765,765,0.007843693024039217,-0.8735813413515476
766,766,0.07660827249002786,-1.136984721991464
767,767,0.021810006388472317,-1.1293779326573994
768,768,-0.00494162428339269,-1.1169464605149764
769,769,0.017706092373170085,-0.8486310252577463
770,770,0.016984192222435607,-0.9183491665796399
771,771,-0.02861289560074666,-1.1608146911437023
772,772,-0.0021686752253797237,-0.8859873048681669
773,773,0.009468450850426358,-1.1542217255936056
774,774,0.06110592067232297,-1.043002615155789
775,775,0.020183941435126376,-1.027030706997957
776,776,0.036841306353218736,-0.9769370522704852
777,777,-0.026702034519619427,-0.9900362019955541
778,778,-0.0661050667090804,-0.7457582558132774
779,779,0.00398095657867048,-1.0014422019697495
780,780,-0.008569216904772414,-0.7985206344253508
781,781,0.003511183501581888,-1.0789828436933833
782,782,-0.006445683774015526,-1.1595179560154332
783,783,0.010557140888987277,-0.9146612478754435
784,784,0.025950290186304053,-0.9391316886967871
785,785,0.01292283800491963,-0.8599875625261413
786,786,0.017320286649424366,-1.0962041729315268
787,787,0.008644034377522251,-0.9605499752812006
788,788,-0.01671851073586576,-1.1199385996988465
789,789,0.016796928486393442,-1.158268381893602
790,790,0.011755992876084226,-1.0752451873357811
791,791,0.004634036528280365,-0.9658447833496949
792,792,0.0005980581637760052,-1.0515203303079081
793,793,-0.02754896875693666,-0.8202847462179795
794,794,0.02378139106546894,-0.6662751263406994
795,795,0.0020962090266042135,-1.0273543571659445
796,796,0.03564201819801899,-0.8376742122812547
797,797,0.03463974906646681,-1.2312117767572968
798,798,-0.016904650124599564,-0.9150228785084515
799,799,-0.06308609417275503,-0.7075265994108026
800,800,0.006177343070811778,-1.1400374854226554
801,801,0.02336983151580907,-1.300908961448744
802,802,0.009833572405266222,-1.0007436540162047
803,803,-0.006098588588684294,-0.8342530867990114
804,804,-0.01719783584499161,-0.9533366829019502
805,805,-0.021787107296028334,-0.9560706237499764
806,806,0.016557164946574734,-0.8414224567046682
807,807,0.02191211859633702,-0.8667033330616732
808,808,-0.039589446295760534,-0.9758721266197592
809,809,-0.007974111855862269,-0.7628791344917856
810,810,-0.03804208603994326,-0.9106699469976487
811,811,-0.02875857384334503,-1.1689037190769511
812,812,-0.006472318506919095,-1.0609034038605578
813,813,-0.016835717098104337,-0.9728772210777161
814,814,-0.012774947634824268,-1.0933980513470645
815,815,-0.01193193016732278,-0.952517722279389
816,816,0.010704267517784194,-1.0018161122234153
817,817,-0.017222106913110477,-0.8814784595902392
818,818,0.0074894463560588685,-0.9217107254437283
819,819,0.02676941704631422,-0.8768109128908984
820,820,0.06287823831241006,-0.958458444853979
821,821,0.010178304144560599,-1.1986999595865124
822,822,-0.01454964550796363,-1.0016317948358364
823,823,0.0009512624323252394,-0.8654311647816262
824,824,-0.05123714841603715,-1.240259935993801
825,825,0.014851791790039377,-0.7664438411518916
826,826,-0.02248785590550641,-0.7762914864871414
827,827,-0.007852610085153797,-0.994436476846352
828,828,-0.03140424242802157,-0.9039180989017919
829,829,-0.050671259416844285,-0.7907251097459235
830,830,0.00779524802512558,-1.1458030046274121
831,831,0.009383224987484312,-0.9198410628647982
832,832,0.002566398638539455,-1.1221096102658341
833,833,-0.005556521181781054,-1.084441110608314
834,834,0.0008704121781365343,-0.8473212217555375
835,835,0.0567403704718644,-1.1857459345997907
836,836,0.02392674569012547,-1.0184178617622917
837,837,0.015367142975807095,-1.0900447860535813
838,838,-0.013289565226138389,-1.1181622411095726
839,839,0.02214679666528373,-1.0302876658164517
840,840,0.008608270476727922,-1.0765367491990743
841,841,0.05160423232728182,-1.1188487027252594
842,842,0.04179945685509329,-1.2123784762790524
843,843,-0.010034890878313918,-1.041552585498593
844,844,-0.005343079466657394,-0.8975204992433286
845,845,-0.030603585702961303,-0.8639725451921823
846,846,0.004000169244846863,-1.2292122296158623
847,847,0.006172614832008341,-0.953577631421345
848,848,0.022178372895826366,-1.0744158460470885
849,849,0.013233320169381169,-0.9637367599714621
850,850,0.0092317686416696,-0.9763156927943377
851,851,-0.01541128163744708,-0.8184381431780425
852,852,0.025527885045596513,-0.9959973975849804
853,853,-0.02904369735889465,-0.7488628077992294
854,854,0.013421111984639689,-0.9699914738217236
855,855,-0.032190626991034046,-0.7168163662165713
856,856,-0.01552298692513826,-0.9858339368907726
857,857,0.01352974711140778,-1.1179718172187114
858,858,-0.004932296243743882,-0.9520661914639956
859,859,-0.03424720296040483,-1.017813208391223
860,860,-0.011922933468634267,-0.8946183558252245
861,861,-0.020269377895419723,-1.0581543093308223
862,862,0.02003544367928923,-1.104838800792978
863,863,0.020272025230469677,-0.9151459533723574
864,864,-0.016984273868123484,-1.1719683393221025
865,865,-0.013508713007431117,-0.8804597939869467
866,866,-0.013936418382638337,-1.0681266445615007
867,867,0.03229090439758626,-0.9533942981156434
868,868,0.0159422930768181,-1.0378534256060572
869,869,0.0027379924513403313,-1.0278551715773547
870,870,-0.0010494565393504574,-1.1182904942830167
871,871,0.005285562735296928,-1.2822040280536346
872,872,0.02325584134420411,-1.0968591863236488
873,873,0.01022399982359587,-0.980820591808588
874,874,-0.006969009223296019,-1.1364134176091367
875,875,-0.037020837526602776,-0.9037826268307405
876,876,-0.004284030240218617,-1.0861335243571202
877,877,-0.0015057930067157166,-0.9695780620859488
878,878,-0.005403506957641376,-0.9796445673998329
879,879,-0.001643035304065052,-0.9614333649405894
880,880,-0.0007608976675977652,-0.7755595817721411
881,881,0.007896227214986715,-1.1211544734664456
882,882,-0.0011313432296853124,-1.055087662343558
883,883,0.007751583201865732,-1.0159866860962605
884,884,0.0019082937322286164,-1.2437945433844075
885,885,0.002693709300528563,-1.0708089214671785
886,886,-0.00039783644179929023,-1.1151787118657253
887,887,-0.028824368562462427,-0.8501423483313206
888,888,0.011024096662615354,-0.8547052943630498
889,889,0.034073703453941895,-1.2004428759335066
890,890,0.017129186167446186,-0.9967500126673997
891,891,0.013325327932527165,-1.0812650857370967
892,892,0.014202139904921765,-0.9720716558432627
893,893,0.010254970996115005,-1.0760790428766505
894,894,-0.0064984216868370585,-0.9582451441663519
895,895,-0.02144825008173108,-1.069119647195815
896,896,-0.048131942806140825,-0.9685495852804505
897,897,0.011337941885348176,-1.0593735076779633
898,898,0.015541149161550652,-0.9741331710293666
899,899,0.034730122484832524,-1.0472592278073576
900,900,-0.007544835651541404,-1.271491704667496
901,901,-0.024977261210922315,-0.8908624346857648
902,902,0.006780018845372937,-0.736442306695508
903,903,-0.024879225922329443,-0.9540089568892023
904,904,0.0008857555371888925,-0.871559107770139
905,905,-0.03792675227636699,-0.8896889248819077
906,906,-0.011867173078628238,-1.307351021466486
907,907,0.0058641328642331375,-1.1630396664732667
908,908,-0.011508996350793589,-0.96717876598412
909,909,-0.010889923009383292,-1.2272278121546174
910,910,-0.008844468079619722,-1.0402900285428414
911,911,0.00886915903138219,-1.2112345344464712
912,912,0.02520600728865257,-0.9063999578297365
913,913,0.015838201218269832,-0.9745461629086382
914,914,0.011202680342843802,-1.1272346755979865
915,915,0.007343718235663044,-0.8961614762038602
916,916,0.031232944428109484,-0.896164021373826
917,917,0.0046377272066670805,-1.283868727397592
918,918,0.003243265286599628,-0.620380264499381
919,919,0.02711101553974965,-1.0816008461176094
920,920,-0.002124744982206425,-0.9699933582582527
921,921,-0.00453310121177572,-0.9606265884143994
922,922,-0.004834902351703779,-0.8784801256715276
923,923,-0.018590181135181016,-0.902860855924738
924,924,-0.025270066760335885,-0.9102087769601027
925,925,-0.016415219500060356,-0.9762420672758652
926,926,0.007485132249588276,-0.8818078316979893
927,927,-0.016323105926282958,-1.0151265194029564
928,928,0.024502110775313474,-1.0003330880069847
929,929,0.0055450543365412885,-0.8684686942395303
930,930,0.006533472625254576,-0.9552243747666986
931,931,-0.0030556359685199215,-0.8065352483226733
932,932,-0.012840703029081302,-0.8821584551550509
933,933,0.012060833428849435,-1.299381158797138
934,934,0.013718559859114146,-1.0046501751617425
935,935,0.04202750217549822,-1.2119384694319213
936,936,-0.004384125358666474,-0.997295163943379
937,937,0.04483418074020627,-1.056322202105564
938,938,0.014093477307946065,-1.093082528096291
939,939,-0.024637153369620704,-0.781061821137902
940,940,0.022833147441510215,-0.9721656754885436
941,941,0.021210358144867714,-1.1746623528457445
942,942,-0.009650267276522982,-0.9470156929944963
943,943,-0.002967417019993396,-0.9162433539423458
944,944,0.020065001581785993,-1.3057563035504471
945,945,0.013279839132108437,-1.0527301572401133
946,946,-0.01891568275461003,-0.9998813067174745
947,947,0.029278617379102895,-1.0407137825784318
948,948,-0.0034714926693816123,-1.0426000559618926
949,949,-0.0013602558995382263,-1.108663214426141
950,950,-0.022478233915665953,-0.9084603909997901
951,951,0.0488009986341314,-1.2271367079784357
952,952,-0.008640815543070168,-1.0473505763326425
953,953,0.017551663603018117,-1.1347928653757804
954,954,0.019331278164382418,-1.0072913344380188
955,955,0.0227225356949545,-0.9427649888853197
956,956,-0.0028883117029716854,-0.9155126454054702
957,957,-0.004738456912220603,-1.2049459924344896
958,958,-0.02206211620011445,-1.081883590920873
959,959,0.07734928645180536,-0.9142259456983094
960,960,-0.0007528651913968447,-1.1618388166002174
961,961,0.007178340650732439,-1.293649182789089
962,962,0.013856915547628537,-1.0289533429755693
963,963,0.007498474032249257,-1.0293351695746353
964,964,0.017346240577645944,-0.937732961373786
965,965,0.02007284277115698,-0.9487495726782859
966,966,0.03222549159329737,-1.0242881426303965
967,967,-0.010918807807106494,-1.2627819773673754
968,968,0.015042002631757742,-1.0287412152813322
969,969,-0.04987032912864745,-0.8274350267309116
970,970,-0.028850327745905142,-1.1607232506210774
971,971,0.0006865289475379011,-1.2960567171164723
972,972,-0.007211107426265878,-0.9530836435241425
973,973,-0.01300120428706392,-0.9862648298139627
974,974,0.008195488376504412,-1.1383827033774379
975,975,0.022548205755701795,-0.97187027133055
976,976,-0.012134285596107103,-1.0117131101271912
977,977,0.02232601182453775,-0.9865344305854014
978,978,-0.00529231094382826,-0.8297867607689087
979,979,-0.006001623339875242,-0.834988401805584
980,980,-0.05352366633782861,-1.027809554214752
981,981,-0.02593214135874335,-0.9647143910822751
982,982,-0.016125437063925455,-0.8165213924213817
983,983,-0.0025855434397759613,-0.955744011926321
984,984,0.006115813196142572,-0.9104749622438306
985,985,-0.008573708383301865,-0.8594572228020677
986,986,0.07640365095261087,-0.8783382224343935
987,987,0.04010707472867212,-0.9913297965384804
988,988,0.06306026468309081,-0.8063510630959034
989,989,0.015297581929480048,-0.9845593320494977
990,990,0.0292495831834525,-1.0125137681184062
991,991,0.02225450232025826,-0.8015226712703507
992,992,-0.01585075402742305,-1.0169652944555014
993,993,-0.000563041923313648,-1.0273716308572711
994,994,-0.004680898094492184,-0.827870410967927
995,995,0.01330236186272395,-1.022775300623089
996,996,0.03111078674715273,-1.0779833813213116
997,997,0.014344484908708405,-0.803580734633271
998,998,0.0162129376756671,-1.0391995821979292
999,999,0.010627690481663149,-0.9351646662224803
1000,1000,0.018814739793082354,-0.9362981720084231
1001,1001,0.04854497756773148,-0.957995142166533
1002,1002,0.0020405576495899375,-0.7577845413890711
1003,1003,-0.011982706807148677,-0.8787945168418659
1004,1004,-0.0024191513679376053,-1.059365079864355
1005,1005,0.024419632537994677,-1.054196170029762
1006,1006,-0.009012584148971325,-0.941845240669504
1007,1007,-0.0012955861301245097,-0.8682498248063676
1008,1008,0.020961441708896612,-1.049054458707713
1009,1009,-0.0031483300506982004,-1.0482031128021378
1010,1010,-0.006261101824668151,-0.8264495120812694
1011,1011,0.022952085121749496,-1.0661206327590438
1012,1012,-0.030042601734556765,-0.8661478071190443
1013,1013,-0.001263343469427497,-1.0322527026860266
1014,1014,-0.01007103593202982,-0.8306243919149392
1015,1015,0.010101585257351952,-0.8739208480226618
1016,1016,-0.005655293958479676,-1.143568465326089
1017,1017,0.03334641359727884,-1.1165580355384763
1018,1018,0.012967732922202858,-1.019737634056135
1019,1019,-0.015423811836478299,-1.0062456219028235
1020,1020,0.023617471579339425,-0.8757551843588568
1021,1021,0.020431546969192103,-0.9012800649019539
1022,1022,0.03711324757823396,-1.2192407719700247
1023,1023,0.007284071195113595,-0.9439541044632624
1024,1024,-0.01264587202165919,-0.8445414032878333
1025,1025,0.027795813054868848,-1.2872029607178503
1026,1026,-0.021214781637086094,-1.0041181949920497
1027,1027,-0.043004280147403824,-1.0526925612044864
1028,1028,0.0007800404391597252,-1.0152972273911718
1029,1029,-0.03131116786187531,-0.8991855025784005
1030,1030,0.011557992276004486,-1.1329891528548315
1031,1031,0.012599750687738786,-0.8696589323410487
1032,1032,-0.024437714565081113,-0.9063575514496133
1033,1033,-0.03175550875999007,-0.8503538974095165
1034,1034,-0.003955451484340802,-0.9661559590214613
1035,1035,-0.05776016640950124,-0.9017346326148079
1036,1036,0.019165577853445543,-1.1878656381900128
1037,1037,0.002724766489951157,-0.9155538510892935
1038,1038,0.007559998941311874,-0.8416176079707974
1039,1039,0.017113495870333353,-1.0383743183679084
1040,1040,0.0021568899159068455,-0.9336870444072886
1041,1041,0.031037538059222283,-1.2280236229224308
1042,1042,0.007704544736698312,-1.1374974417306365
1043,1043,0.011726710089742368,-0.990571357730982
1044,1044,-0.0013027663577437898,-0.9473154307125792
1045,1045,-0.0073445940402032325,-1.1679174693046899
1046,1046,0.024326034340417108,-1.141400213093876
1047,1047,-0.0024916527582890687,-1.1825864651198477
1048,1048,0.035732545400220396,-0.8796088452702999
1049,1049,0.005914658113068176,-1.0904808037696276
1050,1050,0.019458440679939557,-1.2330659505592523
1051,1051,0.0113983652840214,-1.085714660541547
1052,1052,0.005566927678236695,-1.0172451328535068
1053,1053,-0.00847325133508725,-0.7344239553850851
1054,1054,-0.016236667848164146,-1.0395025923250611
1055,1055,0.00138779200166525,-0.9610307086804966
1056,1056,0.022411861194397614,-1.0071630506587594
1057,1057,0.04387980370981862,-1.1175805135620385
1058,1058,-0.014508571543767418,-1.112245677574731
1059,1059,-0.008937138526434636,-0.9902013005244291
1060,1060,0.027522441545337978,-0.9041431903457691
1061,1061,-0.005654768573200658,-1.0076559300983914
1062,1062,0.024587805743864263,-1.1618499911670341
1063,1063,-0.011860677358218677,-0.9067540374738718
1064,1064,-0.008036986032566518,-0.8839471326396469
1065,1065,0.00993631565425157,-0.7318638740293303
1066,1066,-0.03618646306143393,-0.7842897547040142
1067,1067,-0.010782450038122338,-1.1313736788134996
1068,1068,0.03747362932814365,-1.1490773956078448
1069,1069,0.02188274768840171,-0.8035809809175268
1070,1070,0.00037866956502887253,-0.8935006851905019
1071,1071,-0.004280143732210986,-0.9146319766545149
1072,1072,0.0020698250964320958,-1.041011983892866
1073,1073,-0.0038670561152772537,-1.1196667844032824
1074,1074,0.037526920493803795,-1.3136263363514749
1075,1075,0.006510705151013596,-0.9210368745038192
1076,1076,-0.01982868078210177,-1.0159792458021109
1077,1077,0.009710538390688951,-1.015597180119075
1078,1078,-0.01315220214891799,-0.9372736348387205
1079,1079,0.06412551456641902,-0.8517487256860047
1080,1080,0.020405702357873895,-0.9188025764457621
1081,1081,-0.016652908756906025,-0.6521490205878178
1082,1082,0.002267532422737542,-0.9856716250233312
1083,1083,-0.010777311949966506,-1.0156926226897267
1084,1084,-0.025071991615271422,-0.9737837282613695
1085,1085,0.015811682298590733,-0.9046398306914656
1086,1086,-0.0114779400521548,-0.832763818562327
1087,1087,0.03670519449357243,-1.0224451533512664
1088,1088,0.003392650114300802,-0.9804821620376238
1089,1089,0.03161677046392282,-0.7866279556848873
1090,1090,-0.012061556115157069,-0.9350386330326171
1091,1091,-0.004305048380829346,-1.2817243544971564
1092,1092,0.01931542392045786,-0.9997265229817036
1093,1093,-0.014411223376123022,-1.1475052776362724
1094,1094,0.017607301423936884,-1.1339306012320114
1095,1095,0.02983839169966871,-1.1881114259166694
1096,1096,0.01626085631477381,-0.8838299494996158
1097,1097,0.002489864290943912,-1.0892765502749406
1098,1098,0.026880524835035582,-0.9861645150714224
1099,1099,-0.023316348124251127,-0.9222906811218576
1100,1100,0.0093059574053211,-0.7656453412540931
1101,1101,0.03141924414793843,-0.852871793823812
1102,1102,0.006622258063416209,-0.9565947283026323
1103,1103,0.007895841463566172,-0.9677234962968101
1104,1104,0.0034255867398355344,-0.9220274938625264
1105,1105,0.04860806603520866,-1.0303142094600637
1106,1106,0.011499318199218594,-1.0366087052855475
1107,1107,0.017906860809797087,-0.9950952744728369
1108,1108,-0.023041622562450244,-0.8957939491054276
1109,1109,-0.011844921321020468,-1.1230818360179329
1110,1110,0.03648529207020455,-1.1284864126009575
1111,1111,-0.00391076767374815,-1.0438084428011971
1112,1112,0.02265845537774546,-1.0540793179123158
1113,1113,0.011872376618675864,-1.225791186011531
1114,1114,-0.02248816882129144,-0.847721990864537
1115,1115,0.014899495656100395,-0.8163832994000747
1116,1116,0.01881428048987044,-1.1613676894254195
1117,1117,0.00861244490099923,-0.9703829908918508
1118,1118,-0.011806370064064074,-1.0912026585705772
1119,1119,-0.021154718729483976,-0.9827160856592495
1120,1120,0.0045632321588442055,-0.9614410232567889
1121,1121,-0.020409493607908905,-0.7755261436361391
1122,1122,-0.047965294089805786,-1.0014053183964962
1123,1123,0.04126548955034222,-1.0286053095720695
1124,1124,-0.03689501885410029,-0.9709194865241993
1125,1125,0.027472282128044506,-0.9493335160507456
1126,1126,-0.011362137717691012,-1.0337419779841
1127,1127,-0.022027065256169494,-0.7133655329547319
1128,1128,0.027885338420444314,-0.9374762698614753
1129,1129,0.014448088775075162,-0.9685675314048405
1130,1130,0.009654038865182775,-0.8104437498486787
1131,1131,-0.01792439601529075,-1.0588614576474122
1132,1132,-0.010173877409164589,-1.082279858299433
1133,1133,-0.022715678556436913,-0.8894069303795672
1134,1134,-0.001267771563061286,-1.032703761066673
1135,1135,0.01376320109312925,-0.8051206965582648
1136,1136,0.0187789764997617,-1.104240332146207
1137,1137,0.03145616684589506,-1.1986519155997115
1138,1138,0.03628975054529539,-0.9200649089178924
1139,1139,-0.00659163224538617,-0.7456517024317582
1140,1140,0.0017095505046439002,-0.8550156864092462
1141,1141,0.0064196684253631925,-0.9101952668303219
1142,1142,0.060504100902049704,-1.1126259355171824
1143,1143,-0.0012730825796200267,-1.0459347733088542
1144,1144,0.005677719898858319,-1.038091520965672
1145,1145,-0.002516803150880015,-0.9418744045796252
1146,1146,0.015542824456927423,-0.8957954605795994
1147,1147,-0.009793582727068777,-1.0248636556698538
1148,1148,-0.0203643555414018,-1.0850967753650773
1149,1149,0.024794357802848353,-1.0236707835436887
1150,1150,-0.005599700785248712,-1.0583071085150473
1151,1151,0.006614395320823687,-1.0058107762450368
1152,1152,0.011917788061561912,-1.195658229938004
1153,1153,-0.01052586826528673,-1.1020776923547366
1154,1154,0.02546917026065526,-1.017315055563251
1155,1155,0.0005996178093889415,-0.9714344211349843
1156,1156,-0.007793645639944873,-1.0544556697501821
1157,1157,-0.012929568357126199,-0.9288879407913088
1158,1158,-0.016607125366534806,-0.9980126677097774
1159,1159,-0.008901130324693203,-1.0938937252067387
1160,1160,-0.003849991344602177,-0.9504135706650271
1161,1161,-0.02219162730946682,-1.1412048652644038
1162,1162,0.008198080909895142,-1.0008196331937165
1163,1163,-0.03243383432782575,-0.8779919604120575
1164,1164,-0.0333828470545458,-0.6847318751601379
1165,1165,0.019992008259930916,-0.7352756373093301
1166,1166,0.02172538497939519,-1.114573373483517
1167,1167,-0.002425159827623105,-0.9801331608043536
1168,1168,0.009839966179823807,-1.0200387376565085
1169,1169,-0.02065062729407592,-1.01670659150787
1170,1170,0.027981242064310984,-1.061023877776724
1171,1171,-0.0037183360281787,-0.8902281023379838
1172,1172,0.0082757856361661,-1.0868844439643208
1173,1173,0.006056932247114011,-1.0598043271049333
1174,1174,-0.022877533940097353,-0.938214535358418
1175,1175,-0.022509596159524116,-1.0587107371622149
1176,1176,0.0006451073658422443,-1.0053120356242817
1177,1177,0.005032410236482869,-0.9090355117559419
1178,1178,-0.019721038291559165,-1.2196738814321524
1179,1179,-0.022150655621175228,-1.186913782204752
1180,1180,-0.024588139226389527,-1.138391525360552
1181,1181,0.04883417678147593,-1.0360894238854863
1182,1182,-0.011899915799858322,-0.8996327026560027
1183,1183,0.03785809106655656,-0.9899178946298293
1184,1184,-0.02667828905239371,-0.8693651173764793
1185,1185,-0.029765804843932306,-0.7937144576832245
1186,1186,0.027452503431544196,-1.108567894280629
1187,1187,-0.00812315782270262,-1.0001828866076952
1188,1188,-0.011087598513398224,-0.9564874175003055
1189,1189,0.004416150473257885,-1.0553769117967555
1190,1190,-0.008291389045561755,-0.8815330171280069
1191,1191,-0.029741839027862094,-0.945753289479834
1192,1192,-0.0011928019053714517,-0.9233050818390122
1193,1193,-0.006456760643360482,-1.083642088201943
1194,1194,0.016429393028343384,-0.8598163622767059
1195,1195,0.008514625057139652,-0.9519056573806683
1196,1196,0.02959789524184485,-0.7037324965408449
1197,1197,0.007063440484323648,-0.9402914813605703
1198,1198,1.3658040205040411e-05,-0.7812357822801455
1199,1199,0.021627970160144637,-1.1282370243668236
1200,1200,0.016751002473733595,-0.9674166618997241
1201,1201,-0.02213583923259866,-1.0025758375043656
1202,1202,-0.017837790217534316,-0.9695367400546214
1203,1203,-0.026382125252564538,-0.8692119419239259
1204,1204,0.011328010332759576,-1.0219390793886909
1205,1205,-0.027602201443414125,-0.890017745200929
1206,1206,0.004187418681743188,-0.8741014012565713
1207,1207,0.03130034228017464,-1.2554836329976125
1208,1208,0.018516451497614383,-0.9083141702173989
1209,1209,0.01137434734666537,-0.9619284885912459
1210,1210,0.010220312680525683,-1.3731253051369356
1211,1211,0.009324029721935856,-1.0635261607957325
1212,1212,0.003179614364760497,-0.9940192742029506
1213,1213,0.04343074736929126,-0.9817072918396251
1214,1214,-0.003919304519425092,-1.0751360549575801
1215,1215,-0.03112711418268671,-1.031867749419408
1216,1216,-0.005591840415467744,-1.0403019169103895
1217,1217,0.009142495727743866,-0.9407629061708523
1218,1218,-0.016904005134525113,-1.0667201561695105
1219,1219,-0.024771590902988222,-0.961995592972249
1220,1220,0.0012173457602737484,-1.2045545572318117
1221,1221,-0.025641619285084905,-0.8640618434764948
1222,1222,-0.003371189055817847,-0.963435791830964
1223,1223,-0.01006817111419317,-0.9306905548884272
1224,1224,0.023877287787680168,-0.8553627502973651
1225,1225,0.0034402988058074083,-0.936987014587941
1226,1226,-0.010763015249489472,-0.9975254423572242
1227,1227,0.023978683899835075,-1.000269812379486
1228,1228,0.014456392785859029,-0.8394825190885256
1229,1229,0.008759718908255144,-1.052217319674736
1230,1230,-0.02245710769925638,-0.8477025399579041
1231,1231,0.017942549723409036,-0.8036160906034508
1232,1232,0.013860872435693922,-0.8006798213820188
1233,1233,0.012619218253907147,-1.1661290484985112
1234,1234,-0.01297143804036132,-0.9105976000973844
1235,1235,0.008520188422957944,-1.0003585595405315
1236,1236,-0.0015486204974818688,-1.0407284764740774
1237,1237,0.007167984272149182,-1.147019680804937
1238,1238,0.011315354970595905,-0.8161865845233243
1239,1239,-0.01723190311390828,-0.9705788374775696
1240,1240,0.07149962655157213,-1.0966897885168212
1241,1241,0.030575411923532747,-1.0316197897760946
1242,1242,0.00824526783420166,-0.8914627148954765
1243,1243,-0.047697314921714744,-1.037919335971208
1244,1244,-0.011098397587733627,-1.0343082170626035
1245,1245,-0.03523990568423078,-0.902125238838319
1246,1246,0.010900937808664916,-1.1198021749880311
1247,1247,-0.006351423767982877,-0.9721287396845517
1248,1248,-0.03235887978820193,-1.0081305705267871
1249,1249,0.010559527211324159,-1.0154487604424798
1250,1250,0.009957587555970426,-1.2237676274153064
1251,1251,-0.018270585179019194,-0.7572680102792895
1252,1252,0.02850302858036456,-0.811205156283076
1253,1253,3.202828067085106e-05,-0.918849599087616
1254,1254,0.04144940464053587,-1.1440436852930977
1255,1255,-0.009063041747921781,-0.829171844670085
1256,1256,-0.03441205460506229,-0.9353319949597116
1257,1257,-0.0014853582006717492,-1.184599364218002
1258,1258,-0.0023162329626347233,-1.2421073144547505
1259,1259,-0.020551508469371496,-1.0040446984865776
1260,1260,-0.016543579055707244,-1.119828644998345
1261,1261,0.010634406832684684,-1.110891735663548
1262,1262,0.026710602522166376,-1.2850300783107362
1263,1263,0.03631774257072906,-0.8437438428001061
1264,1264,-0.01834688885296127,-1.0554025919791203
1265,1265,0.03080685947284075,-1.288994151897339
1266,1266,-0.04473250222875335,-0.951898133259514
1267,1267,-0.01505119139914403,-1.0027450636478574
1268,1268,-0.008429005027395055,-0.9891024743239862
1269,1269,-0.030598319720808495,-1.1030211231253604
1270,1270,-0.02327154060412693,-0.8962712057841382
1271,1271,-0.05888349529217994,-1.1524958096185949
1272,1272,-0.03577328451400881,-1.0126826743341772
1273,1273,-0.04092063189195701,-0.9294367763484531
1274,1274,-0.013793980170862766,-0.7033944750738075
1275,1275,0.04038365711901343,-0.982279313636437
1276,1276,-0.015568893271118184,-0.9308326607985933
1277,1277,0.0008386753788140928,-0.7331142832654943
1278,1278,-0.013514383347988249,-0.856989666237679
1279,1279,0.005104858130927037,-0.9457130001987926
1280,1280,-0.017752113916597242,-0.9004284190149517
1281,1281,-0.0030980330622585317,-1.086674794725843
1282,1282,-0.04251975554113553,-0.9274826385061485
1283,1283,-0.008285524828936339,-0.9053629015690807
1284,1284,-0.009114193845804877,-0.9515561145931075
1285,1285,0.02669329975843356,-0.9365246528055682
1286,1286,-0.038885814380335997,-0.8652402121563699
1287,1287,-0.009314809452277717,-1.2135338673584122
1288,1288,-0.007108681885423247,-0.9399245548881525
1289,1289,-0.0033270482096131454,-0.9332668875735035
1290,1290,0.019007701745690178,-1.128756917025527
1291,1291,-0.0006063273046760242,-1.0113121201415542
1292,1292,0.004919515143026427,-0.9416367139368194
1293,1293,0.02601546597086267,-1.0641427794566094
1294,1294,0.016467630365020053,-0.8798585993210959
1295,1295,0.0004764606049272868,-0.983582500087938
1296,1296,0.0001215800500195905,-1.1680188929440705
1297,1297,-0.01861339724708338,-1.019938863576751
1298,1298,-0.01866423011514806,-1.1446550066762649
1299,1299,0.0006742707535422887,-0.8349381908718464
1300,1300,-0.05622249454421142,-0.7931409624183338
1301,1301,0.01498241269405165,-1.0667404106461076
1302,1302,-0.03354321773130636,-0.8245204791509517
1303,1303,-0.003581866839558065,-0.9238775855582603
1304,1304,-0.0004949783696727213,-0.9495520696465589
1305,1305,0.022308777673692146,-1.0026586209082453
1306,1306,-0.022374088269680233,-0.9885719501418362
1307,1307,-0.010983712593515368,-0.7892685498122459
1308,1308,0.03573302021259209,-1.2422728827094285
1309,1309,-0.024382992964300243,-0.894757155032266
1310,1310,-0.032978070602188304,-1.159841539189795
1311,1311,-0.0036745755171015554,-1.076202734971018
1312,1312,0.032239734377187954,-1.0015642086892218
1313,1313,0.0038067131145853306,-0.9759490782991807
1314,1314,-0.013681971910321972,-0.9148571674867244
1315,1315,-9.384792660851321e-05,-0.9327331198315807
1316,1316,0.02707804157522138,-0.991963443620885
1317,1317,0.02211924212214813,-0.969419524316439
1318,1318,-0.011253561954971736,-0.9190264714759961
1319,1319,0.02766744345957637,-1.0507864343449775
1320,1320,-0.04595109812385645,-1.1422121466717157
1321,1321,-0.051164992550160576,-0.9518485311509143
1322,1322,0.0069619909590587885,-0.8092430972730278
1323,1323,0.03765998913110829,-0.9200712683789019
1324,1324,0.014895517508261374,-0.9481723136570804
1325,1325,-0.006440111455865691,-1.034545494673257
1326,1326,0.0037747473636372264,-0.8157858532444441
1327,1327,0.033689625471208406,-1.0172702975054244
1328,1328,0.010291967685856607,-0.6875443868766715
1329,1329,0.031738908949934315,-0.9140895720046284
1330,1330,0.006971272780536331,-1.0084498801967003
1331,1331,0.02624084063490849,-1.1209557102154364
1332,1332,-0.00655620914128216,-1.0591514465270913
1333,1333,-0.052035972911848416,-1.0635192356461953
1334,1334,-0.016031171536302107,-0.8641549591457086
1335,1335,-0.011565971472866116,-0.9644046995784405
1336,1336,0.013090718776859175,-1.0281537488995391
1337,1337,-0.019945954491497622,-0.8222954610949483
1338,1338,0.0011574529494620123,-0.9586378248885371
1339,1339,0.0030619203678712847,-0.9009095327179772
1340,1340,-0.020063224309260094,-0.9443230772032732
1341,1341,-0.010843030848721472,-0.9681235551770292
1342,1342,0.021935760940145013,-1.1079460707482258
1343,1343,0.01740140571263763,-0.9118198097593072
1344,1344,0.03381721836523693,-0.9669292370318836
1345,1345,-0.01425329946923471,-0.9567910584110706
1346,1346,-0.007427770142047874,-0.7991108767392058
1347,1347,-0.012392423407604491,-1.0644687030869253
1348,1348,0.003937322373258556,-1.1269402732565852
1349,1349,0.008055432779711755,-0.7819055205909939
1350,1350,-0.026936099674677486,-0.9704055861725311
1351,1351,0.017753633168133748,-0.9918905557975055
1352,1352,-0.0008468583021751935,-1.0698796304199807
1353,1353,-0.010378825787730223,-1.021604792822242
1354,1354,0.004470171599515585,-1.0430244037356677
1355,1355,0.010542540913043384,-0.9734138494299696
1356,1356,-0.012379400235901672,-0.9587303763650229
1357,1357,-0.016757038383898706,-0.8374722667770749
1358,1358,-0.0058828431154845165,-1.152738150928411
1359,1359,0.007790452215591971,-0.9510237828102563
1360,1360,0.024516300726476647,-0.8105543141807121
1361,1361,-0.040299587059179534,-0.8790521018589241
1362,1362,-0.01639704410991346,-0.892139860185432
1363,1363,0.007835530751239807,-0.9974906371095603
1364,1364,0.01867941779647874,-1.0997030725940098
1365,1365,-0.00046294414441161447,-0.8972553325515992
1366,1366,0.007333187712611669,-1.043138173363935
1367,1367,-0.0012458773879378826,-0.9419803453339
1368,1368,0.007281468291943927,-1.0037683458282802
1369,1369,0.04709484505154918,-0.7504582505921711
1370,1370,0.015339583986148122,-1.0806477894503523
1371,1371,0.028785624338481804,-1.1273241575904716
1372,1372,0.04215628238156544,-0.9821722849772467
1373,1373,-0.02478613932524905,-1.268424454923276
1374,1374,-0.007269222370773432,-0.9267735768270113
1375,1375,0.010224345850495045,-0.9465579468395987
1376,1376,0.007969729261617597,-1.033456513265803
1377,1377,-0.002050327243180529,-0.664529032428628
1378,1378,0.0416026988934645,-1.0368013873065625
1379,1379,0.013005634124723227,-1.0598403920385182
1380,1380,-0.0002798147637166626,-0.9201853639408657
1381,1381,0.0020071007619363174,-0.9892137174508082
1382,1382,0.022976628259323548,-1.0590095974208273
1383,1383,-0.008023273834492084,-0.9549801185410933
1384,1384,0.007025995247147893,-1.1875171573165604
1385,1385,0.04627739419969039,-0.9427036226326159
1386,1386,0.052712836190364966,-0.9832587047028571
1387,1387,0.009115229795827268,-0.9412245716774613
1388,1388,0.040152968152250355,-0.99526111117505
1389,1389,0.02094443414935132,-0.887213990939448
1390,1390,-0.03394173597509678,-1.1631858793261531
1391,1391,0.014387672316424198,-1.133535994357875
1392,1392,0.019963365718113614,-1.1103618748517612
1393,1393,0.04932160703569641,-1.2065618594868108
1394,1394,0.00957502229687876,-1.2292858356722065
1395,1395,0.04562215829693053,-1.1388090887756492
1396,1396,-0.00477396361317442,-1.1335354850898856
1397,1397,0.0101448826970094,-0.8319838839002517
1398,1398,0.007824268165729016,-0.8783572093105663
1399,1399,0.016555525917111506,-0.8520704706597078
1400,1400,-0.0008759643401997919,-0.7708613693137614
1401,1401,0.022952162773487467,-1.1010632029838163
1402,1402,-0.043403397110301466,-1.276003040050561
1403,1403,0.05442602275567958,-0.9411760074624236
1404,1404,-0.008212290657064431,-1.041016826055215
1405,1405,0.009433350978970814,-1.1128881435155156
1406,1406,0.010925938566930415,-0.8381868880964858
1407,1407,-0.044294026804804876,-1.0998079438826152
1408,1408,-0.006889912173107221,-1.0177194634109938
1409,1409,-0.02411322082335357,-0.9141122804827845
1410,1410,0.01620271139346132,-1.209124517768768
1411,1411,-0.0037303272850346854,-0.9589957003650927
1412,1412,-0.013234224741157827,-0.9782517261369379
1413,1413,-0.0015015484965082426,-1.0325302055927883
1414,1414,-0.01135546418439045,-1.005927935594706
1415,1415,-0.020844592719329216,-1.0348884419736677
1416,1416,-0.00042686881797115994,-1.0705260159987522
1417,1417,0.02610785714806846,-0.9843991320172569
1418,1418,0.025670008138679895,-0.7808534599778291
1419,1419,-0.006435138838972166,-0.9633488156056303
1420,1420,0.02192555778824385,-1.0507980548312685
1421,1421,0.007334999422295915,-1.0928726546555068
1422,1422,0.017125814822435723,-0.9091603144189192
1423,1423,0.014289331175331127,-0.9529844575820947
1424,1424,-0.02028954396965523,-0.9926671492899556
1425,1425,0.012025018786464406,-1.0988462041070024
1426,1426,-0.01240863960388855,-1.0502375953178409
1427,1427,-0.04536035506634792,-0.9930654945426759
1428,1428,-0.01757281866220997,-1.165060941014385
1429,1429,-0.008376024603645893,-0.8102914004659021
1430,1430,0.01604636565972438,-1.0272967699027722
1431,1431,-0.03211294080214579,-0.9459490260295796
1432,1432,0.0030865928128385872,-0.8300092442830177
1433,1433,-0.01268913300567423,-1.1887874946930672
1434,1434,-0.005785998658020319,-1.0060273292980368
1435,1435,-5.193123878950712e-05,-0.9700228861970058
1436,1436,-0.0016558948711203614,-0.8749036535784366
1437,1437,0.00020491665505024959,-0.740322919940449
1438,1438,-0.013041986398080213,-1.0346465410747177
1439,1439,0.011210499674660923,-1.0605720695685403
1440,1440,-0.0345125030324952,-0.8498597507494245
1441,1441,0.023548311723667607,-0.7945862447677143
1442,1442,-0.05281776033618925,-1.0544162396357661
1443,1443,0.02694397862892242,-0.9916686053150822
1444,1444,0.006577059563867074,-0.9068046650471219
1445,1445,0.019820615395267194,-1.0677501726805503
1446,1446,0.015781854524746803,-1.1363766640238293
1447,1447,-0.008483386515876892,-0.8059394168591911
1448,1448,-0.034828179477153096,-1.0935380342254541
1449,1449,0.027940530565545917,-1.0466676269611106
1450,1450,-0.011102547121276174,-1.0211040528063213
1451,1451,0.009497002982547978,-1.3279666988706833
1452,1452,0.0030578740989297,-0.9760104084063387
1453,1453,0.025302340219841554,-1.040831869619619
1454,1454,0.027787321354004423,-1.115562255194869
1455,1455,0.016409153528132835,-0.9847728478142166
1456,1456,-0.009381863872943375,-0.9412813059110965
1457,1457,-0.010169776996375834,-1.1242044032119414
1458,1458,0.013939334765126182,-0.9895648314030764
1459,1459,-0.010743737030181166,-1.0434047968094116
1460,1460,0.024262992975163773,-1.1967356180670607
1461,1461,-0.008361297997749643,-1.0928528390327479
1462,1462,0.024578201100936704,-0.7839984100177362
1463,1463,0.03483824147017845,-1.0124697458437573
1464,1464,-0.05432078293216284,-0.9676823568463093
1465,1465,0.019807469139374888,-1.0216771075251039
1466,1466,0.006991792478590858,-0.9570732941986679
1467,1467,-0.0012090142729906939,-0.9374786871241609
1468,1468,-0.0004151070392222311,-0.8555655585720069
1469,1469,0.0003814670930378794,-1.0013930615669504
1470,1470,-0.0037309436701344952,-0.9658324564110434
1471,1471,0.0010992209219999657,-1.0976079269310342
1472,1472,0.019911789929684502,-0.7746012249494599
1473,1473,0.014543249643918206,-1.0655933931093204
1474,1474,0.013051520950021836,-0.9072801995957152
1475,1475,0.004617751119600999,-1.0119538441122153
1476,1476,0.009230786248369538,-1.0139565280556304
1477,1477,-0.016798176103029097,-0.9505769228882711
1478,1478,-0.0022596446378863044,-0.9703498297316637
1479,1479,-0.018012599048465534,-0.8843496230333737
1480,1480,-0.042976700830295936,-0.8220542506080589
1481,1481,-0.03694650128092541,-0.7003044214671759
1482,1482,-0.0341678819997039,-0.9612740653666046
1483,1483,-0.03215372186477962,-0.8545123000722485
1484,1484,-0.030513462191084827,-1.0548178002575719
1485,1485,0.021984799964690074,-1.1152821002264381
1486,1486,0.04952558390053664,-0.7638203404164041
1487,1487,-0.013348828753381614,-1.2204280670341459
1488,1488,0.024396223480661065,-1.2832444285333644
1489,1489,-0.034088627648090605,-0.68636366482813
1490,1490,0.017303999670895395,-1.1991443857394595
1491,1491,0.025534089443275704,-0.9332528527007711
1492,1492,0.02649467631917412,-0.9346444604434921
1493,1493,0.019820023160871614,-0.8588304033638267
1494,1494,-0.034402192967260214,-0.9692349721818053
1495,1495,-0.011652162383508358,-1.0536534420530033
1496,1496,0.024536301703689256,-1.0722520475713013
1497,1497,-0.02996387959404663,-0.9392950627371436
1498,1498,-0.010675510607955005,-1.0152738258862657
1499,1499,0.006748313874038223,-0.8969461479785665
1500,1500,0.000660850142709335,-0.9506038676560452
1501,1501,0.003512002383527092,-0.9874488521768039
1502,1502,-0.020896353804716696,-1.2691112285096138
1503,1503,-0.004770389875278419,-1.3062920735442747
1504,1504,-0.041669484123456724,-0.7646778185862302
1505,1505,0.011854097016294422,-1.0980803645846609
1506,1506,0.005574413096181799,-0.9771731349816463
1507,1507,0.006054548595521361,-0.8982436534509115
1508,1508,-0.020172098784448318,-0.9709835618075713
1509,1509,0.020813302755210115,-1.1590555871734918
1510,1510,0.016916755062003998,-1.1133107378314993
1511,1511,-0.002903234085415471,-1.0235399710232365
1512,1512,-0.005153303051831398,-1.0283539330888642
1513,1513,-0.013626123998680125,-1.3570240371266384
1514,1514,-0.02272507324027556,-1.1541241159841311
1515,1515,0.002495517563570665,-1.398075803731155
1516,1516,-0.022132578903756008,-0.8878518507329204
1517,1517,-0.028955906912573832,-1.1255555254032978
1518,1518,0.00902020976059828,-0.8969351347405188
1519,1519,-0.01259557834035932,-0.977314741884497
1520,1520,-0.050264963476908245,-0.9769339290758174
1521,1521,0.013198116926978812,-1.0192024325830416
1522,1522,-0.010031948249084434,-0.836304922324119
1523,1523,-0.0013972280346544602,-1.0009547218900703
1524,1524,0.009078606410282308,-1.0781390856165576
1525,1525,-0.01595905832193801,-0.7708342610963073
1526,1526,-0.003182661816188437,-0.8839932532265852
1527,1527,0.037678315800076544,-0.9636079826533237
1528,1528,0.026755110989201594,-0.9699322955390842
1529,1529,-0.0032549958479780134,-1.1798044765227533
1530,1530,0.004416491116371723,-1.123869044846419
1531,1531,0.028481422407507447,-0.9956174922967017
1532,1532,-0.005301121804749063,-1.2241949379170727
1533,1533,0.024111977749496243,-0.8849204656698084
1534,1534,-0.027083256542536217,-1.1610555080928846
1535,1535,-0.002019523782766458,-0.8275369185811702
1536,1536,0.03030798330696833,-1.0512008026063528
1537,1537,-0.054896948164010674,-1.0548166785557145
1538,1538,0.01345601966740486,-0.9081039945398793
1539,1539,-0.015666706353752453,-0.9984195513829521
1540,1540,0.02068157041268783,-0.8671133854297474
1541,1541,0.023628747617625664,-0.850653279516115
1542,1542,-0.017835069156567886,-0.879282235577101
1543,1543,-0.02857931307486662,-0.9985819204588468
1544,1544,0.004664712062244655,-1.045385621081224
1545,1545,-0.02304220520804145,-0.9429926331274053
1546,1546,-0.007146391171853549,-0.919661650678903
1547,1547,-0.06500136872151976,-0.7515699189256089
1548,1548,0.02298927574237071,-0.995953458140849
1549,1549,-0.03606240376953072,-1.0320754695256356
1550,1550,0.011262837499348187,-1.1647835414851355
1551,1551,0.023017516736666584,-0.7841358674446414
1552,1552,0.011562359956151631,-0.7371856944464517
1553,1553,-0.003605500264774355,-0.8084172302783668
1554,1554,-0.013335742498865669,-0.864855092433535
1555,1555,-0.03676466929698469,-0.7767361484437295
1556,1556,0.02312885732542004,-1.1539760958998637
1557,1557,0.022711289550455597,-1.1112776998081058
1558,1558,-0.013957694803626616,-1.047596390768389
1559,1559,0.0348778076638029,-1.0511150890257375
1560,1560,0.004273514870682685,-0.8655089862553119
1561,1561,0.0214231901352487,-1.0671303919868174
1562,1562,0.00867957064946892,-1.0110902511525905
1563,1563,0.04720315323989535,-0.8555845430189193
1564,1564,-0.003127878091561148,-1.0862623983040238
1565,1565,-0.007685253336611855,-1.0061986253668194
1566,1566,0.004694194137923081,-0.9767289025670304
1567,1567,-0.0014980272750864665,-1.0401292948467347
1568,1568,0.006748691260359374,-0.9571710304242331
1569,1569,-0.013321032335530888,-0.9716043867946328
1570,1570,-0.009559471866522194,-0.7986303921652498
1571,1571,0.010768540074887627,-0.7659232863877702
1572,1572,-0.02144790778713959,-1.0708232911886024
1573,1573,0.015228458508747069,-1.0945465608139382
1574,1574,0.010962359993968412,-0.8818577499339275
1575,1575,0.023651487307260077,-1.0904663359003495
1576,1576,-0.0007360902763328958,-0.9933980395852775
1577,1577,0.01620470455302664,-1.0014867319316965
1578,1578,0.015385136624015736,-0.905614057805566
1579,1579,0.006792720347461395,-0.9081746577727347
1580,1580,-0.029883932933294055,-0.8062580546630068
1581,1581,0.001390261431186049,-0.8193783132065242
1582,1582,0.027610509951303375,-1.107224892554217
1583,1583,-0.004940483060242872,-1.0666781054689733
1584,1584,0.016008973420041817,-1.1450832521296062
1585,1585,0.02452584044611608,-1.0407460211681914
1586,1586,-0.016993194214443397,-1.1881196333559534
1587,1587,0.006505597185743436,-1.179945342940057
1588,1588,-0.007206529424272341,-1.2977571387273363
1589,1589,0.004143272959062732,-1.1256475582644057
1590,1590,0.010772175278254928,-0.9521536288815915
1591,1591,0.017529718983517795,-0.9643716279376912
1592,1592,-0.01959990037168712,-1.093820796277171
1593,1593,0.008189662838791197,-0.8485984899173512
1594,1594,0.058294728329747386,-0.8924343301105033
1595,1595,0.00845039493327715,-0.8450868299214637
1596,1596,-0.002499408001578128,-0.7406705356004515
1597,1597,0.013114636497712405,-0.9969858684123336
1598,1598,0.01710385046999366,-1.249131112619058
1599,1599,0.008170074549922406,-0.8136527609219949
1600,1600,-0.008771094556326853,-0.9679469781376454
1601,1601,-0.06826482229791979,-0.7402469456358096
1602,1602,-0.00324323041544871,-0.9568036655853369
1603,1603,-0.03473561005555535,-1.1633500337608842
1604,1604,-0.033600541003241335,-0.8537061947650577
1605,1605,0.01709529075324289,-1.1364032228740508
1606,1606,0.015331445083965889,-1.0628814381507898
1607,1607,-0.0255556501583869,-1.1827121528474756
1608,1608,-0.011349367598727886,-1.128830719008533
1609,1609,-0.0019943450681656205,-1.0246380001966597
1610,1610,0.015909466941561118,-1.0550862115758757
1611,1611,0.024175170809590127,-1.0664324288365237
1612,1612,0.02894077946961811,-0.9550430250931601
1613,1613,0.004457715586126378,-0.9119676923627925
1614,1614,-0.010914975610849531,-0.7427903359183873
1615,1615,0.06522057502331552,-1.2542243598225056
1616,1616,0.00024826641706997277,-1.0282866187542081
1617,1617,-0.015181801888764421,-0.9158750289175551
1618,1618,-0.046925028305217664,-1.0128999757944586
1619,1619,0.020623720643229912,-0.847877064326073
1620,1620,0.035258542522840025,-0.7974439562007574
1621,1621,-0.02040239361716202,-0.8398283321681351
1622,1622,-0.013272041533982919,-0.8690967125903302
1623,1623,0.0022754288437304877,-1.0074496960290023
1624,1624,0.02412853067513243,-0.9839186119169487
1625,1625,0.01245604453182965,-1.0358279011304201
1626,1626,-0.023277114355144624,-1.1192320607579087
1627,1627,0.0019656397038871343,-0.9611720988868855
1628,1628,0.028501567214165708,-1.0022922283823235
1629,1629,-0.033759151644701085,-1.112738126468419
1630,1630,0.011985793862503813,-0.9993611166853094
1631,1631,0.017625363831125535,-0.7050375996119855
1632,1632,0.009599083343936277,-1.0060361103096922
1633,1633,-0.008335535868803621,-1.0804553706087925
1634,1634,0.05374483374260776,-0.9975113923752027
1635,1635,0.0218463893761586,-0.9993542655750638
1636,1636,0.010458540266486821,-0.8942467985278587
1637,1637,-0.015059329425251186,-0.7669128887604884
1638,1638,0.002987224203487966,-0.8372975879238675
1639,1639,-0.06577580795666568,-0.9088448761043129
1640,1640,-0.02188105959473674,-1.0928915124670568
1641,1641,-0.03621532997028108,-0.9888713297730521
1642,1642,-0.029816770651217846,-0.7202466782585089
1643,1643,0.0274469315671233,-1.0089657729600094
1644,1644,0.024916018694671332,-0.9554445104161524
1645,1645,0.03035606818477085,-0.91248254460801
1646,1646,0.0031673406249949215,-1.1113596336188099
1647,1647,0.021121889714280986,-0.9819709921027345
1648,1648,0.01627003828784005,-0.991432296152534
1649,1649,-0.00015667392751553266,-1.090267324495287
1650,1650,-0.02097481941162601,-0.9569862003847659
1651,1651,0.03796844926291969,-1.0421865152920944
1652,1652,0.029499515955532005,-1.1274629261462257
1653,1653,-0.005620911181074328,-1.0639251948506205
1654,1654,0.014740729859512594,-1.0838616288769614
1655,1655,-0.022263670304942435,-1.0930430773639002
1656,1656,-0.020702501666046237,-0.7359962557864542
1657,1657,-0.00520118062756102,-1.10827915300634
1658,1658,0.031002361390905304,-1.1514256513852237
1659,1659,0.05581409253316181,-0.8861069559153804
1660,1660,0.010785635644027972,-1.0462825311037631
1661,1661,0.003622102894202478,-1.069342956684068
1662,1662,-0.011785425488399406,-1.0133234409834682
1663,1663,0.011299081865314017,-0.7472947434351237
1664,1664,0.0031987353686643884,-0.8449188944865687
1665,1665,-0.013022283503697767,-0.9218688851341343
1666,1666,0.02638709466454928,-1.038506799361033
1667,1667,0.0025006640370953126,-0.9363087909082871
1668,1668,0.005045184442284911,-1.4180094475730578
1669,1669,0.01879490412829865,-1.0482470744924313
1670,1670,0.00794345597587888,-1.0296000712312967
1671,1671,-0.004599760685653575,-1.055926266985347
1672,1672,0.02247388878116352,-0.877261462620216
1673,1673,-0.0008355042048990916,-1.0034775895236352
1674,1674,0.0035285185703495606,-1.0565450901012887
1675,1675,0.004072907125580116,-1.001118207114486
1676,1676,-0.007995445967754687,-1.089864255355115
1677,1677,0.019335865268776977,-1.1651107288724099
1678,1678,0.022886590478427483,-0.8498042045116766
1679,1679,0.005388347360639652,-1.0445804312049574
1680,1680,-0.006635751739629561,-1.217659815945383
1681,1681,0.058321186464524465,-1.087200613322247
1682,1682,0.02611857431780136,-0.9142096791947507
1683,1683,-0.03462455086918449,-1.0603041371093254
1684,1684,-0.061557244197596714,-0.9845192220628523
1685,1685,0.01178795127693065,-1.0382075774094077
1686,1686,-0.03901291681421676,-0.8568840646962188
1687,1687,-0.009993489331443546,-0.8954818988102099
1688,1688,-0.007156186184516087,-0.9849380545142139
1689,1689,-0.005477509900044912,-1.014672548850355
1690,1690,-0.008672531215808292,-1.058956547100829
1691,1691,0.01647938917892653,-1.047598476743131
1692,1692,0.023537371617107145,-1.0527660572473172
1693,1693,0.03404900564406828,-0.9986192641075291
1694,1694,0.030884797622205966,-1.1182704006675006
1695,1695,0.004804716952416049,-0.9642201713947781
1696,1696,-0.03320717471862561,-1.1101640256896652
1697,1697,-0.000690961729403361,-1.11469132062737
1698,1698,-0.015651877752423382,-0.747188635671487
1699,1699,-0.017018973650420946,-0.8100239701006364
1700,1700,0.00713740669394132,-0.9302094619037982
1701,1701,0.011854786814677717,-1.083290599342133
1702,1702,-0.0019928420589338113,-0.9493771003108996
1703,1703,-0.025591231741518145,-1.2135745508775595
1704,1704,-0.004986148540522678,-0.9781801346127478
1705,1705,-0.034872499236379216,-0.9377700405574156
1706,1706,-0.02661761375085362,-0.9149781250599311
1707,1707,-0.0223897871713098,-0.8913142791561205
1708,1708,0.011296353394391577,-1.0747383287791397
1709,1709,-0.0038046943949048163,-1.0497780558262717
1710,1710,-0.005084853230216586,-0.9002421431061606
1711,1711,-0.02048786932925068,-1.001556819312823
1712,1712,-0.013817358431200431,-0.824934810818506
1713,1713,-0.015598905923175657,-1.0090919734839077
1714,1714,-0.011382514393306337,-0.8813720907492171
1715,1715,0.05713723722812821,-0.9765203065961279
1716,1716,0.02952243521538389,-0.9909620390266766
1717,1717,-0.04506968472882153,-0.9269591647710465
1718,1718,-0.004992029974832585,-1.1670057449255808
1719,1719,-0.024560280814613533,-0.749350127596699
1720,1720,0.00973330900166644,-0.8525359282703241
1721,1721,-0.0024666664071850974,-1.0387883095504375
1722,1722,0.005780994721588332,-0.8744689260510916
1723,1723,0.03755730362220658,-1.2872132262535545
1724,1724,0.03379080829016269,-0.9187673786732649
1725,1725,0.02648300127024828,-1.0298953998161247
1726,1726,0.019371149796892237,-1.014360200483932
1727,1727,-0.00896410306241531,-0.9193190534197164
1728,1728,-0.07301302180153103,-0.8861657529604364
1729,1729,0.03331080191309167,-0.8948512280005392
1730,1730,0.005031964231602329,-0.9869942138599099
1731,1731,0.018024805415679516,-0.9851349133967472
1732,1732,-0.008301424496652783,-0.9218109534747513
1733,1733,0.010809497770055632,-0.9519790344909976
1734,1734,0.01133094812041252,-0.9929844091297503
1735,1735,-0.012156582389174685,-1.0012449661186198
1736,1736,0.0004743257581766233,-1.1114191133520321
1737,1737,0.004426600872224323,-0.9456007128819339
1738,1738,-0.007071831823330831,-0.9500386666897603
1739,1739,0.004628490113317117,-0.9708162727097134
1740,1740,-0.005868179127929099,-0.8087203334693503
1741,1741,-0.023804738933971677,-0.7329292245542869
1742,1742,0.030641975816594072,-1.0094297257526266
1743,1743,0.01354812818232088,-1.2212292075635809
1744,1744,-0.006470038168336333,-0.95034278835178
1745,1745,0.04150405612435686,-1.3147826903936481
1746,1746,-0.0222702098996047,-0.9572338542038681
1747,1747,0.007023450797758089,-0.878579545902152
1748,1748,0.0030423479374367558,-1.1146719934243763
1749,1749,-0.0023550307135162644,-0.9097993345722732
1750,1750,-0.015127543770105764,-0.8952346222896161
1751,1751,0.010050603680578966,-0.813917393234921
1752,1752,0.005990603873314092,-0.7583982890078186
1753,1753,0.007203251499027383,-1.1001849568015603
1754,1754,-0.00789149222103956,-0.8917266128400319
1755,1755,0.0192623868768202,-0.8935077634233899
1756,1756,-0.000761045417321804,-1.0397931964180829
1757,1757,-0.0167670177871621,-0.967690089937829
1758,1758,-0.03273429387154782,-1.0137996663083118
1759,1759,-0.04486831340866876,-0.955529687889682
1760,1760,0.01719105903626115,-0.9500977724823072
1761,1761,-0.006011187697464676,-1.0289579025553712
1762,1762,0.03943301979101695,-0.8518684503788796
1763,1763,0.021019009495142196,-1.152095757101936
1764,1764,-0.058587955368339495,-0.6780829714309515
1765,1765,-0.014898616739881052,-1.0369099453681936
1766,1766,-0.03879227174705408,-1.0675796059387004
1767,1767,0.038854012356921604,-0.9075962476606972
1768,1768,-0.005241800021760803,-1.059309979054847
1769,1769,-0.020549640277241595,-0.7081931146671818
1770,1770,-0.015016727864402384,-1.016231110985114
1771,1771,0.008281732357661442,-0.9915468315873267
1772,1772,0.009794976332619165,-0.9517507828770779
1773,1773,0.015584547918702042,-1.0317210745958731
1774,1774,-0.0058457902661347705,-0.8032949092287847
1775,1775,-0.02398728141243224,-1.0725992848362678
1776,1776,-0.0011004585915603549,-0.9375285479670697
1777,1777,0.015015340585936635,-1.1594518849261584
1778,1778,-0.0011796440321658608,-1.04045654485363
1779,1779,0.033801548388552455,-0.860253534496646
1780,1780,0.012985875373477285,-0.8978226890180006
1781,1781,0.0013385667637303353,-0.9224169573199026
1782,1782,0.004193377087125159,-1.1791604596037717
1783,1783,-0.013592196449769747,-1.006598973453558
1784,1784,-0.009485447135860678,-1.134712083726726
1785,1785,0.006730161964883755,-0.9698704960470581
1786,1786,0.04324179380753261,-0.8772481439335514
1787,1787,0.04101547922249283,-1.0234957164553615
1788,1788,-0.04513312735994553,-1.1398364025756254
1789,1789,-0.005554615397142186,-1.0591894435705083
1790,1790,0.022223676891019783,-0.8708553757370444
1791,1791,-0.011184520167452798,-0.9302440046809844
1792,1792,-0.03357692261884838,-1.1155263740740013
1793,1793,-0.000897521584165336,-1.0892898896640615
1794,1794,-3.489876196660635e-05,-1.0511356292108291
1795,1795,0.005651502875283515,-0.8775387287547239
1796,1796,-0.0076156340991888945,-0.9357408024332199
1797,1797,-0.0021885674736687177,-1.0306696410071425
1798,1798,0.005339665001186045,-1.0791521022052837
1799,1799,-0.009325546283695765,-0.9525761066322233
1800,1800,0.03043249416269874,-0.9987030429768813
1801,1801,-0.004146281701379546,-0.9766123920512726
1802,1802,-0.06316254206508823,-0.8767862834961311
1803,1803,0.04865740471483846,-0.9997227730062207
1804,1804,0.01841313044598912,-0.9164612154253593
1805,1805,-0.019661199226548756,-0.9474616891888927
1806,1806,-0.017863538162165977,-0.9281892792569336
1807,1807,0.006720354075262905,-1.0107972063301782
1808,1808,0.04856202946384421,-1.3434212950242104
1809,1809,-0.008676541710239766,-0.9979116226474626
1810,1810,-0.024066555367542847,-1.3348221197032466
1811,1811,-0.017608603033689885,-1.0044063163650176
1812,1812,-0.0033552095599281868,-0.9489635868284699
1813,1813,-0.004768523419800136,-1.2121036340072346
1814,1814,0.02723530751520819,-1.1641651219140354
1815,1815,0.00521933722938811,-1.3301032905888224
1816,1816,-0.01727357246295676,-1.2085497636155758
1817,1817,-0.008045082035086176,-1.04540998898266
1818,1818,0.018106639027796856,-1.002856117785527
1819,1819,0.031586098725655244,-1.0161617531680016
1820,1820,0.036958799106216834,-1.0403119208160139
1821,1821,0.06062722139831986,-0.9677589665514558
1822,1822,-0.013564688324025034,-0.9378614116756577
1823,1823,-0.0023943923222462665,-1.1103181767119388
1824,1824,-0.008887602607238393,-0.873643231244922
1825,1825,-0.006226445016716348,-1.0076887162467247
1826,1826,-0.001204609596748188,-1.1666787571533965
1827,1827,-0.014216033864580938,-0.9277200204347438
1828,1828,0.026778235943689485,-0.960780628058109
1829,1829,-0.035085613777912146,-0.9201056212887729
1830,1830,0.018518053165628753,-0.9961511941672667
1831,1831,0.03241628353561678,-0.9049163691142798
1832,1832,-0.026261498702719693,-1.1249955692163316
1833,1833,0.017633771051326727,-1.154922582990395
1834,1834,0.025173062849113748,-1.1645173352911702
1835,1835,0.015928791023243516,-0.9538972550501015
1836,1836,0.01865501263786834,-1.3238548146813387
1837,1837,0.02057096846468484,-1.222582707260036
1838,1838,0.035220331255360775,-0.9038110010354412
1839,1839,0.03287816465611715,-1.00629097517672
1840,1840,-0.02202592527858438,-1.110964770768047
1841,1841,0.014954241885728248,-0.9955836124853377
1842,1842,0.009517615429380176,-1.06797341085191
1843,1843,-0.029321286787570868,-1.0615561688396222
1844,1844,0.003805915951657954,-0.8399566464198331
1845,1845,0.00968493031437985,-0.9683231053615511
1846,1846,0.0035754247296240164,-1.0101283137680674
1847,1847,-0.038410255236458586,-0.9268250246793809
1848,1848,-0.005403163972782878,-1.2124123489968692
1849,1849,-0.017903243666932342,-1.0520935318152518
1850,1850,0.02157789933460031,-0.9028420553701509
1851,1851,-0.00961600726069771,-1.0212670694034238
1852,1852,-0.0193093273037422,-1.1078527335538935
1853,1853,0.013271731802317333,-1.1142666179551433
1854,1854,-0.010255094657466685,-0.9364863212330541
1855,1855,0.016075447772979035,-1.1021514519496605
1856,1856,-0.000707810050515064,-1.087814598899671
1857,1857,0.02392029360140462,-1.208657116272722
1858,1858,0.019060577697628728,-1.023698896085903
1859,1859,0.00820876978789728,-1.1151615851867753
1860,1860,0.01144589251258317,-1.1855404736148023
1861,1861,0.036560148366372586,-1.2442397409520076
1862,1862,0.0003978430936309729,-1.133099866779366
1863,1863,-0.0015195992832039429,-1.0272067780003014
1864,1864,0.012066819268136676,-0.8009101814156155
1865,1865,-0.003060641270774822,-0.9319217787670767
1866,1866,-0.016216097756192135,-0.9398955020669548
1867,1867,0.05431848330297927,-0.966569849360926
1868,1868,0.02085622896139034,-0.8833270668773722
1869,1869,-0.026958689368325506,-0.8432314571984257
1870,1870,-0.00426745972511966,-1.1161999218902814
1871,1871,-0.003536074246951862,-1.0953463080567045
1872,1872,-0.03532658622787852,-0.9765345712585969
1873,1873,-0.0107396027239171,-0.943319453540217
1874,1874,-0.011981436401933873,-1.079775249459429
1875,1875,-0.050634369354926746,-1.0455108501821202
1876,1876,0.04751230833825834,-0.9656781834166557
1877,1877,0.012289084134558509,-1.1486886157900873
1878,1878,0.01118034596249276,-1.1374016780590697
1879,1879,0.005052643831426715,-1.0210452379206836
1880,1880,0.011458317209837032,-0.993886462121952
1881,1881,0.012346696535021628,-1.0988055692344498
1882,1882,-0.027425125403068677,-1.0488257334629982
1883,1883,-0.06189418621318235,-0.9801973829043961
1884,1884,-0.038727290582709156,-0.8097819766961744
1885,1885,-0.002310331859923992,-0.9517863367563071
1886,1886,0.005532360313771592,-1.0648182811589555
1887,1887,-0.016173135690960197,-0.9717156123424688
1888,1888,-0.0018572223013895127,-1.119849449426408
1889,1889,0.03990297512001433,-1.133932142895138
1890,1890,0.015866139246588112,-1.1192641425226761
1891,1891,0.018107134053293537,-1.088873722324667
1892,1892,0.01667449995118757,-0.8973937995325616
1893,1893,-0.026439339389746186,-0.9551591574583497
1894,1894,-0.028420030798758156,-0.9800249841133599
1895,1895,-0.017181311289786352,-1.0409241214803644
1896,1896,-0.00048684819377099384,-1.0702290592185064
1897,1897,-0.0037909811201463604,-0.8844117147526093
1898,1898,0.011010820479266811,-0.9450737467599886
1899,1899,-0.007245286795638961,-0.8495309559329257
1900,1900,-0.0035191315030061177,-1.0554985572636288
1901,1901,0.005525056921930727,-0.9610221991646521
1902,1902,-0.02450578321792339,-1.0201464283142274
1903,1903,0.0037829843476965552,-0.7997466838881861
1904,1904,-0.012309966660582844,-1.0869815768521538
1905,1905,0.008081366223315636,-0.9910049957870026
1906,1906,-0.012192376196841354,-1.2249505860057193
1907,1907,0.014102883499451402,-0.9701890871585072
1908,1908,-0.013281501616360818,-0.8189523898145351
1909,1909,-0.0077100293983218965,-1.0903668609864179
1910,1910,-0.0008142770787956111,-1.0051401717904431
1911,1911,0.020204879968826937,-1.012623569606087
1912,1912,0.04862430976119719,-0.9798455960103404
1913,1913,0.02729411784679233,-1.0377896656545635
1914,1914,-0.016558953471102582,-0.9876501082259351
1915,1915,0.007852027702823977,-1.0109018519887136
1916,1916,0.09243446830685446,-1.029368310790281
1917,1917,-0.00317889489919478,-0.7867478978731581
1918,1918,-0.009174077323684221,-1.0317524365593669
1919,1919,0.0073639556342487145,-1.0091459763418844
1920,1920,0.01213661062347941,-0.9996562232106714
1921,1921,0.008606473749738303,-0.9654478560922707
1922,1922,-0.013578861256854313,-0.9238446233706635
1923,1923,-0.00439898767473465,-0.9406169738200524
1924,1924,0.0038205597708143683,-1.112011839763733
1925,1925,0.0051992713170556926,-0.8171418137855938
1926,1926,-0.04329390159255978,-0.8538033815378734
1927,1927,0.03599781978739203,-0.9719869123652374
1928,1928,0.0127952349598221,-0.9312265062585016
1929,1929,-0.0236453826473505,-0.8717158570834567
1930,1930,-0.008777817189641213,-1.1181758405464575
1931,1931,-0.00727651317180885,-1.0917116845846864
1932,1932,0.007858819209042467,-0.9862073175085782
1933,1933,0.01716865226262071,-0.9504586748536624
1934,1934,-0.0017770326230830552,-0.8987346314870749
1935,1935,-0.008091761287103594,-0.7564965816856181
1936,1936,-0.01310936677810999,-1.0059713913196322
1937,1937,0.019715770320206688,-1.100982593259918
1938,1938,-0.0120046722717745,-1.1292057952706063
1939,1939,-0.06606114686129728,-0.7922651382619356
1940,1940,-0.01020104584476955,-0.9418476177655415
1941,1941,-0.009855153212197446,-1.1121189950277783
1942,1942,-0.04621334555137395,-0.8080889522347486
1943,1943,-0.001781333851144512,-1.1558601090496743
1944,1944,0.0006092227426578445,-0.9330714677815813
1945,1945,0.016805262384027936,-1.00855759848573
1946,1946,0.02819193502032942,-0.9679555704736217
1947,1947,0.023733105181135132,-1.0255803737380353
1948,1948,-0.006578828415512689,-1.1838618399483543
1949,1949,-0.00970512654286601,-0.8820569426923515
1950,1950,-0.006946881606364625,-1.0243237028729053
1951,1951,0.02603713936684214,-1.1332230859064578
1952,1952,-0.030804321010842378,-1.0319672876167634
1953,1953,-0.016816429043280928,-0.8244119068562029
1954,1954,0.00019325425181665468,-1.0237211418820433
1955,1955,-0.018394918752677278,-0.984672538949254
1956,1956,8.49278722499236e-05,-1.1112530960605296
1957,1957,0.03113552762611149,-1.154576727362637
1958,1958,-0.006342073702294112,-0.728652918972261
1959,1959,0.04283466327419935,-1.1012080427500186
1960,1960,-0.07872474911663611,-0.6377319183546133
1961,1961,-0.000741863932212079,-1.0228497834988244
1962,1962,0.02194522766371211,-1.089872004577208
1963,1963,0.01612961262742313,-1.1920894500615422
1964,1964,-0.017488821843077706,-1.092692775615129
1965,1965,0.021296833925285794,-0.9004917668223319
1966,1966,0.0309754160384402,-0.8077924461311454
1967,1967,0.017125993525957964,-0.9691414478446132
1968,1968,-0.02019012231127057,-0.9254464977765008
1969,1969,-0.0036203373415157614,-0.9130321646986728
1970,1970,0.0023513296626835427,-0.9059369094300818
1971,1971,-0.03688735048471603,-0.8019658420810727
1972,1972,0.00155764513733931,-0.8004648237035457
1973,1973,-0.01377680846475459,-0.6934539966350242
1974,1974,0.00670485588786543,-1.114371545443201
1975,1975,0.052935845511171246,-0.925706061338729
1976,1976,-0.0010285928872028893,-0.9101540482291361
1977,1977,-0.007206278448474204,-1.0200714407598235
1978,1978,-0.015971446713908363,-1.0275328065200349
1979,1979,0.0028642712820123595,-0.975286429157779
1980,1980,-0.0378441852440817,-1.1317588636705551
1981,1981,-0.010273175832119908,-0.8813206746058693
1982,1982,0.05703340115820946,-0.8589258001445679
1983,1983,-0.01808314273984562,-0.9051868776742998
1984,1984,0.044716050500659354,-1.050496755565248
1985,1985,0.004576939321181375,-0.9469646772947043
1986,1986,0.026743298584406636,-1.0070278802449746
1987,1987,-0.0018652681385349715,-1.0282990186439982
1988,1988,-0.0002717099832499209,-0.8566792989442745
1989,1989,-0.005183726703622146,-0.7701194582165958
1990,1990,-0.03240710483384394,-0.9666270597443476
1991,1991,0.014760296966125117,-0.8690674791653443
1992,1992,-0.024287527186812142,-0.8420475783561191
1993,1993,-0.04358753168618104,-0.8302716443829568
1994,1994,-0.010114181219951598,-0.9255402840423088
1995,1995,0.02689448715358727,-1.1478024994406706
1996,1996,0.0018116526840644704,-0.831459837708381
1997,1997,0.04524957482877796,-1.0328938258030949
1998,1998,-0.044419622744081205,-0.6761296565306473
1999,1999,0.022119148069114733,-1.0229607053264853
2000,2000,0.04032415981460916,-1.0999682461765334
2001,2001,0.00814017054458166,-1.2073954190919478
2002,2002,0.012991691760204677,-0.9991821281438346
2003,2003,0.009705804428012978,-0.8823539877348661
2004,2004,-0.021262656414439585,-1.0056336880439274
2005,2005,0.023090446666104807,-1.0939340305279717
2006,2006,-0.0089177019661409,-1.0333328285607855
2007,2007,0.025845629541821083,-0.9113227666320488
2008,2008,-0.010233182706297111,-0.9802935174493829
2009,2009,-0.006841787516450242,-0.887272767482131
2010,2010,0.05848586183082224,-0.8837211008455789
2011,2011,-0.007683596654914793,-1.1034952428948048
2012,2012,-0.013517170632668796,-1.0194786990736622
2013,2013,0.025810892759692883,-0.9299982215539881
2014,2014,0.020600508751249025,-0.9207515206482173
2015,2015,0.021928063934070364,-1.0848325387725237
2016,2016,0.006864343597444641,-1.1687348691014638
2017,2017,0.010888162212437335,-1.0139908931369432
2018,2018,0.014501165279092454,-1.1053386129133078
2019,2019,0.013174033168403099,-0.9090335197950217
2020,2020,-0.031456124832918805,-0.8953779047677015
2021,2021,-0.022666221037375485,-1.1002537497154796
2022,2022,-0.033885607656811395,-1.2503358712832018
2023,2023,-0.001282384472961945,-1.0362416861292323
2024,2024,-0.0019883483643312744,-1.0718178698770073
2025,2025,-0.05138551466415593,-0.8523505128390929
2026,2026,0.038467785660462564,-0.8494216641844636
2027,2027,0.004450961004454745,-0.840558804549293
2028,2028,0.005395146388963502,-1.1102114110754464
2029,2029,0.021535566106971056,-0.9813457311059834
2030,2030,0.00954633138833496,-1.0135659570170263
2031,2031,-0.046325931667735284,-0.9101118378905335
2032,2032,-0.03265658852833706,-0.825275561368968
2033,2033,-0.014919506790389642,-0.902096155193053
2034,2034,0.005020926562417996,-0.8665007393865489
2035,2035,-0.018570162022987988,-0.8477781603438732
2036,2036,-0.021524426665391297,-0.820629504511488
2037,2037,-0.0020103454612315774,-1.199311210761817
2038,2038,0.008908073243611217,-0.8391162839740459
2039,2039,-0.0031741221410086715,-0.7638593676963272
2040,2040,0.01455639401209545,-0.9948892778877048
2041,2041,-0.05672833714163829,-0.959798979615625
2042,2042,-0.036440548288686314,-1.011294230227528
2043,2043,-0.03210995970217058,-0.8083480018243813
2044,2044,-0.006831976111163082,-0.9421828838957432
2045,2045,0.003090862400857125,-0.8494638281867442
2046,2046,0.021180283002079886,-0.9473899328977043
2047,2047,-0.025852000712315106,-0.8985913309839337
2048,2048,0.05877808991113577,-1.004708434924077
2049,2049,-0.003191059190339518,-1.095596240903427
2050,2050,0.008200811821337362,-0.9670613157591675
2051,2051,0.017230358031740334,-1.0593453453043151
2052,2052,-0.00830884773548939,-1.1448094344865212
2053,2053,0.03226341994685526,-0.964087013246743
2054,2054,-0.015937468259529325,-0.9260124465788009
2055,2055,0.0009393907857801059,-0.8563612203144123
2056,2056,0.012488110354805834,-1.0171915232029964
2057,2057,0.02331089684590211,-1.109787773797011
2058,2058,-0.025039333111983902,-0.8647423554569474
2059,2059,-0.029370460660970682,-0.9461342981941574
2060,2060,0.019170852744998086,-1.1737991614142518
2061,2061,-0.01645004663862646,-0.9780571119236385
2062,2062,-0.0022174990932408573,-0.9172568922467796
2063,2063,-0.020465025572700635,-0.9676986868364233
2064,2064,0.021424243788993463,-0.8604890190174183
2065,2065,0.013283609163728883,-0.9234752635012325
2066,2066,-0.027488325647895342,-0.8797267126889027
2067,2067,0.01345303229179539,-1.0972691297773933
2068,2068,-0.019359189210503277,-0.9070810901983978
2069,2069,-0.021794901054105104,-1.0120153950253166
2070,2070,0.011802928610265917,-1.093944874322011
2071,2071,0.005364994485225524,-1.070820392598649
2072,2072,-0.015060512222598646,-0.9080026361975353
2073,2073,0.029749282549474638,-1.2154582991154088
2074,2074,-0.0072333193577883564,-0.8641429743359361
2075,2075,0.05246102737219743,-0.9652567872449027
2076,2076,-0.006290562558314783,-1.1178754443131436
2077,2077,0.06890860248090334,-1.074400075332583
2078,2078,0.027934993514488558,-0.6085446643607253
2079,2079,-0.008461777017320767,-1.1237470328911936
2080,2080,-0.017013941287092882,-1.1171624254519545
2081,2081,0.017191315366060136,-0.9449135079827573
2082,2082,-0.006704584013850962,-1.2159137707657222
2083,2083,0.012362752899827988,-1.094543131139749
2084,2084,0.007255838212301663,-0.9133254333371786
2085,2085,0.00029347173204649635,-0.8094005529456876
2086,2086,-0.00013272716801562834,-1.0807059113931448
2087,2087,-0.08458992103495629,-0.6791696886501427
2088,2088,-0.00735214779809891,-1.2492824857048728
2089,2089,0.03146269712376827,-1.3070275620706306
2090,2090,0.003750613034372144,-1.1521465461278908
2091,2091,-0.001415943333360179,-0.9351679389763236
2092,2092,-0.0032097433419944754,-0.8128547531598291
2093,2093,0.011055566658649027,-1.008261699367465
2094,2094,-0.04884157686746613,-0.8809324602445046
2095,2095,0.009730355925467709,-1.1321937740511543
2096,2096,-0.013067443168667009,-0.9250653286450866
2097,2097,-0.05940573864417863,-1.2007285356588173
2098,2098,0.0018884246202858501,-1.1071166580112024
2099,2099,0.024126475916415036,-0.9923626339211866
2100,2100,0.025470592277064587,-1.114049673011328
2101,2101,-0.0153138504225704,-1.0138898589131256
2102,2102,0.017153641975774462,-0.922124738833235
2103,2103,0.013036986292618749,-1.1777884124408367
2104,2104,0.02389118074639132,-0.8674606971078793
2105,2105,0.03353347975533233,-0.8161148041018239
2106,2106,0.017934628555070574,-0.9149284694965841
2107,2107,-0.003584019939111824,-1.17048622771246
2108,2108,-0.007437323615305025,-0.9722372905183021
2109,2109,0.0001362823717990791,-1.1313873037735265
2110,2110,0.021662114197010987,-1.1143034791331878
2111,2111,-0.028434227002249256,-0.9993353098494648
2112,2112,0.0012155143251665612,-0.8325391433504842
2113,2113,0.01376381454667161,-1.0139767998732694
2114,2114,-0.04479636072383586,-1.1314443929330362
2115,2115,0.0055647432453832385,-1.1638551961793104
2116,2116,0.024801585437957258,-0.8745935537602455
2117,2117,-0.0016035642731890287,-0.9614969574192234
2118,2118,-0.007566336131933915,-0.8242210387735502
2119,2119,-0.03741435506043085,-0.9093607473815297
2120,2120,-0.010697711941990692,-1.0722551275021839
2121,2121,0.013641789325425396,-1.1845046886154074
2122,2122,0.0037452766847503247,-0.9861810045404045
2123,2123,-0.006941515594399018,-1.2404988972634154
2124,2124,-0.02832274291212205,-0.9074572218339932
2125,2125,0.03812731985892265,-1.1010337425138383
2126,2126,0.050289038545139664,-0.8684701652731409
2127,2127,-0.019838085923706488,-0.9792659903860691
2128,2128,0.007684771060188732,-1.043502623721712
2129,2129,0.03585357796790156,-1.1058358754124438
2130,2130,0.013824160073433768,-0.8886004105335819
2131,2131,0.002218396843340246,-0.9766221606215225
2132,2132,0.004890695289004486,-0.882148150521223
2133,2133,0.0020473166381215144,-1.0168018247289123
2134,2134,-0.004531381553433425,-0.9117600448381721
2135,2135,-0.009878064129169313,-1.0306377191615708
2136,2136,0.013917972682645163,-0.8776679829273338
2137,2137,0.040097886574572424,-1.1877155926973673
2138,2138,-0.006948021395020154,-0.9725073693365858
2139,2139,-0.028285270474043174,-0.629365151953609
2140,2140,-0.022698364120146725,-1.067516764508904
2141,2141,-0.026459502600250272,-1.0364365771136512
2142,2142,0.01729216818846866,-0.8380133194822551
2143,2143,0.012411410523531716,-1.012778371224143
2144,2144,1.2872136212913055e-05,-0.7707550765495558
2145,2145,0.008100739877396353,-0.9015919875503368
2146,2146,-0.001871058108383103,-0.7732165420914426
2147,2147,0.010196671565767909,-1.052398315008856
2148,2148,-0.0033707649948323537,-0.8490333058454835
2149,2149,0.01852509567252924,-0.9088010384820238
2150,2150,0.01117111265862597,-1.0139670318068088
2151,2151,0.020713101563497628,-0.9382168644263014
2152,2152,-0.0035353349725997787,-0.7609272918285213
2153,2153,0.02095445401868569,-1.1131047162107592
2154,2154,-0.0006419724593546144,-0.8827377625337391
2155,2155,-0.02045341747805568,-1.1055457178347945
2156,2156,0.04734894516142392,-1.066228612578221
2157,2157,-0.009190551341998893,-0.9713737727988392
2158,2158,-0.012331656484402091,-0.9018675425713752
2159,2159,-0.0009577613270183166,-1.0342189840309253
2160,2160,0.009842158556304017,-1.003911805291802
2161,2161,0.034048657813785826,-1.222935218041913
2162,2162,0.02281394360693295,-1.3103454179804825
2163,2163,0.033073214933871525,-1.0628007385178468
2164,2164,0.01758435833587358,-1.0054664474313584
2165,2165,0.0036519596203926086,-0.9547412710486605
2166,2166,0.002904630375670514,-1.0786905698335563
2167,2167,0.012311877547213981,-0.9785284045957967
2168,2168,-0.026138540779726605,-0.9559731142758081
2169,2169,-0.02543823220544489,-0.9055211717097056
2170,2170,0.02481335090525414,-1.0657797034987242
2171,2171,0.038750676883999996,-1.1171625063334376
2172,2172,0.010698406831918944,-1.2010804261495638
2173,2173,0.01803152288884126,-0.8790027445225791
2174,2174,0.0014779087945900882,-1.0552232793537735
2175,2175,-0.0039384161441932825,-0.8364105119645092
2176,2176,0.01017106984028435,-0.8773541953746496
2177,2177,0.0030433037860810135,-1.0657443450958175
2178,2178,0.044669708953387774,-1.1787853037354872
2179,2179,0.010491222941192254,-1.0458382520549028
2180,2180,-0.007518361427680906,-0.9976961523272424
2181,2181,-0.018959668170353484,-0.9291044482279074
2182,2182,-0.027271530631877983,-0.9241014393655439
2183,2183,-0.0035221603663695023,-1.0506669685257028
2184,2184,-0.0012622733457050006,-1.207086002550887
2185,2185,-0.0012610867906632456,-1.0563804059457778
2186,2186,-0.012374981482376049,-1.0199408926794475
2187,2187,0.017330722564295145,-1.1460658970904045
2188,2188,-0.013876471966165274,-1.0564352201631426
2189,2189,0.004174262527377852,-1.0171042731143811
2190,2190,0.00762280487495863,-1.112702574588552
2191,2191,0.006077384623277289,-0.9577477824631156
2192,2192,-0.004597033512557469,-1.183533960965585
2193,2193,-0.010121410884645559,-1.0974043542655867
2194,2194,0.028497888161798223,-0.9734770246650023
2195,2195,-0.029496880815915144,-0.8070903238260376
2196,2196,-0.03986175651808626,-0.9264274438293961
2197,2197,0.023860247456357897,-1.1202907271822715
2198,2198,0.017880803429878536,-0.859399396108629
2199,2199,0.01933842665837042,-1.0359018725385016
2200,2200,0.027851424752206866,-0.861937533753398
2201,2201,0.028901310003939785,-0.8854032240971431
2202,2202,0.01824334286571376,-0.8586974123073795
2203,2203,-0.015357130051939954,-0.9003210664258525
2204,2204,-0.027416482078007103,-0.955951535235864
2205,2205,0.009538476713992862,-0.936317846128728
2206,2206,0.0023904299720591757,-1.071991002316754
2207,2207,-0.016013951290982743,-0.8489363764938218
2208,2208,-0.011057717738930328,-0.9240450494211637
2209,2209,0.017022702271812094,-0.9245137452390555
2210,2210,0.03407845713229604,-1.0419498721772311
2211,2211,0.015598843844058546,-0.989697781478985
2212,2212,0.06652108476693022,-1.2958317665878216
2213,2213,-0.030022522245233364,-1.1440451759632773
2214,2214,0.025358692600487925,-0.901847204735694
2215,2215,0.023048572610958048,-1.0242659083615755
2216,2216,-0.043633233446946584,-0.9292778128888765
2217,2217,-0.0052072653793544255,-0.6708336185385992
2218,2218,-0.019352005472748977,-0.8697548662465066
2219,2219,0.007383399721145878,-1.1375348126088436
2220,2220,-0.012043818805094295,-1.0367122766236074
2221,2221,-0.012420442965090171,-0.9590090643694402
2222,2222,-5.9992258557434175e-05,-1.1483660905013873
2223,2223,0.012763617385089127,-0.9672206594849163
2224,2224,0.021941238279159503,-0.9821697557654241
2225,2225,-0.02190238630541968,-0.9506947669486322
2226,2226,0.0030522579051838264,-1.0844137518739858
2227,2227,-0.02224605813383261,-1.2791790306601563
2228,2228,-0.0379931514801686,-1.2283952716933273
2229,2229,0.05274052603583331,-1.2297199443481495
2230,2230,0.017922536714013337,-0.9617447087035423
2231,2231,-0.004009949384969486,-1.1322704327382747
2232,2232,0.016175025387901873,-1.007422670091389
2233,2233,-0.018651185376474505,-0.8636789940266488
2234,2234,0.01425402145443597,-0.8988785370983441
2235,2235,-0.013780443072897226,-0.8852228405064553
2236,2236,0.03745512905412389,-0.8847348171552049
2237,2237,-0.00467796983267893,-1.125179747951073
2238,2238,-0.0024414381645342376,-0.79489849353093
2239,2239,0.019641927670098827,-0.9531457983965527
2240,2240,-0.0031545720032675004,-0.8828279698562813
2241,2241,0.003909535052418853,-0.9103507847630031
2242,2242,-0.028571959050560473,-0.8958175752854737
2243,2243,0.030108446580718276,-0.8849268103523611
2244,2244,0.011170315404513822,-1.2189984460897623
2245,2245,0.04095351314769663,-1.112514582730305
2246,2246,0.03514843987424027,-0.8115110658097253
2247,2247,-0.0015098131633734801,-0.941021224211266
2248,2248,0.01287385708911521,-1.089446051056591
2249,2249,-0.015952577715558774,-0.9657887219135944
2250,2250,-0.0192832845653699,-0.9727308531497652
2251,2251,0.02029278425165562,-0.9918557321309005
2252,2252,-0.020706638971112353,-0.9376723815210969
2253,2253,0.01264647388690006,-1.009921564042215
2254,2254,0.017021195213677794,-1.0410566593467852
2255,2255,-0.005584225423086143,-1.0910962937776758
2256,2256,-0.049206227993151844,-0.7349319506267822
2257,2257,0.022752880458162712,-0.7952393860535192
2258,2258,-0.0789466741349431,-0.9814208443333248
2259,2259,0.003383334782403727,-0.8404585104608959
2260,2260,0.0450087434335807,-1.0804740953175507
2261,2261,-0.0009744682527781934,-1.0236589134171474
2262,2262,-0.011505617849740829,-0.9928829219645441
2263,2263,0.029151823888372345,-1.2872735306285181
2264,2264,-0.023925104397651963,-1.151858306505074
2265,2265,-0.04595330940162637,-0.928197364666376
2266,2266,-0.04578038230355437,-0.8680098392910749
2267,2267,0.012540559027987633,-1.0805827209124268
2268,2268,0.03400051075596536,-1.009031187747094
2269,2269,0.015249606841071824,-1.072447127930391
2270,2270,0.0023369503498134325,-1.059729401965219
2271,2271,0.01171629563186491,-1.0978520426286895
2272,2272,0.016317329992111232,-1.0344829157200413
2273,2273,-0.011569741002980617,-0.9360654065289434
2274,2274,-0.031367101376556725,-1.0168833793846073
2275,2275,-0.003739984853371188,-1.0303855677582463
2276,2276,0.0004902940014232041,-1.16791360160736
2277,2277,-0.018120000807889558,-0.7641124102986991
2278,2278,-0.004046679230671646,-0.8453878589445618
2279,2279,-0.026158945293841572,-1.0327475971075777
2280,2280,-0.001386835416144025,-1.1027953752368098
2281,2281,-0.0032951710344231167,-0.9137223597369687
2282,2282,-0.029479636895100324,-0.6947652587919093
2283,2283,-0.021247740548945807,-1.0275905967455368
2284,2284,0.034720474650249016,-0.8689205212133173
2285,2285,0.01393296501097508,-1.0885635075052642
2286,2286,-0.04930877829515874,-1.1215125589835444
2287,2287,0.02389122269787639,-0.8594367580521393
2288,2288,-0.0166088662389568,-0.9369628386680471
2289,2289,-0.019999124371936947,-0.9444589871407556
2290,2290,0.0056234782120234,-0.9166442806232041
2291,2291,-0.0019963346921398617,-1.1142645206596642
2292,2292,-0.003267129472838304,-0.8527953224568001
2293,2293,0.017115409013851935,-1.1662978142156648
2294,2294,0.03101137369783325,-0.9276832386433069
2295,2295,0.027228866061833876,-1.1005545574592723
2296,2296,0.008808693044358079,-0.9595518682267952
2297,2297,0.029338853793093,-1.056581378406339
2298,2298,-0.006429931324105222,-0.9163348411713044
2299,2299,0.0004382898377476713,-0.9232941214691908
2300,2300,0.053462554787371705,-1.2397726042706345
2301,2301,-0.03491268019917543,-0.8699600824135987
2302,2302,-0.008653755632240405,-1.206119040815013
2303,2303,-0.0034456706496543057,-0.8386609456137297
2304,2304,0.00795853071400418,-0.8808547719160845
2305,2305,-0.0021960607941106823,-0.9066396374181551
2306,2306,0.029642509762042368,-1.1229238734224194
2307,2307,0.0035131303025876157,-0.8503627130490443
2308,2308,-0.008106971749371306,-0.8816012559737906
2309,2309,0.030111720665117192,-1.152761771158426
2310,2310,0.01446544656755848,-1.0087656575520279
2311,2311,0.0023071866197457297,-0.9849413605431786
2312,2312,0.025515433522479317,-1.1645163708071709
2313,2313,-0.023695180842858377,-0.9405878392021766
2314,2314,0.010490210400435546,-0.9019617123550022
2315,2315,-0.03311310208394939,-1.0575461982774135
2316,2316,-0.011121249145730752,-0.7145803907683552
2317,2317,0.019617061796579308,-1.1573699035875578
2318,2318,-0.03577884535305023,-0.9845885739834277
2319,2319,-0.007595152657322066,-0.9881045285725304
2320,2320,-0.01730632432041219,-0.8253328740951862
2321,2321,0.019390388710617802,-1.11505392367917
2322,2322,0.02502502592870931,-0.9808329857182967
2323,2323,-0.011164495610592216,-1.1741378160269442
2324,2324,0.023712626309977385,-1.1327428644396247
2325,2325,-0.014491403320769577,-0.9815861761710543
2326,2326,-0.03064315412329087,-0.8344574658521584
2327,2327,0.02801071466966755,-1.2190208702959975
2328,2328,-0.010908424788134835,-1.2110833208293288
2329,2329,0.037873851158171906,-1.0272007565790138
2330,2330,0.022248257977762642,-1.3253373672056685
2331,2331,0.006465897026833464,-0.9548452271951374
2332,2332,0.019669976749262255,-0.7954836701841889
2333,2333,0.023399932455424412,-0.7862821099375051
2334,2334,0.016444533878565662,-0.9728898124002449
2335,2335,0.023408386527005873,-0.7941808536517895
2336,2336,0.02117784919053194,-0.7481008122466866
2337,2337,-0.01844656964660608,-0.9240670933698477
2338,2338,-0.019886172587992294,-0.9779764572654597
2339,2339,0.007518572226644187,-1.0470159176570246
2340,2340,0.020144412285878113,-0.9145921649390976
2341,2341,-0.0429353124293763,-1.093972690099747
2342,2342,-0.00980823530222497,-0.8669213130055236
2343,2343,0.012325667528951006,-1.0707599040132456
2344,2344,-0.023621826430926654,-1.0010981160431953
2345,2345,-0.01938588737872704,-0.7737324311592481
2346,2346,0.058586995190542536,-1.0423061536628007
2347,2347,0.015183315369898448,-1.1345507542978748
2348,2348,-0.004274313814980765,-1.0412675225900652
2349,2349,0.01760533187082399,-1.0251231444437627
2350,2350,0.024298474975495893,-1.0688045394573888
2351,2351,0.003844483163201351,-0.9649997762309028
2352,2352,0.005108427748136163,-0.9827551953643734
2353,2353,0.013308776779760185,-0.7988517188442448
2354,2354,-0.02013505699412007,-0.9894085358287316
2355,2355,-0.023056368689437973,-0.7320131059307141
2356,2356,-0.0129563512533488,-0.9636589116753006
2357,2357,0.015474333699596802,-1.2611806760263569
2358,2358,0.011209068251837498,-0.9003958873787514
2359,2359,0.0298847235153308,-0.8433959819596131
2360,2360,-0.029122408534121014,-0.9908491746148573
2361,2361,0.03005364985420987,-1.1062440758428012
2362,2362,-0.003070333994051072,-0.859058686104973
2363,2363,0.0036019578195143984,-0.992921632866329
2364,2364,-0.03629648567749236,-0.828677112012162
2365,2365,-0.032389384516876785,-0.8574622795355651
2366,2366,-0.0127380205043414,-0.8770020713780224
2367,2367,-0.00500781530855942,-0.9006490609334031
2368,2368,0.004008891740605258,-0.7745297974551584
2369,2369,-0.0015517325267147969,-0.8229604014563925
2370,2370,0.006428577298029297,-1.120190831421506
2371,2371,0.013549729789090428,-0.9340337747946558
2372,2372,-0.018625057042469778,-1.0198947298279
2373,2373,0.01163810163889764,-0.8563013011474184
2374,2374,0.02144085012824022,-0.9811531500702968
2375,2375,0.005596930002839728,-0.7468525616589194
2376,2376,-0.021488394200088162,-0.8572058656110504
2377,2377,0.007013361615253108,-0.9031724737547862
2378,2378,0.03256883150355503,-0.9854200986315241
2379,2379,0.01954653164879517,-1.0374033443799475
2380,2380,-0.005587053600495537,-0.9926290247314854
2381,2381,-0.018472116361118292,-1.1010688789316214
2382,2382,0.015971236915671108,-1.1626599461258054
2383,2383,0.02194005011526347,-1.072475141553263
2384,2384,0.0018447924331679022,-1.228007517999024
2385,2385,0.0042389083226545415,-0.8420736959233794
2386,2386,-0.006614085543718562,-0.901175993301506
2387,2387,-0.014842152317560316,-1.1109502230438815
2388,2388,0.028951390540012292,-1.056902855233177
2389,2389,-0.009927887873921126,-0.8143129078113387
2390,2390,0.026266302187817475,-1.3198984528133089
2391,2391,-0.035948100256408,-0.8310555479058696
2392,2392,-0.04267760699498452,-0.9891820365838436
2393,2393,-0.004391715190629806,-0.8107282146642376
2394,2394,-0.02533023413858914,-0.670331501789805
2395,2395,0.03249886270666172,-1.1417723324207405
2396,2396,-0.020948277632779358,-0.7993642321160856
2397,2397,-0.0016463959374889703,-0.9028103232296487
2398,2398,0.011703806572178585,-0.9053701183725672
2399,2399,0.005798579534551845,-1.0414513385625437
2400,2400,0.028577453579033185,-1.1966586994791508
2401,2401,-0.0013197237423073285,-0.8537390835348524
2402,2402,0.010929006313405393,-1.0221669156577344
2403,2403,0.01595856549593866,-1.0664602035434427
2404,2404,-0.012222777609335964,-0.8964093099473901
2405,2405,0.004564569753741362,-0.9901294483066049
2406,2406,-0.042667355543338545,-1.0138146633882614
2407,2407,0.016217231341816796,-1.157120557268303
2408,2408,-0.03630228395618306,-0.8519804524724864
2409,2409,0.022410278794561908,-0.9231112728131782
2410,2410,-0.005422625806296249,-1.2245113161516175
2411,2411,0.003212905892124668,-0.9495778549499926
2412,2412,-0.0012096635985497928,-1.0990769262322284
2413,2413,-0.02715726403038246,-0.7853601154548261
2414,2414,0.008756662125612769,-0.9192347479641618
2415,2415,0.008186171550716728,-0.869661761064493
2416,2416,-0.009871178189037905,-0.9461536370159201
2417,2417,-0.006127184706581509,-0.9941930353708555
2418,2418,0.015521785904313593,-0.9867181116766894
2419,2419,0.011310197360328351,-0.8390462189156073
2420,2420,-0.009574968804529085,-0.9110271664147535
2421,2421,0.009333135551541125,-1.0991331545412877
2422,2422,-0.0009555396752958245,-0.8693476642562239
2423,2423,0.011717427136117835,-1.1462631203210767
2424,2424,0.01492747391971002,-0.9581989906430355
2425,2425,-0.036932686802002526,-0.9653085670046035
2426,2426,0.042510036673366135,-1.056986998348945
2427,2427,0.0046697575762140245,-1.1882516593312993
2428,2428,-0.008714106685530623,-1.1462688257320066
2429,2429,0.020129251259786776,-0.744365119204735
2430,2430,0.013049299852776253,-0.9269093960284114
2431,2431,-0.007723165178900395,-1.0604718152281944
2432,2432,0.003952312300267269,-1.070903709837012
2433,2433,0.003767282151672713,-0.9729277106616905
2434,2434,-0.013732622653721382,-0.9171168445960413
2435,2435,0.017881386940529737,-0.9791609036341212
2436,2436,0.006275360798408399,-0.9967263771518239
2437,2437,0.04435310466281654,-0.8221109052454698
2438,2438,0.009330030351806795,-1.0494763157286338
2439,2439,0.045135876049382184,-1.1826482032830956
2440,2440,-0.025273401413845823,-0.9612335629099542
2441,2441,-0.017095546355361396,-0.7420607158789362
2442,2442,0.015507116765250031,-0.8871194073760629
2443,2443,-0.009906685928917108,-0.7830282319454347
2444,2444,-0.02686382834081666,-0.9862844764011695
2445,2445,-0.0039332277551305805,-1.0264577778191724
2446,2446,0.02789494226734899,-1.0632671510902563
2447,2447,-0.04754887467245375,-0.7419124884563086
2448,2448,-0.0015584613944413378,-1.2254991281215968
2449,2449,-0.020292276778806066,-1.0185261093435727
2450,2450,0.020675465002774993,-1.1999584936688013
2451,2451,-0.01772904476087439,-1.0013568423328043
2452,2452,-0.006555754607830422,-1.1229678943491064
2453,2453,0.053722944386412785,-0.8556513417291445
2454,2454,-0.08312774549563598,-0.7800833817800505
2455,2455,-0.005843257085170896,-1.0207112528060136
2456,2456,-0.014659874541874368,-0.8087491771152305
2457,2457,-0.036483921925214685,-0.963632051626065
2458,2458,-0.011738078502427127,-1.1529216737384507
2459,2459,-0.000519435173590807,-0.8875292234963147
2460,2460,-0.019823989523185842,-1.008947366371335
2461,2461,-0.005167493192001826,-0.9814469890570678
2462,2462,-0.04503637708970866,-0.6837394460234003
2463,2463,0.015902153862179032,-1.1176235002534698
2464,2464,0.00010122260423139906,-1.006147208262066
2465,2465,-0.03685624461056091,-0.9029776754022181
2466,2466,-0.04190701435195917,-1.0112557862533433
2467,2467,0.038330525955273934,-1.031580970392519
2468,2468,-0.027397554665775085,-0.9142229050633696
2469,2469,0.04303087975968682,-1.1533494260014943
2470,2470,0.004071014573834962,-1.0422209865731251
2471,2471,-0.01646690975593556,-1.0615641360653263
2472,2472,0.04176479560328514,-0.9443288612903854
2473,2473,0.004264849159514641,-1.008091341777868
2474,2474,-0.009145917996315985,-1.0118198411215342
2475,2475,-0.018443734335873898,-0.781667136497211
2476,2476,-0.06699452908461045,-0.8696511838886994
2477,2477,0.07937492558398455,-0.8995879937722714
2478,2478,-0.00248627796141131,-0.9194026831099941
2479,2479,0.02246320591409073,-1.0146226147151558
2480,2480,-0.013848441119108025,-0.9440361561716548
2481,2481,-0.03787842086212029,-1.0496037975772903
2482,2482,-0.008347172347535375,-0.8084651225404809
2483,2483,0.026051038292141546,-1.0453131542306888
2484,2484,-0.01342337598365822,-0.8618397848896411
2485,2485,-0.0025342748841237495,-0.8630519637625457
2486,2486,0.00478750130665713,-1.070655057645496
2487,2487,-0.04696473084094718,-0.9392375256853347
2488,2488,-0.0066690656750667075,-0.9451635551090954
2489,2489,0.05116306912626136,-0.9714905164790351
2490,2490,0.004056493817477302,-1.114672806411007
2491,2491,0.013944021478303661,-1.168729120422164
2492,2492,-0.005921786322054243,-1.2049199770536978
2493,2493,-0.01590545934808586,-1.0761980452289184
2494,2494,-0.004985597853673168,-0.8031732961458862
2495,2495,0.01585648464619399,-0.9800152746766342
2496,2496,-0.023982348713680844,-0.8362025507279147
2497,2497,-0.007918808566098955,-0.7267989784016232
2498,2498,-0.018450852919197094,-0.8285262937526962
2499,2499,0.01528764645518909,-0.9160435927680651
2500,2500,-0.005293422340372209,-0.7601351742517327
2501,2501,-0.024289770035524,-0.8296572083866414
2502,2502,-0.01451118905266336,-1.055705535700996
2503,2503,-0.006854279580713177,-1.0251707198206546
2504,2504,-0.014038866201295422,-1.2473531234167006
2505,2505,0.021883422852757385,-1.0293156126182348
2506,2506,-0.005947399790421925,-1.1810651155725722
2507,2507,-0.006096555574250942,-0.8846958018986957
2508,2508,-0.03596907611053077,-0.9045898537141946
2509,2509,-0.014328651252496785,-0.7940639695344973
2510,2510,0.01511902254411598,-0.9970853045660201
2511,2511,-0.06289153854258192,-0.8723644644812639
2512,2512,0.02884473559525865,-0.8860348252963778
2513,2513,-0.0013207726442188428,-1.010602898503047
2514,2514,0.015484498110531212,-1.0327155039146048
2515,2515,-0.01792752747245449,-1.0172801101834146
2516,2516,0.012802921439588022,-0.9607286497537414
2517,2517,-0.016223360540977103,-0.8539770894785959
2518,2518,0.019613624851605612,-1.1262080234137821
2519,2519,-0.020340506212637055,-0.8118963261111164
2520,2520,0.019082354843909813,-0.946380471867437
2521,2521,0.00465124951214059,-1.130491391558295
2522,2522,-0.03764227975248126,-0.9217671068500093
2523,2523,-0.012236998185665614,-0.8185568744039025
2524,2524,-0.0180872667371852,-0.9800135532485328
2525,2525,0.048166050077832805,-1.0466408117650023
2526,2526,0.010957064756217966,-0.8051260378152517
2527,2527,-0.003417312964808017,-1.1171670168138723
2528,2528,0.0231804506358484,-1.0436283289339543
2529,2529,0.013817147045365574,-0.8994065140932022
2530,2530,-0.00330445518180433,-0.9385216024060331
2531,2531,0.005341495926043743,-1.1011442495063504
2532,2532,0.024062814181160276,-1.0794586960387227
2533,2533,0.022813394440803603,-1.013052152488618
2534,2534,0.02193826779916823,-0.9005474226075376
2535,2535,-0.045235355849154384,-0.9313364993764557
2536,2536,0.0022574735085067535,-0.8676337261951488
2537,2537,-0.02523576381324355,-1.1877692636809298
2538,2538,-0.05024086268254767,-0.861085301582622
2539,2539,-0.00840397797136705,-0.9514432829187344
2540,2540,0.014623297979434902,-1.0142406772261041
2541,2541,0.026350595766761242,-0.9665599366012375
2542,2542,0.009815762283948412,-1.1548666755888073
2543,2543,0.008642951887671668,-0.8694082336375177
2544,2544,-0.011180113167467948,-0.8777140506842568
2545,2545,0.0566574562333942,-1.1133118751870483
2546,2546,-0.05043542634864309,-0.9517109290978606
2547,2547,0.049123625129147655,-1.031417905307551
2548,2548,0.025212134596554678,-1.1908362091355855
2549,2549,0.03469945467525221,-1.1955409147793905
2550,2550,-0.013745721720131193,-0.9074046235182548
2551,2551,0.024305776885069616,-1.1615481789003181
2552,2552,0.0037826311851273733,-1.141244285302997
2553,2553,0.00930753322813306,-1.2146325761667764
2554,2554,-0.018860847570220957,-0.7342920923471514
2555,2555,-0.0006960422233003999,-1.1759774663352909
2556,2556,-0.027963863550666088,-1.1222457104588506
2557,2557,0.019674676063191874,-1.2081251031874394
2558,2558,-0.026513972311905623,-0.9292969613211066
2559,2559,0.02798609289427513,-1.0158022997822727
2560,2560,0.0005449078855163658,-0.8473889289079799
2561,2561,0.002155517235311908,-1.0074595603966945
2562,2562,0.0028968752713704514,-1.0832359844932435
2563,2563,0.043237429949303983,-0.9860197479316308
2564,2564,7.69237388052249e-05,-0.9672071560974258
2565,2565,-0.021942710919148886,-0.8937145281515039
2566,2566,-0.029776042316695076,-0.9440064850706011
2567,2567,0.0010011284389532804,-0.9763513340273315
2568,2568,0.009728662105504708,-0.7805243419281371
2569,2569,-0.08771203991537631,-0.9600380806505413
2570,2570,0.032000930090291715,-0.8576522934931341
2571,2571,0.01293953574550347,-0.8494575948722153
2572,2572,0.02095070314403806,-1.1726926389319416
2573,2573,0.023053489814747,-1.0777985856739338
2574,2574,-0.004233102406741282,-1.0725168651801371
2575,2575,0.009669199235804421,-1.0640989477062033
2576,2576,-0.015278359715353712,-1.0448085662710793
2577,2577,0.024431305272583463,-1.0280052911540498
2578,2578,-0.02204491554213106,-0.9160903207805778
2579,2579,0.018463641932309958,-1.090533603157772
2580,2580,-0.015657282857753238,-1.3648459115333618
2581,2581,0.0018060792950288507,-1.0436130279840365
2582,2582,0.00942803861714972,-0.732977159433073
2583,2583,0.009562993919375595,-0.9459942935791423
2584,2584,0.015121469303310521,-1.0507925667165028
2585,2585,-0.0332030863406908,-1.0445135915684716
2586,2586,-0.015688453071311843,-0.7211898950154665
2587,2587,0.021248599480063905,-1.0282354014033617
2588,2588,0.008027602041774481,-0.9522406683849306
2589,2589,0.016264433284009387,-1.0068757544497149
2590,2590,0.028755004046496356,-1.1896572841630242
2591,2591,-0.009155266908855077,-0.9453388987943512
2592,2592,-0.0026713493285794865,-0.9849138815815667
2593,2593,-0.048381215709168084,-0.7867055399352627
2594,2594,0.00953032782988382,-1.093191836692878
2595,2595,-0.005632748570744264,-1.0900089198019682
2596,2596,-0.0281872055659756,-0.7960484094104184
2597,2597,0.021969151575436087,-1.0889776608924437
2598,2598,0.002895177510792473,-1.1358759069176125
2599,2599,0.012340098572499639,-1.1437034303165519
2600,2600,0.019056632476211408,-1.0937232077190393
2601,2601,-0.022659747319588294,-0.9082292154878097
2602,2602,0.012488513608371707,-0.8947860928458922
2603,2603,-0.023076495080762677,-0.8460258156096303
2604,2604,-0.012100448473119474,-0.9340675664298611
2605,2605,0.014931422042437664,-1.3537429088170527
2606,2606,0.012946813549849463,-1.1120607842187962
2607,2607,0.010068181153850608,-0.8514657564977145
2608,2608,0.009959495288255668,-1.1322158438346535
2609,2609,0.01594921248407257,-1.1169775272525762
2610,2610,-0.00048420991549197323,-0.8544408222748853
2611,2611,-0.029167397067023662,-0.8578145628217898
2612,2612,-0.0068959823816789265,-0.7504271039352973
2613,2613,0.005784701434863149,-0.9524436555996186
2614,2614,-0.0028902415569945147,-1.1650669356607208
2615,2615,-0.009887917416607689,-1.0530079654966322
2616,2616,-0.004447481024649341,-0.9285710135181986
2617,2617,0.001599858562074119,-1.0348588203790368
2618,2618,0.015774251539911632,-1.0467620756289833
2619,2619,-0.025421373844497913,-1.0101434841223986
2620,2620,0.012268142236158325,-0.9934478662837026
2621,2621,-0.023117657262943354,-0.9337782577748872
2622,2622,-0.035297480058827956,-0.9340487012861989
2623,2623,0.01575804406336201,-1.2507868029543852
2624,2624,0.05236789257800542,-0.9683419891229322
2625,2625,-0.03187448544119244,-1.0484765866153196
2626,2626,0.04730744753400773,-0.7940871817127573
2627,2627,0.004174182411237626,-0.9479212383481398
2628,2628,-0.0012494707392425655,-0.8340648855011861
2629,2629,0.005398745202620053,-0.6672714425220448
2630,2630,0.016035650505221925,-0.9818520140952012
2631,2631,0.012832551825433344,-1.0117247218544583
2632,2632,0.03234103808266508,-1.0617913118985756
2633,2633,0.019739985273333552,-1.0623087817234946
2634,2634,-0.019501187201403113,-0.6394100941214561
2635,2635,-0.012327549030314983,-1.1067576664483005
2636,2636,-0.0312078858262297,-0.9232409698889438
2637,2637,0.0063444709194300924,-0.9422982311995861
2638,2638,0.00012879617504979457,-0.8090380979353656
2639,2639,-6.247029649689151e-05,-1.0872665776077506
2640,2640,0.00890642458324277,-1.0008408176635142
2641,2641,-0.007302419172539033,-0.883505627407069
2642,2642,-0.053454814834469164,-0.9720498840909803
2643,2643,0.02735183546598302,-1.0256512697166258
2644,2644,-0.012808306234573935,-0.9869186878301738
2645,2645,-0.006370399003419305,-1.2284540085492202
2646,2646,0.009984053532607628,-1.0069626387628714
2647,2647,-0.016934121981088675,-0.9522993502060879
2648,2648,-0.01485080294790032,-1.179307458266187
2649,2649,-0.006826486099780149,-0.7692978429081052
2650,2650,0.016774457760525024,-1.0011764643216088
2651,2651,0.0006630409595474174,-1.0110749047459033
2652,2652,0.0475482721490954,-1.0172456396618
2653,2653,-0.024006166286769243,-0.6652302883935055
2654,2654,-0.015341847457621544,-1.0668785165090398
2655,2655,-0.004498561241947009,-1.1464267220476558
2656,2656,0.02669800219553202,-0.9882876878989408
2657,2657,0.007974677826119443,-0.9671563359032664
2658,2658,0.011554136953249375,-0.9995756375997431
2659,2659,-0.06048603568629478,-0.906844926851765
2660,2660,-0.009465679919444145,-0.8098814957405793
2661,2661,0.011450750784325656,-0.9747154183489027
2662,2662,0.0026877631798032653,-0.882528362638156
2663,2663,-0.01297119769968313,-0.9250933481624519
2664,2664,0.008437725290808717,-0.7079903338036218
2665,2665,0.03625773012554709,-0.8695151367515395
2666,2666,-0.015776851918662994,-0.9783860959214955
2667,2667,0.012437011642335002,-1.1833285135540237
2668,2668,0.04179435798740147,-1.0753792820308816
2669,2669,-0.019180290655885977,-0.8505632068982025
2670,2670,-0.01980527300211682,-1.0934967325176395
2671,2671,-0.015599740512322798,-1.0266701226090191
2672,2672,0.01835778089792206,-0.9076881886936107
2673,2673,0.01788379793104994,-1.157692179858194
2674,2674,-0.026183079915589408,-0.7279498351921191
2675,2675,-0.03346920585927145,-1.0094244707327256
2676,2676,0.02580681309005209,-1.0576389553629468
2677,2677,0.014665798127821136,-1.0432176258459802
2678,2678,-0.015749170433782364,-1.0722326202767114
2679,2679,0.024508135671769703,-0.9266118644564109
2680,2680,-0.0031992010686259648,-0.9751247196634572
2681,2681,0.020971239551815818,-1.0917749689018053
2682,2682,-0.0007502683206541613,-0.8785930841262735
2683,2683,0.02731694615253996,-1.1402133811284287
2684,2684,0.003884943486004544,-0.8979431929726487
2685,2685,-0.03340070718484995,-1.1351700905231783
2686,2686,0.020780455713034968,-0.9386145757320379
2687,2687,0.0007999183426756484,-0.8533735411355687
2688,2688,-0.009193433488368818,-1.0535639076080703
2689,2689,-0.014811557932033786,-1.1057317775516522
2690,2690,-0.010587889681662481,-0.9460837118665573
2691,2691,0.02153226498814892,-1.1440314665410678
2692,2692,0.021212967537192803,-0.8127532498722461
2693,2693,0.02013681293497868,-0.9021898068569193
2694,2694,-0.019674427629457654,-1.2280752304682347
2695,2695,-0.012231818897980376,-1.0730853069952435
2696,2696,-0.024062290891024213,-1.1077891462034186
2697,2697,0.03832208878185474,-0.917328167416959
2698,2698,-0.0009544011938082686,-0.9026818117135512
2699,2699,-0.0162789739899896,-1.1236097324397456
2700,2700,-0.037161292313263726,-0.9934720569864821
2701,2701,-0.010354163455628312,-0.7502578694734054
2702,2702,-0.015194684641377021,-0.9430941051915738
2703,2703,0.015630594893070084,-1.0487299539901258
2704,2704,-0.007574412261390384,-1.2397881292586186
2705,2705,0.0023953578119090824,-0.8131015269640898
2706,2706,0.011173004106010298,-0.9322944892367677
2707,2707,0.0025749596951940776,-0.9223133062684146
2708,2708,-0.004321550442766877,-0.9476484966750693
2709,2709,0.001730405023042586,-0.9535335094383
2710,2710,-0.019362974327907248,-0.9648339369816349
2711,2711,0.011507730883879602,-1.1967623029584185
2712,2712,-0.026450889502930657,-0.9763746404190532
2713,2713,0.033779639461155316,-1.01083479295167
2714,2714,0.0006096573732353033,-1.1829272828781316
2715,2715,-0.013117497380275948,-1.0903576023668065
2716,2716,-0.013977209613571982,-1.0187161845038193
2717,2717,-0.020915015380686637,-0.811487403634964
2718,2718,-0.004916000730788024,-0.8342666221487869
2719,2719,-0.0022197716433315466,-0.9445972793876503
2720,2720,-0.007338726874954127,-1.0366328045081155
2721,2721,0.017636624635009118,-1.2593430876967295
2722,2722,0.02037104494820874,-1.0622989585523972
2723,2723,-0.005126308640851791,-1.2858892392768917
2724,2724,-0.006437312972047207,-0.9425056941663853
2725,2725,0.038129137042554814,-1.0519393065504223
2726,2726,0.002407074135815271,-0.9911263187415797
2727,2727,0.01509848713062445,-1.112685142919427
2728,2728,0.01614609296876388,-0.896010419727853
2729,2729,-0.020794684060484916,-0.9677803203357339
2730,2730,-0.011989063104415235,-0.8723237352298995
2731,2731,0.0109393275221219,-1.0387260965823066
2732,2732,0.028525485537744727,-1.109665770061515
2733,2733,0.01373167337185692,-0.810112948300302
2734,2734,-0.029429128662029465,-1.0680373687488813
2735,2735,-0.029489068106054984,-0.7611523236778389
2736,2736,0.029962303689614916,-0.9179752300375673
2737,2737,-0.03096838950985191,-0.8738429527963864
2738,2738,0.0538841038220899,-1.2074338557401338
2739,2739,0.009148268203898776,-1.0403732310023965
2740,2740,-0.020800869010543954,-1.02996235571523
2741,2741,0.009108590581735233,-0.945642740598377
2742,2742,-0.022763899804027092,-0.9862443396815458
2743,2743,-0.0012921732994682356,-0.9990124339010216
2744,2744,0.04474581098966533,-1.0884834871937215
2745,2745,-0.000234633419886901,-1.0246801415005484
2746,2746,0.014373934728498787,-1.1313038766722912
2747,2747,-0.004969445994231408,-0.8400416322095037
2748,2748,0.019293544164298033,-0.9585405760561995
2749,2749,0.016956474032324892,-0.9181523109585533
2750,2750,0.020268969667609826,-1.0149835563490952
2751,2751,0.012792207804143307,-0.8209079639853425
2752,2752,-0.00954397909971259,-0.9484594410325444
2753,2753,-0.008079363154170321,-0.9223080977675789
2754,2754,0.01711216527272623,-0.966015275961782
2755,2755,0.02461179179661023,-0.9969190598315123
2756,2756,-0.00020245736415486215,-1.1148198800940623
2757,2757,-0.019654498286395834,-0.917559592810327
2758,2758,-0.0427222798721625,-0.9053341024571127
2759,2759,0.05154698330086933,-1.0821560379092845
2760,2760,-0.03836834063471323,-0.9227347278671472
2761,2761,0.008160943712441783,-1.0163614438900306
2762,2762,-0.0006832917563776297,-1.058776204711383
2763,2763,0.009042814086361924,-1.0009692374602241
2764,2764,0.0196436635792636,-1.0437568795636127
2765,2765,-0.02038819347680211,-1.076516392991431
2766,2766,-0.002538582741947022,-1.187225497425645
2767,2767,0.004749899561430543,-0.7787424472553285
2768,2768,-0.033001515384831044,-0.9254534259266717
2769,2769,0.029705730915381853,-0.8913201901892879
2770,2770,0.018400464886513562,-0.9252685820984994
2771,2771,0.03675983220417744,-1.1958403333178098
2772,2772,0.02791165762754526,-0.9796111862959275
2773,2773,-0.02856609943241857,-1.0604865244200863
2774,2774,0.025789778395677768,-0.9001560007058511
2775,2775,0.021515155395892018,-0.9572629212317437
2776,2776,-0.00540699506265737,-1.097403264730631
2777,2777,-0.022367434578170545,-0.8655161813877232
2778,2778,0.01136772745960389,-1.2405143942705021
2779,2779,0.005887203742277668,-0.920261439353554
2780,2780,-0.006976931940178538,-0.9851751105749855
2781,2781,0.0028935773942592655,-0.8903856417322011
2782,2782,-0.03318244033410114,-1.012635576663263
2783,2783,-0.009825093018403952,-1.0588002030403534
2784,2784,-0.027215570859769264,-1.1049646062478933
2785,2785,-0.0032689076625987603,-0.8612653094993783
2786,2786,-0.005737027369199375,-1.06223144960321
2787,2787,0.01525952928223724,-0.9084459739748829
2788,2788,-0.008678034728598086,-0.7710503129480485
2789,2789,0.026016066382097802,-1.176990095381452
2790,2790,-0.0055914400174623125,-1.130761523919275
2791,2791,0.0070884763176320975,-0.8939403236745139
2792,2792,-0.01834204214031815,-1.2516070944253173
2793,2793,0.05872615575787937,-1.1834322910853718
2794,2794,-0.004150589942557771,-0.8224181436849366
2795,2795,0.046385865398780105,-0.8939842789108355
2796,2796,-0.005835690379549351,-0.9120197709478568
2797,2797,0.004912595994050299,-1.082360405321687
2798,2798,0.030009760661374608,-0.9392628785053228
2799,2799,0.013494740552355472,-1.0541034858565854
2800,2800,-0.012790645690020759,-0.9915105342999084
2801,2801,0.04817876246628119,-1.1707976264073385
2802,2802,-0.0204304385532995,-1.179590953728686
2803,2803,-0.018523017029051667,-1.0191223352943901
2804,2804,0.015894894513530454,-1.1884985409174762
2805,2805,-0.013587277133878632,-0.8400258353173736
2806,2806,0.009299281430863976,-1.0197118770830391
2807,2807,0.06710922562110552,-1.0613418042914144
2808,2808,-0.001447720222249864,-1.1176902745420325
2809,2809,-0.029516623703988883,-0.9777460021485487
2810,2810,0.013664260555330533,-0.8625835579812806
2811,2811,0.002000227623241431,-0.8305107238294329
2812,2812,0.012721006282066707,-0.9983510629397383
2813,2813,0.015985420070895602,-1.0451574198518991
2814,2814,-0.028029539436376177,-1.1448126683182647
2815,2815,0.010880230978330619,-1.110717149499754
2816,2816,0.021443035837741972,-0.8635646799305337
2817,2817,-0.011356478371576821,-1.0072452880930067
2818,2818,0.004540593397121165,-1.0375674050677692
2819,2819,0.003401663793540596,-0.9133187392395944
2820,2820,-0.02054387258623696,-1.2599843518236788
2821,2821,0.018560904200769668,-1.0209202773308756
2822,2822,2.971640783999696e-06,-0.9698928946291236
2823,2823,-0.010333702042665899,-0.7781511467020994
2824,2824,0.003099907864920065,-1.081734513829772
2825,2825,0.02844037764346174,-0.9709071961162395
2826,2826,0.020857366512567095,-1.0180560633133626
2827,2827,-0.0037321698272991255,-0.8742557292153856
2828,2828,-0.02031382493733105,-0.9005767240480581
2829,2829,-0.0006326192859043289,-0.8862942006426141
2830,2830,0.0120210826086316,-1.068384927343013
2831,2831,-0.013509690204089354,-1.1138439367596373
2832,2832,-0.012675120805031144,-0.8259188517138141
2833,2833,-0.021157462604424835,-1.0199422108324658
2834,2834,-0.023392360363079782,-0.794646513066383
2835,2835,0.029785028588227062,-0.9727695652693117
2836,2836,0.009405922784789245,-0.8200454392122281
2837,2837,0.015554694601776962,-0.9353762331124661
2838,2838,0.022875237265687236,-0.9385471144855794
2839,2839,-0.014867170391977144,-0.9692110291780024
2840,2840,0.04530037748334477,-1.1416664106685268
2841,2841,-0.011011152615251433,-0.8770173138698578
2842,2842,0.05835764340673426,-1.0160281164866352
2843,2843,-0.03593414171163427,-0.9419717650142516
2844,2844,0.007021334770372839,-0.8109424051141076
2845,2845,-0.001397114375954897,-1.1167568168668414
2846,2846,-0.004509018695910444,-0.9987161812375981
2847,2847,0.00561594337718279,-1.0333149038055984
2848,2848,0.007329246695714355,-1.0394859747340033
2849,2849,-0.01360263878450936,-1.1721467829736003
2850,2850,-0.030647695908309444,-0.9011758164075425
2851,2851,0.03687421847142509,-1.0557144720382332
2852,2852,0.016405279090869557,-0.7849628092376324
2853,2853,0.004837745215330619,-1.0580663040210165
2854,2854,0.008687757542182227,-1.1024034317903486
2855,2855,0.028634938425551027,-0.9025404076327994
2856,2856,-0.015706896486692365,-0.6925972317852369
2857,2857,-0.007256508377912255,-0.7953479058678382
2858,2858,0.025422111456850457,-1.0524505213777584
2859,2859,-0.03942235492254573,-0.9613548545076447
2860,2860,-0.013238854314937577,-0.8322093716642164
2861,2861,-0.018190537723258585,-0.8160667704708594
2862,2862,-0.006571597397625237,-0.8317361099792644
2863,2863,0.027212947900723265,-0.9163003121368308
2864,2864,-0.0005816740494850696,-1.0528806804341293
2865,2865,-0.006118388767838642,-0.8884711722953279
2866,2866,0.018193659644359733,-1.1448251042559365
2867,2867,0.0310076982097007,-1.0009700362612641
2868,2868,-0.01821812644519224,-0.975264309225749
2869,2869,-0.001961190701650876,-1.0544438052635248
2870,2870,-0.016621036691883,-1.0138934150479457
2871,2871,0.023160708839904405,-1.0742101291522315
2872,2872,0.020469505446703506,-0.8644224308230992
2873,2873,-0.002912064959720309,-0.8750767245637985
2874,2874,0.015593079315671665,-0.8926230853663231
2875,2875,-0.026301408679003234,-0.8141437145521165
2876,2876,-0.015410017068498332,-1.1240722951189293
2877,2877,-0.01740829105694683,-1.0197011602037809
2878,2878,-0.011047460560123892,-0.8349199228379258
2879,2879,0.019568766136516383,-1.0332472317103853
2880,2880,-0.01859052435567892,-0.9907785504917788
2881,2881,0.00041067833862693665,-0.8490822838858891
2882,2882,-0.014919808913990723,-0.8621489426052605
2883,2883,0.010472852261368012,-1.2217136725590914
2884,2884,-0.0013568762004543891,-0.9443179859213758
2885,2885,0.015645892519103522,-0.8559925344186179
2886,2886,0.014650698154306335,-1.12192847524189
2887,2887,0.026044091600852363,-1.044032871904876
2888,2888,0.008063518849355189,-1.106564938511851
2889,2889,0.019392613602377873,-1.1554061632884856
2890,2890,-0.03657844046602041,-0.8220656965970105
2891,2891,-0.004955483587679041,-1.0469075652224855
2892,2892,0.013887761261128659,-0.8553890847512687
2893,2893,0.0047313371061829534,-0.9970764973591069
2894,2894,0.01585364658520131,-1.0169312743439245
2895,2895,-0.022811242741678867,-0.8188138532456181
2896,2896,0.004364164730816827,-1.097803952502347
2897,2897,-0.018189784572780834,-0.887115595005417
2898,2898,0.025577569319622406,-0.9081302846587113
2899,2899,0.00781823296573858,-0.9779170565946966
2900,2900,0.011021348698671093,-1.05853019521695
2901,2901,0.04158419391115966,-1.0084109310551697
2902,2902,0.011628800762697719,-0.8416502031168943
2903,2903,-0.002992514432496443,-1.1056734548854832
2904,2904,0.0069159200401300025,-1.0545433529196835
2905,2905,-0.017527412910972887,-0.9594460149660065
2906,2906,-0.02959297680739314,-0.9215474040528526
2907,2907,-8.157840324332644e-05,-0.8832986310738349
2908,2908,-0.022200678640099017,-1.0910392680056509
2909,2909,-0.04820069107512978,-0.9855580604284431
2910,2910,-0.015851056990458665,-1.181646691532528
2911,2911,-0.04108159244213254,-0.8497362695781261
2912,2912,0.023092326475221817,-0.8676812523860086
2913,2913,-0.020685444740591405,-1.0866560324193442
2914,2914,-0.015949649448394762,-1.0896458664624122
2915,2915,0.04072266381488594,-0.8206563211367923
2916,2916,-0.039228707255481346,-0.7550076458437084
2917,2917,0.07197278549480046,-1.05668414478713
2918,2918,0.07187041542174219,-0.6478737702378325
2919,2919,-0.03390080207139915,-0.9414582398663314
2920,2920,0.053672974589174374,-0.8055822484519537
2921,2921,0.0020876421656240776,-0.9173394276327576
2922,2922,0.0034596817255314327,-1.0269673221119857
2923,2923,-0.0003610278900065128,-1.0758506224509603
2924,2924,-0.003633098862503653,-0.9058739484845438
2925,2925,0.034425498535855414,-0.9718540770549241
2926,2926,-0.006913010900182412,-0.7420658819650553
2927,2927,0.002846410952560982,-1.0280230481419868
2928,2928,0.0061258953821606635,-1.0297641279550704
2929,2929,0.007681458249057467,-1.0029184145411294
2930,2930,-0.032390372592539865,-1.0009508763001524
2931,2931,0.002728516996624436,-1.2011119773146444
2932,2932,-0.036773271075626154,-0.8513466934251831
2933,2933,-0.0018499691295940923,-0.9132529992957594
2934,2934,0.008133108076297274,-0.9755667066203774
2935,2935,-0.030056336255311178,-1.0995615768628888
2936,2936,0.03571903177266113,-0.9954606489974442
2937,2937,0.01114524900688094,-1.0427362229168708
2938,2938,0.02541127446486305,-0.927374989058051
2939,2939,0.05509179024993794,-0.8560791722610169
2940,2940,0.0076925963997355115,-1.1097440323606451
2941,2941,0.004554937282138932,-1.0461359736641853
2942,2942,-0.007446111734517711,-1.0613697240753714
2943,2943,-0.01574644496435791,-0.8897229331158023
2944,2944,-0.01468766270500111,-0.7816510801769951
2945,2945,-0.014122809940899327,-0.9037269650682633
2946,2946,0.040854819985890606,-0.8406549387689711
2947,2947,0.026657867741614,-1.4273860286274918
2948,2948,0.017932831246677466,-0.9755837650839306
2949,2949,0.012999702048059406,-1.2219795902348873
2950,2950,-0.004617582854465563,-0.8643144091622298
2951,2951,-0.0038061735572233746,-1.0680301218900468
2952,2952,-0.034215581537389225,-1.005041235725643
2953,2953,-0.014942087943236093,-1.1194873435411707
2954,2954,-0.05008685964501359,-0.9300204882987648
2955,2955,-0.0005554101482851421,-1.0033307764029689
2956,2956,-0.0676571180466147,-0.9663837891694639
2957,2957,0.035115100298594014,-0.8764753975496636
2958,2958,0.0301691459024629,-0.895758293693935
2959,2959,0.02546020942488049,-1.1058432204921798
2960,2960,-0.024835069805253518,-0.9916260790252343
2961,2961,-0.00455610844958762,-0.9859746590252689
2962,2962,-0.0260243647048381,-0.9047227981426132
2963,2963,0.0010906922562910308,-1.082730131564209
2964,2964,0.07154212671320516,-1.0250510582389105
2965,2965,-0.013141190748581041,-0.898034921662582
2966,2966,0.012761134428389524,-0.9024420593613611
2967,2967,0.0045175004350403655,-0.9618720695943108
2968,2968,-0.058681857268561025,-0.7879634876278324
2969,2969,0.013906351304917589,-0.8440549674976161
2970,2970,-0.012105246689594656,-1.1951107505001797
2971,2971,-0.0076329006524641675,-1.1354376656348264
2972,2972,0.008025352228502834,-0.8083036379527637
2973,2973,-0.008561548673361855,-0.9850168911150949
2974,2974,0.014542596910860635,-1.115522007120583
2975,2975,0.04961077191000937,-1.2254168414883602
2976,2976,-0.0197931600057421,-0.9514807906615932
2977,2977,-0.02268386005895139,-0.9760916732072621
2978,2978,0.02884033104118821,-1.008129454208403
2979,2979,0.016904824958106086,-0.9918258029020487
2980,2980,-0.019095899103409093,-1.017395959950399
2981,2981,0.010354525085683566,-0.961427656620535
2982,2982,0.023063537515805747,-0.9100761623771076
2983,2983,0.013196816301137893,-0.9750501485988886
2984,2984,0.012878109664501355,-0.8535954222572685
2985,2985,-0.011249207082899986,-1.1502002643721276
2986,2986,0.012587577245572107,-1.1292246670019126
2987,2987,0.03347709285270466,-1.0509057493788587
2988,2988,0.0035986512323834124,-0.9151966245664824
2989,2989,-0.01002489663761734,-1.120876059057448
2990,2990,-0.0027886237622738244,-1.0216674415694318
2991,2991,0.02456746416247288,-1.255990245170385
2992,2992,-0.02148484798297816,-0.8942989499759358
2993,2993,0.007089155363132274,-1.0206782874767673
2994,2994,-0.037625587174461954,-0.925698555217533
2995,2995,0.040355669861406755,-0.7356175357106163
2996,2996,-0.019157215198191788,-0.8168879130298705
2997,2997,-0.02310133392759937,-1.0700197647246088
2998,2998,-0.008894365764945178,-0.9139365966623971
2999,2999,0.0022181090062536645,-0.8227658068908624
3000,3000,0.0044245152395896055,-0.8980010530502067
3001,3001,0.027466790896025634,-1.1313142421664268
3002,3002,0.02753303051447171,-1.0293023465857845
3003,3003,-0.005891080472833439,-0.7983348020417904
3004,3004,-0.013825415408292213,-0.8064915201079474
3005,3005,-9.125647465504927e-05,-1.0803279153954533
3006,3006,0.015315128808582733,-1.0638254207843978
3007,3007,0.020697158993715114,-0.9713742946990227
3008,3008,-0.027066899678019514,-0.9042597701525577
3009,3009,-0.02777808510111089,-0.89396338778507
3010,3010,0.003656084808619356,-0.9979047198529555
3011,3011,0.020095257378198582,-0.7692031595661186
3012,3012,0.0035552134155038273,-0.9889089859372757
3013,3013,0.0196117319511374,-0.8953597739829322
3014,3014,-0.001270462097204439,-1.0082709293270409
3015,3015,0.008558100245477665,-1.0431537306870309
3016,3016,-0.015556387714201932,-0.9942621372300408
3017,3017,-0.004961529620458746,-1.0007639948692533
3018,3018,0.018228557053844102,-1.026056802600177
3019,3019,-0.034915533041573896,-1.0599217344493927
3020,3020,0.04334240736634251,-0.9505243712606011
3021,3021,-0.02685610987464289,-0.7842252371117476
3022,3022,0.026239598374542497,-1.000731976384812
3023,3023,0.005805295159137677,-0.9177753125920185
3024,3024,-0.061837119388376716,-0.7524437332219177
3025,3025,-0.017899120332104043,-1.0984015650871382
3026,3026,-0.00287263421842706,-1.0133048128626396
3027,3027,0.0028022538706177907,-0.8860600097971593
3028,3028,-0.02016276844592156,-0.94627756964123
3029,3029,-0.01203934465999093,-1.0180754174284874
3030,3030,0.027365066129683382,-1.1395051340074789
3031,3031,0.02624062732641544,-1.0054489037367595
3032,3032,0.00949912064919231,-0.9554168289585763
3033,3033,-0.015929329845648935,-1.1454842874726694
3034,3034,0.015111584707003675,-0.9831275241131981
3035,3035,-0.03666298907564833,-1.129743010409846
3036,3036,0.0077147713738419665,-1.174735968644256
3037,3037,0.027076628042223577,-0.9546285674049934
3038,3038,0.008791558009018183,-0.7816685243893834
3039,3039,-0.023122702301898453,-0.8834259418014867
3040,3040,-0.013518234818558544,-1.030569143659902
3041,3041,-0.016685922559178085,-1.1897949401415737
3042,3042,0.01753504870944983,-1.0975203890265752
3043,3043,-0.003562653226952081,-1.0131039199089673
3044,3044,0.004651645351871944,-1.1027251126659545
3045,3045,0.006386981148170861,-1.0381462586825771
3046,3046,-0.04817031309867319,-1.0957444472240359
3047,3047,-0.01696246549623071,-0.8888911858921311
3048,3048,0.04566185094969318,-0.9957670162623646
3049,3049,0.059602018811971094,-1.1880725940696348
3050,3050,-0.004726310615118252,-0.9700360829325807
3051,3051,0.009101545256177679,-1.0746204777354535
3052,3052,0.03018925793952939,-1.1956490286563333
3053,3053,0.011958261269269452,-1.1233634383650708
3054,3054,-0.03141385340468198,-0.9030815562257951
3055,3055,-3.3554165607754816e-05,-0.9990161163579586
3056,3056,0.02574471822129061,-0.9679468259601325
3057,3057,0.034495185616240265,-1.185963116090118
3058,3058,0.008193231769752951,-0.9815451762076735
3059,3059,-0.011505530913631892,-0.9893680427557249
3060,3060,0.016103986624589228,-0.9356798248177074
3061,3061,-0.02125136588017896,-1.0610298520351833
3062,3062,0.01993376052324678,-1.1125383685933954
3063,3063,-0.048402100974339,-0.9203985497247197
3064,3064,-0.014099405558619677,-1.0325255693313908
3065,3065,0.012589761968337054,-1.0042842371014113
3066,3066,-0.008039292295328812,-1.1388592065579788
3067,3067,-0.014499228220699961,-0.9431609330772279
3068,3068,-0.010060255717737755,-1.0489177682866113
3069,3069,0.04008580311803159,-0.9867412060999746
3070,3070,0.014100896115099612,-1.1816682830776322
3071,3071,0.030778651538918164,-0.9221523251932644
3072,3072,-0.05410583831781761,-0.89423978315327
3073,3073,0.03772651786347922,-0.8245391190843879
3074,3074,0.0024853076293897824,-1.0190106866459139
3075,3075,-0.03146437254396851,-0.6647312190296804
3076,3076,0.0014998758911441254,-0.8155916239344038
3077,3077,-0.060161967153819565,-0.78369742346534
3078,3078,-0.03223637471759682,-1.0212376300842296
3079,3079,0.017921655144493027,-0.9842966127057198
3080,3080,-0.0051550606422999246,-1.0769653515237836
3081,3081,0.008568857541005136,-0.8286287756033346
3082,3082,-0.008482815966445179,-1.0592366553989014
3083,3083,0.020461972449196647,-1.0584802153003339
3084,3084,0.0061212701660164626,-1.0463903636054142
3085,3085,0.03214258386399778,-1.1248375459706428
3086,3086,0.02745374985173259,-1.0078510864411467
3087,3087,0.01752267315236034,-0.6786203742207665
3088,3088,0.031028070766871425,-0.8287851717617486
3089,3089,-0.012485021313243777,-1.1516570923128298
3090,3090,0.00029553258312270403,-0.9658429227321007
3091,3091,0.007041352902523057,-0.9414805940420651
3092,3092,-0.036135396149442944,-0.6966529289948084
3093,3093,-0.014747933720055013,-0.9312970611742116
3094,3094,-0.025339403015386168,-0.8971831687418471
3095,3095,-0.018771951294988543,-0.7851760089175015
3096,3096,0.07843417815596257,-0.9732546055038821
3097,3097,0.00592627178288524,-1.0100346602525911
3098,3098,-0.0032489282173558537,-0.8923742849752587
3099,3099,0.014484865763923037,-1.0010124284239106
3100,3100,0.019120744026520496,-1.0044659858213199
3101,3101,-0.03175917383038195,-0.973514122040432
3102,3102,0.0038405701087147956,-1.0238415738213413
3103,3103,0.02383883997064326,-1.1118980391360032
3104,3104,-0.011421250165760843,-0.9530357314421553
3105,3105,-0.004085265943475441,-1.0946942300790792
3106,3106,0.006410810700865624,-1.1063934741216794
3107,3107,-0.03338425544999469,-0.9912427258300166
3108,3108,-0.02623836850752263,-1.1187832968283646
3109,3109,-0.013367955598513559,-1.025554589417156
3110,3110,-0.020806886014688504,-0.885150622854278
3111,3111,0.00417334443576814,-0.9707485831639916
3112,3112,-0.03128161471054888,-0.7860800345074512
3113,3113,-6.124796276250899e-05,-0.981354352748394
3114,3114,-0.010015269600856167,-0.9528757242831168
3115,3115,0.002195155206990665,-0.9031745995031148
3116,3116,0.058809351840588914,-0.8160129382261024
3117,3117,0.022563735654620005,-0.9481092109881926
3118,3118,-0.017332914137427713,-1.0112329059727072
3119,3119,-0.04893369895988146,-0.622481244235061
3120,3120,-0.03420551742413359,-0.7686905496412612
3121,3121,-0.02130447336671087,-0.9443732925675404
3122,3122,-0.002774432774869273,-0.8669935551110302
3123,3123,0.001744554161082549,-0.9007052829589067
3124,3124,-0.0005548145916636771,-0.9228902480137227
3125,3125,0.015978113043049927,-0.9969718263458941
3126,3126,-0.04853833633408769,-1.0310833025656
3127,3127,0.003695606965536713,-0.8786992074554166
3128,3128,-0.004473182738167991,-0.789673836333153
3129,3129,-0.016407483062046268,-0.9212122278143481
3130,3130,0.008641257777563159,-0.9625816186408389
3131,3131,0.00795992489673128,-1.028326602544408
3132,3132,-0.04600057053302347,-0.6758495668266502
3133,3133,0.02510820163134666,-1.128543962875356
3134,3134,-0.050508472208025,-0.6717075854035248
3135,3135,-0.042362814276294763,-1.044898123420218
3136,3136,-0.02064148676971747,-0.9928195751562386
3137,3137,-0.017504494286035593,-0.9700206923795678
3138,3138,-0.0192284098040379,-0.9447740572285164
3139,3139,-0.04653305666702027,-0.9498573250759762
3140,3140,0.002085132593446108,-1.0787176894591002
3141,3141,-0.003370741128851086,-0.6800710925625142
3142,3142,0.010659105287248173,-1.0268674004828056
3143,3143,-0.002496034559482413,-0.8810149337920652
3144,3144,0.005147428862266844,-0.9343952871287404
3145,3145,0.011498310559410321,-0.8033740882700583
3146,3146,0.00313680441483373,-1.1995210405825523
3147,3147,0.0020689000907406635,-1.0335175616536603
3148,3148,0.008825857579159026,-0.9297053834780956
3149,3149,-0.035189279840817406,-1.1702159126658565
3150,3150,-0.020657054982599402,-1.0911297411357368
3151,3151,-0.025879831095492297,-1.039045026531754
3152,3152,-0.0015182443480253327,-1.1453644094599142
3153,3153,0.0022608450252131016,-1.0989326990112194
3154,3154,0.017976855581616664,-0.8842795475423807
3155,3155,-0.006503800252463027,-1.1721793954426052
3156,3156,-0.03120296641970703,-0.9628937734911223
3157,3157,-0.017943278768279947,-1.2459816767126795
3158,3158,0.012348453012745921,-1.078870725398402
3159,3159,0.00828575129692398,-0.8266052381101519
3160,3160,-0.007716655204543954,-0.7971819043190862
3161,3161,0.029107522299353407,-0.851040676466559
3162,3162,-0.004844690954355496,-1.176080438565005
3163,3163,-0.05194587168093379,-0.8988526153038148
3164,3164,0.00044516025077382705,-0.695153693753892
3165,3165,0.014581204723537772,-0.991160470783444
3166,3166,0.022272991391495772,-0.89390840703289
3167,3167,0.015096997250430608,-1.0948032654696067
3168,3168,-0.08944882576387772,-0.5078418897090862
3169,3169,0.012405496641608173,-1.1329020706948192
3170,3170,-0.0069215866234162565,-0.853264725614741
3171,3171,0.014210775245905985,-1.2722998332194277
3172,3172,-0.007749206506941379,-1.1247067639480561
3173,3173,-0.005840848961490258,-0.8106513096255696
3174,3174,-0.029911424655361285,-1.1016168839759368
3175,3175,-0.003512048114615793,-1.193737020265048
3176,3176,-0.02458193385591459,-0.7871985861497655
3177,3177,0.006780426016105269,-1.186571922837326
3178,3178,0.011255947857442883,-1.1607378221042783
3179,3179,-0.006166949773465168,-0.9739988751116783
3180,3180,0.017073077471802853,-0.9136943023593146
3181,3181,0.040598317447612234,-1.2392850676912746
3182,3182,-0.029894672833866306,-1.2305432829832852
3183,3183,0.021634139982678817,-0.8114927829115525
3184,3184,-0.023441880454046535,-0.9917040334765217
3185,3185,0.032656691336533164,-0.9634815416180349
3186,3186,0.023793229569482266,-1.1090100452524563
3187,3187,-0.03430697451798813,-0.6394926232200773
3188,3188,0.004848680594342476,-1.0838487367478282
3189,3189,0.013575998549460481,-0.9975266494743614
3190,3190,-0.017705390077327805,-0.9259575363715251
3191,3191,0.051766635227645574,-0.9874740361291912
3192,3192,0.0338538536465681,-0.9778928094449209
3193,3193,0.021481574515096306,-0.9083975172824723
3194,3194,-0.026749502143857434,-0.8337693072203702
3195,3195,-0.0031727466094311207,-0.9889617785706142
3196,3196,0.047589667815576414,-0.8795747236357145
3197,3197,-0.005009365687193845,-1.0408354017206094
3198,3198,-0.02723597810975343,-0.8107375318125578
3199,3199,0.007481020204510039,-1.1301795794384724
3200,3200,-0.027754082682871502,-0.9727489673682973
3201,3201,-0.025584364060258,-0.8275199394935328
3202,3202,-0.0019166533767984544,-0.8702490057295482
3203,3203,0.019655762269609023,-1.1906805801893374
3204,3204,-0.0027741443707823693,-0.8799865305110448
3205,3205,-0.004819852044792655,-0.9555757972982272
3206,3206,-0.015819018955795724,-1.1125006335542653
3207,3207,0.005950801560669072,-0.9023245489415683
3208,3208,-0.011810029255231405,-0.9188656143220975
3209,3209,-0.0038070906741754923,-0.9917196550692278
3210,3210,-0.008393179337924841,-0.9617220988142361
3211,3211,-0.04314403379611132,-0.8747252584079035
3212,3212,0.03568684400621605,-1.0196434637093177
3213,3213,-0.0025202946370218166,-0.8888956786631879
3214,3214,0.006142157477956792,-0.986006758546787
3215,3215,-0.019737445404421808,-0.8854116082795129
3216,3216,0.009134776604303443,-0.8952746150512226
3217,3217,0.020510282315912384,-1.1098119126638264
3218,3218,-0.012519407157932573,-0.9122185307581786
3219,3219,-0.025018280559978987,-0.9512914042043333
3220,3220,0.03040159622056613,-1.086601982761491
3221,3221,-0.08932391645317858,-0.9168842876645283
3222,3222,0.009116921852442544,-0.8594297474462311
3223,3223,-0.00960237967626719,-1.0413560998057958
3224,3224,0.0011018984657947123,-1.197379717223721
3225,3225,0.008180591521041433,-1.0590658710487513
3226,3226,-0.010134481555449035,-0.9757706889619245
3227,3227,-0.0236072786280551,-0.9095217159423425
3228,3228,-0.036405024539544625,-0.6618802052490241
3229,3229,-0.0010976416465418304,-0.8469741013846233
3230,3230,0.03432562925115141,-0.6996649802619419
3231,3231,-0.0321836112941017,-0.8244539478167715
3232,3232,-0.024369998555878042,-1.1547893583721602
3233,3233,0.019310748008412128,-1.260268029361986
3234,3234,0.02271006025283518,-0.9398183916379709
3235,3235,0.008336395871200941,-1.0167380721584813
3236,3236,-0.03469725474635841,-0.9437788625532542
3237,3237,0.021766881227540523,-1.0415696329759592
3238,3238,-0.011598870511578232,-1.1589310862746138
3239,3239,-0.006876495654751659,-0.8845522270486983
3240,3240,-0.05049378188266391,-1.0663073909567928
3241,3241,0.021205476505583104,-1.0666606128137188
3242,3242,0.011965830683708593,-0.9803830447732867
3243,3243,-0.001779713418344292,-1.1989944433671758
3244,3244,-0.027915051986052514,-1.0672525515600852
3245,3245,0.007898930817585057,-1.0799426119781679
3246,3246,-0.01563462681679878,-0.7915523489326477
3247,3247,0.036451798834834584,-0.7823081461243466
3248,3248,0.029855107266860165,-0.7646213126673156
3249,3249,0.028581089399385043,-0.9907670203396736
3250,3250,-0.03451727633050651,-0.830051341234598
3251,3251,-0.021646966993747088,-0.8439016440520096
3252,3252,-0.03726379819937892,-0.9294171179985208
3253,3253,0.04076551241669673,-0.9057331099291619
3254,3254,-0.031135677261768274,-0.8423988386568874
3255,3255,-0.03873380468342815,-0.752146903922398
3256,3256,0.013436626362716989,-1.143926636306503
3257,3257,-0.00023164626396937615,-1.0370942572868178
3258,3258,-0.010906691047174732,-0.7906114170080442
3259,3259,0.0229155942209619,-0.8795671542693261
3260,3260,-0.0180189977998801,-0.7779371390125156
3261,3261,0.026705368335666727,-1.1529233309652176
3262,3262,0.030211919848182275,-0.995858973944179
3263,3263,-0.031287090781407206,-0.8923653908395556
3264,3264,-0.015342959013638375,-0.9500896828253055
3265,3265,0.009023743464040002,-1.1200383992277154
3266,3266,0.03937354403485385,-0.9933652488528676
3267,3267,-0.02120432233834149,-0.8278355916584869
3268,3268,-0.05864553444468233,-0.8372894533823735
3269,3269,-0.00352555855500062,-0.9330676665073635
3270,3270,0.043211216052564505,-0.8862271179256305
3271,3271,-0.0326721693401721,-1.0402348728485846
3272,3272,0.052308419644293176,-1.2853974194642093
3273,3273,-0.011013973805560726,-1.0063731957320199
3274,3274,-0.01735042677976316,-1.0357145327482726
3275,3275,-0.024674605980316337,-0.6987608817570834
3276,3276,-0.02200750142942277,-0.8283111936893724
3277,3277,-0.006737886788712892,-1.0305571303981746
3278,3278,0.02780345726698305,-1.0075162788870742
3279,3279,0.002781796512631718,-1.06008855105362
3280,3280,-0.001083680868246062,-1.0674666419896048
3281,3281,-0.004890020242621168,-0.8862457690488857
3282,3282,-0.009480519200729504,-1.0277538632741767
3283,3283,-0.020355198593078105,-0.8591518002187823
3284,3284,0.027728005351126385,-1.1666673248820807
3285,3285,0.0010352594056923098,-0.8556557380081434
3286,3286,-0.007036971975096191,-1.0664024734781288
3287,3287,-0.006690201998363561,-1.0334115387910774
3288,3288,-0.02712287904355156,-1.0416620315651037
3289,3289,-0.012412358476855047,-1.1659317597339713
3290,3290,-0.007235858449062645,-1.0635026411531743
3291,3291,0.03561570818961257,-1.1423118325770205
3292,3292,0.026932742743428974,-0.9258577055984769
3293,3293,0.002297571901239054,-1.045387456076988
3294,3294,0.008642236594190167,-0.9984607818236944
3295,3295,-0.0111793447628877,-0.9579538817283548
3296,3296,0.04366638260003218,-1.1269693820338187
3297,3297,0.017277054524664714,-0.677417393653851
3298,3298,0.0062390993001842365,-0.9793454504585528
3299,3299,-0.00986061031569363,-0.9521934368992581
3300,3300,-0.011654472913036978,-0.968911194296697
3301,3301,0.015022386747255461,-0.8892863469332071
3302,3302,-0.032322104618287495,-0.8968887648059282
3303,3303,0.015034551288287692,-0.8912429627355138
3304,3304,0.005993469506899801,-1.0313510823563372
3305,3305,-0.024185692808339904,-1.0093666954320355
3306,3306,-0.010748454508450508,-0.9539408620732716
3307,3307,0.010464345762109958,-0.9513541524336414
3308,3308,-0.023046778121283584,-0.9572027850529189
3309,3309,-0.023818728314244975,-0.7331294435042025
3310,3310,0.03226278575623594,-0.9003686655990082
3311,3311,0.03439627387444788,-0.9158071535188474
3312,3312,0.0224433575473798,-0.949450902305959
3313,3313,-0.027252948394493624,-0.8197455755675077
3314,3314,-0.021798742506027438,-0.9772935490977999
3315,3315,-0.02160910850121245,-1.0667020425783709
3316,3316,0.0014844560790359118,-0.9573638371095979
3317,3317,-0.0013254816691874276,-1.120951773659203
3318,3318,-0.0036858969794154317,-0.9170442662116853
3319,3319,0.007492137679233596,-0.9472635773877593
3320,3320,0.033672272478159515,-1.2067125436615216
3321,3321,0.020564836407256107,-1.145950247141489
3322,3322,-0.013013749722212156,-0.8852853368549268
3323,3323,0.009589067194145262,-0.84763228016048
3324,3324,-0.001336227471004734,-1.067288769323865
3325,3325,0.008231663888854584,-1.0133291021275983
3326,3326,0.03284970345301684,-0.9154672416789156
3327,3327,-0.03458757915576738,-0.9677130320662954
3328,3328,0.006721164474046554,-1.0280484228386406
3329,3329,-0.0017674940821335583,-0.9078932080454716
3330,3330,-0.011635956110254496,-0.8566669599695574
3331,3331,-0.010785974669692291,-1.1393738254063448
3332,3332,0.013296504076553159,-0.930210070065226
3333,3333,0.004927400610466412,-0.9133143573992787
3334,3334,0.030585310591893344,-0.9746233069572643
3335,3335,0.027205636059060775,-1.0646185956867071
3336,3336,0.01634662130700605,-0.86898720316284
3337,3337,0.021567587034777326,-1.1408223185502486
3338,3338,-0.0056657958202804976,-0.8952619589202413
3339,3339,-0.0105847830437613,-0.7283611258793388
3340,3340,0.0036905638465895927,-0.905341795873698
3341,3341,0.0028660890370769687,-0.8551783871286233
3342,3342,-0.0057149890054998265,-0.9346973679942738
3343,3343,-0.005723735634072868,-0.8211835010090007
3344,3344,0.007454962539133191,-1.0447931348146702
3345,3345,-0.006517042083062793,-0.7043298463135652
3346,3346,8.662718901927824e-05,-1.105805803945146
3347,3347,-0.01605533320178886,-1.0834712083497884
3348,3348,-0.011991757752942766,-1.0607355078994645
3349,3349,-0.00628795141194758,-0.9285614380649162
3350,3350,-0.006955359585466385,-0.9277741839009841
3351,3351,0.021280986751700884,-1.1200623458754841
3352,3352,0.04068956392118399,-0.9459383956062332
3353,3353,-0.008875726706870785,-0.8939547527639534
3354,3354,-0.004019833955430874,-0.8689898117203059
3355,3355,0.0174682323492258,-1.009824944516526
3356,3356,0.02939478206105632,-0.8691760954727275
3357,3357,-0.002557396903987985,-1.0064380168667495
3358,3358,0.005458127971849795,-1.2051487060335526
3359,3359,0.011001182786973679,-0.9033853738626737
3360,3360,0.015826244682169487,-1.048600832541648
3361,3361,-0.021021795758304047,-0.8495491336078446
3362,3362,0.0253314709160569,-1.1377585726590398
3363,3363,-0.015576895937959634,-1.123408553487509
3364,3364,-0.03651805490822152,-0.8733784253273
3365,3365,-0.02765683402184619,-1.008995072284158
3366,3366,0.03560915528874513,-0.9446816862972202
3367,3367,0.04245873101418626,-0.8434528014566346
3368,3368,-0.008039380542106223,-1.0779039409369808
3369,3369,0.029327876544653,-0.9979269380447376
3370,3370,0.015094591704598396,-0.8954241168362461
3371,3371,0.006352312945858682,-0.6743759291367036
3372,3372,-0.03665125749646221,-1.010240938315952
3373,3373,-0.033296036538701015,-0.9181306389487995
3374,3374,-0.01904427674149574,-0.8812190176883937
3375,3375,-0.017161037582445207,-0.9799541382102304
3376,3376,0.0234085981450972,-0.8558799479586148
3377,3377,0.04085539622918169,-0.8967951977660107
3378,3378,-0.030517054932574263,-0.8903006535949397
3379,3379,0.03562476715939299,-1.096745936099188
3380,3380,-0.015512046134302751,-0.9890005019449982
3381,3381,-0.001078251931818229,-0.8655020833104634
3382,3382,0.003293384561928934,-0.8995642951701982
3383,3383,0.002214730424842347,-1.2400563058316894
3384,3384,0.01803347014701206,-1.0856760254035
3385,3385,0.008561428037871119,-0.9320939703771629
3386,3386,0.028930369131751947,-0.9957988021720982
3387,3387,0.02202289816671578,-0.9369382531767791
3388,3388,-0.01136070711824666,-1.2536902330219217
3389,3389,-0.010457999543922769,-0.9136850014384267
3390,3390,-0.01685995210263949,-1.0127892669979006
3391,3391,0.015451630333285553,-1.2076326798495995
3392,3392,-0.01794739516483375,-1.0065607756644823
3393,3393,-0.03722391890687988,-0.9177569972617969
3394,3394,-0.022195362382986146,-0.7901430512366416
3395,3395,-0.02842947118492327,-0.7359790256999357
3396,3396,0.04301352368650424,-0.9395643404120964
3397,3397,-0.035011213301205456,-1.0038695373902993
3398,3398,0.009168769591568704,-0.9609723980300751
3399,3399,0.02746115306411126,-1.1650565265964152
3400,3400,0.01720994336911918,-1.079870607259657
3401,3401,-0.007979767865766232,-1.1735932731720673
3402,3402,0.017226238103920676,-0.9523312104600783
3403,3403,-0.004441548108509261,-1.0048465219679035
3404,3404,-0.015719184928584692,-0.9981681130288699
3405,3405,0.03993750995228471,-0.9093651287700437
3406,3406,0.015145431737227724,-1.0482406131662334
3407,3407,0.008692568957128674,-0.8221156872816586
3408,3408,0.020483399118239907,-1.178120665069604
3409,3409,-0.016859316415558198,-0.958736388495331
3410,3410,-0.021481629292745885,-0.8506388024093093
3411,3411,-0.001818491005668492,-0.9342857888808529
3412,3412,0.020580350201816082,-1.1662053493535023
3413,3413,-0.010982483957690642,-0.8146853516797008
3414,3414,0.03433949505070977,-1.000045129835117
3415,3415,-0.0029166760534295316,-0.8044722701391025
3416,3416,0.00570996816638495,-1.3186608818282402
3417,3417,0.018800334052733486,-1.0151436851433913
3418,3418,0.027752132744686183,-1.1581020214350128
3419,3419,0.0249127323061552,-0.9871324866023903
3420,3420,0.003112978950042821,-0.8632582126574633
3421,3421,-0.004743846935307827,-1.181269514141524
3422,3422,0.0366148029006119,-0.9804848501173513
3423,3423,0.039722102025457534,-1.0048131136911866
3424,3424,-0.011098084898509677,-1.0061799452999154
3425,3425,0.0126109544945079,-0.8119825593232338
3426,3426,0.00541531951121714,-1.0520396169981745
3427,3427,0.013164875584377601,-0.9438593305933852
3428,3428,0.0024516951890019914,-0.8749617033574472
3429,3429,-0.01109814749373123,-0.9467701924343429
3430,3430,-0.02448362833152118,-1.043368438728917
3431,3431,0.02614642831064598,-0.8040575636515009
3432,3432,-0.015222571408384691,-0.8174110143840381
3433,3433,0.030938180614306438,-1.1234723004138045
3434,3434,0.011291897659989822,-0.9692000032935663
3435,3435,-0.0020540165277331615,-0.9413564889701741
3436,3436,-0.011340468165852734,-0.7805751056202159
3437,3437,-0.01101317963693051,-1.01722235941869
3438,3438,-0.00855271301615871,-0.9095158911216976
3439,3439,0.0201639211611421,-1.08712787803948
3440,3440,0.006787782845546708,-1.240437656144224
3441,3441,0.016236427236659287,-1.0038300674008367
3442,3442,-0.023140908045519624,-0.9609552170769522
3443,3443,-0.009386314743006195,-0.9528338676894674
3444,3444,0.004845438068895619,-0.9820043428400695
3445,3445,0.0016890262599698336,-0.9000063324667802
3446,3446,-0.04048954745178121,-0.9914465328463896
3447,3447,0.05239924037016348,-0.9137537433733737
3448,3448,-0.027154075138198952,-0.8609935993348788
3449,3449,-0.01249300888003304,-0.9256173650264514
3450,3450,-0.0036487967979667857,-1.1073602869890684
3451,3451,-0.0014952786395143192,-0.884478598786541
3452,3452,-0.026725266099454824,-0.9633698097716292
3453,3453,-0.0045317548688565135,-0.8775678076832638
3454,3454,0.05252722069994839,-0.901864995218028
3455,3455,0.0058140609947515826,-0.9614807253531322
3456,3456,0.013955601346340316,-1.011137167312516
3457,3457,0.018256918138907743,-0.9883777071449485
3458,3458,0.014405765948093174,-0.9625494434808116
3459,3459,-0.01219180656076221,-0.9539127512407097
3460,3460,0.0006559488735966429,-0.936589052781749
3461,3461,0.000731834683500715,-1.149057223782095
3462,3462,0.013811527916997836,-1.08479715276122
3463,3463,0.008028443019770265,-1.1195528758554345
3464,3464,-0.033924897296103096,-0.9689025880610942
3465,3465,0.0003298187195586999,-0.9357387510045044
3466,3466,-0.01922602615406427,-1.027124656251596
3467,3467,0.01620789944208316,-0.882276951840131
3468,3468,0.008115655621709766,-1.0659287129239305
3469,3469,-0.03212992504896964,-0.8621176960130565
3470,3470,-0.0007434945794399794,-0.6875224290861699
3471,3471,-0.02121261015264421,-1.2159732930585012
3472,3472,0.0008659883515759262,-0.9963623452449694
3473,3473,-0.027372346573842576,-1.148129988491272
3474,3474,-0.030250252247210688,-0.9813579256644631
3475,3475,-0.01984872178001805,-1.2506679833682204
3476,3476,0.04901799379541406,-1.1152868262089448
3477,3477,0.008119792008503927,-1.3168572187184695
3478,3478,0.004023264618039563,-0.8738075966364738
3479,3479,0.05165900286018899,-1.0070739910981854
3480,3480,-0.0022125812955960666,-0.8980569666984868
3481,3481,-0.031090597178227968,-0.972356456922926
3482,3482,-0.018467254679487063,-1.0890248679978012
3483,3483,0.021732594360218155,-1.1739378969739862
3484,3484,-0.038222701117927554,-1.1440031745724009
3485,3485,0.006170778520334357,-1.0865891056570867
3486,3486,0.05227158240592311,-0.8772633332914638
3487,3487,-0.0338605946705054,-0.8212360761216648
3488,3488,-0.02446832726748857,-1.0276382561838797
3489,3489,0.017406196144364117,-1.056823878875746
3490,3490,0.020560528003677685,-0.9349444381922364
3491,3491,0.03601872198714486,-1.141559053820124
3492,3492,-0.010746604167095775,-0.9595017266116376
3493,3493,-0.02220388134200585,-1.0251157533232629
3494,3494,0.02312240035781221,-1.2097640732035713
3495,3495,-0.006938309075430901,-0.9039028543387556
3496,3496,-0.007664636317502721,-1.1284737095822683
3497,3497,0.032707710492922995,-0.9733920471482462
3498,3498,-0.03350513392792436,-0.9090067152451663
3499,3499,0.046877087616067105,-0.9248450795186444
3500,3500,-0.010671190244252088,-0.9504659849952196
3501,3501,-0.009445954811085476,-0.8002242441714128
3502,3502,-0.00024255413699197925,-1.170298889156578
3503,3503,-0.010569945954322046,-1.030582797448034
3504,3504,-0.014963370722825914,-0.9639787257163596
3505,3505,-0.006957505148731405,-0.9944242982155836
3506,3506,-0.014301995188285833,-0.830789058878444
3507,3507,0.04179128394481747,-0.8789306511150097
3508,3508,-0.004100530265080851,-1.0981773823461645
3509,3509,-0.0070259044727002395,-0.930488402388593
3510,3510,-0.007707189526854527,-0.9287808535169509
3511,3511,0.005054243811185619,-0.9230398492669409
3512,3512,0.018770987439169946,-0.8909634467019005
3513,3513,-0.05004223334664647,-0.9251319806320493
3514,3514,0.007903551080674344,-1.0900743206980754
3515,3515,-0.0069221589240325565,-1.102844418904633
3516,3516,-0.030944641610254967,-1.018807627817239
3517,3517,0.018805467696825423,-0.8632197413913915
3518,3518,-0.018237923315313376,-1.2691675563298845
3519,3519,-0.019682664856171067,-0.863074102287987
3520,3520,0.019572402975976615,-1.0097969602828287
3521,3521,0.02599835050062552,-0.9325591257048031
3522,3522,0.024281535619642206,-1.096037131279974
3523,3523,0.05062051918831722,-1.0263996193447649
3524,3524,0.026918321234364183,-0.9405778251315176
3525,3525,0.0024906178086678554,-1.3138596053193126
3526,3526,0.023799096059500084,-1.0567917831070435
3527,3527,0.022821588651234362,-1.034857967008202
3528,3528,0.010704281363099016,-0.819186161817335
3529,3529,-0.030492632077633204,-0.8655506917833874
3530,3530,-0.02701577259232106,-0.8049993527859599
3531,3531,-0.019916127908886153,-1.0488610881482554
3532,3532,0.0027584111493417773,-0.9135856180184365
3533,3533,0.03601869048639225,-0.8357555573854205
3534,3534,-0.02411247434512928,-1.1872389122901494
3535,3535,-0.01630625280672842,-0.9589405135132972
3536,3536,0.00851706119871172,-0.9046494509355154
3537,3537,-0.008459891134966424,-1.0117926153039192
3538,3538,0.05074642541324158,-0.9631363892984005
3539,3539,0.002264240413487658,-1.1314897870803602
3540,3540,-0.02568867535040821,-0.9472045935153862
3541,3541,0.02934332771676545,-0.8193530944490641
3542,3542,-0.03412312616195669,-0.89012540000441
3543,3543,-0.007953609216166465,-0.8657623150816998
3544,3544,-0.008082017398946914,-1.1621432040656778
3545,3545,-5.400597346655767e-05,-1.1131695247244413
3546,3546,0.021973651477617748,-0.994280105554153
3547,3547,0.0021460810761476674,-1.0276189183819153
3548,3548,-0.017160226343711428,-0.9594983838504372
3549,3549,0.03223857909797009,-1.1611185838751716
3550,3550,0.0049405594909393,-0.9287775252748791
3551,3551,0.01926699847302346,-1.159048100428622
3552,3552,0.044511823970616336,-1.0187138889020588
3553,3553,0.009240971372981258,-0.9351485413251146
3554,3554,-0.02342719741327029,-1.0213320317981538
3555,3555,-0.013247435673140318,-0.9002733016458978
3556,3556,0.007885971967680861,-1.0356885263397362
3557,3557,0.03338683888396249,-1.0101287833627377
3558,3558,-0.002517881364221165,-0.6829229125634979
3559,3559,-0.017085877196140888,-1.039816321944589
3560,3560,0.035424141097417816,-0.7501287921113015
3561,3561,0.06029499630832393,-1.093547250435371
3562,3562,0.045257478880086646,-0.971374933701816
3563,3563,-0.008564671054114056,-1.0776366966187045
3564,3564,0.00039395205105180464,-1.1114042728482552
3565,3565,0.010495594217458958,-1.1490421307387413
3566,3566,0.016678021149907192,-1.0023044790848379
3567,3567,-0.007990942952738958,-0.8886383707415998
3568,3568,0.06699557556250002,-0.9971661694651648
3569,3569,0.0045308132328279495,-0.9027953689161738
3570,3570,0.017229910689905772,-0.8968150246063288
3571,3571,-0.0013013468966718462,-0.9516219020535474
3572,3572,0.007757359764739381,-1.02961919755411
3573,3573,-0.004439084550976271,-0.8809573422726984
3574,3574,-0.018920083430536316,-1.1724200237082718
3575,3575,0.008434529792032686,-0.9105907564320213
3576,3576,-0.011236730732977818,-1.1569075219435072
3577,3577,-0.01806909395727846,-0.836223131130566
3578,3578,-0.02119541894223867,-0.9241081115158207
3579,3579,0.010586646841699965,-1.059358406051831
3580,3580,0.02471578188231152,-0.8617654372163344
3581,3581,-0.012922848666147374,-0.967949189077336
3582,3582,0.03587503641705217,-1.1123854403475877
3583,3583,0.018851343883476628,-1.0786113401740927
3584,3584,-0.016259475438662803,-1.0392515567759042
3585,3585,0.006796887807961869,-0.9114709301467806
3586,3586,-0.01969956047460289,-0.7535364157871306
3587,3587,-0.020623528887232796,-1.0467616070126478
3588,3588,0.005754745453011648,-1.0231786175616884
3589,3589,-0.02388793301220114,-0.8967238627626913
3590,3590,0.05918202465382995,-1.0713213371042805
3591,3591,-0.03481097781417053,-0.8955257197194062
3592,3592,-0.002965746840858676,-0.9811118098404255
3593,3593,0.013406582720082105,-1.165254046591565
3594,3594,-0.007486861052108523,-0.9004796920174728
3595,3595,0.010820905110938972,-1.0799496530470423
3596,3596,-0.01049867427106662,-0.8158932046791183
3597,3597,0.042140649821143794,-1.0335408629217717
3598,3598,-0.02770093446310004,-1.0004889677654043
3599,3599,-0.02084178692811951,-0.7820731857922253
3600,3600,-0.03504312901687796,-0.9782805185642663
3601,3601,-0.03649339305174192,-1.158301891144472
3602,3602,0.0005130805637322822,-1.1396740979607705
3603,3603,0.024291509990869598,-0.9345597057001447
3604,3604,-0.00016613786665484187,-0.9737915405259863
3605,3605,0.0011075979285409777,-1.1187214719872354
3606,3606,0.026946782448572966,-0.9699703920475191
3607,3607,-0.06324314968309966,-0.832054270671491
3608,3608,0.032610303540016615,-1.2129799533870576
3609,3609,-0.0018042542461350203,-0.8993534877784857
3610,3610,-0.0034448291603671743,-1.1589403382702606
3611,3611,-0.0022348963092714558,-0.9790300503018649
3612,3612,0.03773619821457656,-0.9513657743374677
3613,3613,-0.016493009485347796,-0.9641686510370272
3614,3614,-0.0009786541810511418,-1.0522972623676023
3615,3615,0.008355235583123281,-1.1203895722636072
3616,3616,0.015154926975905779,-0.9390590703610369
3617,3617,0.04226382023199886,-1.1796714846612357
3618,3618,-0.008973638633434797,-0.9497614259729997
3619,3619,-8.633619848200103e-05,-0.782313595335877
3620,3620,-0.012450446605394988,-1.1308691942922606
3621,3621,0.01752668072730163,-1.1196529973837714
3622,3622,-0.010935441927112807,-0.8854373333986739
3623,3623,-0.005733098352300334,-0.9375808541832504
3624,3624,0.0003538892852826131,-0.9723306968033419
3625,3625,-0.03213670122203233,-0.8142688111537162
3626,3626,0.01591261001449707,-0.9558421919198634
3627,3627,0.02616766988098123,-1.0286272277371278
3628,3628,-0.004311506622572815,-1.0034871650561443
3629,3629,0.045384943288134166,-0.7648652962543463
3630,3630,-0.009831802548057891,-0.9972176052045431
3631,3631,0.01765327369694799,-1.1350887046023221
3632,3632,0.021670618773329348,-0.7825017688055579
3633,3633,-0.021202279253813773,-0.9611480879903321
3634,3634,0.01379797446015648,-0.9714119112335098
3635,3635,0.016420849211839256,-1.0995485936837623
3636,3636,-0.006347645350769038,-1.149787345484534
3637,3637,-0.055067913200648945,-0.9891191047318804
3638,3638,-0.02103506009531225,-1.0093123469427172
3639,3639,-0.018778508162883685,-0.9725417252348312
3640,3640,0.01595130296562356,-0.9140368483750059
3641,3641,-0.02132646889731174,-0.8571320230120482
3642,3642,-0.011727793244952295,-0.8208879613368223
3643,3643,0.021444829266299592,-1.1088050931379996
3644,3644,-0.007386213823224588,-1.0401361368050444
3645,3645,0.030493345871171897,-1.045032523301457
3646,3646,-0.009767613064238428,-1.1170789243574475
3647,3647,-0.014429748462555556,-0.9134453044858843
3648,3648,0.020194294241634134,-1.2915040119104162
3649,3649,0.010551904393723017,-1.2657878308883457
3650,3650,0.007978113695378212,-1.08384739399191
3651,3651,0.018614058775251283,-1.025615172192679
3652,3652,-0.0011865731263503432,-1.0417402806134322
3653,3653,0.030472040218756324,-0.8641993660373815
3654,3654,0.019026866533310302,-0.9790480603960342
3655,3655,0.002305347104914101,-1.0930499928756638
3656,3656,0.0013998591487609652,-0.9076608979389124
3657,3657,-0.010857201752273608,-0.8778792263039101
3658,3658,-0.004494965015228447,-1.1007860923791577
3659,3659,-0.05928141022902504,-0.9341330535435904
3660,3660,-0.0025814769289199593,-0.7349728929305874
3661,3661,0.03069940911868408,-1.0641624987388458
3662,3662,-0.01210986629434331,-0.7733137499987879
3663,3663,-0.028178964599060857,-0.8668758918337092
3664,3664,-0.03275419702896374,-0.9370203764808287
3665,3665,0.02570346153692364,-1.2378722996781253
3666,3666,0.018421281314587954,-1.1050213522595604
3667,3667,0.04928625758302944,-1.1054410534088412
3668,3668,-0.0212210581641476,-0.7965916792365018
3669,3669,-0.021011860810842525,-1.0004583707686112
3670,3670,0.0023289830368043787,-1.0210994385125265
3671,3671,0.03345837750271513,-0.8448845881421361
3672,3672,0.009766237642891258,-1.3600508929337165
3673,3673,0.028979371341817085,-1.1310522440179085
3674,3674,0.008737714268028426,-0.7460164904019104
3675,3675,-0.0046743478655675436,-1.0750138516934338
3676,3676,-0.03309325443022948,-0.9288103984116675
3677,3677,0.0024547508141469845,-1.1458471686606546
3678,3678,0.015354180494330093,-1.1857917426738995
3679,3679,0.03181551537636326,-1.0768344491061765
3680,3680,-0.012430348158774598,-0.989636797856836
3681,3681,-0.0315206637371668,-1.0413937193042662
3682,3682,-0.007474298483660671,-0.9361358417819297
3683,3683,0.009253026079480278,-1.18704563725205
3684,3684,-0.012991260114864026,-0.8793124599347629
3685,3685,0.013189157274365072,-1.0013165631248913
3686,3686,-0.0026342627354881687,-1.0369721918366097
3687,3687,0.02204016112126521,-0.9004784101797535
3688,3688,-0.007747086394339964,-0.903494086701621
3689,3689,0.013770381054873687,-0.9505935649670748
3690,3690,0.010933056709228194,-0.8818642017897873
3691,3691,-0.005802983558611148,-1.0210387277850308
3692,3692,-0.07844571777921769,-0.7799340708036204
3693,3693,0.013511486545050296,-0.9844068344125559
3694,3694,0.011194216086015583,-1.0998570550082678
3695,3695,0.01731620629857754,-1.063407873821757
3696,3696,-0.02337833266828431,-0.8039786521940886
3697,3697,0.037660770088083544,-0.9256044935502405
3698,3698,-0.005249151778094936,-1.1856646426840878
3699,3699,-0.04176878402516153,-0.7573712938536462
3700,3700,0.027341914814098492,-0.8896529537888598
3701,3701,0.01591678271896562,-0.8897724493251773
3702,3702,0.002199028125013394,-0.986493900748935
3703,3703,0.00809213844081889,-1.2263433855655195
3704,3704,0.0017086042287750153,-1.1453203386339856
3705,3705,0.008313584873023376,-0.7872484353321463
3706,3706,0.028351410498709033,-0.9079102833210143
3707,3707,-0.00183948368599271,-0.9557197804590181
3708,3708,0.029844767012986235,-1.1496019877936852
3709,3709,0.033782439382238835,-1.137391273148687
3710,3710,-0.01935574464016465,-0.8809250030325103
3711,3711,-0.0016806213546994297,-1.0737506300039146
3712,3712,0.03286826850813202,-0.8823817158868441
3713,3713,-0.03657730815990104,-0.8854592410713917
3714,3714,-0.011040134686070763,-0.9268541325815383
3715,3715,-0.005750510831664807,-0.9244536985901057
3716,3716,-0.022661859096563118,-1.0993258806459616
3717,3717,0.009348625292077205,-0.9741729027235114
3718,3718,0.02372692534294535,-1.099359409920733
3719,3719,-0.005299629886878876,-0.9492428318727562
3720,3720,0.007889028465595513,-0.9946797990550621
3721,3721,-0.02723828454833782,-1.2094430615619638
3722,3722,0.01732468974728881,-1.0340004849100848
3723,3723,-0.006151991243698515,-1.0075083585594566
3724,3724,0.007541341830528556,-0.8907378763832918
3725,3725,0.0327569704065019,-1.1109696526076822
3726,3726,-0.020141646155116162,-1.0329550736749518
3727,3727,-0.005215588256517044,-1.0458741117143666
3728,3728,0.016656721863480668,-1.0223566860557711
3729,3729,0.026254361211643786,-1.0131377172656915
3730,3730,0.029111741378776215,-1.1809563891483053
3731,3731,-0.003302944976406867,-1.1377398512350476
3732,3732,0.010522614394050542,-0.99880402282614
3733,3733,-0.024488301378141772,-1.0807558739426082
3734,3734,-0.016698763845429968,-1.0996693646639308
3735,3735,0.01589388257458356,-0.7993288542023561
3736,3736,0.020822378265226798,-1.105633731650655
3737,3737,-0.00850227532927542,-1.1611937053869785
3738,3738,0.031681461272462706,-0.9670395687810883
3739,3739,0.024216263041362596,-1.0756667886331739
3740,3740,0.015560925853461721,-1.0198435058932547
3741,3741,0.012629286768554075,-1.1016217382314604
3742,3742,-0.01384565455095432,-1.1367282095957019
3743,3743,0.04615795622140005,-1.1952984202685486
3744,3744,-0.02083957157619027,-1.1433870055593578
3745,3745,0.0010343362090555613,-1.0091240824632197
3746,3746,0.03203134544796962,-1.1784646330323922
3747,3747,0.03827296894533215,-1.1800431973916359
3748,3748,-1.5587085332835482e-05,-1.0144649514401272
3749,3749,-0.01605147309619112,-0.7490224206336547
3750,3750,0.009362920519197734,-0.8690603904384432
3751,3751,-0.016182849873673175,-1.022415344429601
3752,3752,0.03943702642144516,-0.9715521789264819
3753,3753,0.025586030533785442,-0.8429624562771142
3754,3754,0.014196155644631461,-1.117747062163709
3755,3755,-0.00790236312753765,-0.8270894740878686
3756,3756,0.002482664485635902,-1.202651756122012
3757,3757,0.027514591687404916,-1.0988962284809214
3758,3758,-0.014794773437656453,-0.8968291494164037
3759,3759,-0.03142960508132572,-0.983464093451589
3760,3760,0.04247528775589311,-0.8044099179081181
3761,3761,-0.014645248591460741,-0.9592482114464601
3762,3762,-0.022101441927823137,-0.8601093071837883
3763,3763,0.01447847372774123,-0.759362322034408
3764,3764,0.012690275147240436,-1.1463557684574932
3765,3765,-4.7432013806164575e-05,-0.9262901817700402
3766,3766,-0.026024728206905434,-0.8898197553162026
3767,3767,-0.026063390970737288,-0.927680183120252
3768,3768,-0.029602652241636773,-0.9226266203407034
3769,3769,0.00036224301677174886,-1.149790104739738
3770,3770,-0.009813949418215959,-0.9475790712305833
3771,3771,0.03699856142373888,-0.8732459378991765
3772,3772,0.004174466715764769,-1.0691048160755934
3773,3773,0.01821839682424692,-0.9762594561352013
3774,3774,0.025929821303200443,-1.0646421562825137
3775,3775,0.0040995720835484695,-1.00140335784749
3776,3776,-0.004823937398941991,-1.1174161158347247
3777,3777,-0.018659745985590843,-0.9651080396141976
3778,3778,-0.034782876136246435,-0.7608003731970725
3779,3779,-0.029896119414235003,-0.8187543733242538
3780,3780,-0.007227095903699202,-0.9213330598944638
3781,3781,0.00039118102011716227,-0.8433718770302286
3782,3782,-0.021878773141192378,-0.8647203598273202
3783,3783,0.03038067566961708,-0.9896795521741928
3784,3784,0.0018667912243914841,-1.0111350146355997
3785,3785,-0.011113950082244603,-0.9825277147360557
3786,3786,0.017020524134768025,-0.9987821373492655
3787,3787,0.03688518291464611,-0.7631635854322373
3788,3788,0.005869149736176811,-0.9530226215390604
3789,3789,-0.01039498532685779,-1.182813809783254
3790,3790,-0.04257243001685994,-1.0144798889489852
3791,3791,-0.029887194688409956,-1.054756066113748
3792,3792,0.026537710778301957,-1.2151087997842
3793,3793,-0.002295388009954385,-0.9673522666616411
3794,3794,0.005005134953371793,-0.9100336329306806
3795,3795,0.0090598000942817,-0.743353966913535
3796,3796,-0.03510617150161324,-0.7642800901148954
3797,3797,-0.007201983179558799,-0.943258574432268
3798,3798,-0.030331676551044205,-1.0777532806016572
3799,3799,-0.01837759157246201,-0.830241854639201
3800,3800,0.016635896911769015,-1.3428949645918382
3801,3801,0.016994084440561427,-0.7439191600095877
3802,3802,0.004917284269594924,-0.9994061484551802
3803,3803,0.017052182277457396,-1.2378987163992607
3804,3804,0.016956753507153487,-0.7791365008139912
3805,3805,0.014249965087619276,-1.0076242212927875
3806,3806,-0.030120300864376684,-1.0194102607010247
3807,3807,-0.02500855865360918,-1.012647632452566
3808,3808,-0.0027559494604684487,-1.1394744866248687
3809,3809,0.0024269209494528,-0.9356825117189028
3810,3810,0.023568099695698744,-1.0163286929746607
3811,3811,0.031067689106164247,-0.992056851172329
3812,3812,-0.016377706362036518,-0.7754431271324814
3813,3813,0.013778574368841764,-1.1601746674216642
3814,3814,0.008591534204723278,-0.7482440161756079
3815,3815,-0.027560154447781676,-0.9407872455624754
3816,3816,-0.030597808293783918,-0.9945719296744591
3817,3817,0.018258152404463344,-1.264339398638357
3818,3818,-0.00924011472076229,-0.9284081706873359
3819,3819,0.026089315125749885,-1.062570845309611
3820,3820,0.019007807376806407,-0.9984691865886312
3821,3821,0.021631132573427074,-1.1921806789232068
3822,3822,0.003267884955820144,-1.0316987403100324
3823,3823,-0.03229951622018877,-0.9169525482548729
3824,3824,0.0027939812851426465,-0.7961797950995703
3825,3825,-0.01873791268304772,-0.8767521442269735
3826,3826,-0.0403126087892486,-0.8719175080119075
3827,3827,0.036169190815193715,-1.1267945082126916
3828,3828,0.033751272307819824,-1.0593837614508337
3829,3829,0.023139424874152062,-0.9270798131534975
3830,3830,0.01296320759630662,-0.9967593672461296
3831,3831,-0.008184079692961258,-1.0937537691138772
3832,3832,0.05494460102781504,-0.9594729353267214
3833,3833,-0.013230021345324429,-1.0541867193589702
3834,3834,0.00699888143622153,-1.2268191765562118
3835,3835,-0.017605289920691207,-1.1200056773172735
3836,3836,0.07176275016461524,-0.8297947841673489
3837,3837,0.02997782434846287,-0.9424269942026408
3838,3838,-0.0020042913186025264,-0.9786050158847873
3839,3839,0.008401156475929303,-0.9474547740013483
3840,3840,-0.027934735015447507,-0.9904780296817082
3841,3841,0.0223226971865685,-1.1434226458814367
3842,3842,0.03295938577836979,-0.9178383202425172
3843,3843,0.03168965453882226,-0.901637587873643
3844,3844,0.023359152861003984,-0.8547048539241742
3845,3845,-0.00915075935653109,-0.935137945168659
3846,3846,-0.007555004355989596,-1.0059669444635864
3847,3847,-0.03613856013081483,-0.9334586162825522
3848,3848,0.0052483861701416445,-0.854504904036512
3849,3849,-0.016655604305876495,-1.1793243415604555
3850,3850,-0.04933847038767858,-0.8866390415987332
3851,3851,0.05521544773935319,-0.9373405007101901
3852,3852,-0.007867324282698401,-1.0984559130879143
3853,3853,0.022329459553025795,-1.1437976021823775
3854,3854,0.011048613753188663,-0.7081708156010862
3855,3855,0.010743283209413007,-0.9867177748924105
3856,3856,-0.016240533988287134,-0.8302251775900252
3857,3857,0.027147006052702833,-1.1422214378439253
3858,3858,-0.023254010832961317,-1.0080153151892497
3859,3859,0.013987606524849948,-1.1252309063606245
3860,3860,-0.029540711731101673,-1.165220646932619
3861,3861,-0.004805110663208531,-0.9303579195435357
3862,3862,0.006780335330801239,-1.0006210918733485
3863,3863,-0.017428927551092,-1.0573180136471978
3864,3864,0.02937224555394753,-1.0656568602769032
3865,3865,0.0435653136793253,-0.9426711689884105
3866,3866,-0.0053991001604888345,-0.8391980017138185
3867,3867,-0.04046960064670885,-0.8469691102936354
3868,3868,-0.01897547936234211,-0.8917822725171201
3869,3869,-0.014372386999212552,-0.8766311495695346
3870,3870,-0.006024122205703688,-0.8972878703742028
3871,3871,-2.415358885991814e-05,-1.0377695229740518
3872,3872,0.03701623680666778,-1.0381322389097363
3873,3873,-0.0022095763887201025,-0.9647934982982064
3874,3874,0.00803322687003235,-0.8913271984093317
3875,3875,0.01850969358719854,-0.9539498778150005
3876,3876,-0.049678456754981615,-0.8768407057569731
3877,3877,0.0016570481731394866,-1.1461713771878246
3878,3878,0.048704469116806266,-0.7228206299523452
3879,3879,0.023631402567019004,-0.821438562310952
3880,3880,-0.006832787534099449,-1.1259874238055112
3881,3881,-0.05100192283380281,-0.8901494538478951
3882,3882,0.0053430973762211426,-0.9886752533676396
3883,3883,-0.005341001898042624,-0.8849084882733042
3884,3884,0.0028495146626933213,-0.8491367664257492
3885,3885,0.007576803619962519,-0.8464423902236532
3886,3886,-0.006309038727834809,-1.0029844383157471
3887,3887,0.002869737797930795,-0.6968992311224828
3888,3888,-0.03963241595398698,-0.9884920448176028
3889,3889,-0.03592224425015361,-1.039836753750095
3890,3890,0.021898953870253368,-0.952420775643226
3891,3891,-0.024187045414082398,-1.110566700268944
3892,3892,-0.016522167577449873,-0.9077242762494191
3893,3893,-0.05881022149285843,-1.0616547422109859
3894,3894,0.00028831075984831357,-1.0540380109206264
3895,3895,-0.014886398488434113,-0.7663938334892659
3896,3896,-0.008549216208351564,-1.0383847656611038
3897,3897,-0.032039649992257585,-0.9242539796672503
3898,3898,-0.013583109725349402,-0.9743136194061204
3899,3899,0.006921684525564548,-0.9003757371641004
3900,3900,-0.00752868839120135,-0.8345015850869585
3901,3901,-0.017673882046485512,-1.0521899669857127
3902,3902,-0.004933116169073798,-1.0326148032340146
3903,3903,0.007721629590060106,-0.8194426219947527
3904,3904,0.02457740977689818,-0.9695198809035886
3905,3905,0.0030246722720129182,-0.8500616949672717
3906,3906,-0.013726530629281107,-1.0313777492708638
3907,3907,0.022233614756459942,-0.821738804122927
3908,3908,-0.03712165097252862,-1.1170821491693217
3909,3909,-0.003188801798487323,-0.789610461360893
3910,3910,-0.028365773671846083,-0.7867828784461839
3911,3911,-0.0225132627893549,-0.9244128099357684
3912,3912,-0.04047497798008101,-0.9770413594566573
3913,3913,0.01684307607328129,-0.8738451376301389
3914,3914,0.008839642824562559,-0.9976086185707587
3915,3915,0.006836073929369607,-1.068290374033245
3916,3916,-0.018657218129940315,-0.8407153152757129
3917,3917,0.003767830755510363,-1.1990291308233538
3918,3918,-0.0034475322178524163,-0.7451277005292107
3919,3919,-0.0267216434766393,-0.9852367080798125
3920,3920,-0.021073578787332264,-1.0136539776143656
3921,3921,0.024433541028709895,-0.8594986333292212
3922,3922,0.05092105206421595,-1.2561551233218078
3923,3923,0.023712827909970417,-0.8429675901626948
3924,3924,-0.022845450621018108,-1.2455185130490036
3925,3925,-0.0358051158805264,-0.8394038450745404
3926,3926,-0.014354255594482848,-1.0064830276046826
3927,3927,-0.011021156543141258,-0.9935966692020258
3928,3928,0.028731092670483092,-0.8564020912270937
3929,3929,0.02264239675638442,-0.9178956338491666
3930,3930,-0.01808355672219751,-1.1009465329430792
3931,3931,-0.0017578726828753975,-0.8386462646547509
3932,3932,0.030278303799262968,-1.1082882714849993
3933,3933,-0.0501741443610844,-1.0854338631487792
3934,3934,0.06174972571710172,-1.1330628589633818
3935,3935,-0.023299345759850376,-1.218510463243468
3936,3936,0.02182209222840263,-0.902646976034135
3937,3937,0.011314705947790306,-1.0727627488799507
3938,3938,-0.014381663458783361,-0.8153098676664134
3939,3939,-0.025773582033754898,-0.9341413492539672
3940,3940,0.04146570045970378,-1.093730260632418
3941,3941,-0.029141786585309543,-0.8985588243206877
3942,3942,0.023294206832601666,-1.0183789150986442
3943,3943,-0.022472892017589747,-0.7328337567480949
3944,3944,-0.0050609288693119064,-1.0172560784840046
3945,3945,-0.011473726458662847,-0.8765086314908009
3946,3946,-0.004825512548623331,-0.9764974044968098
3947,3947,0.014944647227891898,-0.9884758849892493
3948,3948,-0.012875614068621956,-0.753132282792703
3949,3949,-0.004965349460340565,-0.9108142086594937
3950,3950,0.02435769601113265,-0.9668566783203004
3951,3951,-0.01235794459463635,-1.144502150185727
3952,3952,0.015751232716158185,-1.1234831814492425
3953,3953,-0.012079263829086022,-1.007546728628641
3954,3954,0.009337509783871073,-0.9924922394512273
3955,3955,-0.00036171934738533223,-1.0989586409806344
3956,3956,-0.0023496056623781725,-0.8836135441101622
3957,3957,-0.02366809239471719,-1.1426725115165826
3958,3958,-0.008683186426894486,-0.8537071724495632
3959,3959,-0.007169568157476575,-1.0332984118447082
3960,3960,-0.01739542112220202,-0.8110971895292983
3961,3961,0.005929269890973365,-1.0712809025926082
3962,3962,0.026453010823888255,-0.7450572915633024
3963,3963,0.02565471557210765,-0.9986284157072023
3964,3964,0.041886603275159015,-1.0740392242236692
3965,3965,0.007914008367981572,-1.0352268036309313
3966,3966,0.01846031106393215,-1.2042591851480307
3967,3967,-0.03652813363682861,-0.8398818090087244
3968,3968,0.0008047523339297924,-0.9509901475219867
3969,3969,-0.0268832183367812,-1.1634818136375256
3970,3970,-0.0021797756431817944,-0.90927725146962
3971,3971,-0.007321202691717918,-0.9054448005669954
3972,3972,0.015270978819761166,-1.0368232565170445
3973,3973,0.024844367194395662,-1.1260373810976518
3974,3974,-0.05418390477964785,-0.6807394147345754
3975,3975,0.008275580000250499,-0.8896369734918074
3976,3976,0.022219174129589625,-1.1292252937428775
3977,3977,-0.013676560506185348,-0.967600632263068
3978,3978,0.018058421766967155,-1.0867681060664856
3979,3979,-0.00035066248645250486,-0.9864208844543315
3980,3980,0.02425072876067298,-0.909894208723909
3981,3981,0.002317510551046814,-0.721326923374306
3982,3982,-0.0011545487454941855,-0.8897808453979054
3983,3983,0.007882862380410346,-0.7498213460969968
3984,3984,-0.011228701067640765,-0.8698416812837667
3985,3985,-0.022347891251323172,-0.9340873455569665
3986,3986,0.007563083964359368,-1.0437875101259635
3987,3987,0.007797866821878899,-1.216633058343883
3988,3988,-0.04201664592792319,-1.0355592724480975
3989,3989,-0.03724754352523821,-0.8243643456906619
3990,3990,-0.007795230575556533,-0.9686116446377346
3991,3991,0.0008419480883033459,-0.9787560045989273
3992,3992,-0.010302119466390702,-0.9515909008356899
3993,3993,-0.0021668080601431605,-0.981902715793409
3994,3994,-0.006329579068618585,-1.1460416654172492
3995,3995,-0.005777098973891524,-0.7820892956331573
3996,3996,0.006007169111230367,-0.9565365748959033
3997,3997,0.03412961888613625,-1.117326190615339
3998,3998,-0.03573848019359539,-1.037880375940755
3999,3999,0.012326956575096918,-0.798356118523268
4000,4000,-0.005818316788974841,-1.1040601131930927
4001,4001,0.021944829780774715,-0.9545901398926572
4002,4002,-0.026851559782974807,-1.141658866812534
4003,4003,-0.0132996110858669,-1.0006922353727852
4004,4004,0.023370776950960535,-0.7323235556590278
4005,4005,0.044248763928798986,-1.0839519387175007
4006,4006,0.05356790898820976,-0.9406144623332873
4007,4007,0.01773501038596912,-0.9619387102578835
4008,4008,-0.027718002833408008,-0.9195942175117978
4009,4009,0.03749210841992118,-1.111048072186727
4010,4010,0.012795916470927426,-1.0492635527672851
4011,4011,-0.01010553812478733,-0.862088223947369
4012,4012,-0.02489419932111734,-0.8892022621809024
4013,4013,-0.0009497379332542542,-0.9573968062200204
4014,4014,0.046140529318156195,-1.0755214898483838
4015,4015,-0.04447573267348437,-1.009024923845325
4016,4016,-0.02002485912436551,-0.9582122102395749
4017,4017,0.020624312933077732,-0.9390383177945009
4018,4018,0.019239114649021095,-1.0055123709029552
4019,4019,0.0013417176880105852,-0.7984080979005794
4020,4020,0.005965874118180836,-0.9422308577215918
4021,4021,0.0258623424216824,-0.957084604458569
4022,4022,-0.020369735530761726,-0.8111913921114453
4023,4023,-0.008079122172233043,-0.8855673286860217
4024,4024,-0.0011538563151102937,-1.111697954187553
4025,4025,-0.007797782850430021,-1.00317182012816
4026,4026,0.03382573279011365,-0.8515606754366992
4027,4027,-0.02301400378198481,-1.1464979663000177
4028,4028,-0.01993302464612029,-0.7857933026328862
4029,4029,-0.025281813152982183,-1.1725461915245108
4030,4030,0.02960986935197018,-1.2284186560511392
4031,4031,-0.007439229222046526,-1.1497050793743306
4032,4032,0.01856384755345114,-1.0951085478760085
4033,4033,0.001171554253529536,-1.0950387965411357
4034,4034,-0.0010005356990711797,-1.202139115971006
4035,4035,0.01086187713305787,-0.9075184808725552
4036,4036,-0.0013531071084416368,-1.0721773142580084
4037,4037,-0.019014816440688087,-1.1863396117794167
4038,4038,-0.01883038985634697,-0.9886914993155164
4039,4039,0.039684920775140096,-0.9381279939059554
4040,4040,-0.008805365955029874,-0.8534400872627733
4041,4041,0.0075106748794182,-1.0939818416836864
4042,4042,0.004990293021681377,-1.0000851563968132
4043,4043,-0.047884448261335685,-0.8476528073363095
4044,4044,-0.001960487710992595,-1.0098989800966711
4045,4045,0.025634482542266857,-1.098776826226815
4046,4046,-0.008285470172375062,-0.8593382440350914
4047,4047,0.018033134302456046,-1.135097687154575
4048,4048,0.0015531663884937041,-1.2089305923022675
4049,4049,-0.003005313593893614,-1.0240828464116647
4050,4050,0.005520886976590728,-1.1046266251994097
4051,4051,0.018568905320268368,-1.1993288334607959
4052,4052,-0.011422600010030398,-1.1347618975453573
4053,4053,-0.03040145826215257,-0.9166753178106349
4054,4054,-0.024291093828673505,-0.9552229324134635
4055,4055,0.02447599113111374,-0.8931286139919609
4056,4056,-0.005491948259530852,-0.9610857128541141
4057,4057,0.050179535487585594,-1.0415541826166366
4058,4058,-0.022233161930198364,-1.0336233092831337
4059,4059,0.0010667171170811104,-1.3145267841513688
4060,4060,-0.007962298043976595,-0.9400781875279666
4061,4061,0.004195278982310764,-0.8742576841338038
4062,4062,0.004821324662670989,-1.1361711242849333
4063,4063,0.005278359104866036,-1.086396223484717
4064,4064,-0.012753338501974115,-0.9541918689188756
4065,4065,-0.022345715135509744,-0.9572604657602218
4066,4066,0.0035209857278038492,-0.8955495244504561
4067,4067,0.00011033259963885711,-0.8892723311658025
4068,4068,-0.025640364862585058,-0.8166392638470581
4069,4069,-0.0321402692138798,-0.971301721859841
4070,4070,0.0005069302157576921,-1.0032135132740194
4071,4071,-0.03806140282056622,-1.212193080290976
4072,4072,0.029735764805968783,-1.186943162453254
4073,4073,-0.0044913632849880175,-1.1180701592356825
4074,4074,0.00476705208113155,-1.0281295168463305
4075,4075,0.013065715408077501,-1.1857948004890764
4076,4076,0.010695612886294108,-1.0438822412126543
4077,4077,-0.02823347981926787,-1.044467236526567
4078,4078,-0.0006389651179177641,-0.8552037163206377
4079,4079,0.02201483588907134,-1.0805353415918784
4080,4080,0.011754451341071503,-1.1252454374172625
4081,4081,0.012240165097357097,-1.0178067707565064
4082,4082,0.028035364317742402,-0.947528090087624
4083,4083,-0.005772049791438721,-1.0055806105051641
4084,4084,0.016475774867996895,-0.9331340857846079
4085,4085,-0.027627355850543957,-0.9779675955119177
4086,4086,-0.009887527159107276,-0.7509688917522119
4087,4087,0.03119378998364225,-1.1967422250038915
4088,4088,0.03307736900717797,-0.9713410499919284
4089,4089,0.029347532714688096,-1.1967350896236935
4090,4090,-0.01338225846783575,-1.2043599978376953
4091,4091,-0.01380032568433704,-0.835935651640301
4092,4092,-0.002827640034534021,-0.8211487932830321
4093,4093,0.032124509545328556,-1.0453588163958876
4094,4094,-0.03706451886441668,-0.9409159638433108
4095,4095,0.009321919720374336,-0.9659492637335548
4096,4096,-0.00013153348142370264,-1.0077426244387313
4097,4097,-0.0005781745562414764,-0.8608857599470878
4098,4098,0.0138221737214318,-1.0568798618328914
4099,4099,-0.008677164446542276,-0.9652628108768705
4100,4100,-0.03367946046861507,-0.8775859218859381
4101,4101,-0.002034193538812781,-0.8712744873394823
4102,4102,0.023114570652569458,-0.9860427865037267
4103,4103,-0.02723244253203419,-0.8331513896830555
4104,4104,-0.01586557324612987,-0.8542636931435044
4105,4105,-0.01277679302840197,-0.7165196642374075
4106,4106,0.0014240158595872215,-0.8148338162766098
4107,4107,0.0005500618828050766,-0.840273396453451
4108,4108,-0.018150260455680522,-0.9947306817314758
4109,4109,0.032047758022621206,-0.9994721303413304
4110,4110,0.03266909823259339,-0.9793682931282663
4111,4111,0.027317882525701078,-1.0124604833406075
4112,4112,-0.023894904777406738,-0.9173974119401531
4113,4113,0.0027203431795896297,-0.9460663204653709
4114,4114,0.03196438519652195,-0.9725477824948093
4115,4115,-0.013240294828558138,-1.2068078890912557
4116,4116,0.01110982858620018,-0.8145186726484875
4117,4117,-0.0037437564976726123,-1.1827660861874563
4118,4118,0.014214486681304511,-1.0180343463166261
4119,4119,-0.005439566367725022,-0.9567234772721726
4120,4120,-0.050632563539744706,-0.774454894064663
4121,4121,0.0038928560024931998,-1.046744234918761
4122,4122,-0.0018363751264018624,-1.133822777960122
4123,4123,-0.023969517259241915,-1.1142820365849018
4124,4124,0.008720083976495652,-0.9202639788567609
4125,4125,-0.010017480351332646,-0.7882722145927425
4126,4126,-0.010415891855770645,-1.0828891923021882
4127,4127,-0.03734495252716967,-1.1843335217548772
4128,4128,-0.02946327279332217,-0.9905637786270128
4129,4129,0.015865375457514125,-1.058614317990161
4130,4130,-0.005274578606955116,-1.141481059168629
4131,4131,0.0064265737697120455,-1.0792310017409028
4132,4132,0.0029920430730053307,-1.0528729445105072
4133,4133,-0.01970375543467088,-0.9171285153107936
4134,4134,0.0011072461642562398,-0.9120780783660993
4135,4135,0.0017343146040795232,-0.9707985939661877
4136,4136,0.008343117829533961,-1.047550326340698
4137,4137,-0.031681445140825215,-0.9193776643402283
4138,4138,0.05929357292354493,-0.9833760070168907
4139,4139,-0.02123941712550734,-0.9571893937487548
4140,4140,-0.005017300430510387,-0.8717849536667027
4141,4141,-0.033092111096461416,-0.9149212013561059
4142,4142,0.0015746249360090864,-1.140014585678121
4143,4143,-0.02727472114421059,-0.6735028438861133
4144,4144,-0.01611084315714495,-0.7043562571949192
4145,4145,0.0230147728999004,-0.9690665022709308
4146,4146,-0.025784158054469916,-0.803143799957875
4147,4147,-0.006022843193858721,-1.0088892877097737
4148,4148,0.009971734413220152,-0.9129322280291278
4149,4149,0.015321911682557369,-1.1481197307741713
4150,4150,0.0019999115568862247,-0.7795773570609763
4151,4151,-0.017734099158349725,-1.3101173443350103
4152,4152,-0.03502506748596016,-0.7882431674031406
4153,4153,0.020347105389118665,-1.0284319977986522
4154,4154,0.007443410155228665,-1.198423363670129
4155,4155,0.03008431574108068,-0.8988873254262074
4156,4156,0.010573384140365391,-0.915814032916149
4157,4157,-0.009424112557192707,-1.2399152099077508
4158,4158,0.003562269796915707,-1.1361886025251846
4159,4159,-0.027931023548666098,-1.0113345498531083
4160,4160,-0.014015271358729334,-0.888237838556787
4161,4161,0.036208305072645636,-0.9644589191695545
4162,4162,-0.033957997664430396,-1.0635413491997792
4163,4163,0.001916537406740207,-0.8921673679303256
4164,4164,-0.02522491404191657,-0.9992965652137475
4165,4165,-0.000421054586476316,-0.8828612462179072
4166,4166,0.03987537462343459,-1.143147803734285
4167,4167,0.021450993100308596,-1.0334731384597309
4168,4168,0.0032724188092782616,-1.26736739897042
4169,4169,-0.008382645017473073,-1.0737176764370133
4170,4170,-0.020649583808073912,-1.0419062789887228
4171,4171,-0.03998534907930891,-0.8850615929044633
4172,4172,0.005210003486112141,-0.9203003218336658
4173,4173,-0.01859714766931292,-0.7990107323345491
4174,4174,0.031155380975671988,-1.2922419998917898
4175,4175,0.043837957693238526,-1.2172774182295303
4176,4176,0.014995772091914623,-1.0861699222214096
4177,4177,-0.013257900511629797,-0.9598050711854527
4178,4178,-0.012266136239069393,-0.9244820792609081
4179,4179,-0.006125558445442901,-0.8416071207743249
4180,4180,0.01750329349856919,-0.9158453737213839
4181,4181,0.011432622018168213,-1.2225823246980625
4182,4182,-0.06049192741384586,-0.7357878607242101
4183,4183,-0.01775163824206144,-0.854718486350221
4184,4184,-0.0012328889603407112,-1.0483113373489883
4185,4185,0.010523194733792013,-0.8908976173937413
4186,4186,-0.022829244124465055,-1.081705963503134
4187,4187,-0.0064024871668812156,-0.835933777302926
4188,4188,-0.03564277737577722,-0.7055758870581893
4189,4189,-0.02679107384781368,-1.0976125183636536
4190,4190,-0.003055455108534365,-0.8845899619420827
4191,4191,0.010662803059107207,-0.8741455883718928
4192,4192,-0.024606293761087986,-0.9414738048621362
4193,4193,-0.018422148978761807,-0.9386624630864833
4194,4194,-0.004641664868528218,-0.8480750419721967
4195,4195,0.08126653156731849,-1.201776107047705
4196,4196,0.036603391376017286,-0.8445866966765853
4197,4197,0.01908171608887673,-0.903921772960529
4198,4198,-0.021497514950032163,-0.8264971139958666
4199,4199,-0.01144416231247216,-0.9553034899535149
4200,4200,-0.005796344691452862,-0.8883211025577473
4201,4201,-0.0034487822078521635,-0.8947157603267807
4202,4202,-0.0007474223927369204,-1.033200789192229
4203,4203,-0.0744776753454909,-0.7901838588974935
4204,4204,-0.0029927647411499073,-0.8404435500051775
4205,4205,0.019948973758845356,-1.0576852465725637
4206,4206,-0.03093722160358736,-1.0611246834996957
4207,4207,-0.013322803230756117,-1.1256040186807723
4208,4208,0.004977697253449306,-0.7351951749793271
4209,4209,0.019788707363351702,-0.9549911735967539
4210,4210,0.03139826211467309,-0.997022083664397
4211,4211,-0.02775353155813533,-0.7402521980044594
4212,4212,0.005920923440892761,-0.8547184675921586
4213,4213,0.008412170051695173,-0.9595797949245163
4214,4214,0.02751137229405591,-0.975233130031104
4215,4215,-0.04049409905211785,-1.1353808085461843
4216,4216,0.009005710743797836,-1.1003254850977322
4217,4217,0.003081494228070348,-0.8547858129952699
4218,4218,0.0034190841002718075,-1.1513515746379104
4219,4219,-0.01908064724142962,-1.0195313900678158
4220,4220,-0.016120710674184045,-0.9880978251117489
4221,4221,-0.06998396791093729,-0.7150979253601917
4222,4222,0.01770712490541107,-1.0806987621448922
4223,4223,0.028123313106492277,-0.9234440321684935
4224,4224,0.0013653805873925229,-1.131726014903665
4225,4225,-0.0020356019724513813,-0.9173618035613608
4226,4226,0.027110445230120874,-0.967405916310758
4227,4227,-0.028360544584260586,-1.1631349611194748
4228,4228,0.010095885566125718,-0.928031850550021
4229,4229,0.0352228981551055,-1.0726511375022698
4230,4230,0.022128248302629473,-0.9918893927850645
4231,4231,0.027053950877368033,-1.1088007510582416
4232,4232,-0.0011090367901002013,-0.9994004295355198
4233,4233,0.00925562138599724,-1.1234438210505644
4234,4234,-0.014588255001969502,-1.1814140441414414
4235,4235,-0.0034874289940552278,-1.2840333024474333
4236,4236,0.01879559109634104,-0.9986510380024274
4237,4237,0.044074447627365294,-1.0355060089579773
4238,4238,0.022529173081265626,-0.9328369058650563
4239,4239,-0.031310581663551024,-1.00704378486405
4240,4240,-0.00555070438775801,-0.7608331831413686
4241,4241,0.039901980592288805,-1.1213599964627399
4242,4242,0.015854933079184952,-0.9474546447874551
4243,4243,0.010565114851801113,-1.251704908269706
4244,4244,0.017972120599883998,-0.9927213942456679
4245,4245,0.014009522454640544,-1.1620677908064898
4246,4246,-0.024418078119406526,-1.0071936187997195
4247,4247,-0.0014392258817456406,-1.2687156196770375
4248,4248,0.0012121824166277245,-0.9793708714993886
4249,4249,0.0007059349059381076,-0.9653727208289289
4250,4250,0.009986577668608582,-0.8312574271783866
4251,4251,0.026660014879344704,-1.070024123073806
4252,4252,-0.019977780415893952,-1.0023776285873696
4253,4253,-0.05003263141645594,-0.7906756176526244
4254,4254,-0.0016813179848520626,-1.017848289279149
4255,4255,0.020805271893385765,-0.9897848112553663
4256,4256,0.012936659457365498,-1.0604084574369008
4257,4257,0.008913351348188839,-1.2340604276131322
4258,4258,0.009118627827652562,-1.014496822226396
4259,4259,-0.013845114147244864,-0.8390985444904571
4260,4260,0.0010726868575549608,-0.8750692580444369
4261,4261,-0.07303676905333101,-0.9760325707009299
4262,4262,0.022895888794026674,-1.1229382040279772
4263,4263,-0.01760940009713735,-0.8547199306705465
4264,4264,0.016597321345640126,-0.9856508196476645
4265,4265,0.0028611676898943755,-1.0709236447567276
4266,4266,0.0027073227901313404,-0.9316032316093737
4267,4267,0.0009710685557461074,-1.1654225734747805
4268,4268,-0.024435741068444355,-0.8681744213756841
4269,4269,0.0357040350551332,-1.182774017518485
4270,4270,-0.015512398921356599,-0.9955806626299856
4271,4271,0.036940485950048015,-1.2610019239613166
4272,4272,0.05192320258140915,-1.0557803506472407
4273,4273,-0.010318829487355411,-0.9527517972154778
4274,4274,-0.017275488527154107,-0.9377504826963106
4275,4275,0.0015455036725273985,-1.0929902903592308
4276,4276,0.009027962873075543,-1.1719900467625068
4277,4277,0.012827753381341983,-0.8024865768367081
4278,4278,0.030975731806689152,-1.1356801591366747
4279,4279,0.009067399833288317,-1.0954726928955185
4280,4280,0.002157136895493142,-0.8753229803202212
4281,4281,0.028470466673265846,-0.8688092309441864
4282,4282,0.03094255183755612,-1.1526354920872033
4283,4283,0.02881736072202438,-1.1181995622655765
4284,4284,0.00805532953826207,-0.7479965923176919
4285,4285,-0.017844183785549528,-0.7895033530832679
4286,4286,0.013157565580567063,-1.1000047539275508
4287,4287,-0.013718182423641923,-0.8291713026212468
4288,4288,0.004059115575640371,-0.8443575543587359
4289,4289,0.0063912043498375315,-0.9514197354357179
4290,4290,0.016524236221735038,-0.9421444471248873
4291,4291,0.0018204208548282877,-1.146321940812598
4292,4292,-0.0008209763556737693,-1.1578941111822927
4293,4293,0.007652011856291226,-1.0372044381183725
4294,4294,0.03039160945927229,-0.731970910214045
4295,4295,0.07624460590617142,-0.917377299013259
4296,4296,-0.007691222152840217,-1.0118212852318371
4297,4297,-0.010546429774475282,-0.9692159553416251
4298,4298,0.015374824461535486,-1.0855306998397232
4299,4299,0.0216719373825593,-1.0347936283909756
4300,4300,0.00038735070091391877,-1.0644435706617181
4301,4301,0.008738455763014517,-0.8581287309468129
4302,4302,-0.003656486029660677,-0.8675887106545184
4303,4303,0.018913197312337426,-0.805557560267281
4304,4304,0.020359634955750452,-0.9640689144459722
4305,4305,0.014069497022694912,-0.964008825223843
4306,4306,0.00945769931335498,-0.8233563912866956
4307,4307,0.02661849260560513,-1.1511330917698805
4308,4308,0.014591146941143343,-0.9115053621845325
4309,4309,0.015753568142696003,-1.0627575334308028
4310,4310,0.01648570608659118,-0.8253041035460655
4311,4311,-0.003781041848694905,-1.0647443877419502
4312,4312,-0.01689145494085423,-0.8512144782034958
4313,4313,-0.025512425152887874,-0.6882905741919407
4314,4314,-0.010077895248032003,-1.0995523339808164
4315,4315,0.02455911886970498,-0.854281641143858
4316,4316,-0.0018884685094996481,-1.1047236861368166
4317,4317,0.000207191501667231,-0.9326638834201614
4318,4318,0.010089887398128574,-0.9859111990097277
4319,4319,-0.015842339918139867,-0.9041758594500584
4320,4320,0.026760134461575047,-0.9444484350651154
4321,4321,0.0036557611627753284,-0.9030996699739878
4322,4322,0.00494421154368592,-1.0508964919855162
4323,4323,-0.018508672719003888,-1.0926121369178137
4324,4324,-0.063658791873451,-0.7971971734366594
4325,4325,0.0059180755741273065,-0.9817198052649683
4326,4326,0.055028601605259256,-1.015304121746106
4327,4327,0.005212223101771163,-1.2475472092063127
4328,4328,-0.007944774272215585,-1.0094951809132906
4329,4329,0.01667316948390212,-0.9816703009244147
4330,4330,0.02334623314579071,-1.0833979804448315
4331,4331,0.02328463642934229,-0.9670571974752395
4332,4332,-0.0012358849135803152,-1.082728364050246
4333,4333,0.021712806781856914,-1.2114288844486225
4334,4334,0.0194476423885973,-1.1369660250459943
4335,4335,0.00990104895003005,-0.9987241960008176
4336,4336,0.00425722144085984,-1.0017359757410251
4337,4337,0.0072007952415438226,-0.902456564186227
4338,4338,-0.02102209782990301,-0.7452614563518356
4339,4339,0.005851894210644956,-0.7659055692089944
4340,4340,0.01819115591120534,-1.0589363821426148
4341,4341,0.017269544359935246,-0.8016404082073022
4342,4342,0.03599468293433356,-1.0895124866169674
4343,4343,-0.0009452846106033225,-0.9365076913739961
4344,4344,0.01691638678178642,-1.16024144136634
4345,4345,0.002230178092725868,-0.9812017735301383
4346,4346,0.00575706300849288,-1.065261995106819
4347,4347,-0.050538948295053454,-1.1394814712601056
4348,4348,-0.026516459879613263,-0.7537788747528575
4349,4349,0.009579400206932528,-0.9550062779104729
4350,4350,0.03533147958658583,-0.9326582644609032
4351,4351,0.00677144791135742,-1.0747529769228141
4352,4352,0.002462080705841717,-0.830727735577184
4353,4353,0.0025358876773053513,-1.1100796787652698
4354,4354,0.041172384723226395,-0.7611093442274663
4355,4355,-0.014482379891413544,-1.0302746579013755
4356,4356,-0.001417097271956734,-1.118708221812961
4357,4357,0.017529862007254718,-0.9693109527314152
4358,4358,-0.032042347120895306,-0.8312375986198689
4359,4359,-0.027233701150868372,-1.029423890269671
4360,4360,-0.04164509623026523,-1.0626291679269932
4361,4361,0.03288292702464229,-1.2629762471567425
4362,4362,0.02480534387155898,-0.8968795718987493
4363,4363,-0.02997920720504564,-0.7326267231974497
4364,4364,-0.004933676765270872,-0.9860315414176459
4365,4365,0.022618523173796798,-0.9529270354255656
4366,4366,0.030952927478036334,-0.9097954189383785
4367,4367,0.03299754982862882,-1.092428027947638
4368,4368,-0.012364145981690368,-1.140757397913087
4369,4369,-0.016410966706103786,-1.077105962620975
4370,4370,-0.023116524905419975,-1.106012814064599
4371,4371,0.05779533279456532,-0.8614295435797252
4372,4372,-0.011162612464484661,-0.9095692813017628
4373,4373,-0.0036320423947142633,-0.8029704101545075
4374,4374,-0.0018559200253973921,-0.9097569198456137
4375,4375,-0.04297152055698135,-0.8581139909716343
4376,4376,0.008782994776037223,-1.1969470827968
4377,4377,0.032082173145390844,-0.9390825304259746
4378,4378,-0.01419821919101906,-0.9072120007486717
4379,4379,0.004112421424947284,-0.8912822485742111
4380,4380,0.012775808957395184,-1.006382832489515
4381,4381,0.03596048162246844,-0.9397907452624705
4382,4382,0.0264385244754402,-1.030226218590494
4383,4383,-0.001500638056176437,-1.0062951615857705
4384,4384,0.0038594991985414218,-1.2444302302804635
4385,4385,-0.02841865423821356,-1.0654629902886397
4386,4386,-0.006874342609987224,-1.112758202417033
4387,4387,-0.01605867382225934,-1.064113890434378
4388,4388,0.017937950902317288,-0.8501542569356242
4389,4389,-0.0021844667251381122,-1.1485343569228443
4390,4390,0.00992556281032747,-1.0404820758949946
4391,4391,-0.01273292907631543,-0.9209102433965799
4392,4392,-0.02529997655127965,-0.8940153638523578
4393,4393,0.01382582181907463,-0.9177986924378013
4394,4394,0.03937433525390323,-1.0656652386143728
4395,4395,0.006109870998479927,-0.9794826397085654
4396,4396,0.012682224101619788,-1.2832297931253847
4397,4397,0.018317377903227544,-1.0694144864974595
4398,4398,-0.018494045093923543,-1.1360528077965792
4399,4399,-0.008354569144997132,-0.9989814041081585
4400,4400,-0.011214485795549706,-0.9633444577414156
4401,4401,-0.027890958677462295,-1.0571191702272331
4402,4402,0.009164059743670669,-0.923075562486573
4403,4403,0.055593432612694886,-0.9630286225277073
4404,4404,0.021388842968259963,-1.129463310815024
4405,4405,-0.004283824573058523,-0.8769074663845182
4406,4406,0.030615724573370088,-0.8668905530719595
4407,4407,-0.005216350272856551,-0.7763980090033471
4408,4408,0.0027082014330902585,-1.0036824395872674
4409,4409,-0.015966586116853844,-0.9652719923826588
4410,4410,0.032238480326252386,-1.1674272459068793
4411,4411,0.038709553024736706,-1.1523914644199966
4412,4412,0.03156599675238001,-0.9818684069701055
4413,4413,-0.01965337695702531,-1.005590339277518
4414,4414,0.012741554664381358,-0.9911231760153615
4415,4415,-0.017598532688259363,-0.900477516362002
4416,4416,-0.03363613341079217,-1.0207833792043604
4417,4417,-0.014440415597261492,-1.0597686910306507
4418,4418,0.0072171034908045835,-1.0568643835892009
4419,4419,0.012829161480558897,-0.9979230992496577
4420,4420,0.008800824944504272,-0.8505724577305178
4421,4421,0.016832203090447806,-1.0256722267169485
4422,4422,0.0018265697297373956,-0.9677672356565058
4423,4423,-0.008505229519244262,-0.947334552801365
4424,4424,-0.01939978256789447,-0.7532202720549382
4425,4425,0.022652702925917506,-0.8245856080487309
4426,4426,0.00037172721512972184,-1.1341982232276568
4427,4427,0.005089138446962259,-0.947128037493284
4428,4428,0.00039079756129623,-0.7416468011062246
4429,4429,0.00039184922718701887,-0.9919691759993141
4430,4430,0.0031707671606634527,-1.1988062128287407
4431,4431,-0.0005257021323219618,-1.0208245120851935
4432,4432,0.009185060645503548,-0.9264788301259533
4433,4433,-0.0010801255128293635,-0.9239896911895943
4434,4434,0.01539515034403982,-1.0466177147141105
4435,4435,-0.045744024397834496,-1.027746258722518
4436,4436,0.011366710653266877,-1.0500376530975235
4437,4437,-0.00938887259746601,-1.107610150956558
4438,4438,0.02062602132656661,-0.9531380223772855
4439,4439,0.028223104548623465,-1.2058373099827513
4440,4440,0.00944733261872243,-1.101716274151169
4441,4441,0.007539757877023462,-0.89514425811053
4442,4442,0.034524820513872095,-0.9519663746435517
4443,4443,0.005773376296869382,-1.1274506458557083
4444,4444,0.008171570913497454,-0.5804489258663061
4445,4445,0.02674420506803809,-0.8632080207505681
4446,4446,-0.022836164891184372,-1.1366954883737803
4447,4447,-0.0012473274987020548,-1.0101809285210681
4448,4448,-0.0020082819756941823,-0.8615041180461749
4449,4449,0.023351234343252862,-1.05583802375308
4450,4450,0.0558481567766742,-0.9777062844883734
4451,4451,0.0025338622223278783,-1.105404001724924
4452,4452,-0.03465511624561894,-0.953660759966206
4453,4453,0.023071162713494138,-1.0371030740094072
4454,4454,-0.02592010778324918,-0.8158594039178273
4455,4455,0.0033869222298446855,-0.8236506964006421
4456,4456,-0.01958120616415735,-1.0392439597792795
4457,4457,0.010396233230737755,-1.0552933195483263
4458,4458,0.015858619425700403,-1.0600604061367256
4459,4459,-0.01364774426608073,-1.294048093643107
4460,4460,0.00988173693281559,-1.0793025253805608
4461,4461,0.006069035322776985,-0.8094955275168735
4462,4462,-0.02262563539852798,-0.8856901890623717
4463,4463,0.03176055258318916,-1.0319611513780165
4464,4464,0.01627436337088557,-0.8683576063088435
4465,4465,-0.0032642204401219788,-0.9530060997355361
4466,4466,0.052093570757254,-1.1257233332997443
4467,4467,0.0011993543024818032,-0.9360620317691278
4468,4468,0.00960423579322843,-0.8439088279662492
4469,4469,0.0035329881533662233,-0.9865295161679456
4470,4470,-0.04299224358300299,-0.9874040828153539
4471,4471,-0.006867353924915887,-1.0636398598060064
4472,4472,-0.054984348388101026,-1.052720441112859
4473,4473,-0.011262109446138854,-1.147396668406024
4474,4474,0.011692528943377729,-0.853797613829226
4475,4475,-0.03882745228224849,-1.1264645686229764
4476,4476,-0.0038344308268402905,-0.9046980516020035
4477,4477,0.007218275406354016,-1.1782492842805306
4478,4478,-0.009813916796264942,-1.0998126718800012
4479,4479,0.0513001209052654,-0.9332832817650376
4480,4480,0.012575277808529628,-0.9457151101840907
4481,4481,0.02496747496993834,-0.7113660381537587
4482,4482,-0.03114603427491648,-1.0673368692099983
4483,4483,0.02192572011141195,-1.0316503091372833
4484,4484,-0.010436516732848292,-0.9733045904063223
4485,4485,0.009900937029046916,-1.1088539086865978
4486,4486,0.030717277210592978,-1.108302047805637
4487,4487,0.018206144987754587,-1.0093783852230769
4488,4488,0.01356140387486595,-1.0235887474426248
4489,4489,0.011221829081074913,-0.9553308220172277
4490,4490,-0.05952607418436037,-0.8766488798551136
4491,4491,0.031071943943442835,-1.0921529712580083
4492,4492,-0.01707977435707783,-0.9104971803138762
4493,4493,-0.008202058942926634,-1.068608169431974
4494,4494,0.014737764708578016,-1.165086263522078
4495,4495,-0.0015765879009569175,-0.6786932487238355
4496,4496,0.06343048496169963,-0.952298887386432
4497,4497,-0.0012591875005342201,-0.914213780028854
4498,4498,0.006511649289554597,-0.7703334121275934
4499,4499,-0.0046630701400299235,-1.1095360788886304
4500,4500,-0.025781594066303926,-1.0217288130064475
4501,4501,0.023964785689766024,-0.7654656291257624
4502,4502,-0.008959107663447749,-0.8757119417611378
4503,4503,0.0029771588782153413,-1.0702358051231884
4504,4504,-0.004334950958043206,-1.0880314154173383
4505,4505,0.008205863422694304,-0.9088855510630414
4506,4506,0.017786929989079533,-0.8664388793238239
4507,4507,0.014173885877871363,-0.929821452172763
4508,4508,-0.0024744612534170762,-1.0681360694899946
4509,4509,-0.02674532464489479,-1.0744146698583141
4510,4510,0.02208648956569524,-1.0001749838953466
4511,4511,-0.021919058269166576,-0.8486397090264584
4512,4512,-0.01325767194847123,-0.9035532732449264
4513,4513,-0.011174160689228593,-1.2184431588420104
4514,4514,0.02308304391709349,-0.9741210765077025
4515,4515,0.008249993255246502,-1.0236283575381981
4516,4516,0.014035995426454187,-0.8396450549014375
4517,4517,0.0037758664954402887,-1.1124665148165265
4518,4518,0.02139476790548369,-0.9776802284501811
4519,4519,-0.012180896319838097,-0.9831910177927314
4520,4520,-0.012778882980201939,-1.060439599337177
4521,4521,0.022682773832011824,-1.2511536411560389
4522,4522,-0.006177984984506564,-1.0907478411221667
4523,4523,-0.02190325765002915,-1.011671023197108
4524,4524,0.05465381368157123,-1.1245048571628484
4525,4525,-0.005716864109173922,-1.1035171263070984
4526,4526,-0.019516977720552116,-0.7837405705298313
4527,4527,-0.036793587929564914,-1.0800863079229188
4528,4528,0.03280581056288952,-1.015614947669113
4529,4529,-0.011136666397027262,-0.9891737336131516
4530,4530,0.01744692935433259,-1.144849529033102
4531,4531,0.024617602934356317,-0.9791850009097027
4532,4532,0.05781281877273265,-0.9075203077903145
4533,4533,-0.015377016534850144,-0.8486998858624117
4534,4534,-0.035509822068018726,-0.6563389023149258
4535,4535,-0.005849522194535356,-0.8963573917164469
4536,4536,-0.008538560149195726,-0.9580572777717403
4537,4537,-0.039405103270627066,-0.9472803880067677
4538,4538,0.010703421849619608,-1.110105163458984
4539,4539,0.018753194812052988,-1.0843372046867144
4540,4540,-0.007477495306909665,-1.1969307514093637
4541,4541,-0.00645108067887068,-1.062496409595187
4542,4542,-0.027348115977562037,-0.9808684690516057
4543,4543,-0.002392338769079849,-0.9617709813717386
4544,4544,-0.013985416376184438,-1.0549272915563965
4545,4545,0.02943150748679417,-0.7399728260746105
4546,4546,-0.010085390412523584,-0.8910135918511106
4547,4547,-0.020852647630612793,-0.810749916762471
4548,4548,0.012379628862912107,-1.0202017757560877
4549,4549,-0.0008148030528238315,-1.1075376374237254
4550,4550,0.0032880853953679463,-0.9894149183046957
4551,4551,-0.004569144768741526,-1.0487262109614794
4552,4552,-0.005808804202181418,-1.0956471352726909
4553,4553,-0.015797012604029645,-1.0539660114657814
4554,4554,-0.039351800920082655,-0.8136916220302721
4555,4555,-0.019374234687887005,-0.8394706422505581
4556,4556,-0.01009991123872447,-1.0996540360548877
4557,4557,-0.022561789041978378,-0.884121714361724
4558,4558,0.02582467630447136,-0.7751546586928811
4559,4559,0.0049816236317132695,-0.9830512263499753
4560,4560,0.013441215250539991,-0.900999661363945
4561,4561,0.0004448747472526049,-0.9830608745453658
4562,4562,0.0020927995372845565,-0.9069320442949764
4563,4563,-0.005996974069742006,-1.2837013427663844
4564,4564,0.03183336009391238,-0.9624040154679594
4565,4565,-0.0015131516515266563,-1.2503614934310054
4566,4566,0.011757009705395782,-1.2170789600895602
4567,4567,-0.04558118014503305,-0.9740005016947578
4568,4568,0.016879966358372345,-1.0590249460914762
4569,4569,-0.013522010241140123,-0.8553962947367871
4570,4570,-0.013284601913865907,-1.112010311007838
4571,4571,-0.004288376752528855,-0.9382959701634558
4572,4572,-0.008864764895952249,-0.7765758959313819
4573,4573,-0.011188641142984734,-0.923297319501075
4574,4574,0.012233218719997295,-1.268606032128528
4575,4575,-0.005867567738789825,-0.9567737569314603
4576,4576,-0.005127880446698624,-1.0008359180401902
4577,4577,0.017464849066395446,-1.0091276687390949
4578,4578,0.03274667186999991,-0.8800143218862984
4579,4579,-0.01604536997239399,-1.0345782002552895
4580,4580,0.034420008188348006,-1.1450197643785707
4581,4581,0.035559653484597165,-0.9919989326424239
4582,4582,-0.04162696279431516,-0.9446121179775355
4583,4583,-0.018590489854299695,-0.9903387101774244
4584,4584,0.04254430199352425,-0.8083620175973327
4585,4585,0.03555392651387484,-1.0428594355189273
4586,4586,0.023497173968443683,-0.9516746006499562
4587,4587,0.03138686068180661,-1.0732911801307081
4588,4588,-0.024642050013893205,-1.0431908787925368
4589,4589,-0.004269594128676349,-0.9254429839499978
4590,4590,-0.0034572401899706125,-0.9074519696464544
4591,4591,0.016241196621957582,-0.9306668535772853
4592,4592,-0.0035178364393002627,-0.9199247462111323
4593,4593,0.00772965653153599,-1.040415800343313
4594,4594,0.005573967089904097,-1.062203492976924
4595,4595,0.04735318436082479,-0.8409815600967283
4596,4596,0.01173481920083802,-1.0992312352039029
4597,4597,-0.023266954714424054,-1.0442145660156796
4598,4598,0.002216261704325373,-0.8778906883817569
4599,4599,0.009016101208512796,-0.6758753272911409
4600,4600,-0.008640779515953528,-0.9718038220573486
4601,4601,0.012903733467780107,-1.0273953753606433
4602,4602,-0.003479175081911645,-1.1365162679467098
4603,4603,0.006300223479724296,-1.1347335312468145
4604,4604,-0.0019705491066591505,-0.8383871610835718
4605,4605,-0.013058540299966503,-1.160651282227303
4606,4606,-0.04024511908887528,-0.8083757894186404
4607,4607,-0.020407777154413404,-0.9490014881880339
4608,4608,0.029673166000409992,-1.2192513501427746
4609,4609,0.014868773910552968,-1.0120012477635856
4610,4610,-0.0028334303088000112,-1.2185092117320382
4611,4611,0.0044424611797185196,-0.8591981457436757
4612,4612,0.009163563926445753,-1.3502029457599236
4613,4613,-0.016966271311542935,-1.0583752736100969
4614,4614,-0.016107232716568373,-0.8600645817906742
4615,4615,0.03210241568366004,-1.0582606739836429
4616,4616,0.018821463405931556,-1.1126644349642465
4617,4617,0.017059168092907667,-0.9205496980615937
4618,4618,-0.05038267642125425,-0.9904211302541733
4619,4619,0.024077294353562154,-0.8555517831962611
4620,4620,0.016620333604760326,-0.9828347774569944
4621,4621,-0.0032675908184291447,-0.8379626782957013
4622,4622,-0.01933829102693773,-0.9765103577780927
4623,4623,-0.036223693297595144,-1.0711060571336128
4624,4624,0.03889795470022456,-0.708517881090355
4625,4625,-0.03723793035425001,-0.7216474483660078
4626,4626,-0.018370780540062998,-1.225226885849251
4627,4627,-0.00808441746019272,-0.863848458172167
4628,4628,0.008518146372420515,-0.9875060140881624
4629,4629,-0.020442821906244663,-1.156664905511791
4630,4630,0.009319620387896299,-1.2784620727004687
4631,4631,-0.0030581795198864614,-0.8395331880591781
4632,4632,-0.017402553940603995,-0.9748895118894724
4633,4633,-0.008197847430947001,-0.9859548389141725
4634,4634,-0.015771066710358137,-0.7991873810126127
4635,4635,-0.055850358997822244,-0.7080658598033062
4636,4636,0.009790424443970363,-1.1254668425207428
4637,4637,-0.019119071923273875,-0.9231969558111649
4638,4638,-0.0015704656298072273,-0.8821210951763822
4639,4639,-0.017391944179712536,-0.8489126709921962
4640,4640,0.015074181483479476,-1.0206469449015074
4641,4641,0.0038635659720799506,-1.0485512950185127
4642,4642,0.018057914361803172,-0.9708387310705673
4643,4643,0.011237084543331041,-1.0764386834266277
4644,4644,0.017142090285560074,-0.9346076073065587
4645,4645,0.00765749963024899,-0.97880103429298
4646,4646,0.016919805800305703,-0.881621611202821
4647,4647,-0.00446630608917975,-1.2444526161124034
4648,4648,-0.007553626989749845,-0.9040526493169869
4649,4649,-0.009794206060702545,-1.041985201220259
4650,4650,-0.010957663492029868,-1.1211304936282256
4651,4651,-0.0028538658875603695,-1.0993848553511745
4652,4652,0.015076336381289484,-0.9254175298486479
4653,4653,0.012653381774732436,-0.9144380080885797
4654,4654,-0.009350995036931698,-0.951282693029435
4655,4655,0.020066016143911014,-1.0841879914436285
4656,4656,-0.0009970923506487372,-0.7781053528245716
4657,4657,-0.0006277006228745524,-0.9348017220746845
4658,4658,0.02818382789249839,-0.6682896922877468
4659,4659,0.02502780317404609,-0.8235096463700348
4660,4660,-0.008955510867903783,-0.9384304903775408
4661,4661,0.006076069988472377,-0.9224095032312634
4662,4662,-0.010152368469320126,-1.0937316249684224
4663,4663,0.025884235406949396,-0.9266706479264671
4664,4664,-0.007589867864530565,-1.2255866333722607
4665,4665,-0.019273451919937245,-0.8530937817560429
4666,4666,0.013211975370520615,-0.941371504368914
4667,4667,-0.030079272490029667,-0.8464595892524163
4668,4668,0.011312037335415595,-0.9350908920187999
4669,4669,0.00842748125936148,-1.0673751626301062
4670,4670,0.03955113519503455,-0.8539509640305416
4671,4671,0.02342893290983397,-1.0605716931187834
4672,4672,-0.005646387108394237,-0.7698231375408349
4673,4673,-0.02252126605686013,-1.113793140699051
4674,4674,0.00646931590268989,-1.0578989624589603
4675,4675,-0.0035310711318050636,-0.9451346132521213
4676,4676,0.035249091389534276,-0.8732778574774235
4677,4677,0.026535654734984822,-1.1260969861760461
4678,4678,-0.00042093476767021687,-1.0813085256464152
4679,4679,0.0806611790777209,-1.0260778547369456
4680,4680,-0.014017668011948148,-0.8756313107179688
4681,4681,-0.030773291340973882,-1.2242800263445097
4682,4682,0.004416910658246544,-0.7435467817681334
4683,4683,-0.02864405304971271,-0.7384303350868424
4684,4684,0.011699645315089102,-0.9287771585574496
4685,4685,0.026765434053593627,-0.9178688419450918
4686,4686,-0.022691689037439164,-0.8733570472156947
4687,4687,-0.020059412228809026,-0.9083483392916943
4688,4688,0.019632631056387496,-0.7250761275731402
4689,4689,-0.01981910868562497,-1.0065611688030738
4690,4690,-0.00927082327084194,-1.1024173265787969
4691,4691,-0.0210499797221486,-0.8442381443524366
4692,4692,-0.014547066203959597,-0.8035301588696233
4693,4693,0.035204096143643164,-1.087625116846809
4694,4694,0.0009322836459071809,-0.9748882824125217
4695,4695,-0.005346281252239762,-1.0406543440247593
4696,4696,0.05414250857436553,-1.0162204199439162
4697,4697,-0.003418274865183868,-0.8921101894677587
4698,4698,-0.03590383342105832,-0.8414220439445526
4699,4699,0.003094016395987694,-0.7905381188153753
4700,4700,-0.015290408513543685,-1.1083188436615108
4701,4701,0.006652520672805709,-1.1409630730752482
4702,4702,-0.00818676060007599,-0.9812215906549492
4703,4703,-0.01968844461688435,-1.1249387703761722
4704,4704,0.004438529100169966,-0.9287824526281349
4705,4705,0.011819274347931806,-0.9710015160666507
4706,4706,0.01276670380160505,-1.0039046444503554
4707,4707,-0.004791744958348963,-1.1955307349501894
4708,4708,0.033845613748025694,-0.9205266115951853
4709,4709,-0.04652082879142406,-0.8766150403340145
4710,4710,-0.015086469086030226,-1.0099255236781515
4711,4711,0.012338099948668434,-1.0417966724215137
4712,4712,-0.03860250658617478,-0.7831991267726366
4713,4713,0.023914061275625866,-0.9714491928678207
4714,4714,-0.026739439509039897,-1.0259760934320297
4715,4715,-0.0006303863142542443,-1.091149300871963
4716,4716,0.02616691461389105,-0.9789672318019739
4717,4717,0.0001184413543522736,-0.9566061562892751
4718,4718,0.011505304077704073,-0.9988924755935661
4719,4719,0.06375429044140914,-1.0369889354638757
4720,4720,0.007668727699954456,-0.9058209380835904
4721,4721,-0.010296204165747103,-0.9463300800348795
4722,4722,-0.034575047789387116,-0.9885283987687652
4723,4723,-0.0017976979728057119,-1.0081510187232372
4724,4724,0.009339447659028569,-0.9591844336072276
4725,4725,0.011339475408477018,-0.7705177311827478
4726,4726,-0.014549828441666714,-1.1781624360775274
4727,4727,0.0010616299820825487,-0.9223168723168425
4728,4728,-0.04943659111315038,-0.9705261306852151
4729,4729,0.024860108077026544,-1.168630459653029
4730,4730,0.0030691888651502575,-1.3782906074561248
4731,4731,-0.046046410793403825,-0.8994322180478929
4732,4732,0.003056195997105056,-1.1765119913756017
4733,4733,-0.016487863796076085,-0.9077733676825809
4734,4734,-0.002006844429956002,-1.083980107694868
4735,4735,0.009341555113847252,-1.2248798867841622
4736,4736,0.006432200181008527,-1.0896810260177134
4737,4737,0.03752448926713309,-0.8801992099188066
4738,4738,0.02213800829427721,-1.0046909818227965
4739,4739,0.026351436449283207,-0.8301733038010752
4740,4740,-0.01884070705916918,-1.1546036941197422
4741,4741,-0.0114785267769641,-1.057375882154277
4742,4742,0.006284915565658886,-0.9805894116573862
4743,4743,-0.014815369361043648,-1.0319748966381077
4744,4744,0.01972398590983218,-0.9728108142852637
4745,4745,-0.009213846069174206,-1.061514579642147
4746,4746,0.01606384719468057,-1.0337567505031555
4747,4747,-0.03856677687168851,-0.8777287085726295
4748,4748,-0.004920603569540147,-0.9193710010074797
4749,4749,-0.0259120243148675,-0.8750739840662589
4750,4750,-0.03268479718824745,-0.9476526194113671
4751,4751,-0.011685695330354504,-0.9721029651666181
4752,4752,-0.008136922928735267,-1.1171463470783338
4753,4753,0.026744616364859815,-1.149077449589359
4754,4754,-0.03423349314631326,-0.986885427357738
4755,4755,0.013676976502365074,-1.211362500637127
4756,4756,-0.03701263732090729,-1.1187388632339719
4757,4757,0.014066224466796028,-0.9556292521293417
4758,4758,0.03150297516671936,-0.9319611703167137
4759,4759,-0.00763352334291907,-1.0427574081559043
4760,4760,0.010772887962965744,-0.6269543417920329
4761,4761,-0.024931450636304118,-0.8600217864303915
4762,4762,0.049625358162836364,-0.8554813862631028
4763,4763,0.024623826239088056,-1.03871701942428
4764,4764,0.019298338888910395,-1.2070273800334004
4765,4765,-0.02275194732234832,-1.2294729497658934
4766,4766,0.014180601735955256,-0.9767105221798776
4767,4767,0.0187882784303071,-1.2259479576175172
4768,4768,0.021826911854573264,-1.1305978293341978
4769,4769,-0.00289862718322359,-0.9765261845965574
4770,4770,0.030329535753130448,-0.8701592597218117
4771,4771,0.03993466359067546,-1.0604896980019687
4772,4772,-0.025783446505431355,-0.8344616504747756
4773,4773,-0.001174664540919551,-0.9973571971285792
4774,4774,0.011729733344559321,-0.8981726403466487
4775,4775,0.03278163242845069,-0.9760931813691853
4776,4776,0.024001986181340283,-1.1718947364990635
4777,4777,-0.0060985424406663075,-0.8601538690776579
4778,4778,0.023922912351533404,-1.2842950016713142
4779,4779,-0.0271953266483552,-1.0176426023295106
4780,4780,0.016170853204621582,-0.8231967414249699
4781,4781,0.0007630083762380918,-0.9106939718633824
4782,4782,-0.013316498852335679,-1.0888274834274037
4783,4783,0.0009329119131907537,-0.8833703068040332
4784,4784,0.04997838401263305,-1.0616531851989572
4785,4785,0.027626654569594372,-0.971568172126895
4786,4786,0.011913310108457448,-1.2440476216249992
4787,4787,0.019987655339035154,-1.121312015856637
4788,4788,-0.01200497176369325,-1.0487271473337947
4789,4789,0.013261015413571761,-1.114823956668062
4790,4790,0.006315080014798483,-0.9326526120162764
4791,4791,0.026593964960590924,-1.012901074827748
4792,4792,-0.02447597318953949,-0.7620040736071397
4793,4793,-0.03994706309126164,-0.925651832404535
4794,4794,0.008510893040153886,-1.2166111660333787
4795,4795,0.030163849304428114,-0.872402249574572
4796,4796,-0.05841917544278666,-0.883377592518942
4797,4797,-0.013914081669343367,-0.9426238411758571
4798,4798,0.020403156133993447,-1.1679146717837057
4799,4799,-0.0649679879944421,-1.2204459110356527
4800,4800,0.027240392932846545,-1.187308133839958
4801,4801,-0.04607937492826798,-0.6285803503983904
4802,4802,0.012511080382154122,-1.083841495122925
4803,4803,0.00024368770123811556,-0.8274470678429782
4804,4804,-0.00547199849174565,-1.1939166731647468
4805,4805,0.0465777787785967,-0.9863157571981154
4806,4806,0.00022343409165850175,-1.054793105970419
4807,4807,-0.033846719011144624,-0.9648663244084892
4808,4808,0.03441294479199374,-0.9636518085121787
4809,4809,-0.013394043701859523,-0.9873368877060033
4810,4810,0.002490664497003997,-0.9346601467136062
4811,4811,-0.01063141347589927,-0.8076748918403028
4812,4812,0.05663995008600541,-0.9602595954776226
4813,4813,-0.024089378154192452,-0.8089226400888193
4814,4814,-0.009662411140863459,-0.8108096426339542
4815,4815,-0.005595770644763784,-1.019233620415855
4816,4816,-0.015045945414675375,-1.0044048470894542
4817,4817,0.024420184645463243,-1.094236141516771
4818,4818,-0.011695066140707533,-0.7304007127091068
4819,4819,-0.01972327466981119,-1.0951590911932516
4820,4820,-0.005222436567964089,-0.851367695800548
4821,4821,0.044238357577622595,-0.8485159507576869
4822,4822,0.01273301861986113,-0.8685144679060187
4823,4823,0.02844516283629548,-0.8810672790551748
4824,4824,0.021106476932348277,-0.9271717871078525
4825,4825,0.03367224251951961,-1.039524958092927
4826,4826,0.004071659131403893,-0.8089979762785902
4827,4827,0.0007549709301381269,-0.944821231534024
4828,4828,0.0046162150872823965,-0.9413599929840007
4829,4829,-0.05529411544624532,-0.8412693319058404
4830,4830,0.005876722611308796,-1.032896110369772
4831,4831,0.02270950083352667,-0.9671560859782935
4832,4832,-0.0027891736304732732,-0.9219594673769367
4833,4833,-0.047519562869539705,-0.7870474468022007
4834,4834,-0.030889215013185714,-0.8946166293383525
4835,4835,0.03981879898571353,-1.1673304446208488
4836,4836,-0.03828410766641405,-0.9840608913966331
4837,4837,-0.01788325601959795,-0.8802486157729191
4838,4838,-0.018658883296151535,-0.8769057112414602
4839,4839,-0.012713904743595142,-0.8836624745651684
4840,4840,0.06822224062254248,-0.9073215771784338
4841,4841,-0.013697622048543238,-1.0797042466567748
4842,4842,-0.004992404474290564,-1.0876107493004403
4843,4843,-0.02365176822768156,-0.9226516203571103
4844,4844,-0.03357627475386351,-0.8916276710112944
4845,4845,0.011863146156905244,-0.8837474975285698
4846,4846,-0.04725512916698088,-0.934290176764603
4847,4847,-0.012565643596852888,-1.0297965555154966
4848,4848,0.004823260621172998,-1.1303250028442748
4849,4849,0.005369852104183052,-0.9386611126430754
4850,4850,-0.05880227082570248,-0.931601167924499
4851,4851,-0.01576890635408331,-1.133631025700412
4852,4852,0.01630542382697911,-0.8216548184763139
4853,4853,-0.007770069573047964,-1.0623029862519024
4854,4854,0.0187751815827248,-0.9032986298756687
4855,4855,0.019788982102027203,-1.0244202825206767
4856,4856,-0.012273416307460244,-0.8651733825859986
4857,4857,-0.001895651034822518,-1.018066248055391
4858,4858,-0.030589691389806373,-1.0208500503186477
4859,4859,0.01880484016163049,-1.1046259656228241
4860,4860,-0.015840769879489888,-1.0346595724660017
4861,4861,0.002664164704363786,-1.005793445943824
4862,4862,-0.02056268465358066,-1.071642975881018
4863,4863,-0.023242561600104614,-0.9219231208151953
4864,4864,-0.006225745991950672,-0.9321444453403744
4865,4865,-0.020716708144786086,-0.916898725694857
4866,4866,0.06552625772151256,-1.1201494863739128
4867,4867,-0.0009675380181774842,-0.9140789922961502
4868,4868,-0.004083298560005139,-0.9777567737099893
4869,4869,-0.015928727552011093,-0.8892168019834321
4870,4870,0.0048616741267917055,-0.8298859345459323
4871,4871,-0.01415638013320644,-0.9341066340040707
4872,4872,-8.452330926192464e-05,-0.9772704831183024
4873,4873,0.05461969098555016,-0.9482036369985731
4874,4874,-0.019694447655268107,-0.8036884505809763
4875,4875,0.022877587578931463,-1.1532381651821282
4876,4876,-0.0034920003356732066,-0.9821087677541857
4877,4877,0.00960957930043306,-1.1530769608371145
4878,4878,0.02670347107577592,-1.0524665471030883
4879,4879,0.023025886246466513,-0.8442150213727346
4880,4880,0.023809360264660295,-1.047975080346647
4881,4881,0.033399079355342844,-1.0674522031251674
4882,4882,0.01167394894697242,-1.0766882097226316
4883,4883,-0.0017419948932548175,-0.8593753706787023
4884,4884,0.01327147179276459,-0.8873041708813554
4885,4885,-0.014467905620559995,-0.9161587144366029
4886,4886,-0.00868371082375266,-1.0506615106230202
4887,4887,-0.014019833361187676,-0.9541005289643857
4888,4888,0.006781215641341307,-1.1302013497819745
4889,4889,-0.03233834167533528,-0.8446047582843543
4890,4890,0.018659823150073664,-0.8807282392693301
4891,4891,-0.0032038866971385044,-1.1191032011669775
4892,4892,0.005060144459173466,-0.8210495435378952
4893,4893,0.03650577750857105,-1.15387519279543
4894,4894,0.004542605674305006,-0.9502492195790548
4895,4895,0.01439817756649097,-1.2251683037468077
4896,4896,0.0015710435967933763,-0.8368073408306218
4897,4897,0.04607422501958325,-1.0883990469213178
4898,4898,0.017408361670217188,-0.8755075977673711
4899,4899,0.0024602678559319524,-1.080873577110359
4900,4900,0.019415496317966824,-1.2914979182007542
4901,4901,0.044449587586612896,-1.100595902549636
4902,4902,0.012732520794612734,-1.0371936846469298
4903,4903,-0.012652788245447438,-0.7125786523914793
4904,4904,-0.030392453845862623,-1.0362947166980156
4905,4905,-0.003298803156420241,-1.128305375595608
4906,4906,-0.013656025029076396,-0.8507508046610436
4907,4907,0.006200926014128694,-1.011083326275903
4908,4908,0.0010167930591492465,-1.0477348789305918
4909,4909,0.0036326315468780124,-0.8777507205675419
4910,4910,0.018986864533829598,-1.1440223605179871
4911,4911,0.03447144827086895,-1.2229220133396825
4912,4912,-0.002580324885718098,-1.1870282548809667
4913,4913,0.002613513247679833,-0.9059648021854831
4914,4914,0.058419722198708696,-0.8404039383672097
4915,4915,0.007842203300760665,-0.9586474786773983
4916,4916,0.004657399682265834,-0.9552718009676523
4917,4917,0.01691791109184694,-1.1347879881141318
4918,4918,0.012115212183319398,-1.1670246712504972
4919,4919,0.026142392170572473,-0.9694043182868672
4920,4920,-0.007938382698399069,-0.8922453587204425
4921,4921,-0.0045685608881279455,-0.8613386410762122
4922,4922,-0.03698270278141764,-0.8436255362664796
4923,4923,-0.025681678759968296,-0.9452457697145428
4924,4924,-0.008666385878960818,-0.9977272317850274
4925,4925,0.006504474024398535,-0.9652640353684592
4926,4926,0.014946257700445213,-1.1235507773844475
4927,4927,0.03339176001862264,-0.9322323658365657
4928,4928,-0.02008524891346218,-1.0759031400817376
4929,4929,-0.01889666942285858,-0.9940181254521087
4930,4930,0.0366701603936893,-0.7400298064552696
4931,4931,-0.011414428552661837,-1.0505487441823305
4932,4932,-0.0010763625933387228,-1.1121269109280036
4933,4933,-0.01691465614822873,-1.003600749162686
4934,4934,-0.0024407313506644157,-0.9746334434699379
4935,4935,-0.034695632560002534,-1.182602813395936
4936,4936,0.001540111285612579,-1.093023023777016
4937,4937,0.007190842353272345,-0.711707435923495
4938,4938,0.007694484550720476,-1.0118871995309697
4939,4939,-0.026421527559935164,-0.7036693992704177
4940,4940,-0.002173598120851078,-0.8747441992951122
4941,4941,-0.01276861970768806,-0.9358743583342359
4942,4942,-0.020559570267217553,-1.1112585251691076
4943,4943,0.015068226300966579,-1.1036263291879622
4944,4944,-0.005367106346159278,-0.8826747074253666
4945,4945,0.0037703200826576244,-0.9762158508977028
4946,4946,0.004556517088855697,-0.8600396141205515
4947,4947,0.015295267554952197,-1.1113696091589877
4948,4948,0.016563147514601972,-0.8609925819126153
4949,4949,0.0407266046009906,-0.9865321426889598
4950,4950,0.022844389262570056,-0.8801400775513991
4951,4951,0.027578926496427555,-1.1580435536917741
4952,4952,-0.03244645619194268,-1.00855340989743
4953,4953,-0.007299495951021474,-1.2610835313078146
4954,4954,-0.0484973687438632,-0.8582759640747094
4955,4955,-0.04598565278209618,-0.9433365143955988
4956,4956,-0.005965581482174152,-1.1570376215799565
4957,4957,0.012166449916440948,-0.903481110269701
4958,4958,0.04236490172161468,-0.9825372350357404
4959,4959,0.02877976728132002,-1.2514939035048773
4960,4960,-0.03545608141845585,-0.8188631376860753
4961,4961,-0.02480208983312103,-1.1103094959840327
4962,4962,-0.015806390254689662,-0.9147967787340454
4963,4963,0.0025895730879423283,-0.9571826771139165
4964,4964,-0.021183065958258217,-0.7177024723334278
4965,4965,0.026038374536273,-0.9725233487538109
4966,4966,-0.008948828532285028,-0.9361071380037581
4967,4967,0.007254371803865373,-1.1652491125078372
4968,4968,0.027220398752177175,-0.8375591912574111
4969,4969,0.018122106683575064,-1.0323235410062732
4970,4970,-0.03004350621654084,-0.9309118301267902
4971,4971,0.021918341068170727,-0.8196107749174293
4972,4972,-0.0008232350084387552,-0.9245004421232397
4973,4973,-0.010415359448762531,-0.844319972840204
4974,4974,-0.01950960573217507,-0.9479500850630648
4975,4975,-0.0245648421444435,-0.9603444309413286
4976,4976,0.008574133317144114,-0.8646988708538969
4977,4977,0.03740529304168797,-1.0133830764225156
4978,4978,0.004081506451599439,-1.0575604830941256
4979,4979,0.006984237297525675,-1.1244126468289244
4980,4980,0.0045582615104740685,-1.0122262726673608
4981,4981,-0.013077589446034934,-1.1183230325943065
4982,4982,0.013584338773133676,-1.154915937255935
4983,4983,-0.00510075450224011,-1.0798032000341715
4984,4984,0.02956141506610805,-0.9802760519986093
4985,4985,-0.027650096374404493,-0.9435024768131702
4986,4986,-0.06319760641482809,-0.7775737058575527
4987,4987,-0.029064782273157758,-0.9044166420297871
4988,4988,0.003412952335530711,-1.11807314452729
4989,4989,0.04783161218514049,-1.0490248659506025
4990,4990,0.016650038355907407,-1.031325332775914
4991,4991,-0.024052399552128942,-0.9527991320484209
4992,4992,0.020374405435027228,-1.0120560435643529
4993,4993,0.013464287850719264,-0.9035145785022329
4994,4994,-0.01365944706142552,-0.9079238616183726
4995,4995,-0.0005606410247083471,-0.9885837259351333
4996,4996,-0.016032565755281204,-1.08397055541232
4997,4997,-0.03337875004393423,-0.92429699107644
4998,4998,-0.03072954825433579,-1.0630199023286286
4999,4999,0.01985617488864172,-1.0305973447651808
5000,5000,0.014956615171565879,-1.038080008165788
5001,5001,0.0029510075325624927,-1.0630552631072803
5002,5002,-0.031932302912434984,-1.1433185042089746
5003,5003,0.023241988673003998,-0.9720581752974077
5004,5004,-0.008274586495180557,-0.7399550021312326
5005,5005,-0.01603412351655246,-1.1888872917111228
5006,5006,-0.006878715005073033,-1.0130979265616125
5007,5007,0.03218923707033279,-1.0444983091134397
5008,5008,-0.01511610813778565,-0.8525058943504059
5009,5009,0.029349435530057776,-1.0151866423975826
5010,5010,0.009696931489527476,-0.8803063870658185
5011,5011,-0.008012198520454983,-0.9678508406505767
5012,5012,-0.019615089662223195,-1.1722353699602213
5013,5013,-0.016009468942271607,-0.9105529764163416
5014,5014,0.013517935215442988,-1.0532563442590592
5015,5015,0.020640459720393318,-0.9893128751360761
5016,5016,-0.004478622061140192,-1.0547739346412985
5017,5017,-0.03174255953591297,-0.91817106411807
5018,5018,0.02634684298614457,-1.0613993358476443
5019,5019,0.06468958540388109,-0.8942187143182622
5020,5020,0.029380311707395988,-0.9220907360226702
5021,5021,-0.028363977163910585,-1.0151651259591488
5022,5022,-0.0010374142019650215,-0.9669174391336742
5023,5023,-0.00020726467672248228,-1.1815643494773358
5024,5024,0.006828154942820049,-0.9216623463652794
5025,5025,-4.944095057602543e-05,-1.0527604842433018
5026,5026,0.013253899112008027,-1.1248225938678065
5027,5027,0.015945078773891674,-1.0165201201508476
5028,5028,0.005592025260718742,-0.8782472530258745
5029,5029,-0.001407971754247811,-1.0014929671317483
5030,5030,-0.01566516297348182,-0.8869128913939808
5031,5031,-0.01249908010653628,-1.1799668908495269
5032,5032,-0.01757770109857628,-0.9801803226299175
5033,5033,-0.0339515569344612,-1.2231492014559153
5034,5034,0.0299854943115868,-1.1369108701522168
5035,5035,0.004327582587889706,-1.1377189095034554
5036,5036,0.03246463503741671,-1.1558211291510585
5037,5037,0.018377478846035217,-1.254251965880395
5038,5038,-0.037406471511642767,-1.039922841850939
5039,5039,0.042728885500584915,-1.1611740730024533
5040,5040,0.003564367103842489,-1.0277015214590557
5041,5041,-0.019619554445134024,-0.916847757697519
5042,5042,-0.014909287031198346,-0.8740708828098421
5043,5043,0.0006811465754963941,-1.1824289068561509
5044,5044,-0.024634680150615956,-0.9385681104804402
5045,5045,0.0066796248984649954,-1.045033212137717
5046,5046,0.004718621027538114,-0.9915237973976732
5047,5047,0.012684715060808233,-0.9731946271187084
5048,5048,0.004398871752550976,-0.9271057842210161
5049,5049,-0.017283944387138206,-0.836286462922637
5050,5050,0.01590674754489444,-1.1047231633719468
5051,5051,-0.007063844137182584,-1.1404415391905274
5052,5052,0.012017706498374747,-1.0156144849345417
5053,5053,0.0009625670573994577,-1.1301083924255604
5054,5054,-0.0005118535377346134,-0.9019801618474952
5055,5055,0.002592181416028589,-0.8858669640672896
5056,5056,-0.0059625235727391,-0.9388084697737492
5057,5057,0.03760963212443437,-0.9963524507660988
5058,5058,0.04683154099297534,-0.7813868565667736
5059,5059,-0.00815653669415418,-1.0158912879253472
5060,5060,-0.031665704045581444,-1.0362404651598038
5061,5061,0.003463502790431325,-1.0045362925096184
5062,5062,0.010359051383765838,-1.0692941246021588
5063,5063,-0.027418434218253247,-1.139004765776437
5064,5064,0.014673602754480895,-0.8833356982584419
5065,5065,-0.042129716034453604,-0.7730353642265335
5066,5066,-0.015689978720489647,-0.8799089173924288
5067,5067,-0.009633461187295078,-0.9823876785078947
5068,5068,-0.002405213183311007,-0.9226294791447963
5069,5069,0.01836028393136132,-1.0017561276609086
5070,5070,0.009176725522672777,-0.988483270778899
5071,5071,-0.007371374267341448,-0.934824187520137
5072,5072,0.008887289333634453,-1.2257233382710757
5073,5073,0.025307051922694144,-1.0503539097016117
5074,5074,-0.022019703737694414,-0.9526464731712769
5075,5075,-0.01097771268763674,-0.8688335299931235
5076,5076,-0.03185982531470146,-1.0532689647916909
5077,5077,-0.042562680020947916,-0.7978305530226782
5078,5078,-0.0313107414476904,-0.9722320746173025
5079,5079,-0.013467077659966048,-1.154391473186101
5080,5080,0.020427620651883836,-0.9611005903594156
5081,5081,-0.006278166993275769,-0.7966235093298342
5082,5082,-0.004424576235191768,-0.7912424196780803
5083,5083,0.004546185375733092,-1.029276386476771
5084,5084,-0.00887508747474458,-0.9593417745002957
5085,5085,0.027907384510014642,-1.034973894075915
5086,5086,-0.03112320047287051,-0.7926805454227583
5087,5087,0.005268938425747695,-0.7979492755796714
5088,5088,-0.012206193218395639,-1.0070512732683963
5089,5089,-0.05319619557704092,-0.9536567940963238
5090,5090,-0.016311090957143476,-0.9309388629627828
5091,5091,0.0010322480101498908,-0.8922810566964592
5092,5092,0.0055613135179025976,-0.9153235135999184
5093,5093,0.029607008368033844,-0.9662860637480005
5094,5094,0.030429929695567542,-1.0367864705593646
5095,5095,-0.04594869545899638,-0.9849254170056553
5096,5096,-0.0021741692454882236,-0.8399928659332296
5097,5097,-0.029022266109363093,-1.0232214301043097
5098,5098,0.012891004990068372,-1.1810505060729029
5099,5099,0.0009059227605352077,-0.9653499563943758
5100,5100,0.012397104539784848,-1.0001416375852559
5101,5101,-0.021953521695893416,-0.8054267899389577
5102,5102,0.008327977006213683,-1.1961739839688426
5103,5103,-0.01452237105363452,-1.073746420996726
5104,5104,0.0035197140591750192,-0.9551715304358417
5105,5105,0.03935547622396901,-0.9041285849881926
5106,5106,0.004266565820340282,-0.9343599045734483
5107,5107,0.012027525824682028,-0.9084839213439975
5108,5108,0.037429387548476245,-1.2814985950116535
5109,5109,-0.011351681286983772,-1.1466095867664219
5110,5110,0.004015392831175774,-0.9403260123617662
5111,5111,0.002406007455732287,-0.6955034589630926
5112,5112,0.0194271793422284,-0.9883708360401271
5113,5113,-0.025313808706056335,-1.1236132979933307
5114,5114,-0.016089515629606872,-1.1033654333068037
5115,5115,0.015362258085449082,-1.020974270172315
5116,5116,0.006679218222021157,-1.046336268529342
5117,5117,-0.018010075308124394,-1.1181541986814052
5118,5118,0.0465973693062249,-1.0831996439638547
5119,5119,0.016713941745909178,-1.2221235333564515
5120,5120,-0.006660303925907607,-1.0232076272351933
5121,5121,0.0430716368172893,-0.9491543775612086
5122,5122,0.005199144650679513,-0.9444783848368639
5123,5123,0.06069548209418125,-0.8196026708160006
5124,5124,0.002407717227738051,-0.763592463569088
5125,5125,0.05211221419286946,-1.058197584964518
5126,5126,0.02210583409835208,-1.0870056706311697
5127,5127,0.011044318018268093,-0.9444610711240103
5128,5128,0.024886487074346014,-0.8609340083516706
5129,5129,-0.007997971240941378,-0.9377865393575552
5130,5130,0.01703835418592415,-1.0242496765258644
5131,5131,-0.009337305382476235,-0.673298047835921
5132,5132,0.018356695615734754,-0.9678586224043259
5133,5133,0.014714610180219048,-0.9572524569269764
5134,5134,-0.018130908659170768,-1.0848034641026616
5135,5135,0.009883872401587931,-1.1050283627520845
5136,5136,0.010436219922795309,-0.8264114727927928
5137,5137,-0.020661288083517054,-0.9147519096960638
5138,5138,-0.014578419162356221,-0.9307676283804376
5139,5139,-0.07708866479335652,-0.9415304160046625
5140,5140,0.062446210831159074,-1.2955134438396152
5141,5141,0.061635642297002594,-0.793823693551383
5142,5142,-0.007331927826378017,-1.062481047262939
5143,5143,0.028627870034378777,-0.979749409866397
5144,5144,0.04557164885140771,-0.8181307211819671
5145,5145,-0.019094873815678384,-0.9759701901889682
5146,5146,0.015691823511300503,-0.888373563937465
5147,5147,0.0016480859136838166,-0.9380825492347606
5148,5148,-0.009803511904321632,-0.860921146948826
5149,5149,0.041973120031411744,-0.9437120903513679
5150,5150,0.037500812806741696,-1.0972555684826353
5151,5151,0.013981070081357468,-0.9755837615490309
5152,5152,0.048406349456441566,-0.8263415770051676
5153,5153,-0.008807766459409533,-0.920679914985953
5154,5154,0.003769204804513638,-1.274188437479783
5155,5155,-0.01562773094708269,-0.8939462542873388
5156,5156,0.003727330332462697,-1.1028282785450454
5157,5157,0.009295502023309601,-0.8713224804468134
5158,5158,0.017761405421246174,-0.9993967200148377
5159,5159,-0.012562708870708567,-0.8989406325200955
5160,5160,0.005749215154810913,-1.1276898859119158
5161,5161,0.019722661484309123,-1.1273063432757326
5162,5162,-0.00975922111496038,-0.8955397058030863
5163,5163,-0.009948591144239752,-0.9526044920234128
5164,5164,0.029587922566547124,-0.9954602394725068
5165,5165,-0.04162188333829042,-0.9758941626220642
5166,5166,-0.011353018630552228,-1.0520819661859193
5167,5167,-0.05491528502925292,-0.9399191354886773
5168,5168,-0.021706111825830446,-0.8396430560423656
5169,5169,-0.0048028504911618725,-0.869614848888207
5170,5170,-0.010232099674354858,-0.932428458380946
5171,5171,-0.014202413960748984,-0.7780886274783129
5172,5172,-0.013601135481617677,-0.939756567408642
5173,5173,-0.028748525949744252,-0.9542547226094993
5174,5174,-0.0019070247503344961,-1.1852228056107315
5175,5175,-0.0058761925470556114,-1.0715812644803804
5176,5176,0.009626727443091065,-1.0660647934710026
5177,5177,0.005712227268154766,-1.0274685459150272
5178,5178,-0.019469511760326935,-0.9198679496024275
5179,5179,-0.022421897151130257,-0.9930469761217238
5180,5180,0.007580466585154308,-1.043783200305209
5181,5181,-0.014344039578639008,-1.0420934287508836
5182,5182,-0.03535818687168559,-0.8182969731984195
5183,5183,-0.05886347838758033,-0.7557201698695065
5184,5184,-0.00874065070419195,-0.9713113447000807
5185,5185,0.01765663866420323,-0.8732679561802751
5186,5186,0.026182021351498365,-0.9997934367584898
5187,5187,0.004958408732787342,-0.9898904147564773
5188,5188,0.0034453466763409435,-0.893045851996259
5189,5189,-0.0245161167783989,-1.019415882028854
5190,5190,-0.022472792640504127,-1.0197664068106818
5191,5191,-0.031131540024666296,-0.8916668185013443
5192,5192,0.048964817699806595,-1.1472297440426087
5193,5193,0.01616299412608599,-0.9649906599595268
5194,5194,0.014905003686401658,-0.9811411047432367
5195,5195,-0.0256224405926329,-0.8863405444163556
5196,5196,-0.017707174051490658,-0.6317371608657415
5197,5197,0.01869298086066648,-1.1268810397005868
5198,5198,0.0011686386547191605,-0.9150638226862421
5199,5199,-0.017562043139840056,-0.7895885958086607
5200,5200,0.030753242388014704,-1.1203655015931298
5201,5201,0.005499353377541375,-1.0996251321811812
5202,5202,-0.02545949816923583,-0.9791306471946283
5203,5203,0.017438570133505332,-1.2186231393747489
5204,5204,-0.03350412463448389,-1.301741879041427
5205,5205,0.04279724701892916,-1.0557399652915624
5206,5206,0.007031442186297823,-0.8342865480795931
5207,5207,0.0035788596703226526,-1.0109847758926038
5208,5208,-0.014361298987553589,-0.7672330612252414
5209,5209,0.011682771300320166,-0.8314094804532681
5210,5210,0.003027185164180629,-1.1969243857420349
5211,5211,-0.04978845037090689,-1.126503189499028
5212,5212,0.0033013397320739157,-1.2112813249093273
5213,5213,0.0210681653118514,-0.7767613576373151
5214,5214,0.022494137753325028,-1.1008233709518376
5215,5215,0.0017478459146310493,-0.9854068071100145
5216,5216,0.009478026410136661,-1.1338343745206885
5217,5217,-0.027547755028299092,-0.9711411642567944
5218,5218,-0.027332996519549388,-0.7529980819212617
5219,5219,0.054938639230207906,-1.068820306656984
5220,5220,0.006168127301316793,-0.9030319534813877
5221,5221,-0.021566949776164884,-0.9213253935448706
5222,5222,0.0003265372438596148,-1.0457621926714578
5223,5223,-0.02210719308532627,-0.8284685971746684
5224,5224,0.051131276884820054,-0.8973989804886595
5225,5225,0.0195423195447835,-0.9878582337360106
5226,5226,0.009678350725419914,-1.1851664831438147
5227,5227,-0.013136665685511403,-0.9318451331200518
5228,5228,0.03895481027154443,-0.9856071177225394
5229,5229,-0.018315342094351685,-1.0235231232357964
5230,5230,0.0149312992051496,-0.9342683066229607
5231,5231,-0.0020559891838646416,-0.8066482567481658
5232,5232,0.011704678515851625,-1.027472003400863
5233,5233,0.020742206271512492,-1.2319267454217615
5234,5234,0.0009897639484455663,-0.9590653662484805
5235,5235,-0.015652326920538737,-0.9679880165636227
5236,5236,-0.001273517166510793,-1.1732766208989192
5237,5237,0.022560247830044396,-0.9561535287114681
5238,5238,-0.01843638435052935,-0.8903056296188926
5239,5239,0.006754869305354169,-1.2005149014271512
5240,5240,-0.008039182299608913,-0.9347704223650571
5241,5241,0.009390246193806434,-0.9255313187510271
5242,5242,-0.0011948650271540046,-1.083846247279556
5243,5243,0.0018286729603868845,-1.3464932701355552
5244,5244,0.05161993635462917,-0.8430681781307382
5245,5245,0.008777386074500147,-0.9030837998551876
5246,5246,0.01869444466030686,-0.8932938437140145
5247,5247,0.007313766303232503,-1.201229494860304
5248,5248,0.010775421143886629,-1.0013799914655066
5249,5249,-0.00215113974479042,-1.00350956002972
5250,5250,-0.010779199373870063,-1.1900827804715477
5251,5251,0.004380069890377737,-0.8567402092873386
5252,5252,-0.011006567849460441,-0.9544431591150502
5253,5253,0.027703705063280556,-1.0097907103128438
5254,5254,0.002531971365360708,-1.1390293573280457
5255,5255,-0.00034855177394824133,-1.248598432080744
5256,5256,-0.027772603492169062,-1.1191881351287079
5257,5257,-0.02006028351358845,-1.1414424433961083
5258,5258,0.037459549869910444,-0.7775367381579555
5259,5259,0.023167650609778254,-0.9538605215838392
5260,5260,0.02016438454784307,-1.1660289455982298
5261,5261,-0.020345813646475308,-0.8761905352961568
5262,5262,0.01396298235703728,-1.0923751360373668
5263,5263,-0.03576702317002056,-0.9840566000420822
5264,5264,0.04161353179376497,-1.0504069637629907
5265,5265,-0.0166881171403515,-0.8284320980926396
5266,5266,-0.0038271372647278035,-0.8015494758591428
5267,5267,-0.023208396957364277,-0.8990295811176146
5268,5268,0.030908277289016253,-0.9175666266695376
5269,5269,-0.0003543904645703644,-1.1105056276387233
5270,5270,0.01534743024682339,-0.9112823928795255
5271,5271,-0.06096943815642473,-0.8849770280816911
5272,5272,-0.01824077943671418,-1.0278102880109976
5273,5273,-0.009317219056854675,-1.266568742872592
5274,5274,-0.002175613839559498,-1.0259242952774714
5275,5275,-0.013440099942375189,-0.9607191292094233
5276,5276,-0.03804847667276333,-0.9861922994512583
5277,5277,0.015132880507114796,-1.0849328472380206
5278,5278,0.015750118565428003,-1.1309119663964164
5279,5279,0.0399248130670808,-0.9739455895763365
5280,5280,-0.0009157441943223738,-0.8979231736875875
5281,5281,-0.008447297599623566,-1.1746413282187167
5282,5282,-0.0027195577470373322,-0.9278631054418961
5283,5283,-0.02425272062698111,-0.9007843680942785
5284,5284,-0.01596532808262574,-0.9786322514405016
5285,5285,0.0329797655341742,-1.445263395616141
5286,5286,-0.003859555821282931,-1.1474735412167447
5287,5287,0.014764735329553143,-1.2225660616806664
5288,5288,0.03910122255507433,-0.9712309300826503
5289,5289,0.0189462077171997,-1.1114316985588315
5290,5290,-0.017121160504222258,-0.9543599711212231
5291,5291,0.018416054040356136,-0.9719669521191464
5292,5292,0.02547560765318304,-1.0776813832293073
5293,5293,-0.0003559440740617016,-1.2030809677334497
5294,5294,0.007533233148914943,-1.067449439791083
5295,5295,0.035171972166216245,-0.8907773217333256
5296,5296,-0.048642799753135096,-0.9007231268854579
5297,5297,0.020927187000648356,-1.197544010381994
5298,5298,-0.022359411123155176,-1.2285326694474503
5299,5299,-0.008830000707881609,-0.7390104176835504
5300,5300,0.023342594624505546,-0.957354362839454
5301,5301,-0.011881590529112454,-0.9435356523332218
5302,5302,0.04428955535229911,-0.9654065770437831
5303,5303,0.05935302589353254,-0.8355280924004903
5304,5304,0.01772548345193309,-1.053827383690143
5305,5305,0.025482916493048034,-0.8986460997868685
5306,5306,-0.020228730945367437,-0.9634862001960726
5307,5307,-0.04901740206910657,-0.9172102678104523
5308,5308,-0.020304898597764992,-1.0793318688441518
5309,5309,-0.0227048287910394,-1.0040380861676093
5310,5310,-0.04395630507674145,-1.1813700363358215
5311,5311,0.01582063967555239,-0.9472418251042154
5312,5312,0.011019376068784097,-1.1367655891100015
5313,5313,0.008586310275210667,-1.2864879942292218
5314,5314,0.02678464251207747,-0.9652383652579389
5315,5315,-0.0017280505337682467,-0.8271791842341406
5316,5316,0.004754772847668495,-0.9881547610245087
5317,5317,0.00683778969774782,-0.9031037264333386
5318,5318,0.007103338155935562,-1.1037990954856591
5319,5319,-0.0013548689594206445,-0.9864713819578226
5320,5320,0.02525624481738123,-1.2681817461759342
5321,5321,-0.011457989962673477,-1.264394540825407
5322,5322,0.004639085940693136,-1.2772371022284383
5323,5323,0.011557507668507078,-1.0446182099451289
5324,5324,0.016389872453910707,-1.0641406713814396
5325,5325,0.016125406733232456,-1.139753646535972
5326,5326,-0.016463695427451158,-1.0000852247080902
5327,5327,0.008272564946289699,-1.0628862184122727
5328,5328,-0.017960289109655414,-0.9705533512524792
5329,5329,0.03691438807702101,-1.207000153628249
5330,5330,0.004386274779698647,-0.9333872759776436
5331,5331,0.017348684544996315,-1.0089766550187198
5332,5332,0.03610216258870805,-0.9704493355495297
5333,5333,0.01386461358920258,-0.9391070659307518
5334,5334,-0.010048299457997978,-0.9708333213926419
5335,5335,0.027929052253381603,-1.0517065186072287
5336,5336,0.014517100578013753,-0.9396029287993941
5337,5337,0.041636935550059054,-1.119174564392325
5338,5338,-0.010745209131456254,-0.9428033210442973
5339,5339,-0.016647839034846335,-1.0464493089857703
5340,5340,0.013111348427332137,-0.710883202413941
5341,5341,0.051819287061144054,-1.0430436076683014
5342,5342,-0.023342714180932478,-0.9096895738191744
5343,5343,0.01176277017005235,-0.9198717654739471
5344,5344,0.017134191289315773,-1.1641749754004598
5345,5345,-0.007837770745123797,-0.8843096923857957
5346,5346,0.014197145228789829,-0.9945257134530052
5347,5347,0.007764318427918193,-0.973120434369728
5348,5348,0.016561250923978407,-1.3037363179452321
5349,5349,0.008309226278978558,-0.9553081961224266
5350,5350,0.03524516517263189,-1.0344449784261402
5351,5351,-0.0006061380144048352,-1.1439254186042953
5352,5352,0.03074392224685705,-1.073929547056687
5353,5353,0.02319403034699688,-1.1047737654241265
5354,5354,0.042834193036960955,-1.097589343803386
5355,5355,-0.0077239031541316006,-1.1854182961900293
5356,5356,-0.011001960125431254,-0.9605576928196741
5357,5357,0.02343495836682047,-0.829992105487669
5358,5358,-0.005539199054728772,-0.8369867025685769
5359,5359,-0.00041386700069623306,-0.9947941748760089
5360,5360,-0.00898112937689284,-1.0930082204309626
5361,5361,0.0279900243801256,-0.996209705337903
5362,5362,0.04318039726306147,-1.0692151469048876
5363,5363,-0.0052233304797729835,-1.01682114599794
5364,5364,-0.0033405919084552593,-1.0262581697047253
5365,5365,0.005335167638437291,-1.0249166507933356
5366,5366,-0.010651188164998764,-1.222622007452897
5367,5367,0.0123332905643114,-0.9849751574834228
5368,5368,0.057446257042250384,-0.9335679738119056
5369,5369,0.013616972109179611,-1.0249677461168882
5370,5370,-0.001980196585156262,-1.092890187018362
5371,5371,-0.0012880980792748173,-0.9914688721612808
5372,5372,-0.05288355897230008,-1.0448384820506185
5373,5373,0.01126792712409554,-0.8895804655376266
5374,5374,0.002767340985662295,-1.0855064347543413
5375,5375,0.03262690822474856,-1.1920033418414668
5376,5376,0.015947167591874718,-1.0523603765607024
5377,5377,0.033702746428914895,-0.9734668525712501
5378,5378,0.0017860566801981234,-0.9529780854382144
5379,5379,-0.007261865770350706,-0.833609313572921
5380,5380,0.0009322486192109847,-0.8864643422365386
5381,5381,-0.01680732712829567,-0.8755775493185661
5382,5382,0.021147647375610923,-1.0526981812364304
5383,5383,0.014358868905736899,-1.0086532876402035
5384,5384,-0.02057257576715779,-1.0449640911083682
5385,5385,0.0142083349559977,-1.155537568947676
5386,5386,0.02843258828033935,-1.1532476346328238
5387,5387,0.09333613928560214,-1.0704440369110062
5388,5388,-0.01921510864368526,-0.9180110827782297
5389,5389,-0.030364670922590556,-1.0056391915705982
5390,5390,0.00856891669972188,-0.9861550223972579
5391,5391,0.003061001288178239,-0.972453494672699
5392,5392,0.006955185569865824,-1.0497572822888384
5393,5393,-0.004142685994047976,-1.0968865140000772
5394,5394,-0.013308207379318093,-1.1009047691444867
5395,5395,0.012692382802617808,-1.312601658146524
5396,5396,0.013951764770631717,-1.0709498380045086
5397,5397,-0.02590174655067423,-0.7815274964114706
5398,5398,-0.017797181456234074,-0.9503329571461201
5399,5399,-0.01595500870766047,-0.9146763890340704
5400,5400,-0.021151474752678465,-1.3264624771382314
5401,5401,-0.005993323684428481,-1.0123588499053686
5402,5402,0.012508478671551346,-1.167883116629874
5403,5403,0.009694873557309133,-1.0277126673888939
5404,5404,-0.0059413710196337816,-1.1602521037833209
5405,5405,0.0029072527838202578,-1.0342042602564856
5406,5406,0.012993676007951038,-1.0411086417915523
5407,5407,0.03685278025216203,-0.9084525497101893
5408,5408,0.026893578481025263,-0.7618765458493136
5409,5409,0.008958072572435284,-0.764905490921579
5410,5410,0.004488164219711937,-0.7798621325062605
5411,5411,0.014387887326120063,-1.107801048192548
5412,5412,-0.011169475019110489,-1.1626715670645202
5413,5413,-0.002849102834080852,-0.7738814517001595
5414,5414,0.021231018597615864,-1.024040194796227
5415,5415,0.011590007442736874,-0.8095509668916812
5416,5416,-0.016919447808613104,-0.8825241000527466
5417,5417,0.027721590333651708,-0.9416151453309207
5418,5418,-0.03717481415291857,-0.9351223250028488
5419,5419,0.06127994243856413,-0.9135868413204671
5420,5420,0.020321544798472417,-0.9313440082190921
5421,5421,0.022561919139154132,-1.1560203804138076
5422,5422,-0.03238676359505207,-0.8593265372263473
5423,5423,0.03601518872302105,-1.1444839889662628
5424,5424,0.01424144110282162,-1.054799110425563
5425,5425,0.040200857841413536,-1.0485391440795444
5426,5426,-0.017300110555729956,-0.9659766304488364
5427,5427,-0.015527925503512466,-1.1557348183032077
5428,5428,-0.043637495275942156,-1.1702480037733738
5429,5429,-0.02297626047176745,-0.8986641131415042
5430,5430,-0.0036075802155404943,-1.159972536922243
5431,5431,-0.0286322362041462,-1.109544677121515
5432,5432,-0.005079684224612267,-0.915451490175357
5433,5433,0.0038817477406427672,-1.035340549179744
5434,5434,0.03221879513614651,-0.9491319350768364
5435,5435,0.015383520468560013,-1.050128963284957
5436,5436,0.012468252313820014,-1.1048726857739175
5437,5437,-0.0659782006312851,-0.9015876081088798
5438,5438,-0.014265803343713065,-0.9585895147238805
5439,5439,0.012710554365582686,-0.8630257867482087
5440,5440,-0.022043395563555848,-0.8754876998505541
5441,5441,-0.0006104802806534138,-0.8406796405700739
5442,5442,0.014021403819858362,-0.952051695548832
5443,5443,0.0030447873226104455,-0.9791671722614272
5444,5444,-0.02105817827365981,-0.7866120030928347
5445,5445,-0.02583665058699007,-0.993503530654714
5446,5446,0.02076171510890585,-1.1818787070568388
5447,5447,-0.010452954088168265,-0.8319850692313799
5448,5448,0.029436556935800745,-1.1060193164259253
5449,5449,-0.009115001456930866,-0.902994930461914
5450,5450,-0.03870735593856903,-1.056805388690617
5451,5451,-0.011956836848357119,-0.9415116618330772
5452,5452,-0.01142451696867687,-0.9332601310722444
5453,5453,6.640811925615053e-05,-0.9552335348503397
5454,5454,0.007474357524934465,-1.0656935743008888
5455,5455,-0.009516701353812884,-0.945253104870127
5456,5456,-0.01621124944332833,-0.8662016630116061
5457,5457,0.0010398009655719215,-0.8676362028039473
5458,5458,0.022549406345173315,-0.9245572220725113
5459,5459,0.008952355368916087,-0.8946190751487171
5460,5460,0.005894286718573061,-1.0804237194372293
5461,5461,-0.0009034899568618102,-1.0017611762866419
5462,5462,0.014222413302133585,-0.9816216506914036
5463,5463,-0.015062180069575836,-1.0102381333933232
5464,5464,0.04564865890805305,-0.8922731074225267
5465,5465,-0.0012612791034510712,-0.928812887163791
5466,5466,0.023641748136888935,-1.2414322582694204
5467,5467,0.027959518371102526,-0.8461251197962913
5468,5468,0.021013858893248097,-1.0348363333819475
5469,5469,0.0056953802370595386,-1.1907198706749296
5470,5470,-0.022514203674190703,-0.8458625412788793
5471,5471,0.03277539545895735,-1.0248430918653235
5472,5472,-0.03761435124657884,-1.0196486722617288
5473,5473,-0.007445772889779413,-1.094315537931891
5474,5474,-0.0007316818189598284,-0.9907040134831242
5475,5475,0.015568165567930326,-1.0285909188567222
5476,5476,-0.03315407760926367,-0.8793195587501488
5477,5477,-0.030497996880564683,-0.8968059930282256
5478,5478,-0.025259250909495264,-1.0129255045287258
5479,5479,0.007571482526687134,-0.8978094257960969
5480,5480,0.0141830276440542,-1.315652012125937
5481,5481,0.018719141972113718,-1.1580248584812898
5482,5482,0.046592772316607065,-0.8934002551275575
5483,5483,-0.05253944358703138,-0.914362556722603
5484,5484,-0.014963162555791894,-0.9773101214850773
5485,5485,0.007851521745195766,-1.1461859361469289
5486,5486,0.019265010852451695,-0.8539973613267084
5487,5487,-0.0008954106450075328,-1.011728177029198
5488,5488,0.013199859175337017,-1.1012147659547435
5489,5489,-0.0024028963194818592,-0.9645347830097428
5490,5490,0.013733903578229255,-0.9772669455548626
5491,5491,0.018746093256826576,-0.7436671264552641
5492,5492,-0.002451287357165599,-1.0099330959793182
5493,5493,0.012579039906657163,-1.0029671511158875
5494,5494,0.014101572877559865,-1.0025895503293651
5495,5495,-0.0021010322223898314,-1.0080584875145797
5496,5496,-0.00966111837709166,-1.1257257280990784
5497,5497,0.020425421846576957,-0.7530993344222655
5498,5498,0.00016562063592454046,-1.042976463695924
5499,5499,-0.0555328986822931,-0.8612047449215976
5500,5500,0.0017140927670622613,-0.9576097954686911
5501,5501,0.024488754377439026,-1.122396705115824
5502,5502,-0.023579155156897652,-0.9150350567256135
5503,5503,0.035412109630798105,-1.287568969657301
5504,5504,-0.003390858379243189,-1.0531267817052603
5505,5505,0.02604638176932425,-1.1497923675691888
5506,5506,-0.005329835031333635,-1.018479184198539
5507,5507,0.01877527208070401,-1.144483380027033
5508,5508,-0.011004033927907976,-0.8748405405412631
5509,5509,-0.022289184299364224,-0.9551073828026047
5510,5510,-0.034585947638618914,-1.0518386347851267
5511,5511,0.027166787352324966,-0.9806173603917014
5512,5512,0.014437690151633563,-1.0493075301174892
5513,5513,-0.027706298693728686,-0.8222249524393561
5514,5514,0.015231307379015208,-1.145440199802728
5515,5515,-0.08390313752007375,-0.9446088018228469
5516,5516,0.00020568835954742903,-1.036456216331179
5517,5517,0.004343056066040726,-1.0807428851977903
5518,5518,-0.02383232665340065,-0.7937487483879371
5519,5519,0.018396384124555184,-0.9912213219580689
5520,5520,0.033470301713248204,-1.139175067287992
5521,5521,-0.04009497005487593,-1.0720724043901801
5522,5522,-0.007607666055847312,-0.9444366346050025
5523,5523,0.015362111583317867,-0.9240005033523155
5524,5524,0.007222604133917412,-0.938412978451806
5525,5525,-0.03222910618349786,-1.065589064448626
5526,5526,0.008664368657239933,-1.043698396180343
5527,5527,0.023827725523388875,-0.9266872380350053
5528,5528,-0.00036735626367193075,-1.088904034872505
5529,5529,0.04953268021504846,-1.1464862142167191
5530,5530,-0.05112213345656099,-1.0289377887638047
5531,5531,-0.0034172770237334005,-1.1741846474791384
5532,5532,0.0015284723880586368,-0.9808040121413525
5533,5533,0.033814992669361985,-0.5862944071718013
5534,5534,0.05514996142269039,-1.2276416487811432
5535,5535,-0.014276522963920055,-0.9768601989396126
5536,5536,0.004508996688746249,-0.8871019790448246
5537,5537,0.01939673884053124,-1.0640430594685795
5538,5538,0.0030748907468609032,-1.0260734207345366
5539,5539,-0.02083658687730517,-1.01675603354913
5540,5540,0.03868253702089358,-1.062749425592919
5541,5541,-0.0012588894762606481,-0.8508333895028338
5542,5542,-0.012520848520586773,-0.8655498244075255
5543,5543,0.01787774530851516,-0.9959871404880729
5544,5544,-0.04274162218719568,-0.9692456309577311
5545,5545,0.011080819220115681,-1.1499419055510725
5546,5546,0.006190963788438676,-0.9663308333688495
5547,5547,0.0067518127574155914,-1.1738060663896919
5548,5548,-0.006931121558090753,-0.9024162941326461
5549,5549,-0.038653393668728026,-0.9498901820609076
5550,5550,-0.0015142786828595094,-1.095317478166555
5551,5551,-0.03462817596288767,-0.9481612268890913
5552,5552,-0.024274795214290927,-1.048898245198855
5553,5553,0.003192652353487299,-0.9878293685019375
5554,5554,0.020291747220178957,-0.856421021135206
5555,5555,-0.039597619180507235,-0.8877487589825568
5556,5556,0.013452228419573432,-1.1169481821076275
5557,5557,0.05821016416007737,-1.0212679844020986
5558,5558,0.02713852042819738,-1.0083910246830399
5559,5559,-0.022599033782055578,-0.9713130762722877
5560,5560,-0.00675814283786029,-0.9435231981264752
5561,5561,0.0017732408150290258,-1.215934464519415
5562,5562,0.02534816136383064,-1.0488120847776878
5563,5563,0.003462504767195451,-1.1906520798773566
5564,5564,0.020875381719542813,-1.1999492472853062
5565,5565,-0.012432973808873177,-1.120912987312171
5566,5566,-0.027043554046353405,-1.0263960770842
5567,5567,-0.019704466074032423,-1.0089001848493848
5568,5568,-0.019695716237781005,-1.1650967535159722
5569,5569,-0.005817612701690823,-1.105039814260671
5570,5570,0.002847424674214255,-1.1487567383525374
5571,5571,-0.029807368657916777,-1.0243741146416652
5572,5572,-0.012692093189856923,-0.8734525900219495
5573,5573,-0.020704244831211523,-0.9061834485158734
5574,5574,0.020437526374115625,-0.8298969713823052
5575,5575,-0.021504115214780982,-0.9789833720236077
5576,5576,0.012913831940806905,-0.9613789566849588
5577,5577,-0.01120714078552576,-1.176056790788933
5578,5578,-0.0015762596600398804,-1.0609625983971815
5579,5579,0.004049204558709302,-0.8701179048216697
5580,5580,-0.008939604982430308,-0.8840666848673014
5581,5581,-0.005276331241060701,-1.2015335198704562
5582,5582,-0.003361361651245176,-0.7876380615249597
5583,5583,0.01701122499953929,-1.0608519554159632
5584,5584,0.03352187412310959,-0.9611954531419478
5585,5585,-0.05153879382579151,-0.9951792497174814
5586,5586,-0.007285991243868993,-1.0135002438682323
5587,5587,-0.02155887173892078,-1.0027140484767203
5588,5588,-0.024675555426395608,-0.9197075909128689
5589,5589,0.033395803806804625,-1.0934721265850582
5590,5590,-0.028562634105633998,-0.9394629368498506
5591,5591,0.003723705312757522,-0.8968459654753438
5592,5592,-0.019556735643951478,-0.9673140996162551
5593,5593,-0.015889677051367984,-1.1837537506471363
5594,5594,-0.0008672573318048993,-0.8781976350382968
5595,5595,0.028788204193566064,-1.017083513402101
5596,5596,-0.0215976558374933,-0.9440842528421017
5597,5597,-0.05755142365195359,-0.7647497508376921
5598,5598,0.012876449792649888,-1.130141336807775
5599,5599,-0.0153672683924235,-0.7412361432344386
5600,5600,-0.026732070169023348,-1.0618988750571088
5601,5601,-0.02387571814168369,-1.0692757425675887
5602,5602,-0.00845770697255692,-1.0583511008347113
5603,5603,-0.03153645177898834,-0.9034765027407918
5604,5604,-0.0025839540614489356,-0.8108410234742215
5605,5605,-0.00858485933722758,-0.7353671455607389
5606,5606,-0.0071452073378945324,-0.8018991778800794
5607,5607,0.008217469492202922,-1.1673113486775597
5608,5608,0.015187150245952914,-1.1770475661445836
5609,5609,0.05181316810693803,-0.8720612368625076
5610,5610,-0.0075500179844511794,-0.9227877053638865
5611,5611,0.013899225797779337,-1.0183650949816871
5612,5612,-0.002337382457992601,-1.2185362669304423
5613,5613,-0.025058235597851482,-0.7626342805891575
5614,5614,0.020690075682417916,-1.1460274124407082
5615,5615,0.017404804852434716,-1.1170576650856607
5616,5616,0.024845005186371116,-1.1874346717012856
5617,5617,-0.015075436879055194,-1.041936288744198
5618,5618,-0.025256987307685524,-0.9395231059224508
5619,5619,0.029155156788656572,-0.8991878582318328
5620,5620,-0.0033834511418653363,-0.7686436467822383
5621,5621,0.013766127608775873,-1.167216274144843
5622,5622,0.02225166323847841,-0.8424747644279228
5623,5623,-0.0197661289238213,-1.0324090317424628
5624,5624,0.015904819206595228,-1.240085074684627
5625,5625,-0.014985923304142168,-0.788937201626864
5626,5626,0.012940187061127227,-1.0082655070002262
5627,5627,0.015996357259863397,-1.0139746684527502
5628,5628,0.0144172785064696,-1.222593795319499
5629,5629,-0.020969589371291657,-0.9964750085968683
5630,5630,-0.015086188323921723,-1.0405018813292508
5631,5631,0.02591400909610805,-1.1081249796866846
5632,5632,0.0022082565473148935,-0.8666182169554392
5633,5633,0.032638297596919094,-1.1302503014341823
5634,5634,0.02640504895086726,-0.9920473809882541
5635,5635,0.01796637978188262,-0.9404164858187013
5636,5636,-0.0036763744771438657,-1.0778742145169362
5637,5637,0.01303779153041408,-0.9348443122596244
5638,5638,-0.024280446343935065,-0.9612099240925881
5639,5639,-0.000555646585553838,-0.8469388927705328
5640,5640,-0.01712025783849115,-0.9255289967348759
5641,5641,-0.0378818680368686,-0.969393761115431
5642,5642,-0.00916594716889843,-0.8353914165617147
5643,5643,0.007566187275300194,-1.0012659692311616
5644,5644,-0.018140536458892954,-0.8920745057471005
5645,5645,-0.01793259730492924,-0.8309035740270622
5646,5646,0.0014696566925992138,-0.8389083185165381
5647,5647,0.004002477484556954,-1.054657912284119
5648,5648,-0.007101934332170073,-1.0909534820048268
5649,5649,-0.038624548499709456,-0.8044415136060203
5650,5650,-0.014393982952528403,-1.0618431528333487
5651,5651,0.04996702390187094,-0.7501566314260183
5652,5652,0.002074596824778868,-1.0736778265317042
5653,5653,-0.04239726171429922,-1.109537305326618
5654,5654,-0.03496455504408401,-1.0158972492218492
5655,5655,-0.002391357464725019,-1.0270347654146406
5656,5656,-0.010266649107260717,-0.9836213148437012
5657,5657,0.020293561056460137,-1.1755303386419271
5658,5658,-0.009421827248949993,-0.7769167295733888
5659,5659,0.059896636509566586,-0.9679113739696755
5660,5660,-0.006935035757585875,-0.9915424949110142
5661,5661,0.01105972574418182,-1.2207482845269433
5662,5662,0.005875627260395561,-0.9068815743486525
5663,5663,0.036972233575147534,-0.796284599272457
5664,5664,-0.00654655889740444,-0.8881383541555988
5665,5665,0.0006079172575404329,-0.9903206010082286
5666,5666,-0.009976232164662646,-0.8494573628151362
5667,5667,0.027692490814228005,-0.864828719250596
5668,5668,-0.004314712442681001,-0.8879948020471988
5669,5669,-0.00978453493878145,-1.077207207350045
5670,5670,0.0383536464548773,-1.0247597602131082
5671,5671,-0.023938972979482276,-0.893749841232139
5672,5672,-0.0009957414233693965,-1.074658920263935
5673,5673,-0.015618546413578023,-0.8576560994636926
5674,5674,0.003413058110070491,-0.871256057764674
5675,5675,0.028346125361374038,-1.121262471930259
5676,5676,-0.005975257382451106,-1.02748221212917
5677,5677,0.02060288528471129,-1.0160361508235647
5678,5678,-0.003946378949369944,-0.9541826147409329
5679,5679,0.043160811300754734,-0.9215695858531869
5680,5680,-0.021005009500509708,-0.9908713556015486
5681,5681,-0.013048711969959437,-1.0896544355037736
5682,5682,0.017410879300452674,-1.0310430734505291
5683,5683,-0.016428237756704375,-1.0539029909084634
5684,5684,0.002130635927800023,-1.2045997250803517
5685,5685,-0.008956468057619599,-0.6745924286058473
5686,5686,0.005253872371166575,-0.8794989037113067
5687,5687,-0.02720296281842305,-1.0919964489541474
5688,5688,-0.0036128790864467996,-1.2964446241285508
5689,5689,-0.013528293764061762,-0.9559801654305479
5690,5690,0.003755660557189535,-0.9727871488469308
5691,5691,0.02073425082181113,-0.8853317340944227
5692,5692,-0.03116180510567692,-0.9210169428403129
5693,5693,-0.004381635021534561,-0.9930058551758985
5694,5694,0.01083354877997797,-1.0146563527411376
5695,5695,-0.0036464716770807926,-1.0012144088342376
5696,5696,0.001204955060959769,-0.779360095347842
5697,5697,-0.00349761133845437,-1.0159487812580748
5698,5698,-0.01853956144823507,-0.8359598874805793
5699,5699,0.013217966114755564,-1.1115476704282017
5700,5700,0.01393594655262765,-0.9435059245720271
5701,5701,-0.00947127609319616,-0.8429235492193938
5702,5702,0.04650636955071751,-1.2452460976957225
5703,5703,-0.025273162548177863,-0.8286095053321052
5704,5704,0.0579293755013854,-1.0115322205853878
5705,5705,0.022426271906322546,-0.9555923698156238
5706,5706,-0.009753382471624418,-1.2884057213544502
5707,5707,0.023524771041426223,-0.9068490907104032
5708,5708,-0.012360494237270044,-0.9782325323227746
5709,5709,-0.023250586099930155,-0.9470979820539603
5710,5710,0.0037214999523623726,-1.1129769754677308
5711,5711,0.018825951361938147,-1.0495447071771467
5712,5712,0.01857396142712866,-0.8998306608595285
5713,5713,0.02102405754989064,-0.8455791682666981
5714,5714,0.023160064320067706,-1.078027155239735
5715,5715,0.027086832695247004,-1.1036443491014196
5716,5716,-0.0180177712282587,-1.0284831426676235
5717,5717,0.0072338719260045085,-1.031444229977191
5718,5718,0.007080877763394786,-0.9949087484532996
5719,5719,0.020289975954239568,-0.9361714334197124
5720,5720,-0.007632524205906266,-0.6576433348609769
5721,5721,0.034303650024060356,-1.0041410983145114
5722,5722,0.008875051337025507,-1.0393090930946665
5723,5723,-0.000919834042562559,-1.1217506111681048
5724,5724,-0.014581170535930166,-0.9028742071238982
5725,5725,0.014397839069953428,-1.0569232852496175
5726,5726,0.0029997993792774923,-0.8983769521781921
5727,5727,0.020173848401880898,-1.0830333713015132
5728,5728,0.007784816865036057,-1.0024455565976769
5729,5729,-0.006532563388505309,-1.0173599918643197
5730,5730,0.014867929571799741,-0.9549081434858752
5731,5731,-0.008177376800421694,-1.1805501974991257
5732,5732,-0.002524723203508744,-0.8540241567184366
5733,5733,0.005114532795468918,-0.8467223204336993
5734,5734,-0.002375063478546789,-1.0118206615637824
5735,5735,0.020190151456086033,-0.9681644438758964
5736,5736,0.013301657734208414,-1.1334487650905356
5737,5737,-0.02852115941135807,-1.0845262116657628
5738,5738,0.033580551136999676,-0.9207504930376545
5739,5739,0.012392587820901899,-1.0598158048804032
5740,5740,-0.023740623746794625,-0.7746995297697622
5741,5741,0.00027525131372319045,-1.0012481211732398
5742,5742,-0.008981802860834213,-1.0740200587285087
5743,5743,-0.008834471219561713,-0.9511187876333861
5744,5744,-0.06494993124770335,-0.6577158224512195
5745,5745,0.029847954900533755,-0.986374497709865
5746,5746,0.006155779757704835,-0.7910825538958128
5747,5747,-0.005538148513781219,-0.9420202852729654
5748,5748,0.023987066772939228,-1.0621809313047845
5749,5749,-0.006838269005290151,-1.0404963122569124
5750,5750,0.013211161381702141,-1.0829671191870422
5751,5751,0.05688851065216946,-1.2007201615890224
5752,5752,0.003526350432465967,-0.9182224369364446
5753,5753,0.00421910275326925,-1.052447443370939
5754,5754,0.02030061864739639,-0.9756023915969249
5755,5755,0.03632883665683309,-0.8754540785686704
5756,5756,0.006016559659802717,-1.1313343364073374
5757,5757,0.03837488440414525,-1.0134418468102415
5758,5758,-0.000591839088020879,-1.1683458684183958
5759,5759,0.012146896229467574,-1.0048870127934728
5760,5760,-0.013328869227954707,-0.860720889867887
5761,5761,0.019205643876956724,-1.014020922735282
5762,5762,-0.000695875549958605,-0.994066659127743
5763,5763,-0.024639349943765793,-0.9623944792037034
5764,5764,-0.022063776743577956,-1.1850376060951144
5765,5765,-0.03790341311184478,-1.0201948899461586
5766,5766,-0.03386497912134857,-1.0751634502394956
5767,5767,0.013060754516914089,-1.0331508304759438
5768,5768,0.043421805438347616,-1.0269682155526167
5769,5769,-0.008094466181195666,-1.1116643484422188
5770,5770,0.009069148190248122,-1.129180384946217
5771,5771,-0.005009935301530308,-0.9260263083377598
5772,5772,0.015514025027724667,-1.0110543087573467
5773,5773,-0.003483160717770349,-1.0355577532226508
5774,5774,-0.029876650402153378,-1.2531485849330506
5775,5775,0.011995965944724706,-0.908465929011926
5776,5776,0.043033392945805736,-0.9954104575918721
5777,5777,-0.014609380550904695,-0.9848473253133083
5778,5778,-0.0005065444204367178,-1.2594411305307918
5779,5779,-0.009571555959126288,-0.9319518825674199
5780,5780,0.04708686902197651,-1.0888354764602521
5781,5781,-0.025807998970081618,-0.8570539240956742
5782,5782,-0.04032476381244684,-0.7462251877115094
5783,5783,-0.011483836188765528,-0.9331771152090286
5784,5784,0.024462194610763432,-0.7833555986096055
5785,5785,-0.022713290586507465,-0.9417959254010652
5786,5786,-0.013534662266991404,-1.1269274965407132
5787,5787,-0.0349325973651288,-0.9505782520685342
5788,5788,0.0018784580279319896,-1.0022251798245776
5789,5789,0.043599442356861584,-0.9990566984168927
5790,5790,1.2265991467932946e-05,-0.9819855310497585
5791,5791,-0.03067371770311062,-0.9509773523931317
5792,5792,-0.0487259017950922,-0.8535945545758123
5793,5793,-0.011733926079238989,-0.8710744015513059
5794,5794,0.02039438436377643,-1.0662657656830168
5795,5795,-0.033687027034289545,-0.7901707738665518
5796,5796,0.006081852783575772,-1.0388004872109673
5797,5797,0.033710057330546814,-1.1887520152680509
5798,5798,-0.019693058768505516,-0.9771898375290015
5799,5799,0.0029802918941944645,-0.9766200768261304
5800,5800,0.004887007573668313,-1.0735848565617574
5801,5801,0.00453556958341228,-0.9198407333086857
5802,5802,0.007440036147021392,-1.0203609645491725
5803,5803,0.004187451622880534,-1.010939482381249
5804,5804,-0.016167570068406814,-1.138863767228236
5805,5805,-0.012897596598816763,-0.9329795850718628
5806,5806,0.02328461141534624,-1.1055958931623737
5807,5807,-0.015101639204221334,-0.9299368656371918
5808,5808,-0.01957953723479389,-1.0799682018181735
5809,5809,-0.030906818944810677,-1.0935690261036959
5810,5810,0.023181458618811046,-1.2795049535358871
5811,5811,0.02735394911779044,-1.0781565454028643
5812,5812,-0.028522547157630196,-1.0492464870291345
5813,5813,0.0054519067662633855,-1.1238905028429638
5814,5814,-0.04231114888774159,-0.8222503849188469
5815,5815,-0.024678926456952216,-0.9116428449249115
5816,5816,-0.004950091454881149,-0.9418663843821596
5817,5817,-0.011794102076200304,-0.9948439375486062
5818,5818,-0.01977970970825187,-0.8998005816474781
5819,5819,-0.0016153438790259267,-0.9766777401811345
5820,5820,0.010952421838271331,-1.0846237244322725
5821,5821,-0.021129504439592467,-1.0340110988607725
5822,5822,-0.017929771399746806,-1.1324659662138326
5823,5823,-0.049942060506636826,-1.102378825056958
5824,5824,0.003242139563931585,-0.9942605960988544
5825,5825,0.007350981910271403,-1.2130517767749072
5826,5826,0.01872636144001878,-0.9410464253784576
5827,5827,0.026120737126062665,-0.9006720365634925
5828,5828,-0.026651827996001187,-0.9619667185055096
5829,5829,0.001516389112897143,-1.0442672043863126
5830,5830,-0.029197651137270034,-0.8313318126700877
5831,5831,0.0077126105100121245,-0.9562423507898246
5832,5832,0.00036910612426116485,-1.0032117268180458
5833,5833,0.01688751055474233,-0.917079599612179
5834,5834,0.018889210763010124,-1.121719964384974
5835,5835,0.03859419075403547,-0.8339706229153097
5836,5836,-0.0168230827120971,-1.0248416731062864
5837,5837,-0.06110024791270406,-1.0170718191827408
5838,5838,-0.018538246291970487,-0.9305827040462301
5839,5839,-0.013184854629615037,-1.1412870190486326
5840,5840,0.03012775147314835,-0.9303070552770656
5841,5841,0.015559668744208582,-1.000241657738676
5842,5842,0.004030364029443144,-0.9626152816775475
5843,5843,0.004069346018739595,-1.1262744436138972
5844,5844,0.025044885394206372,-0.8433003805747616
5845,5845,0.0011347552663672489,-1.052264898193641
5846,5846,-0.007335257737123471,-1.1690834984383986
5847,5847,-0.0014310447621413425,-1.1635070413170754
5848,5848,0.019799559143341902,-1.0432080337347105
5849,5849,0.010441498702315116,-0.9414834987672073
5850,5850,0.0460188777627807,-1.0758300127499354
5851,5851,-0.03029075305556439,-1.0031138115002045
5852,5852,-0.0030658693646866686,-1.132056618153733
5853,5853,-0.020532919842196615,-1.01345932583827
5854,5854,0.028214497807264625,-1.0460908521350194
5855,5855,0.007691626674932374,-1.0063762326096468
5856,5856,-0.031211770635955663,-0.9007886831325667
5857,5857,0.05334493441581978,-0.9118524570296951
5858,5858,0.00813219520530465,-0.9506559741114996
5859,5859,-0.04906454966683342,-0.8679094300553312
5860,5860,0.003567470196477407,-1.0068041425197891
5861,5861,-0.012770864407934271,-0.7414179522810566
5862,5862,0.036868898578826775,-1.0190901632006102
5863,5863,0.055497567244474875,-0.974149273604246
5864,5864,0.008359889881438268,-0.796142552747549
5865,5865,0.01405314667021761,-1.151990927125462
5866,5866,0.011231062560661923,-0.9475826045983792
5867,5867,0.06333312839163428,-0.9928377829043904
5868,5868,-0.020388703998560173,-0.9835667918503022
5869,5869,0.03413246998483767,-1.0288939839661202
5870,5870,-0.018711086999879493,-0.8988559859409324
5871,5871,0.023653618908627598,-1.0108068241888744
5872,5872,0.035256962979012575,-0.750483603411911
5873,5873,-0.06830500266279148,-0.7263916405080244
5874,5874,0.0008416914787459234,-1.1644342625604382
5875,5875,-0.012436570189726631,-0.8174684158767066
5876,5876,0.020654646432715272,-0.9815353542425199
5877,5877,0.060669260603323796,-1.1517417921203001
5878,5878,0.023465259626006145,-0.9113471392038163
5879,5879,0.02300230547291862,-1.0263219296187376
5880,5880,-0.014167029643298482,-0.9308452742851745
5881,5881,0.00010548259119895487,-0.956199060653034
5882,5882,-0.01570584520948705,-0.9319201219643443
5883,5883,0.00413658693987605,-1.059789771014784
5884,5884,0.015390802987367266,-0.9910418162906126
5885,5885,0.008037563637848938,-0.7519851311259881
5886,5886,0.00359081094858784,-0.8479931541639585
5887,5887,-0.012197358126634417,-1.034701133869844
5888,5888,-0.013649109638216906,-1.1932325726448036
5889,5889,-0.02313931065442218,-0.9739707982325698
5890,5890,-0.004422377199981009,-1.0155298023306014
5891,5891,-0.019497678818638065,-0.8759431486212378
5892,5892,0.0012934488804704353,-0.870759838361423
5893,5893,0.0009295299702967025,-1.0051915979555615
5894,5894,-0.016352295437131403,-0.7897654519796993
5895,5895,-0.00919752869641842,-0.9172907161714958
5896,5896,-0.025881220650028132,-0.9475689226387821
5897,5897,-0.02181255709908218,-0.7741569301741852
5898,5898,0.019638690649776667,-1.0511065857808835
5899,5899,-0.003276700976938836,-1.0221043496657671
5900,5900,0.008320268385952675,-1.0341577590495146
5901,5901,0.043692623267459346,-1.1329445253156574
5902,5902,0.041809757971452526,-1.0183707119187821
5903,5903,-0.01023299566609371,-1.0768292878918966
5904,5904,0.001949118468836851,-1.0762128328302292
5905,5905,0.02346109808166629,-1.2169596687970339
5906,5906,0.01699288325479785,-1.044049437111146
5907,5907,0.050280838073869356,-1.1509315052885458
5908,5908,-0.027988077554705126,-0.7083919900202628
5909,5909,-0.0218655457529741,-0.9664644562874704
5910,5910,0.01642260172872126,-0.7678921946570216
5911,5911,-0.0011861637373007383,-0.9077889792727106
5912,5912,-0.019930855792964802,-0.9760995378834243
5913,5913,-0.042764328578156784,-1.0716113575343498
5914,5914,-0.015381747149969087,-1.1266491176209819
5915,5915,0.05787047822429271,-0.9349912126288243
5916,5916,0.04597164084750323,-1.0031930296594824
5917,5917,0.03689477336069101,-0.6893275292149511
5918,5918,0.05054681836104852,-0.9697983020760267
5919,5919,0.0035140741687415544,-0.9456267868797238
5920,5920,-0.02549055714896181,-0.6810078251718363
5921,5921,-0.013296381585503975,-1.1385995445335306
5922,5922,-0.007706717373325546,-1.0087126596314278
5923,5923,0.0063446596831844325,-0.9077129654724911
5924,5924,-0.07507716069130443,-0.963666592583799
5925,5925,0.003214642303198137,-0.8584372186433133
5926,5926,-0.0023845277012525326,-1.0634000065826819
5927,5927,0.04229213676517361,-0.9116868254255938
5928,5928,0.0018433814733639156,-0.9701221483617387
5929,5929,-0.02744394165007849,-1.0329136841059892
5930,5930,-0.004292720162295871,-1.0557346574838755
5931,5931,0.020336552309421572,-0.885213677427716
5932,5932,0.023184853212621828,-0.945415753392873
5933,5933,-0.017893837210708464,-0.9945687066454063
5934,5934,0.01104945293999772,-0.8479098394686155
5935,5935,-0.013510029896674696,-0.8640879168470534
5936,5936,-0.016203937234937238,-0.9671516785143011
5937,5937,-0.0008235699238271776,-1.2236116356763023
5938,5938,0.022979117978672463,-1.026492082991741
5939,5939,-0.0025957249864638522,-1.0142487105657372
5940,5940,-0.003742536938286245,-1.2620074268107877
5941,5941,-0.007918327337710529,-1.0983584454396191
5942,5942,-0.02971000750758862,-1.0322262983854402
5943,5943,-0.030509551204183222,-0.801885485417276
5944,5944,-0.009961780598005732,-1.0654677510913113
5945,5945,-0.01064666953593766,-0.9628626704415195
5946,5946,0.023677263921228115,-1.2060042111513336
5947,5947,-0.015114740581294028,-1.0565020469928175
5948,5948,-0.007314630469226188,-0.9412246243034789
5949,5949,-0.03327868156049218,-1.132516438272276
5950,5950,0.02566714405312792,-1.0402981712711983
5951,5951,-0.004772421894974285,-0.8363562835094843
5952,5952,0.028929289471366672,-0.9793857263816014
5953,5953,0.0038661665946615863,-1.0730455152033445
5954,5954,-0.035933832241099965,-1.1455257810172295
5955,5955,0.012827215272301129,-0.9763615081420363
5956,5956,-0.0013230439332420204,-0.6652282983220303
5957,5957,0.015112582771170724,-0.8584181612347779
5958,5958,0.04546196545173741,-0.8522514977561357
5959,5959,-0.023060104086978638,-0.9665572093656455
5960,5960,0.0234500993179306,-0.9939779243664844
5961,5961,0.01240153054307748,-1.1735169528306653
5962,5962,0.027576688119456925,-1.0154923702300818
5963,5963,0.004535205091329153,-0.9343847074873575
5964,5964,-0.003576707524682282,-0.9342675769040863
5965,5965,0.044798643292451035,-1.133961239438725
5966,5966,-0.012566425185830843,-0.9962106412587846
5967,5967,-0.013923279123874484,-0.9469563877539369
5968,5968,0.012781028596379258,-0.9758330282759994
5969,5969,0.008104370125023743,-1.2601835208868726
5970,5970,-0.002969144087820494,-0.8830980426633626
5971,5971,0.022029168830595525,-0.890198257922704
5972,5972,0.014985244848308377,-1.1920449884454973
5973,5973,-0.0028981934643860785,-1.0747514222077807
5974,5974,-0.03187089413739008,-0.9230928778128046
5975,5975,0.06904698566829623,-0.885745004392734
5976,5976,0.03128523641478188,-1.2347791592774862
5977,5977,0.021661675286288748,-0.8677003279390563
5978,5978,0.017502584589219775,-0.9703441077766339
5979,5979,0.034237985204624316,-1.0079438846267117
5980,5980,0.032357571251827616,-1.217514291945083
5981,5981,-0.007678506250599709,-0.9155020473873775
5982,5982,0.020667071239579442,-1.1671461175037776
5983,5983,-0.013408626540328322,-0.9364220234832693
5984,5984,0.007744193850540155,-1.0971941050973253
5985,5985,0.0071589260787544365,-0.9667351088329234
5986,5986,0.010951899461832448,-0.8977553699484366
5987,5987,-0.013105960822972038,-0.9955514716558185
5988,5988,-0.002117025946457296,-0.8081710947039193
5989,5989,-0.0018030797331209936,-1.1089004267357638
5990,5990,-0.017655958578521806,-0.8922684899273041
5991,5991,0.031901926401976574,-1.085768463897318
5992,5992,0.02859252436359004,-0.8775535342246992
5993,5993,-0.04127121478191076,-0.867411809536367
5994,5994,-0.010156106162040416,-0.9168082466825871
5995,5995,-0.029952881120278135,-0.7920384656462468
5996,5996,-0.00022063772576264018,-1.0357613222304665
5997,5997,-0.022363919773930832,-1.0026703361508134
5998,5998,0.04752982336232503,-0.906259899358377
5999,5999,0.0020957371623554037,-1.0018832444824497
6000,6000,0.0007780636656162885,-0.981536535254401
6001,6001,0.029976126161913808,-1.0310458528622204
6002,6002,0.023791037492217643,-1.0459797727373008
6003,6003,0.013522627649598926,-1.1384958214859437
6004,6004,0.020469710981202968,-1.2890150999544865
6005,6005,-0.07261771823478594,-0.6911930793262537
6006,6006,0.01888809558514625,-1.0504684593497446
6007,6007,0.010758811806124176,-0.8408270497844199
6008,6008,-0.028843739612028393,-0.9414011895774997
6009,6009,-0.015382258082444708,-0.863787033368232
6010,6010,-0.01895567560706906,-1.1586898839878463
6011,6011,-0.03180381929763652,-0.8528736699170719
6012,6012,0.0014242289811534845,-0.8906024044205659
6013,6013,0.04652517156711192,-0.9715186809477574
6014,6014,-0.016199015273177544,-1.088756333313354
6015,6015,0.013965453997028912,-1.1588043101568304
6016,6016,0.009574514063017892,-0.7295023511151032
6017,6017,0.02150031259625429,-1.0385326381355815
6018,6018,-0.026029965483554986,-0.9064661128017456
6019,6019,-0.003933420487365755,-0.9232869259406967
6020,6020,0.001559924184574596,-1.0697262807575163
6021,6021,-0.007544102244252129,-0.589541112005413
6022,6022,-0.012828110373660249,-1.0228019797072734
6023,6023,-0.01681395444252474,-0.9025114675903009
6024,6024,0.01019542455037247,-1.069004135464072
6025,6025,-0.008566318538452009,-0.7747486805890421
6026,6026,0.060445322183105624,-0.8911083596097366
6027,6027,0.005113431536514387,-1.0079063420591097
6028,6028,-0.00211426148248528,-1.1459232257636067
6029,6029,0.030175264645833415,-1.103237505466397
6030,6030,-0.010757717912430666,-0.988935944485942
6031,6031,0.03174463543865564,-0.8000063891385625
6032,6032,-0.016179494372691693,-0.9968717977890169
6033,6033,0.014786306683227021,-0.8431306362965262
6034,6034,0.026818992326611862,-1.1030153603019457
6035,6035,-0.003012681267751595,-0.9328606282869832
6036,6036,-0.019905445794151433,-1.2401161909947431
6037,6037,-0.01684065459211559,-0.7653395008130539
6038,6038,-0.022592868988331634,-1.1033158913063996
6039,6039,-0.04517544727600603,-0.9442070657716735
6040,6040,-0.056644775017397134,-0.8244708721399772
6041,6041,-0.0036438984675966624,-0.8329953483634465
6042,6042,-0.024825352050620295,-1.2693464216530876
6043,6043,-0.00217815521600033,-0.9139966132374707
6044,6044,-0.0015167603581821322,-0.9416795441077874
6045,6045,-0.007392431266254301,-1.212098578917936
6046,6046,0.05271865333304593,-1.0820399331143253
6047,6047,-0.01526083838215702,-1.010050292670778
6048,6048,-0.0010565200064671723,-0.9510275324043281
6049,6049,-0.05107061195307695,-0.9360965386199849
6050,6050,-0.05293449677875513,-1.1371217026751563
6051,6051,0.022646829949735325,-1.1065416030259092
6052,6052,0.021761655250863488,-0.9969697800777436
6053,6053,0.01816069819098902,-1.0972731600292136
6054,6054,-0.004468045895630594,-1.1436198084038964
6055,6055,0.002023217060724891,-1.183533456256356
6056,6056,0.012721679055190088,-1.2127974212001489
6057,6057,0.020642419076042293,-0.9924146395769156
6058,6058,-0.0244077363837679,-0.9700002269408562
6059,6059,0.016581293367346595,-0.7890309217403069
6060,6060,-0.02302849290830953,-1.1601013570179768
6061,6061,0.015061876203921049,-1.010467797196423
6062,6062,0.013201333307943819,-0.9826162938025342
6063,6063,0.019510956198993817,-0.9907758248528672
6064,6064,0.0044959451116986906,-1.1374150541802044
6065,6065,0.01366139298495353,-1.0576374324561297
6066,6066,-0.011183694706297584,-0.9701950037883793
6067,6067,0.012826507905101193,-1.071314474542074
6068,6068,0.020257081112354913,-0.8743470762355511
6069,6069,-0.013161949795968223,-1.0555446941854039
6070,6070,0.016174175879368313,-1.1032562418590526
6071,6071,-0.04280695840786046,-0.8741081781681219
6072,6072,-0.013785447432841172,-1.0569045949846256
6073,6073,-0.016591161840080873,-1.0791157585233713
6074,6074,-0.003803693814675161,-1.0330283325369616
6075,6075,0.019642518632236414,-1.0314320100415704
6076,6076,-0.0029781577147850735,-1.0014352436403207
6077,6077,0.030785926950699795,-1.0718377749338477
6078,6078,0.010568672814148836,-0.9248513503155081
6079,6079,0.009736157956194896,-1.0531027651161888
6080,6080,-0.016368924544673105,-1.1423280264033728
6081,6081,0.055043647300799144,-1.0561639005450614
6082,6082,-0.007040556148457906,-1.1331397324392722
6083,6083,-0.013089992502392053,-1.045353843092497
6084,6084,0.0036937439008255593,-1.205663640506045
6085,6085,0.019625782159780017,-0.8330213223570321
6086,6086,-0.03277869080353343,-0.9248637866125112
6087,6087,-0.0013317123159790056,-1.1048846099740623
6088,6088,-0.024532958701466785,-0.8028143858226486
6089,6089,0.008605160430829761,-1.0799194560807692
6090,6090,0.02489247970597973,-0.9881508705548931
6091,6091,-0.016531202196787886,-1.1828033591904272
6092,6092,0.012631055317828002,-0.8710032729329317
6093,6093,-0.03821450801640676,-0.9153915160490752
6094,6094,-0.014267565069497057,-1.1420023943376885
6095,6095,-0.023439198688365373,-0.9558956895605599
6096,6096,-0.0011846382569635217,-1.0554218210119417
6097,6097,-0.004152699823518721,-0.8992828073598346
6098,6098,0.036917896688838034,-1.0580749902671163
6099,6099,-0.016250404323436805,-0.9700498571150598
6100,6100,0.011456384998060284,-0.9835218570701352
6101,6101,4.638523040083331e-05,-1.1519146824206619
6102,6102,-0.03203620318358843,-1.0143615136751303
6103,6103,-0.010819779821242688,-1.060853804875835
6104,6104,-0.0038303670444194693,-1.1473220087477023
6105,6105,-0.019201466574246605,-1.0249646816775437
6106,6106,-0.0129478964556837,-1.108638177933005
6107,6107,0.019871045079064287,-1.138329266266986
6108,6108,-0.007613877376473741,-1.0152056649008705
6109,6109,0.002754381255715116,-1.0729639615220683
6110,6110,0.02384458446556461,-1.1605780963843646
6111,6111,0.02294551482485578,-0.9378594840440138
6112,6112,0.04267714832857796,-1.187511300337649
6113,6113,0.0007995551711156706,-0.8804775758713045
6114,6114,-0.014956539651329214,-1.2447171147568759
6115,6115,0.014935071557042358,-1.0224761782396214
6116,6116,0.01797445065759258,-1.1601779552437697
6117,6117,0.021709014353290354,-0.8946912491179072
6118,6118,0.010699624355896373,-0.962230345164626
6119,6119,0.016033698818651364,-0.8562334048808066
6120,6120,0.003070286802323606,-1.0301958005792673
6121,6121,-0.03432902676612868,-1.0703100901651499
6122,6122,-0.019911976372505705,-0.8204644571734999
6123,6123,-0.005585196545925864,-1.028766621832504
6124,6124,-0.01897488706246108,-0.7238578912019544
6125,6125,-0.013000029434546846,-1.0082843939815624
6126,6126,0.004990410395820238,-0.8937656443284133
6127,6127,-0.008735668940932842,-1.054809868294755
6128,6128,0.02707496347220406,-0.8949641655835638
6129,6129,-0.006187910736328066,-0.8166155122532269
6130,6130,-0.0014928901846366156,-1.1039992406541654
6131,6131,-0.011452234950541956,-1.264794409093818
6132,6132,0.04770363268717295,-0.908912176531848
6133,6133,-0.014596134935538328,-1.0886716161198564
6134,6134,0.027445036854618694,-0.8490808681480813
6135,6135,0.007008201317819714,-0.9919576975230797
6136,6136,-0.003601752402427355,-0.9150005390945578
6137,6137,0.003909626517843823,-1.0628722977894682
6138,6138,0.012102178676622027,-1.0943492154499292
6139,6139,-0.008754670145775398,-0.9912503769146468
6140,6140,0.008046450780831091,-1.0401682824624265
6141,6141,0.020099747437920507,-0.7603633106204046
6142,6142,0.03528010216910095,-1.298132021818426
6143,6143,-0.0044653322395634895,-1.0607598058031016
6144,6144,0.00019843944550335113,-1.1427100459458932
6145,6145,0.023550496555652528,-1.0991585913732238
6146,6146,-0.010608856446354686,-0.9374412394555456
6147,6147,-0.01927346686279388,-0.8660253752507675
6148,6148,-0.017042785046035982,-0.6471156374846707
6149,6149,0.01868829351677903,-1.062111259476472
6150,6150,-0.0090157702187226,-0.9485533466134222
6151,6151,0.03651092946398961,-1.0329817832482189
6152,6152,-0.013191542018565733,-1.1645463542297674
6153,6153,0.04003840817447821,-0.8397755527553343
6154,6154,-0.025131791934387637,-0.7821993886004159
6155,6155,0.019069014682252694,-0.9609832652294578
6156,6156,-0.012329339909014914,-1.082204127056173
6157,6157,-0.02305907140798151,-1.0170735231788448
6158,6158,-0.027206253438511685,-1.2385519259982158
6159,6159,-0.04244345427413232,-0.7333183842026404
6160,6160,-0.011625153355851653,-0.8783663358199406
6161,6161,-0.017144263005867008,-0.8175426134194883
6162,6162,0.008052271310241468,-0.8275890384432192
6163,6163,-0.0012948414488175922,-1.0199757639580538
6164,6164,0.0029491896770817523,-0.8898497394006201
6165,6165,-0.021382242793371503,-0.9559643852126518
6166,6166,0.03484906538878033,-0.8952530933137567
6167,6167,0.004267121514924326,-0.7724699366462006
6168,6168,-0.0013016096374580538,-0.7268628628203467
6169,6169,0.00895523920948553,-1.2760175125230988
6170,6170,0.005081193940123047,-1.1604820467939656
6171,6171,-0.0028275802195495414,-1.0241729235878203
6172,6172,-0.012316183252617387,-0.9802980336220243
6173,6173,-0.022875862314451587,-0.9781471913281332
6174,6174,-0.017900011080754348,-0.8481590688408395
6175,6175,-0.004866952109338164,-1.1458005062740622
6176,6176,-0.0394520282115249,-1.024845886478985
6177,6177,0.019121815502167017,-1.2228171398960987
6178,6178,0.0029076833231589383,-0.9701377700740166
6179,6179,-0.016496056423527333,-1.009496813724812
6180,6180,0.01877955004821767,-1.0547875544278524
6181,6181,0.01118794064160182,-1.022826772260924
6182,6182,0.005462318301307015,-1.168700263649276
6183,6183,0.010588010964015848,-1.0370603527485822
6184,6184,-0.007708333700214485,-1.0066759385034911
6185,6185,-0.011332279371305131,-0.7445337217144073
6186,6186,0.0009459710634045354,-0.996156445058614
6187,6187,0.020602807449236205,-1.0288428952684288
6188,6188,-0.0011608087806176531,-0.9265984097097602
6189,6189,0.021003257385404678,-1.1348228099931914
6190,6190,0.013913530966243523,-0.7585961404773773
6191,6191,-0.024692308724421484,-1.1114894044485366
6192,6192,-0.018385981101437972,-0.932290648308532
6193,6193,0.011866253257164158,-1.0000882252820291
6194,6194,-0.002710775970644036,-0.8414808527166965
6195,6195,0.006925042308211921,-1.2664175284740515
6196,6196,0.044198887100761905,-1.0153002851843427
6197,6197,0.01994188871025491,-1.030639256485318
6198,6198,0.02183341658630183,-0.9517207626605045
6199,6199,0.036263608165995206,-0.8763936242575093
6200,6200,-0.003320249059167984,-1.0154035257778902
6201,6201,-0.04062119720103705,-1.0631471158931463
6202,6202,-0.035468103781707686,-0.7776906937803069
6203,6203,-0.00019969159169608286,-0.8392197446266647
6204,6204,-0.02796816142722367,-1.0268171684714
6205,6205,0.023990418573540347,-0.8211730960160767
6206,6206,0.0013147212523008933,-0.9533985891205274
6207,6207,-0.02169742006475992,-1.0669732044847549
6208,6208,0.022420312872347213,-0.8807512322945231
6209,6209,0.02600757670011101,-0.934998754452985
6210,6210,0.0344128894045764,-1.1265006450606907
6211,6211,-0.037107948342089137,-0.6834505887829608
6212,6212,-0.05177451345854281,-0.9913413725663321
6213,6213,-0.008783924195629123,-0.9873156854705017
6214,6214,-0.021979479907729693,-1.0434163222622999
6215,6215,-0.01056199233019301,-0.9683831976436539
6216,6216,-0.04120874763657329,-0.7627465373467593
6217,6217,-0.030909125049574965,-0.9401484909996124
6218,6218,-0.032737966458218526,-0.7818942306393926
6219,6219,-0.0017038333839934617,-0.903926811205584
6220,6220,0.01872726502487998,-0.9158063856348679
6221,6221,-0.030600460398038466,-1.0031170753427465
6222,6222,-0.015822215615066422,-1.0554576428228502
6223,6223,-0.004324447907607498,-0.9544051620278448
6224,6224,-0.004641813636441922,-0.7617542058336959
6225,6225,0.005253365070916782,-1.0203927165359998
6226,6226,0.0021425149578064295,-1.0664610626866908
6227,6227,0.041859363179790623,-0.8551042929085368
6228,6228,-0.013865597072424268,-0.7970260705668208
6229,6229,-0.01850957302932084,-0.8104877017419608
6230,6230,-0.005431086054160913,-0.7046933398966718
6231,6231,-0.0018486937259070343,-0.8258644015916738
6232,6232,0.02975023364465483,-0.7830261086497984
6233,6233,-0.042085445987657184,-0.996516182504553
6234,6234,-0.012531087756571233,-0.9434946204139523
6235,6235,0.0036544509443053458,-0.8726914391700302
6236,6236,-0.019310301930509616,-1.1158287785132859
6237,6237,-0.031823154449690375,-0.9611815743633574
6238,6238,-0.030272658135348088,-0.8735572610145304
6239,6239,0.03811165791623658,-0.7448309119007538
6240,6240,0.005257124800116739,-0.975348591692168
6241,6241,-0.01766325552482193,-1.1979267746771392
6242,6242,-0.029168257494572483,-0.965875168172963
6243,6243,-0.022332733090250724,-1.0042042318798772
6244,6244,-0.022110600350892094,-1.0756994163493394
6245,6245,0.00850431003216881,-1.0215611873868686
6246,6246,-0.024682151585195815,-1.02333810117645
6247,6247,0.021886359713488457,-1.1298987827606894
6248,6248,0.003044903035242033,-0.9559003585233037
6249,6249,-0.022597247696214157,-0.8448538473287337
6250,6250,0.023841293184992757,-0.9075147973336177
6251,6251,-0.014248633269932465,-0.8869343389921841
6252,6252,0.01488438913928282,-1.0025153161696982
6253,6253,-0.0033946568725689123,-0.9546885698758272
6254,6254,-0.016026867972235355,-0.9963476539052879
6255,6255,-0.0024255596039971378,-1.0223574013931997
6256,6256,0.008494521418992373,-0.9311853793721526
6257,6257,-0.025389103519871607,-0.986183677786395
6258,6258,0.030008660424872387,-0.8931492584500924
6259,6259,-0.014429176121650705,-1.0304113692380916
6260,6260,0.013867724451046396,-1.0936338828614
6261,6261,-0.017963270809091884,-0.8659239873455671
6262,6262,-0.006169510774327151,-1.021374151401233
6263,6263,0.028512904851458798,-0.9895358586236901
6264,6264,0.014052028912108855,-0.8981648015728126
6265,6265,0.006039693461094425,-0.8035830316272532
6266,6266,-0.02079031338697554,-1.0666122031838783
6267,6267,-0.0023497064666469208,-1.0612925084240254
6268,6268,0.007539357138507008,-1.0826004437079413
6269,6269,0.00777677921739928,-1.305157487508486
6270,6270,0.01964991508977297,-1.135317314051165
6271,6271,-0.010069846978664393,-0.7645731726702536
6272,6272,0.01704584368448787,-1.1391659711675788
6273,6273,-0.005642456550526372,-0.9636044289510733
6274,6274,-0.0344748978238086,-0.9989338463561422
6275,6275,0.019379477137756666,-0.9593790983270356
6276,6276,-0.0022557578420807495,-1.040051094264307
6277,6277,-0.03233371128967316,-0.726763455986879
6278,6278,0.0038555532564888972,-0.9229417146340578
6279,6279,-0.01910337225671032,-0.9593416681827369
6280,6280,0.014724031477601124,-0.9951460379165495
6281,6281,0.0042022121676528745,-0.9294735247739396
6282,6282,0.011872625467614188,-0.9560328798558091
6283,6283,0.010800789886009235,-0.973327092480022
6284,6284,0.0022533404544143112,-0.857066851335115
6285,6285,0.014747195330734169,-1.212945529763684
6286,6286,-0.02404864776003122,-1.0111287777050595
6287,6287,-0.0069731011234858975,-0.9422505426640339
6288,6288,-0.005534005148060017,-0.9492204308657798
6289,6289,-0.0012201756563607977,-0.910589261931155
6290,6290,-0.00497384931613816,-0.7830840467148178
6291,6291,-0.03177318791527288,-0.8692348899264439
6292,6292,-0.012928738580371413,-1.1312708697179616
6293,6293,0.003687654375772606,-0.9931982175051199
6294,6294,-0.0018794429820002817,-1.0068460864034827
6295,6295,0.04919106889197718,-1.1287551232788307
6296,6296,0.006801457110655006,-0.6887528623034262
6297,6297,0.02282618399428154,-0.9335032269582804
6298,6298,-0.007285292248085207,-0.8798557648717702
6299,6299,0.00596740014800104,-1.0643641195091424
6300,6300,-0.019561620983728892,-0.8933884224531312
6301,6301,-0.014843160438027317,-0.9460647967189594
6302,6302,-0.0126333577753888,-1.008917871875378
6303,6303,-0.04179735022339329,-1.1207065443218758
6304,6304,-0.011400686540954559,-0.7653783796285021
6305,6305,0.004564172810171454,-1.1348246670960882
6306,6306,-0.031052857329305034,-1.0001015992406834
6307,6307,-0.005329844427662635,-1.1653498582073964
6308,6308,-0.0074574580155997335,-0.9226814140478883
6309,6309,-0.023922679662249126,-0.8781744927916817
6310,6310,-0.008785169083102479,-1.1121694699751399
6311,6311,0.021620052907323765,-1.0201825085343146
6312,6312,0.024926899072219268,-1.0332063795132271
6313,6313,-0.01659341462212121,-1.0703534299839754
6314,6314,0.009240595171377158,-1.0817493076370461
6315,6315,0.02739562887978423,-0.8094823993221736
6316,6316,-0.007603930623519162,-0.9466819769964404
6317,6317,-0.044663243804417635,-0.9171117193177114
6318,6318,0.002986148238606476,-1.0258467980983033
6319,6319,0.030204977443451776,-0.9851471652404895
6320,6320,-0.002907217774067966,-1.0461401354263653
6321,6321,0.028510170632436035,-0.979674573440074
6322,6322,-0.01710191866374102,-0.9424427032368335
6323,6323,-0.01658922011302287,-0.8999573787708095
6324,6324,-0.009069411232412866,-1.2184287147584885
6325,6325,0.02836240610573003,-1.0623881821185388
6326,6326,0.0317715131584225,-1.1527505264536013
6327,6327,-0.009022826883733126,-0.9944179649788416
6328,6328,-0.022389318683215274,-1.0824732726569803
6329,6329,0.014976560825444608,-0.8367595382706422
6330,6330,0.003293921220366461,-0.8581319443741493
6331,6331,-0.028878348198114634,-0.8718912010728073
6332,6332,0.003200865882922066,-1.0010763789670767
6333,6333,-0.023277619170131936,-0.8930167009480188
6334,6334,0.0011675783376123294,-0.9349356304405119
6335,6335,-0.0008486006458500728,-1.279548596308878
6336,6336,0.014078935227159375,-0.8050867838516431
6337,6337,0.0422966186947795,-1.1657056085701394
6338,6338,-0.008128895601381234,-0.7525321465582719
6339,6339,-0.003995403866553032,-0.8677697854417685
6340,6340,0.018083898401697815,-1.091339969334976
6341,6341,0.012873866373338372,-1.086553074711639
6342,6342,-0.026986189016777934,-0.8927553973600224
6343,6343,0.04781111246108342,-0.8581529005676443
6344,6344,0.006541660571351207,-0.9624648103857454
6345,6345,-0.02519320928754245,-0.893551064449987
6346,6346,0.020070825670379752,-1.071339438306243
6347,6347,0.0016971560785969952,-0.997967449924953
6348,6348,-0.010856547291044197,-1.0529518537441045
6349,6349,0.04358311158281192,-1.2043504964382998
6350,6350,-0.017081049356435757,-1.1064519868847333
6351,6351,-0.025517745831171605,-1.0084170114324353
6352,6352,-0.026705515402117012,-0.9920959263205735
6353,6353,0.02790597005778417,-0.9052391245859045
6354,6354,0.00648008702078208,-1.0377538164294262
6355,6355,0.029646593614983997,-0.8658081636026546
6356,6356,0.0023638248986398436,-1.0734326669737286
6357,6357,0.015831745692715726,-0.8981575925483165
6358,6358,-0.027489377791710068,-1.0792100334445975
6359,6359,0.02833278216856471,-0.8540467660128549
6360,6360,0.03487088352817711,-1.137378122957069
6361,6361,0.02629369800926478,-0.6377394915800774
6362,6362,0.0402609480067494,-0.9234908565302826
6363,6363,0.03404432236007415,-1.0531261206793139
6364,6364,0.0228986645770643,-1.0342991226884861
6365,6365,-0.006592490448317931,-0.8389655079621167
6366,6366,-0.020259899803916237,-0.9378391479704519
6367,6367,0.0003616659711732223,-1.0118873975047131
6368,6368,0.0068780274758182824,-0.8995781861795615
6369,6369,-0.0006019249917398328,-0.9023060689583349
6370,6370,0.022505429563744128,-1.0599108429020212
6371,6371,-0.0040865760602805945,-0.931609420308492
6372,6372,0.036746676582213644,-1.0181204421625885
6373,6373,-0.01074859906687465,-0.9896062888014873
6374,6374,0.0036710220803357757,-0.9759302876484456
6375,6375,-0.013068279743761875,-0.9609278320074232
6376,6376,0.004468958243389134,-0.9774839289766639
6377,6377,0.0350528440433496,-1.0484373567889518
6378,6378,-0.019803396103783757,-0.8887216128441832
6379,6379,-0.007417714457113077,-0.8604799099043322
6380,6380,-0.0352576499104447,-0.6420359808868814
6381,6381,0.021081768529885126,-1.1564640031123052
6382,6382,0.012302897738953463,-1.0977473708337535
6383,6383,-0.0120656387784783,-0.8903918553560627
6384,6384,-0.020846842112621194,-1.001107007811403
6385,6385,0.001676973637434867,-0.8149213989959478
6386,6386,0.012537292195251667,-0.8831032091436627
6387,6387,-0.014988945589777106,-0.613081732013443
6388,6388,0.006857062834669775,-1.0097961612724597
6389,6389,-0.002859425214615973,-0.8695972370197362
6390,6390,-0.0022307245666793735,-0.799612835416619
6391,6391,0.0021540130852986273,-1.0450740895566364
6392,6392,-0.031319715984206936,-1.1125277372114852
6393,6393,-0.0005886235850363838,-1.0816373386510405
6394,6394,-0.010820745656268782,-1.074383498674656
6395,6395,0.0002573652164209461,-0.9461047807293426
6396,6396,0.0028578047960876596,-1.2357944634702052
6397,6397,0.016400101318727805,-0.8466271757761641
6398,6398,-0.04669847957992412,-0.8893243984641455
6399,6399,0.016435696468452027,-0.8526161061046464
6400,6400,-0.011640053675671447,-1.0242773403299164
6401,6401,0.05233317372433394,-1.0545521258422252
6402,6402,-0.050984253926823216,-0.9896244695430303
6403,6403,0.0026337084230441087,-1.0764591658094842
6404,6404,-0.005646409483517904,-1.05588048388544
6405,6405,-0.006624570592354467,-0.8120820188168725
6406,6406,0.017829337656192504,-1.247452796431756
6407,6407,0.018585435586222276,-1.1288448988697921
6408,6408,-0.04046643315358528,-0.9142879822281835
6409,6409,-0.00507874596238074,-1.0695373422401138
6410,6410,-0.04215303485495571,-0.9510532388596312
6411,6411,0.004633499292381729,-1.0431393930258295
6412,6412,-0.03309034314816044,-0.7810616935331127
6413,6413,0.0038391971677068717,-1.0970597682221415
6414,6414,0.02754003803504409,-0.8635460292172346
6415,6415,0.009543205238988089,-1.0339143535362316
6416,6416,0.021245494255763775,-0.8891701670742729
6417,6417,0.0171864321856873,-0.7703995069864501
6418,6418,0.0003858460805339359,-1.1455027075543451
6419,6419,-0.016726970949674874,-0.8573205655486589
6420,6420,0.015100495471075302,-1.1795236259252178
6421,6421,0.056375036911612164,-0.7904835865779147
6422,6422,-0.03021733382648445,-1.1206487784854697
6423,6423,0.002506651304837487,-0.9676115460016067
6424,6424,0.004780790868673834,-0.8227763714656344
6425,6425,-0.0021867625023798583,-1.0443202825564732
6426,6426,-0.010086532224446276,-0.9526216676895731
6427,6427,0.010360043221609674,-0.7480894886667702
6428,6428,0.0372227234736698,-1.0741739408891215
6429,6429,-0.004796828385583304,-1.0320900017045038
6430,6430,0.01100565670640296,-1.079877431359064
6431,6431,-0.005997548375822642,-1.1047655287248048
6432,6432,-0.04030169232355878,-0.8625672868645667
6433,6433,0.005645893353482349,-1.1118103027394375
6434,6434,0.005427472626903393,-0.8341920305307217
6435,6435,0.00993324029782218,-1.0500070853170047
6436,6436,0.015665661955666117,-0.9765675888589362
6437,6437,0.021955199131471495,-1.1012882051468635
6438,6438,0.007518804649613868,-0.8606701005857167
6439,6439,0.020108865347030273,-0.8473094101446171
6440,6440,-0.01639046324095976,-1.2813251830667023
6441,6441,-0.0023948196686424325,-1.0304001022850653
6442,6442,-0.013589613776503057,-1.0728603369459233
6443,6443,0.015746237002856503,-0.788538303592506
6444,6444,0.004144748973174642,-1.1025031769046092
6445,6445,-0.02268844162691934,-0.818601396837342
6446,6446,-0.008692679778576011,-0.9140942700997968
6447,6447,0.019155368371431385,-0.9034558631082407
6448,6448,0.0073910429796415905,-1.021653519318697
6449,6449,0.02640125656564167,-0.939176295640925
6450,6450,0.0020612287084066927,-1.007188282871914
6451,6451,0.005603714628544004,-1.0838793762910381
6452,6452,-0.00025595601207922813,-0.937498585873918
6453,6453,0.03426703516195671,-0.9864425762012194
6454,6454,-0.026486968733450855,-1.0725204448741297
6455,6455,-0.027317784163598043,-0.7296099915460265
6456,6456,-0.02357637185510563,-0.9115149734398208
6457,6457,-0.0037471254646083973,-1.1021101575631445
6458,6458,-0.007808577932472926,-0.7293360814854266
6459,6459,-0.02519822310797231,-0.8554576108977724
6460,6460,0.022417229931020462,-1.1223030397529192
6461,6461,0.026036828719034885,-0.9236747102785403
6462,6462,-0.013368084729477855,-0.957058823076778
6463,6463,0.0241023194873881,-1.1592085880507854
6464,6464,0.018072955655538375,-1.2199935381202156
6465,6465,0.022760855931114602,-1.0229956333199512
6466,6466,0.07055789296098852,-0.9528558481772869
6467,6467,-0.014065128330354337,-1.1219770376917158
6468,6468,-0.006109711328809234,-0.9898346636832615
6469,6469,-0.00910649166893952,-0.9143623001628219
6470,6470,0.019484080326689523,-0.9729567809290102
6471,6471,-0.029556759539849334,-1.0994135883719407
6472,6472,-0.0028936950720366145,-0.9159047918730963
6473,6473,0.00500052830576077,-1.2091064302609233
6474,6474,0.06132859004664387,-1.2478495727712775
6475,6475,0.004868693914140965,-1.0126614191283478
6476,6476,0.012369147152955368,-0.7151346207824721
6477,6477,0.005565956947319553,-0.9398861748849602
6478,6478,-0.005671463006879447,-0.8245571019015521
6479,6479,0.0019564647470889443,-0.9767508134202111
6480,6480,-0.012830287336792456,-0.8382097505120516
6481,6481,0.018627890283666314,-1.166076946047938
6482,6482,0.004329290932103699,-1.2680839709237473
6483,6483,0.025168055901719395,-1.066520850986082
6484,6484,0.020582847921025625,-1.2118853344694442
6485,6485,0.044566280966743366,-1.1256814091630978
6486,6486,-0.010725007367843334,-0.9778619654064922
6487,6487,-0.0349357884331811,-0.7380543084353556
6488,6488,-0.05448777352253354,-0.7862303594867436
6489,6489,-0.032827456398466424,-0.9723212792493642
6490,6490,-0.0069190987023854955,-0.9976874578464412
6491,6491,-0.010706535548169787,-0.950757642455004
6492,6492,-0.00421673446095416,-1.1777595831062806
6493,6493,0.027677852888599273,-1.0658503160719968
6494,6494,0.003776410912946726,-1.0632902529640127
6495,6495,-0.03136612191510001,-0.8803584902456931
6496,6496,-0.033490053194544095,-0.8575207988148201
6497,6497,-0.0324444361805465,-1.1291623666701558
6498,6498,0.012727624588610709,-1.3773894913396916
6499,6499,-0.004337069844860632,-1.0047449121528256
6500,6500,0.02884366523843751,-0.9835611991375465
6501,6501,-0.0069672303761652244,-0.8632767385857142
6502,6502,0.02338383968861121,-0.94635492395417
6503,6503,-0.042998917052955145,-0.9645293233073914
6504,6504,0.006549528337167779,-1.1354400158840467
6505,6505,-0.003066420582016921,-1.0478685455237295
6506,6506,0.011088173490323098,-0.8195791285413713
6507,6507,-0.0018734811208117041,-1.2019858165776571
6508,6508,0.020024122518333506,-0.7335580874192127
6509,6509,-0.011180362033721858,-0.9671181086574082
6510,6510,0.009522719342783176,-0.8314105294230467
6511,6511,-0.004217611748372388,-0.9032891239385487
6512,6512,0.01010718908251896,-0.9309566155949979
6513,6513,0.020948889329605806,-0.9311135578803809
6514,6514,-0.05078823461476237,-0.8486297441541721
6515,6515,-0.036094242097381664,-0.7501190209161155
6516,6516,0.020506452634742926,-1.0679048424666508
6517,6517,0.02332245450379436,-1.0774690140814576
6518,6518,-0.0063308025407827415,-0.9636960206497489
6519,6519,-0.0362866481585012,-0.8095231463982023
6520,6520,-0.03252154537107309,-0.7996030632100121
6521,6521,-0.012416945401936386,-1.1221860886614847
6522,6522,0.005915052548877878,-0.8302517332991655
6523,6523,-0.009677797313466553,-0.9884123390554405
6524,6524,-0.01231952176916841,-0.9613507240923942
6525,6525,0.02572057117918863,-1.1155343058233935
6526,6526,-0.041329147647398326,-0.8167527967911591
6527,6527,-0.011339669172343601,-0.9160261636677401
6528,6528,-0.000222411718559707,-1.089666367145407
6529,6529,0.006471546723127039,-1.0930312792681005
6530,6530,-0.019508789769877993,-0.7886344274498582
6531,6531,0.026945660597453167,-0.9044669876641059
6532,6532,-0.025972186420558985,-1.0830625349715677
6533,6533,-0.015980381091572654,-0.7235221905495166
6534,6534,0.0713721210609442,-0.893932176593715
6535,6535,-0.0030211879434019692,-0.7920824666472391
6536,6536,-0.05268672496001679,-0.8651133312326101
6537,6537,0.010495116663460742,-1.2137584081308108
6538,6538,-0.020228304199994628,-0.8361225042068502
6539,6539,-0.012991779254156502,-0.9810886161480094
6540,6540,0.017852175893907613,-0.868328891258406
6541,6541,-0.022012421414714118,-0.9029874404860728
6542,6542,-0.04228524435795296,-0.8604790591820664
6543,6543,-0.0008121684817059688,-1.0034438870738769
6544,6544,-0.08196129260007183,-0.7639661295382083
6545,6545,-0.02461045827478024,-0.8800438613530971
6546,6546,0.03359573061313762,-1.1130707797078432
6547,6547,0.013493177468849843,-1.1797891672484917
6548,6548,0.024596758248218692,-0.8276997834506292
6549,6549,-0.019154229821443738,-0.816081416224725
6550,6550,-0.028062408243935355,-1.0366662139275091
6551,6551,0.03300171759721495,-0.9118830916991612
6552,6552,-0.025986216581025092,-0.8192882163557883
6553,6553,-0.004674171818934689,-0.9500000604498787
6554,6554,-0.0005877497195889703,-0.9833055378685914
6555,6555,-0.019867728743938787,-1.1670672881820126
6556,6556,0.024370625193391907,-0.9385482083319647
6557,6557,-0.024237681420761756,-1.2044055567244711
6558,6558,-0.014805516452500361,-0.9493424614248351
6559,6559,0.0035882449423081135,-0.9726037286466831
6560,6560,-0.015639507116263756,-1.0338040851621715
6561,6561,-0.032037747052473725,-0.6866935798395069
6562,6562,-0.013601696787780383,-1.0246640470273496
6563,6563,-0.017729190341773046,-1.1184812765512484
6564,6564,0.022454842907012065,-0.8944345235384425
6565,6565,-0.021459351230128633,-0.8759874188156779
6566,6566,0.012709942733649277,-0.7604632253289613
6567,6567,-0.009612987202635759,-0.8641965775183271
6568,6568,0.029880162151563923,-1.0014858042752057
6569,6569,0.007417213357483202,-0.7414611255972143
6570,6570,0.0007517393424193303,-0.881213988438333
6571,6571,-0.01195474080749525,-0.844488079178998
6572,6572,-0.0030719440743941437,-0.9580986945118581
6573,6573,0.01285927092284677,-0.9178147823251932
6574,6574,-0.025236410525792563,-0.9939349641236688
6575,6575,-0.029787755336331566,-0.8231446911394406
6576,6576,0.014893504688138041,-1.1707080324157557
6577,6577,0.030165179419630393,-0.7482709025452514
6578,6578,-0.01097666380460642,-0.9388020089948435
6579,6579,0.00986005420368432,-1.134917069079907
6580,6580,0.008884622484336857,-0.9162229482602657
6581,6581,-0.01780073494630134,-1.0332260861951037
6582,6582,0.017615516866845815,-0.7926807042612918
6583,6583,0.035019410304996945,-1.1844855890812673
6584,6584,-0.007285192500287668,-0.8452875715765898
6585,6585,0.008805897008719976,-0.9420562322176272
6586,6586,-0.004677659900630654,-1.0916165648832072
6587,6587,-0.014802411464265,-0.9262637505960456
6588,6588,0.02284785243486149,-0.7888687416166389
6589,6589,-0.01287654369464741,-1.1513832562211135
6590,6590,-0.018158205672435698,-0.9104270221382557
6591,6591,-0.02521525521573323,-0.8957681096829122
6592,6592,0.030698928343537928,-0.8266964940900109
6593,6593,0.027238668151995535,-1.039849650937312
6594,6594,-0.01196381770305107,-0.9296789595990168
6595,6595,-0.004719892754060914,-0.9915744433428041
6596,6596,-0.008688785187593029,-1.1791016424551435
6597,6597,-0.009619872554084113,-1.0937950980370652
6598,6598,-0.004586709111690627,-1.0779769582065661
6599,6599,-0.00010371164824278523,-0.9098096471136043
6600,6600,-0.04879580077042649,-1.0290929514629124
6601,6601,0.004665176172861635,-1.0106958519665086
6602,6602,0.01113140114156061,-1.04229520588547
6603,6603,0.0018270713842712602,-1.0710500846606206
6604,6604,-0.02712456808551771,-0.8526773703324113
6605,6605,-0.017495008499566422,-1.0403340473305958
6606,6606,0.012698032241214923,-1.1489304636693078
6607,6607,0.0069301057593002865,-0.8840061276931445
6608,6608,-0.0024711248970184113,-1.0041102496030423
6609,6609,0.019720715214310347,-0.842534692947767
6610,6610,0.03557813748744558,-1.0119656033318758
6611,6611,0.019056994493557994,-0.982331677389402
6612,6612,-0.008225166578569733,-0.9469596955355625
6613,6613,-0.0270502796463857,-1.1942117423871532
6614,6614,0.018578735657944476,-1.0256449772550014
6615,6615,-0.024123072399808678,-0.8838733535503418
6616,6616,-0.014947044769390502,-0.8444641984277634
6617,6617,0.04724886256543165,-1.0566446982361932
6618,6618,-0.011662597357873616,-0.92856036025837
6619,6619,9.153455341889827e-05,-0.9186785789845902
6620,6620,0.009110360398682515,-0.9180282737145781
6621,6621,-0.015797708632670465,-1.0532854462127041
6622,6622,-0.010428672245738381,-0.9611506979652571
6623,6623,-0.03957616187213417,-0.8234923751585141
6624,6624,-0.00312286181797667,-1.1050827664361433
6625,6625,-0.006097777652263464,-1.0265024525187463
6626,6626,-0.024833853636677283,-1.2046290260182162
6627,6627,0.018138079079611073,-1.068817489689313
6628,6628,0.0252220744242325,-0.9561103945410689
6629,6629,0.02158164614378789,-0.8985153827476475
6630,6630,0.03704384906386052,-1.1094620946169622
6631,6631,0.0023269867321735137,-0.8585438449520073
6632,6632,0.025206980906784734,-1.1718442044959154
6633,6633,0.00749916203062782,-0.9126060841962425
6634,6634,0.006372854218424331,-1.0914876736491859
6635,6635,-0.032386934135301956,-1.005036506845569
6636,6636,0.003072337273713855,-0.8791997957914308
6637,6637,-0.009191251166806018,-1.0511276005016645
6638,6638,0.010530375959294491,-1.1762908412024708
6639,6639,-0.018164004502275018,-0.8735432374352919
6640,6640,-0.008525933137085343,-1.2054088503720808
6641,6641,0.02174564568347441,-1.0302558617317323
6642,6642,-0.004748304401781499,-1.1217775420047285
6643,6643,0.006512292653855698,-0.9471659186087997
6644,6644,0.010064126177244795,-0.9644821375741924
6645,6645,-0.03660823720877771,-1.13264569109006
6646,6646,-0.00531665922400772,-1.0066615344702068
6647,6647,-0.03157038280111549,-1.2329608928429194
6648,6648,-0.008124979111306725,-0.9226985789609925
6649,6649,0.008971583558241458,-0.9392645045634527
6650,6650,-0.019740721285070706,-1.0286412880227758
6651,6651,-0.007680418229208008,-1.0945050901101645
6652,6652,-0.015450497484470596,-0.9821905526874893
6653,6653,0.013156509075388609,-0.808342777511224
6654,6654,-0.011444004072678295,-0.9703071003840805
6655,6655,-0.04496865962357941,-0.9959738561084053
6656,6656,-0.04139338566199212,-0.9313732735320004
6657,6657,0.028802672410676487,-1.0375652567913625
6658,6658,-0.05174288847527379,-1.0604803963324498
6659,6659,0.02233765133053786,-1.2239595208113079
6660,6660,0.017572596852611706,-0.8731060123458044
6661,6661,0.0029363576981848855,-1.1289250493243643
6662,6662,0.020159017673873958,-0.883823978450308
6663,6663,0.011408541523878272,-1.033716754373184
6664,6664,-0.02138954516079604,-0.7966188334894557
6665,6665,-0.03227816426528718,-0.9933159191384731
6666,6666,0.008763855405278048,-0.9424687341743658
6667,6667,-0.028662404012418215,-0.825455034651521
6668,6668,0.028514540170757066,-1.1310137690567128
6669,6669,-0.02978551554416829,-1.1457415559230397
6670,6670,-0.015480148531188703,-0.8463537800567188
6671,6671,-0.009051607465469395,-0.9703077994045409
6672,6672,0.003973325705547107,-0.9717471836755404
6673,6673,-0.02897337797647387,-1.159822977379274
6674,6674,-0.01316287227484099,-0.8953809775851806
6675,6675,-0.01637020517820491,-0.9432561565142301
6676,6676,-0.004604799926432951,-0.7543778489037959
6677,6677,-0.04422834738519549,-0.8175176977520354
6678,6678,-0.010999055860029937,-0.7781025761744004
6679,6679,-0.017070230810987068,-1.0563457968540921
6680,6680,-0.012467189085077567,-1.0730873519902664
6681,6681,-0.007321590366195702,-0.9490526110837835
6682,6682,0.0018887743983086215,-1.2128084416030909
6683,6683,-0.022612200232986032,-0.8685642679583667
6684,6684,-0.011510286132966369,-0.8956186184333395
6685,6685,0.00464242149217399,-0.9342922253655025
6686,6686,0.043350480373534374,-1.1692764484794298
6687,6687,-0.02309683563716554,-0.8614246736929316
6688,6688,-0.0001934267083513611,-0.9901839803799063
6689,6689,0.0022432166390662887,-1.105560111070825
6690,6690,0.014488664799197241,-0.9076367402335364
6691,6691,0.028514977660635866,-1.0224304919778855
6692,6692,0.01779900947514175,-1.0774161701807592
6693,6693,-0.023313223240732265,-1.0916690085181002
6694,6694,0.023284598978200396,-1.0049869253434103
6695,6695,-0.008153819194687884,-1.075291093650983
6696,6696,0.028335410281250684,-1.0389528644644992
6697,6697,-0.04328860859972493,-0.9947545045729161
6698,6698,-0.003857286637686745,-1.0629910576306056
6699,6699,-0.019694853636032197,-0.9188868653181126
6700,6700,-0.005835062668918933,-0.8941126306407354
6701,6701,0.02261734644651205,-0.9575925368872878
6702,6702,-0.007139272397899005,-0.8190265042476694
6703,6703,-0.0027145476580760775,-1.128456401786405
6704,6704,-0.03556826349342268,-1.1755725181331482
6705,6705,0.03493609276176324,-1.1775950537720274
6706,6706,0.003756953028916904,-1.0823714967774742
6707,6707,0.027515859434940615,-0.9183811989318769
6708,6708,0.006379919522945341,-0.7939564626258102
6709,6709,-0.0023249536589207975,-0.7948655836980805
6710,6710,-0.04327923022362412,-0.8932989078290157
6711,6711,-0.0018092929938114191,-0.8984984473698703
6712,6712,0.02891308530279493,-0.9401569287338626
6713,6713,0.001610655826935807,-0.9302952183463323
6714,6714,0.002645596474226207,-1.0617529099085208
6715,6715,0.09301593712832075,-0.8716089185996744
6716,6716,0.011937152735458728,-0.9338605165606244
6717,6717,-0.009623201166167453,-0.975683222235559
6718,6718,-0.0007070921160283947,-1.0908830342325313
6719,6719,0.015530680450561843,-0.8910798004135425
6720,6720,-0.014120692767142912,-0.9596006251568137
6721,6721,-0.004733539932373951,-1.0206356338650746
6722,6722,0.005553046269083928,-0.8727746845260478
6723,6723,0.02451411082814592,-1.0549150560086777
6724,6724,-0.015059690223109212,-1.0141954470119106
6725,6725,0.048388402929254164,-0.9137256037684457
6726,6726,0.009676746947978206,-0.9392727789564526
6727,6727,-0.002555471369224592,-0.9359981846722325
6728,6728,-0.0037887326283635725,-1.1480414879343301
6729,6729,-0.014352325155688114,-1.0464180567503516
6730,6730,-0.020395253157764012,-0.9510027267703941
6731,6731,0.01825248032879402,-0.9087781551425533
6732,6732,-0.0025697961118656826,-0.9374494305809399
6733,6733,0.01643459628139104,-1.0375191029075843
6734,6734,-0.023534565433595056,-0.8487631523013475
6735,6735,-0.006005083189965364,-0.8345186722869181
6736,6736,0.01057177340301204,-1.0323184827240566
6737,6737,-0.013103568833423144,-0.9676833138971797
6738,6738,-0.0003011054458714503,-1.0251190730767266
6739,6739,-0.010849939784905893,-0.9179464165648028
6740,6740,0.021865677635221327,-0.8772331685665119
6741,6741,-0.0012507214829718186,-1.0448878342181107
6742,6742,0.01601903047374894,-0.910850342433409
6743,6743,0.02104669854026278,-1.0203837849375008
6744,6744,-0.02394189072150696,-0.9079233311468625
6745,6745,0.009804292425676184,-0.6989067626196264
6746,6746,-0.008796210153977024,-1.056616838046395
6747,6747,-0.031900553668192944,-1.0497886599397457
6748,6748,0.011401104574121877,-1.165311394547712
6749,6749,0.0014893464468420103,-0.9290937624035233
6750,6750,-0.013262004473561899,-0.9857207900513177
6751,6751,-0.0022824065264480387,-1.0969228936802362
6752,6752,0.023284650440008547,-1.1576844182868797
6753,6753,-0.023555756997103994,-0.9493825592897233
6754,6754,-0.012103752794178097,-1.0611161547694627
6755,6755,0.014940138706613447,-1.2010167495942061
6756,6756,-0.02539904180012175,-0.9798619800750861
6757,6757,0.04539353931102594,-1.2138208857127817
6758,6758,0.025440093552599213,-0.8761328526331378
6759,6759,-0.0018101323249366391,-0.7520931108462624
6760,6760,-0.010049548607077685,-1.0565610844292075
6761,6761,-0.017690140779436613,-0.6945673712456882
6762,6762,-0.020952028004540962,-0.821280572465715
6763,6763,-0.00939520439311406,-1.0819849083474278
6764,6764,0.015886457485495428,-0.8800388356905419
6765,6765,-0.014381717428806205,-1.0905574312589719
6766,6766,-0.00029292576384836594,-0.9937963167524964
6767,6767,0.004600057434836071,-1.0618134968394468
6768,6768,-0.01785012443549383,-0.9608066431583013
6769,6769,0.005367658359020901,-1.192607734828907
6770,6770,-0.022661634715777187,-0.9694391451617769
6771,6771,0.04266901050468639,-0.8294695166221011
6772,6772,0.01737732964183927,-1.0452020499569246
6773,6773,0.007078071580271253,-0.946857136632864
6774,6774,-0.05059013717147429,-0.8830212434394964
6775,6775,0.017638918192094594,-1.1545498031899855
6776,6776,0.017057995836761902,-1.1841532214273796
6777,6777,0.016801471184121536,-0.9652898068285763
6778,6778,-0.01614200369112119,-0.9651244862745834
6779,6779,-9.000122034730218e-05,-0.8493329954343315
6780,6780,-0.005426339275280911,-0.9179475486570466
6781,6781,0.023075533959099226,-0.8986853694182957
6782,6782,-0.006236725345062137,-1.0433573246774321
6783,6783,0.005186043522303271,-0.9999467903689535
6784,6784,-0.04457490521488565,-0.8841586772530343
6785,6785,0.010290949645602919,-0.9369417610100517
6786,6786,-0.040592437780944984,-0.8197910759046609
6787,6787,0.0008903905771533022,-1.0824741719090176
6788,6788,-0.03639755354401916,-1.0617796178036651
6789,6789,-0.0028026175595510378,-0.9604801511258781
6790,6790,-0.0031744722400948895,-0.873371704736725
6791,6791,0.009943870382900705,-1.1528963723590222
6792,6792,0.00031289324789299244,-0.9790821701869663
6793,6793,0.041665624162394596,-1.060774380240077
6794,6794,0.0047791607407977575,-1.1715850209158645
6795,6795,-0.01757312233069494,-0.8526355706213314
6796,6796,0.03441416480607917,-0.873131402797454
6797,6797,-0.0008072254790969513,-0.9886037341618673
6798,6798,0.00045885827806430024,-1.0204654781735039
6799,6799,-0.008554184364123536,-1.0177157980602554
6800,6800,-0.007495013737958779,-1.003839545215873
6801,6801,-0.03999917976828933,-1.039155627350476
6802,6802,0.010813750244034914,-1.025268395067415
6803,6803,-0.001918058114961603,-1.0440416843720992
6804,6804,-0.004598832095735653,-1.0372648728708491
6805,6805,0.025922443803220493,-0.9453576251401781
6806,6806,0.005821767646254694,-1.1183356675681102
6807,6807,-0.029428711652942065,-0.9851859851461297
6808,6808,-0.009603084060375855,-0.9570667676975517
6809,6809,0.008550953892408786,-1.177386538586358
6810,6810,-0.004909383078351939,-1.0256049814021997
6811,6811,-0.017538907561345483,-0.9043652076897649
6812,6812,-0.0165993911507264,-1.0446735886676817
6813,6813,-0.03575130084284714,-0.8881952285341881
6814,6814,-0.019952838991583847,-1.0370869741037168
6815,6815,0.030345307284936528,-0.8766498255998005
6816,6816,-0.017529461478764975,-1.0513407842945797
6817,6817,0.004268331988895549,-1.034633375456135
6818,6818,0.02293578502943055,-0.8600795397064971
6819,6819,0.022928132021439097,-0.7944371729672064
6820,6820,-0.006938367863759523,-1.00947604213689
6821,6821,0.02109679153642796,-1.16043590137307
6822,6822,-0.0195738444071286,-1.0067823010250603
6823,6823,-0.011686593482137703,-1.250181075110675
6824,6824,-0.0027636706779228526,-1.1026455987480275
6825,6825,0.020366677805642695,-0.905684204907633
6826,6826,0.004146468991763509,-1.0474153898528287
6827,6827,0.045771649868369894,-0.9949943020724125
6828,6828,0.01498135032320548,-1.080421887130722
6829,6829,-0.010524441195419227,-1.1210631114907954
6830,6830,0.00021829614026109417,-0.8947697953317867
6831,6831,0.01648781307090435,-0.9488140703431172
6832,6832,-0.02748069473838699,-0.7944324351492801
6833,6833,0.03391047378554712,-1.0132152595085493
6834,6834,-0.016986576496610492,-0.9206066084544728
6835,6835,-0.0015070484185621957,-0.9679813958626827
6836,6836,-0.029907532624730754,-0.8519372699504877
6837,6837,-0.02950018143420395,-0.9669930072193822
6838,6838,-0.0028254282499907413,-0.9922476818665439
6839,6839,0.02242798762960146,-1.0277170951979149
6840,6840,0.014244582648808748,-1.0325522300421068
6841,6841,-0.01845009731285014,-1.095957766901936
6842,6842,0.01967962841116149,-1.1068630305837193
6843,6843,0.011106615601720507,-1.0461645136083901
6844,6844,0.002474442032907191,-0.8865668827330212
6845,6845,-0.0015284951296769267,-0.9346602140005456
6846,6846,0.035040205993019484,-0.7277675815373641
6847,6847,-0.00047685601460803473,-0.9392641919039172
6848,6848,-0.017598139198944485,-1.0821877460519667
6849,6849,-0.056338869377489983,-0.9341898397940442
6850,6850,0.029953831133588654,-1.0634335953206002
6851,6851,-0.025840091875743543,-0.8750271396789886
6852,6852,-0.03358602768505731,-1.036229609717821
6853,6853,0.01245623005304164,-0.945526009315327
6854,6854,0.01800929025422947,-0.9558670088185793
6855,6855,0.013179007914361848,-1.1452543906637602
6856,6856,-0.03899212038866068,-0.9416405938738635
6857,6857,0.031526974609078454,-0.8731015729404399
6858,6858,0.011410533135830875,-1.0279639782028889
6859,6859,-0.02977362784661811,-0.7954440759954824
6860,6860,-0.01855745419157234,-0.9868509135274601
6861,6861,0.04373071780166833,-1.0886755960878383
6862,6862,0.006077883817517428,-1.1184816842368606
6863,6863,0.014733476238862337,-1.1335150760217818
6864,6864,-0.027532374541528414,-1.0598708301917807
6865,6865,-0.01563925965031606,-1.0558298649856626
6866,6866,-0.007034607174024737,-0.9762088164664
6867,6867,0.012789186070835012,-1.0039571589978644
6868,6868,0.013986575870644752,-1.0128734297587756
6869,6869,0.013762138487650157,-1.1648289158584229
6870,6870,-0.013763715646531074,-0.8865735913388276
6871,6871,-0.059859938629153495,-0.8649182269028627
6872,6872,0.042170745429819384,-0.8412152895759025
6873,6873,0.0106917043915708,-1.2384238381678372
6874,6874,-0.014118621905893664,-1.126018099855108
6875,6875,0.02043813516202536,-1.3136850746815492
6876,6876,-0.017492583145153836,-0.9828466429608171
6877,6877,-0.006921313060780865,-0.7866233474353393
6878,6878,0.011802186803769849,-0.8931752124426738
6879,6879,-0.02859913481914325,-0.8445959396474962
6880,6880,0.04183901216027138,-0.8889410532643962
6881,6881,-0.024684064113581615,-0.9747335554896163
6882,6882,0.026235851428074247,-1.2105530238191635
6883,6883,-0.008119938240757067,-1.0561859573273216
6884,6884,-0.003166120301219752,-1.056089377259626
6885,6885,-0.026747403268681663,-0.906911432119681
6886,6886,0.028183369784139607,-1.0935914596612006
6887,6887,0.016892309903724825,-0.6782782818634594
6888,6888,-0.015428184402175454,-1.0313480093440823
6889,6889,-0.05460918649919697,-0.884411612552864
6890,6890,-0.013817106404160243,-1.0184582110512455
6891,6891,-0.011522511816252155,-1.0891775053687358
6892,6892,0.0011400785082343254,-0.7818432196446097
6893,6893,0.027992892405169306,-0.9657588703873695
6894,6894,0.0015214772441453583,-1.1084717179247152
6895,6895,-0.006308155591869723,-0.8744565508256072
6896,6896,0.004579751025041698,-0.8089445814096498
6897,6897,-0.014488100623148148,-0.8106197103398172
6898,6898,-0.019066411350035044,-0.9829353851106923
6899,6899,-0.0004178564313951916,-1.1462683922091188
6900,6900,0.007900505423196747,-0.9589449052805845
6901,6901,-0.0496807955518222,-0.8018543600678325
6902,6902,-0.01640580724658508,-0.9358878551063173
6903,6903,0.011034841540727293,-0.9747520802706497
6904,6904,0.03683912291869528,-0.9974250357227333
6905,6905,-0.009169343882725542,-1.140723015544728
6906,6906,0.01937639850541913,-0.5941637504824161
6907,6907,-0.001958812055608758,-1.0065922583160145
6908,6908,0.0032235962889697323,-0.7429607116812464
6909,6909,-0.053054465832729075,-0.7193179515272754
6910,6910,-0.021107789112773223,-0.9784955995285677
6911,6911,0.008199365817609737,-1.1517689557478805
6912,6912,0.003095690132812162,-0.954485514772353
6913,6913,0.02443252132322992,-1.1232195544741448
6914,6914,-0.0017645883530425788,-0.9752809245621064
6915,6915,-0.011272500813538673,-0.8892523909333324
6916,6916,0.027731981968004263,-0.9532087461274242
6917,6917,-0.01654322631663374,-1.042252590523005
6918,6918,-0.001147280127988523,-1.0597878981751738
6919,6919,-0.017879379699587014,-0.8722874561049796
6920,6920,-0.019587935362221927,-0.9174494110436332
6921,6921,-0.012018815600598712,-0.7597029177235581
6922,6922,-0.007878559391755045,-1.165538216488119
6923,6923,-0.021515278507449203,-0.9452915533636733
6924,6924,0.03762671549105929,-1.0983678493881381
6925,6925,0.0038289136527885903,-1.1537726916105349
6926,6926,0.020869413662591915,-1.1851265687015056
6927,6927,0.004281121525092829,-0.7355806426016693
6928,6928,0.029934410959793295,-0.8585316648868493
6929,6929,0.011688264232162904,-1.1095434116631244
6930,6930,-0.05191397249412831,-0.9313197698644041
6931,6931,-0.0002760737485058007,-0.9358279328248187
6932,6932,0.030967985612885055,-0.8758912760105475
6933,6933,-0.010468998532819268,-1.0351690752178118
6934,6934,-0.006497311026263683,-0.9149107239350102
6935,6935,0.019510130527408225,-1.2033707747424367
6936,6936,0.01897595247675022,-1.0496358146152354
6937,6937,-0.02597362908818352,-0.7615779247155503
6938,6938,0.007625797350073935,-0.9157037076288443
6939,6939,0.021049847337747063,-1.0402657035318192
6940,6940,-0.008297860639814664,-0.9485097550584093
6941,6941,0.03201224331126537,-0.8309796898540713
6942,6942,0.004014519114423742,-0.8846308561212903
6943,6943,-0.01898280115297893,-1.0124851368451222
6944,6944,0.002726660171530712,-0.938943324145299
6945,6945,-0.022063317476534228,-0.9472604613085134
6946,6946,-0.017950676656094317,-1.120312323528652
6947,6947,0.03758581498135019,-0.8874928744177659
6948,6948,-0.005607999320722371,-0.9237679630792316
6949,6949,0.007623001951809524,-1.055744960857239
6950,6950,0.08650896396702602,-1.1281062385202532
6951,6951,0.004502907552852396,-1.0408140775426726
6952,6952,-0.0006222705011702523,-0.8108474761383612
6953,6953,-0.002940331088420997,-1.1467781616029944
6954,6954,-8.506047476553036e-05,-0.9737071660065298
6955,6955,-0.03705990807777976,-0.8996103727673272
6956,6956,0.006123150939740217,-0.948278844017093
6957,6957,-0.023201010660191396,-1.0529093208689597
6958,6958,-0.030247182330176876,-0.9379180609276079
6959,6959,-0.013608767209002018,-1.0495338042425908
6960,6960,0.008917024155665133,-1.2085487725469997
6961,6961,-0.007231985040071304,-1.1818145243805716
6962,6962,0.00766054475319472,-0.9381915912698846
6963,6963,-0.02259111385932817,-1.0937855776878216
6964,6964,0.02801012462663414,-0.9216863856835024
6965,6965,0.005918513896984015,-1.0489722577730105
6966,6966,-0.007800444944947346,-0.7937216517735594
6967,6967,0.038531115206298434,-1.0999413932176276
6968,6968,0.014366796955041672,-1.0607929577191915
6969,6969,-0.00786388944688659,-0.8985963786840763
6970,6970,-0.012861927111573844,-0.9565030347620775
6971,6971,-0.046224793901782066,-0.669735892463962
6972,6972,-0.03929887912828465,-0.8543083778424946
6973,6973,-0.0012106729353562884,-1.0105224438507485
6974,6974,0.009588833526973928,-1.0183631977582959
6975,6975,0.01728318315802589,-1.2586180232662632
6976,6976,-0.03951964708743387,-0.8161668326529509
6977,6977,-0.007624520608597252,-1.063208456938326
6978,6978,-0.031734425199371474,-1.0047126878047368
6979,6979,0.015901300845518176,-0.8917607722033496
6980,6980,-0.027605520255009917,-0.8181472854497406
6981,6981,-0.038798325051647944,-0.9636642361175866
6982,6982,0.017278840166283876,-1.3626085064305518
6983,6983,-0.007056879325070042,-1.0554797192247394
6984,6984,0.010321688974103349,-1.1622569374319396
6985,6985,-0.03169815441829442,-1.003151997602329
6986,6986,-0.0054887471287969475,-0.9966839081257539
6987,6987,-0.02554827093265133,-0.8475986307998619
6988,6988,0.018175911344558232,-0.7756605767956917
6989,6989,0.00980380958665368,-0.7661084716648494
6990,6990,-0.01923916285378066,-1.1098812524578465
6991,6991,-0.007977954184537159,-1.0211509678006145
6992,6992,-0.003928738612033878,-1.0256402322400286
6993,6993,-0.022876958029801484,-0.9586745709440062
6994,6994,-0.0032868494733749865,-1.1027119700037642
6995,6995,0.008606479805785664,-1.015405121880188
6996,6996,-0.037154450888747456,-0.8617506612249557
6997,6997,0.020868109115680992,-0.9288547191355137
6998,6998,-0.00936133230351128,-1.058286878058472
6999,6999,-0.0004014637880231514,-0.9336758270500293
7000,7000,0.008480568403847769,-1.0283660045843048
7001,7001,0.0035054151016404877,-0.959518569411339
7002,7002,0.00837641653443498,-0.945995214549016
7003,7003,0.010322150835016447,-0.8045430735280826
7004,7004,0.007147949069624446,-1.0947553659339313
7005,7005,0.021796199990557052,-1.1892391200958916
7006,7006,0.01733362609718948,-0.8863509356304086
7007,7007,0.03317791761658271,-1.0065617620373721
7008,7008,0.03565530500080745,-0.7851105936326379
7009,7009,-0.011458259363707812,-0.868678712334424
7010,7010,0.050627465596578346,-0.9431014797422195
7011,7011,0.00684470948243375,-1.0603707344383604
7012,7012,-0.006361508858821613,-0.9486404079736371
7013,7013,0.0037278389266348494,-1.388191993317097
7014,7014,-0.014353158289614296,-0.8824489714206643
7015,7015,0.020349547467827273,-0.7945297411269878
7016,7016,0.02271510416299427,-1.0164215196421171
7017,7017,-0.04612013400652408,-0.7552758704602226
7018,7018,-0.009213598197341452,-1.1004813658377668
7019,7019,-0.0032875566728640324,-0.7588636121470311
7020,7020,-0.008337362441556688,-0.8536174776680338
7021,7021,0.030726299726084223,-0.9739629538882733
7022,7022,-0.02257749563597556,-0.9922413986754791
7023,7023,-0.008542668279261478,-0.9757599978783568
7024,7024,-0.005987228168272287,-1.0941044086198333
7025,7025,-0.014225101818001573,-0.7997328539738049
7026,7026,0.006293398964927338,-1.1832661386225785
7027,7027,0.005253866881823693,-0.9332682673852979
7028,7028,-0.0011602189177010679,-1.1112368579507694
7029,7029,0.01140540252504756,-0.9473114945862082
7030,7030,0.013754644461218546,-1.0408065729055207
7031,7031,0.044580028330035354,-0.9178617665956699
7032,7032,0.0018759935893417762,-0.9979995809670684
7033,7033,0.02074271932382627,-0.9290439820527573
7034,7034,0.0007262187469411034,-0.7470971658319597
7035,7035,-0.0033547539196101955,-1.0221874011061978
7036,7036,-0.014104676444446546,-1.0051412492434895
7037,7037,-0.0628797108671193,-0.7190196064241613
7038,7038,-0.00923064176631691,-0.7792460904972716
7039,7039,-0.006691765149169505,-0.887587680937775
7040,7040,-0.05550425934951693,-1.0095624650110202
7041,7041,0.004905955958407055,-0.844030081356989
7042,7042,-0.032179890365782074,-0.9585279262641923
7043,7043,0.028688954065453576,-1.10599198396518
7044,7044,0.031385938716170965,-0.8574262630154279
7045,7045,0.06613070477131641,-0.9526650300420239
7046,7046,0.020704256230581503,-1.134997084173472
7047,7047,0.015474789984418542,-0.9251401222210066
7048,7048,0.020556030263205377,-0.8257642864086734
7049,7049,0.0032630229505342806,-1.0846717164815043
7050,7050,-0.040491275584894626,-0.9675401556292496
7051,7051,0.026192431451182066,-1.3216217023364893
7052,7052,0.028250080497138945,-0.8076254420052865
7053,7053,-0.005173324936247177,-0.8157430713281688
7054,7054,-0.03067520459069012,-0.8704175756600003
7055,7055,-0.0020444848213007406,-0.9355671392473748
7056,7056,2.4928970981261123e-05,-0.9506397927343739
7057,7057,-0.001095375385799624,-0.9612295220209534
7058,7058,-0.007737779873766917,-0.9013477518849504
7059,7059,-0.013838249794474108,-0.8164155065604262
7060,7060,0.025587402623961655,-1.0789936324927492
7061,7061,-0.01229321783893672,-1.2053427738377516
7062,7062,0.006683129555499968,-1.1499217173644494
7063,7063,-0.007910687355077148,-1.040098967375695
7064,7064,-0.001094971350975013,-0.9055755310796885
7065,7065,0.02617175129229128,-1.0434748025615705
7066,7066,-0.011361374298568358,-0.7691235358752619
7067,7067,-0.004015552326590469,-1.0380327636992956
7068,7068,-0.034517148782751736,-0.9850417989556451
7069,7069,0.016740955144547407,-0.9100679258178757
7070,7070,-0.019729732109915698,-0.7051123245309885
7071,7071,-0.003413319708360202,-0.9550057549626245
7072,7072,-0.013125593954524499,-0.67887820082847
7073,7073,0.00017984729661491006,-1.0694969813200044
7074,7074,0.001239182011634643,-1.1189908048289787
7075,7075,-0.021244057097858565,-0.9849639382134702
7076,7076,-0.015619265760994691,-0.9333076300831706
7077,7077,0.033173958139582876,-1.1651826140563195
7078,7078,0.036467711788491224,-1.0626309586392786
7079,7079,0.00720570219372129,-0.8818018836176241
7080,7080,0.029249017808525925,-1.028959259128204
7081,7081,0.08116259537282589,-0.879477833131319
7082,7082,0.027169588839550084,-1.0047862025065508
7083,7083,0.010034930529887562,-1.0883635994005854
7084,7084,0.013239018230618066,-1.0596103309706868
7085,7085,-0.010211664133540639,-0.9705948051110823
7086,7086,0.0030558569820414577,-0.8150110299518133
7087,7087,-0.00044791114930378684,-0.9327315554624306
7088,7088,-0.0016535396762144688,-0.7849088740936998
7089,7089,0.0074549487632695685,-0.9134746764205739
7090,7090,0.006864505215184358,-0.9996813604904904
7091,7091,0.00024327016941091267,-0.8849919112303031
7092,7092,-0.02594418630996207,-1.0491579345203341
7093,7093,-0.0053921624015468884,-1.0777231955153592
7094,7094,-0.009427843233503486,-1.0970095243876719
7095,7095,-0.017774606492136108,-1.0432797414681065
7096,7096,0.023121613429665996,-0.8919883155292544
7097,7097,0.019662485362157728,-0.9570673718288397
7098,7098,0.028988774013887927,-1.2061252960694038
7099,7099,0.02091995818160175,-1.057837896986024
7100,7100,0.008069642907406464,-1.0909992334729222
7101,7101,0.024808491301713323,-0.920588956645459
7102,7102,-0.04339951197037521,-0.8893764659813601
7103,7103,-0.0026808201474876545,-0.8737860042824024
7104,7104,0.020579102448603517,-0.80656963253984
7105,7105,-0.061087242033652685,-0.8217158886119713
7106,7106,-0.038124475821817286,-1.0233469624094604
7107,7107,0.0008010249468982655,-0.7996381244246518
7108,7108,0.029081325364818805,-1.0490950812684683
7109,7109,-0.00538381542656444,-1.1248288379745557
7110,7110,0.017725442828771865,-0.9257544182467828
7111,7111,-0.03547247343712851,-0.8955867282134143
7112,7112,-0.04813338926927267,-0.8720611505899913
7113,7113,0.0058742436557721045,-1.067198760955965
7114,7114,0.047946145313082236,-1.0030511312002552
7115,7115,-0.023941559475313436,-0.786394466193501
7116,7116,0.015573961975751727,-0.8638807827716259
7117,7117,-0.032448786564145196,-0.9128468869761295
7118,7118,-0.025352918773397494,-0.883867899770287
7119,7119,0.01939967671035568,-0.9386726024997671
7120,7120,-0.0176882600006562,-1.09581210495865
7121,7121,-0.029364394515606962,-0.8516546850517007
7122,7122,-0.010301285078155892,-0.707200828284467
7123,7123,0.010011479724544057,-1.0260747263055316
7124,7124,-0.02575396087558425,-0.9367491568100477
7125,7125,-0.002552273999690921,-0.9997491005313783
7126,7126,-0.0028149268638759523,-0.845813058975125
7127,7127,0.02352985258954187,-1.0089160701286388
7128,7128,0.010730616653594179,-1.2268163157151026
7129,7129,0.0024919484212658355,-1.1261463333396216
7130,7130,0.02489135011158415,-1.0961465974793183
7131,7131,0.0008676576635039263,-0.8257088098934238
7132,7132,-0.03720964092556856,-0.7722934305877145
7133,7133,-0.03859909005406956,-0.8537366395044073
7134,7134,0.025374250031210497,-1.076372583102363
7135,7135,-0.03776839292740138,-0.9549320589684658
7136,7136,0.016151173837887722,-0.9060072457758755
7137,7137,-0.004788332818865426,-1.045551123571858
7138,7138,0.027810193697467234,-1.0833341023961836
7139,7139,-0.02218486664800893,-0.9350595091000821
7140,7140,-0.035442647478961906,-1.0442963743173623
7141,7141,0.01303551906673435,-1.1356031564812623
7142,7142,-0.003268355708503201,-1.009105680475289
7143,7143,-0.01438136304349602,-1.0159584416995469
7144,7144,0.007726944500275806,-0.8695663302643788
7145,7145,0.033080987558158394,-1.1551355590226622
7146,7146,0.004458982869373351,-0.9463008996411765
7147,7147,-0.0057626722631851715,-1.0539825235150493
7148,7148,-0.024857754581629546,-0.8992289396398315
7149,7149,0.007540422318345938,-0.9896014141721737
7150,7150,-0.008571279331052409,-1.07471077675681
7151,7151,-0.012471562527089407,-0.6652595060183308
7152,7152,-0.0665691818086326,-0.9384080562175536
7153,7153,-0.01591897329495401,-0.9791575007998039
7154,7154,0.023402513957225795,-1.0462527555157402
7155,7155,0.016665730215289602,-0.8343136593668928
7156,7156,0.0058565443147396284,-0.9425614912346154
7157,7157,0.012257613912110832,-1.0418923713015098
7158,7158,-0.014005591241437835,-0.8373842931159543
7159,7159,-0.01909039520403713,-1.2839489995703393
7160,7160,-0.011836381517636593,-1.051262573980416
7161,7161,0.005459763375524972,-1.081312856494412
7162,7162,0.009684027565295196,-0.8050425300043711
7163,7163,0.0018751367756398019,-1.17603902466797
7164,7164,-0.036004048821688846,-0.9483854442357067
7165,7165,0.04405784412262045,-1.0281435353721102
7166,7166,-0.013893440652655825,-0.92172784539062
7167,7167,0.022957351055297077,-0.9484058650482842
7168,7168,-0.03963871484357577,-0.8226708294162017
7169,7169,0.0009518388374144676,-0.9102482512929921
7170,7170,-0.005899700920215301,-0.8362501494521392
7171,7171,-0.024119602524120296,-1.1059046325431474
7172,7172,-0.03254003436876427,-0.8199781489270698
7173,7173,-0.008720034412197795,-0.9301024864742649
7174,7174,-0.03564312368251099,-0.8610173210350308
7175,7175,0.02361633668240136,-1.0609181939152756
7176,7176,0.013464496529856776,-0.821111085221059
7177,7177,0.019852440427294414,-1.0495809799528686
7178,7178,-0.02980346197596534,-1.0488376937713815
7179,7179,-0.006708213360685972,-1.0301295424272305
7180,7180,-0.01572976543992886,-1.0564372340645685
7181,7181,-0.01288130731552032,-1.0772273306240419
7182,7182,-0.00944670930826328,-0.905581290112955
7183,7183,-0.0019305114865216244,-0.9231916948944172
7184,7184,-0.03742885840697241,-0.7196120475541624
7185,7185,0.024900135160458588,-1.0184379170117988
7186,7186,-0.04432765248350068,-0.7443907592487421
7187,7187,0.020692115867855715,-1.209883583961646
7188,7188,0.01903120417683955,-0.9625984836575711
7189,7189,0.02913080169919405,-0.8594999437355715
7190,7190,0.035230517736175374,-0.9420021974596202
7191,7191,-0.012502708842449695,-1.1555825647064966
7192,7192,0.04303836712193911,-0.9404878084213082
7193,7193,0.028738794784110358,-0.8696302865205378
7194,7194,0.0020679406359898995,-1.0774199832020313
7195,7195,0.0012406640186587528,-0.9875144899188231
7196,7196,0.00035889668929234633,-0.9753387844307834
7197,7197,-0.0011774439530227651,-1.0278242734646117
7198,7198,0.03145800430597022,-1.0509887404423035
7199,7199,0.00041900602114654933,-0.9136687175031474
7200,7200,0.022860335092641564,-1.1865823928220038
7201,7201,-0.025534608825797462,-0.7642511375483391
7202,7202,0.019144962917533627,-1.0381354426897094
7203,7203,-0.014202003832877189,-0.9561515680410161
7204,7204,-0.020506364110131473,-0.7988165575153088
7205,7205,0.016315023981807647,-1.145837805478704
7206,7206,0.0022784194751889753,-0.9893341574229323
7207,7207,-0.01906927824469727,-0.9908270640640916
7208,7208,0.023850787140285254,-1.0448986625899503
7209,7209,0.016454324316680393,-1.055109278507596
7210,7210,0.015038707913400666,-0.859612447345099
7211,7211,0.042361379558551196,-1.047211878162421
7212,7212,0.07430488335309104,-0.7143470651947097
7213,7213,-0.02076805536900936,-1.1323739520402276
7214,7214,0.0011139431585129832,-1.005637060404586
7215,7215,-0.009271189323270354,-1.0412860039873448
7216,7216,-0.006865215115471751,-1.0675368403234942
7217,7217,0.0284170363807644,-0.8566663062164511
7218,7218,-0.00408442215798431,-1.079890534243889
7219,7219,-0.046716339748150815,-1.2253726383213026
7220,7220,-0.01165033009110486,-0.9761309630934007
7221,7221,0.029059924148781613,-0.7445526069468954
7222,7222,0.0038548685485067374,-0.7912985430068227
7223,7223,-0.030174469497384837,-0.9302950083349124
7224,7224,-0.01286311995869992,-0.7842021709575854
7225,7225,-0.0028034231135670093,-0.9306492934260887
7226,7226,-0.01683440833570911,-1.0837161802353021
7227,7227,-0.004268295435202532,-1.0054665080763177
7228,7228,-0.0013708502934651895,-1.2032368548551526
7229,7229,-0.021603639819417046,-0.8913882627698113
7230,7230,-0.06099188843182662,-0.9449969180966521
7231,7231,-0.03096904427212596,-0.8490252749909403
7232,7232,0.01534423288388333,-0.894403485784697
7233,7233,0.03214360684557464,-1.2661937898864848
7234,7234,-0.004412609036843068,-1.109043217310134
7235,7235,-0.02154188212318267,-0.9027837989688933
7236,7236,-0.047390600783626384,-1.0557360142464762
7237,7237,0.0033034467290249826,-1.0576184369758768
7238,7238,0.016939565105552057,-0.9669537843516605
7239,7239,-0.04205955707909795,-0.8070878931855958
7240,7240,-0.05193988472176659,-0.8123199885027308
7241,7241,0.03007797852324442,-1.1103586269426478
7242,7242,0.002092592916971475,-1.1146061106635052
7243,7243,-0.0021534256623886305,-1.0911681503503634
7244,7244,0.0030104438100402864,-0.9548498662803049
7245,7245,0.007399498311675346,-1.059571893186911
7246,7246,0.03494567477783953,-0.8181620273889408
7247,7247,-0.035901153419976066,-0.9984184850225505
7248,7248,-0.002908486061305983,-0.8921954280847607
7249,7249,0.019223828042450063,-1.0201703155248396
7250,7250,-0.006290761116349741,-0.9294782460144586
7251,7251,0.0036066801730910564,-1.1285713776150552
7252,7252,0.009314909061421113,-0.9280090367493575
7253,7253,0.015448198005363893,-1.2539857278665787
7254,7254,-0.012938220616855775,-1.2113668791217038
7255,7255,0.0473604218283716,-1.1663123025070674
7256,7256,0.018118488403852717,-1.1071941450054357
7257,7257,-0.057007256940559206,-1.0179911606743421
7258,7258,0.013042549103062271,-0.9781584034289109
7259,7259,0.018579536777388203,-0.7777002594068868
7260,7260,0.0007422762314423306,-1.035189040133593
7261,7261,0.010419779678450147,-1.0027609288653687
7262,7262,0.0036776735844335634,-0.9648185406328397
7263,7263,-0.0001989736302911542,-1.2246130139135132
7264,7264,-0.020488746677214627,-1.1779843022586869
7265,7265,0.025104083620245368,-1.0633269606533173
7266,7266,-0.017756376609712077,-0.6625708579486569
7267,7267,-0.012359136722372535,-1.0851072044075278
7268,7268,0.02464203331105415,-1.1634669413214838
7269,7269,-0.006316585662485066,-1.0717055260868305
7270,7270,0.029153511627123485,-0.8254938256311352
7271,7271,0.0064063652668250315,-1.1143655313450958
7272,7272,0.006012564033319012,-0.915729089316538
7273,7273,0.03797885761548746,-1.0521580612980515
7274,7274,-3.4077538673769198e-06,-1.0226266581730656
7275,7275,-0.016605568348856875,-1.0155838077478088
7276,7276,-0.01054903516189263,-0.9237366737435508
7277,7277,-0.04273263309581736,-0.8985644930953751
7278,7278,0.02338388810474525,-0.8770100195454611
7279,7279,-0.04078866530272829,-0.8697384381503732
7280,7280,0.032301571652681396,-1.0333083956771005
7281,7281,0.021045684544748818,-1.0935359328128933
7282,7282,0.0016311904628276142,-0.939612815603058
7283,7283,0.0214524716648524,-0.9834372270211457
7284,7284,0.01896080827390323,-1.1095185504955443
7285,7285,-0.0026767600617353393,-1.000323003690592
7286,7286,0.01716040581381731,-0.9740475280866963
7287,7287,0.036823470721072685,-0.9531543963668356
7288,7288,-0.02818160636212806,-1.1599304089381501
7289,7289,0.005036296032383029,-1.018869510993245
7290,7290,-0.0012384726752405761,-1.1314019988960542
7291,7291,-0.012445250049476702,-1.0297316301720463
7292,7292,-0.0077346377219403226,-0.984995046928546
7293,7293,-0.0329092226096741,-1.060252888186753
7294,7294,0.021569235674983894,-0.9005075585883137
7295,7295,-0.031205696283159667,-1.114076670081313
7296,7296,0.03782311236794656,-1.1737160736745378
7297,7297,0.010358709468447386,-1.002541910819343
7298,7298,0.006698369160103343,-1.0248511140688823
7299,7299,0.020249229357773877,-1.2348205936864372
7300,7300,0.028226124946518674,-0.7341080710172805
7301,7301,0.02768914586310299,-1.0442675948250748
7302,7302,0.020196971435818965,-1.1768492597995335
7303,7303,-0.003779580941291834,-0.9841542652736359
7304,7304,-0.015671680129157844,-1.0107391083636759
7305,7305,0.020202979377882235,-1.1971004673429053
7306,7306,0.013281246118317089,-0.825410786322881
7307,7307,-0.005884362696639486,-0.9695381112096293
7308,7308,0.002598209698787857,-0.9217874481922693
7309,7309,0.006454412590705422,-1.0352613940859925
7310,7310,0.025837157312937467,-1.0679585633756885
7311,7311,-0.042116155964198626,-0.6496635912702579
7312,7312,0.002443499134518412,-1.2864340493538182
7313,7313,-0.016794215151941048,-0.8986427859656182
7314,7314,-0.00021786480464950492,-1.1504218433542421
7315,7315,-0.01400333926054572,-0.8473355308200038
7316,7316,-0.01920028552463909,-0.7311199580467989
7317,7317,-0.022318752106831114,-0.9910340033223871
7318,7318,-0.03154077598211637,-0.682547335548474
7319,7319,0.021911453974304204,-1.006048316620459
7320,7320,0.05091584265820491,-0.9961032057878694
7321,7321,-0.030312976877008155,-0.9833936515010393
7322,7322,-0.014598876572638544,-1.1313829491348244
7323,7323,0.01419021173794556,-0.7866734367815983
7324,7324,-0.017475741243298884,-0.9588737435668322
7325,7325,0.006667511869629994,-1.0384546989748644
7326,7326,-0.03848891296193816,-0.7433731595379598
7327,7327,-0.03651382670700641,-0.9163228025805772
7328,7328,0.04157260704541778,-0.8693937724550508
7329,7329,0.0032184282192464775,-1.139952996930599
7330,7330,0.027109683701641824,-1.115920500640389
7331,7331,0.015233901381951465,-0.9617073338422105
7332,7332,0.02703954417618734,-0.9138106319003254
7333,7333,0.019403725587626985,-1.2245141511872637
7334,7334,-0.02458091959410986,-1.0907932359553458
7335,7335,-0.0008167053315287776,-0.8312341383840898
7336,7336,-0.00045787048906341735,-1.1336399981890706
7337,7337,-0.03648788579904311,-1.034653143557926
7338,7338,0.03132844473361314,-1.0451169592226688
7339,7339,-0.025662645957147755,-0.9104165930394208
7340,7340,-0.00711367265568838,-0.8879982829709612
7341,7341,0.015227640702388082,-1.1001670039725093
7342,7342,-0.013031538025832241,-1.095042435967596
7343,7343,-0.05136475016341792,-0.76844290509988
7344,7344,0.009510162688473702,-1.151782711769286
7345,7345,-0.02510882637995187,-1.2575628264538894
7346,7346,0.039246512209928315,-0.9488926908492943
7347,7347,-0.02507221840656719,-1.0720224424844507
7348,7348,0.011497911650634754,-1.0342386963255255
7349,7349,0.006924744543585696,-0.8933812131640133
7350,7350,-0.020676416994476976,-1.092398271594195
7351,7351,-0.03354570686722867,-0.8317722983383165
7352,7352,0.03508727158510575,-1.047451022355693
7353,7353,-0.0643609919636379,-0.8387231080254693
7354,7354,0.01178333243326821,-1.0078263705503512
7355,7355,0.017709971967531657,-0.984430760248891
7356,7356,-0.013015273309971154,-1.187350226187481
7357,7357,-0.030545386633701155,-0.917649608780209
7358,7358,-0.004391312578979158,-1.2774659543340354
7359,7359,-0.000601753963005186,-0.9899382414208023
7360,7360,-0.018121763248551588,-0.9382178470126495
7361,7361,-0.01127686119624225,-0.7340224817878341
7362,7362,0.00029044843215871724,-1.2799129995388787
7363,7363,0.019106347391654732,-1.0913411519015874
7364,7364,0.006186974887183325,-1.2628540150414038
7365,7365,0.013978808613934118,-1.000677866657747
7366,7366,0.011598203813420045,-1.115810172012853
7367,7367,0.04080526727415962,-0.909935135969635
7368,7368,0.027532071571234672,-0.813065702408263
7369,7369,-0.02234094475674516,-0.7747474874964196
7370,7370,0.029310970202120243,-1.0175015693499005
7371,7371,0.019962979376854734,-1.0905527201677967
7372,7372,0.01833711501460368,-1.0568904341378738
7373,7373,0.024520135809312685,-0.9222231272372131
7374,7374,0.016550835410326648,-0.8436092428131082
7375,7375,-0.003256478218935304,-1.1348096061184378
7376,7376,0.0017554661969014923,-1.1240044790786239
7377,7377,-0.022114441574034013,-0.9868783769597986
7378,7378,0.04932683776950482,-0.8805083254363006
7379,7379,-0.002347639908681117,-1.084556156164205
7380,7380,-0.02221368159865507,-0.9709987499597315
7381,7381,-0.06211041491958771,-0.9497318172536453
7382,7382,-0.023682975121210134,-0.9849226374464654
7383,7383,0.019822888809260485,-1.066330592398433
7384,7384,-0.00962383875633123,-1.2788983682335713
7385,7385,-0.009747523364260241,-1.2721565173961893
7386,7386,-0.017134672023538133,-1.0629834461750547
7387,7387,0.009462122564114037,-1.0566811474480022
7388,7388,-0.025697380321330288,-0.8322715247522284
7389,7389,0.02971969185120446,-1.0058773353483823
7390,7390,-0.022311439441303486,-0.912077567004027
7391,7391,-0.014092268889835717,-0.9391701084374622
7392,7392,0.019567733648044178,-0.940487563444246
7393,7393,-0.005492822898108379,-0.8634142543219424
7394,7394,0.0003465246052348492,-1.088657532688541
7395,7395,0.010406655791232955,-0.9040961927701865
7396,7396,-0.006303407594413946,-0.9299966667162538
7397,7397,-0.0009032421754762432,-1.0726560309240982
7398,7398,0.04084762537349458,-1.0291890930131733
7399,7399,0.03147458105661645,-0.9879920064331572
7400,7400,0.014919018104871173,-1.084513815867801
7401,7401,0.04469992697905273,-1.183274809079126
7402,7402,-0.0127972927875597,-1.0633631159638937
7403,7403,-0.0009530134696901157,-0.9002201867940042
7404,7404,0.019628739387218142,-0.9577574248354864
7405,7405,-0.007739918571684115,-0.9816559786331298
7406,7406,0.019080212889027504,-1.0004153330310888
7407,7407,-0.02779033975931738,-0.8101231979978135
7408,7408,-0.009451245217555929,-1.0798727012305105
7409,7409,-0.02363960685342898,-0.9090945741281871
7410,7410,0.0028928418661884545,-0.8974266919597745
7411,7411,0.0024123134253706546,-1.366893511284961
7412,7412,-0.03503927296035594,-0.9225055082728558
7413,7413,0.024177992818611556,-0.9788242683685616
7414,7414,-0.03397937080192104,-0.9748943107449063
7415,7415,0.010300646570498097,-0.7123367598663418
7416,7416,-0.015698232295380116,-0.859152954059991
7417,7417,-0.009048221595064947,-1.0720883913857415
7418,7418,-0.038251513313806954,-0.9516305919442508
7419,7419,-0.029756917340236784,-1.0222450406761658
7420,7420,0.013299324635194624,-1.0617619776920129
7421,7421,-0.0300557847296433,-1.0889511205218276
7422,7422,-0.007575211626051842,-1.1394184657075368
7423,7423,-0.027708734430365096,-0.931097405878071
7424,7424,-0.021256207899786776,-0.9180531322782738
7425,7425,0.01092239678684663,-1.002295653070897
7426,7426,0.014484018655943946,-0.931094504461473
7427,7427,-0.031213685321745593,-1.0141294526149403
7428,7428,0.01659860299332974,-0.908238849116801
7429,7429,0.005504152197580773,-1.0185291336576012
7430,7430,0.04808000845737958,-1.1459804766616022
7431,7431,-0.015519189859325197,-0.840607493754808
7432,7432,0.02545588447571631,-0.874405911378841
7433,7433,-0.018385664103100417,-1.0673723004820737
7434,7434,-0.021994139709287472,-1.025085611391416
7435,7435,-0.007718311482768414,-0.9648112375703414
7436,7436,-0.04436256907106804,-0.7802624540734422
7437,7437,-0.06001165096188425,-0.795763197905393
7438,7438,0.04955398844259304,-1.0261195259532643
7439,7439,-0.035096214912625434,-1.0947988553393042
7440,7440,0.027288037364438397,-0.9759285056382563
7441,7441,-0.01047504018618571,-1.0431059340510058
7442,7442,-0.0197266397010478,-1.03462809495758
7443,7443,-0.037080893392214646,-0.963082141954139
7444,7444,-0.0157037474878669,-1.00109419343532
7445,7445,-0.027015521128110648,-0.9586407112543112
7446,7446,0.02961362068377884,-1.013728509351719
7447,7447,-0.01057975646226443,-1.0625355810468853
7448,7448,-0.012339861415438247,-1.095097988809544
7449,7449,-0.022070781385331792,-0.8459600350804731
7450,7450,0.007586327321660341,-1.035682866045404
7451,7451,-0.050336965019170066,-1.0223448616456718
7452,7452,-0.006624862832353362,-0.9644516072823277
7453,7453,0.035781380040772956,-0.880071450990073
7454,7454,-0.013988246745920682,-0.9111157815299337
7455,7455,-0.03479383797599884,-0.928829696589327
7456,7456,-0.0006764273425815814,-0.9526138923405004
7457,7457,-0.011677881809991963,-1.0139363451480952
7458,7458,-0.012437868184778409,-1.0344344732912432
7459,7459,-0.005798791178881879,-0.8671009396567414
7460,7460,-0.0010692739429002396,-1.0679321854714379
7461,7461,0.002892588968583243,-1.0477818851137766
7462,7462,0.010392906465688398,-1.0201922137449724
7463,7463,0.02671455383978885,-1.142618829576134
7464,7464,0.028008614497191456,-0.9583227554747378
7465,7465,0.015000379873944546,-1.018905387524584
7466,7466,-0.0266143856334687,-1.0806176216631265
7467,7467,0.007554871475484996,-0.9293939946077363
7468,7468,0.00030334667075711946,-1.1056281913090136
7469,7469,-0.02254687925524404,-1.0326251087237337
7470,7470,0.004279136231701043,-0.8516439930925062
7471,7471,-0.011683270329939606,-0.978427198292952
7472,7472,-0.026596002215612077,-1.02974668001523
7473,7473,-0.014835947874629274,-0.9634955383842193
7474,7474,-0.009433865871412792,-1.0410603973517847
7475,7475,0.022087415292743655,-1.0760050424477239
7476,7476,-0.020673652385496705,-0.8882626848166768
7477,7477,0.016054371475175716,-1.1013521339338193
7478,7478,0.004238758962008621,-0.8487839034632557
7479,7479,0.012649034039940811,-0.9146941721698838
7480,7480,0.03249054832661702,-0.8798244090152819
7481,7481,0.045222913648890875,-0.9740625806401412
7482,7482,-0.0004182198466989341,-1.1049480734969883
7483,7483,-0.005260041068674604,-0.877867703257702
7484,7484,0.011232065281555043,-0.8861588458790783
7485,7485,-0.02572826942055843,-0.9934325388286211
7486,7486,-0.008157720583767035,-0.9141122948125401
7487,7487,-0.01011109659847572,-1.2818790723675157
7488,7488,-0.02956355287329291,-0.9607230844591576
7489,7489,-0.026492604037742548,-0.876809593612062
7490,7490,-0.0029848407039197444,-1.0913629974449595
7491,7491,-0.0018929744945912486,-1.0354535761465573
7492,7492,0.01167456632017876,-0.8483040583056833
7493,7493,-0.01643897206515673,-0.8520649098312281
7494,7494,0.03796834355758161,-1.0078686219921678
7495,7495,-0.0161499481482582,-1.111605712777025
7496,7496,-0.03778910557537239,-1.109441718611797
7497,7497,0.016562563093115226,-0.950144362470615
7498,7498,0.014451711824240652,-1.1119197550622313
7499,7499,0.0022604347986624196,-1.054447654196281
7500,7500,-0.010970271247296652,-1.0182470667750876
7501,7501,-0.019095053935684503,-0.9474755650434596
7502,7502,-0.043909451118437165,-1.006301110850406
7503,7503,-0.03728761389851528,-1.0063613637988247
7504,7504,-0.0009436705415526939,-0.9459719402389359
7505,7505,-0.014418111518165064,-1.035919284704155
7506,7506,0.02303155130352291,-0.9940009970138571
7507,7507,-0.018086719848670454,-1.1233868458629472
7508,7508,0.006589706926053734,-1.0179396124725593
7509,7509,-0.01570055816061755,-0.9840334995620231
7510,7510,-0.029261771909749382,-0.7644936206056453
7511,7511,-0.005820223249683336,-0.851815827571023
7512,7512,0.02032091701197279,-1.0532501128523042
7513,7513,0.011958536839126246,-1.030226757412131
7514,7514,-0.0234268498764111,-0.8128003751835488
7515,7515,-0.014213599316626857,-0.8760346618389746
7516,7516,0.03284018532883952,-0.9218744410803169
7517,7517,-0.04177795306942462,-1.1141049722921281
7518,7518,-0.024002048995928643,-0.9995397905856476
7519,7519,0.043699714608784024,-1.231583912639108
7520,7520,0.02484956303696033,-0.9317468214880404
7521,7521,-0.0043664957079875,-1.0492994841635679
7522,7522,0.0052114967802724815,-1.1960214229597392
7523,7523,0.00433513986053535,-0.9122138907957911
7524,7524,0.0007157258487169478,-0.8285498117674677
7525,7525,-0.00351468586953671,-1.1514322441106413
7526,7526,-0.004627054737426459,-1.1078318677320929
7527,7527,-0.017503376099112608,-1.1715091121359538
7528,7528,0.013745456083417013,-1.0108144793035636
7529,7529,-0.01040911467931623,-0.9568744424087025
7530,7530,0.02902779691678168,-0.8562807691173446
7531,7531,-0.0251937557492899,-1.0292185900137225
7532,7532,-0.00035744032317279895,-1.104079586345333
7533,7533,-0.018115875976147333,-0.8782716013934486
7534,7534,-0.006315205583744689,-1.160631905464182
7535,7535,0.02555110850909366,-1.0757591504426716
7536,7536,-0.0034184463500144258,-0.9105128403333249
7537,7537,-0.01580827443007174,-1.0232661033781045
7538,7538,-0.040783654269012454,-0.9427282010526253
7539,7539,-0.002858030278609175,-0.7204868088755578
7540,7540,0.027443530501296082,-1.255647789649612
7541,7541,-0.022984361890710972,-0.7555808474939322
7542,7542,-0.008416171880127726,-0.7462924533398925
7543,7543,0.012953486306278995,-1.1429325345345012
7544,7544,0.003216509092480703,-1.1602663022149726
7545,7545,-0.0006812842284839235,-0.8728810673250204
7546,7546,-0.018525360330503282,-0.8027746691238726
7547,7547,-0.007104309029403108,-0.920391447630739
7548,7548,-0.017303763013235517,-0.9765192633296935
7549,7549,-0.0011360622107546015,-0.8705818356276417
7550,7550,-0.05622848244988732,-0.8146901394790621
7551,7551,0.013804283405134612,-1.2254927051467435
7552,7552,-0.04421487394404697,-0.969320899902561
7553,7553,-0.02380567707182142,-0.9822319294788197
7554,7554,-0.013711679993878187,-1.0009748186729188
7555,7555,-0.0206672918741247,-0.7385000164811072
7556,7556,0.006274057402053557,-1.156388651211163
7557,7557,0.020703204063417607,-1.1238623711130724
7558,7558,0.029036460281059787,-0.8885738372253768
7559,7559,0.053564843990823445,-1.0844377019894005
7560,7560,0.0013412515482972426,-0.7456776961509625
7561,7561,0.032913391728711064,-1.2543404962276639
7562,7562,-0.034494968360306744,-1.0949073267810387
7563,7563,-0.01892009169855107,-0.7736236701330088
7564,7564,-0.016768887336748542,-0.9202213518498245
7565,7565,0.0020577695877740665,-1.1443905318420442
7566,7566,-0.03065096605385694,-0.7436636825887959
7567,7567,-0.016979113740036827,-0.9810034145282266
7568,7568,-0.00812596305098788,-0.8816560303830246
7569,7569,0.0010247806429257988,-0.9088064014938273
7570,7570,0.026993737416423004,-0.9758506945687334
7571,7571,0.01853287685713323,-1.169073547773523
7572,7572,0.018344569308533846,-1.02975509547875
7573,7573,0.04535798138778396,-1.1754638773436115
7574,7574,-0.005404554006090044,-1.1883681948592655
7575,7575,0.035912498706567465,-1.07208229326258
7576,7576,-0.01795579412247464,-0.8856471031623964
7577,7577,0.004551116399391347,-1.2258218881470742
7578,7578,-0.004483571243205697,-0.9892782141450358
7579,7579,-0.01770196472287863,-1.016527876538989
7580,7580,0.030260319783032993,-1.213308390198536
7581,7581,-0.023056927169281392,-0.9476432276362309
7582,7582,0.048440522611738396,-0.8661189874971348
7583,7583,0.0628687270246836,-1.0297508470667052
7584,7584,0.015063052928457662,-1.0920825331851791
7585,7585,0.008460120986766103,-1.028566347495777
7586,7586,-0.0894755617300761,-0.7923450649026074
7587,7587,-0.025428821595920817,-0.9045577544387606
7588,7588,0.043126608974625946,-0.9620279239880724
7589,7589,0.014371902492041299,-1.065037482723036
7590,7590,0.05324563735755631,-0.9081314936646822
7591,7591,0.021455785786372028,-1.1388895370000234
7592,7592,0.007006202127993633,-1.1274580442769642
7593,7593,0.024352183672373694,-0.980563475893278
7594,7594,-0.05025332247565269,-1.011145970635912
7595,7595,-0.007502286833804689,-0.9192451801655183
7596,7596,-0.009440280484764014,-0.8967045495005975
7597,7597,0.02484657318466818,-1.1110287528446394
7598,7598,0.009321836263712961,-0.912076934611553
7599,7599,0.004729306537138288,-0.9893968154759555
7600,7600,-0.010997317389715641,-0.8680603651854789
7601,7601,0.008974188722777526,-0.8256662642169492
7602,7602,-0.007278571156737379,-0.7325385940649732
7603,7603,0.06368664232214268,-1.1186831798644823
7604,7604,0.01434827703590913,-1.0696253426202538
7605,7605,0.021446408996164484,-1.1213579330520047
7606,7606,0.005640413835794361,-0.9980354585540101
7607,7607,0.009659438195652948,-0.9518754188301649
7608,7608,0.0016979011231401386,-1.1073898519677798
7609,7609,0.053495595283544375,-1.126192590088983
7610,7610,0.02760500256671926,-0.9059182023655035
7611,7611,0.002212277626876657,-0.9533884067930259
7612,7612,-0.014581345306227686,-0.7132578037757609
7613,7613,-0.004980991082838532,-1.054279083609007
7614,7614,-0.00237596359692745,-0.8424633938667883
7615,7615,0.017964974812680265,-0.8398641517113803
7616,7616,-0.053644990275172305,-1.0925783854472
7617,7617,-0.007029634581861434,-1.196179700794318
7618,7618,0.02638033750546289,-1.0137790935234023
7619,7619,-0.03449894748615183,-1.038333946023501
7620,7620,0.012778633423481511,-1.2177663620264554
7621,7621,-0.03511724693220721,-0.7965959808692151
7622,7622,0.004223103942760237,-0.6048310517397961
7623,7623,0.005678571572958835,-1.0667107322181977
7624,7624,0.014243835216338239,-1.098145307174366
7625,7625,0.0027715049455495633,-1.2052187232106353
7626,7626,-0.01289853271899391,-1.010949419545863
7627,7627,0.007224530933854868,-1.182195085385653
7628,7628,-0.00831685620507902,-0.77675438883852
7629,7629,0.02457271322570759,-0.9780888898878881
7630,7630,-0.02380271296031359,-0.8413721434976263
7631,7631,-0.02770416196131919,-1.0345887640209672
7632,7632,0.030015705934598715,-0.9059374321657069
7633,7633,-0.038680172824464176,-0.9716182284883139
7634,7634,0.026288504815862673,-0.9982708412291598
7635,7635,-0.0014484626997004473,-0.8364985946525405
7636,7636,0.002701795032600804,-0.9666145176949629
7637,7637,0.0073983380673885435,-1.0491110831269892
7638,7638,0.009068537668337835,-0.9926947429071733
7639,7639,0.002301438543389059,-1.199426544976307
7640,7640,-0.0056561075186650905,-1.1026277162064677
7641,7641,0.014608407789800857,-1.0615531019622984
7642,7642,0.02191845422758333,-1.14816266586458
7643,7643,-0.028718409588721606,-0.8123173594066957
7644,7644,0.03543337988253917,-1.2111369851382319
7645,7645,-0.024358964358125124,-0.9896343319711141
7646,7646,0.0006634122942560938,-0.9633348614266249
7647,7647,-0.005497023563655449,-0.7603453242256766
7648,7648,-0.007772622166764526,-0.9006989118175365
7649,7649,0.01433476167728985,-1.078166775770607
7650,7650,-0.0009617442153723454,-1.0145675989687108
7651,7651,-0.026869136855009856,-0.8552117929619765
7652,7652,0.027713064027489714,-0.9707583285977583
7653,7653,0.008442875807077052,-0.9613971523636046
7654,7654,-0.004457437334365877,-0.6525929508005717
7655,7655,0.013951340384293931,-0.9057379566763559
7656,7656,-0.005451214433623428,-0.9627084946426553
7657,7657,-0.006446126418705067,-0.856420703150697
7658,7658,0.015648882377587825,-0.8765125001734637
7659,7659,-0.016051758125674817,-1.217866499196107
7660,7660,0.0060647741112354655,-1.0091681420190746
7661,7661,-0.004924946875951228,-1.0906469783560746
7662,7662,0.025318290445192917,-0.959986753117971
7663,7663,-0.02469881804128711,-0.931259697757986
7664,7664,-0.01385442441164354,-1.0766375360568758
7665,7665,-0.007517269039199553,-1.0997527374954232
7666,7666,0.012214203580508037,-0.9997707781246641
7667,7667,0.04728268419542804,-1.175442164961107
7668,7668,0.01799235036027324,-0.9162724802076883
7669,7669,-0.014154356370763864,-0.9923943507495411
7670,7670,-0.007315677184862378,-1.221421670883813
7671,7671,0.014088291838923545,-0.8883845863675655
7672,7672,-0.021775838720487356,-0.8391156746050166
7673,7673,-0.02426292992208199,-0.9354838243717166
7674,7674,-0.0008056315140391665,-0.6526290196295457
7675,7675,0.009430745181329192,-1.2626317784209782
7676,7676,0.018214987126745297,-0.9896078822112652
7677,7677,-0.01778400335087353,-1.1105351045599743
7678,7678,0.043372624700639725,-1.0000035476930738
7679,7679,-0.004104594843131283,-0.7390011334517274
7680,7680,0.0035943698041677324,-0.9507384879162011
7681,7681,-0.004488937253224856,-0.8627818835365182
7682,7682,-0.01815937862924965,-1.142898783158019
7683,7683,0.05167008905065043,-0.9595418175084427
7684,7684,-0.009866069599623578,-1.0764060390438563
7685,7685,-0.006957009088108014,-0.9067739469815831
7686,7686,-7.966260427629771e-05,-0.7658762972756346
7687,7687,-0.037690424034222875,-0.8309427179733178
7688,7688,0.01794236518791606,-1.103111230881956
7689,7689,0.028200324265554452,-1.0490041876449587
7690,7690,-0.017248826069106243,-0.7725281335240434
7691,7691,0.004612823906845476,-0.789112875266529
7692,7692,-0.024936574593344002,-1.1061620836176598
7693,7693,-0.009729748046868235,-1.0645601288730004
7694,7694,-0.04268579054169879,-0.7127054473260581
7695,7695,0.01835347978983629,-1.0331472361948681
7696,7696,0.004037400147292709,-1.094129094215566
7697,7697,-0.028754200361761822,-1.0909810901469008
7698,7698,-0.00964796337050791,-0.8327395814646764
7699,7699,-0.0003164826323773656,-0.9715607913064714
7700,7700,-0.03408824678089954,-0.9701629426405524
7701,7701,-0.0033182329512302725,-0.8250685950304678
7702,7702,-0.014343680009284569,-0.9449937335318794
7703,7703,0.030178769453248617,-0.8195050702590234
7704,7704,0.0312506836168651,-0.9510707882075053
7705,7705,-0.006895388896054774,-0.9713617183609758
7706,7706,0.008563649717082263,-1.2160614823554707
7707,7707,-0.0074601450502592564,-1.1453203840688744
7708,7708,-0.009430436961235633,-0.9521261186862205
7709,7709,0.008833266222336392,-0.8470534945959187
7710,7710,0.056377146463414754,-1.0740383200711976
7711,7711,0.03670925333429465,-1.214171846728927
7712,7712,-0.0035929781740163085,-0.8887242928392851
7713,7713,-0.020640426571138203,-0.9396907572747523
7714,7714,-0.03714515538890238,-0.9495307241380985
7715,7715,-0.0031482732433799343,-0.9052465929989564
7716,7716,0.01257370059217866,-1.0039929112437556
7717,7717,-0.025102040940746473,-1.018249107436021
7718,7718,0.021241417234425932,-1.1870978008170903
7719,7719,-0.009519555379973363,-1.027005829938417
7720,7720,-0.017673279821112844,-0.8792435048437878
7721,7721,0.009671024441097617,-1.1551773130199925
7722,7722,0.02108017128566146,-0.8942743215046083
7723,7723,-0.013047914037615807,-0.8770089323786967
7724,7724,-0.013392711503300792,-0.9517293833927063
7725,7725,-0.007373076413866069,-0.9812826650103249
7726,7726,-0.012859869588194649,-1.1398918888413707
7727,7727,0.02434714966253973,-1.1524661856608112
7728,7728,-0.0006731059503609638,-0.8340122996380697
7729,7729,0.016330122046831264,-0.9967464898028796
7730,7730,-0.017092340587775194,-0.921970496633572
7731,7731,-0.025123125919279912,-0.87584002567087
7732,7732,0.01150573247320874,-0.9677559958387053
7733,7733,0.012496632515330114,-1.082723326312209
7734,7734,-0.043659740996318454,-1.0861438255892513
7735,7735,-0.0466147599987848,-0.977573484092753
7736,7736,0.01098576949240511,-1.118882080941417
7737,7737,-0.00521074240666114,-1.0394344793488626
7738,7738,0.0010417442926651532,-1.0680250403415255
7739,7739,-0.03169215070068261,-1.210591700567829
7740,7740,-0.021640414315962267,-1.1597929302812469
7741,7741,0.022191339805535313,-0.9926026387538919
7742,7742,0.00938414261326373,-0.6634671999737762
7743,7743,0.016352650680475977,-1.2273075364925052
7744,7744,-0.022775422584708806,-0.9133200196115202
7745,7745,0.019045804015041252,-1.0547761369586242
7746,7746,0.023915835455323234,-0.9798119853282715
7747,7747,-0.007786295979664943,-0.950745969698291
7748,7748,-0.049661282410457114,-0.9917472993451778
7749,7749,0.02382810852636922,-1.035325448771912
7750,7750,0.012122402643626476,-1.0351483291237857
7751,7751,-0.00033710641342089495,-0.7408286358294562
7752,7752,-0.020051426759243443,-1.0473470480285725
7753,7753,-0.009560153686858407,-1.0914585652776363
7754,7754,0.016410121099891206,-0.9826539290713964
7755,7755,0.018180202505882287,-1.0407360942091612
7756,7756,-0.011248234112608724,-1.1637192374162166
7757,7757,0.005306557827516878,-1.0056209876146038
7758,7758,-0.025951418185407353,-1.0088892239029006
7759,7759,-0.005080219607506135,-1.0049873411954808
7760,7760,-0.04232979647488092,-1.048936188728076
7761,7761,-0.009274843409231882,-0.8068731698042964
7762,7762,-0.03551497696664856,-0.7357079456508657
7763,7763,-0.023374224961206874,-1.1429087494249712
7764,7764,-0.00046370868662695686,-1.0151997331510636
7765,7765,0.006578894075757555,-0.9590869254928831
7766,7766,0.02443494131733766,-0.9584483589983894
7767,7767,0.016826879121723225,-1.2044124312316526
7768,7768,-0.010910831308980642,-1.2115520474605905
7769,7769,-0.013204893076115548,-0.9577051949234872
7770,7770,0.03804185444380609,-1.0430689284520849
7771,7771,0.009610433312810874,-1.0328640377249294
7772,7772,0.027030567355388325,-1.1007981892633083
7773,7773,-0.01932780074408305,-1.257685814367532
7774,7774,0.009521952921207041,-1.0759421541729834
7775,7775,-0.048566664961974364,-0.8864638092035851
7776,7776,0.07835198790594422,-1.050758769508043
7777,7777,-0.021847539426098638,-0.9942741371662235
7778,7778,-0.02173079150864088,-0.8425021685135026
7779,7779,-0.0017772761237626817,-0.8689026287959326
7780,7780,0.01308330358469452,-1.2759698959916683
7781,7781,-0.008033418679076115,-1.0026562878522687
7782,7782,0.010248947606183025,-0.8943664262499251
7783,7783,0.006079236371042405,-0.9896744681843332
7784,7784,0.020560743011052842,-0.8599407537945417
7785,7785,0.005244053958158856,-1.1104996270604415
7786,7786,0.008724810149831785,-0.9836201947346217
7787,7787,-0.008057734091135978,-0.8851961525376731
7788,7788,-1.8578350020337364e-05,-0.9125636864376956
7789,7789,-0.02458415459950422,-1.2159236037885686
7790,7790,0.007542375009235047,-0.8519051547608794
7791,7791,-0.01858931455810873,-0.7316353314954231
7792,7792,-0.01679520808545122,-0.9996590229770375
7793,7793,-0.033486421754873555,-1.048348759769866
7794,7794,0.008762808448423157,-1.0851221342539243
7795,7795,0.01949558413288427,-1.2165713548164088
7796,7796,-0.009308803232122076,-0.9579984693558923
7797,7797,0.038366375762464634,-1.0940205531207257
7798,7798,-0.023821724162909584,-1.045223207776777
7799,7799,-0.029842272760905696,-0.8074229899461396
7800,7800,-0.017967064386837466,-1.030257576056553
7801,7801,-0.0232457472071304,-0.7606370995799594
7802,7802,0.006576380775517449,-0.9549915214545445
7803,7803,-0.027281885343156755,-0.9962516905011831
7804,7804,0.017196302879493128,-0.9316255922988582
7805,7805,0.025220487586728044,-0.9884395447250396
7806,7806,0.021077962549806085,-0.8682113250792606
7807,7807,0.00029804421892362654,-1.0722129080632368
7808,7808,-0.021053944855148637,-1.050007089492881
7809,7809,0.024774855374263292,-1.0026110829153587
7810,7810,0.00758265919232566,-1.072274799788848
7811,7811,-0.018390249105352002,-0.8683075951240768
7812,7812,0.004978114765531366,-0.8838883299122857
7813,7813,0.02256047309029109,-0.8729544469668823
7814,7814,-0.005746457332333393,-1.118584126846942
7815,7815,0.0033941841887038665,-1.1250879755857361
7816,7816,-0.0031236846220803194,-0.8949655285555146
7817,7817,0.012189659201321337,-1.1536987080932697
7818,7818,0.007788002673067701,-0.8091464321920809
7819,7819,-0.004566949239036756,-1.0718311938521852
7820,7820,0.0030630907909339755,-0.9483612211618843
7821,7821,0.005832935346151716,-0.9028633218629972
7822,7822,-0.05564085642395058,-0.8865540783458373
7823,7823,0.026339232452813926,-0.9554555125531858
7824,7824,-0.027417437083549635,-1.0740339060561848
7825,7825,0.010889434823493086,-1.0214704482030708
7826,7826,-0.001146976850022803,-0.9457068857985884
7827,7827,0.02112760278298717,-0.9887172663990819
7828,7828,-0.009967852748962183,-1.1061961859191072
7829,7829,0.03303047852294353,-0.9981642708746804
7830,7830,-0.0033721363173025154,-0.8739769301756751
7831,7831,0.007259357623687148,-1.1183836909395808
7832,7832,-0.008559291332572829,-1.0272010311691828
7833,7833,0.004232604869475735,-1.0127789186816023
7834,7834,0.0547842336930533,-1.1307059736552818
7835,7835,0.026291710477236545,-0.960986330358567
7836,7836,-0.0246199541819868,-0.9824062253996162
7837,7837,-0.020862073543660167,-1.0503786625188833
7838,7838,-0.006685550446115129,-0.7011784932474707
7839,7839,0.014127607961650579,-1.1104183106661103
7840,7840,0.02855033990727878,-1.05985398597363
7841,7841,0.006916898089490775,-1.091303983932986
7842,7842,0.006799419263937838,-1.0631261610902916
7843,7843,-0.01092982077422689,-1.0602108989607089
7844,7844,0.001017688457584237,-0.972389514168133
7845,7845,-0.004708361585397641,-0.9013090520247399
7846,7846,-0.01694688576089782,-0.8820179831595151
7847,7847,-0.0002630470476387009,-1.051800185477614
7848,7848,0.025514913933187416,-1.0809416155175375
7849,7849,-0.00581275002696819,-0.8153040545996874
7850,7850,-0.005991726947974802,-0.888174734824785
7851,7851,0.0411031703473336,-1.136420521196004
7852,7852,0.004703765636960511,-1.0888809724301352
7853,7853,-0.0014356127779589327,-0.8594475344684791
7854,7854,0.01083203656071989,-0.9612067992715595
7855,7855,0.0470934806457341,-0.9093884333974123
7856,7856,-0.017294825882251317,-0.953961588549148
7857,7857,0.00617302388031786,-1.0891815025379827
7858,7858,-0.038491054015672446,-0.9037853196262176
7859,7859,-0.03198708372273841,-0.8465904726748029
7860,7860,0.022224428102515112,-0.7881265826633934
7861,7861,-0.0009526615283221677,-1.0816290005445337
7862,7862,0.034339012932555965,-1.0460424171316454
7863,7863,-0.036894568172683675,-1.0399269825399586
7864,7864,-0.010627368350080248,-1.1399592601277495
7865,7865,-0.0447043266681375,-0.9885885820446108
7866,7866,-0.017318993624100613,-0.854747317242387
7867,7867,0.006364575762708227,-0.7670788226428645
7868,7868,0.005601507409820836,-1.087645910885625
7869,7869,0.02740479590483813,-0.9687717285573703
7870,7870,-0.01434448058360889,-0.9597892291119582
7871,7871,-0.011134971277106526,-0.9565777183826362
7872,7872,-0.041613501727637774,-1.0627174845561662
7873,7873,0.015428304876507232,-1.0166825785601061
7874,7874,-0.015259451954771457,-1.2104747263694569
7875,7875,-0.030833409301521217,-0.8633772221771633
7876,7876,0.0042637984870761425,-1.0740956625704439
7877,7877,-0.017424339460666308,-0.8011230158569116
7878,7878,0.03373127289769152,-1.0697415016828928
7879,7879,-0.023978071117502678,-0.9460261441975709
7880,7880,-0.012851344012219856,-0.8817584073591085
7881,7881,0.021774089574990718,-1.0837134161254742
7882,7882,-0.03385858428373103,-0.9018071253176669
7883,7883,0.04524046329821524,-0.8735758765187508
7884,7884,-0.047409406856638955,-0.9632574430299355
7885,7885,0.032226627723328106,-0.9204301122261298
7886,7886,0.015320830878692876,-1.1494880593049852
7887,7887,0.010218865408329926,-1.036707540823334
7888,7888,-0.006278394883874723,-0.8840465127689796
7889,7889,-0.018813102948625676,-0.9092895595834976
7890,7890,-0.01785714280916512,-0.9787689496875209
7891,7891,0.03428708348379728,-1.198800029949301
7892,7892,0.029737905058312787,-0.6645388598812572
7893,7893,0.02824482409776513,-1.0780813490728307
7894,7894,0.011882114386344539,-0.9316731800073238
7895,7895,0.0042607424567355084,-1.1994150447205394
7896,7896,-0.00016387519946677032,-1.088911555890294
7897,7897,0.040113125386315285,-0.9006963003042849
7898,7898,0.010317203616228413,-1.0090420724526654
7899,7899,-0.0018433812105136393,-0.9860121171257816
7900,7900,0.005045080644973568,-0.9309292813861197
7901,7901,-0.020110348475614697,-1.0558092598629756
7902,7902,-0.02961653715714921,-0.891570028494393
7903,7903,0.011138730196054124,-1.1693749442669539
7904,7904,0.004028507900843886,-1.1950899127748384
7905,7905,-0.006442946518073436,-1.0819769667875911
7906,7906,0.024584108200249324,-1.0236260569242457
7907,7907,0.015400207532994092,-1.2648085571913703
7908,7908,0.04236328358832046,-0.8084981708274926
7909,7909,-0.012066670378035745,-0.8627537586324887
7910,7910,-0.02009407180873707,-1.1031374856355352
7911,7911,0.022906430870937577,-0.8227052362328041
7912,7912,0.005076085857142643,-1.164137474323632
7913,7913,0.02121815536621735,-0.9155571502142908
7914,7914,-0.030329774501407718,-0.9879297939836867
7915,7915,-0.03827732698064662,-0.7268449924794528
7916,7916,0.009047520705442569,-1.0348405160429106
7917,7917,-0.02359154453358224,-1.1595061240872582
7918,7918,-0.009551045948993649,-0.9924465152193966
7919,7919,0.01768667973690416,-0.9501575391778206
7920,7920,-0.0026425722277923225,-1.0017346135599325
7921,7921,-0.003114982025742799,-0.8764505234977098
7922,7922,0.019061976682674245,-1.073829654401808
7923,7923,0.013022805768476798,-0.8998164043720935
7924,7924,0.003478519948133141,-1.0286332589750098
7925,7925,0.026814471390083347,-0.9535755445123644
7926,7926,-0.0014119183921656696,-0.9938883706324396
7927,7927,-0.004710829417910872,-0.863727603524059
7928,7928,-0.0006577437832791244,-1.1225392295410366
7929,7929,0.02793135574595656,-1.0273659456425115
7930,7930,0.014268019976915972,-0.9482840470911951
7931,7931,-0.023973868895855746,-0.9159261410980902
7932,7932,-0.04464098754489641,-0.9080019512294968
7933,7933,0.0075920077880745895,-1.1479459274969872
7934,7934,-0.010119582535255023,-0.9928175176912815
7935,7935,0.0026151340084434593,-0.9342028204380631
7936,7936,0.02075551321977541,-1.0224708714551602
7937,7937,-0.02123916645078832,-0.9406260028396802
7938,7938,0.001927592237992149,-1.0975733990913972
7939,7939,0.006881756954614682,-0.7820943214914853
7940,7940,-0.017359895817410292,-0.997669211203964
7941,7941,0.00144154954385875,-1.0480622593881463
7942,7942,-0.016907656619286365,-0.8595600533153271
7943,7943,0.011946691112313917,-0.8737108176730493
7944,7944,0.018733947840188475,-1.0959218610520083
7945,7945,0.03543466417747274,-0.7428697140583879
7946,7946,0.01686194576656433,-0.7893759637446669
7947,7947,0.015720035096230357,-0.9002206410457043
7948,7948,-0.020303466113577542,-0.9110625151273367
7949,7949,0.046476589193373476,-1.1676750141456609
7950,7950,0.03017645838796134,-1.2232925439016678
7951,7951,-0.011400936295271842,-0.8044954310142157
7952,7952,0.016790443657592892,-0.9889093850176948
7953,7953,0.0018456864140089096,-1.066267080811714
7954,7954,-0.029784187891895082,-0.6733609788845485
7955,7955,-0.026079685833621705,-1.1025313861464627
7956,7956,-0.002599555273786608,-1.010252981468898
7957,7957,0.012144865004914046,-1.0184611162461645
7958,7958,-0.016964175431669344,-0.9779596885076954
7959,7959,0.005783910909825579,-0.7485782846482937
7960,7960,-0.0004159420264743391,-0.8896983176965375
7961,7961,0.005381535282586773,-1.0225626942819255
7962,7962,0.005490031628045185,-1.1716674738200288
7963,7963,0.006738645944836044,-1.0041085972085133
7964,7964,-0.0458054327372287,-0.7739522569782957
7965,7965,0.0016267924078328527,-1.0244524517287903
7966,7966,0.00032723410992155366,-1.019900378564995
7967,7967,0.022835716673001147,-1.1621973080960535
7968,7968,0.009515341791911283,-0.8721079917981532
7969,7969,-0.01840309500024418,-0.9687205093104763
7970,7970,-0.011852339858324498,-1.033177589515903
7971,7971,0.021349412731320808,-0.7630273735278337
7972,7972,-0.00014039681006162985,-1.0788461687712823
7973,7973,0.05334963054173052,-0.6008980438597855
7974,7974,-0.0015337709326354032,-1.1491039592371708
7975,7975,-0.017119724490163107,-0.8789171716119197
7976,7976,0.017813422038641974,-1.1086797731017886
7977,7977,0.03549171953498867,-0.9579435085620783
7978,7978,-0.013653216573992436,-0.7851506993669832
7979,7979,0.02318252348606147,-1.0406850730614374
7980,7980,0.004459474988206008,-0.9594382032753593
7981,7981,8.305361929319965e-05,-0.8515264145761116
7982,7982,0.011663616635714339,-0.874932147448722
7983,7983,-0.03444346480637186,-0.9295550382226172
7984,7984,-0.014840602754723847,-0.8447687095235051
7985,7985,0.00088154455229765,-1.2773703796699643
7986,7986,-0.006852413183355194,-0.9254303539571418
7987,7987,-0.0015382982307638043,-1.0450531918550021
7988,7988,-0.01509746751663492,-0.9964636384237114
7989,7989,-0.02379209646696413,-0.988697692811556
7990,7990,0.012232005909912178,-1.0489752220092217
7991,7991,-9.690707566752804e-05,-0.8963544237197228
7992,7992,-0.03576347170427145,-0.714838647159798
7993,7993,0.02186216120198249,-1.0407906219518763
7994,7994,0.010272490060891953,-0.9314313364844256
7995,7995,-0.011119211732250958,-0.8460606000097239
7996,7996,0.004370165302569192,-0.8103328318987074
7997,7997,0.007938058799346018,-1.2267421238258418
7998,7998,0.011809915446943455,-1.0959817755501824
7999,7999,-0.02989687989486653,-0.8977167470907402
8000,8000,0.002158011535494518,-0.9644414009069674
8001,8001,0.007125070949528577,-0.9993987352323288
8002,8002,-0.031141581764683915,-0.7451825563649637
8003,8003,0.043510861966424126,-1.0114505230302104
8004,8004,-0.01959893968501196,-0.9738028720306341
8005,8005,-0.012134300256199798,-0.9313209290383608
8006,8006,0.011200956975588365,-1.0754953024649627
8007,8007,0.008119836033881278,-0.9458503345695204
8008,8008,-0.026684603384877527,-0.7401231063600386
8009,8009,-0.008529217693808433,-0.8495556893566815
8010,8010,-0.02107574557096159,-1.033105413770635
8011,8011,0.020760924828110955,-1.0415868405947328
8012,8012,-0.013762719290577458,-1.1610486395728277
8013,8013,0.04635734541441773,-1.1113796373381764
8014,8014,-0.0055654608917615565,-1.0127499543218785
8015,8015,0.006909320790117779,-1.1488946275509722
8016,8016,-0.011564220432561181,-0.7983390841266843
8017,8017,0.005382477168780861,-0.9604819665702573
8018,8018,0.0153950841399952,-0.8741198152363061
8019,8019,-0.01169458178060153,-1.0986509626738319
8020,8020,-0.01984298317526277,-0.8111739185968471
8021,8021,0.023298080132927952,-1.136843507813823
8022,8022,-0.018531619576506675,-0.7520241549556432
8023,8023,0.022986213349416695,-0.9080419542235448
8024,8024,0.037624893165148846,-0.8593308691248921
8025,8025,-0.03550758196268019,-0.9035589541195032
8026,8026,-0.007847618580552176,-0.8983358100667951
8027,8027,-0.02510581732242738,-1.2143505847023732
8028,8028,0.031043974852261715,-0.9400647517106222
8029,8029,0.002881779266195497,-0.8864532224401999
8030,8030,0.014942394299241726,-1.0257131245824929
8031,8031,0.018368531749920536,-1.0608678113292902
8032,8032,-0.021999916279809326,-0.9409514288378731
8033,8033,0.02229889658348988,-0.8682484615043184
8034,8034,-0.018646019677690084,-1.085880930832295
8035,8035,-0.02495506064370645,-0.9460926623823575
8036,8036,-0.0006119876607953781,-0.9568202271615129
8037,8037,0.02317780399638418,-0.9453030634166044
8038,8038,-0.03156332647611418,-1.415196115796768
8039,8039,0.02101379209919265,-1.225707326565509
8040,8040,0.0017340823369900032,-1.1816626044473204
8041,8041,0.004360855754874472,-1.096593084780038
8042,8042,0.05675060789865713,-0.9863850674573927
8043,8043,0.0021185146226476437,-0.9979926491887231
8044,8044,-0.0043788294939554745,-1.0154282358547662
8045,8045,-0.020438792795373216,-0.8623057395380392
8046,8046,0.011494949621904796,-0.8881682811099831
8047,8047,0.008791443645750636,-0.8707349105225204
8048,8048,-0.02737756289829836,-0.9059466438046112
8049,8049,0.0018089477619968042,-1.3220283581848375
8050,8050,-0.0029068026454825147,-1.0507964337128464
8051,8051,-0.000525152629298635,-0.8878861486487135
8052,8052,0.010652139192716098,-1.0431654867168012
8053,8053,-0.023731689143577712,-0.9987589513695689
8054,8054,-0.01282580101690214,-1.095469583930747
8055,8055,0.006848927289046812,-0.9971015052153187
8056,8056,0.000886226812247759,-0.9636101319276553
8057,8057,-0.002105351180909404,-1.1032367453105365
8058,8058,0.025447011240088982,-0.931230344586094
8059,8059,-0.02760578720979822,-0.9742029570845887
8060,8060,-0.04233307994998036,-1.089548709734451
8061,8061,0.03552726342348238,-0.9960286946707813
8062,8062,-0.004985987006684886,-0.983857808854843
8063,8063,0.004838676943777251,-1.0745067932325905
8064,8064,0.023667500071551294,-1.0090132989641676
8065,8065,0.04543680354975377,-0.9198476103989209
8066,8066,0.023606476425611464,-0.9243013482143231
8067,8067,-0.006585094585980354,-1.0921130433003075
8068,8068,-0.011909128337512426,-0.9270036930179917
8069,8069,0.010289959377542256,-1.0386140561549257
8070,8070,-0.04207662063136511,-1.0488701236824145
8071,8071,0.04670292991425041,-0.9820596109986278
8072,8072,0.009956413828005689,-1.2941017379515596
8073,8073,0.017814328577734052,-0.8553961551609641
8074,8074,-0.05081365096099628,-0.5832546747315127
8075,8075,-0.005839229427188786,-1.2245995766751288
8076,8076,0.04328821697601331,-1.0011685356076236
8077,8077,-0.020610285067259957,-0.7648575647126988
8078,8078,-0.03913340529236583,-0.8192730856228887
8079,8079,0.0049649022587191505,-0.884386320205346
8080,8080,-0.03105399855278667,-1.058651784276679
8081,8081,-0.022247098182526025,-0.9123318396861116
8082,8082,0.006137597183158344,-1.0589974237075122
8083,8083,0.03060526204789238,-1.0237084228927948
8084,8084,0.056707619428618426,-0.9183358128200493
8085,8085,0.027273706430092734,-1.013447637509752
8086,8086,-0.005245926296795128,-1.048427534397721
8087,8087,0.0063980187842157185,-0.9939567270129492
8088,8088,0.004134988905374365,-0.9424578807660686
8089,8089,0.003940541158033883,-1.0488019651081952
8090,8090,0.00474971905731356,-1.0278613987923821
8091,8091,0.034282491881706754,-1.1261660755398033
8092,8092,-0.0452484558125793,-0.9705606818694757
8093,8093,-0.02236082534016655,-0.8465718396568009
8094,8094,-0.0047531087727119,-0.9613833792707808
8095,8095,0.008843183031604598,-0.715194078368794
8096,8096,0.009530000016318832,-1.1191236225527987
8097,8097,0.003287920733269653,-0.9148405070019571
8098,8098,-0.019159188737136956,-0.80300475693453
8099,8099,0.0049112197234560395,-1.0278605156229341
8100,8100,0.023500081474851192,-0.8408731195628761
8101,8101,-0.02198265489106204,-0.9304887015177078
8102,8102,0.029123221186101056,-1.008984771409441
8103,8103,0.008082498330398646,-0.871344078961165
8104,8104,-0.032560000178873824,-0.8725699197587342
8105,8105,-0.01961258250611332,-0.755481156918619
8106,8106,-0.028541482798388473,-1.2054226933254855
8107,8107,-0.013059016291360796,-1.1469305822229203
8108,8108,0.008966234460380348,-0.9529744343881947
8109,8109,-0.03908810571484271,-0.9632267858117523
8110,8110,0.01085318991721479,-0.8630401010804338
8111,8111,-0.007076301370428223,-1.0908070790311077
8112,8112,0.02399646725528927,-1.133946387623679
8113,8113,0.010198854811792918,-1.0751921024484847
8114,8114,0.018481400235872542,-1.2364947551617016
8115,8115,-0.012647776391546815,-1.0322890812489767
8116,8116,-0.04098676908258608,-0.992740822438806
8117,8117,0.009902528654661555,-1.0753034181379664
8118,8118,0.02287736522388345,-1.0479137497526128
8119,8119,-0.006285909700967429,-1.0030624201056197
8120,8120,0.0072506222814296,-0.880719320280211
8121,8121,-0.011772269835636201,-1.0577484654461915
8122,8122,-0.0017126757618035199,-1.0282120705476672
8123,8123,-0.017221722207693912,-0.918591854677711
8124,8124,-0.0016024322852683515,-0.8527618401482058
8125,8125,0.03287617461761385,-0.8813611117727117
8126,8126,-0.013930674202385612,-0.995271452504062
8127,8127,-0.0011177480587944606,-1.0528321317510145
8128,8128,0.01953173880008285,-1.0742785746695862
8129,8129,0.017666799617968507,-0.9474182476719475
8130,8130,0.005042954119648807,-1.0962257788262066
8131,8131,0.07271747291042564,-0.9481744099501985
8132,8132,0.005527424935795099,-0.9974770302637268
8133,8133,0.0009936481317895235,-0.8424054509299898
8134,8134,-0.010733357760438787,-0.8611485877900148
8135,8135,-0.0013583998674047693,-1.0823065402744247
8136,8136,0.025561515221632122,-1.1155313655693213
8137,8137,-0.034054770361403086,-0.9536255336880745
8138,8138,-0.013140915590744026,-1.0996752688671751
8139,8139,-0.018519950219089074,-0.9738631862696524
8140,8140,-0.005514550297529244,-0.899824813877773
8141,8141,0.049654803921867344,-1.1177685985073582
8142,8142,-0.010692372261687844,-1.3274104199464158
8143,8143,-0.026727651348166397,-0.8119279689832055
8144,8144,0.005026321583670168,-1.1790460081838037
8145,8145,-7.135926030683859e-05,-0.9590635576854243
8146,8146,0.0033634149279203295,-1.035149522176089
8147,8147,0.008927930740472162,-1.0362402041852787
8148,8148,0.01811511408749511,-0.9892949004547766
8149,8149,0.00531551351648836,-1.028998891712554
8150,8150,0.021269053239003334,-1.0364431503036566
8151,8151,0.014984179946834278,-1.1005754302452355
8152,8152,-0.02953370814773219,-1.092392053991141
8153,8153,-0.021575255258417046,-0.9860717935258895
8154,8154,-0.013546703553838219,-1.0153128582430861
8155,8155,0.003876942646449416,-0.9840816006029593
8156,8156,0.03116919661783371,-0.9300163834482098
8157,8157,-0.005806818626918581,-0.9512182132585085
8158,8158,-0.011222555597380982,-0.9500096136111629
8159,8159,0.0189847836208068,-0.9811659817163528
8160,8160,0.030344813529164447,-0.8917506374658137
8161,8161,-0.012239033949857571,-0.9949325096981637
8162,8162,0.037771053850220254,-1.10443562270915
8163,8163,-0.03250216212751248,-0.9572125406312944
8164,8164,0.031175063506017734,-1.044052287681195
8165,8165,-0.022509816288949342,-0.9346694277127939
8166,8166,0.006964152151541669,-1.0413373097284884
8167,8167,0.026024140983111253,-1.1195419703235623
8168,8168,0.021783486944441984,-1.0428284124419644
8169,8169,0.004450219789216205,-1.1520265812525974
8170,8170,-0.0090785678442101,-1.160011042411919
8171,8171,-0.009513052391481239,-0.910171725163464
8172,8172,-0.03257982907153804,-1.0993159078088606
8173,8173,0.0009720220902282306,-1.007664131128072
8174,8174,0.0027210334607934705,-0.8844365049507216
8175,8175,-0.029079195066898288,-0.860169855144073
8176,8176,0.0164613282755839,-1.0574816307690431
8177,8177,-0.000981990221027653,-1.1002918328610476
8178,8178,0.008662521003506105,-1.0199015087838312
8179,8179,-0.05045171541854609,-0.8970660795788076
8180,8180,-0.009489641880998781,-0.8609934151307944
8181,8181,0.012195564879649644,-0.9269838783637802
8182,8182,-0.00668486919112124,-0.9718008869426146
8183,8183,-0.005338456342369263,-0.8249355996065797
8184,8184,0.020691699220223347,-0.9659067998731556
8185,8185,-0.048943688089353725,-0.9545837065878108
8186,8186,-0.036552362955791756,-0.8997118565063185
8187,8187,0.006793922814671033,-1.3689454328289603
8188,8188,-0.021074048724390407,-0.8571669601321488
8189,8189,0.021149336437678648,-0.9942075179702076
8190,8190,-0.0038739996371957505,-0.872882807831305
8191,8191,0.016370411618473177,-1.0370891370388218
8192,8192,-0.025656882499636685,-0.8531990568142389
8193,8193,0.0024414385606506828,-0.8184311198235907
8194,8194,0.03860605048697507,-1.20088110211736
8195,8195,-0.004141564622129834,-0.8562906269562802
8196,8196,-0.037805781565124624,-0.862190705716697
8197,8197,-0.015667425858202577,-1.0444711201711172
8198,8198,-0.0022184450797698707,-0.9457668584588342
8199,8199,0.014953635146311803,-1.0060385640099925
8200,8200,-0.004144073175690016,-0.8889886220741282
8201,8201,-0.03675344786824864,-0.8057751966021124
8202,8202,-0.01808393699178621,-0.8465656887877785
8203,8203,0.011909531480016139,-1.0448476424929558
8204,8204,-0.006754988987808604,-1.1407396747310397
8205,8205,-0.002114582736470503,-0.8932850405643964
8206,8206,-0.026571371390654755,-0.835748922578565
8207,8207,-0.023338769181626317,-0.7819618867615692
8208,8208,0.019020981246298918,-1.089425949916571
8209,8209,0.005264894005846205,-0.9330884014428606
8210,8210,-0.005625773293558867,-0.8069601218970636
8211,8211,0.02765934435285977,-1.1056028239211115
8212,8212,0.0532620490881926,-1.1631527954278593
8213,8213,-0.008864816701484389,-1.044927869534147
8214,8214,0.001597992877209048,-0.9882002204785835
8215,8215,-0.014733627071850969,-0.8805514577647996
8216,8216,-0.005021074963862837,-1.2531534198379872
8217,8217,0.028296443743436324,-0.9504560184831093
8218,8218,0.0053470925283192,-0.8891983242595393
8219,8219,0.004787433399366893,-1.0765923798981356
8220,8220,-0.017728236242301746,-1.0994824082636607
8221,8221,0.04922877771035836,-1.1443858237236209
8222,8222,0.01944261956408952,-1.0960286666228831
8223,8223,-0.010878223657991917,-1.0078462336072063
8224,8224,-0.007359346119354196,-1.0736719341994696
8225,8225,-0.004734502984561101,-1.0202791214282547
8226,8226,-0.016249304265473576,-0.8148735587728126
8227,8227,-0.012789786352776833,-0.9828596543722792
8228,8228,0.033657577171947735,-1.0187630996094206
8229,8229,-0.0002654404495698627,-1.0934447566214605
8230,8230,0.025803064739852735,-1.1182580084195155
8231,8231,-0.034370637297459414,-0.8993404543799028
8232,8232,-0.008068593885667052,-0.8322053729553673
8233,8233,-0.0368565795260892,-0.9519773678801772
8234,8234,0.00707854579249797,-1.1554360202516138
8235,8235,-0.006798686559197464,-0.8767281399057764
8236,8236,0.052604530495905064,-1.174297832203506
8237,8237,0.0025991391428138028,-0.9679395892612047
8238,8238,0.052319770901903095,-1.050744968267819
8239,8239,0.008386207928698423,-0.9263045055614488
8240,8240,0.02215979342981439,-1.114507090504678
8241,8241,0.03482934341983776,-0.8089256777384588
8242,8242,-0.026616170777305888,-0.9524061960427787
8243,8243,-0.017531512550841344,-1.0005557740027249
8244,8244,0.018250048537537117,-1.1883773487896523
8245,8245,-0.00041881067821830653,-0.942495044573418
8246,8246,-0.025168718258120303,-0.7236605787637382
8247,8247,0.00999944236506433,-1.004807202372608
8248,8248,-0.00018560161329381208,-1.0811268705448882
8249,8249,0.027354032646080967,-1.14190765245351
8250,8250,0.005071163338005669,-1.1880087827327248
8251,8251,-0.04875676230523579,-1.1434359567168644
8252,8252,0.009699165035935736,-1.0927128020095618
8253,8253,0.012217703452795825,-1.1817980433500763
8254,8254,0.006965212476577998,-0.9706126511242527
8255,8255,-0.03534370055308702,-0.9325097783641667
8256,8256,0.026563454822557994,-1.11082988555803
8257,8257,0.02976452037970964,-0.9019490078776213
8258,8258,-0.006070194032310669,-0.8586167012779016
8259,8259,0.01292666313423245,-1.1177865472066093
8260,8260,-0.010570715124077257,-1.0752043586360045
8261,8261,-0.017497060280888627,-1.1232946503162378
8262,8262,0.010548748589611884,-1.3451678098322872
8263,8263,-0.0029892716180802727,-0.7850430925969618
8264,8264,0.02270754786239964,-1.030505671786311
8265,8265,0.00887391732205036,-1.0889488663449804
8266,8266,0.021638921559608254,-1.056702590971033
8267,8267,-0.056806751599623354,-0.6554298593332362
8268,8268,0.007928229666077473,-0.7840744804222574
8269,8269,0.02653625827376703,-1.0206782585620457
8270,8270,0.0013577249310117133,-1.0536739873780387
8271,8271,0.020086319213027982,-1.1610162077141644
8272,8272,-0.03786170276138762,-1.092872007560943
8273,8273,0.030678670289334773,-0.8613446586161772
8274,8274,0.02496659357459773,-0.9546810291287204
8275,8275,-0.0075732880351303405,-0.9804233479262628
8276,8276,-0.013789985196754452,-1.1140372299991317
8277,8277,0.0035982838008222287,-0.9408985732454381
8278,8278,-0.013256975460187476,-0.9053026806846822
8279,8279,0.013918754856530144,-1.02444168483055
8280,8280,-0.027837809099758595,-1.0975935345821737
8281,8281,-0.00752637491563692,-0.969262988869513
8282,8282,-0.00925853367144057,-0.9130237114238432
8283,8283,0.04201060210805651,-1.1870744314171242
8284,8284,-0.03893274704634714,-0.9798774688608015
8285,8285,-0.0157223041169138,-0.963437188495342
8286,8286,-0.009267886727008776,-0.8981952241442784
8287,8287,-0.005489893788688249,-0.7616039967545581
8288,8288,-0.02554391137716474,-1.059432559860363
8289,8289,0.011990366374042327,-0.8514550773138364
8290,8290,-0.0008954770523343092,-0.8702107170561375
8291,8291,-0.0002182337786187094,-0.9960787295779927
8292,8292,0.014125724641730161,-0.7863916349140868
8293,8293,-0.0008074875169864654,-0.9246324872291023
8294,8294,-0.003942148868363526,-1.1332244542823435
8295,8295,0.012928466870036149,-0.9329241025152994
8296,8296,0.01871960303655215,-1.1207679252747773
8297,8297,0.026410653168923978,-1.0421391846330326
8298,8298,-0.020230582943011707,-1.0609011255549898
8299,8299,1.7566055560747085e-05,-1.2990173214237357
8300,8300,0.03929621029493357,-0.920537979093523
8301,8301,-0.03534551325512146,-0.9505253559734088
8302,8302,0.009813924388788281,-1.1379410200279627
8303,8303,-0.00031457887186527966,-0.7917860050047859
8304,8304,-0.027468930290302923,-0.9162312630512685
8305,8305,-0.015130182301229866,-0.9958220476814622
8306,8306,0.043754288349556164,-0.9815816577060329
8307,8307,-0.0007102981164218598,-1.060611397478262
8308,8308,-0.007295100788361819,-0.8586850973750139
8309,8309,-0.003067493346759931,-0.8521059074147204
8310,8310,-0.02489745048831574,-1.01021525627924
8311,8311,0.014024279473791132,-1.055119924130867
8312,8312,-0.03547137186629602,-1.0881691853390152
8313,8313,-0.024365454647528546,-1.1982767342954868
8314,8314,-0.039554876433447406,-1.018762523383113
8315,8315,-0.022862835424187822,-0.9328048498267915
8316,8316,0.012690022997924127,-1.0831470784378898
8317,8317,0.00421100371706707,-0.9796722439216303
8318,8318,0.009035412814978315,-0.8915516936998564
8319,8319,-0.002403214542091303,-1.028445428334948
8320,8320,0.012701428287036139,-0.9324845308494197
8321,8321,-0.02021026787431456,-0.8495705076685311
8322,8322,0.028645611607690705,-1.0706674575834092
8323,8323,0.006959909741912237,-0.6577531435822462
8324,8324,0.0031117760363927605,-1.062049465674106
8325,8325,-0.02584151648190567,-1.0023112126422462
8326,8326,-0.0035215458023982876,-0.94629252672405
8327,8327,-0.0396736391039205,-0.7415008341727298
8328,8328,0.0021652612445092895,-0.8489069674075279
8329,8329,-0.0012343835118002328,-0.9282661487599416
8330,8330,0.017971432988444107,-1.0900545102301826
8331,8331,-0.007028171588419327,-1.1077389539524456
8332,8332,-0.022505220471783632,-1.16372695522413
8333,8333,0.008185301105783215,-1.0836851106232401
8334,8334,0.032242174795449045,-1.0468059551341269
8335,8335,0.0013173497008104988,-0.8487200794444761
8336,8336,0.00828031806188867,-0.9710451789482454
8337,8337,0.0003960357533196457,-0.9326659829483442
8338,8338,0.011431041981169107,-0.9967668912368725
8339,8339,0.022114255909089026,-0.9649459928324657
8340,8340,0.005933481744019652,-1.1409560764666007
8341,8341,-0.006978963471036381,-1.039832032602427
8342,8342,-0.021223880778192587,-1.216269725119935
8343,8343,-0.014221657566875379,-0.929316954653182
8344,8344,0.00825753397118173,-0.8341511161530607
8345,8345,-0.011398432088391749,-0.8129059294752659
8346,8346,-0.006047820774620155,-1.0994687225709294
8347,8347,-0.0065164145149272865,-0.9666605703288539
8348,8348,-0.00430078030205526,-1.1505423296596846
8349,8349,0.004202289715489839,-0.9115718032674716
8350,8350,-0.020079629809398772,-0.8457357622611984
8351,8351,-0.0037715539096200568,-1.020266822563325
8352,8352,-0.018399751782262184,-1.0804000085031482
8353,8353,-0.024778016378998142,-1.0292888900797743
8354,8354,0.003815992271214208,-1.0611901388820193
8355,8355,0.04164897280123568,-0.9964980160333988
8356,8356,-0.014342930129431913,-0.8124434453775413
8357,8357,-0.05084320279733989,-0.7459419564467858
8358,8358,0.026679119129444432,-0.9652037696808015
8359,8359,0.009299536727222488,-1.0926755992350812
8360,8360,-0.008316444526549158,-0.9078247262492235
8361,8361,-0.0142289586043378,-0.9345178115424025
8362,8362,0.009146969969745997,-1.1127743897925617
8363,8363,-0.0194042876742017,-1.1258262401710384
8364,8364,0.06065524483862593,-1.3209408443965571
8365,8365,0.007734806559549202,-1.1505877696300062
8366,8366,-0.036544409199832636,-0.9405105742931121
8367,8367,-0.0211267365883355,-0.830901927116119
8368,8368,0.007994972728258304,-0.9689902563868795
8369,8369,-0.00464834794331432,-1.0595968437785779
8370,8370,-0.005211316913160319,-0.9488675595692775
8371,8371,0.056167771943007025,-1.1352625744366536
8372,8372,-0.022733356174839438,-0.9449677704545203
8373,8373,0.020892492576656624,-0.7952282393853016
8374,8374,0.018645898452546605,-1.0157455638433555
8375,8375,0.03200506476801172,-1.1435616280691745
8376,8376,-0.022284898019124935,-0.9713699891088278
8377,8377,0.0186108841436695,-0.8999074786459992
8378,8378,0.00129806257595424,-0.9465323157713516
8379,8379,0.05068696483516995,-1.1490348423716634
8380,8380,0.008192722801401923,-1.0187312720376416
8381,8381,-0.0235085263010855,-0.9569845589751563
8382,8382,0.028345833957527586,-0.9109973634899895
8383,8383,0.02000072253217361,-1.1570613164180943
8384,8384,0.0038290631013280646,-1.2206972576668496
8385,8385,0.011009624398130455,-1.2039624481283264
8386,8386,-0.005703907205740478,-0.7427884962869089
8387,8387,-0.03527589568723431,-0.9130508559975617
8388,8388,0.026036186434195335,-1.3028295859490535
8389,8389,-0.007140387247196865,-0.8952538001160323
8390,8390,-0.0030997905393860548,-1.0439084323091943
8391,8391,0.03223643637653348,-1.049349199904533
8392,8392,0.006925724952083739,-1.2075364842947731
8393,8393,0.03753034654977844,-1.0805017377483033
8394,8394,0.016988633390699275,-1.157920824861682
8395,8395,0.004665455124807165,-1.0162042672659783
8396,8396,-0.00879781819080891,-0.9495992722593679
8397,8397,-0.004282784681591573,-0.9161914495078999
8398,8398,0.03173483329169423,-0.956673558477844
8399,8399,0.021257464777326207,-0.9765456331534678
8400,8400,0.00028751045235185513,-1.1710820501883037
8401,8401,0.007751346378759377,-1.1211263493426085
8402,8402,0.016496756013228517,-1.0180589987047124
8403,8403,0.02007185023988764,-1.1138599275547294
8404,8404,0.024592189878783033,-0.888535102854238
8405,8405,-0.03170458197903213,-0.9875358721463455
8406,8406,-0.002323186692413673,-0.92443373315519
8407,8407,0.014231546663422433,-1.2217297550776955
8408,8408,-0.029413735237105193,-0.9466584901092436
8409,8409,-0.005002312499134243,-1.0520959635443146
8410,8410,0.03517247894426138,-0.9046840182111839
8411,8411,-0.028874337682166726,-1.1213626400688328
8412,8412,0.002094016247803948,-1.078037417159253
8413,8413,-0.02899209934507712,-0.9576057911681701
8414,8414,-0.053598294827135684,-0.7702680174100311
8415,8415,-0.012305582047300354,-0.9627678240305286
8416,8416,-0.013322345484009512,-0.9478738017541197
8417,8417,0.00362240405596001,-0.957459336883515
8418,8418,0.009063963084470175,-1.1816649477253467
8419,8419,0.01030005028094437,-1.073525446433654
8420,8420,-0.018293621607993756,-0.9959780231200956
8421,8421,0.05892848356523203,-0.8953397488526416
8422,8422,0.010216223565588156,-0.9358154166234557
8423,8423,-0.03320128329173032,-0.7820912853766228
8424,8424,0.0012675043772129861,-1.1091581068439824
8425,8425,-0.02533137494980269,-0.8929344783708929
8426,8426,-0.03549429274596266,-0.9567119223833935
8427,8427,-0.015934296557572846,-1.0217670346193644
8428,8428,0.017453811045591405,-0.8045561823083065
8429,8429,0.01691357539280207,-0.9913593139141853
8430,8430,0.011362259737995026,-1.0087338351569224
8431,8431,0.0065269884372562564,-0.9035751621342135
8432,8432,-0.03164487789371759,-0.9692957653897794
8433,8433,0.03326271015458677,-0.9813075491365209
8434,8434,-0.03800437006351675,-0.7526661879418379
8435,8435,-0.017344978584267305,-0.90787403378315
8436,8436,-0.02064014306946757,-1.25077236994928
8437,8437,-0.013084418905706122,-0.8492801128944791
8438,8438,-0.0031402189408368253,-1.0938128818124908
8439,8439,0.05347641624711139,-1.0768873925619542
8440,8440,-0.0025160951766003414,-1.0437226280415233
8441,8441,0.023939262578415284,-1.2263006219871082
8442,8442,-0.010608460625093769,-1.0648768834658675
8443,8443,-0.048412188786235336,-0.7442156000268199
8444,8444,-0.027816592957925726,-0.829778600392295
8445,8445,0.03318356872824059,-1.0238194250061299
8446,8446,0.02154015870827649,-1.0504404271300276
8447,8447,-0.022078321352277632,-0.8516122467670669
8448,8448,-0.006238415950404946,-0.9204196823117418
8449,8449,0.019607027486449557,-0.9404445732981199
8450,8450,-0.03208337285943312,-1.0177442472729965
8451,8451,0.006244321452098842,-0.7956635573951478
8452,8452,-0.017835063390371775,-0.9923633119171824
8453,8453,-0.008542125683287707,-0.9901707966025621
8454,8454,0.001653330194829123,-0.9848427430434508
8455,8455,0.0016214979984302894,-1.1312330407077622
8456,8456,0.019383379586026775,-1.032462472963248
8457,8457,0.008365179200454072,-1.1772040525351375
8458,8458,-0.01359647437773628,-0.767405874888171
8459,8459,0.0003761672503642885,-0.9929579385416748
8460,8460,0.008013216241771953,-1.048006073338835
8461,8461,0.009728571603315184,-1.0368728931698943
8462,8462,0.024595120758170858,-0.9972785125525523
8463,8463,-0.009888811179853938,-0.7206640680982124
8464,8464,-0.03469861703042754,-0.6547413972131757
8465,8465,0.016277394764700186,-0.869327023309991
8466,8466,0.02540551042035108,-0.8431500556056938
8467,8467,-0.01389552476548607,-0.9325286317936468
8468,8468,-0.014879278642516446,-0.9651053086245004
8469,8469,0.04986938504285529,-0.9332712123616471
8470,8470,0.004191820975536414,-1.2013154239326749
8471,8471,0.020078961760312805,-0.8514592262627448
8472,8472,0.0035981139491519376,-0.7082224235084453
8473,8473,-0.0275167174992942,-1.0913056705102098
8474,8474,0.003743238976010893,-1.3213035319820854
8475,8475,-0.059151715640542404,-0.9183116650883071
8476,8476,0.0027594618242612196,-0.9437254046505056
8477,8477,0.0020382104668092843,-1.0911205280764595
8478,8478,-0.04436442845963688,-1.2835582890446071
8479,8479,-0.01300059922512374,-1.0016169895734919
8480,8480,-0.013143153902200763,-1.0646270606385768
8481,8481,0.008064640115117067,-1.032227186916137
8482,8482,-0.002462552760045207,-0.9565485760308194
8483,8483,0.008097058620902021,-0.9336769268032336
8484,8484,0.01254243107747563,-1.022992964315571
8485,8485,0.03302445665672722,-0.8631971550810706
8486,8486,0.02050832934931624,-0.9232500557387345
8487,8487,0.027614324895561593,-1.0717019135829973
8488,8488,0.0036179406604491407,-0.9306250973273434
8489,8489,0.0026335048995303994,-1.1061215572409435
8490,8490,0.02368314994230792,-1.00140404439924
8491,8491,-0.011393006936639805,-1.1688881385703844
8492,8492,0.0026129499916593933,-0.8577697692634216
8493,8493,-0.004612410604113264,-0.9484553408117379
8494,8494,0.003796537899690769,-0.9180068420011734
8495,8495,0.009606293993270999,-0.9813337431092273
8496,8496,-0.006387174652192518,-0.8899615279846738
8497,8497,0.02145511062468372,-0.8183824653214402
8498,8498,0.02337688591593394,-1.2428530965977436
8499,8499,0.02579989859715888,-1.0001025267610382
8500,8500,0.012741095398718335,-1.019009638861946
8501,8501,-0.0016330974023931744,-1.1033553754691288
8502,8502,0.026605309730115143,-0.8628774849930095
8503,8503,-0.03946993343938288,-0.951306354712497
8504,8504,0.024314511866377442,-1.074837866274336
8505,8505,-0.00856420695972944,-0.8296997511887055
8506,8506,-0.02320504460456556,-1.1082255835188168
8507,8507,-0.005611007204858368,-0.9119412305409718
8508,8508,-0.004175228213045834,-1.02297442371829
8509,8509,0.01554788395522004,-1.1497943533366661
8510,8510,-0.011949031823682545,-0.904782016159987
8511,8511,-0.034788379673990635,-0.8915525484619164
8512,8512,-0.010234500474794295,-0.8937949803316817
8513,8513,0.029617417970109847,-0.9934732119021135
8514,8514,-0.009292984606908215,-0.8674648080563642
8515,8515,0.011738812316344618,-1.0478476383766433
8516,8516,-0.04632588721891574,-0.8575134038578538
8517,8517,-0.028688424916890422,-0.9075775458515657
8518,8518,0.03246913896262252,-0.9850898353582795
8519,8519,0.02342841598630499,-0.9817908097985426
8520,8520,-0.02855867410126458,-1.1213088488172545
8521,8521,0.018444740918379842,-0.9920968476743521
8522,8522,-0.009945490756439586,-0.9369013353826253
8523,8523,0.0031650376546623615,-0.9605260358249897
8524,8524,0.018040809331848734,-1.1993423536268892
8525,8525,-0.017532531279811695,-0.8740003329478045
8526,8526,0.004140360206170424,-0.9583547526073822
8527,8527,-0.008616934238397739,-1.2186551820400537
8528,8528,0.01059401325792893,-0.9425921255057395
8529,8529,-0.031862941639982836,-0.9963399192914658
8530,8530,0.011567237087593937,-0.9615756612070585
8531,8531,-0.057143612832043424,-0.9257744927140961
8532,8532,-0.01719451203575678,-0.8539407214567541
8533,8533,0.0333100964063703,-0.9940187641292253
8534,8534,-0.021554991412051583,-0.9081550542388712
8535,8535,-0.037205796630358175,-0.9273352559679569
8536,8536,-0.0028437763170955158,-0.9181169413989542
8537,8537,-0.002069670948567956,-1.0872137770317163
8538,8538,0.001339542933845167,-0.8887169879177257
8539,8539,-0.027108580552505576,-0.9045592553988651
8540,8540,0.013840484719831389,-0.8964719744012942
8541,8541,0.02811382556263556,-1.0551525681200298
8542,8542,-0.03130917345226327,-0.9099522132240923
8543,8543,-0.032951892188175805,-1.0647822092107504
8544,8544,-0.006366322481350228,-0.9017834829440058
8545,8545,-0.021683649913247213,-0.7424263722382294
8546,8546,-0.011042118044920307,-0.9442688388968734
8547,8547,-0.030375479873487696,-0.8418478218134755
8548,8548,-0.033155072955053655,-0.9987962911787298
8549,8549,-0.04830745511753948,-0.9422963211190754
8550,8550,0.003679886772797014,-1.1526476322346646
8551,8551,0.0002489460745572214,-0.8269843777856971
8552,8552,0.01455793058372331,-0.850434785996403
8553,8553,-0.013370369818537932,-0.853693185311792
8554,8554,-0.013312018525866432,-0.9225130421070398
8555,8555,-0.02105633525560653,-0.9177960128405663
8556,8556,-0.04321642467289319,-1.01038583360859
8557,8557,-0.0262037367827008,-0.7810658478723722
8558,8558,-0.045974691942311546,-0.9058358383631179
8559,8559,-0.0017251870111704127,-0.877293770195688
8560,8560,0.006510233378388162,-0.9992858162314073
8561,8561,-0.020759973100737836,-0.9808204151554589
8562,8562,-0.02873600534778891,-0.8631332178728769
8563,8563,-0.006831947128674843,-0.980282294487
8564,8564,0.02482796978847076,-0.8744538534568911
8565,8565,0.011775463544532683,-0.9691223685821301
8566,8566,-0.0022345084777069396,-1.0979896876598323
8567,8567,0.05345599750390343,-1.0570060880680254
8568,8568,0.014222840273571971,-0.9497117950699766
8569,8569,0.010301168934662616,-1.1432259220235164
8570,8570,0.022881937903614345,-1.0059416263518486
8571,8571,-0.0003913684463683065,-0.9587896991338316
8572,8572,0.013100529050422468,-0.929194096725351
8573,8573,-0.021578225782618782,-0.8836246849568264
8574,8574,-0.025362837408447622,-1.127100139911557
8575,8575,0.04375177606792331,-0.9686948797069761
8576,8576,-0.014863467855485084,-0.9604438538195966
8577,8577,0.01667947122850643,-1.0287834036865453
8578,8578,-0.008422741774293932,-1.1570748878079582
8579,8579,-0.021612964767493713,-1.0481917302411767
8580,8580,0.014133427675468355,-0.9064897256287209
8581,8581,-0.0186538470570111,-0.9006351472391813
8582,8582,0.004646574602288376,-1.0743714346775095
8583,8583,-0.007726675691427097,-0.9861903623680827
8584,8584,0.006597509567201593,-0.9937312855911566
8585,8585,-0.01617169895733406,-0.8292633049905457
8586,8586,0.006543610199652647,-1.0672143614286107
8587,8587,0.018250527744823525,-1.2065590252747327
8588,8588,0.016537145481711386,-0.9365856622465744
8589,8589,0.026913545280679393,-0.9775362241008025
8590,8590,4.60864829219948e-05,-1.0564584573334477
8591,8591,-0.006056301540899877,-0.7662233460272401
8592,8592,0.01757093945159003,-1.0803095564804872
8593,8593,-0.019147878286779024,-0.8574102032159132
8594,8594,-0.005257632084750913,-0.9266163417927723
8595,8595,-0.012854684623398255,-0.9308087883948044
8596,8596,0.020321209151728012,-1.0354543620205614
8597,8597,-0.011410674337988883,-1.082057624436694
8598,8598,0.014725642352759555,-0.9356385733654666
8599,8599,-0.01737676761859014,-1.0587486692136288
8600,8600,0.0026575619923796534,-1.1889358998992912
8601,8601,-0.026618441258734957,-1.0214790052637224
8602,8602,0.0041317133895485145,-0.8958490939733882
8603,8603,0.003255419364802739,-1.0992864356702554
8604,8604,0.010747750284163485,-1.1534095035255167
8605,8605,-0.026106753254135695,-1.1811959210912137
8606,8606,0.04568430435058404,-1.1798967514625647
8607,8607,0.004192829274747623,-0.9410068610906273
8608,8608,0.03529509075185788,-1.0624234462380358
8609,8609,-0.018885851734353983,-0.9272182079731992
8610,8610,0.003442947430101845,-1.0699203071734966
8611,8611,0.013532661543259751,-0.9977939717280228
8612,8612,0.006730803535171848,-1.0400001836643982
8613,8613,0.02188825261450852,-0.7953461151629321
8614,8614,-0.0037709028584044374,-0.9203723897105843
8615,8615,0.048180904187521724,-0.9872406955817856
8616,8616,-0.025144875013917017,-0.8776686479341884
8617,8617,-0.010060210959823969,-0.9230212558689617
8618,8618,-0.0022838921159863967,-0.9170014944168344
8619,8619,0.031555573558308625,-0.8159644676604071
8620,8620,-0.006054666929311031,-0.9895866262204979
8621,8621,-0.01329887711460969,-1.1302630561369167
8622,8622,0.0024884689373452125,-1.1290751595462316
8623,8623,-0.03131238059614959,-0.9946430307785887
8624,8624,-0.014561327276959943,-0.9958508334906163
8625,8625,-0.05289081249606693,-0.7775293566274006
8626,8626,-0.024435527972054855,-0.9734699444906573
8627,8627,-0.012350303402532483,-0.9572732185736182
8628,8628,-0.029370897062657525,-0.9006296649712825
8629,8629,0.012072600494399656,-0.8653132466754183
8630,8630,-0.024476987215649115,-0.9564856976275845
8631,8631,0.004618673506332299,-1.0850919644693577
8632,8632,-0.013843986441533604,-0.7808807410586616
8633,8633,0.03292149863830307,-0.9039379366134653
8634,8634,-0.02200570364576032,-0.8098588521061475
8635,8635,-0.02320879408621826,-0.8384367383508465
8636,8636,0.008109086888952191,-1.0223120072409184
8637,8637,0.013305028965226944,-1.0813457782193627
8638,8638,0.0367606347809813,-1.206510767057205
8639,8639,0.0010111284831720302,-1.1879451078180276
8640,8640,-0.023772427654950856,-0.8390944088018489
8641,8641,0.002489042416913584,-1.122256127377565
8642,8642,-0.007103906285736303,-1.2068842318636355
8643,8643,-0.009500173005438178,-0.972256408045517
8644,8644,-0.02124823712258453,-1.0997214960379489
8645,8645,-0.004187686559223587,-1.0251408138295466
8646,8646,-0.0367064065312171,-1.0090614479287385
8647,8647,-0.019821822971910943,-0.8448341893296959
8648,8648,0.004401130038339016,-1.0987582753642293
8649,8649,-0.01253275135860675,-0.9925921735270749
8650,8650,-0.026204852028926008,-1.0139164399485838
8651,8651,-0.05125364811384848,-0.7869815504867281
8652,8652,0.012519899941876717,-0.90235854296034
8653,8653,-0.022498777950514182,-1.1138724695193165
8654,8654,-0.023048016828047357,-0.9559959146843994
8655,8655,0.026191474780790883,-1.1872910475471783
8656,8656,0.024996593079809087,-1.1882592977514213
8657,8657,-0.016177671520046132,-0.9033279123310543
8658,8658,0.0005335756755744381,-0.9563905974318228
8659,8659,0.06633811354687325,-0.9214052969026091
8660,8660,0.0033472653920332274,-1.1101772202880427
8661,8661,-0.0412696291857501,-0.825364755371456
8662,8662,0.030040900173248057,-0.9957655132598807
8663,8663,-0.023333661755212967,-1.132506660731648
8664,8664,-0.040550244840526564,-0.8786148821081496
8665,8665,0.011469368833919212,-1.3400178852147206
8666,8666,-0.009176685798592418,-0.9572229464911999
8667,8667,0.030975521570122712,-1.0737384294932024
8668,8668,0.013970528016123508,-0.9444339287779322
8669,8669,0.0036107887992485738,-1.229633399049466
8670,8670,-0.012301268340513935,-0.8922604320995627
8671,8671,-0.018581786827925894,-1.1108349599270633
8672,8672,-0.03936606207947718,-0.8510325862193244
8673,8673,-0.002295748160275786,-1.0193668251331296
8674,8674,0.000456126442028415,-0.7753346160842031
8675,8675,-0.013648520577513631,-0.8210720641809327
8676,8676,0.0180441257665929,-0.9440441441478759
8677,8677,-0.010794627558571135,-0.9230289858785692
8678,8678,-0.024382703126815612,-0.8200627778348504
8679,8679,-0.00979850878201266,-1.0966402970196687
8680,8680,0.007450580776567954,-1.105074379821755
8681,8681,-0.009527505768608918,-1.0465634190443378
8682,8682,0.017976528630315458,-1.1241534580377852
8683,8683,-0.01142045876421939,-0.9753694843303554
8684,8684,-0.0006755435988347741,-1.0970459227775498
8685,8685,0.02040348817177748,-1.1474259012537247
8686,8686,0.006223538463600018,-1.0580095649131411
8687,8687,0.016248464591405873,-1.0232976465739887
8688,8688,0.04773777457477319,-0.916570070415527
8689,8689,0.0071361446228553616,-0.9460243222607552
8690,8690,-3.211809040445934e-05,-1.1109591753306605
8691,8691,-0.009663951959394953,-0.9929730310391239
8692,8692,0.0534460545033925,-1.08758185924271
8693,8693,-0.00017688971891133796,-0.9996983299877804
8694,8694,-0.0032029520594298727,-1.0874731779409732
8695,8695,0.0013536444002398423,-0.9745802718808482
8696,8696,0.013199710519475355,-1.1556244799997109
8697,8697,-0.010922175374892262,-1.0379550272474878
8698,8698,0.004935918642825887,-1.0429972676898107
8699,8699,0.03590289620329103,-0.8957344538584153
8700,8700,0.02252944309511687,-1.000603248260515
8701,8701,-0.009540358710849059,-0.7973240695259103
8702,8702,-0.05721774305825619,-0.9670424160077633
8703,8703,-0.013584316072025947,-0.8544945243174091
8704,8704,0.030560527893706325,-1.1253015175459544
8705,8705,3.5626187742263116e-05,-1.1961573120874687
8706,8706,0.01783758526835011,-0.9140355725522303
8707,8707,0.00833835423081185,-1.0818311990572365
8708,8708,-0.04087747172350831,-0.9098188758952892
8709,8709,-0.030509862292983476,-0.853512683199658
8710,8710,0.04556493253517931,-0.9339885627930687
8711,8711,0.01305753176392342,-0.9924919607787908
8712,8712,0.0086924996210372,-1.0715447376353062
8713,8713,0.027949448053474858,-0.9638242075842375
8714,8714,0.001301516207620021,-1.0418212754256415
8715,8715,0.002991103179361382,-1.1876313034909107
8716,8716,0.04694360998420958,-0.915920311448378
8717,8717,-0.0541420187004661,-0.9582770686631962
8718,8718,0.006846386045787495,-1.0270340770937745
8719,8719,-0.0056369929312649475,-0.8452806364575699
8720,8720,-0.013912896522286916,-0.7575803579816107
8721,8721,0.019066076682364486,-0.8596962541746944
8722,8722,-0.013501540634455637,-0.9137833321540269
8723,8723,0.0033123564689601396,-1.0428530309359492
8724,8724,0.007461985432746616,-1.187266722428709
8725,8725,0.02105603997424419,-1.1436654334497862
8726,8726,0.017391070005488833,-1.0772284691775558
8727,8727,-0.04842514787911242,-0.9413003509815154
8728,8728,0.008740489101775856,-0.8668606231681059
8729,8729,-0.00221830943052493,-0.8727083881029887
8730,8730,0.015275546071510222,-1.0120918920312585
8731,8731,-0.027187848676566692,-1.0421475672590685
8732,8732,-0.0012293065469763317,-1.1579934414068391
8733,8733,-0.03667291358064439,-1.0263807635474542
8734,8734,0.011653929829403739,-0.9042649897343729
8735,8735,-0.01945679532905034,-0.6895529456106935
8736,8736,0.008141205300070647,-1.1922998432473038
8737,8737,0.009656009001589305,-1.1275583782073428
8738,8738,0.0031368668149373002,-0.9475373438269523
8739,8739,-0.010732291554259282,-1.0966424816276519
8740,8740,-0.02658623254107194,-0.9245815850315822
8741,8741,-0.06538147968852848,-1.0194966437809203
8742,8742,0.022586017435756785,-0.9285867950983819
8743,8743,-0.010142576757044561,-0.9785693336177569
8744,8744,0.022386850162487613,-1.039140577102592
8745,8745,-0.038999607392464254,-1.0837886175303697
8746,8746,-0.003922007506469441,-0.9485046633544296
8747,8747,-0.009597187835895332,-0.973157939159147
8748,8748,0.00044319131354827665,-1.2014426203153303
8749,8749,0.000820213605598509,-0.8388490647715743
8750,8750,-0.0036344229518128855,-1.033808738733723
8751,8751,0.01497811003920603,-0.9280419000577695
8752,8752,-0.03058771828910528,-0.9267114694466246
8753,8753,-0.032381751023538415,-0.9319068022671059
8754,8754,0.049240759018085195,-1.1009587699324144
8755,8755,-0.00402895401307285,-0.8438084981112592
8756,8756,0.005467078081690051,-0.9592200919707113
8757,8757,0.018638901459747947,-1.095709408435665
8758,8758,-0.013354984150418983,-1.2029733055232157
8759,8759,-0.013910330835631571,-1.0009767934636005
8760,8760,0.0019792892421948566,-0.8369071622744538
8761,8761,0.0020960949606909016,-0.9009240186587191
8762,8762,0.02114502738842522,-0.9275813421202437
8763,8763,0.025361100353275823,-0.866664590368092
8764,8764,0.030550867634548395,-0.8768507819083452
8765,8765,-0.0007820266268371476,-0.8512877650333895
8766,8766,-0.007123308794650507,-1.1191727904466795
8767,8767,0.013294909794097157,-0.9132924295929771
8768,8768,0.0058018290139976725,-0.9479023857862443
8769,8769,-0.016983585453594244,-1.2140147770638885
8770,8770,0.007533759458821621,-1.0351478624703734
8771,8771,-0.018599467288288728,-0.8283426079981722
8772,8772,0.02240946701528468,-1.1450964171937357
8773,8773,-0.00018129196593330565,-0.8428577044797708
8774,8774,0.002564946948283714,-0.8398637779077456
8775,8775,0.0185242613723222,-1.2852796428891453
8776,8776,-0.019724207533058077,-1.1574571183017024
8777,8777,0.039758534735716326,-1.0236478145806698
8778,8778,-0.007692755484744591,-0.995875241589682
8779,8779,0.0169114393917391,-0.9955207697098151
8780,8780,0.0031238481299724757,-0.9096282813491144
8781,8781,0.03578327091407287,-1.1005906404934513
8782,8782,-0.010116341179802923,-1.1072820649308854
8783,8783,0.022958354721095923,-1.0860718856746003
8784,8784,0.01766855377303772,-0.9844607682617219
8785,8785,0.025857994282613667,-1.0590654381340723
8786,8786,0.002508152525495296,-0.9474477790243535
8787,8787,-0.007761919738408209,-0.9224787242077789
8788,8788,0.02852507041784573,-0.909876083195308
8789,8789,-0.013343287194789638,-1.1992873763466685
8790,8790,0.023076390642852898,-0.907306134522545
8791,8791,-0.0012910286987883532,-1.21507331361174
8792,8792,-0.04985265966553999,-0.9259948852454443
8793,8793,-0.018564629287408038,-0.9297726765852131
8794,8794,-0.019808276740388247,-1.1292583719388951
8795,8795,0.0040689566398811675,-1.0553373000469826
8796,8796,-0.0010952846826366922,-0.8970183135440921
8797,8797,0.034192480458190254,-1.2483104036002381
8798,8798,0.01824215542152504,-1.0201641767097773
8799,8799,0.01909887521967392,-0.942334226443939
8800,8800,0.010043858912321957,-0.936492824237524
8801,8801,0.002650154570910907,-1.0174762137510336
8802,8802,-0.010132975032476229,-0.7751776092679838
8803,8803,0.0013073337958054015,-0.8154076951755009
8804,8804,0.030444898206321874,-0.907832582617922
8805,8805,0.034424212797954434,-1.0902732135966335
8806,8806,0.023471640006746185,-1.1404785889509583
8807,8807,0.014598167990034258,-0.9456394088197289
8808,8808,0.024918540181963753,-1.0945258684002763
8809,8809,-0.028550073675817505,-0.804425202652279
8810,8810,-0.007675033912702465,-0.9781551638620872
8811,8811,0.010623504557127399,-1.0287171292310062
8812,8812,0.027970923648702184,-0.9829303350241269
8813,8813,-0.008541376535205581,-0.8142121920735566
8814,8814,0.03479122954534223,-0.9350054945036855
8815,8815,0.006658384432075719,-0.9520105949953797
8816,8816,-0.0036613444310178,-1.009207724893927
8817,8817,-0.004536536558847858,-0.9999770072515759
8818,8818,0.00915784942662859,-0.8467918276172146
8819,8819,-0.015297196857457743,-0.9535655337493173
8820,8820,-0.013595449333069692,-0.8811723020632588
8821,8821,0.004668049260366184,-1.0474145081528632
8822,8822,-0.030734136289287242,-1.0793088407307943
8823,8823,-0.02968635634301925,-0.9576258689590769
8824,8824,0.0341476272528818,-0.9796061350072133
8825,8825,0.08700355084591851,-0.9474942073299389
8826,8826,0.04366977201760121,-1.1543490856061662
8827,8827,-0.03132377648618494,-1.0437518955184573
8828,8828,0.022325169768541864,-1.1190254011672611
8829,8829,0.004385467021911185,-0.8557649526480474
8830,8830,0.019573883217353833,-0.989736043814481
8831,8831,0.029225373589647347,-1.0270745654271851
8832,8832,0.030695755898872964,-1.3200353422453226
8833,8833,-0.0006241549917595512,-1.0958643047515897
8834,8834,-0.006335123953658246,-1.0549118805673012
8835,8835,0.06880444955540342,-0.9284619710947566
8836,8836,-0.03878888763270818,-0.8541223638631346
8837,8837,-0.01919954137225837,-1.163829604202851
8838,8838,0.007192031138899841,-0.8876565297236646
8839,8839,0.00439133583205592,-0.9555000548620569
8840,8840,-0.02523594326431912,-0.9508322814245975
8841,8841,-0.009268423882252482,-0.9944713549492178
8842,8842,0.009705988307563418,-0.9094041109716061
8843,8843,0.022811129551541673,-0.9502763428792977
8844,8844,0.024025681580059036,-0.8022701020902676
8845,8845,-0.025130329937760633,-0.6067562010185313
8846,8846,0.03845788903856649,-0.9877517964926158
8847,8847,0.01684563157235918,-1.138918815464413
8848,8848,-0.011958859435246065,-1.1326849824280383
8849,8849,0.00741099753548026,-0.9809780626463812
8850,8850,0.013919223331833822,-1.0643243517291032
8851,8851,-0.003265729922803478,-1.1645971259942929
8852,8852,-0.010627350708684875,-0.977048786142833
8853,8853,-0.015568542108244501,-0.8566988695843398
8854,8854,-0.0020872845561802863,-0.9438389654893508
8855,8855,0.011812710126475171,-0.719000635385652
8856,8856,0.009581242332708718,-0.9583451375944858
8857,8857,-0.0009117012109276235,-1.1096759272474044
8858,8858,0.0025985384014516333,-1.2228344569250613
8859,8859,-0.0459180109843679,-0.9815152698604909
8860,8860,0.02539083238502548,-1.0424137395931277
8861,8861,0.01171325317734594,-1.0432312600934328
8862,8862,-0.008006158280057712,-0.9019233845081274
8863,8863,0.010494130569832047,-0.9443805342969992
8864,8864,0.026736342356002515,-0.9733152517613166
8865,8865,0.010451049236352067,-0.9351894237904653
8866,8866,0.008208759810655011,-1.0194574251804922
8867,8867,0.003896126121544108,-1.0875393784195309
8868,8868,0.04338528112725483,-0.9452714017950249
8869,8869,-0.030232351892627633,-0.7428178082021576
8870,8870,-0.01988878161273233,-0.9798159976690014
8871,8871,0.014996526082320862,-0.9477687350088465
8872,8872,-0.016264722917516655,-0.9383489323859907
8873,8873,-0.03596051459420807,-0.8655193273326469
8874,8874,0.0196022060789062,-0.9786802116030761
8875,8875,-0.0015726873547266158,-0.9240300415438831
8876,8876,0.00263937241102577,-0.9694160134430531
8877,8877,-0.018113059739321802,-0.7626942662937661
8878,8878,0.00010033216048924154,-1.1428508636917796
8879,8879,-0.01772228093910183,-0.9989226795737357
8880,8880,-0.005341371588031484,-0.9410333630808303
8881,8881,-0.025687682513456447,-0.9536704393161187
8882,8882,0.02295304864231403,-1.0310365879956551
8883,8883,0.007166528664517932,-0.9517532899062597
8884,8884,-0.0047583226784004284,-0.9482093016629586
8885,8885,-0.02325198094684558,-1.1783936586700579
8886,8886,-0.036196604790367334,-0.955313736268858
8887,8887,0.036581349629105746,-1.2660194212237057
8888,8888,0.004247166289323104,-0.8263939073062281
8889,8889,0.005619634999426623,-0.9242439366119786
8890,8890,0.02248718017549342,-0.7593501062496082
8891,8891,0.05034793395477385,-0.8572528496803311
8892,8892,0.00450937122854383,-0.8653148166890338
8893,8893,0.012980805974822155,-1.0807965078675448
8894,8894,-0.011742734333110169,-0.912022985750389
8895,8895,0.006758069103644973,-1.1373410408479978
8896,8896,0.0012387842991262582,-1.22964129525976
8897,8897,0.03863019256265339,-0.9615689030062282
8898,8898,0.014844199732982288,-1.0236338877859392
8899,8899,0.02105240262225498,-0.7950802120121374
8900,8900,-0.018928039305192143,-0.9767877728961375
8901,8901,0.0072031026707863755,-1.3964257609384054
8902,8902,-0.01976158721797952,-0.8142506414585442
8903,8903,0.0455090469289626,-0.8388519247774484
8904,8904,-0.054855810501875255,-0.8927690027094933
8905,8905,-0.016705604415724884,-0.9953443872595839
8906,8906,0.01074237159742053,-0.9801854961265721
8907,8907,-0.0025724720076201954,-0.9193550578371998
8908,8908,-0.018260279805413723,-0.9903879988009123
8909,8909,0.03836901445335085,-1.1256029173110722
8910,8910,-0.008421347901112639,-1.0293681067136726
8911,8911,0.01451493371276115,-1.037705350595408
8912,8912,0.00912735482814572,-1.1188809063516192
8913,8913,0.018475388203087376,-1.012736024718646
8914,8914,-0.044835419613656356,-0.8294078608149432
8915,8915,0.00034445879768832356,-0.9901857569219409
8916,8916,-0.016752514143964024,-1.0097267888360089
8917,8917,-0.005497540637049471,-0.927386094808479
8918,8918,-0.054061571311578266,-0.8090812455421292
8919,8919,0.08590112391674885,-1.1896137335244583
8920,8920,-0.0047580260724248424,-0.7487367699714884
8921,8921,0.0012240778169372024,-0.8621686794373989
8922,8922,0.02050326231259106,-1.0545821531473543
8923,8923,0.04442486543139361,-1.187136457181871
8924,8924,0.0076688091408720835,-1.107886293922842
8925,8925,-0.048177762086235865,-0.9400540242501063
8926,8926,0.0018049687421019325,-1.2065188030087735
8927,8927,-0.0074746533794450565,-0.9246205710168985
8928,8928,0.024648873810221815,-0.8345205669161796
8929,8929,-0.003510750644341004,-0.9175338681573688
8930,8930,0.014517008569259748,-1.17454220665749
8931,8931,0.014579767082716168,-1.1839512292055707
8932,8932,0.01702924130261675,-0.8918786485454063
8933,8933,-0.004338200399777385,-1.0068539505334881
8934,8934,-0.025256420835084784,-0.9803179670200165
8935,8935,0.011602814122728927,-1.1077795569776712
8936,8936,0.0006500752256808351,-0.9325438165804864
8937,8937,0.01637841184272249,-0.9679023400013071
8938,8938,-0.011720561632397278,-0.8723535079695512
8939,8939,0.02981477901356136,-0.8105882913659574
8940,8940,0.028943597616150035,-1.2168370383358722
8941,8941,0.01975669516673497,-1.0369418723678738
8942,8942,-0.05073696183246172,-0.9176910274774449
8943,8943,0.009248771300524976,-0.8542854592326109
8944,8944,0.007052051985924679,-0.8886689193614364
8945,8945,-0.014771368020467308,-0.9993820868072315
8946,8946,0.037601154688050156,-1.1508283251489169
8947,8947,-0.038617466965007945,-0.9631227448105903
8948,8948,0.02987215593979295,-1.2853698776940456
8949,8949,-0.02326332102822573,-0.8494288924743795
8950,8950,-0.003868152119707091,-0.8671851854527508
8951,8951,-0.02706193417702442,-0.8239575899973217
8952,8952,-0.06937927874120647,-0.6871303397253264
8953,8953,0.0027281867061291487,-0.8419616833980524
8954,8954,-0.0030289012363258205,-1.0295309925411102
8955,8955,0.01536014041644708,-1.046350148132849
8956,8956,-0.015973465397750727,-0.708946820454251
8957,8957,-0.003323106400622693,-0.8799861308557209
8958,8958,0.016170160163647182,-0.9691924508690744
8959,8959,-0.014720596192675734,-0.8643876511080146
8960,8960,0.01378084450583994,-0.9149875859756246
8961,8961,0.015562443647638903,-0.9400623570884447
8962,8962,0.008448215668288222,-0.925144567918395
8963,8963,0.017549846402023922,-1.042021729767587
8964,8964,0.0018195221683975638,-0.8629367214499752
8965,8965,-0.014402697719334608,-1.2442584036259887
8966,8966,0.014181842782224681,-1.1188233120678586
8967,8967,0.018226071700750253,-1.0869065615859028
8968,8968,0.003047071086809655,-1.0504808139405928
8969,8969,-0.00016309488539961725,-0.8909902967104871
8970,8970,-0.015735602168954508,-1.2648304609185042
8971,8971,-0.016440360931540055,-1.1032934222787616
8972,8972,0.008733576326571166,-1.0278352433215796
8973,8973,0.03206023699186975,-1.0657909301287596
8974,8974,-0.010032876195884732,-1.0262660513423276
8975,8975,-0.04220240558569191,-1.0081223451445005
8976,8976,0.008851668147216052,-1.0935932898558844
8977,8977,-0.016576104797052064,-0.9387918462845706
8978,8978,0.018120639449114052,-1.1264937268496196
8979,8979,0.016697295245476335,-1.1122624026894277
8980,8980,0.023047776533279635,-0.8462816751295683
8981,8981,-0.029729585820336857,-0.9660671714240382
8982,8982,0.027852643091126242,-0.9388705808289518
8983,8983,-0.0288960763278163,-1.1670818163414454
8984,8984,-0.008393239729503213,-0.944488698305721
8985,8985,0.006099533545176682,-0.9704861594168367
8986,8986,-0.025127888674294677,-1.0476181691691882
8987,8987,0.0382391289472573,-1.0670381020929556
8988,8988,0.03294733238325879,-1.004905098596474
8989,8989,0.013756905225557598,-0.7786290020053681
8990,8990,0.01723332324886058,-0.8757795736101426
8991,8991,-0.024917862839879512,-0.9414057745503581
8992,8992,-0.01635995191124663,-0.8719651922223405
8993,8993,0.013346267400275239,-0.9494815384385094
8994,8994,-0.004100239592437925,-1.0297562499402437
8995,8995,-0.028602728646527728,-0.8604659369029685
8996,8996,0.004239634067729278,-0.9450847869775804
8997,8997,-0.015395982741609793,-0.9497786567253639
8998,8998,0.006929630900511526,-0.9796819115717531
8999,8999,0.006065200218177608,-0.970152202379483
9000,9000,0.004638692977829484,-1.0875238558365283
9001,9001,-0.02480793520039106,-0.8689190745053079
9002,9002,-0.004513168836738149,-1.017053524921818
9003,9003,-0.008438068318558423,-0.977769627655847
9004,9004,0.015211740315468111,-0.8580683729517725
9005,9005,-0.050927928218250075,-0.6094822686610011
9006,9006,0.0381231796148247,-1.137100781739204
9007,9007,-0.03398525576512121,-0.8429424436534014
9008,9008,-0.00604942857943544,-0.9127285135306877
9009,9009,-0.0140790630925576,-0.8784959582622475
9010,9010,-0.01775806177898224,-0.9204670921084951
9011,9011,-0.03395462688799732,-0.7939182785357122
9012,9012,-0.008621099486697023,-1.038417607297085
9013,9013,0.047681235761447296,-1.2672353953311863
9014,9014,-0.004729973135829983,-1.035057088481092
9015,9015,0.04346521749255765,-1.2889287546599373
9016,9016,0.006150862418984257,-1.0147171056259652
9017,9017,-0.016477980668907773,-0.8937253647859762
9018,9018,-0.01400824066264613,-0.9148103387063835
9019,9019,0.04721141877977372,-1.2513551023839864
9020,9020,0.02278045248877339,-0.9269703273156147
9021,9021,-0.017751154710023587,-1.1190802553088641
9022,9022,-0.01448843422407117,-1.2086143180068614
9023,9023,-0.027187934947184265,-1.0089730835551616
9024,9024,-0.05009436395043953,-0.905627473238477
9025,9025,0.02340035045258744,-1.2507451311427948
9026,9026,0.015355812262072345,-1.0426360449149876
9027,9027,-0.006749809906239548,-0.9641006569118338
9028,9028,0.036586132463955395,-0.9659968087980575
9029,9029,0.007537315046678206,-1.0365690289316212
9030,9030,0.0043661587635117575,-0.8084749906695673
9031,9031,-0.025214138124593635,-0.745432875365622
9032,9032,0.013012598068353864,-0.7500624657764148
9033,9033,-0.015068895987015052,-1.0291868459761557
9034,9034,0.0028264511011327487,-1.1966693753568114
9035,9035,0.03421195023209886,-1.025424751557376
9036,9036,-0.018682141123519916,-0.9351725693749706
9037,9037,-0.023315221527549116,-0.7063055833136387
9038,9038,0.001955546388644272,-0.9077638303409714
9039,9039,-0.026658759286326994,-1.259692288252885
9040,9040,-0.05048623491138374,-1.0153978763634472
9041,9041,-0.04105488637113992,-1.1020196179280473
9042,9042,0.022683727528000158,-1.1614204548713591
9043,9043,-0.027846243371077647,-1.0724774296380502
9044,9044,0.040435081634476996,-1.2646621202606256
9045,9045,-0.008734625490038318,-0.7944917599469823
9046,9046,0.03662792535493335,-1.1051327964735207
9047,9047,0.011915062842609736,-1.0256990183998103
9048,9048,0.007954783390152112,-0.9765004187265481
9049,9049,-0.04185514073376313,-1.0299898934918446
9050,9050,0.016375650502992098,-0.893093831547585
9051,9051,-0.04101040973156549,-1.1656094391564342
9052,9052,0.04081822676611922,-1.0627031249040966
9053,9053,-0.025753559316912256,-0.9431981382821507
9054,9054,-0.0047082541748565965,-1.1337815855848976
9055,9055,-0.003193021503070055,-1.1015555612884416
9056,9056,-0.010533028136723101,-0.8227471654299439
9057,9057,-0.00936362311342602,-1.0783377241906869
9058,9058,0.03299962503434485,-1.0722704937660164
9059,9059,-0.01658530107682117,-1.032714302270607
9060,9060,0.040198435112366024,-1.0839876901136756
9061,9061,0.011593435100976351,-0.8714887570196117
9062,9062,0.014597633816958284,-0.789359398676182
9063,9063,0.019996120703676026,-1.1692500094499798
9064,9064,0.01188353170243013,-0.7806852904253919
9065,9065,0.025119591765022747,-1.1361489598430934
9066,9066,0.008984656617922124,-1.059886521121478
9067,9067,0.0399271212184613,-1.108774192584851
9068,9068,0.004721232824548116,-1.030824958115644
9069,9069,-0.03160989839943802,-0.8386061256740711
9070,9070,-0.014449593704313894,-0.5421547706079115
9071,9071,0.03868913675894979,-1.0514715470316793
9072,9072,0.026960143187583295,-0.9756240748076821
9073,9073,0.008327096335741021,-0.7122746038161472
9074,9074,-0.010669535463304541,-0.8462425613191369
9075,9075,-0.016769214971300517,-0.9626464566433893
9076,9076,-0.010487436588918545,-1.0290422472702376
9077,9077,0.0010622803734660624,-1.175063099309377
9078,9078,-0.04066590325058856,-0.9041437655460932
9079,9079,0.03165645477421343,-1.1660174818348712
9080,9080,-0.00866107666761251,-1.0702507126035887
9081,9081,0.03213413178484741,-1.17937025350415
9082,9082,-0.021043810586056616,-1.1697761114605434
9083,9083,0.0047796984496954464,-0.8672353673129702
9084,9084,-0.02163684864365233,-0.7632837371226664
9085,9085,0.004806627883596426,-1.1559632058310685
9086,9086,0.011623267126879552,-0.9081874689213282
9087,9087,-0.02165167298361481,-0.9107712219151095
9088,9088,0.045499250381823904,-0.7716445399902051
9089,9089,-0.035135132774116166,-0.872297295143778
9090,9090,0.03476691218803381,-1.136710258733192
9091,9091,-0.022265277907293143,-0.9495109423114579
9092,9092,0.010297746301978286,-1.0801469326217574
9093,9093,0.010064910091335401,-0.9349656163914492
9094,9094,0.015930785969083178,-1.1543666223694051
9095,9095,0.0278868197776072,-1.096120415963765
9096,9096,0.038509886132792576,-0.9356999478726561
9097,9097,-0.008541042315517847,-1.2091259425129923
9098,9098,0.018664644186638074,-0.7269704387389117
9099,9099,0.06016518739802175,-1.0332173326569873
9100,9100,-0.03987551257925133,-1.0412165285962949
9101,9101,0.018766600193354327,-0.8372675265356333
9102,9102,0.015479657763809995,-1.09710958533362
9103,9103,0.010749611749071464,-1.2089781206738457
9104,9104,0.04097817967020053,-1.079799767850763
9105,9105,0.008839999418127591,-0.8845372565645229
9106,9106,0.0471859986795102,-0.8687006712190883
9107,9107,-0.0203213774070677,-0.9175050739217405
9108,9108,-0.03656412944722919,-1.0073302093094931
9109,9109,-0.01791460337715331,-0.9274898211071998
9110,9110,-0.027103152260239127,-0.756242732401745
9111,9111,-0.007900599928577884,-1.0570576100334474
9112,9112,0.010753424867251001,-0.7605346978066488
9113,9113,-0.010005155316479872,-0.8866857799964108
9114,9114,0.01733469601641382,-0.9591770326209587
9115,9115,-0.0064306428820986306,-0.8695140932008462
9116,9116,0.05852897076758196,-0.9397665373586807
9117,9117,-0.03155382263104287,-0.9033424914967494
9118,9118,-0.010707255754831793,-1.005647696434102
9119,9119,0.05114869473130876,-1.0424762031487764
9120,9120,0.013491621341023816,-1.061795205080346
9121,9121,-0.03898392899711165,-0.9735233488827569
9122,9122,0.029886805157893936,-1.1610258836721346
9123,9123,0.022988707094628594,-1.1743922588005775
9124,9124,-0.0385223748276751,-0.7924583379707795
9125,9125,-0.018821892818748368,-0.8889407013288633
9126,9126,-0.0060106570925157685,-1.0645226572368154
9127,9127,0.04131118444217986,-0.8603635820290012
9128,9128,-0.003615782549718949,-1.2439433390003085
9129,9129,-0.013028320070002082,-1.1081964657487915
9130,9130,0.03705918153491512,-1.044614799513935
9131,9131,0.0006655494427511427,-1.0422258659401336
9132,9132,0.014880743268430911,-0.9499039284314769
9133,9133,0.022247043644859583,-0.9696154853117956
9134,9134,-0.014466286235564878,-0.9030487483884512
9135,9135,0.04685700190512349,-0.9672641446221609
9136,9136,0.015443785137491187,-0.9046241951122401
9137,9137,0.03480585906235476,-0.9389380623887268
9138,9138,-0.017918004099403983,-0.8609802140130156
9139,9139,0.0082137140836894,-1.155422544182425
9140,9140,-0.0035083826799504614,-1.0331384522707519
9141,9141,-0.018389011655736223,-1.0184137365285784
9142,9142,0.0487909484913457,-0.927417834839195
9143,9143,-0.02806709315842132,-0.8580115183510225
9144,9144,0.0071000274649790154,-0.9144354453652125
9145,9145,0.03162605660883065,-1.0331173973620678
9146,9146,0.026753152048792764,-1.151292733886315
9147,9147,-0.02420761004371076,-1.0161776914883853
9148,9148,0.03624942805511691,-1.1212271124589914
9149,9149,0.00651361646624809,-0.8254582591638345
9150,9150,-0.011473938554198218,-1.049499010578591
9151,9151,0.005101006641669473,-1.0458577562611537
9152,9152,0.01351211962698215,-0.8774411916459572
9153,9153,-0.01667249656047674,-0.8861163520582149
9154,9154,0.00813840464213113,-0.8695945187516423
9155,9155,0.05060663833096619,-1.0313786185871985
9156,9156,-0.008677063975204388,-0.9276029374146675
9157,9157,-0.022894592570914526,-1.0811367841763961
9158,9158,0.05437685967674089,-0.7818128107398782
9159,9159,0.00834672219668639,-0.8649119685500062
9160,9160,0.01767830759660967,-0.9661608368872432
9161,9161,-0.0029797760618316613,-0.8379393086175428
9162,9162,0.004457029032146481,-1.0473976201286415
9163,9163,0.019482527942067562,-1.2298183318199611
9164,9164,-0.03532045897702001,-0.9119985615925406
9165,9165,0.010114399421386769,-1.0010210379588043
9166,9166,0.008038738047828453,-1.1051663953449165
9167,9167,-0.002640981352935251,-1.01891691608787
9168,9168,0.010093989723097378,-0.9022512194085707
9169,9169,-0.04359788057277508,-1.0511653133124672
9170,9170,-0.003966345009365699,-0.9385324820354097
9171,9171,-0.029184382911614494,-0.9858265158616145
9172,9172,0.03210841614254496,-0.870881502283929
9173,9173,-0.04284135562491605,-0.8484745415638058
9174,9174,-0.011601717514176643,-1.167498023945194
9175,9175,0.013423593407368456,-0.9230707455571334
9176,9176,0.015028669236972103,-0.827947607343816
9177,9177,-0.015975468872577572,-1.1218495917614235
9178,9178,-0.02196320093976409,-0.8468349594332788
9179,9179,0.01721950333717144,-1.040415767556643
9180,9180,0.0019037665631628092,-0.9468313426956679
9181,9181,-0.013541527099336679,-1.1214897786906244
9182,9182,-0.009265682531428211,-0.6024909226866398
9183,9183,0.006111785056920449,-1.312511164813614
9184,9184,-0.007524905050705539,-0.9638911536575315
9185,9185,0.012821652467657305,-1.0713968836639451
9186,9186,0.021155463841221633,-0.8799883995941127
9187,9187,0.0008992092443004529,-0.8081523387648727
9188,9188,-0.03559234571211012,-0.8751076748593947
9189,9189,-0.01582933738863858,-0.8751409022529735
9190,9190,-0.004460048378569614,-0.9097528950785021
9191,9191,0.018267150762166617,-0.9942992264804187
9192,9192,0.008694264776475155,-1.034023320173604
9193,9193,0.011455203082183119,-1.1245908327155414
9194,9194,-0.034819506453255496,-0.9356542236901099
9195,9195,-0.008015961629817395,-0.9723870234019885
9196,9196,0.01573143481274209,-0.9998640283490036
9197,9197,0.040860272094027594,-0.9517728486491044
9198,9198,-0.010764270882637636,-1.0313756024737024
9199,9199,0.024441537132449245,-0.8984482864973635
9200,9200,0.01852138237736195,-0.9585380700412421
9201,9201,-0.0005940980312960087,-1.2791859748061623
9202,9202,-0.013631980533067418,-0.905934882202971
9203,9203,0.039858973977408015,-0.9982326656442007
9204,9204,0.007120105573904209,-1.0942138376915456
9205,9205,0.023083990250062032,-1.0188403988354646
9206,9206,0.024822675729110705,-1.1458796111710365
9207,9207,-0.002068750435634318,-1.0718043922999525
9208,9208,0.03081566874553994,-1.1906322681689423
9209,9209,0.013739883422814458,-0.9870807278099841
9210,9210,0.02620132515365095,-0.7676258334476405
9211,9211,-0.02465724416824646,-1.051428622638652
9212,9212,-0.051309555143346286,-0.9062923616923254
9213,9213,-0.05116808715560307,-0.9302213497837731
9214,9214,0.008080742283990291,-0.942766534648962
9215,9215,-0.019405729936038563,-0.9010561871509353
9216,9216,0.019273897219718422,-0.9967669533442227
9217,9217,0.037838231331997735,-1.042417398693385
9218,9218,0.00822903193880458,-1.035125284497631
9219,9219,0.024600136867046332,-0.9300062368962146
9220,9220,0.013389974665754135,-1.1401060853829748
9221,9221,0.005524782350072959,-1.1543660724786537
9222,9222,0.013213394771372594,-1.0760781940489628
9223,9223,0.03192420282055054,-0.8775532325131687
9224,9224,0.03535038113940322,-0.9894795485573755
9225,9225,-0.009519318392442744,-0.8383723375990879
9226,9226,-0.007498007791650418,-1.136908239715652
9227,9227,0.015399036846978104,-1.1707988608184778
9228,9228,-0.016855483471690247,-0.9060950104085932
9229,9229,-0.015298940808081519,-1.1331483865093042
9230,9230,0.013915979365084964,-0.881725524451088
9231,9231,-0.013330755510033557,-1.152354774254821
9232,9232,0.02149508889701887,-1.033184521447965
9233,9233,0.020052619028617102,-0.8224828770888011
9234,9234,0.011228059027026133,-1.1167924470370798
9235,9235,0.002786853605657162,-0.8243612173675097
9236,9236,-0.03243657522728956,-1.0674896919676213
9237,9237,-0.007446952654163869,-0.8704957135904438
9238,9238,0.01707104621886495,-0.8323124478345197
9239,9239,0.03479069101442199,-1.0726419074339633
9240,9240,0.0205987114934675,-0.7566488164100741
9241,9241,0.0412424772472933,-1.092235076319319
9242,9242,-0.031039009594108137,-0.8560254723704047
9243,9243,0.010143233199027777,-1.0966947237292317
9244,9244,-0.003851649790663136,-1.0227780419108454
9245,9245,-0.0013022859994029357,-0.8334053216568875
9246,9246,-0.0022634248111510283,-0.8701034990416131
9247,9247,-0.019868595962025892,-0.682582920395706
9248,9248,0.011037643299197234,-1.1076883573818541
9249,9249,-0.01140854887291774,-0.8792791228859639
9250,9250,-0.0039058996070056584,-1.1656891347129914
9251,9251,-0.07395164683579236,-0.8935558923829676
9252,9252,-0.025553940528896396,-0.9698998574984196
9253,9253,0.019395134686536336,-1.1292970721126327
9254,9254,-0.004957067549387607,-1.1630838085800215
9255,9255,0.016894223864566453,-0.990302572768997
9256,9256,-0.050611341602515306,-0.7274701267604188
9257,9257,-0.0006195810971012794,-1.0485695072667813
9258,9258,0.01956776874774669,-1.1245840768817863
9259,9259,0.02798688008179963,-1.2671492560614945
9260,9260,0.0053488381578838395,-0.7969906812208191
9261,9261,-0.010873207795783001,-1.0545630187805324
9262,9262,0.009162415333558393,-1.1542182741947855
9263,9263,-0.024445722381575927,-1.1192257552433575
9264,9264,-0.011926256044867856,-0.8549785987401901
9265,9265,0.013684019817685196,-0.7882514611787815
9266,9266,-0.002346109222039353,-0.7961313986639341
9267,9267,0.04305038037692102,-1.0354501100618914
9268,9268,0.00783308139055812,-1.208213049777397
9269,9269,0.0013546477618723955,-1.031595377138098
9270,9270,-0.03287685151006963,-1.0472729516628418
9271,9271,0.0008654445654436849,-1.068867696886022
9272,9272,-0.010803423277997156,-0.9398661200795462
9273,9273,0.037973044680264315,-1.076010897517784
9274,9274,-0.01805335710626471,-1.28183234788403
9275,9275,-0.008817383874941645,-0.9921814039303702
9276,9276,0.0023356311872310504,-1.0755959583166403
9277,9277,0.00025600817821747057,-0.998755782815582
9278,9278,-0.04643264198728164,-0.7250626089809271
9279,9279,-0.018747900281411406,-1.1352475015407557
9280,9280,0.004309847665991438,-1.122655028736367
9281,9281,-0.011376519014385428,-0.9484035517876638
9282,9282,0.01976426999249507,-1.081844727444544
9283,9283,-0.0010982132756188617,-0.9069357269657969
9284,9284,-0.004403138658591113,-1.2563250055329953
9285,9285,0.02009205095038616,-0.954815731810088
9286,9286,0.038392815807032236,-1.1172905500744386
9287,9287,-0.01606477213210472,-0.7077948767180287
9288,9288,-0.0036467618670917717,-0.9786225217979131
9289,9289,-0.01610810462927173,-0.8675461811454945
9290,9290,0.006692327399811765,-1.0187886758800064
9291,9291,0.01812184741183137,-0.7801910980844284
9292,9292,0.020135125317961647,-0.9517603386153982
9293,9293,-0.05040404741179413,-0.9294192105912884
9294,9294,0.0050316384153084245,-1.0362102855004387
9295,9295,0.007083470238830374,-0.9818638040922979
9296,9296,0.005617161723929703,-0.8072132986066987
9297,9297,0.03179205523674726,-0.8970079069496124
9298,9298,-0.028904326275798045,-1.0498182534690996
9299,9299,-0.004467309478876826,-0.9489377319736774
9300,9300,0.02059795339417685,-1.1076099455346289
9301,9301,0.06320552507799025,-0.9232257052835318
9302,9302,0.03797812122748497,-1.0296578432051895
9303,9303,0.030649846894233224,-0.9232725683034622
9304,9304,-0.0324264554560377,-1.1037118211419847
9305,9305,0.022294656768570006,-0.7605595069010825
9306,9306,0.008267609658755143,-1.049801902304751
9307,9307,-0.002043400674736545,-0.9003487220567175
9308,9308,-0.007418618839809071,-1.0382861982480163
9309,9309,-0.028860895649276627,-0.9695461029654969
9310,9310,0.003059389918630584,-0.8298431220692276
9311,9311,0.011615661738204774,-0.9658831529034833
9312,9312,-0.00849055917552637,-0.9464375656492638
9313,9313,0.004187661252528452,-1.0395152857829988
9314,9314,-0.02781679020690697,-1.0230731663088513
9315,9315,-0.011315155107186805,-0.9334225632583256
9316,9316,-0.0018672982635961066,-1.0625349899139354
9317,9317,-0.005976175302713999,-0.9955597627250977
9318,9318,-0.026931409613908837,-1.026784407031937
9319,9319,-0.004432316869154747,-0.7888800866217609
9320,9320,0.08898669844208974,-0.9928972259669518
9321,9321,-0.020523794094199563,-0.994421753506982
9322,9322,-0.024751798684805704,-1.0086156608031092
9323,9323,-0.012567318437113617,-0.7522861376780399
9324,9324,0.013064244199895277,-1.1174462264410405
9325,9325,-0.0022468721323020135,-1.0370968486362344
9326,9326,0.00531630781598795,-0.9644021645213852
9327,9327,-0.012144499984467337,-0.9091432777063321
9328,9328,-0.030422803457311354,-1.119925496181768
9329,9329,0.05571515834961527,-1.155635928685666
9330,9330,-0.00411678740848392,-1.1220878452361736
9331,9331,-0.04448280657709906,-1.004805724313868
9332,9332,0.007509122840218194,-1.0103290445491344
9333,9333,-0.015840419035695552,-0.8722389971279174
9334,9334,-0.0010589000692424189,-0.8867113649840648
9335,9335,-0.057337793373679405,-1.016970560155289
9336,9336,0.02120018571521384,-0.9700815278701046
9337,9337,-0.000504935690305755,-1.1899855150601408
9338,9338,-0.0024340016258806024,-0.9942779384914511
9339,9339,-0.026932948066098347,-1.1218697365844505
9340,9340,0.012615153005458533,-1.150519111858
9341,9341,0.026578691785966675,-1.0445379212451456
9342,9342,0.020884055835353743,-0.9394295638726441
9343,9343,0.006227799017258201,-1.1313664033573043
9344,9344,-0.026783928294038084,-0.7330263775402469
9345,9345,0.01622676862923167,-0.9340811171368242
9346,9346,-0.05629061608172676,-1.061635701178297
9347,9347,-0.045814070635621575,-1.0033219004725442
9348,9348,0.026160024101556587,-1.152686124572403
9349,9349,0.035885568828188386,-1.057292330227279
9350,9350,-0.004127077757977174,-0.9307343175597264
9351,9351,-0.012498057469680902,-0.9246511726908473
9352,9352,0.012257438002158262,-1.122802607267919
9353,9353,-0.009577571524597022,-0.8405171190437976
9354,9354,0.0005628202359990314,-0.955982681924172
9355,9355,-0.017035672842751953,-0.9263579724679966
9356,9356,0.005220554340502323,-1.0828267003531589
9357,9357,0.013130169913394732,-0.9506246433021268
9358,9358,-0.007456326039708389,-1.1135710501663267
9359,9359,-0.023236898046610943,-0.8889779358572409
9360,9360,-0.0007340137988760542,-1.1116773451049606
9361,9361,0.02000401237129011,-0.9850348653832003
9362,9362,0.027469250719499155,-1.0747349453480024
9363,9363,0.019599217562486504,-1.316755018389248
9364,9364,-0.005302993673863984,-1.0278494849249629
9365,9365,0.010209195413668742,-1.1793285532979805
9366,9366,0.0007715922901673153,-1.1965715865796511
9367,9367,0.009687750996849487,-1.0823984914792915
9368,9368,-0.0005669696419193376,-1.1091814916465703
9369,9369,0.011185159147083415,-1.0038084948235555
9370,9370,0.05557026563782137,-1.3259833396643788
9371,9371,-0.01472283248189142,-1.0243727056282859
9372,9372,-0.003644881106206657,-0.8615023818494888
9373,9373,0.016590244271333335,-1.0987972246787654
9374,9374,0.008846611448763683,-0.9203252816323328
9375,9375,0.027790951196154517,-0.9658360980381345
9376,9376,0.022765524055137876,-0.9490549271514994
9377,9377,-0.04847981509072386,-0.970577893942232
9378,9378,0.014610750909592643,-1.1356685078745488
9379,9379,0.00860474003638775,-0.771027639264052
9380,9380,-0.015749633694905098,-0.9511087489983556
9381,9381,-0.0006126328252488988,-0.9266663952309213
9382,9382,-0.027185869939117077,-0.9067710826850438
9383,9383,0.010996130457043174,-1.0501302034673619
9384,9384,-0.008887862827230392,-0.9348882944025857
9385,9385,-0.006455032704484512,-0.8522524487331598
9386,9386,0.021981512319533998,-1.1355200035133861
9387,9387,0.02177274313006751,-0.8926516113014685
9388,9388,0.0025501225154516416,-0.9581798912502647
9389,9389,-0.013851423284159725,-0.8404538023429802
9390,9390,0.02375419846383585,-1.0470730306102394
9391,9391,0.005026197141325239,-1.0710243021271313
9392,9392,-0.018946430805211786,-0.8591373174232037
9393,9393,-0.019030348899085125,-0.9207569174877029
9394,9394,0.008600345373062515,-0.9737881644407006
9395,9395,0.01184539512300016,-1.0627454530863611
9396,9396,-0.011887414235191317,-1.2328715389366116
9397,9397,-0.0023730138203505446,-1.1579053157629813
9398,9398,0.014395632462588646,-0.9834926554907707
9399,9399,0.024659918485235216,-0.8351482115590649
9400,9400,0.015694765266612957,-0.9683880309310436
9401,9401,-0.026026738399995218,-0.8103472367981885
9402,9402,0.010369385273138118,-0.982380600823125
9403,9403,0.03576075800888128,-0.9292769897314809
9404,9404,0.0038443199342370615,-1.1164923900789334
9405,9405,-0.007811236270252802,-0.9665249229959849
9406,9406,0.02133915577641113,-1.1391366663995421
9407,9407,0.032518309908284956,-0.9833652782271368
9408,9408,0.00027768174834855164,-1.2481524504452868
9409,9409,-0.044022320577352045,-0.8184354456722874
9410,9410,0.008758150979984017,-1.0602879750696004
9411,9411,-0.029104929783395548,-0.8475895855821411
9412,9412,0.018699523453029422,-1.1410233883658507
9413,9413,0.04579350043513658,-0.9251358110901879
9414,9414,0.04069676647385245,-1.0361476834854488
9415,9415,0.011319304777643896,-1.2029471136190923
9416,9416,0.03062179371536764,-0.9539842790333066
9417,9417,0.016074537936011764,-0.9573293607781932
9418,9418,0.03128633286834001,-0.9073200579819883
9419,9419,-0.022039169041805667,-1.0354529469064704
9420,9420,-0.01756832864676179,-0.8534640517930339
9421,9421,0.00998369753436347,-1.0633640563450328
9422,9422,0.020877464401294468,-0.9372572656092963
9423,9423,0.0066986150867233835,-0.8958481399552534
9424,9424,0.04109279102249221,-0.8519158982006345
9425,9425,0.04171307312085684,-1.0199823784019448
9426,9426,0.012674512086648262,-1.0175260853883923
9427,9427,0.017525404306061365,-0.9048336287410977
9428,9428,0.014697071975067949,-0.9724618886434189
9429,9429,0.00962396202036716,-1.1007624502713005
9430,9430,0.008367565646446806,-1.0203412543702814
9431,9431,-0.012615480407434015,-0.9158864948346749
9432,9432,-0.00010846486806111166,-1.1888038777698884
9433,9433,0.0082539702587041,-0.9290098047235908
9434,9434,0.014156719011366642,-0.9322963325854259
9435,9435,-0.021094343979420956,-0.8371416389005103
9436,9436,0.007659199821325676,-0.8532288611151625
9437,9437,-0.023196982612292805,-1.11904720157141
9438,9438,0.0008610746214715026,-0.8807825676111682
9439,9439,-0.012693783130661676,-1.1752212412512832
9440,9440,-0.0027593163022919115,-0.9635435591186637
9441,9441,0.0381970637360778,-0.7106472263583138
9442,9442,0.025225935224518894,-1.2162888533609406
9443,9443,0.03793336557540575,-0.764014478647502
9444,9444,-0.01171727664893761,-1.063411084757426
9445,9445,-0.04946066649061678,-0.8435754005713877
9446,9446,0.034115343068149236,-1.2581549258836127
9447,9447,-0.024831685093225087,-0.9535983657071847
9448,9448,0.004345162408392403,-0.9705220735271552
9449,9449,0.0072372988142207495,-1.032831671930753
9450,9450,0.002437837390417169,-1.0156732609655001
9451,9451,0.006780761960359998,-1.049544708852251
9452,9452,-0.01123472049783426,-0.9272411397667387
9453,9453,-0.014694962166203439,-0.9844287027189181
9454,9454,0.005178844090803546,-0.9637941462713105
9455,9455,0.0325735234965031,-0.962879208551627
9456,9456,0.015537891429166117,-0.9023713853525245
9457,9457,-0.02403167402583553,-0.9148533975382761
9458,9458,-0.027207627622991174,-0.8638326523717399
9459,9459,0.035250055915827,-0.9821262646938244
9460,9460,0.05660259574602937,-1.117122497986372
9461,9461,0.003482095887213793,-0.9915213621539868
9462,9462,-0.027336422323002166,-0.9274386913904838
9463,9463,-0.0418079948870022,-0.9195885001153986
9464,9464,-0.004915961160426516,-0.948056833638209
9465,9465,0.0090855342444487,-0.880610145931851
9466,9466,-0.011353361144084667,-0.959621970879836
9467,9467,0.022094159190504753,-1.0255800012665972
9468,9468,-0.019124855706680044,-0.9294529211759928
9469,9469,0.0095622011114423,-1.0031057861333141
9470,9470,-0.012918713483878824,-1.0643439251631703
9471,9471,-0.02501681800949364,-0.8983392039250132
9472,9472,0.014397347515922112,-1.119193858640247
9473,9473,-0.008689899415823696,-0.9417741693180908
9474,9474,0.00646856199545226,-0.9161749802562554
9475,9475,0.023281906638496573,-1.016076461132369
9476,9476,0.007921083293553814,-0.6711723237245548
9477,9477,0.00402316029057348,-1.1266310895709595
9478,9478,-0.036623339121103125,-0.9046491475764319
9479,9479,0.018046472225358136,-1.0917225111707882
9480,9480,-0.0030943494727522294,-1.010371530587177
9481,9481,0.018771389001067444,-0.992032052377057
9482,9482,-0.03528989182143198,-1.0344410127200845
9483,9483,0.02488175458610835,-1.1061660965591797
9484,9484,0.014522700156317417,-1.0296322715397093
9485,9485,0.012098733518015912,-0.9235143321616109
9486,9486,0.029520993918271343,-0.9932733758262549
9487,9487,-0.015307331773113261,-1.0750805646281845
9488,9488,0.0036128009055573784,-1.0608378991913998
9489,9489,0.005322546633867373,-0.9408422449555671
9490,9490,0.04477038434479157,-1.0959791753737755
9491,9491,0.005554898237854891,-1.121989965057797
9492,9492,-0.0014626632890438057,-0.9611500979535156
9493,9493,-0.013014956532042932,-1.0475400593051696
9494,9494,-0.02371253787940724,-1.013524388906535
9495,9495,0.0037511490950358564,-0.7612763684955834
9496,9496,0.008532109812920297,-0.9681696109728425
9497,9497,0.01225422542567993,-0.9007696518491879
9498,9498,-0.015554975386568415,-0.9232693995348564
9499,9499,0.03161276628980535,-1.2236610935465848
9500,9500,-0.037207371008151205,-1.1314943690531978
9501,9501,0.041009215223197906,-0.9973987458485225
9502,9502,0.01837070915517515,-1.0313426934174428
9503,9503,-0.021886598174545246,-0.8601576899820836
9504,9504,0.036648248910529424,-1.0478067667944577
9505,9505,-0.030949964567980083,-1.044203138320573
9506,9506,0.014071531160553236,-0.9881053748571585
9507,9507,0.005319117502798287,-0.9719007610917504
9508,9508,-0.047806116273500426,-0.7274369602385433
9509,9509,-0.020839876573601843,-1.1249366361955193
9510,9510,0.012731376396380487,-1.1770869108060376
9511,9511,0.0021431551952365534,-0.7809919014456423
9512,9512,0.0095820255126359,-0.9683181904566754
9513,9513,0.004200287420070288,-1.1842858963543679
9514,9514,-0.00759161226653958,-1.22813497786628
9515,9515,0.010546435546662902,-0.9803814970938631
9516,9516,-0.010373406791573152,-0.8186939783384594
9517,9517,-0.0583545149389464,-1.1810103425752603
9518,9518,0.0106331330718374,-1.0960895911102047
9519,9519,0.0017683663923980658,-0.8553703881831753
9520,9520,0.004624572639047211,-0.9532719454260404
9521,9521,-0.005945169993256116,-0.9818167067253258
9522,9522,0.02863321744483341,-0.9845146047251151
9523,9523,-0.036658149374307676,-0.9069120337269213
9524,9524,0.00779085125936535,-0.9083130051830945
9525,9525,0.007153204998303339,-1.0613527664050215
9526,9526,-0.013889726676024755,-0.8673611628843676
9527,9527,0.00350481554460688,-0.8320338459681631
9528,9528,-0.04353083716903702,-0.8858486851899353
9529,9529,0.022329679963626073,-0.9829628501466285
9530,9530,0.011670320657881044,-1.075730087298131
9531,9531,0.016207109743788542,-1.0168955988529769
9532,9532,-0.021604509500163363,-1.0301290392600075
9533,9533,0.018443429536096206,-0.9273723177638201
9534,9534,0.0195335869589625,-1.1606611423937805
9535,9535,0.028176450031543926,-0.9220749003696989
9536,9536,-0.029204396814983158,-0.958793748554076
9537,9537,-0.0008003236318727264,-0.8527083448280277
9538,9538,-0.02400236028797873,-0.8097160738785771
9539,9539,-0.008903818622176568,-0.9970764076057366
9540,9540,0.004734741817182933,-1.002563899665729
9541,9541,0.014274118288734325,-1.0402669812484076
9542,9542,0.017732546442072283,-0.8403741166690485
9543,9543,0.0174845592185503,-1.2039606131333953
9544,9544,-0.012423866225668937,-1.03897150856122
9545,9545,0.051941596709027746,-1.1401972811947876
9546,9546,-0.019609886058392118,-0.9014464725602122
9547,9547,-0.021137180932339975,-0.9563980865636756
9548,9548,0.006693976813328123,-0.878715832482359
9549,9549,0.016931604451460414,-1.1063886805723055
9550,9550,0.026581708354413973,-0.9432734128664032
9551,9551,0.024025688644977963,-1.039645291885709
9552,9552,0.012109051128920946,-1.027983441572999
9553,9553,0.04146053706980157,-0.9765353353321332
9554,9554,-0.0019875573826772797,-1.0796373445376004
9555,9555,0.012230066958331932,-1.0904743895014308
9556,9556,-0.06347397020268522,-0.8226100866893364
9557,9557,-0.031046983230336417,-0.962630602019312
9558,9558,-0.012523447260240947,-1.0289846175767683
9559,9559,0.003973852831665431,-1.1193948980919135
9560,9560,-0.0009489612381333376,-1.0365070103657097
9561,9561,0.0012467583868562282,-1.0917264161848137
9562,9562,0.01693940104062834,-1.203769558769741
9563,9563,0.011273956781977262,-0.9829978262551348
9564,9564,0.024758109517534863,-1.1362890581499567
9565,9565,-0.052898033219757314,-0.8195145087631761
9566,9566,0.01184026869798721,-0.829835879059974
9567,9567,0.009618738608063025,-0.9521635877618386
9568,9568,-0.045154888229120935,-0.9194056913068991
9569,9569,0.012272135694577316,-0.8580085936393552
9570,9570,0.02007725814726502,-1.0364313597254564
9571,9571,-0.012902736549757265,-0.8946861292381955
9572,9572,0.0022298555824371707,-1.0116945990486443
9573,9573,-0.00047477356272243587,-0.9180863512707506
9574,9574,-0.006850810346574553,-0.7934116790446488
9575,9575,-0.011140645110725225,-0.9500496871222137
9576,9576,-0.01740265236037898,-1.1498971203861639
9577,9577,0.02007265421207842,-0.9703328409555411
9578,9578,0.00799716467997566,-0.9980882962155132
9579,9579,0.024499832939471014,-0.9584609773415766
9580,9580,-0.008442135443991493,-0.9898197494096538
9581,9581,-0.008344520007649972,-1.003107812567917
9582,9582,0.021099703289365855,-1.0911141383123335
9583,9583,-0.016145966142648082,-1.116216422608891
9584,9584,0.02608909369614328,-0.9333599980602252
9585,9585,-0.02437743262373944,-0.8460335226846023
9586,9586,0.023162325172864977,-0.9750896970700537
9587,9587,0.013564054425515566,-0.9416584641202155
9588,9588,-0.004595029434705661,-1.225468026263
9589,9589,0.015769291184759983,-1.0420840642300033
9590,9590,-0.0061173689764140934,-0.8694022769375738
9591,9591,0.020264613264311913,-0.9580601034746473
9592,9592,0.04634744555162362,-0.9337943052791483
9593,9593,0.011483135294037824,-0.8589588376695868
9594,9594,-0.00022752952023161188,-0.8066569960365306
9595,9595,0.021397715554691915,-1.199726858970488
9596,9596,-0.0022361268633245834,-0.9896303294316229
9597,9597,-0.013443618113830061,-0.9541836284636833
9598,9598,0.01179292939899762,-1.1619432140124877
9599,9599,0.01118323356175275,-0.9771216234418432
9600,9600,-0.053271053430906885,-1.109561585977685
9601,9601,-0.019052388664741682,-0.9064023964047311
9602,9602,0.010944781012069194,-1.0884994343448333
9603,9603,0.01559615144150734,-0.8090065100079445
9604,9604,0.0070913460522509,-0.9556672820419083
9605,9605,0.013285455477728862,-1.0632869221928638
9606,9606,0.011196749352782892,-1.108618639944647
9607,9607,-0.03209361649491556,-1.0217410412533814
9608,9608,0.024168563379341826,-1.1164290226706393
9609,9609,-0.0025849149346330175,-1.193495387241729
9610,9610,-0.050047931001845805,-0.9767531449445467
9611,9611,0.012789954123901916,-0.9830955234844777
9612,9612,-0.0021217452192514143,-0.9265909763341679
9613,9613,0.0023591759371128507,-1.0258177057594753
9614,9614,0.02725271713792174,-0.8586489227859408
9615,9615,0.008806390483085201,-0.9530353875810651
9616,9616,0.016402823577519637,-1.1328975528812277
9617,9617,0.00981337966452519,-1.0150105100766909
9618,9618,0.005259746785052061,-0.8366088769084236
9619,9619,0.0025912223548478774,-1.2274051287957009
9620,9620,0.04108859292532262,-1.172937751046545
9621,9621,-0.006456813203990094,-0.8032037419400918
9622,9622,0.0118224657894134,-1.163732175240925
9623,9623,0.016285353660744323,-0.9936534271683456
9624,9624,-0.01186007744999995,-0.830937822199586
9625,9625,0.02401738917839545,-1.2019532523414354
9626,9626,0.007868422041214924,-1.133474981694915
9627,9627,0.0033870364898940346,-1.0545582645532723
9628,9628,-0.0035783112413790633,-1.172047884417069
9629,9629,0.018011556717775615,-0.8499048347230197
9630,9630,-0.0003404999674768254,-0.9643976409931614
9631,9631,0.048684758442252354,-1.0384861636754368
9632,9632,0.0061030176142390785,-1.0877375186767244
9633,9633,0.04887797386505885,-0.9155000328610778
9634,9634,-0.015166544663454934,-1.0238146003974464
9635,9635,0.010674098028311933,-1.054891491437992
9636,9636,0.014946328374302785,-1.1676818543501741
9637,9637,0.04864084125545282,-1.0542988232840873
9638,9638,-0.03281609007021173,-1.0093481330748268
9639,9639,0.034291636837492215,-1.1300912520423676
9640,9640,-0.007440645616768694,-1.1440370366378294
9641,9641,0.014570719142031535,-1.1522761174991714
9642,9642,-0.03232824186513525,-0.9982877474763154
9643,9643,-0.025806653010362453,-0.8316532687019167
9644,9644,0.0023709097692590914,-0.8688961467905034
9645,9645,0.02920960985825083,-1.120052251134907
9646,9646,-0.022040099072265867,-1.1778246956196345
9647,9647,0.0035167315365741414,-0.8761644800978756
9648,9648,-0.027952378304501438,-0.9060382670715691
9649,9649,0.022805487474079247,-1.0392827454531688
9650,9650,-0.02095027630542455,-0.999865462572447
9651,9651,0.010519726129441673,-0.951619013839326
9652,9652,-0.008799804865165933,-0.9611676032320798
9653,9653,0.0028554504646461087,-1.1373258320882689
9654,9654,-0.015104391624528937,-0.8906344425750264
9655,9655,0.03767489359763175,-1.0495266990173715
9656,9656,-0.04983351759778406,-0.8352424332513186
9657,9657,-0.03410354036847193,-0.8579924084499383
9658,9658,-0.024101807687861715,-0.9698641067671965
9659,9659,-0.004483572623445009,-0.887656544732238
9660,9660,0.01073215667778639,-1.071994167410767
9661,9661,0.015679383296082358,-1.066522246438338
9662,9662,0.009845033252211671,-0.9725764435030017
9663,9663,0.0023870398110918574,-0.92539462347617
9664,9664,0.025039817053751766,-0.9068606660580265
9665,9665,0.0308587969763644,-0.9857047724051863
9666,9666,-0.009498152035110945,-0.8328565944197893
9667,9667,-0.018843754840748954,-1.1845972462585823
9668,9668,-0.02157082299002927,-0.9744775594101005
9669,9669,-0.014104567358223952,-0.9563321697545558
9670,9670,0.020106379143550124,-0.8797158106487348
9671,9671,0.03478828160261431,-0.9231688774424983
9672,9672,-0.021800846271127113,-0.9533639541592869
9673,9673,0.010863230459071158,-1.0848264089924777
9674,9674,0.002151731299835813,-0.9303192459607622
9675,9675,0.011039618729387801,-1.1141548584842964
9676,9676,-0.0035108971418672946,-1.1349000920860264
9677,9677,0.010954075930430275,-1.1781606884476972
9678,9678,-0.046190941872221176,-0.8503801418415815
9679,9679,0.0187482069278914,-0.9835132244625225
9680,9680,-0.009741826568948925,-1.075763062990778
9681,9681,-0.0036077697484739324,-1.1479883167779676
9682,9682,0.023115718005030164,-0.7391700982310601
9683,9683,0.005230513981046382,-1.0138202540811965
9684,9684,0.03580747426275182,-1.2305139830497387
9685,9685,-0.009923059963356323,-0.9617296643882037
9686,9686,0.013277229505284364,-0.8001539052917873
9687,9687,-0.016539274148839128,-0.9795761459954593
9688,9688,-0.004323501519254397,-1.0172613387498681
9689,9689,0.015329547000809442,-0.9299728138910667
9690,9690,0.01164119240594804,-1.1069879628667798
9691,9691,-0.010077079660404026,-0.8797678236168307
9692,9692,0.0026993273779081506,-1.126474971872383
9693,9693,-0.04177244372636278,-0.7963396084940912
9694,9694,0.005273036563035575,-0.9598527921580093
9695,9695,-0.011075567023630342,-1.1055473903294446
9696,9696,0.022998538287430217,-1.0745104078207954
9697,9697,0.013352469018293012,-1.173009916616385
9698,9698,0.02479101206786144,-1.3437762991056847
9699,9699,0.0017126653257453217,-1.102365818896834
9700,9700,-0.022217703770049835,-0.9012873012893601
9701,9701,0.01847256214548501,-1.0773225297949791
9702,9702,-0.05636207834103906,-0.9000776084544257
9703,9703,-0.013488187782326695,-1.0283419256528468
9704,9704,0.017458300638124827,-1.0710725198829296
9705,9705,-0.015283058025562344,-1.0435474446149715
9706,9706,-0.007731358236842026,-0.8641919309848415
9707,9707,-0.04653006769795115,-0.9520564809503949
9708,9708,-0.03954595906388489,-0.8363942408171318
9709,9709,0.06829818729094467,-0.9310714798134403
9710,9710,0.02621447690661006,-0.9281350157880365
9711,9711,-0.01131373638291729,-0.9770725524176508
9712,9712,0.0048701201445510295,-1.1190527189131054
9713,9713,-0.005782895030913893,-1.1345344660334815
9714,9714,-0.03978557339271979,-0.937378043752003
9715,9715,-0.03316167694079779,-1.0615334877410596
9716,9716,-0.01905045871077593,-1.072050099597552
9717,9717,0.0008124722588842281,-0.7707640779129525
9718,9718,0.02235939189901931,-1.0402256598075805
9719,9719,0.038045233713817087,-0.846512962558387
9720,9720,0.01821173259174981,-0.8379691318812416
9721,9721,0.034106159364583145,-1.01301441376978
9722,9722,-0.02684437462025451,-0.8904260309221368
9723,9723,0.026122643270901687,-0.9274619326104511
9724,9724,0.02159620707136356,-0.9460416772304096
9725,9725,0.020764579617930327,-1.1311979455116137
9726,9726,0.04761956010637347,-0.9605710962233456
9727,9727,-0.03804683411741718,-0.799654613185481
9728,9728,0.03188580023945131,-1.0953592486206023
9729,9729,0.03693431256795086,-0.9916348058060902
9730,9730,0.0039712096139103426,-1.0689626237958227
9731,9731,0.0010622309341747002,-1.0991287256500242
9732,9732,-0.045307419149234564,-1.0753874116413487
9733,9733,-0.012693672004314455,-1.0879424668240145
9734,9734,-0.018222458735444688,-0.855146038992796
9735,9735,0.038659477515838536,-1.093968229527046
9736,9736,0.012448506738582103,-0.9497842354412096
9737,9737,-0.01010265530089667,-0.9531016723438174
9738,9738,0.020961072713618224,-1.0542076474881652
9739,9739,-0.02068876557797318,-1.0888647398558682
9740,9740,-0.0073396237073651074,-1.0454672573773367
9741,9741,-0.015504327888996014,-0.9310769407684762
9742,9742,-0.016471281014934502,-0.8604438722453005
9743,9743,-0.03293298275676433,-0.8788782540705263
9744,9744,-0.01283332585015673,-0.9083942007513519
9745,9745,0.019784058309819025,-1.0136774485672513
9746,9746,-0.0038697127542518424,-0.9802501466372328
9747,9747,-0.01341810778231678,-1.0306246175583607
9748,9748,-0.01217978566944497,-0.8022934639091128
9749,9749,-0.004787210904529535,-0.8193863476089652
9750,9750,-0.045125395143760294,-0.8598558756499176
9751,9751,0.009186500173691704,-1.0922432153970367
9752,9752,-0.02801509156583376,-0.7858888245761263
9753,9753,-0.011579541737920793,-1.0898535339763786
9754,9754,-0.01918615812519398,-0.8479229763073814
9755,9755,0.008281244945740784,-1.1658774004784538
9756,9756,0.001530015280927638,-0.9662147827701613
9757,9757,0.042879145934316985,-0.8652142955378428
9758,9758,0.008520716605902368,-1.2073771255424712
9759,9759,-0.016005578540746995,-1.016201241831262
9760,9760,0.019630910018190124,-0.8333958623937125
9761,9761,-0.009512414217772595,-1.078032831371854
9762,9762,0.05613328884882918,-1.0950949106356904
9763,9763,-0.016561492124704535,-0.9120335254252123
9764,9764,-0.006669674999829428,-0.8530128172997401
9765,9765,0.01579642499535219,-0.9447154313493795
9766,9766,0.028069809502827496,-0.8465986739627646
9767,9767,0.032005916458389794,-1.0654929612924182
9768,9768,-0.022543410482967145,-0.8633747422379912
9769,9769,0.015098460662429487,-0.8505961269886099
9770,9770,-0.0009506073094256023,-0.8338371604835139
9771,9771,0.0035466185526068783,-1.0925206806467838
9772,9772,0.0020278923407996766,-0.9684782646941993
9773,9773,0.004830344613504123,-0.6930606741716787
9774,9774,0.013806374268885369,-0.8068507719589275
9775,9775,0.030921932963580843,-1.0090744786634493
9776,9776,-0.004397288418639067,-0.8634321402260873
9777,9777,0.015969401508013674,-0.9354899505761612
9778,9778,0.0007502208525639043,-0.9542105870690598
9779,9779,-0.020212051462524097,-0.9789974644993279
9780,9780,-0.020073909676076418,-0.8011685144964069
9781,9781,0.00272238350833848,-1.2393851716614834
9782,9782,-0.02611121132614226,-1.038577101885594
9783,9783,-0.026457607928545505,-0.7607716491485885
9784,9784,-0.005561746390524411,-0.9900411603217397
9785,9785,0.027059768828347503,-0.996307867697858
9786,9786,0.01881825853610236,-0.9323895047983558
9787,9787,0.011073973897110678,-0.8513724318046672
9788,9788,-0.03383905614428857,-1.0218514537694126
9789,9789,0.022740839359451884,-0.8413643726441894
9790,9790,-0.036414623238455485,-0.9839762804815103
9791,9791,0.0072734760795518105,-0.7122496630840043
9792,9792,0.007609948317011249,-0.9441377902472529
9793,9793,0.01689413320725142,-0.8470660859964594
9794,9794,-0.011317174157023852,-0.9894481812632585
9795,9795,-0.013671452691204098,-0.8437037393027816
9796,9796,0.02353865495718773,-0.946864685183601
9797,9797,-0.00757795541675918,-0.7647951037428037
9798,9798,-0.005927483094405918,-1.0319234836509852
9799,9799,0.010846601625788543,-0.8708444251860291
9800,9800,0.03422024727036568,-0.9055502819223032
9801,9801,-0.019423619216219212,-0.9817033869723248
9802,9802,0.011642943746563987,-0.9383553322356823
9803,9803,-0.009662648132441914,-0.872523656848481
9804,9804,0.004928444560564476,-0.8733230209348589
9805,9805,-0.006560199077487762,-1.0124684238617363
9806,9806,0.019172007587374376,-1.0688822545226162
9807,9807,-0.03124252669571407,-1.1143071007481666
9808,9808,0.03823160588003719,-0.9979839436827093
9809,9809,0.02192427420619409,-0.8961326536898124
9810,9810,-0.03359756933895368,-0.8821584666034564
9811,9811,0.0013668302359879647,-0.823297253749738
9812,9812,-0.04605424599237652,-0.7298432976541086
9813,9813,-0.026492101811169993,-0.8822183381400323
9814,9814,-0.0003747658640294539,-0.7001172835467342
9815,9815,0.012500279034006603,-1.0393980007036256
9816,9816,-0.0026308262779944774,-0.8879044022253126
9817,9817,0.01268525872414153,-1.1221682357848382
9818,9818,-0.037267056047669396,-0.7358724201754109
9819,9819,0.015018307069874687,-0.9787142062157359
9820,9820,-0.0031996703416951044,-1.0162360732501357
9821,9821,0.0008350318019681446,-0.982561600655832
9822,9822,-0.01659836913205026,-0.8791196860647297
9823,9823,-0.03640195447098079,-0.9325239496724756
9824,9824,0.018310400582715575,-0.9160719380451089
9825,9825,-0.025549964693351086,-0.7428688860408448
9826,9826,-0.03821371558080555,-1.002199341591917
9827,9827,-0.0031670308710488194,-0.9210725939777457
9828,9828,0.0233353859631709,-1.01635727662869
9829,9829,-0.00014829686437112244,-1.056811640727137
9830,9830,0.006676125232573951,-1.0624592625216773
9831,9831,-0.009034088211960518,-0.9346061447004566
9832,9832,0.0357322292586239,-1.0202143674939128
9833,9833,0.04637453737111351,-1.0348450527520079
9834,9834,0.008310732416588234,-0.8004375835245673
9835,9835,-0.010710238153525092,-0.9192835290503365
9836,9836,0.017125054340512265,-1.2412044852814903
9837,9837,-0.04260783848034572,-0.6450902935174203
9838,9838,0.009709457781508793,-0.9372296985879214
9839,9839,-0.02546463486135966,-1.0834763870176738
9840,9840,-0.013709530861122865,-1.1744454904679873
9841,9841,-0.011634387023003581,-0.8041477597887728
9842,9842,-0.02452544254392658,-0.8800696599143926
9843,9843,0.007199357497903125,-1.2176699440238072
9844,9844,-0.009353875657720723,-0.8769077023979865
9845,9845,0.04125061489707313,-1.0429170804692578
9846,9846,-0.0159744025487267,-0.86742789126817
9847,9847,0.0036920267589369976,-0.8720541990090362
9848,9848,0.02044819545504084,-1.0110066907353532
9849,9849,-0.006377769011696843,-1.0335703250695454
9850,9850,0.01327086917516046,-0.9730778681891372
9851,9851,-0.021359274213918714,-0.9906783973330867
9852,9852,0.011974651664846167,-1.1922184323094953
9853,9853,0.001174013569187754,-0.9007380820478792
9854,9854,-0.006683675383068022,-1.0871580338016553
9855,9855,0.0657291873683684,-1.1901614904492785
9856,9856,0.016136781644268128,-1.0029868686532861
9857,9857,0.011408931885082102,-1.2725312733873173
9858,9858,0.019158601507564658,-1.0180336469891533
9859,9859,-0.0251455257688745,-0.7937742387104381
9860,9860,-0.021982874284317777,-0.9652317233366452
9861,9861,-0.011283334554495738,-0.9268198374203644
9862,9862,0.00563851716339632,-1.0741084874377689
9863,9863,0.0019023732641172755,-0.9467329472147734
9864,9864,-0.010223232785010777,-1.0207639863483822
9865,9865,-0.003142842857115478,-0.9576024859329063
9866,9866,0.004250160825487383,-0.9367367419282236
9867,9867,0.014913027528666717,-0.7792706596431356
9868,9868,-0.011989074224702877,-1.1295073270128737
9869,9869,-0.007967484061683457,-1.223832867275863
9870,9870,0.005621912576811751,-1.0284187080915232
9871,9871,-0.012997249053244286,-1.2370277519601307
9872,9872,-0.04594205541645961,-0.8885257958085558
9873,9873,0.003704081648773727,-1.1381904897113337
9874,9874,-0.020274308051433293,-1.0192662048141283
9875,9875,-0.042653272640398046,-0.8749285459633942
9876,9876,-0.020637807754366556,-0.8351654707704149
9877,9877,0.05729237725727406,-0.8735152659362115
9878,9878,-0.011299159229318283,-1.0025648463686199
9879,9879,-0.006196938496366874,-0.9472172024523287
9880,9880,-0.0012529134130126462,-1.086461501909288
9881,9881,0.033553558246245924,-1.277289114840206
9882,9882,-0.04214146055574619,-0.873445153789588
9883,9883,-0.03701938914745838,-0.7849574776277561
9884,9884,-0.027551544561631267,-1.077181642506296
9885,9885,-0.0025643541304727277,-1.0318108999888125
9886,9886,0.005056692709269617,-0.9674621520833235
9887,9887,0.03799121838387733,-1.1012929804244138
9888,9888,0.03384253890973349,-0.9530848191329404
9889,9889,0.00503635833620041,-0.9683787110304107
9890,9890,-0.02213417012159967,-1.015840517358277
9891,9891,0.06278299524306143,-0.9882373922225589
9892,9892,0.005347011206674572,-0.9514636436938011
9893,9893,0.023034058637066448,-0.9079911773757483
9894,9894,0.018313931795100998,-1.1406132378117273
9895,9895,0.032885786090883586,-1.096345138321605
9896,9896,-0.0025053614066434735,-0.870628744788047
9897,9897,0.011904234144566806,-1.167144260767325
9898,9898,-0.039246848985310404,-0.9231140642407307
9899,9899,-0.03219222241784789,-0.7693964182332251
9900,9900,-0.020000995569235142,-0.9736221988972508
9901,9901,0.02356497946623648,-1.0676439918812108
9902,9902,0.014818226171475976,-1.1370806340373814
9903,9903,0.02174141651420959,-1.0674943485359858
9904,9904,-0.0004185423829401319,-0.8069839961620516
9905,9905,0.004007722105648703,-0.933021422914191
9906,9906,-0.014290413537711419,-1.0109723321669524
9907,9907,0.005746495136994212,-1.0357617478171488
9908,9908,0.034913801269058624,-0.9545467465982481
9909,9909,0.01310514464563431,-1.1840832983502279
9910,9910,-0.02693643681926422,-0.9206744105344995
9911,9911,-0.025019262034100376,-0.7280945055309294
9912,9912,0.012154575477718296,-1.07091597054101
9913,9913,0.04094266063639147,-1.1072513524009249
9914,9914,0.010028519821619116,-1.1303900109926026
9915,9915,-0.027915877978207822,-0.900427330615209
9916,9916,-0.01084041710091628,-1.2884651491311978
9917,9917,0.050856707321489,-0.8868743032406596
9918,9918,-0.0013893232758582924,-1.06338881849945
9919,9919,-0.014792993354655087,-1.1703668217685255
9920,9920,-0.0012638256046242496,-0.8173153839779168
9921,9921,0.01701278240322956,-0.9374342204018665
9922,9922,-0.001984870436384248,-0.7119904132280274
9923,9923,0.03637914395610285,-1.0497289400785994
9924,9924,0.0036606577797649725,-0.8617614476119249
9925,9925,0.029956424944489198,-0.9257785639633386
9926,9926,0.004695315156991786,-1.170340590568849
9927,9927,-0.006684839510980787,-0.9727874250771844
9928,9928,0.021859666595548277,-1.1257508936922023
9929,9929,0.029962382032249067,-1.088520491952173
9930,9930,0.0013515192108845553,-0.8680388588972369
9931,9931,-0.0024657817408224383,-1.101419601223533
9932,9932,-0.037777264929759746,-0.8918204141557895
9933,9933,0.023540091739816648,-1.0668217606685382
9934,9934,0.008668070222677474,-1.026955994687145
9935,9935,0.00592922887456083,-1.1551261600883795
9936,9936,-0.02053376011958639,-0.921294457941672
9937,9937,-0.009149607662974214,-0.9857068970183668
9938,9938,0.028039972933676955,-1.1058249213665459
9939,9939,-0.007179586097396953,-1.1666954213061966
9940,9940,0.015372288735741535,-0.7096863381822981
9941,9941,0.010622979335656346,-0.9392445974772212
9942,9942,0.02760530532552322,-1.2851059790161163
9943,9943,0.0011568133707288153,-1.0056613022928373
9944,9944,0.017919156742070383,-0.9666849722156098
9945,9945,-0.015915642009676746,-0.9434721902629839
9946,9946,-0.009125362618085726,-0.8608659117172802
9947,9947,-0.027405281847075295,-0.887076161529621
9948,9948,-0.011181008138988667,-0.9980905235393611
9949,9949,-0.005468910224561946,-1.0447957070064884
9950,9950,0.0016825409332933278,-0.7884074007398834
9951,9951,0.04627219354975242,-1.2427903128092836
9952,9952,-0.01604566974696596,-1.028117565496695
9953,9953,0.0218109012731139,-1.1092865287060014
9954,9954,-0.029625185640384317,-0.7572950684690304
9955,9955,0.0022544162526963035,-0.9476860665221165
9956,9956,-0.015832933625032887,-0.9019321341933103
9957,9957,0.00022147635810914126,-1.0217074180950325
9958,9958,0.0005783719799290626,-0.9586977307833872
9959,9959,-0.039200029096168536,-0.762245666680821
9960,9960,0.021094986172538632,-0.8984337522434153
9961,9961,0.010523790711370658,-1.1603384513649246
9962,9962,-0.008193422101265453,-1.1410419666523817
9963,9963,-0.007126788227555391,-1.269648373565766
9964,9964,-0.007669531484944356,-1.1415437947731362
9965,9965,-0.02841743565449906,-1.0807390826714192
9966,9966,0.030360608021032576,-0.8405246265232429
9967,9967,0.006467995061559593,-0.8152602453841498
9968,9968,-0.006299962654524774,-1.2849907832946743
9969,9969,0.006938713819334532,-0.8737653568137304
9970,9970,-0.028915054244549453,-0.8942202205779494
9971,9971,-0.021683103858148926,-0.9448546096059025
9972,9972,0.00514467460744758,-0.846019364294792
9973,9973,0.025500548435716953,-1.191638602279432
9974,9974,0.012721127399024782,-0.9330427019789707
9975,9975,0.012268740695035057,-0.959218365726731
9976,9976,-0.008251313492383928,-0.9134154690481902
9977,9977,-0.016071617087237075,-0.8721823029402135
9978,9978,0.02153021422115733,-0.8261512940042867
9979,9979,-0.014570382154071951,-0.9813980564216802
9980,9980,-0.0010751257594554912,-0.8580933527851702
9981,9981,-0.013821697516624463,-0.7408146911913687
9982,9982,0.03497154817104262,-0.863285808359656
9983,9983,0.009372658119911476,-1.0465317899804387
9984,9984,-0.03978815245431179,-0.8418387505404153
9985,9985,-0.018961033983113253,-0.8268142099463623
9986,9986,0.0004971796805667977,-0.88732487570514
9987,9987,1.3379903168117546e-05,-0.9051896746397181
9988,9988,0.024295394900440446,-0.9679724594048194
9989,9989,-0.003305000331376373,-1.2121264695773215
9990,9990,0.012820222993826597,-0.9784650227135696
9991,9991,0.02526146301581647,-1.100448595203528
9992,9992,0.009353467162059507,-0.915137077864266
9993,9993,0.016357525992373667,-0.912137673274074
9994,9994,0.01222566386689354,-1.1704568110888594
9995,9995,-0.0031164061127999035,-1.02002028866862
9996,9996,-0.016035051292715354,-0.7961533105958413
9997,9997,0.027695249636675894,-0.8804168975935192
9998,9998,0.0072353747527248435,-1.0323356510699402
9999,9999,0.030049439057438433,-1.40765607411825
