target,seed_index,budget,method,n_calibration_genes,intercept,predicted_magnitude,family_disagreement,model_source_gap,source_delta_dispersion,negative_log_source_cells,support_context_deficit
K562,0,0.01,ridge_no_history,5,0.05467654519567543,0.0014493701590800596,0.0008925695863431408,0.0,0.0,0.0,0.0
K562,0,0.01,ridge_with_history,5,0.05386285107351737,0.0013863214414356333,0.0008537421222375805,0.0003085303015293461,0.0014609657399659685,0.0,0.0
K562,0,0.05,ridge_no_history,23,0.046152836423262934,0.007730585058753483,0.00555224279779028,0.0,0.0,0.0,0.0
K562,0,0.05,ridge_with_history,23,0.04430291963193862,0.007232584260988367,0.005250519232514591,4.266101836850622e-05,0.004443890606143528,0.0,0.0
K562,0,0.1,ridge_no_history,46,0.03921346424124926,0.01446643349383627,0.00923634416116292,0.0,0.0,0.0,0.0
K562,0,0.1,ridge_with_history,46,0.034263773525240404,0.012572258288911958,0.008524942270721186,0.002405309167332869,0.008178234361807505,0.0017679980484715352,0.0
K562,0,0.2,ridge_no_history,91,0.03597936823533651,0.0238062356322863,0.010580837698572688,0.0,0.0,0.0,0.0
K562,0,0.2,ridge_with_history,91,0.03010115583076953,0.020077031637475845,0.009216279482069096,0.0030309101463119317,0.011903720496462898,0.0013607740380011505,0.0
K562,0,0.5,ridge_no_history,226,0.03058168109731814,0.03586795820593106,0.01167295517202249,0.0,0.0,0.0,0.0
K562,0,0.5,ridge_with_history,226,0.025171241660271546,0.031708388572748034,0.0093684927845753,0.0,0.010944054160709996,0.003169461744636829,0.0029353775546105193
K562,0,1.0,ridge_no_history,452,0.02654814421149081,0.04259357993040551,0.013079958349263399,0.0,0.0,0.0,0.0
K562,0,1.0,ridge_with_history,452,0.02068961597218616,0.037851124045362845,0.009948091505965933,0.000240861356389212,0.011431557462439065,0.00314142460162952,0.004728137078911342
K562,1,0.01,ridge_no_history,5,0.04571184791344517,0.002570654687983278,0.0025163657146156575,0.0,0.0,0.0,0.0
K562,1,0.01,ridge_with_history,5,0.04522896715306369,0.00252546191184726,0.002472127352711752,0.0,0.0016175055585473956,0.0,0.0
K562,1,0.05,ridge_no_history,23,0.044915190127241746,0.012324458558939882,0.00454380502482229,0.0,0.0,0.0,0.0
K562,1,0.05,ridge_with_history,23,0.042169419843222054,0.011101634151654572,0.004276567387528578,0.0,0.007920827445453684,0.0,0.0
K562,1,0.1,ridge_no_history,46,0.04118762279050887,0.020500861364845555,0.007653522041954325,0.0,0.0,0.0,0.0
K562,1,0.1,ridge_with_history,46,0.037164724498894644,0.01775471950697191,0.0070084316860237784,0.0004416664439522336,0.012055385310866527,0.00011396107999945457,0.0
K562,1,0.2,ridge_no_history,91,0.0378288055168495,0.02582439096552971,0.008596485072261788,0.0,0.0,0.0,0.0
K562,1,0.2,ridge_with_history,91,0.033588509804123624,0.021602628011689735,0.007843955441750589,0.00020925177449208083,0.013348316205024444,0.0,7.633706189027957e-05
K562,1,0.5,ridge_no_history,226,0.02990408324960261,0.03632277347375938,0.012014210689191215,0.0,0.0,0.0,0.0
K562,1,0.5,ridge_with_history,226,0.024996329766689498,0.03157573472558995,0.010180246465531909,0.0013764980591119836,0.012926900873892132,0.00041254854654924737,0.0015066951272871302
K562,1,1.0,ridge_no_history,452,0.02654814421149081,0.04259357993040551,0.013079958349263399,0.0,0.0,0.0,0.0
K562,1,1.0,ridge_with_history,452,0.02068961597218616,0.037851124045362845,0.009948091505965933,0.000240861356389212,0.011431557462439065,0.00314142460162952,0.004728137078911342
K562,2,0.01,ridge_no_history,5,0.06870015971965081,0.0024744952966893993,0.002110383038759089,0.0,0.0,0.0,0.0
K562,2,0.01,ridge_with_history,5,0.06586145136335177,0.002290405049003422,0.001953380947529731,0.0017531328397472267,0.0,0.0015341845568296437,0.0014966243600566817
K562,2,0.05,ridge_no_history,23,0.05222449992112741,0.006598054250924613,0.0037496232629425585,0.0,0.0,0.0,0.0
K562,2,0.05,ridge_with_history,23,0.04926597306072593,0.006570678770760464,0.003402741175555805,0.0015489238673461196,0.0014657380566555217,0.0007246394122705324,0.0017948437020286364
K562,2,0.1,ridge_no_history,46,0.04362114213083622,0.014000618837421652,0.006021201731592653,0.0,0.0,0.0,0.0
K562,2,0.1,ridge_with_history,46,0.03722290027575604,0.012347779796699244,0.005099839239133206,0.0035705170565479764,0.006038896840050812,0.002399918730173495,0.003736790775818183
K562,2,0.2,ridge_no_history,91,0.037652328961637116,0.021117997456431333,0.010669998682902705,0.0,0.0,0.0,0.0
K562,2,0.2,ridge_with_history,91,0.03136638115646466,0.018780738633856823,0.008796630585477548,0.0025653553768665615,0.009445203668256389,0.002517778956110165,0.0018120337053368523
K562,2,0.5,ridge_no_history,226,0.030827329125691933,0.034994122004044365,0.013045194974640215,0.0,0.0,0.0,0.0
K562,2,0.5,ridge_with_history,226,0.0243312686246058,0.030422652153268125,0.010950336103633225,0.0022385515821161644,0.01204748997586822,0.003417800057292905,0.0014534673454110608
K562,2,1.0,ridge_no_history,452,0.02654814421149081,0.04259357993040551,0.013079958349263399,0.0,0.0,0.0,0.0
K562,2,1.0,ridge_with_history,452,0.02068961597218616,0.037851124045362845,0.009948091505965933,0.000240861356389212,0.011431557462439065,0.00314142460162952,0.004728137078911342
K562,3,0.01,ridge_no_history,5,0.04754600418346062,0.0024736961772495363,0.0013097159183522115,0.0,0.0,0.0,0.0
K562,3,0.01,ridge_with_history,5,0.04646918867726125,0.0023783614448554423,0.0012592402707214565,0.0,0.00218953012499627,0.0,0.0
K562,3,0.05,ridge_no_history,23,0.04664048058040674,0.009750751034135375,0.006985567258068162,0.0,0.0,0.0,0.0
K562,3,0.05,ridge_with_history,23,0.0418282878108509,0.008779710986004573,0.0063853251683658905,0.0014617684181518244,0.006022924475584886,0.003097028981549726,0.0005598650814202823
K562,3,0.1,ridge_no_history,46,0.04104920849091599,0.014722146246384859,0.00911663824090991,0.0,0.0,0.0,0.0
K562,3,0.1,ridge_with_history,46,0.03541662915857684,0.012951560584573604,0.008151011885198307,0.001377103775704148,0.007512459080101856,0.0038309343376823424,0.0008968454011684514
K562,3,0.2,ridge_no_history,91,0.0372946600888117,0.022054522436426003,0.009161083722835316,0.0,0.0,0.0,0.0
K562,3,0.2,ridge_with_history,91,0.03160639141909443,0.019583404517978308,0.007257269934310049,0.0012954273835061754,0.009818783421417322,0.002668606432875223,0.0017603780852339821
K562,3,0.5,ridge_no_history,226,0.02920385298346221,0.03645125746522956,0.013489338628668978,0.0,0.0,0.0,0.0
K562,3,0.5,ridge_with_history,226,0.022771637997619838,0.0312727629610874,0.010707102394460244,0.0,0.012654280653850805,0.0030170191895947883,0.0054732749797490364
K562,3,1.0,ridge_no_history,452,0.02654814421149081,0.04259357993040551,0.013079958349263399,0.0,0.0,0.0,0.0
K562,3,1.0,ridge_with_history,452,0.02068961597218616,0.037851124045362845,0.009948091505965933,0.000240861356389212,0.011431557462439065,0.00314142460162952,0.004728137078911342
K562,4,0.01,ridge_no_history,5,0.06725493757582006,0.0012862593074284934,0.0,0.0,0.0,0.0,0.0
K562,4,0.01,ridge_with_history,5,0.06628707591646626,0.001262787649609225,0.0,0.0,0.0015499391867331972,0.0,0.0
K562,4,0.05,ridge_no_history,23,0.04747384387923486,0.0075643528840047365,0.0036184562934963274,0.0,0.0,0.0,0.0
K562,4,0.05,ridge_with_history,23,0.04495992765932984,0.007117173230781806,0.00339652218123769,0.0,0.0050393758020020815,0.0,0.0
K562,4,0.1,ridge_no_history,46,0.04369116698242883,0.011695217065186635,0.005107250482507045,0.0,0.0,0.0,0.0
K562,4,0.1,ridge_with_history,46,0.039012050928259163,0.010613915212691222,0.004525775040803693,0.0023824148728183625,0.00633492794188028,0.0019163140157694202,0.0
K562,4,0.2,ridge_no_history,91,0.03762148337437039,0.022733500418676177,0.010804655252331449,0.0,0.0,0.0,0.0
K562,4,0.2,ridge_with_history,91,0.03068641683582208,0.020186263757807552,0.00793010926915322,0.003073296702459675,0.011188658348013395,0.003576162334675642,0.0011364141305029779
K562,4,0.5,ridge_no_history,226,0.031057903967843213,0.03422881687923722,0.013018159591585646,0.0,0.0,0.0,0.0
K562,4,0.5,ridge_with_history,226,0.024225949532428587,0.029853135144507544,0.010234804861887029,0.002426330095412842,0.012047599757520469,0.0037489044393598596,0.0022244806057688886
K562,4,1.0,ridge_no_history,452,0.02654814421149081,0.04259357993040551,0.013079958349263399,0.0,0.0,0.0,0.0
K562,4,1.0,ridge_with_history,452,0.02068961597218616,0.037851124045362845,0.009948091505965933,0.000240861356389212,0.011431557462439065,0.00314142460162952,0.004728137078911342
K562,5,0.01,ridge_no_history,5,0.04056579324406474,0.0017512240742930522,0.00022003774031988975,0.0,0.0,0.0,0.0
K562,5,0.01,ridge_with_history,5,0.03980098837194913,0.0017146071570490595,0.00021543689920188426,0.000633262441254029,0.0013377977815879636,0.0,0.0
K562,5,0.05,ridge_no_history,23,0.045136804741345765,0.007515454774576454,0.0067684536841929955,0.0,0.0,0.0,0.0
K562,5,0.05,ridge_with_history,23,0.03859850999437723,0.006592785664738558,0.005804401080686183,0.0050653545627331814,0.005064399328096194,0.0038585072573604903,0.0013632184962168166
K562,5,0.1,ridge_no_history,46,0.040856662990826624,0.014560311873230002,0.008124389454132446,0.0,0.0,0.0,0.0
K562,5,0.1,ridge_with_history,46,0.03348026227410168,0.0126924979122419,0.006271651041818468,0.005341722559787926,0.008307287577440531,0.0035326172435195553,0.0008524686321531747
K562,5,0.2,ridge_no_history,91,0.036996768098545824,0.021209123164635604,0.010590461315751896,0.0,0.0,0.0,0.0
K562,5,0.2,ridge_with_history,91,0.02971560083902964,0.019194070330366072,0.007407895485652099,0.004112057677118464,0.01083139053688783,0.0027487805877654333,0.0016702499616729983
K562,5,0.5,ridge_no_history,226,0.029482963336709543,0.03526260425161113,0.012554030356921403,0.0,0.0,0.0,0.0
K562,5,0.5,ridge_with_history,226,0.022694985562146715,0.03022729790418004,0.009477198256955734,0.0014552899579275739,0.013102719564877323,0.003067648199379141,0.004070756917572056
K562,5,1.0,ridge_no_history,452,0.02654814421149081,0.04259357993040551,0.013079958349263399,0.0,0.0,0.0,0.0
K562,5,1.0,ridge_with_history,452,0.02068961597218616,0.037851124045362845,0.009948091505965933,0.000240861356389212,0.011431557462439065,0.00314142460162952,0.004728137078911342
K562,6,0.01,ridge_no_history,5,0.0512412044549682,0.0006186233188074108,0.00019627986621124438,0.0,0.0,0.0,0.0
K562,6,0.01,ridge_with_history,5,0.049715391433196525,0.0005792373921952475,0.0001837833046187319,0.0013803247013044024,0.0011046313537271062,0.0,0.0
K562,6,0.05,ridge_no_history,23,0.04794671483600068,0.010203803983707838,0.005531566009597679,0.0,0.0,0.0,0.0
K562,6,0.05,ridge_with_history,23,0.04474547300361847,0.00961687501748442,0.005011321696131931,0.0006952859110688203,0.00613860542975764,0.00012337328510845418,0.0
K562,6,0.1,ridge_no_history,46,0.04416527291198146,0.01485420383272331,0.007457896460400991,0.0,0.0,0.0,0.0
K562,6,0.1,ridge_with_history,46,0.03966385642374762,0.013186135590954473,0.006502926795532766,0.0008322651349810427,0.008888296986429562,0.001234376727851389,0.0
K562,6,0.2,ridge_no_history,91,0.03818802805588323,0.02214303683828931,0.01147535727911311,0.0,0.0,0.0,0.0
K562,6,0.2,ridge_with_history,91,0.03306192619387917,0.01955154330308672,0.008969474346476379,0.0008145293714652909,0.01135586319541556,0.002792591237568247,0.0
K562,6,0.5,ridge_no_history,226,0.03132829608106144,0.03389595662869095,0.013255468304349916,0.0,0.0,0.0,0.0
K562,6,0.5,ridge_with_history,226,0.026356288173013998,0.029865096357622557,0.011108867090212301,0.0,0.010529855970263503,0.003990567547003339,0.0013175744027223279
K562,6,1.0,ridge_no_history,452,0.02654814421149081,0.04259357993040551,0.013079958349263399,0.0,0.0,0.0,0.0
K562,6,1.0,ridge_with_history,452,0.02068961597218616,0.037851124045362845,0.009948091505965933,0.000240861356389212,0.011431557462439065,0.00314142460162952,0.004728137078911342
K562,7,0.01,ridge_no_history,5,0.06320137668803809,0.002286878134350985,0.0014722492755822158,0.0,0.0,0.0,0.0
K562,7,0.01,ridge_with_history,5,0.06134312257850065,0.0021912837693165784,0.001410707415280338,0.0009630257247817516,0.0024811532003874873,0.00045254552054202734,0.0
K562,7,0.05,ridge_no_history,23,0.0503816268462937,0.006547581307866123,0.0038287521242270665,0.0,0.0,0.0,0.0
K562,7,0.05,ridge_with_history,23,0.044392107980950064,0.006186562895438925,0.003454953614320626,0.0023818297004006765,0.004427069593002378,0.0027351204818078737,0.0019904435981256898
K562,7,0.1,ridge_no_history,46,0.044883324872358854,0.016981692297294272,0.009785026643619701,0.0,0.0,0.0,0.0
K562,7,0.1,ridge_with_history,46,0.0360613173516547,0.015308664632084591,0.0077531304740779535,0.001815858285737392,0.009077542419369694,0.005640632285500998,0.005053016610998475
K562,7,0.2,ridge_no_history,91,0.03758437210515658,0.023168962538056122,0.013627700127433032,0.0,0.0,0.0,0.0
K562,7,0.2,ridge_with_history,91,0.029357562068282557,0.020898391715690738,0.010382440804623845,0.0006263082952593867,0.010545818566479738,0.005727067442869937,0.005347097639285735
K562,7,0.5,ridge_no_history,226,0.02924584911390407,0.03657868602488582,0.015011915849207155,0.0,0.0,0.0,0.0
K562,7,0.5,ridge_with_history,226,0.02156863727628884,0.031675534386946355,0.011308619076206458,0.0007138347339831048,0.013220978795568477,0.003982781918532995,0.005341745519347359
K562,7,1.0,ridge_no_history,452,0.02654814421149081,0.04259357993040551,0.013079958349263399,0.0,0.0,0.0,0.0
K562,7,1.0,ridge_with_history,452,0.02068961597218616,0.037851124045362845,0.009948091505965933,0.000240861356389212,0.011431557462439065,0.00314142460162952,0.004728137078911342
K562,8,0.01,ridge_no_history,5,0.05998640550363134,0.004175944661075004,0.0029550724139882903,0.0,0.0,0.0,0.0
K562,8,0.01,ridge_with_history,5,0.055022600119934456,0.003854156423241278,0.0026406074051406833,0.001459106301037393,0.002540085787315457,0.0026879800411719083,0.0023217173790830445
K562,8,0.05,ridge_no_history,23,0.0480902430836249,0.005507178856870464,0.004952542145708974,0.0,0.0,0.0,0.0
K562,8,0.05,ridge_with_history,23,0.04233554483839653,0.004659009919688298,0.003609602865839583,0.0028177051288443117,0.003754882394975792,0.004712603447366615,0.003944187776056761
K562,8,0.1,ridge_no_history,46,0.04384066578822617,0.011197056622780963,0.00947397888992417,0.0,0.0,0.0,0.0
K562,8,0.1,ridge_with_history,46,0.035478495705152796,0.009287374716265265,0.007293682061316814,0.004775575594892593,0.006817261640025323,0.007097753276202576,0.004176280454679053
K562,8,0.2,ridge_no_history,91,0.037027655783042145,0.020102514175182964,0.013897306243069405,0.0,0.0,0.0,0.0
K562,8,0.2,ridge_with_history,91,0.02976115474154511,0.017751747193923775,0.01107551332066947,0.0020884889055278436,0.011969662917749055,0.00451348909710231,0.002878850055447253
K562,8,0.5,ridge_no_history,226,0.029601886421102497,0.03592026211174959,0.015170462162034666,0.0,0.0,0.0,0.0
K562,8,0.5,ridge_with_history,226,0.0230367175275399,0.03150652100056684,0.011377469221535534,0.0,0.012026939369865338,0.0034517625203035604,0.00642563286575496
K562,8,1.0,ridge_no_history,452,0.02654814421149081,0.04259357993040551,0.013079958349263399,0.0,0.0,0.0,0.0
K562,8,1.0,ridge_with_history,452,0.02068961597218616,0.037851124045362845,0.009948091505965933,0.000240861356389212,0.011431557462439065,0.00314142460162952,0.004728137078911342
K562,9,0.01,ridge_no_history,5,0.05229261424220143,0.004469181674190836,0.0013408819245633165,0.0,0.0,0.0,0.0
K562,9,0.01,ridge_with_history,5,0.051217183795174995,0.0043504974888896675,0.0012722758795730717,0.0,0.002715836584904106,0.0,0.0
K562,9,0.05,ridge_no_history,23,0.04849809376883672,0.009416265998835535,0.002991302321819998,0.0,0.0,0.0,0.0
K562,9,0.05,ridge_with_history,23,0.04559708356698182,0.008395771292133362,0.002671063257146882,0.0,0.007012412573890811,0.00013852838674202907,0.0
K562,9,0.1,ridge_no_history,46,0.0462614165234624,0.013340853058699883,0.004289229422491264,0.0,0.0,0.0,0.0
K562,9,0.1,ridge_with_history,46,0.04261346383246685,0.01122081748037858,0.003651687273393699,0.0007260569234839138,0.009102159196906249,1.8120323795192575e-05,0.0
K562,9,0.2,ridge_no_history,91,0.03889532858895001,0.021016990551752712,0.008928572052717793,0.0,0.0,0.0,0.0
K562,9,0.2,ridge_with_history,91,0.03429949999519211,0.017452572077098893,0.007405277591684276,0.00177198513667553,0.011732737659327851,0.0007092328708906668,0.0
K562,9,0.5,ridge_no_history,226,0.030587765589303074,0.03376196898993107,0.013269437452934844,0.0,0.0,0.0,0.0
K562,9,0.5,ridge_with_history,226,0.024822286890449553,0.02997255179182724,0.011246844694180434,0.0,0.01070941767738712,0.0022168041763765503,0.004189122270363896
K562,9,1.0,ridge_no_history,452,0.02654814421149081,0.04259357993040551,0.013079958349263399,0.0,0.0,0.0,0.0
K562,9,1.0,ridge_with_history,452,0.02068961597218616,0.037851124045362845,0.009948091505965933,0.000240861356389212,0.011431557462439065,0.00314142460162952,0.004728137078911342
K562,10,0.01,ridge_no_history,5,0.04594896427418279,0.002163418043876261,0.0011683066936883655,0.0,0.0,0.0,0.0
K562,10,0.01,ridge_with_history,5,0.04477346090852011,0.0020868526565724914,0.0011269592274670138,0.0,0.001174216965385251,0.00045292258436455634,0.0016798704344944456
K562,10,0.05,ridge_no_history,23,0.04543437392883873,0.007791867749328696,0.006686995902749522,0.0,0.0,0.0,0.0
K562,10,0.05,ridge_with_history,23,0.04030633678294697,0.006832250375280985,0.005695681700853436,0.0024606189504333075,0.006158687723452256,0.00347964142042505,0.0006403790317313236
K562,10,0.1,ridge_no_history,46,0.04158208405984214,0.018799551642246868,0.010463046659957176,0.0,0.0,0.0,0.0
K562,10,0.1,ridge_with_history,46,0.03554016935789533,0.01631289644304279,0.008891193220551532,0.00029036741552604845,0.011358521749940521,0.0035634986575147406,0.0018875896782139538
K562,10,0.2,ridge_no_history,91,0.03743083206096273,0.02673877272890303,0.014423979752555235,0.0,0.0,0.0,0.0
K562,10,0.2,ridge_with_history,91,0.031030975151273295,0.02230956014922962,0.010959421491224098,0.00204512350845238,0.013593856854611031,0.004546004801390185,0.0006412924851155665
K562,10,0.5,ridge_no_history,226,0.028938942088120357,0.03785145134401757,0.01398153734892438,0.0,0.0,0.0,0.0
K562,10,0.5,ridge_with_history,226,0.021866764507972536,0.03139401517830495,0.010374347769864591,0.0023698285045042973,0.014173083381237926,0.0035839034858786123,0.004396582564282245
K562,10,1.0,ridge_no_history,452,0.02654814421149081,0.04259357993040551,0.013079958349263399,0.0,0.0,0.0,0.0
K562,10,1.0,ridge_with_history,452,0.02068961597218616,0.037851124045362845,0.009948091505965933,0.000240861356389212,0.011431557462439065,0.00314142460162952,0.004728137078911342
K562,11,0.01,ridge_no_history,5,0.04443150196682728,0.0014671232058784491,0.00046923969299478795,0.0,0.0,0.0,0.0
K562,11,0.01,ridge_with_history,5,0.04376158226374258,0.0014231819724913497,0.00045518567845684115,0.0,0.001638917789271128,0.0,0.0
K562,11,0.05,ridge_no_history,23,0.04588831729049929,0.01175131532011621,0.005623034972460667,0.0,0.0,0.0,0.0
K562,11,0.05,ridge_with_history,23,0.03899898085812345,0.010592511263307569,0.005044918628719866,0.00478131898903912,0.00670221262224505,0.0032903026046207937,0.0
K562,11,0.1,ridge_no_history,46,0.04287883537941296,0.01613201515423505,0.0080836384340267,0.0,0.0,0.0,0.0
K562,11,0.1,ridge_with_history,46,0.035785971951440856,0.014043894224761771,0.007235825769960857,0.004127734576136824,0.00845438281402281,0.004151360545092184,0.0
K562,11,0.2,ridge_no_history,91,0.03596604331006474,0.024224816649498795,0.011366632345220985,0.0,0.0,0.0,0.0
K562,11,0.2,ridge_with_history,91,0.028292779324912865,0.02029265817496267,0.009372620557381223,0.004237720261978284,0.011316218015851235,0.004658278877667845,0.0012183689391021375
K562,11,0.5,ridge_no_history,226,0.029565771311164998,0.03532566347722535,0.013600733330964324,0.0,0.0,0.0,0.0
K562,11,0.5,ridge_with_history,226,0.023560740365450777,0.030800186808855257,0.011288691139675103,0.001203290219455961,0.012178572017551553,0.002344111582639687,0.0029205614104335026
K562,11,1.0,ridge_no_history,452,0.02654814421149081,0.04259357993040551,0.013079958349263399,0.0,0.0,0.0,0.0
K562,11,1.0,ridge_with_history,452,0.02068961597218616,0.037851124045362845,0.009948091505965933,0.000240861356389212,0.011431557462439065,0.00314142460162952,0.004728137078911342
K562,12,0.01,ridge_no_history,5,0.04413459676266499,0.0010365470294107604,0.0014925255738827883,0.0,0.0,0.0,0.0
K562,12,0.01,ridge_with_history,5,0.04266406845400009,0.0010005121747082737,0.001440638934233466,0.0010426837703608005,0.0006807928646396203,0.00047723332901291135,0.0004889329990980419
K562,12,0.05,ridge_no_history,23,0.045679605399007436,0.009342622594692334,0.006338258752402496,0.0,0.0,0.0,0.0
K562,12,0.05,ridge_with_history,23,0.04327955921339863,0.008903923139784721,0.00612965585309361,0.0,0.004953845993286814,0.00045733818508525756,0.0
K562,12,0.1,ridge_no_history,46,0.04559016768282914,0.0157793801617166,0.007895829826876853,0.0,0.0,0.0,0.0
K562,12,0.1,ridge_with_history,46,0.041504797114327086,0.014598878337452199,0.007350374974314596,0.0,0.008019885134654202,0.0010419081126174917,0.0
K562,12,0.2,ridge_no_history,91,0.03682831886405652,0.024370959921041154,0.011376967845595897,0.0,0.0,0.0,0.0
K562,12,0.2,ridge_with_history,91,0.030922110349265577,0.021379671150418483,0.009318952760510597,0.0012129364363378874,0.011702555786618683,0.0032518282494076443,0.00040186480121922284
K562,12,0.5,ridge_no_history,226,0.030149273525187023,0.034690079537553924,0.013515693013865597,0.0,0.0,0.0,0.0
K562,12,0.5,ridge_with_history,226,0.0229528830168887,0.030724488817440155,0.010388864744583328,0.001961202839441449,0.01240707217745788,0.0036538289352891712,0.00305345212873818
K562,12,1.0,ridge_no_history,452,0.02654814421149081,0.04259357993040551,0.013079958349263399,0.0,0.0,0.0,0.0
K562,12,1.0,ridge_with_history,452,0.02068961597218616,0.037851124045362845,0.009948091505965933,0.000240861356389212,0.011431557462439065,0.00314142460162952,0.004728137078911342
K562,13,0.01,ridge_no_history,5,0.060363336537137775,0.00259751336016379,0.0023590778923539054,0.0,0.0,0.0,0.0
K562,13,0.01,ridge_with_history,5,0.05763212191410228,0.002505431914305091,0.002275448946858302,0.0012050609352973814,0.001321631278839068,0.0011560355681070025,0.0007309094786195597
K562,13,0.05,ridge_no_history,23,0.04996056456462957,0.007171727676278154,0.005714482083502473,0.0,0.0,0.0,0.0
K562,13,0.05,ridge_with_history,23,0.0448414716697458,0.00656217549767662,0.004911709548062956,0.004381725139773807,0.005071837843196544,0.0028366323002728955,0.0
K562,13,0.1,ridge_no_history,46,0.046456653345086474,0.013929963633613603,0.008312537414207056,0.0,0.0,0.0,0.0
K562,13,0.1,ridge_with_history,46,0.04153552484795303,0.012996565600298219,0.007379564409269575,0.0019258442583692647,0.006222206351693214,0.002517634735800565,0.0005058579720164383
K562,13,0.2,ridge_no_history,91,0.03795905928083418,0.022170809743405333,0.01283770613180524,0.0,0.0,0.0,0.0
K562,13,0.2,ridge_with_history,91,0.03205811853346608,0.019976033709233346,0.009934578402058587,0.0025440284025577665,0.010163140870454692,0.003590187066498902,0.0005149504543271831
K562,13,0.5,ridge_no_history,226,0.029178283178371456,0.03698585340152719,0.014715118694938552,0.0,0.0,0.0,0.0
K562,13,0.5,ridge_with_history,226,0.02221472364255051,0.03249550436778769,0.011388896850873994,0.0,0.012246924703198173,0.004786215699419868,0.004348537761900698
K562,13,1.0,ridge_no_history,452,0.02654814421149081,0.04259357993040551,0.013079958349263399,0.0,0.0,0.0,0.0
K562,13,1.0,ridge_with_history,452,0.02068961597218616,0.037851124045362845,0.009948091505965933,0.000240861356389212,0.011431557462439065,0.00314142460162952,0.004728137078911342
K562,14,0.01,ridge_no_history,5,0.05864855446989288,0.0,0.0,0.0,0.0,0.0,0.0
K562,14,0.01,ridge_with_history,5,0.05864855446989288,0.0,0.0,0.0,0.0,0.0,0.0
K562,14,0.05,ridge_no_history,23,0.04996077700909342,0.0028848052252058646,0.0010627664862644826,0.0,0.0,0.0,0.0
K562,14,0.05,ridge_with_history,23,0.04996077700909342,0.0028848052252058638,0.001062766486264482,0.0,0.0,0.0,0.0
K562,14,0.1,ridge_no_history,46,0.044977707644611724,0.01180891522445081,0.005471653836964732,0.0,0.0,0.0,0.0
K562,14,0.1,ridge_with_history,46,0.04022891111532884,0.010259153914773701,0.004306564245671609,0.002717053186218791,0.007171997486363237,0.0020632598949479708,0.0
K562,14,0.2,ridge_no_history,91,0.04036008436806218,0.020353893697270618,0.008823076525201855,0.0,0.0,0.0,0.0
K562,14,0.2,ridge_with_history,91,0.03457078474420955,0.01811404540659327,0.0063370597559191,0.0028697650189004544,0.010848678015931616,0.002421104600777526,0.0
K562,14,0.5,ridge_no_history,226,0.03069846250567756,0.03571088055863023,0.012440723659704677,0.0,0.0,0.0,0.0
K562,14,0.5,ridge_with_history,226,0.024955295328199633,0.031149530814897766,0.00955166315380969,0.0,0.012071993511417875,0.0033217023306171766,0.0036081804162744033
K562,14,1.0,ridge_no_history,452,0.02654814421149081,0.04259357993040551,0.013079958349263399,0.0,0.0,0.0,0.0
K562,14,1.0,ridge_with_history,452,0.02068961597218616,0.037851124045362845,0.009948091505965933,0.000240861356389212,0.011431557462439065,0.00314142460162952,0.004728137078911342
K562,15,0.01,ridge_no_history,5,0.07134395600422538,0.0018452112990110182,0.002148226614659905,0.0,0.0,0.0,0.0
K562,15,0.01,ridge_with_history,5,0.0699490809240004,0.001809378471991129,0.002106509423396288,0.0,0.0010433162324610598,0.0003915682949030229,0.0010205894240156814
K562,15,0.05,ridge_no_history,23,0.052349456491345994,0.0055463170900749694,0.00563407687156168,0.0,0.0,0.0,0.0
K562,15,0.05,ridge_with_history,23,0.04784488679191099,0.005263894739017498,0.005042204666161318,0.0,0.0036284880076455956,0.0033288723889150105,0.0029142212683010696
K562,15,0.1,ridge_no_history,46,0.04585307027348217,0.01438780297043714,0.008451293653912511,0.0,0.0,0.0,0.0
K562,15,0.1,ridge_with_history,46,0.03941670338259703,0.012910413716457082,0.007321641720475565,0.0,0.009399065275236292,0.003250275949532557,0.00290261353701916
K562,15,0.2,ridge_no_history,91,0.03696170749086981,0.024525891420707404,0.013085755684547324,0.0,0.0,0.0,0.0
K562,15,0.2,ridge_with_history,91,0.029847534113018565,0.021763163826452134,0.009396573697081112,0.0,0.012793449092191229,0.00397641462911968,0.004050436270767208
K562,15,0.5,ridge_no_history,226,0.030833606512330976,0.03484065359701426,0.012219976335426989,0.0,0.0,0.0,0.0
K562,15,0.5,ridge_with_history,226,0.024794345584932882,0.029632366983618326,0.009079877462281883,0.00023010724641980964,0.013813721789895579,0.0029554859558709365,0.003839949110666636
K562,15,1.0,ridge_no_history,452,0.02654814421149081,0.04259357993040551,0.013079958349263399,0.0,0.0,0.0,0.0
K562,15,1.0,ridge_with_history,452,0.02068961597218616,0.037851124045362845,0.009948091505965933,0.000240861356389212,0.011431557462439065,0.00314142460162952,0.004728137078911342
RPE1,0,0.01,ridge_no_history,4,0.08017149162200692,0.0015865798044234628,0.0,0.0,0.0,0.0,0.0
RPE1,0,0.01,ridge_with_history,4,0.07979216640564235,0.0015925980524251868,0.0,0.0,0.00022132943744585288,0.0,0.00037939817689121747
RPE1,0,0.05,ridge_no_history,17,0.07090785802314252,0.006429029869892122,0.0,0.0,0.0,0.0,0.0
RPE1,0,0.05,ridge_with_history,17,0.0680177361996606,0.006043854498239415,0.0,0.0017681169300539546,0.004845955844772375,0.0,0.0
RPE1,0,0.1,ridge_no_history,34,0.07342013050757955,0.011929544402419681,0.0,0.0,0.0,0.0,0.0
RPE1,0,0.1,ridge_with_history,34,0.06364138931648018,0.009717158664394772,0.0,0.00747424181718965,0.010282454486319086,0.0023069840534027976,0.0011578289675392424
RPE1,0,0.2,ridge_no_history,67,0.06701885285487724,0.022644228538349038,0.0,0.0,0.0,0.0,0.0
RPE1,0,0.2,ridge_with_history,67,0.055910026121086975,0.017899248920713165,0.0,0.008293898948526075,0.0142909321883583,0.003361592171663634,0.0009945520522825733
RPE1,0,0.5,ridge_no_history,166,0.06302978245773658,0.032074341083049865,0.0,0.0,0.0,0.0,0.0
RPE1,0,0.5,ridge_with_history,166,0.05200091098280757,0.02367839310843232,0.0,0.009247958918644704,0.018724706714451155,0.0014860418837452697,0.0
RPE1,0,1.0,ridge_no_history,332,0.05688620431656242,0.04196960815807428,0.0016813886750782262,0.0,0.0,0.0,0.0
RPE1,0,1.0,ridge_with_history,332,0.045407877111229775,0.02831708658633597,0.0,0.007825682225904091,0.023293016829195556,0.0036204525744309556,0.003433615456666027
RPE1,1,0.01,ridge_no_history,4,0.053680439255235426,0.00020506166508780477,0.0,0.0,0.0,0.0,0.0
RPE1,1,0.01,ridge_with_history,4,0.053680439255235426,0.00020506166508780477,0.0,0.0,0.0,0.0,0.0
RPE1,1,0.05,ridge_no_history,17,0.06906882480027328,0.009114940314556423,0.0032991615504750424,0.0,0.0,0.0,0.0
RPE1,1,0.05,ridge_with_history,17,0.0654048463236837,0.008488587645578992,0.0028129530622071986,0.0012008266184486143,0.004973325854171468,0.0020651176461838894,0.0
RPE1,1,0.1,ridge_no_history,34,0.06605193880390045,0.013575576711605024,0.003478906350948269,0.0,0.0,0.0,0.0
RPE1,1,0.1,ridge_with_history,34,0.06017054320397193,0.011525857890299487,0.0021016185373053356,0.005261061671903176,0.009646694553790322,0.0009849839896147543,0.0
RPE1,1,0.2,ridge_no_history,67,0.06695273745725444,0.01753377665751771,0.004052483145264291,0.0,0.0,0.0,0.0
RPE1,1,0.2,ridge_with_history,67,0.059860320083320345,0.013958396920644014,0.0027453288857774484,0.006019571569017223,0.012965488349624257,0.0010646903727655624,0.0
RPE1,1,0.5,ridge_no_history,166,0.06053554631710204,0.03342662441279442,0.005032089879778255,0.0,0.0,0.0,0.0
RPE1,1,0.5,ridge_with_history,166,0.0497606186527816,0.02422044629921865,0.0004747380292363201,0.0039288666454636795,0.022323349097440114,0.004495919099168507,0.0048962428222445505
RPE1,1,1.0,ridge_no_history,332,0.05688620431656242,0.04196960815807428,0.0016813886750782262,0.0,0.0,0.0,0.0
RPE1,1,1.0,ridge_with_history,332,0.045407877111229775,0.02831708658633597,0.0,0.007825682225904091,0.023293016829195556,0.0036204525744309556,0.003433615456666027
RPE1,2,0.01,ridge_no_history,4,0.05987636996306605,0.00046286504887755215,0.0,0.0,0.0,0.0,0.0
RPE1,2,0.01,ridge_with_history,4,0.05926899929099381,0.0004541717126225854,0.0,0.0,0.00020511577192449163,0.0,0.0007069871943160062
RPE1,2,0.05,ridge_no_history,17,0.0798230836238053,0.0023730541254210684,0.001978069786946168,0.0,0.0,0.0,0.0
RPE1,2,0.05,ridge_with_history,17,0.07538412737052508,0.002309518358627223,0.0016936023419158713,0.00460996235690225,0.003943102400146368,0.0002580088614061843,0.0
RPE1,2,0.1,ridge_no_history,34,0.07058989298240842,0.007715721117840507,0.004526940431050591,0.0,0.0,0.0,0.0
RPE1,2,0.1,ridge_with_history,34,0.06284801067395424,0.006915306866514749,0.003510242359690203,0.007316568168182129,0.0071905788560002485,0.003650232081589607,0.0
RPE1,2,0.2,ridge_no_history,67,0.06401541197360752,0.021142578375051565,0.0014411460766125164,0.0,0.0,0.0,0.0
RPE1,2,0.2,ridge_with_history,67,0.05331019432244088,0.01672729384279422,0.0,0.008067902112971212,0.01760965540503259,0.003212448996436982,0.0
RPE1,2,0.5,ridge_no_history,166,0.058889880861326065,0.033125990720059055,0.0019152323908601682,0.0,0.0,0.0,0.0
RPE1,2,0.5,ridge_with_history,166,0.046936005229327504,0.0234606674845414,0.0,0.009579227214109476,0.022932625665365736,0.0030821660428716354,0.0
RPE1,2,1.0,ridge_no_history,332,0.05688620431656242,0.04196960815807428,0.0016813886750782262,0.0,0.0,0.0,0.0
RPE1,2,1.0,ridge_with_history,332,0.045407877111229775,0.02831708658633597,0.0,0.007825682225904091,0.023293016829195556,0.0036204525744309556,0.003433615456666027
RPE1,3,0.01,ridge_no_history,4,0.07981481179589495,0.002858475295297263,0.0008364246354989632,0.0,0.0,0.0,0.0
RPE1,3,0.01,ridge_with_history,4,0.07853665291933286,0.0027792134471842527,0.0008132316547773985,0.0,0.0028359152382004624,0.0,0.0
RPE1,3,0.05,ridge_no_history,17,0.07938197103331528,0.004330941866206657,0.0009353288864985727,0.0,0.0,0.0,0.0
RPE1,3,0.05,ridge_with_history,17,0.07753819534755321,0.0041002483964443165,0.0008911817653949753,0.0,0.0037590186567683856,0.0,0.0
RPE1,3,0.1,ridge_no_history,34,0.06943441932450514,0.011688902481525217,0.0032423643381558416,0.0,0.0,0.0,0.0
RPE1,3,0.1,ridge_with_history,34,0.06410733689288531,0.010212741161031779,0.0026004286906779585,0.0015924582548322854,0.009766036392316794,0.0013271023394602899,0.0
RPE1,3,0.2,ridge_no_history,67,0.06529525521485605,0.017560457736160204,0.00578000310361695,0.0,0.0,0.0,0.0
RPE1,3,0.2,ridge_with_history,67,0.0550815273592508,0.013830383679227431,0.004558532941821833,0.003914828060996531,0.014145161428411651,0.005417918840124736,0.0015983430801135093
RPE1,3,0.5,ridge_no_history,166,0.06012552294291275,0.03243863417719422,0.005712769633671692,0.0,0.0,0.0,0.0
RPE1,3,0.5,ridge_with_history,166,0.04834932445232942,0.022455411830700635,0.002234836513678245,0.007035775983723301,0.022254273435489056,0.003971840019001067,0.0026758101666253535
RPE1,3,1.0,ridge_no_history,332,0.05688620431656242,0.04196960815807428,0.0016813886750782262,0.0,0.0,0.0,0.0
RPE1,3,1.0,ridge_with_history,332,0.045407877111229775,0.02831708658633597,0.0,0.007825682225904091,0.023293016829195556,0.0036204525744309556,0.003433615456666027
RPE1,4,0.01,ridge_no_history,4,0.06631619702916416,0.00027303526108051645,0.0,0.0,0.0,0.0,0.0
RPE1,4,0.01,ridge_with_history,4,0.06570174578119273,0.0002766610601049466,0.0,0.00022344027566534682,0.0008739582506803818,0.0,5.192933538568355e-05
RPE1,4,0.05,ridge_no_history,17,0.06604293699637899,0.008127686423427986,0.0,0.0,0.0,0.0,0.0
RPE1,4,0.05,ridge_with_history,17,0.059004810933431365,0.006987864932192307,0.0,0.004261263139478729,0.009306970373697779,0.0,0.0017088275080572744
RPE1,4,0.1,ridge_no_history,34,0.06443204854832248,0.01050243993001078,0.0,0.0,0.0,0.0,0.0
RPE1,4,0.1,ridge_with_history,34,0.05789448904142366,0.008963397351623445,0.0,0.003999405278972358,0.010065212018803452,0.0,0.0013445462465160212
RPE1,4,0.2,ridge_no_history,67,0.06712292785772733,0.02021652642591935,0.0,0.0,0.0,0.0,0.0
RPE1,4,0.2,ridge_with_history,67,0.05974958628609937,0.015820866515724542,0.0,0.0039195627566053215,0.01440817890884848,0.0003713785076500404,0.0009852354972232466
RPE1,4,0.5,ridge_no_history,166,0.06241907450382047,0.03051943020180636,0.0007907203105994576,0.0,0.0,0.0,0.0
RPE1,4,0.5,ridge_with_history,166,0.05214831551025238,0.02108933743283439,0.0,0.008219386355595427,0.01921133419044706,0.002807188700504993,0.0
RPE1,4,1.0,ridge_no_history,332,0.05688620431656242,0.04196960815807428,0.0016813886750782262,0.0,0.0,0.0,0.0
RPE1,4,1.0,ridge_with_history,332,0.045407877111229775,0.02831708658633597,0.0,0.007825682225904091,0.023293016829195556,0.0036204525744309556,0.003433615456666027
RPE1,5,0.01,ridge_no_history,4,0.06361491858384095,0.0012430617040734167,0.00023061451746028122,0.0,0.0,0.0,0.0
RPE1,5,0.01,ridge_with_history,4,0.06197397805175564,0.001207358558061273,0.00022399082069412437,0.0003715807279076636,0.0010027901075826018,0.00040958355713648504,0.000876391323814038
RPE1,5,0.05,ridge_no_history,17,0.08387865318990832,0.003245484847232254,0.0,0.0,0.0,0.0,0.0
RPE1,5,0.05,ridge_with_history,17,0.07980897201151181,0.002882228618303026,0.0,0.0019200446446843663,0.005254057086158244,0.0,0.0
RPE1,5,0.1,ridge_no_history,34,0.08145038788228418,0.009285973915703358,0.0,0.0,0.0,0.0,0.0
RPE1,5,0.1,ridge_with_history,34,0.07394965269061476,0.007578177197142543,0.0,0.005808003870440554,0.008606335980593375,0.0,0.0
RPE1,5,0.2,ridge_no_history,67,0.07406231770325712,0.016444306590498732,0.0,0.0,0.0,0.0,0.0
RPE1,5,0.2,ridge_with_history,67,0.06102543293324598,0.012359207981413867,0.0,0.009594119042910897,0.014944457993050973,0.0028213642343446377,0.0
RPE1,5,0.5,ridge_no_history,166,0.06402578431992745,0.030955112336201,0.0,0.0,0.0,0.0,0.0
RPE1,5,0.5,ridge_with_history,166,0.05028754282746779,0.019936454958661122,0.0,0.010727675173338986,0.022896016951711416,0.0038434345683262296,0.0
RPE1,5,1.0,ridge_no_history,332,0.05688620431656242,0.04196960815807428,0.0016813886750782262,0.0,0.0,0.0,0.0
RPE1,5,1.0,ridge_with_history,332,0.045407877111229775,0.02831708658633597,0.0,0.007825682225904091,0.023293016829195556,0.0036204525744309556,0.003433615456666027
RPE1,6,0.01,ridge_no_history,4,0.09375011197917416,0.0024278937547003,0.0017450775089003872,0.0,0.0,0.0,0.0
RPE1,6,0.01,ridge_with_history,4,0.09271902728484463,0.002374774811034524,0.001706897636445822,0.0,0.001601722841910069,0.0,0.0
RPE1,6,0.05,ridge_no_history,17,0.06587540719791882,0.010550754227199963,0.004327665226879595,0.0,0.0,0.0,0.0
RPE1,6,0.05,ridge_with_history,17,0.06002086902338856,0.009327029730289883,0.0035638216853780907,0.0024678026357470902,0.009241533539811459,0.002528957997419955,0.0
RPE1,6,0.1,ridge_no_history,34,0.0657503975194412,0.01723014508737789,0.001877177407999805,0.0,0.0,0.0,0.0
RPE1,6,0.1,ridge_with_history,34,0.06078763303307662,0.014711305451928431,0.0013251445108376258,0.0011069556307549576,0.012610064243856264,0.0,0.0
RPE1,6,0.2,ridge_no_history,67,0.06640749817927681,0.023638482965926615,0.0018817692900109327,0.0,0.0,0.0,0.0
RPE1,6,0.2,ridge_with_history,67,0.05630019457263986,0.01866114623442441,0.0,0.003811141516570169,0.018833804824436452,0.0034867927270317606,0.0016457381729800486
RPE1,6,0.5,ridge_no_history,166,0.05980218265790718,0.03512066332131496,0.002783153833193691,0.0,0.0,0.0,0.0
RPE1,6,0.5,ridge_with_history,166,0.04991884625642102,0.02631914492717707,0.0006623743651798962,0.0037312348985299045,0.02047475147786113,0.004259746126895244,0.0012844800006993175
RPE1,6,1.0,ridge_no_history,332,0.05688620431656242,0.04196960815807428,0.0016813886750782262,0.0,0.0,0.0,0.0
RPE1,6,1.0,ridge_with_history,332,0.045407877111229775,0.02831708658633597,0.0,0.007825682225904091,0.023293016829195556,0.0036204525744309556,0.003433615456666027
RPE1,7,0.01,ridge_no_history,4,0.09125629778759721,0.0009339091777046352,0.0006509883318022967,0.0,0.0,0.0,0.0
RPE1,7,0.01,ridge_with_history,4,0.09033731757041662,0.000859571165526253,0.0005991704680390936,0.0004559504733990639,0.0010061137523411496,0.0007104286073848602,0.0
RPE1,7,0.05,ridge_no_history,17,0.08536150912229279,0.00907223959811828,0.0026560813100753255,0.0,0.0,0.0,0.0
RPE1,7,0.05,ridge_with_history,17,0.07669770321930348,0.00776067762118397,0.002311326015643332,0.005489289709734369,0.008660110780169412,0.0024816513032365354,0.0008192772749055946
RPE1,7,0.1,ridge_no_history,34,0.07846836826938319,0.01340972734707691,0.007018129458945394,0.0,0.0,0.0,0.0
RPE1,7,0.1,ridge_with_history,34,0.06503262375535412,0.010195101501457393,0.005003728606766845,0.009543345916412097,0.012221463240928281,0.006756751279947599,0.002089034059979177
RPE1,7,0.2,ridge_no_history,67,0.06984483673374978,0.022344511849596103,0.004534811352439807,0.0,0.0,0.0,0.0
RPE1,7,0.2,ridge_with_history,67,0.05581725450256157,0.01660274388433502,0.0029499970791115166,0.009338870315508148,0.015245720499174865,0.0046855102526270655,0.003924236167670877
RPE1,7,0.5,ridge_no_history,166,0.05878480712708871,0.03633928970444986,0.0033969853923509945,0.0,0.0,0.0,0.0
RPE1,7,0.5,ridge_with_history,166,0.04525608155787274,0.026224769507857345,0.0007364852282488484,0.00473210793742126,0.02278429653261266,0.0051151337108456185,0.006337588047289645
RPE1,7,1.0,ridge_no_history,332,0.05688620431656242,0.04196960815807428,0.0016813886750782262,0.0,0.0,0.0,0.0
RPE1,7,1.0,ridge_with_history,332,0.045407877111229775,0.02831708658633597,0.0,0.007825682225904091,0.023293016829195556,0.0036204525744309556,0.003433615456666027
RPE1,8,0.01,ridge_no_history,4,0.061865626412407726,0.0019286243783848103,0.0,0.0,0.0,0.0,0.0
RPE1,8,0.01,ridge_with_history,4,0.06082605346673333,0.0018758738910381366,0.0,0.0008815000208987974,0.0018464615948264095,0.0,0.0
RPE1,8,0.05,ridge_no_history,17,0.06325641746010152,0.005407625558870326,0.0005191799802211588,0.0,0.0,0.0,0.0
RPE1,8,0.05,ridge_with_history,17,0.05815667726613254,0.005047854808021733,0.0005431748874205409,0.0032697533183203963,0.0042801626321173555,0.002395619843947272,0.000674722232430451
RPE1,8,0.1,ridge_no_history,34,0.06780338920002695,0.0094292643029255,0.0018325409984914231,0.0,0.0,0.0,0.0
RPE1,8,0.1,ridge_with_history,34,0.06132683648280793,0.008402282446502825,0.0013577364416653024,0.0006077664278539598,0.006220966264585126,0.003567492885063306,0.0043083351578376075
RPE1,8,0.2,ridge_no_history,67,0.06721829834214113,0.016548194155578805,0.000430315240139375,0.0,0.0,0.0,0.0
RPE1,8,0.2,ridge_with_history,67,0.05784761812609461,0.013470632227337213,0.0,0.003436168198019718,0.0095818935708718,0.005142906812400628,0.004701034420958338
RPE1,8,0.5,ridge_no_history,166,0.06195904482982484,0.03244723003083338,0.0,0.0,0.0,0.0,0.0
RPE1,8,0.5,ridge_with_history,166,0.05161194124532002,0.023166136933573642,0.0,0.004858769120305695,0.019098912642131243,0.001649793878521121,0.00405893368051292
RPE1,8,1.0,ridge_no_history,332,0.05688620431656242,0.04196960815807428,0.0016813886750782262,0.0,0.0,0.0,0.0
RPE1,8,1.0,ridge_with_history,332,0.045407877111229775,0.02831708658633597,0.0,0.007825682225904091,0.023293016829195556,0.0036204525744309556,0.003433615456666027
RPE1,9,0.01,ridge_no_history,4,0.047706629519520885,0.0014424248611554552,0.0018886142064491289,0.0,0.0,0.0,0.0
RPE1,9,0.01,ridge_with_history,4,0.04685737898027911,0.0014110055764234635,0.0018474759058698,0.00014626277563049297,0.0017951525386745188,0.0009703908467005132,0.0
RPE1,9,0.05,ridge_no_history,17,0.06881543460423965,0.004746365020181446,0.0023195697923575624,0.0,0.0,0.0,0.0
RPE1,9,0.05,ridge_with_history,17,0.0652509849113544,0.004174734975351705,0.0018133340498327993,0.0011839862153460554,0.005062325423166489,0.0024155796166350028,0.0
RPE1,9,0.1,ridge_no_history,34,0.07048765747461479,0.009208244861604053,0.0005998267115061493,0.0,0.0,0.0,0.0
RPE1,9,0.1,ridge_with_history,34,0.0665315852991346,0.007922420713931013,0.0003644044393004787,0.001556440871056276,0.007998640345151615,0.0,0.0
RPE1,9,0.2,ridge_no_history,67,0.06617077391692452,0.01759179817448111,0.0,0.0,0.0,0.0,0.0
RPE1,9,0.2,ridge_with_history,67,0.059848979160937336,0.013607402205479997,0.0,0.0019099477992407916,0.01418753777934396,0.0,0.0
RPE1,9,0.5,ridge_no_history,166,0.06125513591483435,0.03095682743190005,0.0005209974056634783,0.0,0.0,0.0,0.0
RPE1,9,0.5,ridge_with_history,166,0.0522368585629067,0.021789203952065083,0.0,0.003952811113385251,0.02086740230739652,0.0024263074755972816,0.0010665838617351345
RPE1,9,1.0,ridge_no_history,332,0.05688620431656242,0.04196960815807428,0.0016813886750782262,0.0,0.0,0.0,0.0
RPE1,9,1.0,ridge_with_history,332,0.045407877111229775,0.02831708658633597,0.0,0.007825682225904091,0.023293016829195556,0.0036204525744309556,0.003433615456666027
RPE1,10,0.01,ridge_no_history,4,0.09269956737283368,0.001267084423310297,0.0017545727732199193,0.0,0.0,0.0,0.0
RPE1,10,0.01,ridge_with_history,4,0.08767769602691723,0.001219297138227754,0.00163079938993114,0.004813273767269472,0.0023600370047347535,0.0023661788625246693,0.0009062036364904877
RPE1,10,0.05,ridge_no_history,17,0.0738287046341558,0.0048735576274887855,0.001353041009394394,0.0,0.0,0.0,0.0
RPE1,10,0.05,ridge_with_history,17,0.06773437340480282,0.004674076256911711,0.001039199192631569,0.004107201124180954,0.004928333322904713,0.0015300359035699122,0.002603134226416339
RPE1,10,0.1,ridge_no_history,34,0.06768528759332168,0.01100244705422776,0.0,0.0,0.0,0.0,0.0
RPE1,10,0.1,ridge_with_history,34,0.06016235995172511,0.009966408108787576,0.0,0.0035940637649550123,0.007126173964861994,0.004255873880174836,0.0031338786842107927
RPE1,10,0.2,ridge_no_history,67,0.06674132794285612,0.022097238761080596,0.0022415362288587207,0.0,0.0,0.0,0.0
RPE1,10,0.2,ridge_with_history,67,0.05344501457043717,0.016842999202296188,0.0,0.009254607228858002,0.016889500620526722,0.005774179678943313,0.0025798442815891157
RPE1,10,0.5,ridge_no_history,166,0.059931425615379175,0.036951390505276176,0.0004136044717862873,0.0,0.0,0.0,0.0
RPE1,10,0.5,ridge_with_history,166,0.04720952188791658,0.02499333836555307,0.0,0.006764473028502121,0.026035030590336697,0.0024485355020502624,0.0018394163040901218
RPE1,10,1.0,ridge_no_history,332,0.05688620431656242,0.04196960815807428,0.0016813886750782262,0.0,0.0,0.0,0.0
RPE1,10,1.0,ridge_with_history,332,0.045407877111229775,0.02831708658633597,0.0,0.007825682225904091,0.023293016829195556,0.0036204525744309556,0.003433615456666027
RPE1,11,0.01,ridge_no_history,4,0.06627905188181483,0.00024454939054283206,0.00023171165995352838,0.0,0.0,0.0,0.0
RPE1,11,0.01,ridge_with_history,4,0.0658400656197261,0.0002378878239518734,0.00022539979530624497,0.0004257282358460532,0.00031026280467031747,7.0430257686854e-05,0.00012612233899911
RPE1,11,0.05,ridge_no_history,17,0.06897477787097103,0.004380043442012223,0.0,0.0,0.0,0.0,0.0
RPE1,11,0.05,ridge_with_history,17,0.06528441959196084,0.003809808295099409,0.0,0.0018417019252184152,0.004369175619220129,0.002096733491754682,0.0008294022998600707
RPE1,11,0.1,ridge_no_history,34,0.06650061785160552,0.009653667483276387,0.00015632477523591607,0.0,0.0,0.0,0.0
RPE1,11,0.1,ridge_with_history,34,0.061528574148709596,0.008333048693118749,0.0,0.002501742114135171,0.0077437289714724685,0.0008021927846532597,0.0019066326781954112
RPE1,11,0.2,ridge_no_history,67,0.06610343453330246,0.02259616316696232,0.000992126090300309,0.0,0.0,0.0,0.0
RPE1,11,0.2,ridge_with_history,67,0.05551838626791271,0.016227042765896166,0.0,0.007755196878750278,0.018023226122972007,0.0037453446723524427,0.0002136696412908958
RPE1,11,0.5,ridge_no_history,166,0.057881796384068596,0.03620382358439334,0.003281551913918131,0.0,0.0,0.0,0.0
RPE1,11,0.5,ridge_with_history,166,0.04738619463581244,0.025737038240499846,0.0,0.009274179259127345,0.022201582648725567,0.0026214070770155893,0.002248434208544188
RPE1,11,1.0,ridge_no_history,332,0.05688620431656242,0.04196960815807428,0.0016813886750782262,0.0,0.0,0.0,0.0
RPE1,11,1.0,ridge_with_history,332,0.045407877111229775,0.02831708658633597,0.0,0.007825682225904091,0.023293016829195556,0.0036204525744309556,0.003433615456666027
RPE1,12,0.01,ridge_no_history,4,0.09352312572620464,0.0010472654600763114,0.0006184227795847436,0.0,0.0,0.0,0.0
RPE1,12,0.01,ridge_with_history,4,0.09241459953157988,0.0010145695607231297,0.0005991154599701502,0.000755771449046244,0.0008271474355268277,0.0004325452900672229,0.0
RPE1,12,0.05,ridge_no_history,17,0.09611736561276818,0.008902945936350635,0.0012896900751283155,0.0,0.0,0.0,0.0
RPE1,12,0.05,ridge_with_history,17,0.08978723093357688,0.008487610001581719,0.0011408190919158833,0.001617991555256026,0.004653468057825923,0.0,0.004720295003837032
RPE1,12,0.1,ridge_no_history,34,0.07771374483952524,0.015612923732870864,0.0057360760109415295,0.0,0.0,0.0,0.0
RPE1,12,0.1,ridge_with_history,34,0.0691937460938713,0.013990207410764911,0.004940365219026943,0.001684104347556793,0.008994536332986794,0.0012594469401948022,0.005353960912620732
RPE1,12,0.2,ridge_no_history,67,0.07276044848821929,0.02175672120611218,0.004428914807751155,0.0,0.0,0.0,0.0
RPE1,12,0.2,ridge_with_history,67,0.0647013735855424,0.01692110862072163,0.0038192625563898404,0.0060707349295019775,0.013274738489642028,0.0006661032814258648,0.0001627014397000259
RPE1,12,0.5,ridge_no_history,166,0.05730978416205412,0.03818474297309862,0.005605053184179904,0.0,0.0,0.0,0.0
RPE1,12,0.5,ridge_with_history,166,0.045176204217934265,0.02846869318933913,0.00265536852291789,0.007528080472368545,0.019920873449574477,0.004550792867147051,0.004683927136678987
RPE1,12,1.0,ridge_no_history,332,0.05688620431656242,0.04196960815807428,0.0016813886750782262,0.0,0.0,0.0,0.0
RPE1,12,1.0,ridge_with_history,332,0.045407877111229775,0.02831708658633597,0.0,0.007825682225904091,0.023293016829195556,0.0036204525744309556,0.003433615456666027
RPE1,13,0.01,ridge_no_history,4,0.0703171211246653,0.0,0.0001586991905354723,0.0,0.0,0.0,0.0
RPE1,13,0.01,ridge_with_history,4,0.06996979250708597,0.0,0.0001587183782334662,0.00011436604951352866,0.0,0.0003757639922798695,0.0
RPE1,13,0.05,ridge_no_history,17,0.06751484563811551,0.004646495322251729,0.005610559570841373,0.0,0.0,0.0,0.0
RPE1,13,0.05,ridge_with_history,17,0.06267172814633667,0.004153714985843838,0.0049341218077663595,0.0014038696442366758,0.0039260401406479165,0.004902659114717596,0.00039495197059567533
RPE1,13,0.1,ridge_no_history,34,0.06735857110462232,0.01366773669244496,0.002102298327577136,0.0,0.0,0.0,0.0
RPE1,13,0.1,ridge_with_history,34,0.05681889267863443,0.010905171166080873,0.001002622405355119,0.005218182822944719,0.011118009963078304,0.0052570137065011775,0.0025518485377488908
RPE1,13,0.2,ridge_no_history,67,0.06787660223092423,0.021184021249675694,0.0,0.0,0.0,0.0,0.0
RPE1,13,0.2,ridge_with_history,67,0.05851455323569746,0.015413488596919293,0.0,0.006395284857137345,0.014294058612183866,0.0020465016241838258,0.0008447654635525154
RPE1,13,0.5,ridge_no_history,166,0.059805358491067676,0.0348746386753129,0.004614547268105993,0.0,0.0,0.0,0.0
RPE1,13,0.5,ridge_with_history,166,0.04890615654952767,0.024102906252593117,0.0006959862581683411,0.00906175744521181,0.02233926394091914,0.004583891896486086,0.0
RPE1,13,1.0,ridge_no_history,332,0.05688620431656242,0.04196960815807428,0.0016813886750782262,0.0,0.0,0.0,0.0
RPE1,13,1.0,ridge_with_history,332,0.045407877111229775,0.02831708658633597,0.0,0.007825682225904091,0.023293016829195556,0.0036204525744309556,0.003433615456666027
RPE1,14,0.01,ridge_no_history,4,0.08532064227911887,0.00023132016065709787,0.00012086411519967275,0.0,0.0,0.0,0.0
RPE1,14,0.01,ridge_with_history,4,0.08499641724655224,0.00023107823335829762,0.00012073770888545837,0.00029167949342821434,0.00044142910750825855,0.00017762943241951104,0.0
RPE1,14,0.05,ridge_no_history,17,0.08111507318491946,0.0054825605679342726,0.0,0.0,0.0,0.0,0.0
RPE1,14,0.05,ridge_with_history,17,0.07815932361559008,0.005219538163406503,0.0,0.0,0.002942051786098546,0.0,0.0030288421554091303
RPE1,14,0.1,ridge_no_history,34,0.07478811195446416,0.011690586724714649,0.0012632073589979918,0.0,0.0,0.0,0.0
RPE1,14,0.1,ridge_with_history,34,0.07037225779783018,0.0101838719117516,0.00099780709804185,0.0,0.008435060512756446,0.0,0.0027130463025399677
RPE1,14,0.2,ridge_no_history,67,0.06714489267435142,0.019337755947227284,0.0028395281315948106,0.0,0.0,0.0,0.0
RPE1,14,0.2,ridge_with_history,67,0.062356807460031166,0.015655656378122666,0.0025603260732812196,3.6634722259111794e-05,0.01107150548072061,0.0,0.0021994270625397432
RPE1,14,0.5,ridge_no_history,166,0.06024700827124231,0.03419652681760019,0.0040063162090089085,0.0,0.0,0.0,0.0
RPE1,14,0.5,ridge_with_history,166,0.05021849194261448,0.024602109798545775,0.0014150735167720915,0.0037475170670524358,0.019080418557420972,0.0036231964463813663,0.006149383329254459
RPE1,14,1.0,ridge_no_history,332,0.05688620431656242,0.04196960815807428,0.0016813886750782262,0.0,0.0,0.0,0.0
RPE1,14,1.0,ridge_with_history,332,0.045407877111229775,0.02831708658633597,0.0,0.007825682225904091,0.023293016829195556,0.0036204525744309556,0.003433615456666027
RPE1,15,0.01,ridge_no_history,4,0.06769318682831944,0.000613877624145252,0.002783446667189653,0.0,0.0,0.0,0.0
RPE1,15,0.01,ridge_with_history,4,0.06527507297956307,0.0005689279397356183,0.0025796356072321763,0.0015565276598663949,0.001510339214585539,0.0022496005286820175,0.0
RPE1,15,0.05,ridge_no_history,17,0.07233325317443377,0.009916810805627193,0.002161396459194941,0.0,0.0,0.0,0.0
RPE1,15,0.05,ridge_with_history,17,0.06567386182350188,0.00851296497166443,0.0014804585762952498,0.002436798577446203,0.009333728658958516,0.0024338628697371076,0.0
RPE1,15,0.1,ridge_no_history,34,0.06546029738722617,0.01571893734626133,0.002783158659492389,0.0,0.0,0.0,0.0
RPE1,15,0.1,ridge_with_history,34,0.05992579435967677,0.013494292857901928,0.001821805413789177,0.0,0.010500831559711401,0.00373730439908764,0.0
RPE1,15,0.2,ridge_no_history,67,0.0693997488001385,0.019406621713032108,0.0,0.0,0.0,0.0,0.0
RPE1,15,0.2,ridge_with_history,67,0.05881904559487729,0.014159177322029742,0.0,0.007576462412705791,0.015681812943091643,0.0037258033554134055,0.0
RPE1,15,0.5,ridge_no_history,166,0.06022114391001599,0.03344018053278967,0.003201715988939871,0.0,0.0,0.0,0.0
RPE1,15,0.5,ridge_with_history,166,0.04984503881436529,0.022810653939529402,0.0,0.010494366161558504,0.02189458500589219,0.0021381265049255065,0.0
RPE1,15,1.0,ridge_no_history,332,0.05688620431656242,0.04196960815807428,0.0016813886750782262,0.0,0.0,0.0,0.0
RPE1,15,1.0,ridge_with_history,332,0.045407877111229775,0.02831708658633597,0.0,0.007825682225904091,0.023293016829195556,0.0036204525744309556,0.003433615456666027
hepg2,0,0.01,ridge_no_history,4,0.05226730867990702,0.0013103880755289178,0.0,0.0,0.0,0.0,0.0
hepg2,0,0.01,ridge_with_history,4,0.050990461571496275,0.0012799937739534414,0.0,0.0,0.00045453438949066214,0.0010962583430150694,0.0012288054238564885
hepg2,0,0.05,ridge_no_history,17,0.049852369127700726,0.004107162129986747,0.0008020515207992578,0.0,0.0,0.0,0.0
hepg2,0,0.05,ridge_with_history,17,0.04817965271126435,0.003915069695450904,0.0008412813044977506,2.7322061162509357e-05,0.002990992172233695,0.0007358842150950333,0.0
hepg2,0,0.1,ridge_no_history,33,0.0492312304462095,0.008753623179200575,0.003934326027915874,0.0,0.0,0.0,0.0
hepg2,0,0.1,ridge_with_history,33,0.04517863704994586,0.0076744099924410305,0.003472820284530356,0.002543675029846934,0.005357383232634189,0.002166995383845659,8.752021805257556e-05
hepg2,0,0.2,ridge_no_history,65,0.04556866286550592,0.018750633243137596,0.0029466251081649956,0.0,0.0,0.0,0.0
hepg2,0,0.2,ridge_with_history,65,0.03806721321556851,0.015070530541949255,0.001999907847391079,0.0060539478398274355,0.010520333264307315,0.002786548582529621,0.002677902129300439
hepg2,0,0.5,ridge_no_history,162,0.041322980756942976,0.02600584621357252,0.0037912367157944965,0.0,0.0,0.0,0.0
hepg2,0,0.5,ridge_with_history,162,0.03235670675026353,0.02077590447012569,0.0027884417763804847,0.00746638604915213,0.010331575832613892,0.0004780593825831622,0.007479824294027942
hepg2,0,1.0,ridge_no_history,324,0.03748661550363284,0.03694963377797739,0.004014349062234543,0.0,0.0,0.0,0.0
hepg2,0,1.0,ridge_with_history,324,0.025918913445338455,0.028747140572579197,0.0026477640892430547,0.008869067171894817,0.012591671136505635,0.0,0.011381002367183864
hepg2,1,0.01,ridge_no_history,4,0.054428022362794884,0.0009195606344512869,0.00019934379797187303,0.0,0.0,0.0,0.0
hepg2,1,0.01,ridge_with_history,4,0.05405783974654996,0.0009280046653064125,0.0002011743082370899,0.0,5.4339006227171444e-05,0.0001772344806191125,0.0004643418103390707
hepg2,1,0.05,ridge_no_history,17,0.04489559555238951,0.003137840838691767,0.0002769445156898222,0.0,0.0,0.0,0.0
hepg2,1,0.05,ridge_with_history,17,0.04266437757891968,0.0029668130026110017,0.00021387129286882763,0.0014462369474207266,0.0019389081327969384,0.0013124981621218236,0.0007141283939786636
hepg2,1,0.1,ridge_no_history,33,0.04876232793506063,0.007517515671256484,0.0025980657917275647,0.0,0.0,0.0,0.0
hepg2,1,0.1,ridge_with_history,33,0.046487850389637805,0.006829343627302341,0.002463219918557316,0.0003479503926105784,0.004653702479607855,0.0,0.0006967860304410023
hepg2,1,0.2,ridge_no_history,65,0.04500794037489194,0.01616945266889172,0.0069574902866169535,0.0,0.0,0.0,0.0
hepg2,1,0.2,ridge_with_history,65,0.03740200366926599,0.013328170161692953,0.006057357365070337,0.005100071291586443,0.009058556273770108,0.0031541330286743354,0.0019739770950001406
hepg2,1,0.5,ridge_no_history,162,0.041652208106424476,0.025921306187709346,0.006165265127880953,0.0,0.0,0.0,0.0
hepg2,1,0.5,ridge_with_history,162,0.030558045558298066,0.02007779434649605,0.004304190647358904,0.00855948690488767,0.012016941593888624,0.0023744891489552236,0.0073850571848571986
hepg2,1,1.0,ridge_no_history,324,0.03748661550363284,0.03694963377797739,0.004014349062234543,0.0,0.0,0.0,0.0
hepg2,1,1.0,ridge_with_history,324,0.025918913445338455,0.028747140572579197,0.0026477640892430547,0.008869067171894817,0.012591671136505635,0.0,0.011381002367183864
hepg2,2,0.01,ridge_no_history,4,0.0643387890909652,0.003173964667298805,0.001301653545216645,0.0,0.0,0.0,0.0
hepg2,2,0.01,ridge_with_history,4,0.060935287779377595,0.0030532367401112912,0.001248225315580478,0.0018994129207145266,0.002193250131240474,0.0020208984071521064,0.000985973449262043
hepg2,2,0.05,ridge_no_history,17,0.050331080712421,0.0076198464919146084,0.00037590486951848275,0.0,0.0,0.0,0.0
hepg2,2,0.05,ridge_with_history,17,0.04590439498308197,0.0067374445846036905,0.00030131313969168947,0.0026320302316976273,0.005824938622861395,0.0019015006469257469,0.0010904690339242633
hepg2,2,0.1,ridge_no_history,33,0.04919468583220975,0.011398175231967029,0.002150749688163197,0.0,0.0,0.0,0.0
hepg2,2,0.1,ridge_with_history,33,0.04355331557135226,0.009346600307317755,0.0017965823730970694,0.004156580338760053,0.007702746035966802,0.0015361229355181918,0.0006195287398310808
hepg2,2,0.2,ridge_no_history,65,0.04506103838221833,0.0183160316366701,0.004187089647241399,0.0,0.0,0.0,0.0
hepg2,2,0.2,ridge_with_history,65,0.03651433179353864,0.015230032829249679,0.0027407426371799854,0.0059006252826786605,0.007502892016575302,0.0026038718234491338,0.006147335605175914
hepg2,2,0.5,ridge_no_history,162,0.038451899109371634,0.03094671966391751,0.006768865119793054,0.0,0.0,0.0,0.0
hepg2,2,0.5,ridge_with_history,162,0.028782332339201244,0.024289158343044157,0.005216519048924447,0.0065579258853783245,0.01217702741631112,0.0010534287315182146,0.00783975955790759
hepg2,2,1.0,ridge_no_history,324,0.03748661550363284,0.03694963377797739,0.004014349062234543,0.0,0.0,0.0,0.0
hepg2,2,1.0,ridge_with_history,324,0.025918913445338455,0.028747140572579197,0.0026477640892430547,0.008869067171894817,0.012591671136505635,0.0,0.011381002367183864
hepg2,3,0.01,ridge_no_history,4,0.03573483088641582,0.0,0.00010015124510306677,0.0,0.0,0.0,0.0
hepg2,3,0.01,ridge_with_history,4,0.03546472199123959,0.0,9.410196400020807e-05,0.0002457632393066631,1.4739272362024556e-05,0.00037333911614269077,4.5689637095646186e-05
hepg2,3,0.05,ridge_no_history,17,0.047808288152709585,0.005102803965331735,0.0011193245183892774,0.0,0.0,0.0,0.0
hepg2,3,0.05,ridge_with_history,17,0.04519142365343561,0.004790822224624412,0.000910029263921013,0.0031012996906520525,0.002644316869612809,0.0,0.0012771665094807687
hepg2,3,0.1,ridge_no_history,33,0.05084999749505968,0.010592902543799904,0.0002372870445551551,0.0,0.0,0.0,0.0
hepg2,3,0.1,ridge_with_history,33,0.043903505747652616,0.008949957188161403,0.0,0.0067799926460146015,0.006210532487696621,0.0012944543031301872,0.002714131156856329
hepg2,3,0.2,ridge_no_history,65,0.048501891746225795,0.0191913823573676,0.0011584045861142644,0.0,0.0,0.0,0.0
hepg2,3,0.2,ridge_with_history,65,0.03808926594639783,0.015532531814204472,0.0,0.008994616289212746,0.008813010942657693,0.002542061377633095,0.004757893424808788
hepg2,3,0.5,ridge_no_history,162,0.03957003251713338,0.03357972976823402,0.0056743480732232105,0.0,0.0,0.0,0.0
hepg2,3,0.5,ridge_with_history,162,0.02821365701778228,0.02506366996400549,0.002973058893101874,0.010217340913380554,0.01374174216012071,0.002917415662751478,0.006451548644798254
hepg2,3,1.0,ridge_no_history,324,0.03748661550363284,0.03694963377797739,0.004014349062234543,0.0,0.0,0.0,0.0
hepg2,3,1.0,ridge_with_history,324,0.025918913445338455,0.028747140572579197,0.0026477640892430547,0.008869067171894817,0.012591671136505635,0.0,0.011381002367183864
hepg2,4,0.01,ridge_no_history,4,0.047950768351923904,0.002118863340931918,0.0018890884181198277,0.0,0.0,0.0,0.0
hepg2,4,0.01,ridge_with_history,4,0.045766849020811434,0.0020098070237360628,0.0017918584449744706,0.0005086826397278996,0.0006895749378359533,0.0018641110670541334,0.0012279437647975964
hepg2,4,0.05,ridge_no_history,17,0.05378925021250343,0.0062741380905352645,0.0032951263328788918,0.0,0.0,0.0,0.0
hepg2,4,0.05,ridge_with_history,17,0.05103529390704192,0.005955440078430483,0.0030557184648593166,0.001021332886108862,0.0026275668823548867,0.0021750944371370685,0.0
hepg2,4,0.1,ridge_no_history,33,0.050977030011183776,0.009898512685281498,0.003408674251011866,0.0,0.0,0.0,0.0
hepg2,4,0.1,ridge_with_history,33,0.04665611047147375,0.009037073475741867,0.0030528325847351944,0.002169192799544761,0.005546638300353567,0.001758631559212788,0.0
hepg2,4,0.2,ridge_no_history,65,0.0455953031242462,0.016341096456098932,0.001901846557636104,0.0,0.0,0.0,0.0
hepg2,4,0.2,ridge_with_history,65,0.040529098325409095,0.013678158739395194,0.0017178029137756938,0.003796551515562598,0.0086560017683752,0.0006150937560393684,0.0004544839338622278
hepg2,4,0.5,ridge_no_history,162,0.04202880040318829,0.027624920967880724,0.0012531922631239777,0.0,0.0,0.0,0.0
hepg2,4,0.5,ridge_with_history,162,0.03293045682230704,0.021886729015726945,0.000832923268105511,0.005903888704143473,0.012334849904214394,1.9939926051725524e-05,0.006798502015790676
hepg2,4,1.0,ridge_no_history,324,0.03748661550363284,0.03694963377797739,0.004014349062234543,0.0,0.0,0.0,0.0
hepg2,4,1.0,ridge_with_history,324,0.025918913445338455,0.028747140572579197,0.0026477640892430547,0.008869067171894817,0.012591671136505635,0.0,0.011381002367183864
hepg2,5,0.01,ridge_no_history,4,0.06262065690504903,0.0011156468430869404,0.0,0.0,0.0,0.0,0.0
hepg2,5,0.01,ridge_with_history,4,0.0612593926971702,0.0010910560921163753,0.0,0.0011547899229599717,0.0010324410429540538,0.0,0.0001579413750988923
hepg2,5,0.05,ridge_no_history,17,0.05203390272883672,0.0053910929656858,0.0033584998880531423,0.0,0.0,0.0,0.0
hepg2,5,0.05,ridge_with_history,17,0.04832297020109298,0.0051404349179401026,0.0032327776880283696,0.0019102613234721144,0.0029965501102000368,0.000528876160951933,0.0017059333526183405
hepg2,5,0.1,ridge_no_history,33,0.04946697556690814,0.008963427909212838,0.0039680575145459975,0.0,0.0,0.0,0.0
hepg2,5,0.1,ridge_with_history,33,0.04552246422111579,0.008127246671012332,0.0037396480188262005,0.0013134286903816277,0.004842785520709326,0.0007143423729429691,0.0022103546353338874
hepg2,5,0.2,ridge_no_history,65,0.046901145474203196,0.01834209295667176,0.005507250991300772,0.0,0.0,0.0,0.0
hepg2,5,0.2,ridge_with_history,65,0.040296124453597065,0.014286816458347475,0.004620763930005823,0.004547248423841116,0.010655526537598882,0.0007228739117689707,0.002911192965714132
hepg2,5,0.5,ridge_no_history,162,0.04109531743752077,0.031174760284155206,0.004482651477797949,0.0,0.0,0.0,0.0
hepg2,5,0.5,ridge_with_history,162,0.029240014947940946,0.0241917402659772,0.0037943696387427975,0.007585310807391752,0.012738492258921583,0.0,0.011343852730124641
hepg2,5,1.0,ridge_no_history,324,0.03748661550363284,0.03694963377797739,0.004014349062234543,0.0,0.0,0.0,0.0
hepg2,5,1.0,ridge_with_history,324,0.025918913445338455,0.028747140572579197,0.0026477640892430547,0.008869067171894817,0.012591671136505635,0.0,0.011381002367183864
hepg2,6,0.01,ridge_no_history,4,0.03433564386087425,0.00030237550764535383,5.4136754586516154e-05,0.0,0.0,0.0,0.0
hepg2,6,0.01,ridge_with_history,4,0.034212009818543256,0.00029771411225003915,5.3302186930848614e-05,9.256475011192521e-05,0.00033027621710423927,2.5540679283180245e-05,0.0
hepg2,6,0.05,ridge_no_history,17,0.04956468864895918,0.011312929611344889,0.006659966520327427,0.0,0.0,0.0,0.0
hepg2,6,0.05,ridge_with_history,17,0.042937158473622256,0.00899463130058071,0.00524445602450286,0.0071696354274648835,0.008545602727770215,0.0017705550719557424,0.0
hepg2,6,0.1,ridge_no_history,33,0.047587367910273175,0.018061722109575556,0.006765865705575028,0.0,0.0,0.0,0.0
hepg2,6,0.1,ridge_with_history,33,0.038650847481483834,0.012917262821351376,0.004948829951572086,0.009928220774416832,0.012398440366883177,0.002775714438181007,0.0
hepg2,6,0.2,ridge_no_history,65,0.04317244762395349,0.02030838298621876,0.007177711918828996,0.0,0.0,0.0,0.0
hepg2,6,0.2,ridge_with_history,65,0.035788328352428164,0.014171023590842399,0.005245787325350674,0.009482822090713454,0.012230702995473209,0.001695848684742042,0.00021794725807800248
hepg2,6,0.5,ridge_no_history,162,0.03912107863101588,0.03304841387300388,0.005308158218620331,0.0,0.0,0.0,0.0
hepg2,6,0.5,ridge_with_history,162,0.02850291316922505,0.02488046152951444,0.003915142121830818,0.008892332235068346,0.014741959097948034,0.0,0.007335866294737863
hepg2,6,1.0,ridge_no_history,324,0.03748661550363284,0.03694963377797739,0.004014349062234543,0.0,0.0,0.0,0.0
hepg2,6,1.0,ridge_with_history,324,0.025918913445338455,0.028747140572579197,0.0026477640892430547,0.008869067171894817,0.012591671136505635,0.0,0.011381002367183864
hepg2,7,0.01,ridge_no_history,4,0.05780609927506911,0.0012218268874119764,0.0017518162202621228,0.0,0.0,0.0,0.0
hepg2,7,0.01,ridge_with_history,4,0.0567955771881486,0.0011934909268995358,0.0017111890285103153,0.0003278011869613678,0.0013192032727421153,0.00017811842121536316,0.0
hepg2,7,0.05,ridge_no_history,17,0.04874991347120991,0.0036096564667373768,0.0028958197995636536,0.0,0.0,0.0,0.0
hepg2,7,0.05,ridge_with_history,17,0.04598445938475933,0.0032446250606305163,0.0026054812095756413,0.0028977297518460042,0.0033458417662860056,0.00048314087552695043,0.0
hepg2,7,0.1,ridge_no_history,33,0.050956775541274285,0.008155797014347974,0.00018724193817995933,0.0,0.0,0.0,0.0
hepg2,7,0.1,ridge_with_history,33,0.04663773352386031,0.006591213164025433,0.00010534832496875795,0.003915038700220956,0.00714842300058594,0.0,0.0
hepg2,7,0.2,ridge_no_history,65,0.04613089150779759,0.014783345599807228,0.00366561659350389,0.0,0.0,0.0,0.0
hepg2,7,0.2,ridge_with_history,65,0.03863519720525667,0.011260188402998172,0.0031053690754237234,0.007154104408822932,0.009259395538085403,0.0022999601614893837,0.0022221418127947607
hepg2,7,0.5,ridge_no_history,162,0.040979341983024165,0.028924445006287918,0.005848732746714267,0.0,0.0,0.0,0.0
hepg2,7,0.5,ridge_with_history,162,0.029390103988261113,0.022264310050910778,0.003046386985267167,0.009495729513607842,0.012148548079574481,0.0032988208638247895,0.008088864716291435
hepg2,7,1.0,ridge_no_history,324,0.03748661550363284,0.03694963377797739,0.004014349062234543,0.0,0.0,0.0,0.0
hepg2,7,1.0,ridge_with_history,324,0.025918913445338455,0.028747140572579197,0.0026477640892430547,0.008869067171894817,0.012591671136505635,0.0,0.011381002367183864
hepg2,8,0.01,ridge_no_history,4,0.05060425861969269,0.001121250704701788,3.518482078122146e-05,0.0,0.0,0.0,0.0
hepg2,8,0.01,ridge_with_history,4,0.04947780322063393,0.0011070883066776978,3.474040506382625e-05,0.000992697731130736,0.0012730333819875044,0.0009240496468492031,0.0
hepg2,8,0.05,ridge_no_history,17,0.04725221296294082,0.004530025495447158,0.0,0.0,0.0,0.0,0.0
hepg2,8,0.05,ridge_with_history,17,0.044044079956399286,0.0041174664409648915,0.0,0.0020097709713632604,0.0036773929368101328,0.0027912443072221163,0.0
hepg2,8,0.1,ridge_no_history,33,0.050175353017078025,0.014742570397325409,0.0053028799289761034,0.0,0.0,0.0,0.0
hepg2,8,0.1,ridge_with_history,33,0.04207992609985838,0.01218652117549807,0.004900109068877896,0.005357737450813723,0.010157117279794795,0.0029245929724204837,0.00029916318893687436
hepg2,8,0.2,ridge_no_history,65,0.04355522546960017,0.02254503544166363,0.004707467403237224,0.0,0.0,0.0,0.0
hepg2,8,0.2,ridge_with_history,65,0.0344494034418827,0.01816618019541356,0.003451233560280783,0.005617854720456543,0.012337584751769354,0.003039551659732719,0.0034395982990419534
hepg2,8,0.5,ridge_no_history,162,0.040840679007208516,0.03246397706898468,0.003777458738741581,0.0,0.0,0.0,0.0
hepg2,8,0.5,ridge_with_history,162,0.028966874780688993,0.025734415491018042,0.00218181505408795,0.007483192144766777,0.012579799411615111,0.00106622596510571,0.010522263281757656
hepg2,8,1.0,ridge_no_history,324,0.03748661550363284,0.03694963377797739,0.004014349062234543,0.0,0.0,0.0,0.0
hepg2,8,1.0,ridge_with_history,324,0.025918913445338455,0.028747140572579197,0.0026477640892430547,0.008869067171894817,0.012591671136505635,0.0,0.011381002367183864
hepg2,9,0.01,ridge_no_history,4,0.05967910045757623,0.0018016731056110223,0.0001307086051790641,0.0,0.0,0.0,0.0
hepg2,9,0.01,ridge_with_history,4,0.05694992011161764,0.001656278199112986,0.00012016042894814147,0.0026771046126021873,0.001949855162502491,0.001129979324445829,0.0
hepg2,9,0.05,ridge_no_history,17,0.05090137593382391,0.007171258280020153,0.0034591735048296194,0.0,0.0,0.0,0.0
hepg2,9,0.05,ridge_with_history,17,0.04543768882451135,0.006182725889009843,0.0029302743943899084,0.00395543724892702,0.004744412479051875,0.002972101106715912,0.0011102433043158751
hepg2,9,0.1,ridge_no_history,33,0.05161900889859535,0.012274607684581128,0.006688146751148768,0.0,0.0,0.0,0.0
hepg2,9,0.1,ridge_with_history,33,0.043670795752679625,0.009778707174773468,0.005287884902657871,0.007254206718276181,0.008012381105902511,0.0027338186344101974,0.0012277766684493903
hepg2,9,0.2,ridge_no_history,65,0.0469795201241895,0.017180675407327237,0.008211332610180144,0.0,0.0,0.0,0.0
hepg2,9,0.2,ridge_with_history,65,0.03797306710426736,0.012858658384621278,0.0066903135146852795,0.007252822350837873,0.010143753913424576,0.0035607746363140267,0.002282471296492886
hepg2,9,0.5,ridge_no_history,162,0.04118728590761614,0.02797200672664565,0.004150310077837732,0.0,0.0,0.0,0.0
hepg2,9,0.5,ridge_with_history,162,0.0304691694164741,0.021580702293276847,0.0032895974847993877,0.007776961172254227,0.012280457999224156,0.0,0.00934028640510625
hepg2,9,1.0,ridge_no_history,324,0.03748661550363284,0.03694963377797739,0.004014349062234543,0.0,0.0,0.0,0.0
hepg2,9,1.0,ridge_with_history,324,0.025918913445338455,0.028747140572579197,0.0026477640892430547,0.008869067171894817,0.012591671136505635,0.0,0.011381002367183864
hepg2,10,0.01,ridge_no_history,4,0.050411586068928864,0.0008664981755005094,0.0,0.0,0.0,0.0,0.0
hepg2,10,0.01,ridge_with_history,4,0.04999246692144129,0.0008540131672265546,0.0,0.0,0.0004587387696590844,0.0,0.00033962162535049737
hepg2,10,0.05,ridge_no_history,17,0.051488477836841864,0.004040677549761473,0.0008592614951079998,0.0,0.0,0.0,0.0
hepg2,10,0.05,ridge_with_history,17,0.049135502277490126,0.0038976610358219563,0.000805517270042547,0.000758194167967261,0.0016022083863473323,0.0007487561275249089,0.001941962993243013
hepg2,10,0.1,ridge_no_history,33,0.049684545231531346,0.007933592974207468,0.0022853485695291794,0.0,0.0,0.0,0.0
hepg2,10,0.1,ridge_with_history,33,0.04420447794178035,0.007083365338576299,0.0018599868685614369,0.0031462117494844436,0.004953794323666576,0.003112719195707222,0.002045398336923498
hepg2,10,0.2,ridge_no_history,65,0.04681972053019848,0.015709951778892596,0.005221994341494296,0.0,0.0,0.0,0.0
hepg2,10,0.2,ridge_with_history,65,0.036644218248279556,0.012834933834782118,0.004068508615975875,0.0072223432121975685,0.008617089398299136,0.003955514407758346,0.004509651996967962
hepg2,10,0.5,ridge_no_history,162,0.04221814659231747,0.026604504623343662,0.006270670894492417,0.0,0.0,0.0,0.0
hepg2,10,0.5,ridge_with_history,162,0.031823064223677526,0.020750484780812213,0.004472489574267636,0.007872998740798737,0.011630328056549033,0.0016370651939476896,0.007719380317198179
hepg2,10,1.0,ridge_no_history,324,0.03748661550363284,0.03694963377797739,0.004014349062234543,0.0,0.0,0.0,0.0
hepg2,10,1.0,ridge_with_history,324,0.025918913445338455,0.028747140572579197,0.0026477640892430547,0.008869067171894817,0.012591671136505635,0.0,0.011381002367183864
hepg2,11,0.01,ridge_no_history,4,0.05075425280946845,0.00013555850151385947,0.0,0.0,0.0,0.0,0.0
hepg2,11,0.01,ridge_with_history,4,0.049555727641944304,0.00012610395414323742,0.0,0.0010506120272301537,0.000709265811811355,0.0002934930964045201,0.0
hepg2,11,0.05,ridge_no_history,17,0.050793230717499374,0.0029462239567878794,0.0,0.0,0.0,0.0,0.0
hepg2,11,0.05,ridge_with_history,17,0.048733138440446036,0.0027769822327558566,0.0,0.0006652436642287406,0.0030105475979545367,0.0,0.00026046337897945096
hepg2,11,0.1,ridge_no_history,33,0.053203477040738786,0.010963537813674387,0.0013641362176434431,0.0,0.0,0.0,0.0
hepg2,11,0.1,ridge_with_history,33,0.0488944778678384,0.009985481383317753,0.001444562161201928,0.00204448135661718,0.0048902327238530136,0.0,0.001881810898034276
hepg2,11,0.2,ridge_no_history,65,0.04775289692414745,0.016911562202994744,0.005616072900569153,0.0,0.0,0.0,0.0
hepg2,11,0.2,ridge_with_history,65,0.04013686454600403,0.013777024098667403,0.00490369875366858,0.005751835063564695,0.008714655020187964,0.0022881675407165135,0.0017393403126129007
hepg2,11,0.5,ridge_no_history,162,0.04151038981391699,0.029073577988570794,0.00347840588379481,0.0,0.0,0.0,0.0
hepg2,11,0.5,ridge_with_history,162,0.031775264305281666,0.02297473295191019,0.0030484976193981125,0.00911436689917772,0.010603944098287793,0.0,0.006676136542796054
hepg2,11,1.0,ridge_no_history,324,0.03748661550363284,0.03694963377797739,0.004014349062234543,0.0,0.0,0.0,0.0
hepg2,11,1.0,ridge_with_history,324,0.025918913445338455,0.028747140572579197,0.0026477640892430547,0.008869067171894817,0.012591671136505635,0.0,0.011381002367183864
hepg2,12,0.01,ridge_no_history,4,0.04378785227454794,0.0003625689715785979,0.0003482530886964378,0.0,0.0,0.0,0.0
hepg2,12,0.01,ridge_with_history,4,0.043692638186590006,0.00035623574896907447,0.00034216993070979105,3.5322087882884155e-05,0.00027502032996163034,0.0,0.0
hepg2,12,0.05,ridge_no_history,17,0.045734843508103584,0.0037349622815330903,0.003040724396042274,0.0,0.0,0.0,0.0
hepg2,12,0.05,ridge_with_history,17,0.044092736060813584,0.003559830869198369,0.002810381340854071,0.0025315096496206393,0.001880575869182834,0.0,0.0
hepg2,12,0.1,ridge_no_history,33,0.048998326924598726,0.01235574602407179,0.006665166290679152,0.0,0.0,0.0,0.0
hepg2,12,0.1,ridge_with_history,33,0.04259579210177614,0.010869345882665558,0.005335018509866386,0.004712726514289266,0.00697739180033863,0.002353714755847072,0.0017629783339014671
hepg2,12,0.2,ridge_no_history,65,0.04592068650455188,0.01819030978765619,0.00709197829756307,0.0,0.0,0.0,0.0
hepg2,12,0.2,ridge_with_history,65,0.037808746117552874,0.01592506516741728,0.004488453186235323,0.006682082595310126,0.00915718690754808,0.001891412020127451,0.0035938338099950223
hepg2,12,0.5,ridge_no_history,162,0.0412787578898302,0.03026309570471872,0.004244944653026036,0.0,0.0,0.0,0.0
hepg2,12,0.5,ridge_with_history,162,0.030974190120484493,0.02464520755562599,0.0018283732980636932,0.007477135826486333,0.012529638759265355,0.001215023759506674,0.007753806672255063
hepg2,12,1.0,ridge_no_history,324,0.03748661550363284,0.03694963377797739,0.004014349062234543,0.0,0.0,0.0,0.0
hepg2,12,1.0,ridge_with_history,324,0.025918913445338455,0.028747140572579197,0.0026477640892430547,0.008869067171894817,0.012591671136505635,0.0,0.011381002367183864
hepg2,13,0.01,ridge_no_history,4,0.06472713487839588,0.0012344403938593946,0.0003230284225348602,0.0,0.0,0.0,0.0
hepg2,13,0.01,ridge_with_history,4,0.064543214000772,0.001233051266895178,0.0003226649157230419,0.0,0.0,4.443930621755569e-05,0.0003452644263098781
hepg2,13,0.05,ridge_no_history,17,0.058890294707880264,0.003606596341182393,0.001923387464258566,0.0,0.0,0.0,0.0
hepg2,13,0.05,ridge_with_history,17,0.05588489342183307,0.003504538884074151,0.0016432515320538208,0.002708163045316154,0.002047477680839974,0.001046439448117498,0.00035626190839936676
hepg2,13,0.1,ridge_no_history,33,0.05504795973150685,0.013024577667396557,0.0027154411207992875,0.0,0.0,0.0,0.0
hepg2,13,0.1,ridge_with_history,33,0.04776721106354641,0.011183068294774477,0.0020023832216595878,0.005240930404664785,0.008509603243543773,0.0019348959326971715,0.0012438847140597395
hepg2,13,0.2,ridge_no_history,65,0.04995647948471788,0.017029337070403668,0.006474269198707719,0.0,0.0,0.0,0.0
hepg2,13,0.2,ridge_with_history,65,0.042061532023571296,0.013610260533015962,0.0051668779271660265,0.006045756502743794,0.009524689289643408,0.0022849317879732375,0.0018675542298062049
hepg2,13,0.5,ridge_no_history,162,0.041560451502682574,0.028241948014517394,0.006709729248105478,0.0,0.0,0.0,0.0
hepg2,13,0.5,ridge_with_history,162,0.030926674686346717,0.021983642208854987,0.004804885563220267,0.008903538813616198,0.011315012162455979,0.0019701112716494704,0.007541389498801181
hepg2,13,1.0,ridge_no_history,324,0.03748661550363284,0.03694963377797739,0.004014349062234543,0.0,0.0,0.0,0.0
hepg2,13,1.0,ridge_with_history,324,0.025918913445338455,0.028747140572579197,0.0026477640892430547,0.008869067171894817,0.012591671136505635,0.0,0.011381002367183864
hepg2,14,0.01,ridge_no_history,4,0.04708711534723697,0.0022137163698570514,0.001391079546509826,0.0,0.0,0.0,0.0
hepg2,14,0.01,ridge_with_history,4,0.045314212399276445,0.0020400119266023565,0.0012819252296155232,0.0013921309023675321,0.0019897668606623327,0.0006668506289243806,0.0
hepg2,14,0.05,ridge_no_history,17,0.05086719707567998,0.007413175911214594,0.003028969261503114,0.0,0.0,0.0,0.0
hepg2,14,0.05,ridge_with_history,17,0.046602954521367534,0.00652077353052097,0.002744647927832245,0.0048393493988273814,0.004672996380308481,0.0,0.0
hepg2,14,0.1,ridge_no_history,33,0.04777190295348574,0.012953970178530482,0.005295507648141478,0.0,0.0,0.0,0.0
hepg2,14,0.1,ridge_with_history,33,0.04004744547699715,0.010380087142855259,0.00429311340527798,0.00827279381540735,0.009511424950664654,0.0,0.0010537534408438867
hepg2,14,0.2,ridge_no_history,65,0.04503189992221969,0.018844109915360747,0.005642346912548956,0.0,0.0,0.0,0.0
hepg2,14,0.2,ridge_with_history,65,0.03705710528724056,0.014686215244097757,0.004221677139785602,0.006860455795468792,0.011416422538396103,0.0013644517585074394,0.001836819780040627
hepg2,14,0.5,ridge_no_history,162,0.04061401718224173,0.028180775770490815,0.005887909055450259,0.0,0.0,0.0,0.0
hepg2,14,0.5,ridge_with_history,162,0.030343061144627183,0.022706390260463415,0.0035020370690232497,0.007263707542110846,0.012026180878441577,0.0014664689089598656,0.00834135632966431
hepg2,14,1.0,ridge_no_history,324,0.03748661550363284,0.03694963377797739,0.004014349062234543,0.0,0.0,0.0,0.0
hepg2,14,1.0,ridge_with_history,324,0.025918913445338455,0.028747140572579197,0.0026477640892430547,0.008869067171894817,0.012591671136505635,0.0,0.011381002367183864
hepg2,15,0.01,ridge_no_history,4,0.057965794656143134,0.0009643228314171842,0.0007195469418872552,0.0,0.0,0.0,0.0
hepg2,15,0.01,ridge_with_history,4,0.055820411686303945,0.0009093120478337545,0.0006784996496229967,0.0008777504790021677,0.0008893717916355617,0.0010760426186152013,0.0003070076989358977
hepg2,15,0.05,ridge_no_history,17,0.05825237532071034,0.00914756480901119,0.004690424873270893,0.0,0.0,0.0,0.0
hepg2,15,0.05,ridge_with_history,17,0.05135896484121639,0.00794121354253215,0.003811631152796769,0.005860770005071178,0.005758888905965473,0.0,0.002753855278115582
hepg2,15,0.1,ridge_no_history,33,0.05212435835637149,0.014433617635483838,0.005759693143624657,0.0,0.0,0.0,0.0
hepg2,15,0.1,ridge_with_history,33,0.04423806772375172,0.011953957965221588,0.004497524752866324,0.007721259771314482,0.00811610262083899,0.000510387802688486,0.002675068645477591
hepg2,15,0.2,ridge_no_history,65,0.04837881850574994,0.017369846103814583,0.005087145439263391,0.0,0.0,0.0,0.0
hepg2,15,0.2,ridge_with_history,65,0.04019545032588648,0.014721694457914382,0.0035039419585298527,0.00783386517178157,0.007817845235022863,9.863725947369451e-05,0.005195330929064854
hepg2,15,0.5,ridge_no_history,162,0.04231124935501614,0.028927172058684506,0.004746303985312047,0.0,0.0,0.0,0.0
hepg2,15,0.5,ridge_with_history,162,0.03156119934045376,0.023512429284793072,0.003211396335221502,0.009982777626604203,0.009374743131913891,0.0004083999647147001,0.008026164310112252
hepg2,15,1.0,ridge_no_history,324,0.03748661550363284,0.03694963377797739,0.004014349062234543,0.0,0.0,0.0,0.0
hepg2,15,1.0,ridge_with_history,324,0.025918913445338455,0.028747140572579197,0.0026477640892430547,0.008869067171894817,0.012591671136505635,0.0,0.011381002367183864
jurkat,0,0.01,ridge_no_history,4,0.056154113746831484,3.758719211580149e-05,0.0,0.0,0.0,0.0,0.0
jurkat,0,0.01,ridge_with_history,4,0.056031753517228486,3.480929641178497e-05,0.0,0.00014576069589444806,0.00012646301687712508,0.0,0.0
jurkat,0,0.05,ridge_no_history,17,0.05051594686266679,0.005404548279703608,0.000496355647078751,0.0,0.0,0.0,0.0
jurkat,0,0.05,ridge_with_history,17,0.04876162561449111,0.004978426522657931,0.0003840590495428876,0.0,0.003130897009676003,0.0,0.0011166938730309463
jurkat,0,0.1,ridge_no_history,34,0.04800630560563436,0.009316953296151193,0.0036388704048745716,0.0,0.0,0.0,0.0
jurkat,0,0.1,ridge_with_history,34,0.04572265849872431,0.007725239295658443,0.0030615162731713794,0.0007273272761167902,0.006745429450924165,0.0,0.0
jurkat,0,0.2,ridge_no_history,68,0.048875777785039994,0.014768410968245084,0.006122609216133019,0.0,0.0,0.0,0.0
jurkat,0,0.2,ridge_with_history,68,0.044731815742050755,0.011090691044580346,0.0047717743308244905,0.002251933888844284,0.011164187936708456,0.0,0.0
jurkat,0,0.5,ridge_no_history,168,0.04125977795377671,0.022662570161628478,0.01113748851755539,0.0,0.0,0.0,0.0
jurkat,0,0.5,ridge_with_history,168,0.03693655389481679,0.016761622437853316,0.009307605128195654,0.0022750972031391806,0.013954372450230896,0.0,0.0
jurkat,0,1.0,ridge_no_history,336,0.03681142067849003,0.0300563896595419,0.009646149393036386,0.0,0.0,0.0,0.0
jurkat,0,1.0,ridge_with_history,336,0.032857413604994695,0.02077084284404994,0.00849262088483476,0.0014531010271211335,0.01694417976981648,0.0,0.0
jurkat,1,0.01,ridge_no_history,4,0.04943697603491977,0.0013800858006357444,0.0009258920654112515,0.0,0.0,0.0,0.0
jurkat,1,0.01,ridge_with_history,4,0.047936845872296976,0.0013571089513170335,0.0009104770220403652,0.0011735815123648024,0.0011554378810274732,0.0003380743576654089,0.0008474856217740223
jurkat,1,0.05,ridge_no_history,17,0.05710308209661788,0.004198773435136119,0.0035411551259069453,0.0,0.0,0.0,0.0
jurkat,1,0.05,ridge_with_history,17,0.05176126861220621,0.0038617116372041374,0.0029821638180265037,0.004270500461021563,0.004998923176247529,0.0008975114778330597,0.0
jurkat,1,0.1,ridge_no_history,34,0.0554278721156159,0.00826739599159511,0.0026401071544607515,0.0,0.0,0.0,0.0
jurkat,1,0.1,ridge_with_history,34,0.050220548517696105,0.007256653503805337,0.0021022701114587596,0.0025248268380042662,0.007946003312449674,0.0,0.0
jurkat,1,0.2,ridge_no_history,68,0.04692161081124388,0.01588873835910593,0.004682179794974336,0.0,0.0,0.0,0.0
jurkat,1,0.2,ridge_with_history,68,0.04173193739737481,0.012982485402607326,0.003793095621730818,0.0033330346477963486,0.011153506710149362,0.0,0.0
jurkat,1,0.5,ridge_no_history,168,0.04041062132599826,0.02417851822507518,0.007006618569571432,0.0,0.0,0.0,0.0
jurkat,1,0.5,ridge_with_history,168,0.035505491824701085,0.017973632311659063,0.005709894423948475,0.003217150773581592,0.014589655779976028,0.0,0.0
jurkat,1,1.0,ridge_no_history,336,0.03681142067849003,0.0300563896595419,0.009646149393036386,0.0,0.0,0.0,0.0
jurkat,1,1.0,ridge_with_history,336,0.032857413604994695,0.02077084284404994,0.00849262088483476,0.0014531010271211335,0.01694417976981648,0.0,0.0
jurkat,2,0.01,ridge_no_history,4,0.05603538829639913,0.0006951748354139722,0.00014603844352008803,0.0,0.0,0.0,0.0
jurkat,2,0.01,ridge_with_history,4,0.05439127734662136,0.0006277446479368081,0.0001318730866576396,0.0017992640507278185,0.0012998410766562865,5.6019793279770194e-05,0.0
jurkat,2,0.05,ridge_no_history,17,0.04921889417298495,0.0038074920584746895,0.003205231132500731,0.0,0.0,0.0,0.0
jurkat,2,0.05,ridge_with_history,17,0.04528952156121576,0.0032084060933905024,0.0029551289259954422,0.003638658847130211,0.004163880290994545,0.0006938847426708998,0.0
jurkat,2,0.1,ridge_no_history,34,0.04592265240067607,0.010878719009641262,0.0063192389671462585,0.0,0.0,0.0,0.0
jurkat,2,0.1,ridge_with_history,34,0.04275992775206577,0.008990008863760782,0.005634310735164327,0.00020032568000272758,0.009474392730670193,0.0,0.0
jurkat,2,0.2,ridge_no_history,68,0.044235834078327436,0.015199878230751569,0.007531736951581104,0.0,0.0,0.0,0.0
jurkat,2,0.2,ridge_with_history,68,0.039968611835116394,0.01189943369037546,0.0062831460157228266,0.0022628595553852286,0.01113017615281977,0.0,0.0
jurkat,2,0.5,ridge_no_history,168,0.03886967578293973,0.022575245981778562,0.00958769900420078,0.0,0.0,0.0,0.0
jurkat,2,0.5,ridge_with_history,168,0.03410697961402186,0.016548746038304814,0.008406806565811772,0.0028749509684379932,0.013971084479749651,6.139337608725591e-05,0.0
jurkat,2,1.0,ridge_no_history,336,0.03681142067849003,0.0300563896595419,0.009646149393036386,0.0,0.0,0.0,0.0
jurkat,2,1.0,ridge_with_history,336,0.032857413604994695,0.02077084284404994,0.00849262088483476,0.0014531010271211335,0.01694417976981648,0.0,0.0
jurkat,3,0.01,ridge_no_history,4,0.05281496003405792,0.0007651882371896032,0.0,0.0,0.0,0.0,0.0
jurkat,3,0.01,ridge_with_history,4,0.0523652229590382,0.0007500723723037327,0.0,0.0,0.0012297001215152079,0.0,0.0
jurkat,3,0.05,ridge_no_history,17,0.05765109675721998,0.006440863888634121,0.0037397515183335956,0.0,0.0,0.0,0.0
jurkat,3,0.05,ridge_with_history,17,0.05397307859511019,0.005730474464012663,0.0037131404503997307,0.0011341441152584889,0.006917647826612967,0.0,0.0
jurkat,3,0.1,ridge_no_history,34,0.05200779426495489,0.01141302776130233,0.006202815339191762,0.0,0.0,0.0,0.0
jurkat,3,0.1,ridge_with_history,34,0.045678555945327215,0.009345315870036666,0.005441821653053948,0.00380498323765714,0.01263686305348457,6.288940683688643e-05,0.0
jurkat,3,0.2,ridge_no_history,68,0.044964242127997496,0.01697723539220064,0.006485203230000812,0.0,0.0,0.0,0.0
jurkat,3,0.2,ridge_with_history,68,0.03934443368595224,0.012923890551667424,0.005467652309951411,0.0035362461038621284,0.013598630927786593,0.0,0.0
jurkat,3,0.5,ridge_no_history,168,0.038708864303605345,0.02387262422932553,0.010391015145204612,0.0,0.0,0.0,0.0
jurkat,3,0.5,ridge_with_history,168,0.03400918798545627,0.018138029476907642,0.008600878237889237,0.0020819062705887408,0.014444679727036043,0.0,0.0
jurkat,3,1.0,ridge_no_history,336,0.03681142067849003,0.0300563896595419,0.009646149393036386,0.0,0.0,0.0,0.0
jurkat,3,1.0,ridge_with_history,336,0.032857413604994695,0.02077084284404994,0.00849262088483476,0.0014531010271211335,0.01694417976981648,0.0,0.0
jurkat,4,0.01,ridge_no_history,4,0.05675546193087145,0.0016020485542570936,0.0,0.0,0.0,0.0,0.0
jurkat,4,0.01,ridge_with_history,4,0.055465972106724104,0.0015530013333555197,0.0,0.0007224626318404217,0.0018745440735906925,0.0003422269813012891,0.0
jurkat,4,0.05,ridge_no_history,17,0.04891069986691108,0.003822807360175898,0.0009759700841820944,0.0,0.0,0.0,0.0
jurkat,4,0.05,ridge_with_history,17,0.04727016697416471,0.003466011323849543,0.0008886590478108192,0.00038925880269178985,0.003693572888175528,0.0,0.0
jurkat,4,0.1,ridge_no_history,34,0.048285600210281186,0.006302808994616903,0.0004118466424860278,0.0,0.0,0.0,0.0
jurkat,4,0.1,ridge_with_history,34,0.044470662484708615,0.005687223225608516,0.0003834179613802428,0.003286281190311003,0.005319872015985151,0.0,0.0
jurkat,4,0.2,ridge_no_history,68,0.04767603790943051,0.013152228023295243,0.0023631814909394495,0.0,0.0,0.0,0.0
jurkat,4,0.2,ridge_with_history,68,0.04140628479932343,0.011038335143832127,0.0026000630424124855,0.005355726930355599,0.00863911340265714,0.0,0.0
jurkat,4,0.5,ridge_no_history,168,0.04067150559024324,0.02451992057534705,0.005855823912742495,0.0,0.0,0.0,0.0
jurkat,4,0.5,ridge_with_history,168,0.034076788359781306,0.0176725137209805,0.005419116213827979,0.005251039508145122,0.014915631647302854,0.0,0.0
jurkat,4,1.0,ridge_no_history,336,0.03681142067849003,0.0300563896595419,0.009646149393036386,0.0,0.0,0.0,0.0
jurkat,4,1.0,ridge_with_history,336,0.032857413604994695,0.02077084284404994,0.00849262088483476,0.0014531010271211335,0.01694417976981648,0.0,0.0
jurkat,5,0.01,ridge_no_history,4,0.05220766354639471,0.0001399349186049473,0.0,0.0,0.0,0.0,0.0
jurkat,5,0.01,ridge_with_history,4,0.05172380242437715,0.00012966522097561972,0.0,0.0004534007278754828,0.00034330025399911037,0.00022262635385722165,8.176770255231112e-05
jurkat,5,0.05,ridge_no_history,17,0.05821357522610392,0.002107228572345566,0.0,0.0,0.0,0.0,0.0
jurkat,5,0.05,ridge_with_history,17,0.05662880323703112,0.001984154402912784,0.0,0.0002388008041424885,0.0019364661563406392,0.0012619121208118755,0.0
jurkat,5,0.1,ridge_no_history,34,0.05743806783653213,0.006515809347394755,0.0011943784365623057,0.0,0.0,0.0,0.0
jurkat,5,0.1,ridge_with_history,34,0.05511604425533781,0.006011043814235567,0.0010245445862209974,0.00012094616379139848,0.004862643181288971,0.0,0.0
jurkat,5,0.2,ridge_no_history,68,0.04839777572867164,0.013255207359320217,0.0030451220169527187,0.0,0.0,0.0,0.0
jurkat,5,0.2,ridge_with_history,68,0.04461506722431629,0.010655191887595648,0.0023972075488698417,0.0006016026925404379,0.010783289741550033,0.0,0.0
jurkat,5,0.5,ridge_no_history,168,0.04153357225432056,0.02278339995056901,0.006773792001956451,0.0,0.0,0.0,0.0
jurkat,5,0.5,ridge_with_history,168,0.03742092873048529,0.017379818316296865,0.0055333234073756095,0.0028720011202792084,0.01227799407039187,0.0,0.0
jurkat,5,1.0,ridge_no_history,336,0.03681142067849003,0.0300563896595419,0.009646149393036386,0.0,0.0,0.0,0.0
jurkat,5,1.0,ridge_with_history,336,0.032857413604994695,0.02077084284404994,0.00849262088483476,0.0014531010271211335,0.01694417976981648,0.0,0.0
jurkat,6,0.01,ridge_no_history,4,0.06697265405531873,0.0017220397724673781,0.0008471011247223867,0.0,0.0,0.0,0.0
jurkat,6,0.01,ridge_with_history,4,0.06583756072443551,0.0016532795163724226,0.0008132767664203838,0.000825664347865496,0.0010287354057567793,0.0,0.0
jurkat,6,0.05,ridge_no_history,17,0.050637750263237365,0.0053135148198006545,0.0021510748557016486,0.0,0.0,0.0,0.0
jurkat,6,0.05,ridge_with_history,17,0.04782864508241328,0.0047719554922603736,0.0019857768576190806,0.0031448721422299786,0.004233117889515293,0.0,0.0
jurkat,6,0.1,ridge_no_history,34,0.047128892430403475,0.006031091524830895,0.003946888048958992,0.0,0.0,0.0,0.0
jurkat,6,0.1,ridge_with_history,34,0.0434540834108998,0.00528899213690131,0.003581120617297914,0.0030755004788686987,0.0065822409168618465,0.000742994964134558,0.0
jurkat,6,0.2,ridge_no_history,68,0.04650409662922472,0.014010419202803194,0.006116774410751915,0.0,0.0,0.0,0.0
jurkat,6,0.2,ridge_with_history,68,0.0408369485067221,0.011008880172323784,0.005221219177490551,0.003993124499065844,0.010143369367407442,0.0018960737692440223,0.0
jurkat,6,0.5,ridge_no_history,168,0.04023060588392458,0.024520244995738363,0.008485530087206448,0.0,0.0,0.0,0.0
jurkat,6,0.5,ridge_with_history,168,0.035844040474005856,0.0173187819336084,0.007036424136991581,0.0006068544686442944,0.016852122485671084,0.0,0.0
jurkat,6,1.0,ridge_no_history,336,0.03681142067849003,0.0300563896595419,0.009646149393036386,0.0,0.0,0.0,0.0
jurkat,6,1.0,ridge_with_history,336,0.032857413604994695,0.02077084284404994,0.00849262088483476,0.0014531010271211335,0.01694417976981648,0.0,0.0
jurkat,7,0.01,ridge_no_history,4,0.043278367970758375,0.0005585846205121876,0.0,0.0,0.0,0.0,0.0
jurkat,7,0.01,ridge_with_history,4,0.04236669178878449,0.0005305867562428809,0.0,0.0008716894604461976,0.00036707348225782237,0.0004914917175378646,0.00033166845551071766
jurkat,7,0.05,ridge_no_history,17,0.04575136976018177,0.006154949641363753,0.0019295206983586954,0.0,0.0,0.0,0.0
jurkat,7,0.05,ridge_with_history,17,0.04264070527261742,0.0055548005327473345,0.0017088973390974977,0.0017508283167467058,0.004749305493893466,0.000961454071733293,0.0
jurkat,7,0.1,ridge_no_history,34,0.046542315006383006,0.009223035881356773,0.0026206403510484182,0.0,0.0,0.0,0.0
jurkat,7,0.1,ridge_with_history,34,0.042359200065747823,0.008033063627502744,0.0021109427155746262,0.0035737911570478823,0.006897395085045429,0.0002548368981873604,0.0
jurkat,7,0.2,ridge_no_history,68,0.04485651409984275,0.015252584946152883,0.005311694238149583,0.0,0.0,0.0,0.0
jurkat,7,0.2,ridge_with_history,68,0.03967984246137454,0.012310574500220595,0.004549205824566908,0.003565996243689371,0.010719893622699431,0.0,0.0
jurkat,7,0.5,ridge_no_history,168,0.04097801929356093,0.024678025637544412,0.005820416114790313,0.0,0.0,0.0,0.0
jurkat,7,0.5,ridge_with_history,168,0.03542809741869855,0.016934676098919063,0.004625212629855374,0.004019319890157209,0.01644579587726321,0.0,0.0
jurkat,7,1.0,ridge_no_history,336,0.03681142067849003,0.0300563896595419,0.009646149393036386,0.0,0.0,0.0,0.0
jurkat,7,1.0,ridge_with_history,336,0.032857413604994695,0.02077084284404994,0.00849262088483476,0.0014531010271211335,0.01694417976981648,0.0,0.0
jurkat,8,0.01,ridge_no_history,4,0.0577219896022336,0.0011973201348334749,0.0014668164964977183,0.0,0.0,0.0,0.0
jurkat,8,0.01,ridge_with_history,4,0.056751523866302306,0.0011691145831813504,0.0014322623557524708,0.0,0.0010469441882143473,0.0009625908285700784,0.0
jurkat,8,0.05,ridge_no_history,17,0.05684638099516672,0.006878252969082521,0.0013508233795962695,0.0,0.0,0.0,0.0
jurkat,8,0.05,ridge_with_history,17,0.05261631952141212,0.0062991860053439154,0.0010849583912922673,0.0012739001588131656,0.006105848869886759,0.0015735250439203375,0.0
jurkat,8,0.1,ridge_no_history,34,0.05342058867317192,0.011465244702079281,0.00642467012220382,0.0,0.0,0.0,0.0
jurkat,8,0.1,ridge_with_history,34,0.04816652707398274,0.009762622524662493,0.005704241813117201,0.0010493398608303042,0.010104836086100823,0.0011515810467260862,0.0
jurkat,8,0.2,ridge_no_history,68,0.04712175643347938,0.016168974708566076,0.007968553838804817,0.0,0.0,0.0,0.0
jurkat,8,0.2,ridge_with_history,68,0.04267262330065162,0.012864574492687457,0.006949328756601027,0.0005360520148136856,0.012302662921314501,0.0,0.0
jurkat,8,0.5,ridge_no_history,168,0.041998109542475195,0.02385774275101427,0.0074615690440669215,0.0,0.0,0.0,0.0
jurkat,8,0.5,ridge_with_history,168,0.03723548218403301,0.017499618311380853,0.006425030305772781,0.00042434700044745766,0.015564312782427628,0.0008620070946348123,0.0
jurkat,8,1.0,ridge_no_history,336,0.03681142067849003,0.0300563896595419,0.009646149393036386,0.0,0.0,0.0,0.0
jurkat,8,1.0,ridge_with_history,336,0.032857413604994695,0.02077084284404994,0.00849262088483476,0.0014531010271211335,0.01694417976981648,0.0,0.0
jurkat,9,0.01,ridge_no_history,4,0.05904752824156051,0.00023006620553131136,0.0,0.0,0.0,0.0,0.0
jurkat,9,0.01,ridge_with_history,4,0.058628379412921414,0.00022543483254573022,0.0,0.0003449463453272501,0.00016740665138311343,0.0,0.00023201623686961592
jurkat,9,0.05,ridge_no_history,17,0.05299343289619039,0.004956411262914715,0.0013221603963416322,0.0,0.0,0.0,0.0
jurkat,9,0.05,ridge_with_history,17,0.05098604834301237,0.004662630478908319,0.0012551268400922547,0.0010972570324621982,0.003719299558674775,0.0,0.0
jurkat,9,0.1,ridge_no_history,34,0.04956706402108001,0.01205030312603732,0.006033155709551004,0.0,0.0,0.0,0.0
jurkat,9,0.1,ridge_with_history,34,0.04625427421563358,0.010483444446262138,0.0053293137838704725,0.00023492407979480611,0.008929424090603365,0.0,0.0
jurkat,9,0.2,ridge_no_history,68,0.044048059402746594,0.016723810802077774,0.007724020979146232,0.0,0.0,0.0,0.0
jurkat,9,0.2,ridge_with_history,68,0.038114946874562614,0.013083151158717771,0.006351142640129345,0.0026564389180966284,0.013590553659363012,0.0013108637281492761,0.0
jurkat,9,0.5,ridge_no_history,168,0.04016674633485158,0.022979021264432978,0.009864513199187512,0.0,0.0,0.0,0.0
jurkat,9,0.5,ridge_with_history,168,0.03499841782855277,0.01593677521577676,0.008138477072703917,0.003910596462327787,0.014405450708121206,0.0006412310568155421,0.0
jurkat,9,1.0,ridge_no_history,336,0.03681142067849003,0.0300563896595419,0.009646149393036386,0.0,0.0,0.0,0.0
jurkat,9,1.0,ridge_with_history,336,0.032857413604994695,0.02077084284404994,0.00849262088483476,0.0014531010271211335,0.01694417976981648,0.0,0.0
jurkat,10,0.01,ridge_no_history,4,0.05728254446306441,0.00037179365769832287,0.00013377556805992832,0.0,0.0,0.0,0.0
jurkat,10,0.01,ridge_with_history,4,0.05655178497605567,0.000363437911500578,0.00013076907596135977,0.0,0.0006929398818646481,0.0005832263636799799,0.0
jurkat,10,0.05,ridge_no_history,17,0.058823903200267987,0.004689315506795468,0.0,0.0,0.0,0.0,0.0
jurkat,10,0.05,ridge_with_history,17,0.05567233290685042,0.004240791068956074,0.0,0.000580875756353301,0.005639332988431104,0.0,0.0
jurkat,10,0.1,ridge_no_history,34,0.05363841590435798,0.007740659900376176,0.003068828089171322,0.0,0.0,0.0,0.0
jurkat,10,0.1,ridge_with_history,34,0.04971618102975427,0.006543208974425061,0.0023295332723222636,0.0008415774166711428,0.009298896599751324,0.0,0.0
jurkat,10,0.2,ridge_no_history,68,0.04694666091791053,0.015128151098988263,0.004340027874960556,0.0,0.0,0.0,0.0
jurkat,10,0.2,ridge_with_history,68,0.041331167126514835,0.011619157647058174,0.003116040158733101,0.004090086434642818,0.01216066996842355,0.0008015253567236354,0.0
jurkat,10,0.5,ridge_no_history,168,0.03981727816425318,0.026002801169457242,0.007700315522118612,0.0,0.0,0.0,0.0
jurkat,10,0.5,ridge_with_history,168,0.0349486591363458,0.01920260855928576,0.006506739656324416,0.002128349997153359,0.015220937454563661,0.00020881996273945124,0.0
jurkat,10,1.0,ridge_no_history,336,0.03681142067849003,0.0300563896595419,0.009646149393036386,0.0,0.0,0.0,0.0
jurkat,10,1.0,ridge_with_history,336,0.032857413604994695,0.02077084284404994,0.00849262088483476,0.0014531010271211335,0.01694417976981648,0.0,0.0
jurkat,11,0.01,ridge_no_history,4,0.06699531403961975,0.0,0.0,0.0,0.0,0.0,0.0
jurkat,11,0.01,ridge_with_history,4,0.06677770722659375,0.0,0.0,0.0,0.0,0.000565073050325056,0.0
jurkat,11,0.05,ridge_no_history,17,0.06237211755994464,0.0035329670617962883,0.0,0.0,0.0,0.0,0.0
jurkat,11,0.05,ridge_with_history,17,0.059824278060796265,0.0032934979173944935,0.0,0.0008648505965154771,0.003109253192981807,0.0005538297239220862,0.0
jurkat,11,0.1,ridge_no_history,34,0.04982698499814418,0.008602042933276929,0.005061866885234763,0.0,0.0,0.0,0.0
jurkat,11,0.1,ridge_with_history,34,0.04550278601737935,0.007447798607427337,0.004693200423454413,0.0023014681155683085,0.006780545144806753,0.0007918133941106255,0.0
jurkat,11,0.2,ridge_no_history,68,0.04590358369710858,0.014803384765082266,0.008490591315625264,0.0,0.0,0.0,0.0
jurkat,11,0.2,ridge_with_history,68,0.04183064574551888,0.011648082276154657,0.007480861911567162,0.0005006849843369968,0.011823940681613312,0.0,0.0
jurkat,11,0.5,ridge_no_history,168,0.04243207372477499,0.02217215891445092,0.009575056670232706,0.0,0.0,0.0,0.0
jurkat,11,0.5,ridge_with_history,168,0.037815839701877366,0.01587596677852211,0.008416484539755284,0.0,0.01621455420132142,0.00016105514693897825,0.0
jurkat,11,1.0,ridge_no_history,336,0.03681142067849003,0.0300563896595419,0.009646149393036386,0.0,0.0,0.0,0.0
jurkat,11,1.0,ridge_with_history,336,0.032857413604994695,0.02077084284404994,0.00849262088483476,0.0014531010271211335,0.01694417976981648,0.0,0.0
jurkat,12,0.01,ridge_no_history,4,0.04759659816275739,0.00285180654241014,0.0012493587958559314,0.0,0.0,0.0,0.0
jurkat,12,0.01,ridge_with_history,4,0.04587838670126415,0.0027992137041783793,0.0012263181989336917,0.00040263617388488604,0.0009792703163755303,0.0004856985771308905,0.0014752497024779763
jurkat,12,0.05,ridge_no_history,17,0.05128387615803062,0.007748702286066858,0.0019054109335319897,0.0,0.0,0.0,0.0
jurkat,12,0.05,ridge_with_history,17,0.04840505925413035,0.0072120240031611875,0.0018012042833436934,0.0,0.004860652637449563,0.0011629299040019868,0.0
jurkat,12,0.1,ridge_no_history,34,0.05050923177934956,0.013550875026531663,0.00022459850841676808,0.0,0.0,0.0,0.0
jurkat,12,0.1,ridge_with_history,34,0.04542564490109451,0.01133987689775951,0.00036571911752242574,0.0025431822918561774,0.008895922438583585,0.0,0.0
jurkat,12,0.2,ridge_no_history,68,0.047857241656715906,0.01752765251094203,0.0012874977079976578,0.0,0.0,0.0,0.0
jurkat,12,0.2,ridge_with_history,68,0.04327425513298678,0.013971341391764846,0.001303357655623265,0.0016346314463106671,0.01005025149818369,0.0,0.0
jurkat,12,0.5,ridge_no_history,168,0.04090653497166101,0.02421978582762723,0.007155264133929613,0.0,0.0,0.0,0.0
jurkat,12,0.5,ridge_with_history,168,0.03694661175052083,0.018352017919979723,0.006393732512690211,0.0014312105233345218,0.012944453124654585,0.0,0.0
jurkat,12,1.0,ridge_no_history,336,0.03681142067849003,0.0300563896595419,0.009646149393036386,0.0,0.0,0.0,0.0
jurkat,12,1.0,ridge_with_history,336,0.032857413604994695,0.02077084284404994,0.00849262088483476,0.0014531010271211335,0.01694417976981648,0.0,0.0
jurkat,13,0.01,ridge_no_history,4,0.05453136048645103,0.00021367378559306502,0.0005812408073522069,0.0,0.0,0.0,0.0
jurkat,13,0.01,ridge_with_history,4,0.05427664164700223,0.0002080443867921998,0.000565927575105019,0.0,0.0006051280558632568,0.0,0.0
jurkat,13,0.05,ridge_no_history,17,0.05236446111416093,0.004317571567604628,0.0,0.0,0.0,0.0,0.0
jurkat,13,0.05,ridge_with_history,17,0.04979515883182358,0.0040164342961623405,0.0,0.0016644408258765348,0.003386208027165375,0.0,0.0
jurkat,13,0.1,ridge_no_history,34,0.051820711169024924,0.008553790616954793,0.0,0.0,0.0,0.0,0.0
jurkat,13,0.1,ridge_with_history,34,0.04703855676554762,0.007529520928385238,0.0,0.002978356261356363,0.007087005153265857,0.0,0.0
jurkat,13,0.2,ridge_no_history,68,0.0452132852502232,0.014586806042974191,0.0041320645960637985,0.0,0.0,0.0,0.0
jurkat,13,0.2,ridge_with_history,68,0.04002433179342458,0.01210240660593726,0.0032899783647103082,0.003635924902955052,0.00947796609320321,0.00029054180651176016,0.0
jurkat,13,0.5,ridge_no_history,168,0.040590828204366616,0.023096566122707683,0.008612850376709856,0.0,0.0,0.0,0.0
jurkat,13,0.5,ridge_with_history,168,0.033952079281101846,0.01831334192975077,0.007016849432182317,0.004123933925131189,0.012835873574344174,0.00202317771485725,0.0
jurkat,13,1.0,ridge_no_history,336,0.03681142067849003,0.0300563896595419,0.009646149393036386,0.0,0.0,0.0,0.0
jurkat,13,1.0,ridge_with_history,336,0.032857413604994695,0.02077084284404994,0.00849262088483476,0.0014531010271211335,0.01694417976981648,0.0,0.0
jurkat,14,0.01,ridge_no_history,4,0.06180364527657017,0.0013208653436869188,0.0,0.0,0.0,0.0,0.0
jurkat,14,0.01,ridge_with_history,4,0.06048411188061741,0.0012585040246654554,0.0,0.0007130548091043042,0.0008390043094571392,0.00043012240782345135,0.0005453812582979697
jurkat,14,0.05,ridge_no_history,17,0.05261493286198502,0.0060096797330330045,0.0009207368859812234,0.0,0.0,0.0,0.0
jurkat,14,0.05,ridge_with_history,17,0.04888998268107131,0.005500911559009337,0.0009888128003903416,0.0026470516958596187,0.0047099030376241595,0.0003647016089508265,0.0
jurkat,14,0.1,ridge_no_history,34,0.04902749764924384,0.010173012798232984,0.005455909785174772,0.0,0.0,0.0,0.0
jurkat,14,0.1,ridge_with_history,34,0.043072579073109324,0.008904540855370511,0.005166701136173569,0.003162789074888523,0.007820679355407376,0.002475382844359296,0.0
jurkat,14,0.2,ridge_no_history,68,0.04473318676870112,0.014117732648661804,0.005524461891845003,0.0,0.0,0.0,0.0
jurkat,14,0.2,ridge_with_history,68,0.03870221133766763,0.012205078616375232,0.004973113502406956,0.0024556744360980506,0.008710979444258974,0.002545357615863669,0.00021524663045243613
jurkat,14,0.5,ridge_no_history,168,0.03791940269042052,0.025577052512728012,0.009492947177983341,0.0,0.0,0.0,0.0
jurkat,14,0.5,ridge_with_history,168,0.03293371578057576,0.019358676832712564,0.0076276211913908105,0.001992730542723369,0.01593994950588667,0.00031853848232666346,0.0
jurkat,14,1.0,ridge_no_history,336,0.03681142067849003,0.0300563896595419,0.009646149393036386,0.0,0.0,0.0,0.0
jurkat,14,1.0,ridge_with_history,336,0.032857413604994695,0.02077084284404994,0.00849262088483476,0.0014531010271211335,0.01694417976981648,0.0,0.0
jurkat,15,0.01,ridge_no_history,4,0.039620140409056585,0.0008425546327995727,0.00017760977408010434,0.0,0.0,0.0,0.0
jurkat,15,0.01,ridge_with_history,4,0.039508450526931936,0.0008280190693147816,0.0001745456901071961,0.0,0.0005081366700268898,0.0,0.0
jurkat,15,0.05,ridge_no_history,17,0.04629661486401049,0.006780501109910584,0.003555854174964999,0.0,0.0,0.0,0.0
jurkat,15,0.05,ridge_with_history,17,0.04344244711881431,0.005810857983333604,0.003146539944588053,0.0021033003573248553,0.006132023374214825,0.0,0.0
jurkat,15,0.1,ridge_no_history,34,0.044534508011198064,0.00869070657210582,0.004399195935368229,0.0,0.0,0.0,0.0
jurkat,15,0.1,ridge_with_history,34,0.04028000046786587,0.006820317430808327,0.0037492121467636403,0.0036693688054956894,0.008521969790712292,0.0007683636644887184,0.0
jurkat,15,0.2,ridge_no_history,68,0.04480872727188459,0.011252494161713929,0.005878826495970203,0.0,0.0,0.0,0.0
jurkat,15,0.2,ridge_with_history,68,0.03980032119424263,0.007987348173588699,0.004592456850030875,0.00477967208506635,0.009135367391506397,0.0010375541436541025,0.0003669033057651262
jurkat,15,0.5,ridge_no_history,168,0.040631469686708235,0.021641013030818872,0.007936226149046707,0.0,0.0,0.0,0.0
jurkat,15,0.5,ridge_with_history,168,0.03574018195465703,0.015684388328758216,0.006591566455193013,0.0032128479507566744,0.013611005511156281,0.0006344514397091179,0.0
jurkat,15,1.0,ridge_no_history,336,0.03681142067849003,0.0300563896595419,0.009646149393036386,0.0,0.0,0.0,0.0
jurkat,15,1.0,ridge_with_history,336,0.032857413604994695,0.02077084284404994,0.00849262088483476,0.0014531010271211335,0.01694417976981648,0.0,0.0
