scope,domain,upstream,readout,builder,seed,fold,context,n_tasks,n_clusters,utility20,spearman,aurc,high_risk_miss_rate,error_at_10,error_at_20,error_at_50,bio_rmse,bio_cosine,valid_strata,planned_strata
McFaline/DecoderOnly,McFaline,DecoderOnly,risk,AlignmentControl_OldGuideMean,0,0,a172,33,33,0.8495109871989152,0.7503342245989305,0.023997414620728175,0.4285714285714286,0.021770616527646725,0.022322934653077758,0.024384594467632865,0.02939807669562618,0.31207293086688165,,
McFaline/DecoderOnly,McFaline,DecoderOnly,risk,AlignmentControl_OldGuideMean,0,0,t98g,41,41,0.6877386782182272,0.6724738675958188,0.021426202628396316,0.5555555555555556,0.018102130480110577,0.01954760992278649,0.022360289158920396,0.02715908084648491,0.1242383922116787,,
McFaline/DecoderOnly,McFaline,DecoderOnly,risk,AlignmentControl_OldGuideMean,0,0,u87mg,41,41,0.6030367067629199,0.6919860627177703,0.031101622701509637,0.4444444444444444,0.027371553704142522,0.029229227039549038,0.03175579437187735,0.0362582350944509,0.11977235394928695,,
McFaline/DecoderOnly,McFaline,DecoderOnly,risk,AlignmentControl_OldGuideMean,0,1,a172,38,38,0.7229003450443142,0.6979975927344348,0.024129814755677017,0.375,0.021104467567056376,0.02278215228579934,0.024618459963484773,0.02940501507517924,0.30338565128415834,,
McFaline/DecoderOnly,McFaline,DecoderOnly,risk,AlignmentControl_OldGuideMean,0,1,t98g,38,38,0.6193954754764723,0.7579603895393369,0.02119257356404471,0.625,0.017374445218592847,0.018926489166915375,0.021329607912584314,0.02703831370981946,0.12169648096510648,,
McFaline/DecoderOnly,McFaline,DecoderOnly,risk,AlignmentControl_OldGuideMean,0,1,u87mg,34,34,0.4335942840920464,0.8035141329258976,0.028712755358641824,0.5714285714285714,0.025797177106142,0.02631288101630547,0.028539547587142226,0.03404491054775748,0.16290058061461155,,
McFaline/DecoderOnly,McFaline,DecoderOnly,risk,AlignmentControl_OldGuideMean,0,2,a172,31,31,0.595583618288196,0.753225806451613,0.024867858994238417,0.4285714285714286,0.022623840719461375,0.023334123726401954,0.025049592717550646,0.029708490800917812,0.2992812082982134,,
McFaline/DecoderOnly,McFaline,DecoderOnly,risk,AlignmentControl_OldGuideMean,0,2,t98g,32,32,0.7332215895634396,0.8295454545454545,0.022074948269629968,0.4285714285714286,0.019677212927490424,0.019600009013499484,0.02221424586605276,0.02786239455206446,0.13874976415113824,,
McFaline/DecoderOnly,McFaline,DecoderOnly,risk,AlignmentControl_OldGuideMean,0,2,u87mg,34,34,0.9202561462773682,0.8670741023682199,0.029074359004376604,0.4285714285714286,0.025941763538867225,0.02737114205956457,0.029588606865966975,0.03469384899174765,0.14411742429772953,,
McFaline/DecoderOnly,McFaline,DecoderOnly,risk,AlignmentControl_OldGuideMean,0,3,a172,32,32,0.7523286725250115,0.7565982404692082,0.024017985397799587,0.5714285714285714,0.02155705913901325,0.022453064098954156,0.024366694735363074,0.03004769431454283,0.31917050647317907,,
McFaline/DecoderOnly,McFaline,DecoderOnly,risk,AlignmentControl_OldGuideMean,0,3,t98g,38,38,0.7882084105717354,0.8019476966845388,0.02041919615602227,0.625,0.01805935846641655,0.019214553060010013,0.020432411153849746,0.02630550569376363,0.1435726136971159,,
McFaline/DecoderOnly,McFaline,DecoderOnly,risk,AlignmentControl_OldGuideMean,0,3,u87mg,38,38,0.5478298322799617,0.6813655761024182,0.028487952117775404,0.5,0.024015018716454475,0.026203860063105787,0.029260221770719436,0.033297008335944824,0.162792038034289,,
McFaline/DecoderOnly,McFaline,DecoderOnly,risk,AlignmentControl_OldGuideMean,0,4,a172,38,38,0.5611542732320685,0.7354196301564722,0.023149112813491152,0.625,0.020043019670993048,0.0212975682225078,0.023179855491769895,0.028193610506512437,0.33150623257565637,,
McFaline/DecoderOnly,McFaline,DecoderOnly,risk,AlignmentControl_OldGuideMean,0,4,t98g,39,39,0.727795734321912,0.8232793522267207,0.02126987750887464,0.25,0.01954059861600395,0.019859834806993562,0.021173034794628575,0.02599741026693575,0.17383778651173168,,
McFaline/DecoderOnly,McFaline,DecoderOnly,risk,AlignmentControl_OldGuideMean,0,4,u87mg,35,35,0.8058661469809588,0.8204481792717087,0.029003263668868316,0.2857142857142857,0.02595540229231115,0.027315044243420825,0.029273965913388426,0.03435599255447484,0.156507223438215,,
McFaline/DecoderOnly,McFaline,DecoderOnly,risk,AlignmentControl_OldGuideMean,0,MACRO,MACRO,542,377,0.6898947267222365,,0.024861662504004935,0.4761904761904762,0.02192891097938016,0.023051366225259436,0.025168461518062093,0.030251039199081498,0.20090674582459941,15.0,15.0
McFaline/DecoderOnly,McFaline,DecoderOnly,risk,B0_SupportMean,0,0,a172,33,33,0.9430145950693299,0.8646390374331552,0.023739525357462994,0.2857142857142857,0.02033957280218595,0.021986940343465072,0.024115709807066312,0.028747099131617954,0.34443272863436636,,
McFaline/DecoderOnly,McFaline,DecoderOnly,risk,B0_SupportMean,0,0,t98g,41,41,0.6533104862816883,0.7447735191637632,0.021244755509085292,0.33333333333333337,0.017340914718806676,0.019429991125232575,0.022217933044192284,0.02652099123505189,0.13869836997767118,,
McFaline/DecoderOnly,McFaline,DecoderOnly,risk,B0_SupportMean,0,0,u87mg,41,41,0.8677707364018628,0.8273519163763068,0.030668521628169042,0.33333333333333337,0.02798495776951308,0.028892999101016212,0.031239721746671726,0.03579826534435304,0.1336444909913571,,
McFaline/DecoderOnly,McFaline,DecoderOnly,risk,B0_SupportMean,0,1,a172,38,38,0.8180596778078585,0.7732793522267206,0.0239545133031941,0.25,0.02028302568942305,0.022651332430541474,0.024187487501062803,0.02883338156918293,0.3246920683982816,,
McFaline/DecoderOnly,McFaline,DecoderOnly,risk,B0_SupportMean,0,1,t98g,38,38,0.7635765185787988,0.853813327497538,0.020956250242115646,0.375,0.017374445218592847,0.01828221976757046,0.021376324425402392,0.026458686271866916,0.1309593387980504,,
McFaline/DecoderOnly,McFaline,DecoderOnly,risk,B0_SupportMean,0,1,u87mg,34,34,0.9319823289364664,0.9156608097784569,0.028270333937080762,0.1428571428571429,0.025910111609846326,0.025939679305468245,0.028177244807867402,0.03368734018898356,0.17142247996428409,,
McFaline/DecoderOnly,McFaline,DecoderOnly,risk,B0_SupportMean,0,2,a172,31,31,0.7131739407892377,0.8419354838709677,0.024526520528595823,0.4285714285714286,0.022581026889383723,0.02304929202156401,0.024680782109498926,0.02907184723259589,0.33174193419449743,,
McFaline/DecoderOnly,McFaline,DecoderOnly,risk,B0_SupportMean,0,2,t98g,32,32,0.96097787324796,0.8607038123167154,0.021951619966028884,0.2857142857142857,0.0196877210400998,0.019988450354763383,0.021920060738921117,0.02731854713661202,0.14968391888380422,,
McFaline/DecoderOnly,McFaline,DecoderOnly,risk,B0_SupportMean,0,2,u87mg,34,34,0.9527963966987648,0.8945760122230709,0.029144641111098497,0.4285714285714286,0.026665523648262,0.02737114205956457,0.029033181312329584,0.03433678844708436,0.1526111259806625,,
McFaline/DecoderOnly,McFaline,DecoderOnly,risk,B0_SupportMean,0,3,a172,32,32,0.9229378487193893,0.9299853372434018,0.023556861908275946,0.4285714285714286,0.020220593083649825,0.021483134478330557,0.0240811556577682,0.02933375573472019,0.3470060090449327,,
McFaline/DecoderOnly,McFaline,DecoderOnly,risk,B0_SupportMean,0,3,t98g,38,38,0.7904778340829995,0.8126709705657075,0.02038352113338487,0.5,0.017675126902759027,0.019286508439108674,0.02037751802096236,0.025558427456820326,0.1599675543658924,,
McFaline/DecoderOnly,McFaline,DecoderOnly,risk,B0_SupportMean,0,3,u87mg,38,38,0.7687735107811737,0.8671627092679723,0.028139237739106118,0.25,0.02463998086750505,0.025818459689617126,0.02846891266342837,0.03285722335343816,0.1771946515651905,,
McFaline/DecoderOnly,McFaline,DecoderOnly,risk,B0_SupportMean,0,4,a172,38,38,0.8223670036628076,0.8592843856001751,0.022800851574776376,0.375,0.019048299174755777,0.020943561568856198,0.023030434097898587,0.027751719500436277,0.3534019809577837,,
McFaline/DecoderOnly,McFaline,DecoderOnly,risk,B0_SupportMean,0,4,t98g,39,39,0.9175698986444114,0.8834008097165993,0.021148770704838067,0.125,0.01954059861600395,0.02009825035929675,0.02107995050027962,0.02555305815336866,0.1843102361367332,,
McFaline/DecoderOnly,McFaline,DecoderOnly,risk,B0_SupportMean,0,4,u87mg,35,35,0.9091007201477417,0.7823529411764707,0.029024330273240487,0.2857142857142857,0.025670928880572274,0.026995797508529214,0.029851735259095784,0.03401460504754447,0.16480797219158502,,
McFaline/DecoderOnly,McFaline,DecoderOnly,risk,B0_SupportMean,0,MACRO,MACRO,542,377,0.8490592913233659,,0.024634016994430186,0.32182539682539685,0.021664188460757287,0.02281451723686163,0.02492254344616303,0.029722782386911773,0.21763832400567282,15.0,15.0
McFaline/DecoderOnly,McFaline,DecoderOnly,risk,B1_HGB,0,0,a172,33,33,0.9430145950693299,0.8716577540106953,0.023756752621941192,0.2857142857142857,0.02033957280218595,0.02230571290212013,0.024115709807066312,0.028782677210277864,0.34351569053150466,,
McFaline/DecoderOnly,McFaline,DecoderOnly,risk,B1_HGB,0,0,t98g,41,41,0.7256655153474016,0.7449477351916378,0.02123907528992667,0.33333333333333337,0.017340914718806676,0.019448670765591935,0.02214830178057858,0.026531259460023278,0.13955678216291,,
McFaline/DecoderOnly,McFaline,DecoderOnly,risk,B1_HGB,0,0,u87mg,41,41,0.8677707364018628,0.8261324041811848,0.030673389419377632,0.33333333333333337,0.02798495776951308,0.028892999101016212,0.031239721746671726,0.03584268967247527,0.1322200035273021,,
McFaline/DecoderOnly,McFaline,DecoderOnly,risk,B1_HGB,0,1,a172,38,38,0.8180596778078585,0.7780938833570412,0.023949234636589073,0.25,0.02028302568942305,0.022651332430541474,0.024187487501062803,0.028893086913692897,0.32146579089696664,,
McFaline/DecoderOnly,McFaline,DecoderOnly,risk,B1_HGB,0,1,t98g,38,38,0.6441780911394916,0.8338986760039392,0.020996424540824715,0.5,0.017374445218592847,0.01828221976757046,0.021376324425402392,0.026455940331207205,0.13240090512234753,,
McFaline/DecoderOnly,McFaline,DecoderOnly,risk,B1_HGB,0,1,u87mg,34,34,0.947027256371526,0.9077158135981664,0.028301333557732167,0.1428571428571429,0.025910111609846326,0.025939679305468245,0.02823898075696296,0.033725532795700085,0.1686256410514243,,
McFaline/DecoderOnly,McFaline,DecoderOnly,risk,B1_HGB,0,2,a172,31,31,0.6978312151908468,0.8443548387096775,0.02453149361550526,0.4285714285714286,0.022581026889383723,0.023101090852703312,0.024680782109498926,0.029132862188383804,0.3278561721504916,,
McFaline/DecoderOnly,McFaline,DecoderOnly,risk,B1_HGB,0,2,t98g,32,32,0.8640600807564369,0.8695014662756597,0.021843940680273913,0.2857142857142857,0.019687721040099797,0.019988450354763383,0.02192006073892112,0.027317518171154083,0.15124758207528322,,
McFaline/DecoderOnly,McFaline,DecoderOnly,risk,B1_HGB,0,2,u87mg,34,34,0.9527963966987648,0.8957983193277311,0.02913294192105288,0.4285714285714286,0.026665523648262,0.027710783162287273,0.029033181312329584,0.03437333949515642,0.15074982826801145,,
McFaline/DecoderOnly,McFaline,DecoderOnly,risk,B1_HGB,0,3,a172,32,32,0.9229378487193893,0.9277859237536655,0.02356728872461202,0.4285714285714286,0.020220593083649825,0.021919648029974485,0.023920987732708406,0.029417767263213147,0.34273008220506895,,
McFaline/DecoderOnly,McFaline,DecoderOnly,risk,B1_HGB,0,3,t98g,38,38,0.7904778340829995,0.8192362402888719,0.02037674889505292,0.5,0.017675126902759027,0.019286508439108674,0.02037751802096236,0.025543105936859514,0.1596199235502222,,
McFaline/DecoderOnly,McFaline,DecoderOnly,risk,B1_HGB,0,3,u87mg,38,38,0.7114308020750185,0.8647554437028121,0.028145150811245998,0.25,0.02463998086750505,0.025818459689617126,0.0283988436782046,0.032893946336102244,0.17393620118779143,,
McFaline/DecoderOnly,McFaline,DecoderOnly,risk,B1_HGB,0,4,a172,38,38,0.8223670036628076,0.8560017507385929,0.02281500814166076,0.375,0.019648707937449175,0.020943561568856198,0.023174602636381148,0.027791436667765762,0.3516019475565652,,
McFaline/DecoderOnly,McFaline,DecoderOnly,risk,B1_HGB,0,4,t98g,39,39,0.7975179454933853,0.8825910931174089,0.021156588400359614,0.25,0.01954059861600395,0.02009825035929675,0.02107995050027962,0.025561462658220513,0.18455069671919053,,
McFaline/DecoderOnly,McFaline,DecoderOnly,risk,B1_HGB,0,4,u87mg,35,35,0.9000056518691276,0.7980392156862747,0.02898262368253819,0.2857142857142857,0.025670928880572274,0.026995797508529214,0.029543382736543777,0.03406397542873851,0.16258457753830555,,
McFaline/DecoderOnly,McFaline,DecoderOnly,risk,B1_HGB,0,MACRO,MACRO,542,377,0.8270093767124164,,0.024631199662579532,0.3384920634920635,0.021704215711603515,0.02289221094916299,0.024895722365571624,0.029755106701931374,0.21617745496955904,15.0,15.0
McFaline/DecoderOnly,McFaline,DecoderOnly,risk,B2_Pointwise,20260930,0,a172,33,33,0.9430145950693299,0.8793449197860963,0.023717023104208392,0.2857142857142857,0.02033957280218595,0.021872163617185143,0.024115709807066312,0.028697807373975585,0.35166614293323767,,
McFaline/DecoderOnly,McFaline,DecoderOnly,risk,B2_Pointwise,20260930,0,t98g,41,41,0.7500761400587526,0.7590592334494775,0.021221951710496876,0.2222222222222222,0.017340914718806676,0.019429991125232575,0.022217933044192284,0.026317759088358317,0.13982630205225957,,
McFaline/DecoderOnly,McFaline,DecoderOnly,risk,B2_Pointwise,20260930,0,u87mg,41,41,0.8677707364018628,0.8177700348432058,0.0307088545846853,0.33333333333333337,0.02798495776951308,0.028892999101016212,0.031239721746671726,0.03576783716713911,0.13060300579321438,,
McFaline/DecoderOnly,McFaline,DecoderOnly,risk,B2_Pointwise,20260930,1,a172,38,38,0.8337075063005429,0.8050114892220154,0.02391169395126973,0.25,0.02028302568942305,0.0229554378893226,0.02411726450449538,0.02884823463616947,0.3279006003964752,,
McFaline/DecoderOnly,McFaline,DecoderOnly,risk,B2_Pointwise,20260930,1,t98g,38,38,0.7635765185787988,0.8603785972207025,0.020957701438056493,0.375,0.017374445218592847,0.01828221976757046,0.021337771788239437,0.026227816729565704,0.13502836468955925,,
McFaline/DecoderOnly,McFaline,DecoderOnly,risk,B2_Pointwise,20260930,1,u87mg,34,34,0.9319823289364664,0.9067990832696714,0.028281086521754012,0.1428571428571429,0.025910111609846326,0.025939679305468245,0.028177244807867402,0.03366906144346337,0.1660127139226312,,
McFaline/DecoderOnly,McFaline,DecoderOnly,risk,B2_Pointwise,20260930,2,a172,31,31,0.8363889970400555,0.867741935483871,0.02446983750110936,0.2857142857142857,0.022059486247599076,0.023101090852703315,0.024761831271462094,0.02904420705335831,0.33548632383429794,,
McFaline/DecoderOnly,McFaline,DecoderOnly,risk,B2_Pointwise,20260930,2,t98g,32,32,0.96097787324796,0.8826979472140761,0.021814420386027114,0.2857142857142857,0.019687721040099797,0.019988450354763383,0.021920060738921117,0.027221864341241152,0.15002321869612437,,
McFaline/DecoderOnly,McFaline,DecoderOnly,risk,B2_Pointwise,20260930,2,u87mg,34,34,0.9527963966987648,0.9071046600458365,0.029082025187501734,0.4285714285714286,0.026665523648262,0.02737114205956457,0.029033181312329584,0.03432284139596447,0.14977204309379108,,
McFaline/DecoderOnly,McFaline,DecoderOnly,risk,B2_Pointwise,20260930,3,a172,32,32,0.9624203350052857,0.9318181818181818,0.023566262122752125,0.2857142857142857,0.020466289483010724,0.021483134478330557,0.023920987732708406,0.02923662527102562,0.3550809326413761,,
McFaline/DecoderOnly,McFaline,DecoderOnly,risk,B2_Pointwise,20260930,3,t98g,38,38,0.8707349339428018,0.8360870992449939,0.02034434167542405,0.5,0.017675126902759027,0.019068408058956213,0.02037751802096236,0.025319259085473788,0.16318911469322658,,
McFaline/DecoderOnly,McFaline,DecoderOnly,risk,B2_Pointwise,20260930,3,u87mg,38,38,0.8771558562845136,0.8658496553233395,0.028167721498060665,0.125,0.02463998086750505,0.025818459689617122,0.0283988436782046,0.03285538105259579,0.17076177014334182,,
McFaline/DecoderOnly,McFaline,DecoderOnly,risk,B2_Pointwise,20260930,4,a172,38,38,0.8223670036628065,0.8667250246197614,0.02279530344157501,0.375,0.019648707937449175,0.0209435615688562,0.02304433433240961,0.02766689278203964,0.36417546554521774,,
McFaline/DecoderOnly,McFaline,DecoderOnly,risk,B2_Pointwise,20260930,4,t98g,39,39,0.7975179454933853,0.8846153846153847,0.021144332775658074,0.25,0.01954059861600395,0.02014802279882129,0.02107995050027962,0.02538621933144878,0.1841725073692921,,
McFaline/DecoderOnly,McFaline,DecoderOnly,risk,B2_Pointwise,20260930,4,u87mg,35,35,0.9091007201477417,0.7913165266106444,0.02898776305417797,0.2857142857142857,0.025478411465883224,0.026995797508529214,0.029514082603984373,0.03402246738842585,0.1592976770372983,,
McFaline/DecoderOnly,McFaline,DecoderOnly,risk,B2_Pointwise,20260930,MACRO,MACRO,542,377,0.8719725257912712,,0.024611354596850467,0.29537037037037034,0.021672991601129326,0.02281937054506247,0.024883762392652952,0.029640284942682997,0.21886641218942288,15.0,15.0
McFaline/DecoderOnly,McFaline,DecoderOnly,risk,B2_Pointwise,20261001,0,a172,33,33,0.755220601873584,0.8656417112299466,0.02372903080759894,0.4285714285714286,0.02033957280218595,0.021872163617185143,0.024115709807066312,0.028715441069717674,0.3525648090538653,,
McFaline/DecoderOnly,McFaline,DecoderOnly,risk,B2_Pointwise,20261001,0,t98g,41,41,0.7500761400587534,0.7594076655052266,0.02121471889035772,0.2222222222222222,0.017340914718806676,0.019429991125232575,0.022217933044192284,0.026301821456142477,0.13846257469159517,,
McFaline/DecoderOnly,McFaline,DecoderOnly,risk,B2_Pointwise,20261001,0,u87mg,41,41,0.8677707364018619,0.8210801393728224,0.030625810068974788,0.33333333333333337,0.02798495776951308,0.02889299910101621,0.031239721746671726,0.03577349352930348,0.13029120302466318,,
McFaline/DecoderOnly,McFaline,DecoderOnly,risk,B2_Pointwise,20261001,1,a172,38,38,0.8337075063005429,0.7877229456176824,0.02393877382103904,0.25,0.02028302568942305,0.022651332430541474,0.024309890442772875,0.02885111066843746,0.33129049727354176,,
McFaline/DecoderOnly,McFaline,DecoderOnly,risk,B2_Pointwise,20261001,1,t98g,38,38,0.7635765185787988,0.8345552029762556,0.0209932843681931,0.375,0.017374445218592847,0.01828221976757046,0.021337771788239437,0.02622730023867283,0.13311917503640913,,
McFaline/DecoderOnly,McFaline,DecoderOnly,risk,B2_Pointwise,20261001,1,u87mg,34,34,0.9319823289364664,0.9040488922841863,0.028291130347378703,0.1428571428571429,0.025910111609846326,0.025939679305468245,0.0281772448078674,0.03367582374571487,0.16474527227546185,,
McFaline/DecoderOnly,McFaline,DecoderOnly,risk,B2_Pointwise,20261001,2,a172,31,31,0.9177191274026432,0.8665322580645162,0.02447807157402867,0.1428571428571429,0.022059486247599076,0.023101090852703312,0.024761831271462094,0.0290492175809398,0.3370319699798604,,
McFaline/DecoderOnly,McFaline,DecoderOnly,risk,B2_Pointwise,20261001,2,t98g,32,32,0.96097787324796,0.8848973607038124,0.021801153694404683,0.2857142857142857,0.019687721040099797,0.019988450354763383,0.021920060738921117,0.02718006220321021,0.14843161070505514,,
McFaline/DecoderOnly,McFaline,DecoderOnly,risk,B2_Pointwise,20261001,2,u87mg,34,34,0.943568196253081,0.897020626432391,0.029130564430839168,0.4285714285714286,0.026665523648262,0.02737114205956457,0.02903318131232958,0.034305258998500406,0.14722296264920876,,
McFaline/DecoderOnly,McFaline,DecoderOnly,risk,B2_Pointwise,20261001,3,a172,32,32,0.9624203350052857,0.9307184750733138,0.02356972728632343,0.2857142857142857,0.020466289483010724,0.021483134478330557,0.0240811556577682,0.029255633638717166,0.3532649981514656,,
McFaline/DecoderOnly,McFaline,DecoderOnly,risk,B2_Pointwise,20261001,3,t98g,38,38,0.858026625545566,0.8328044643834117,0.020353013199982922,0.5,0.017675126902759027,0.019026873866096087,0.02037751802096236,0.025318258140870176,0.16068937876390038,,
McFaline/DecoderOnly,McFaline,DecoderOnly,risk,B2_Pointwise,20261001,3,u87mg,38,38,0.7897504349806596,0.8535944851734325,0.02818819119368285,0.25,0.024012525100260952,0.025818459689617122,0.0283988436782046,0.03284133511216117,0.1700984988227615,,
McFaline/DecoderOnly,McFaline,DecoderOnly,risk,B2_Pointwise,20261001,4,a172,38,38,0.8223670036628065,0.8671627092679723,0.022781292734961628,0.375,0.019048299174755777,0.020943561568856198,0.02303043409789859,0.027688326320772644,0.3594202210220679,,
McFaline/DecoderOnly,McFaline,DecoderOnly,risk,B2_Pointwise,20261001,4,t98g,39,39,0.9175698986444114,0.8906882591093118,0.02113088658986795,0.125,0.01954059861600395,0.02014802279882129,0.02107995050027962,0.025393784928590003,0.18533298899990133,,
McFaline/DecoderOnly,McFaline,DecoderOnly,risk,B2_Pointwise,20261001,4,u87mg,35,35,0.9091007201477417,0.7837535014005603,0.02902036567721016,0.2857142857142857,0.025478411465883224,0.026995797508529214,0.029514082603984367,0.034004083491864893,0.1607781218777096,,
McFaline/DecoderOnly,McFaline,DecoderOnly,risk,B2_Pointwise,20261001,MACRO,MACRO,542,377,0.8655889364693441,,0.024616400978989587,0.29537037037037034,0.021591133965800157,0.02279632790161972,0.024906355301241367,0.029638730074907686,0.2181829521551645,15.0,15.0
McFaline/DecoderOnly,McFaline,DecoderOnly,risk,B2_Pointwise,20261002,0,a172,33,33,0.8978581558829382,0.8800133689839572,0.023704475760141362,0.4285714285714286,0.02033957280218595,0.021872163617185143,0.024115709807066312,0.028708868163305427,0.3531209359120222,,
McFaline/DecoderOnly,McFaline,DecoderOnly,risk,B2_Pointwise,20261002,0,t98g,41,41,0.7500761400587526,0.7681184668989549,0.021207111275844685,0.2222222222222222,0.017340914718806676,0.019429991125232575,0.022140048666014506,0.02630800109541701,0.13877347458819478,,
McFaline/DecoderOnly,McFaline,DecoderOnly,risk,B2_Pointwise,20261002,0,u87mg,41,41,0.8677707364018628,0.8283972125435543,0.030681464287883063,0.33333333333333337,0.02798495776951308,0.02889299910101621,0.031239721746671726,0.03577645108049607,0.12992454531516795,,
McFaline/DecoderOnly,McFaline,DecoderOnly,risk,B2_Pointwise,20261002,1,a172,38,38,0.8337075063005429,0.7890359995623153,0.02396224540941382,0.25,0.02132527157664295,0.022651332430541474,0.024187487501062803,0.02887398502372969,0.3321868697353363,,
McFaline/DecoderOnly,McFaline,DecoderOnly,risk,B2_Pointwise,20261002,1,t98g,38,38,0.7635765185787988,0.853813327497538,0.020956756585201228,0.375,0.017374445218592847,0.01828221976757046,0.021337771788239437,0.026222736110744653,0.1346737225463611,,
McFaline/DecoderOnly,McFaline,DecoderOnly,risk,B2_Pointwise,20261002,1,u87mg,34,34,0.9319823289364664,0.9012987012987013,0.028289319137966486,0.1428571428571429,0.025910111609846326,0.025939679305468245,0.0281772448078674,0.03367726209384827,0.16521942345512183,,
McFaline/DecoderOnly,McFaline,DecoderOnly,risk,B2_Pointwise,20261002,2,a172,31,31,0.7775251796890569,0.8528225806451614,0.024494419735716595,0.2857142857142857,0.022059486247599076,0.023101090852703312,0.024761831271462097,0.029052496419911332,0.3385772783597268,,
McFaline/DecoderOnly,McFaline,DecoderOnly,risk,B2_Pointwise,20261002,2,t98g,32,32,0.96097787324796,0.8808651026392962,0.02181682846435786,0.2857142857142857,0.019687721040099797,0.019988450354763383,0.021920060738921117,0.027192632932879445,0.14900541652603444,,
McFaline/DecoderOnly,McFaline,DecoderOnly,risk,B2_Pointwise,20261002,2,u87mg,34,34,0.9527963966987648,0.897937356760886,0.029086571606169797,0.4285714285714286,0.026665523648262,0.027149956141199357,0.029033181312329584,0.03431396420490509,0.14813827177631145,,
McFaline/DecoderOnly,McFaline,DecoderOnly,risk,B2_Pointwise,20261002,3,a172,32,32,0.9624203350052857,0.9369501466275659,0.023547898678663866,0.2857142857142857,0.020041302777826724,0.021483134478330557,0.023920987732708406,0.02923268397239144,0.3557502791706655,,
McFaline/DecoderOnly,McFaline,DecoderOnly,risk,B2_Pointwise,20261002,3,t98g,38,38,0.9078454613768895,0.8358682569208885,0.020344891211495384,0.375,0.017675126902759027,0.019026873866096087,0.02037751802096236,0.025314492959865584,0.16124023055357664,,
McFaline/DecoderOnly,McFaline,DecoderOnly,risk,B2_Pointwise,20261002,3,u87mg,38,38,0.8771558562845136,0.8689134478608164,0.02812101009628119,0.125,0.024012525100260952,0.025818459689617122,0.0283988436782046,0.03284757295253433,0.17005079367556752,,
McFaline/DecoderOnly,McFaline,DecoderOnly,risk,B2_Pointwise,20261002,4,a172,38,38,0.890433920372127,0.8741656636393479,0.022783260299600327,0.25,0.019648707937449175,0.0209435615688562,0.02303043409789859,0.027681452403212924,0.3603000187444679,,
McFaline/DecoderOnly,McFaline,DecoderOnly,risk,B2_Pointwise,20261002,4,t98g,39,39,0.7975179454933853,0.8880566801619434,0.02113342989452674,0.25,0.01954059861600395,0.019988712389022077,0.02107995050027962,0.025390215535787877,0.18489842686620436,,
McFaline/DecoderOnly,McFaline,DecoderOnly,risk,B2_Pointwise,20261002,4,u87mg,35,35,0.9091007201477417,0.7742296918767507,0.029046210587830874,0.2857142857142857,0.025670928880572277,0.026995797508529214,0.029885266286631375,0.03400024729980756,0.16031170310256143,,
McFaline/DecoderOnly,McFaline,DecoderOnly,risk,B2_Pointwise,20261002,MACRO,MACRO,542,377,0.8720496716316722,,0.02461172620207288,0.28822751322751317,0.021685146323094717,0.022770961479742093,0.024907070530421325,0.029639537483255773,0.21881142602182135,15.0,15.0
McFaline/DecoderOnly,McFaline,DecoderOnly,risk,B3_DeepSets,20260930,0,a172,33,33,0.755220601873584,0.8703208556149733,0.023731938597131737,0.4285714285714286,0.02033957280218595,0.021872163617185143,0.02425570117638387,0.028683549930275602,0.35361327232412454,,
McFaline/DecoderOnly,McFaline,DecoderOnly,risk,B3_DeepSets,20260930,0,t98g,41,41,0.7500761400587534,0.7531358885017423,0.021232098788490004,0.2222222222222222,0.017340914718806676,0.019429991125232575,0.022217933044192287,0.026324092602048644,0.13913015188391686,,
McFaline/DecoderOnly,McFaline,DecoderOnly,risk,B3_DeepSets,20260930,0,u87mg,41,41,0.8387120853294535,0.8198606271777005,0.03065209696009698,0.4444444444444444,0.02798495776951308,0.02860936832924679,0.031239721746671726,0.035780623398883264,0.13010971484027592,,
McFaline/DecoderOnly,McFaline,DecoderOnly,risk,B3_DeepSets,20260930,1,a172,38,38,0.8337075063005429,0.7999781157675895,0.02391949714229603,0.25,0.02028302568942305,0.0229554378893226,0.02411726450449538,0.028850246264305723,0.32710737246684035,,
McFaline/DecoderOnly,McFaline,DecoderOnly,risk,B3_DeepSets,20260930,1,t98g,38,38,0.7635765185787988,0.8630047051099682,0.020953804177937033,0.375,0.017374445218592847,0.01828221976757046,0.021337771788239437,0.02622878504311785,0.1350653029114684,,
McFaline/DecoderOnly,McFaline,DecoderOnly,risk,B3_DeepSets,20260930,1,u87mg,34,34,0.9319823289364664,0.9092436974789915,0.028275271327945634,0.1428571428571429,0.025910111609846326,0.025939679305468245,0.0281772448078674,0.03367086597707187,0.16594345360597118,,
McFaline/DecoderOnly,McFaline,DecoderOnly,risk,B3_DeepSets,20260930,2,a172,31,31,0.9177191274026432,0.8693548387096774,0.024470151861717252,0.1428571428571429,0.022059486247599076,0.023101090852703315,0.024761831271462094,0.029051599692388522,0.33718711451259853,,
McFaline/DecoderOnly,McFaline,DecoderOnly,risk,B3_DeepSets,20260930,2,t98g,32,32,0.96097787324796,0.883797653958944,0.02181002066684471,0.2857142857142857,0.019687721040099797,0.019988450354763383,0.021920060738921117,0.027195469300633348,0.14931332301562605,,
McFaline/DecoderOnly,McFaline,DecoderOnly,risk,B3_DeepSets,20260930,2,u87mg,34,34,0.9527963966987648,0.9025210084033612,0.029084111535796046,0.4285714285714286,0.026665523648262,0.027149956141199357,0.02903318131232958,0.03431201599722563,0.14753091654221417,,
McFaline/DecoderOnly,McFaline,DecoderOnly,risk,B3_DeepSets,20260930,3,a172,32,32,0.9624203350052857,0.9325513196480938,0.023556133601280314,0.2857142857142857,0.020041302777826724,0.021483134478330557,0.0240811556577682,0.02924547881044931,0.35408385669189035,,
McFaline/DecoderOnly,McFaline,DecoderOnly,risk,B3_DeepSets,20260930,3,t98g,38,38,0.8707349339428018,0.8332421490316226,0.02034816077143062,0.5,0.017675126902759027,0.019068408058956213,0.02037751802096236,0.02532120093281153,0.16303845694776578,,
McFaline/DecoderOnly,McFaline,DecoderOnly,risk,B3_DeepSets,20260930,3,u87mg,38,38,0.8771558562845136,0.8689134478608164,0.02816393965062124,0.125,0.02463998086750505,0.025818459689617122,0.0283988436782046,0.03285373838151572,0.17091722183801727,,
McFaline/DecoderOnly,McFaline,DecoderOnly,risk,B3_DeepSets,20260930,4,a172,38,38,0.890433920372127,0.8774482985009301,0.02277653938219201,0.25,0.019648707937449175,0.0209435615688562,0.02303043409789859,0.027672495411192724,0.3625332737118913,,
McFaline/DecoderOnly,McFaline,DecoderOnly,risk,B3_DeepSets,20260930,4,t98g,39,39,0.7975179454933853,0.8854251012145749,0.021142876987118916,0.25,0.01954059861600395,0.02014802279882129,0.02107995050027962,0.02538852667278782,0.18455290043417388,,
McFaline/DecoderOnly,McFaline,DecoderOnly,risk,B3_DeepSets,20260930,4,u87mg,35,35,0.9091007201477417,0.7941176470588235,0.02898996861784276,0.2857142857142857,0.025478411465883224,0.026995797508529214,0.029514082603984367,0.03401622138520563,0.1596264730605602,,
McFaline/DecoderOnly,McFaline,DecoderOnly,risk,B3_DeepSets,20260930,MACRO,MACRO,542,377,0.867475485978188,,0.024607107337916087,0.2944444444444444,0.02164465915411706,0.022785716099053496,0.02490284632997737,0.02963966065332755,0.2186501869858223,15.0,15.0
McFaline/DecoderOnly,McFaline,DecoderOnly,risk,B3_DeepSets,20261001,0,a172,33,33,0.755220601873584,0.8676470588235294,0.023727178198693556,0.4285714285714286,0.02033957280218595,0.021872163617185143,0.024115709807066312,0.028715517709712427,0.3526632255963029,,
McFaline/DecoderOnly,McFaline,DecoderOnly,risk,B3_DeepSets,20261001,0,t98g,41,41,0.7500761400587534,0.7609756097560977,0.021218425502284265,0.2222222222222222,0.017340914718806676,0.019429991125232575,0.022217933044192284,0.026298138911499715,0.13850124658160137,,
McFaline/DecoderOnly,McFaline,DecoderOnly,risk,B3_DeepSets,20261001,0,u87mg,41,41,0.8677707364018628,0.8233449477351917,0.030671016540781297,0.33333333333333337,0.02798495776951308,0.028892999101016212,0.031239721746671726,0.03577224686384892,0.13026465051258249,,
McFaline/DecoderOnly,McFaline,DecoderOnly,risk,B3_DeepSets,20261001,1,a172,38,38,0.8337075063005429,0.7910055804792647,0.02393227574403006,0.25,0.02028302568942305,0.022651332430541474,0.024187487501062806,0.028850842563231234,0.33065412026169627,,
McFaline/DecoderOnly,McFaline,DecoderOnly,risk,B3_DeepSets,20261001,1,t98g,38,38,0.7635765185787988,0.8529379582011161,0.020972202638999026,0.375,0.017374445218592847,0.01828221976757046,0.021337771788239437,0.026239922021711656,0.1342007372051221,,
McFaline/DecoderOnly,McFaline,DecoderOnly,risk,B3_DeepSets,20261001,1,u87mg,34,34,0.9319823289364664,0.9074102368220015,0.028284769464661474,0.1428571428571429,0.025910111609846326,0.025939679305468245,0.028177244807867402,0.03367638848538125,0.166137605461769,,
McFaline/DecoderOnly,McFaline,DecoderOnly,risk,B3_DeepSets,20261001,2,a172,31,31,0.9177191274026432,0.8641129032258066,0.02447457525719057,0.1428571428571429,0.022059486247599076,0.023101090852703312,0.024761831271462094,0.029048034502676748,0.33731496762665913,,
McFaline/DecoderOnly,McFaline,DecoderOnly,risk,B3_DeepSets,20261001,2,t98g,32,32,0.96097787324796,0.8823313782991202,0.02180733301548337,0.2857142857142857,0.019687721040099797,0.019988450354763383,0.021920060738921117,0.027180256653590695,0.1483698742772559,,
McFaline/DecoderOnly,McFaline,DecoderOnly,risk,B3_DeepSets,20261001,2,u87mg,34,34,0.943568196253081,0.8967150496562261,0.029130832075321057,0.4285714285714286,0.026665523648262,0.02737114205956457,0.02903318131232958,0.03430683853981494,0.1470817856264252,,
McFaline/DecoderOnly,McFaline,DecoderOnly,risk,B3_DeepSets,20261001,3,a172,32,32,0.9624203350052857,0.9307184750733138,0.02356972728632343,0.2857142857142857,0.020466289483010724,0.021483134478330557,0.0240811556577682,0.029260833564025687,0.35307181462743786,,
McFaline/DecoderOnly,McFaline,DecoderOnly,risk,B3_DeepSets,20261001,3,t98g,38,38,0.858026625545566,0.8306160411423569,0.020362552767849672,0.5,0.017675126902759027,0.019026873866096087,0.02037751802096236,0.025317007550873714,0.16055917454765908,,
McFaline/DecoderOnly,McFaline,DecoderOnly,risk,B3_DeepSets,20261001,3,u87mg,38,38,0.7897504349806596,0.8505306926359557,0.028223643707792966,0.25,0.025237980298697924,0.025818459689617122,0.0283988436782046,0.03284017245156216,0.16997268837800938,,
McFaline/DecoderOnly,McFaline,DecoderOnly,risk,B3_DeepSets,20261001,4,a172,38,38,0.8223670036628076,0.8645366013787066,0.022785071053723897,0.375,0.019048299174755777,0.020943561568856198,0.02303043409789859,0.02768614013218885,0.359805204203213,,
McFaline/DecoderOnly,McFaline,DecoderOnly,risk,B3_DeepSets,20261001,4,t98g,39,39,0.9175698986444114,0.886842105263158,0.02113908376219303,0.125,0.01954059861600395,0.02014802279882129,0.02107995050027962,0.025393682897754427,0.1853659215236748,,
McFaline/DecoderOnly,McFaline,DecoderOnly,risk,B3_DeepSets,20261001,4,u87mg,35,35,0.9091007201477417,0.7876750700280112,0.029009965005359607,0.2857142857142857,0.025478411465883224,0.026995797508529214,0.029514082603984373,0.03400280166759299,0.16091727748842918,,
McFaline/DecoderOnly,McFaline,DecoderOnly,risk,B3_DeepSets,20261001,MACRO,MACRO,542,377,0.8655889364693441,,0.024620576801379152,0.29537037037037034,0.02167283097902929,0.02279632790161972,0.024898195105127363,0.0296392549676977,0.21832535292785585,15.0,15.0
McFaline/DecoderOnly,McFaline,DecoderOnly,risk,B3_DeepSets,20261002,0,a172,33,33,0.8978581558829382,0.8746657754010696,0.023713835489524906,0.4285714285714286,0.02033957280218595,0.021872163617185143,0.024115709807066312,0.02871336534484641,0.3528741881874968,,
McFaline/DecoderOnly,McFaline,DecoderOnly,risk,B3_DeepSets,20261002,0,t98g,41,41,0.7500761400587526,0.7625435540069688,0.021217658226178018,0.2222222222222222,0.017340914718806676,0.019429991125232575,0.022140048666014506,0.02631216010897261,0.13864728957714817,,
McFaline/DecoderOnly,McFaline,DecoderOnly,risk,B3_DeepSets,20261002,0,u87mg,41,41,0.8677707364018628,0.8233449477351917,0.030716009696667233,0.33333333333333337,0.02798495776951308,0.02889299910101621,0.031239721746671726,0.035777642669124046,0.13007131154593263,,
McFaline/DecoderOnly,McFaline,DecoderOnly,risk,B3_DeepSets,20261002,1,a172,38,38,0.8337075063005429,0.7890359995623153,0.023961106121492517,0.25,0.02132527157664295,0.022651332430541474,0.024187487501062803,0.0288670674142133,0.3308866776292986,,
McFaline/DecoderOnly,McFaline,DecoderOnly,risk,B3_DeepSets,20261002,1,t98g,38,38,0.7179798949010822,0.8479045847466901,0.020965409493973394,0.375,0.017374445218592847,0.01828221976757046,0.021337771788239437,0.026231239140863682,0.1343821594736271,,
McFaline/DecoderOnly,McFaline,DecoderOnly,risk,B3_DeepSets,20261002,1,u87mg,34,34,0.9319823289364664,0.8988540870893811,0.028295183994894012,0.1428571428571429,0.025910111609846326,0.025939679305468245,0.0281772448078674,0.033673883976989505,0.16519629424445245,,
McFaline/DecoderOnly,McFaline,DecoderOnly,risk,B3_DeepSets,20261002,2,a172,31,31,0.7775251796890569,0.8536290322580645,0.024490358690205122,0.2857142857142857,0.022059486247599076,0.023101090852703312,0.024761831271462097,0.029043065130629656,0.3383116646604163,,
McFaline/DecoderOnly,McFaline,DecoderOnly,risk,B3_DeepSets,20261002,2,t98g,32,32,0.96097787324796,0.883797653958944,0.02181002066684471,0.2857142857142857,0.019687721040099797,0.019988450354763383,0.021920060738921117,0.02719402972866858,0.1484057536696933,,
McFaline/DecoderOnly,McFaline,DecoderOnly,risk,B3_DeepSets,20261002,2,u87mg,34,34,0.9527963966987648,0.9037433155080213,0.029075288129749507,0.4285714285714286,0.026665523648262,0.027149956141199357,0.029033181312329584,0.03431249705753707,0.14775300107408904,,
McFaline/DecoderOnly,McFaline,DecoderOnly,risk,B3_DeepSets,20261002,3,a172,32,32,0.9624203350052857,0.9369501466275659,0.02355308420141785,0.2857142857142857,0.020041302777826724,0.021483134478330557,0.023920987732708406,0.02925571823000924,0.3538162003063452,,
McFaline/DecoderOnly,McFaline,DecoderOnly,risk,B3_DeepSets,20261002,3,t98g,38,38,0.9078454613768895,0.8358682569208885,0.020344891211495384,0.375,0.017675126902759027,0.019026873866096087,0.02037751802096236,0.025311273712372923,0.16119000441131368,,
McFaline/DecoderOnly,McFaline,DecoderOnly,risk,B3_DeepSets,20261002,3,u87mg,38,38,0.7897504349806583,0.853813327497538,0.028182244502372902,0.25,0.02463998086750505,0.025818459689617122,0.028398843678204597,0.03284510940826339,0.16959075362391357,,
McFaline/DecoderOnly,McFaline,DecoderOnly,risk,B3_DeepSets,20261002,4,a172,38,38,0.8803854495512616,0.8732902943429258,0.022782322562844192,0.25,0.019648707937449175,0.0209435615688562,0.02304433433240961,0.027662599956163648,0.36207055285232176,,
McFaline/DecoderOnly,McFaline,DecoderOnly,risk,B3_DeepSets,20261002,4,t98g,39,39,0.7975179454933853,0.888663967611336,0.02113093847707189,0.25,0.01954059861600395,0.019988712389022077,0.02107995050027962,0.025386150595246442,0.18350424527652343,,
McFaline/DecoderOnly,McFaline,DecoderOnly,risk,B3_DeepSets,20261002,4,u87mg,35,35,0.8909029774284556,0.7669467787114846,0.029057809531752188,0.2857142857142857,0.025670928880572274,0.026995797508529214,0.029885266286631375,0.0340026565394472,0.15929087691628321,,
McFaline/DecoderOnly,McFaline,DecoderOnly,risk,B3_DeepSets,20261002,MACRO,MACRO,542,377,0.8612997877302243,,0.02461974406643225,0.2965608465608465,0.021726976707577658,0.022770961479742093,0.02490799721272206,0.029639230600889844,0.21839939822992366,15.0,15.0
McFaline/DecoderOnly,McFaline,DecoderOnly,risk,Magnitude,0,0,a172,33,33,-0.22353300772760692,-0.3452540106951872,0.029534977829218826,1.0,0.03176714107394213,0.03124727468405446,0.028235586907933694,0.028747099131617954,0.34443272863436636,,
McFaline/DecoderOnly,McFaline,DecoderOnly,risk,Magnitude,0,0,t98g,41,41,-0.12751783876464945,-0.35034843205574917,0.024983735187224302,0.8888888888888888,0.026038030162453603,0.026053588837385133,0.024731142402049995,0.02652099123505189,0.13869836997767118,,
McFaline/DecoderOnly,McFaline,DecoderOnly,risk,Magnitude,0,0,u87mg,41,41,-0.18206488277297023,-0.0348432055749129,0.03451928522198385,0.8888888888888888,0.03591466210782522,0.0339960476590527,0.034612657236201376,0.03579826534435304,0.1336444909913571,,
McFaline/DecoderOnly,McFaline,DecoderOnly,risk,Magnitude,0,1,a172,38,38,-0.19349049073739683,-0.2609694714957873,0.027842244678387678,0.875,0.027895025443285676,0.027058774605393365,0.028519530339460576,0.02883338156918293,0.3246920683982816,,
McFaline/DecoderOnly,McFaline,DecoderOnly,risk,Magnitude,0,1,t98g,38,38,0.22981751515623397,-0.010176168070904913,0.02433498738285827,0.625,0.0225456058979034,0.023628947325050786,0.024303589114233026,0.026458686271866916,0.1309593387980504,,
McFaline/DecoderOnly,McFaline,DecoderOnly,risk,Magnitude,0,1,u87mg,34,34,0.003142763923047703,-0.012070282658517952,0.032217262065086516,0.7142857142857143,0.029497401788830726,0.031294082424470335,0.03333730338250886,0.03368734018898356,0.17142247996428409,,
McFaline/DecoderOnly,McFaline,DecoderOnly,risk,Magnitude,0,2,a172,31,31,0.18268583001942648,0.16814516129032261,0.02708482907736138,0.8571428571428572,0.02707606321200725,0.02721590894673547,0.025938737322576292,0.02907184723259589,0.33174193419449743,,
McFaline/DecoderOnly,McFaline,DecoderOnly,risk,Magnitude,0,2,t98g,32,32,-0.0003066826324215951,0.11656891495601172,0.025043766830011187,0.7142857142857143,0.026792370714247178,0.02569617730166226,0.024195202859118532,0.02731854713661202,0.14968391888380422,,
McFaline/DecoderOnly,McFaline,DecoderOnly,risk,Magnitude,0,2,u87mg,34,34,0.11603912407019315,0.18227654698242934,0.032103445162103006,0.8571428571428572,0.031723224092274876,0.03109081328979557,0.03094951172961903,0.03433678844708436,0.1526111259806625,,
McFaline/DecoderOnly,McFaline,DecoderOnly,risk,Magnitude,0,3,a172,32,32,-0.12426081492996645,-0.2851906158357771,0.029325141979219073,0.8571428571428572,0.03264506626874203,0.030788920021482813,0.027640462969429735,0.02933375573472019,0.3470060090449327,,
McFaline/DecoderOnly,McFaline,DecoderOnly,risk,Magnitude,0,3,t98g,38,38,0.34525898254777554,0.10537257905678957,0.02370152770291184,0.625,0.025595429819077198,0.025055565871298265,0.022441316984201685,0.025558427456820326,0.1599675543658924,,
McFaline/DecoderOnly,McFaline,DecoderOnly,risk,Magnitude,0,3,u87mg,38,38,-0.10051387476358419,-0.3296859612649086,0.0327887495495987,0.875,0.033758600708097206,0.035538104595616425,0.03293669625724613,0.03285722335343816,0.1771946515651905,,
McFaline/DecoderOnly,McFaline,DecoderOnly,risk,Magnitude,0,4,a172,38,38,-0.2422155999890528,-0.2421490316227158,0.0271851814796635,1.0,0.02770398464053865,0.030008211731910664,0.02679455103842831,0.027751719500436277,0.3534019809577837,,
McFaline/DecoderOnly,McFaline,DecoderOnly,risk,Magnitude,0,4,t98g,39,39,0.26737206392433577,0.152834008097166,0.02319536836173957,0.75,0.020609997678548073,0.023001954890787563,0.023759251460432965,0.02555305815336866,0.1843102361367332,,
McFaline/DecoderOnly,McFaline,DecoderOnly,risk,Magnitude,0,4,u87mg,35,35,-0.07878089097036577,-0.12324929971988796,0.033807853672154956,0.8571428571428572,0.03352993354201313,0.03642882992114334,0.033929168557127264,0.03401460504754447,0.16480797219158502,,
McFaline/DecoderOnly,McFaline,DecoderOnly,risk,Magnitude,0,MACRO,MACRO,542,377,-0.008557853576466786,,0.02851122374530151,0.8256613756613758,0.028872835809985755,0.029206880140389278,0.028154980570704494,0.029722782386911773,0.21763832400567282,15.0,15.0
McFaline/DecoderOnly,McFaline,DecoderOnly,risk,NearestControl,0,0,a172,33,33,0.2961346458435213,0.7209224598930483,0.024438243812547836,0.7142857142857143,0.0210600509308278,0.02179513738623683,0.025358125677003542,0.04724844183596794,0.1960455768803797,,
McFaline/DecoderOnly,McFaline,DecoderOnly,risk,NearestControl,0,0,t98g,41,41,0.7502381807133096,0.8026132404181187,0.021209662891036467,0.2222222222222222,0.01734091471880668,0.01974081134216647,0.02181683006208562,0.0377699708277551,0.04758823796764485,,
McFaline/DecoderOnly,McFaline,DecoderOnly,risk,NearestControl,0,0,u87mg,41,41,0.9149898651059097,0.8123693379790943,0.030757138574448516,0.2222222222222222,0.02755403965711588,0.028397543769743665,0.030974781229382426,0.0434937361552825,0.06716603981589203,,
McFaline/DecoderOnly,McFaline,DecoderOnly,risk,NearestControl,0,1,a172,38,38,0.7221217623146585,0.6796148375095743,0.024170774242763787,0.375,0.020789086818695027,0.023230927530676085,0.024451500883227856,0.04667428216037566,0.18960315309288714,,
McFaline/DecoderOnly,McFaline,DecoderOnly,risk,NearestControl,0,1,t98g,38,38,0.9447043471294319,0.8358682569208885,0.02099595951541151,0.125,0.017374445218592847,0.01828221976757046,0.02155667641445206,0.037331293376273174,0.06273065399696072,,
McFaline/DecoderOnly,McFaline,DecoderOnly,risk,NearestControl,0,1,u87mg,34,34,0.9391735313876309,0.8707410236822001,0.0283197981106439,0.1428571428571429,0.02469974569976325,0.026711248127477456,0.028643191189450336,0.04079729481386626,0.09386969221584668,,
McFaline/DecoderOnly,McFaline,DecoderOnly,risk,NearestControl,0,2,a172,31,31,0.8478201860706043,0.775,0.0247331808973942,0.2857142857142857,0.021754905581474276,0.023101090852703312,0.024927659425884437,0.048086232928905834,0.20320592993536943,,
McFaline/DecoderOnly,McFaline,DecoderOnly,risk,NearestControl,0,2,t98g,32,32,0.8640600807564379,0.7712609970674487,0.022238559236430727,0.2857142857142857,0.0200803554616868,0.020688427878277602,0.022200264967977952,0.03890358348255343,0.045770861230139154,,
McFaline/DecoderOnly,McFaline,DecoderOnly,risk,NearestControl,0,2,u87mg,34,34,0.894624371559936,0.8624904507257447,0.02934461457943785,0.4285714285714286,0.027580304071307148,0.027830409418259316,0.029385644175550472,0.042107397928812275,0.08197572070014832,,
McFaline/DecoderOnly,McFaline,DecoderOnly,risk,NearestControl,0,3,a172,32,32,0.6967530590801777,0.689882697947214,0.024318824206231916,0.5714285714285714,0.021943398751318375,0.022604320730481773,0.024550531408749462,0.04610942736072023,0.20609998290514614,,
McFaline/DecoderOnly,McFaline,DecoderOnly,risk,NearestControl,0,3,t98g,38,38,0.8395379948978505,0.8056680161943319,0.020406641263252864,0.625,0.01805979479104275,0.019422892713919226,0.020787046339951012,0.03636251171980849,0.06544854767147305,,
McFaline/DecoderOnly,McFaline,DecoderOnly,risk,NearestControl,0,3,u87mg,38,38,0.7274449521142771,0.8319290950869898,0.02821567936006082,0.375,0.02463998086750505,0.02540626400150356,0.028825322460187073,0.04030997081354805,0.08994123560303621,,
McFaline/DecoderOnly,McFaline,DecoderOnly,risk,NearestControl,0,4,a172,38,38,0.8199199306582147,0.6708611445453551,0.023203609921032424,0.25,0.019048299174755777,0.021662054816260885,0.023882908942668014,0.04489397252372077,0.22374896545166995,,
McFaline/DecoderOnly,McFaline,DecoderOnly,risk,NearestControl,0,4,t98g,39,39,0.8144299063433842,0.8469635627530364,0.021197457379507727,0.25,0.019488697871565777,0.02004313212819394,0.02128253569826479,0.03684329866643506,0.05750831093744159,,
McFaline/DecoderOnly,McFaline,DecoderOnly,risk,NearestControl,0,4,u87mg,35,35,0.8652121836436176,0.7792717086834735,0.029090400149007305,0.2857142857142857,0.025995340663939673,0.026879111038786967,0.030069955417679373,0.04171972524493262,0.08455279359976693,,
McFaline/DecoderOnly,McFaline,DecoderOnly,risk,NearestControl,0,MACRO,MACRO,542,377,0.7958109998412641,,0.02484270294261386,0.3439153439153439,0.021827290685226472,0.023053039433483836,0.025247531619500958,0.04191007598926382,0.11435038013358681,15.0,15.0
McFaline/DecoderOnly,McFaline,DecoderOnly,risk,NegativeHistorySupport,0,0,a172,33,33,0.9437578360899299,0.8194200747252155,0.023813957248842214,0.2857142857142857,0.021562155801802825,0.02198694034346507,0.02440668872612359,0.028747099131617954,0.34443272863436636,,
McFaline/DecoderOnly,McFaline,DecoderOnly,risk,NegativeHistorySupport,0,0,t98g,41,41,0.7651992638131904,0.7688488181865043,0.02120724143574549,0.33333333333333337,0.017340914718806676,0.019448670765591935,0.022149555429461405,0.02652099123505189,0.13869836997767118,,
McFaline/DecoderOnly,McFaline,DecoderOnly,risk,NegativeHistorySupport,0,0,u87mg,41,41,0.8599520657511808,0.8077877964019324,0.030674109581896255,0.2222222222222222,0.02755403965711588,0.02860936832924679,0.03135503952701882,0.03579826534435304,0.1336444909913571,,
McFaline/DecoderOnly,McFaline,DecoderOnly,risk,NegativeHistorySupport,0,1,a172,38,38,0.8337075063005429,0.7773035721745879,0.02398866831219999,0.25,0.021100827492773474,0.023021004861220665,0.024521104991435963,0.02883338156918293,0.3246920683982816,,
McFaline/DecoderOnly,McFaline,DecoderOnly,risk,NegativeHistorySupport,0,1,t98g,38,38,0.7410269474691771,0.8109646015311806,0.02104488586373711,0.375,0.017595699056982952,0.01828221976757046,0.021329607912584314,0.026458686271866916,0.1309593387980504,,
McFaline/DecoderOnly,McFaline,DecoderOnly,risk,NegativeHistorySupport,0,1,u87mg,34,34,0.8956704282007417,0.8817417876241405,0.028453066328514492,0.1428571428571429,0.025910111609846326,0.0267709520246301,0.028165195027694944,0.03368734018898356,0.17142247996428409,,
McFaline/DecoderOnly,McFaline,DecoderOnly,risk,NegativeHistorySupport,0,2,a172,31,31,0.7030563166690184,0.8419354838709677,0.024528413397703168,0.4285714285714286,0.0222382280044257,0.022928726992436758,0.024616053909994613,0.02907184723259589,0.33174193419449743,,
McFaline/DecoderOnly,McFaline,DecoderOnly,risk,NegativeHistorySupport,0,2,t98g,32,32,0.8434045296825168,0.8760997067448679,0.02182342142275065,0.4285714285714286,0.019687721040099797,0.01988045578556396,0.021920060738921117,0.02731854713661202,0.14968391888380422,,
McFaline/DecoderOnly,McFaline,DecoderOnly,risk,NegativeHistorySupport,0,2,u87mg,34,34,0.9202561462773682,0.8758499528961328,0.029258018494409337,0.4285714285714286,0.026934943627566075,0.027160898649266758,0.029334742795018548,0.03433678844708436,0.1526111259806625,,
McFaline/DecoderOnly,McFaline,DecoderOnly,risk,NegativeHistorySupport,0,3,a172,32,32,0.9624203350052857,0.9175219941348972,0.023627108813064096,0.2857142857142857,0.020777540747076224,0.021721965234194427,0.02402378944680089,0.02933375573472019,0.3470060090449327,,
McFaline/DecoderOnly,McFaline,DecoderOnly,risk,NegativeHistorySupport,0,3,t98g,38,38,0.7735611416258339,0.7890791717232953,0.02044428687699285,0.5,0.01805935846641655,0.019009741256013464,0.020658883413201833,0.025558427456820326,0.1599675543658924,,
McFaline/DecoderOnly,McFaline,DecoderOnly,risk,NegativeHistorySupport,0,3,u87mg,38,38,0.7302387021807177,0.8481234270707955,0.02816271798316449,0.375,0.024015018716454475,0.025582651142030923,0.02846891266342837,0.03285722335343816,0.1771946515651905,,
McFaline/DecoderOnly,McFaline,DecoderOnly,risk,NegativeHistorySupport,0,4,a172,38,38,0.8086701473036673,0.8253638253638254,0.022936901551241867,0.375,0.0199808604083955,0.0212975682225078,0.023426992720679184,0.027751719500436277,0.3534019809577837,,
McFaline/DecoderOnly,McFaline,DecoderOnly,risk,NegativeHistorySupport,0,4,t98g,39,39,0.8905601083253109,0.8888663967611337,0.02112822685968224,0.25,0.019266989082097973,0.019848275929689376,0.021023112628608898,0.02555305815336866,0.1843102361367332,,
McFaline/DecoderOnly,McFaline,DecoderOnly,risk,NegativeHistorySupport,0,4,u87mg,35,35,0.8909029774284548,0.7980392156862747,0.028992993857226663,0.2857142857142857,0.025478411465883227,0.027126450357692542,0.029514082603984367,0.03401460504754447,0.16480797219158502,,
McFaline/DecoderOnly,McFaline,DecoderOnly,risk,NegativeHistorySupport,0,MACRO,MACRO,542,377,0.8374922968081956,,0.024672267868478058,0.33108465608465615,0.021833521326382905,0.0228450593107414,0.02499425483566379,0.029722782386911773,0.21763832400567282,15.0,15.0
McFaline/DecoderOnly,McFaline,DecoderOnly,risk,SameConditionSupport,0,0,a172,33,33,0.5707341706526377,0.7937834224598931,0.02405091770664338,0.5714285714285714,0.021770616527646725,0.02229872984545566,0.024198832866900066,0.03573399601922784,0.1610864817912046,,
McFaline/DecoderOnly,McFaline,DecoderOnly,risk,SameConditionSupport,0,0,t98g,41,41,0.6445679954730265,0.6083623693379793,0.02147486441915348,0.4444444444444444,0.017340914718806676,0.02005819862501483,0.022148301780578576,0.030976574635191885,0.0918081427867413,,
McFaline/DecoderOnly,McFaline,DecoderOnly,risk,SameConditionSupport,0,0,u87mg,41,41,0.5435268645301343,0.7090592334494775,0.03108404795792972,0.5555555555555556,0.028074980527162497,0.02911565080285068,0.03165581148295171,0.041223987152380154,0.054063655901636906,,
McFaline/DecoderOnly,McFaline,DecoderOnly,risk,SameConditionSupport,0,1,a172,38,38,0.57461779349753,0.7754677754677753,0.02407026668142284,0.5,0.020750235300511073,0.02284164354205126,0.024122508928963973,0.036410901558763344,0.15152776085226224,,
McFaline/DecoderOnly,McFaline,DecoderOnly,risk,SameConditionSupport,0,1,t98g,38,38,0.6629024379825351,0.7783127256811466,0.02110221232878058,0.5,0.01737444521859285,0.01828221976757046,0.021657168767169856,0.030864440464741915,0.08572488756054726,,
McFaline/DecoderOnly,McFaline,DecoderOnly,risk,SameConditionSupport,0,1,u87mg,34,34,0.634222768238569,0.8282658517952636,0.028645905888092453,0.2857142857142857,0.025910111609846326,0.02620535636586797,0.029714920064982206,0.0384367045062947,0.0793128649478193,,
McFaline/DecoderOnly,McFaline,DecoderOnly,risk,SameConditionSupport,0,2,a172,31,31,0.7777497595839905,0.8362903225806452,0.024625122228011918,0.2857142857142857,0.0228815549053251,0.022928726992436758,0.024530730326659922,0.03589928584307309,0.14773620091149273,,
McFaline/DecoderOnly,McFaline,DecoderOnly,risk,SameConditionSupport,0,2,t98g,32,32,0.8696172116210515,0.7969208211143693,0.022171777527746746,0.2857142857142857,0.0205315221101045,0.021403797236936386,0.022016055532731067,0.03167801568452874,0.10079642079835888,,
McFaline/DecoderOnly,McFaline,DecoderOnly,risk,SameConditionSupport,0,2,u87mg,34,34,0.943568196253081,0.8334606569900688,0.029270223552224146,0.4285714285714286,0.0268266927450895,0.02737114205956457,0.02950921172604836,0.039582593279691776,0.0756934309269595,,
McFaline/DecoderOnly,McFaline,DecoderOnly,risk,SameConditionSupport,0,3,a172,32,32,0.7919622908869199,0.7683284457478005,0.02394783490033743,0.4285714285714286,0.02131136273965235,0.022269855918628782,0.02469103725161398,0.03677622284347299,0.14673840920645992,,
McFaline/DecoderOnly,McFaline,DecoderOnly,risk,SameConditionSupport,0,3,t98g,38,38,0.7632057990121818,0.7505197505197505,0.020519667327021814,0.5,0.018578545190393876,0.019286508439108674,0.020623577268500025,0.0301466152516905,0.10599728390405916,,
McFaline/DecoderOnly,McFaline,DecoderOnly,risk,SameConditionSupport,0,3,u87mg,38,38,0.6650799523607168,0.7371703687493162,0.0285109668138669,0.375,0.025534726679325076,0.026598048163577873,0.028835954830834704,0.03764455232707189,0.0869450227332168,,
McFaline/DecoderOnly,McFaline,DecoderOnly,risk,SameConditionSupport,0,4,a172,38,38,0.713957544985685,0.8144217091585513,0.02297965525411259,0.5,0.01991923665627835,0.02132179727777835,0.023091240148795225,0.03445573067830971,0.15431152639865808,,
McFaline/DecoderOnly,McFaline,DecoderOnly,risk,SameConditionSupport,0,4,t98g,39,39,0.728846795697009,0.7165991902834008,0.02160188022154947,0.375,0.020625793840736102,0.020616169553250026,0.021557651087641672,0.029889892789721182,0.1230718423261073,,
McFaline/DecoderOnly,McFaline,DecoderOnly,risk,SameConditionSupport,0,4,u87mg,35,35,0.7107773439961746,0.6994397759103641,0.02928187330374534,0.4285714285714286,0.02724565612152215,0.027714374076042818,0.029399648515714503,0.03891984511024408,0.08045185131049075,,
McFaline/DecoderOnly,McFaline,DecoderOnly,risk,SameConditionSupport,0,MACRO,MACRO,542,377,0.7063557949847495,,0.024889147740709255,0.430952380952381,0.02231175965939954,0.02322081457774234,0.025183510038672394,0.03524262387629359,0.10968438549040098,15.0,15.0
McFaline/DecoderOnly,McFaline,DecoderOnly,risk,SameContextSupport,0,0,a172,33,33,0.8152742432558155,0.8850267379679144,0.02368446826584084,0.4285714285714286,0.020969495642930224,0.021872163617185143,0.024244603098315304,0.031143383629912553,0.31085485248077294,,
McFaline/DecoderOnly,McFaline,DecoderOnly,risk,SameContextSupport,0,0,t98g,41,41,0.7500761400587534,0.8040069686411152,0.02116801483519335,0.2222222222222222,0.017340914718806676,0.019536251719627053,0.021908735191183377,0.02890890679086947,0.10598928437067807,,
McFaline/DecoderOnly,McFaline,DecoderOnly,risk,SameContextSupport,0,0,u87mg,41,41,0.9166475195859795,0.812891986062718,0.03068436059031302,0.2222222222222222,0.02755403965711588,0.02860936832924679,0.030929840746379986,0.03816505218963424,0.10019206895233146,,
McFaline/DecoderOnly,McFaline,DecoderOnly,risk,SameContextSupport,0,1,a172,38,38,0.8960870166065346,0.8001969580916948,0.023968988572525513,0.125,0.02149433642625805,0.022696636384353,0.02418798335680832,0.03129072924342043,0.2800341512403438,,
McFaline/DecoderOnly,McFaline,DecoderOnly,risk,SameContextSupport,0,1,t98g,38,38,0.9447043471294319,0.8886092570303098,0.020922258019276902,0.125,0.017374445218592847,0.01828221976757046,0.021412326513152332,0.028717332865638327,0.11151522472635104,,
McFaline/DecoderOnly,McFaline,DecoderOnly,risk,SameContextSupport,0,1,u87mg,34,34,0.8498888870234321,0.8906035141329259,0.02824626009624036,0.2857142857142857,0.024812680203467573,0.025939679305468248,0.02823898075696296,0.03582660804639104,0.13007932596542035,,
McFaline/DecoderOnly,McFaline,DecoderOnly,risk,SameContextSupport,0,2,a172,31,31,0.7804291569630712,0.8584677419354839,0.02451191236858918,0.2857142857142857,0.021754905581474276,0.02313588559627528,0.02466890704818065,0.03143226705744689,0.28896612804596855,,
McFaline/DecoderOnly,McFaline,DecoderOnly,risk,SameContextSupport,0,2,t98g,32,32,0.96097787324796,0.883797653958944,0.02180124977035784,0.2857142857142857,0.01979983132332557,0.0203125482159001,0.022008777596056413,0.030258356661640368,0.10678078922843261,,
McFaline/DecoderOnly,McFaline,DecoderOnly,risk,SameContextSupport,0,2,u87mg,34,34,0.8605952531744713,0.9288006111535523,0.0289317105581932,0.4285714285714286,0.0255546881817281,0.0268190266298396,0.02915978519355545,0.036828926978777175,0.11070779651959589,,
McFaline/DecoderOnly,McFaline,DecoderOnly,risk,SameContextSupport,0,3,a172,32,32,0.9286659880462758,0.9024926686217009,0.023609628797275836,0.2857142857142857,0.020041302777826724,0.02170419214027263,0.024199462728574817,0.03113364394148599,0.323516923960929,,
McFaline/DecoderOnly,McFaline,DecoderOnly,risk,SameContextSupport,0,3,t98g,38,38,0.895287675770676,0.8623481781376517,0.020290606068381376,0.375,0.01802286086603995,0.019138321280479376,0.020377518020962365,0.02791351885349632,0.12707445393597885,,
McFaline/DecoderOnly,McFaline,DecoderOnly,risk,SameContextSupport,0,3,u87mg,38,38,0.8837355729937999,0.9041470620417988,0.028077438834083895,0.25,0.02463998086750505,0.02554438612423835,0.02844595575803201,0.035113753985191495,0.13391623721920176,,
McFaline/DecoderOnly,McFaline,DecoderOnly,risk,SameContextSupport,0,4,a172,38,38,0.8044660059206539,0.8481234270707955,0.02279398616177461,0.375,0.019048299174755777,0.021019296720623915,0.02313433734602045,0.02956807683723646,0.3273790554975005,,
McFaline/DecoderOnly,McFaline,DecoderOnly,risk,SameContextSupport,0,4,t98g,39,39,0.8232101829330827,0.8858299595141701,0.02110212200798436,0.25,0.01900923391804095,0.0197691707871854,0.02122662197798486,0.028139016848759135,0.13473888106752882,,
McFaline/DecoderOnly,McFaline,DecoderOnly,risk,SameContextSupport,0,4,u87mg,35,35,0.9725811352680231,0.8246498599439777,0.02891327221577479,0.1428571428571429,0.025178584735840524,0.026632315080080675,0.02950103467123371,0.03653477006216207,0.12119824147851822,,
McFaline/DecoderOnly,McFaline,DecoderOnly,risk,SameContextSupport,0,MACRO,MACRO,542,377,0.8721751331985307,,0.024580418477453677,0.27248677248677244,0.021506373286247212,0.0227340974465564,0.024909658000226865,0.03206495626613746,0.18086289431263677,15.0,15.0
McFaline/DecoderOnly,McFaline,DecoderOnly,direct_risk,AlignmentControl_OldGuideMean,0,0,a172,33,33,0.7971483108314384,0.7413101604278075,0.023951297518833726,0.4285714285714286,0.02184268739074465,0.022322934653077758,0.02445361127748204,0.02939807669562618,0.31207293086688165,,
McFaline/DecoderOnly,McFaline,DecoderOnly,direct_risk,AlignmentControl_OldGuideMean,0,0,t98g,41,41,0.5438062876376125,0.6081881533101047,0.021485484214781685,0.5555555555555556,0.017759274132549702,0.019742098016043434,0.022359952995819648,0.02715908084648491,0.1242383922116787,,
McFaline/DecoderOnly,McFaline,DecoderOnly,direct_risk,AlignmentControl_OldGuideMean,0,0,u87mg,41,41,0.7128703644238338,0.6881533101045297,0.03128229342917491,0.4444444444444444,0.02848015241324896,0.028460903300179325,0.03167921836887083,0.0362582350944509,0.11977235394928695,,
McFaline/DecoderOnly,McFaline,DecoderOnly,direct_risk,AlignmentControl_OldGuideMean,0,1,a172,38,38,0.5505091627950747,0.7538023853813327,0.02401684520650353,0.5,0.020600443240255076,0.022322272416204176,0.02422100354574224,0.02940501507517924,0.30338565128415834,,
McFaline/DecoderOnly,McFaline,DecoderOnly,direct_risk,AlignmentControl_OldGuideMean,0,1,t98g,38,38,0.5517065669915023,0.6544479702374439,0.021623948687996938,0.75,0.017706477548927024,0.019758199574425775,0.021961115300655327,0.02703831370981946,0.12169648096510648,,
McFaline/DecoderOnly,McFaline,DecoderOnly,direct_risk,AlignmentControl_OldGuideMean,0,1,u87mg,34,34,0.4171287198560663,0.6886172650878534,0.0290495623979457,0.5714285714285714,0.025516185909509603,0.027031251628484,0.028655198895755896,0.03404491054775748,0.16290058061461155,,
McFaline/DecoderOnly,McFaline,DecoderOnly,direct_risk,AlignmentControl_OldGuideMean,0,2,a172,31,31,0.6372469628159978,0.7971774193548389,0.02487283117655713,0.4285714285714286,0.02254631556570525,0.023093938561422445,0.024943003430962514,0.029708490800917812,0.2992812082982134,,
McFaline/DecoderOnly,McFaline,DecoderOnly,direct_risk,AlignmentControl_OldGuideMean,0,2,t98g,32,32,0.8245822511903486,0.7346041055718474,0.022356484817044473,0.4285714285714286,0.020483949687331877,0.020805594112191825,0.0223796697100624,0.02786239455206446,0.13874976415113824,,
McFaline/DecoderOnly,McFaline,DecoderOnly,direct_risk,AlignmentControl_OldGuideMean,0,2,u87mg,34,34,0.9202561462773682,0.8860198624904505,0.02916213947531837,0.4285714285714286,0.026665523648262,0.02769984065421987,0.029214130604968306,0.03469384899174765,0.14411742429772953,,
McFaline/DecoderOnly,McFaline,DecoderOnly,direct_risk,AlignmentControl_OldGuideMean,0,3,a172,32,32,0.8192654256085834,0.7287390029325512,0.024046482031746065,0.5714285714285714,0.020598250441253123,0.021919648029974488,0.024809161317534693,0.03004769431454283,0.31917050647317907,,
McFaline/DecoderOnly,McFaline,DecoderOnly,direct_risk,AlignmentControl_OldGuideMean,0,3,t98g,38,38,0.8057404744802826,0.7555531239741766,0.020645535897138963,0.5,0.01928654778748745,0.019452470121905152,0.020480140945629017,0.02630550569376363,0.1435726136971159,,
McFaline/DecoderOnly,McFaline,DecoderOnly,direct_risk,AlignmentControl_OldGuideMean,0,3,u87mg,38,38,0.4825224915846808,0.6603567129882919,0.028603474946545956,0.625,0.024901854339986998,0.026032949099317162,0.029260221770719436,0.033297008335944824,0.162792038034289,,
McFaline/DecoderOnly,McFaline,DecoderOnly,direct_risk,AlignmentControl_OldGuideMean,0,4,a172,38,38,0.6869867315918573,0.7664952401794506,0.02328647072654177,0.5,0.0214234269224107,0.021786766592413152,0.023237299762274042,0.028193610506512437,0.33150623257565637,,
McFaline/DecoderOnly,McFaline,DecoderOnly,direct_risk,AlignmentControl_OldGuideMean,0,4,t98g,39,39,0.8041867019778869,0.8172064777327935,0.021387907823551846,0.375,0.020320723298937048,0.019949110457673638,0.021414505597203932,0.02599741026693575,0.17383778651173168,,
McFaline/DecoderOnly,McFaline,DecoderOnly,direct_risk,AlignmentControl_OldGuideMean,0,4,u87mg,35,35,0.9287146198298502,0.7215686274509805,0.02921308220235586,0.1428571428571429,0.02542239381000395,0.027263236365147957,0.029941843098236404,0.03435599255447484,0.156507223438215,,
McFaline/DecoderOnly,McFaline,DecoderOnly,direct_risk,AlignmentControl_OldGuideMean,0,MACRO,MACRO,542,377,0.6988447478594924,,0.02499892270346913,0.4833333333333334,0.022236947075774224,0.023176080905512,0.025267338441461114,0.030251039199081498,0.20090674582459941,15.0,15.0
McFaline/DecoderOnly,McFaline,DecoderOnly,direct_risk,B0_SupportMean,0,0,a172,33,33,0.8906519187018542,0.8018048128342247,0.023761631426674482,0.2857142857142857,0.02050219895318145,0.021986940343465072,0.024497406885904377,0.028747099131617954,0.34443272863436636,,
McFaline/DecoderOnly,McFaline,DecoderOnly,direct_risk,B0_SupportMean,0,0,t98g,41,41,0.7208331509210997,0.6489547038327528,0.02145027570972267,0.33333333333333337,0.018135753832757416,0.019812253096865223,0.02230975355598182,0.02652099123505189,0.13869836997767118,,
McFaline/DecoderOnly,McFaline,DecoderOnly,direct_risk,B0_SupportMean,0,0,u87mg,41,41,0.8387120853294535,0.7747386759581883,0.030780732794171723,0.4444444444444444,0.028275715187191918,0.028445773861474413,0.0316996730509258,0.03579826534435304,0.1336444909913571,,
McFaline/DecoderOnly,McFaline,DecoderOnly,direct_risk,B0_SupportMean,0,1,a172,38,38,0.7589226804899956,0.8085129664077032,0.02395630597992483,0.375,0.021176918875426026,0.022594800917431677,0.024098600604032173,0.02883338156918293,0.3246920683982816,,
McFaline/DecoderOnly,McFaline,DecoderOnly,direct_risk,B0_SupportMean,0,1,t98g,38,38,0.6297975214909993,0.6697669329248277,0.02140685030064688,0.5,0.017706477548927024,0.019104848150163847,0.022061834111809696,0.026458686271866916,0.1309593387980504,,
McFaline/DecoderOnly,McFaline,DecoderOnly,direct_risk,B0_SupportMean,0,1,u87mg,34,34,0.6724290570697887,0.7573720397249809,0.02864511855967025,0.2857142857142857,0.025965562555938924,0.026810926252177743,0.02894468441167294,0.03368734018898356,0.17142247996428409,,
McFaline/DecoderOnly,McFaline,DecoderOnly,direct_risk,B0_SupportMean,0,2,a172,31,31,0.8933950671662476,0.8302419354838709,0.02476891559300636,0.2857142857142857,0.023224353790283127,0.023104777027453643,0.024602388846687924,0.02907184723259589,0.33174193419449743,,
McFaline/DecoderOnly,McFaline,DecoderOnly,direct_risk,B0_SupportMean,0,2,t98g,32,32,0.789235561728548,0.787390029325513,0.02218579933213059,0.4285714285714286,0.020483949687331877,0.019868916166680156,0.02194053400307889,0.02731854713661202,0.14968391888380422,,
McFaline/DecoderOnly,McFaline,DecoderOnly,direct_risk,B0_SupportMean,0,2,u87mg,34,34,0.9202561462773682,0.8441558441558441,0.029277233500144755,0.4285714285714286,0.026845842134207452,0.02804171267364703,0.029168476953225934,0.03433678844708436,0.1526111259806625,,
McFaline/DecoderOnly,McFaline,DecoderOnly,direct_risk,B0_SupportMean,0,3,a172,32,32,0.9461515224441798,0.8665689149560116,0.02373703294586095,0.4285714285714286,0.020352554041892228,0.021838561232600844,0.024210105882957522,0.02933375573472019,0.3470060090449327,,
McFaline/DecoderOnly,McFaline,DecoderOnly,direct_risk,B0_SupportMean,0,3,t98g,38,38,0.7451615561170933,0.7225079330342488,0.020695890589742628,0.5,0.019146721344441127,0.019432448083534788,0.020546229752270755,0.025558427456820326,0.1599675543658924,,
McFaline/DecoderOnly,McFaline,DecoderOnly,direct_risk,B0_SupportMean,0,3,u87mg,38,38,0.5041891351640571,0.6787394682131523,0.02867715567291554,0.5,0.02613272611051795,0.026120151393115486,0.029427239377247626,0.03285722335343816,0.1771946515651905,,
McFaline/DecoderOnly,McFaline,DecoderOnly,direct_risk,B0_SupportMean,0,4,a172,38,38,0.8403154427036633,0.8430900536163695,0.022946211128936845,0.25,0.020096553955227102,0.0216309959068894,0.02304134655155629,0.027751719500436277,0.3534019809577837,,
McFaline/DecoderOnly,McFaline,DecoderOnly,direct_risk,B0_SupportMean,0,4,t98g,39,39,0.49721370889912714,0.7200404858299595,0.02157070799429367,0.625,0.0193360396660864,0.020187526009976822,0.02163869561627503,0.02555305815336866,0.1843102361367332,,
McFaline/DecoderOnly,McFaline,DecoderOnly,direct_risk,B0_SupportMean,0,4,u87mg,35,35,0.8624593663794654,0.5904761904761905,0.029704952354358126,0.2857142857142857,0.02670406270772215,0.02821591150547773,0.030085306304196466,0.03401460504754447,0.16480797219158502,,
McFaline/DecoderOnly,McFaline,DecoderOnly,direct_risk,B0_SupportMean,0,MACRO,MACRO,542,377,0.7673149280588626,,0.02490432092548002,0.3970899470899471,0.022272362026075472,0.023146436174730257,0.025218151727188217,0.029722782386911773,0.21763832400567282,15.0,15.0
McFaline/DecoderOnly,McFaline,DecoderOnly,direct_risk,B1_HGB,0,0,a172,33,33,0.8906519187018542,0.8315508021390374,0.023740241762493335,0.2857142857142857,0.02050219895318145,0.021986940343465072,0.0242317731985274,0.028782677210277864,0.34351569053150466,,
McFaline/DecoderOnly,McFaline,DecoderOnly,direct_risk,B1_HGB,0,0,t98g,41,41,0.6410201295727895,0.6831010452961674,0.021396607141632832,0.33333333333333337,0.01802806314080948,0.019812253096865223,0.022194089678426527,0.026531259460023278,0.13955678216291,,
McFaline/DecoderOnly,McFaline,DecoderOnly,direct_risk,B1_HGB,0,0,u87mg,41,41,0.8387120853294535,0.8158536585365855,0.03075163187726405,0.4444444444444444,0.02755403965711588,0.028250492488344468,0.030859424776974138,0.03584268967247527,0.1322200035273021,,
McFaline/DecoderOnly,McFaline,DecoderOnly,direct_risk,B1_HGB,0,1,a172,38,38,0.7589226804899956,0.7791880949775687,0.023991412910176414,0.375,0.021176918875426026,0.022415907587856013,0.024305106189690093,0.028893086913692897,0.32146579089696664,,
McFaline/DecoderOnly,McFaline,DecoderOnly,direct_risk,B1_HGB,0,1,t98g,38,38,0.6987542153015734,0.7201006674690884,0.02128492998004341,0.5,0.017706477548927024,0.018900007242336838,0.0217686623923088,0.026455940331207205,0.13240090512234753,,
McFaline/DecoderOnly,McFaline,DecoderOnly,direct_risk,B1_HGB,0,1,u87mg,34,34,0.5731397334277714,0.735676088617265,0.02869652383812567,0.4285714285714286,0.025024540256708826,0.026810926252177743,0.028927242164226097,0.033725532795700085,0.1686256410514243,,
McFaline/DecoderOnly,McFaline,DecoderOnly,direct_risk,B1_HGB,0,2,a172,31,31,0.8933950671662476,0.835483870967742,0.024702968201018936,0.2857142857142857,0.02287743706256145,0.02310477702745364,0.024602388846687924,0.029132862188383804,0.3278561721504916,,
McFaline/DecoderOnly,McFaline,DecoderOnly,direct_risk,B1_HGB,0,2,t98g,32,32,0.789235561728548,0.8192815249266862,0.02198125676485429,0.4285714285714286,0.01966752670705315,0.019600009013499484,0.02194053400307889,0.027317518171154083,0.15124758207528322,,
McFaline/DecoderOnly,McFaline,DecoderOnly,direct_risk,B1_HGB,0,2,u87mg,34,34,0.9202561462773682,0.8493506493506493,0.0292800076212907,0.4285714285714286,0.026665523648262,0.028041712673647027,0.029315046199104324,0.03437333949515642,0.15074982826801145,,
McFaline/DecoderOnly,McFaline,DecoderOnly,direct_risk,B1_HGB,0,3,a172,32,32,0.9461515224441798,0.8398093841642228,0.02380143754422639,0.4285714285714286,0.02073940495029085,0.02183856123260084,0.024702413356862914,0.029417767263213147,0.34273008220506895,,
McFaline/DecoderOnly,McFaline,DecoderOnly,direct_risk,B1_HGB,0,3,t98g,38,38,0.756300667313305,0.7260094102199365,0.020670248365447428,0.5,0.018578545190393876,0.019432448083534788,0.02061801982161241,0.025543105936859514,0.1596199235502222,,
McFaline/DecoderOnly,McFaline,DecoderOnly,direct_risk,B1_HGB,0,3,u87mg,38,38,0.47881520964923996,0.6999671736513842,0.02862520516031514,0.625,0.02613272611051795,0.025818459689617126,0.0288308124597135,0.032893946336102244,0.17393620118779143,,
McFaline/DecoderOnly,McFaline,DecoderOnly,direct_risk,B1_HGB,0,4,a172,38,38,0.8403154427036633,0.8479045847466901,0.02296255383900849,0.25,0.020096553955227102,0.02125854347832496,0.0229132979323989,0.027791436667765762,0.3516019475565652,,
McFaline/DecoderOnly,McFaline,DecoderOnly,direct_risk,B1_HGB,0,4,t98g,39,39,0.5604388510764859,0.7506072874493928,0.02153518664446194,0.625,0.01956770429387685,0.020382382208481386,0.021077085565775592,0.025561462658220513,0.18455069671919053,,
McFaline/DecoderOnly,McFaline,DecoderOnly,direct_risk,B1_HGB,0,4,u87mg,35,35,0.8624593663794654,0.619607843137255,0.02963559192294519,0.2857142857142857,0.02670406270772215,0.028346564354641057,0.030168468236095328,0.03406397542873851,0.16258457753830555,,
McFaline/DecoderOnly,McFaline,DecoderOnly,direct_risk,B1_HGB,0,MACRO,MACRO,542,377,0.7632379065041291,,0.02487038690488695,0.41494708994709,0.02206811487053827,0.02306666565152304,0.02509695765476552,0.029755106701931374,0.21617745496955904,15.0,15.0
McFaline/DecoderOnly,McFaline,DecoderOnly,direct_risk,B2_Pointwise,20260930,0,a172,33,33,0.8906519187018542,0.7901069518716578,0.023857115472691672,0.2857142857142857,0.02184268739074465,0.02198694034346507,0.024549785453607004,0.028697807373975585,0.35166614293323767,,
McFaline/DecoderOnly,McFaline,DecoderOnly,direct_risk,B2_Pointwise,20260930,0,t98g,41,41,0.6935722399292985,0.6594076655052266,0.021455728122637543,0.33333333333333337,0.018135753832757416,0.019812253096865223,0.022238163765342406,0.026317759088358317,0.13982630205225957,,
McFaline/DecoderOnly,McFaline,DecoderOnly,direct_risk,B2_Pointwise,20260930,0,u87mg,41,41,0.8387120853294535,0.7722996515679443,0.03101605028658138,0.4444444444444444,0.028275715187191918,0.028445773861474413,0.031699673050925796,0.03576783716713911,0.13060300579321438,,
McFaline/DecoderOnly,McFaline,DecoderOnly,direct_risk,B2_Pointwise,20260930,1,a172,38,38,0.7589226804899956,0.8107013896487582,0.02395442100476729,0.375,0.021527511067688423,0.02265137550421055,0.024182703247980025,0.02884823463616947,0.3279006003964752,,
McFaline/DecoderOnly,McFaline,DecoderOnly,direct_risk,B2_Pointwise,20260930,1,t98g,38,38,0.6522492607779476,0.6695480906007222,0.021390727617358624,0.625,0.017706477548927024,0.01862255437299605,0.021843217117221696,0.026227816729565704,0.13502836468955925,,
McFaline/DecoderOnly,McFaline,DecoderOnly,direct_risk,B2_Pointwise,20260930,1,u87mg,34,34,0.8515124318684593,0.7827349121466768,0.02857647986383932,0.2857142857142857,0.024868059437721926,0.026810926252177743,0.028928610003169798,0.03366906144346337,0.1660127139226312,,
McFaline/DecoderOnly,McFaline,DecoderOnly,direct_risk,B2_Pointwise,20260930,2,a172,31,31,0.8933950671662476,0.8318548387096775,0.024786930662282335,0.2857142857142857,0.023315001744776902,0.023502352248345043,0.024602388846687924,0.02904420705335831,0.33548632383429794,,
McFaline/DecoderOnly,McFaline,DecoderOnly,direct_risk,B2_Pointwise,20260930,2,t98g,32,32,0.789235561728548,0.7705278592375364,0.02221547206660453,0.4285714285714286,0.020244384184479675,0.019600009013499484,0.022315871319733505,0.027221864341241152,0.15002321869612437,,
McFaline/DecoderOnly,McFaline,DecoderOnly,direct_risk,B2_Pointwise,20260930,2,u87mg,34,34,0.9202561462773682,0.8606569900687545,0.02923328781237448,0.4285714285714286,0.0258604907430708,0.027710783162287273,0.02916847695322593,0.03432284139596447,0.14977204309379108,,
McFaline/DecoderOnly,McFaline,DecoderOnly,direct_risk,B2_Pointwise,20260930,3,a172,32,32,0.9624203350052857,0.8629032258064515,0.023770262274415914,0.2857142857142857,0.02073940495029085,0.02183856123260084,0.02457594464067364,0.02923662527102562,0.3550809326413761,,
McFaline/DecoderOnly,McFaline,DecoderOnly,direct_risk,B2_Pointwise,20260930,3,t98g,38,38,0.7451615561170928,0.7170368749316117,0.020583430459708056,0.5,0.019063652958720874,0.019432448083534788,0.020520653085488977,0.025319259085473788,0.16318911469322658,,
McFaline/DecoderOnly,McFaline,DecoderOnly,direct_risk,B2_Pointwise,20260930,3,u87mg,38,38,0.47881520964923996,0.7124411861253968,0.028605940321596683,0.625,0.025507763959467376,0.026120151393115486,0.029183108163507325,0.03285538105259579,0.17076177014334182,,
McFaline/DecoderOnly,McFaline,DecoderOnly,direct_risk,B2_Pointwise,20260930,4,a172,38,38,0.8403154427036633,0.8253638253638254,0.02294709761338313,0.25,0.020096553955227102,0.021191643318161323,0.02300958462843765,0.02766689278203964,0.36417546554521774,,
McFaline/DecoderOnly,McFaline,DecoderOnly,direct_risk,B2_Pointwise,20260930,4,t98g,39,39,0.6262838009928806,0.7548582995951417,0.02145975101130476,0.5,0.01956770429387685,0.02038238220848139,0.021288095600902994,0.02538621933144878,0.1841725073692921,,
McFaline/DecoderOnly,McFaline,DecoderOnly,direct_risk,B2_Pointwise,20260930,4,u87mg,35,35,0.8624593663794654,0.6089635854341737,0.029636617171427605,0.2857142857142857,0.026704062707722152,0.02821591150547773,0.030085306304196466,0.03402246738842585,0.1592976770372983,,
McFaline/DecoderOnly,McFaline,DecoderOnly,direct_risk,B2_Pointwise,20260930,MACRO,MACRO,542,377,0.7869308735411199,,0.02489928745073156,0.39589947089947086,0.022230348264177593,0.023088271039779493,0.025212772145406744,0.029640284942682997,0.21886641218942288,15.0,15.0
McFaline/DecoderOnly,McFaline,DecoderOnly,direct_risk,B2_Pointwise,20261001,0,a172,33,33,0.5827863958937222,0.7723930481283423,0.023951111036186055,0.5714285714285714,0.02184268739074465,0.02198694034346507,0.024549785453607004,0.028715441069717674,0.3525648090538653,,
McFaline/DecoderOnly,McFaline,DecoderOnly,direct_risk,B2_Pointwise,20261001,0,t98g,41,41,0.6935722399292985,0.6728222996515681,0.021439630016283566,0.33333333333333337,0.018135753832757416,0.019812253096865223,0.022238163765342406,0.026301821456142477,0.13846257469159517,,
McFaline/DecoderOnly,McFaline,DecoderOnly,direct_risk,B2_Pointwise,20261001,0,u87mg,41,41,0.8387120853294535,0.784494773519164,0.030757589585635955,0.4444444444444444,0.028275715187191918,0.028445773861474413,0.031699673050925796,0.03577349352930348,0.13029120302466318,,
McFaline/DecoderOnly,McFaline,DecoderOnly,direct_risk,B2_Pointwise,20261001,1,a172,38,38,0.7589226804899946,0.834774045300361,0.023895379302153352,0.375,0.021358446218073326,0.022581073921173776,0.024098600604032173,0.02885111066843746,0.33129049727354176,,
McFaline/DecoderOnly,McFaline,DecoderOnly,direct_risk,B2_Pointwise,20261001,1,t98g,38,38,0.6522492607779476,0.6923076923076923,0.02130728694374938,0.625,0.017706477548927024,0.01862255437299605,0.022118387939898555,0.02622730023867283,0.13311917503640913,,
McFaline/DecoderOnly,McFaline,DecoderOnly,direct_risk,B2_Pointwise,20261001,1,u87mg,34,34,0.8515124318684593,0.7695951107715814,0.02857441062387094,0.2857142857142857,0.024868059437721926,0.026810926252177743,0.028928610003169798,0.03367582374571487,0.16474527227546185,,
McFaline/DecoderOnly,McFaline,DecoderOnly,direct_risk,B2_Pointwise,20261001,2,a172,31,31,0.8933950671662476,0.8387096774193549,0.02476782130735141,0.2857142857142857,0.023315001744776902,0.023502352248345047,0.024602388846687924,0.0290492175809398,0.3370319699798604,,
McFaline/DecoderOnly,McFaline,DecoderOnly,direct_risk,B2_Pointwise,20261001,2,t98g,32,32,0.789235561728548,0.7756598240469207,0.02215950463741033,0.4285714285714286,0.01941026933491225,0.019600009013499484,0.022315871319733505,0.02718006220321021,0.14843161070505514,,
McFaline/DecoderOnly,McFaline,DecoderOnly,direct_risk,B2_Pointwise,20261001,2,u87mg,34,34,0.9202561462773682,0.8634071810542397,0.02922318261971523,0.4285714285714286,0.0258604907430708,0.027710783162287273,0.02916847695322593,0.034305258998500406,0.14722296264920876,,
McFaline/DecoderOnly,McFaline,DecoderOnly,direct_risk,B2_Pointwise,20261001,3,a172,32,32,0.9461515224441809,0.8900293255131964,0.023695152880637657,0.4285714285714286,0.02073940495029085,0.02183856123260084,0.024112362763844375,0.029255633638717166,0.3532649981514656,,
McFaline/DecoderOnly,McFaline,DecoderOnly,direct_risk,B2_Pointwise,20261001,3,t98g,38,38,0.7451615561170928,0.7058759164022321,0.02060087824959115,0.5,0.019063652958720874,0.019432448083534788,0.020775949386389585,0.025318258140870176,0.16068937876390038,,
McFaline/DecoderOnly,McFaline,DecoderOnly,direct_risk,B2_Pointwise,20261001,3,u87mg,38,38,0.6649626904016894,0.7257905678958311,0.028553922714528834,0.5,0.025507763959467373,0.026120151393115486,0.029183108163507325,0.03284133511216117,0.1700984988227615,,
McFaline/DecoderOnly,McFaline,DecoderOnly,direct_risk,B2_Pointwise,20261001,4,a172,38,38,0.8403154427036623,0.8391508917824707,0.022869467138830125,0.25,0.020096553955227102,0.020810580812394574,0.02313100566205221,0.027688326320772644,0.3594202210220679,,
McFaline/DecoderOnly,McFaline,DecoderOnly,direct_risk,B2_Pointwise,20261001,4,t98g,39,39,0.6480777970361102,0.7323886639676114,0.021501419407746,0.5,0.01956770429387685,0.02038238220848139,0.021170935686677654,0.025393784928590003,0.18533298899990133,,
McFaline/DecoderOnly,McFaline,DecoderOnly,direct_risk,B2_Pointwise,20261001,4,u87mg,35,35,0.8624593663794654,0.5935574229691877,0.029664217360532742,0.2857142857142857,0.026704062707722152,0.028346564354641057,0.030085306304196466,0.034004083491864893,0.1607781218777096,,
McFaline/DecoderOnly,McFaline,DecoderOnly,direct_risk,B2_Pointwise,20261001,MACRO,MACRO,542,377,0.7791846829695493,,0.024864064921614856,0.41613756613756614,0.022163469617565424,0.023066890290470148,0.025211908393552716,0.029638730074907686,0.2181829521551645,15.0,15.0
McFaline/DecoderOnly,McFaline,DecoderOnly,direct_risk,B2_Pointwise,20261002,0,a172,33,33,0.8906519187018542,0.7730614973262033,0.023928808998590057,0.2857142857142857,0.02184268739074465,0.02198694034346507,0.024549785453607004,0.028708868163305427,0.3531209359120222,,
McFaline/DecoderOnly,McFaline,DecoderOnly,direct_risk,B2_Pointwise,20261002,0,t98g,41,41,0.7818361083521577,0.6691637630662022,0.021442960010353156,0.33333333333333337,0.018135753832757416,0.019812253096865223,0.022238163765342406,0.02630800109541701,0.13877347458819478,,
McFaline/DecoderOnly,McFaline,DecoderOnly,direct_risk,B2_Pointwise,20261002,0,u87mg,41,41,0.8387120853294535,0.787282229965157,0.030867826082204217,0.4444444444444444,0.02755403965711588,0.028445773861474413,0.03159337508536516,0.03577645108049607,0.12992454531516795,,
McFaline/DecoderOnly,McFaline,DecoderOnly,direct_risk,B2_Pointwise,20261002,1,a172,38,38,0.7589226804899956,0.8282087755771966,0.023922677578117394,0.375,0.021358446218073326,0.022581073921173776,0.024098600604032173,0.02887398502372969,0.3321868697353363,,
McFaline/DecoderOnly,McFaline,DecoderOnly,direct_risk,B2_Pointwise,20261002,1,t98g,38,38,0.6736792551331531,0.6702046175730386,0.021404009834825977,0.625,0.017706477548927027,0.019071013899519998,0.021843217117221696,0.026222736110744653,0.1346737225463611,,
McFaline/DecoderOnly,McFaline,DecoderOnly,direct_risk,B2_Pointwise,20261002,1,u87mg,34,34,0.5368278326920467,0.7488158899923606,0.02865787240121001,0.4285714285714286,0.024868059437721926,0.026810926252177743,0.028928610003169798,0.03367726209384827,0.16521942345512183,,
McFaline/DecoderOnly,McFaline,DecoderOnly,direct_risk,B2_Pointwise,20261002,2,a172,31,31,0.8933950671662476,0.8600806451612903,0.024697466282057136,0.2857142857142857,0.023315001744776902,0.023134736876402526,0.02467477694153781,0.029052496419911332,0.3385772783597268,,
McFaline/DecoderOnly,McFaline,DecoderOnly,direct_risk,B2_Pointwise,20261002,2,t98g,32,32,0.789235561728548,0.7723607038123166,0.02217857760463195,0.4285714285714286,0.01941026933491225,0.019600009013499484,0.022315871319733505,0.027192632932879445,0.14900541652603444,,
McFaline/DecoderOnly,McFaline,DecoderOnly,direct_risk,B2_Pointwise,20261002,2,u87mg,34,34,0.9202561462773682,0.8569900687547746,0.029232921539532292,0.4285714285714286,0.0258604907430708,0.028041712673647027,0.029168476953225938,0.03431396420490509,0.14813827177631145,,
McFaline/DecoderOnly,McFaline,DecoderOnly,direct_risk,B2_Pointwise,20261002,3,a172,32,32,0.9461515224441809,0.8643695014662756,0.02377127264208411,0.4285714285714286,0.02073940495029085,0.021838561232600844,0.024210105882957526,0.02923268397239144,0.3557502791706655,,
McFaline/DecoderOnly,McFaline,DecoderOnly,direct_risk,B2_Pointwise,20261002,3,t98g,38,38,0.7451615561170928,0.7194441404967721,0.02059070305706686,0.5,0.019063652958720874,0.019432448083534788,0.020775949386389585,0.025314492959865584,0.16124023055357664,,
McFaline/DecoderOnly,McFaline,DecoderOnly,direct_risk,B2_Pointwise,20261002,3,u87mg,38,38,0.4992376361921943,0.7128788707736077,0.028587881093652828,0.625,0.025507763959467376,0.026120151393115486,0.028740336922438485,0.03284757295253433,0.17005079367556752,,
McFaline/DecoderOnly,McFaline,DecoderOnly,direct_risk,B2_Pointwise,20261002,4,a172,38,38,0.8403154427036633,0.8387132071342597,0.0228648176486031,0.25,0.020096553955227102,0.021191643318161327,0.02313100566205221,0.027681452403212924,0.3603000187444679,,
McFaline/DecoderOnly,McFaline,DecoderOnly,direct_risk,B2_Pointwise,20261002,4,t98g,39,39,0.6262838009928806,0.7534412955465587,0.02145927404302546,0.5,0.01956770429387685,0.02038238220848139,0.021170935686677654,0.025390215535787877,0.18489842686620436,,
McFaline/DecoderOnly,McFaline,DecoderOnly,direct_risk,B2_Pointwise,20261002,4,u87mg,35,35,0.8624593663794654,0.6033613445378152,0.029635695579458624,0.2857142857142857,0.026704062707722152,0.02821591150547773,0.030085306304196466,0.03400024729980756,0.16031170310256143,,
McFaline/DecoderOnly,McFaline,DecoderOnly,direct_risk,B2_Pointwise,20261002,MACRO,MACRO,542,377,0.7735417320466867,,0.02488285095969421,0.41494708994709,0.022115357915560352,0.023111035845306452,0.0251683011391965,0.029639537483255773,0.21881142602182135,15.0,15.0
McFaline/DecoderOnly,McFaline,DecoderOnly,direct_risk,B3_DeepSets,20260930,0,a172,33,33,0.8906519187018542,0.7894385026737969,0.023858042957785784,0.2857142857142857,0.02184268739074465,0.02198694034346507,0.024549785453607004,0.028683549930275602,0.35361327232412454,,
McFaline/DecoderOnly,McFaline,DecoderOnly,direct_risk,B3_DeepSets,20260930,0,t98g,41,41,0.8088016460248247,0.6770034843205576,0.021425822495412295,0.2222222222222222,0.018135753832757416,0.019812253096865223,0.022238163765342406,0.026324092602048644,0.13913015188391686,,
McFaline/DecoderOnly,McFaline,DecoderOnly,direct_risk,B3_DeepSets,20260930,0,u87mg,41,41,0.8387120853294535,0.781707317073171,0.030893596381519322,0.4444444444444444,0.028275715187191918,0.028445773861474413,0.03159337508536516,0.035780623398883264,0.13010971484027592,,
McFaline/DecoderOnly,McFaline,DecoderOnly,direct_risk,B3_DeepSets,20260930,1,a172,38,38,0.7589226804899956,0.8128898128898129,0.023945121595434608,0.375,0.021176918875426026,0.02265137550421055,0.024098600604032173,0.028850246264305723,0.32710737246684035,,
McFaline/DecoderOnly,McFaline,DecoderOnly,direct_risk,B3_DeepSets,20260930,1,t98g,38,38,0.6522492607779476,0.671736513841777,0.021385385443408338,0.625,0.017706477548927024,0.01862255437299605,0.021843217117221696,0.02622878504311785,0.1350653029114684,,
McFaline/DecoderOnly,McFaline,DecoderOnly,direct_risk,B3_DeepSets,20260930,1,u87mg,34,34,0.8515124318684593,0.7867074102368219,0.028550170201979932,0.2857142857142857,0.024868059437721926,0.026810926252177743,0.028928610003169798,0.03367086597707187,0.16594345360597118,,
McFaline/DecoderOnly,McFaline,DecoderOnly,direct_risk,B3_DeepSets,20260930,2,a172,31,31,0.8933950671662476,0.835483870967742,0.024773017018322487,0.2857142857142857,0.023315001744776902,0.023502352248345043,0.024602388846687924,0.029051599692388522,0.33718711451259853,,
McFaline/DecoderOnly,McFaline,DecoderOnly,direct_risk,B3_DeepSets,20260930,2,t98g,32,32,0.789235561728548,0.7719941348973607,0.022174859125041385,0.4285714285714286,0.01941026933491225,0.019600009013499484,0.022315871319733505,0.027195469300633348,0.14931332301562605,,
McFaline/DecoderOnly,McFaline,DecoderOnly,direct_risk,B3_DeepSets,20260930,2,u87mg,34,34,0.9202561462773682,0.867379679144385,0.02921662476866646,0.4285714285714286,0.0258604907430708,0.027710783162287273,0.02916847695322593,0.03431201599722563,0.14753091654221417,,
McFaline/DecoderOnly,McFaline,DecoderOnly,direct_risk,B3_DeepSets,20260930,3,a172,32,32,0.9461515224441809,0.849340175953079,0.023790198486393542,0.4285714285714286,0.02073940495029085,0.02183856123260084,0.024575944640673645,0.02924547881044931,0.35408385669189035,,
McFaline/DecoderOnly,McFaline,DecoderOnly,direct_risk,B3_DeepSets,20260930,3,t98g,38,38,0.7451615561170928,0.7133165554218186,0.020589846427517502,0.5,0.019063652958720874,0.019432448083534788,0.020775949386389585,0.02532120093281153,0.16303845694776578,,
McFaline/DecoderOnly,McFaline,DecoderOnly,direct_risk,B3_DeepSets,20260930,3,u87mg,38,38,0.47881520964923996,0.7126600284495022,0.02860484696022154,0.625,0.025507763959467376,0.026120151393115486,0.029183108163507325,0.03285373838151572,0.17091722183801727,,
McFaline/DecoderOnly,McFaline,DecoderOnly,direct_risk,B3_DeepSets,20260930,4,a172,38,38,0.8403154427036633,0.8306160411423569,0.0228964279847192,0.25,0.020096553955227102,0.021191643318161323,0.023131005662052208,0.027672495411192724,0.3625332737118913,,
McFaline/DecoderOnly,McFaline,DecoderOnly,direct_risk,B3_DeepSets,20260930,4,t98g,39,39,0.6262838009928806,0.7469635627530364,0.021471539812226735,0.5,0.01956770429387685,0.02038238220848139,0.021288095600902994,0.02538852667278782,0.18455290043417388,,
McFaline/DecoderOnly,McFaline,DecoderOnly,direct_risk,B3_DeepSets,20260930,4,u87mg,35,35,0.8624593663794654,0.588515406162465,0.02972801326767005,0.2857142857142857,0.02670406270772215,0.02821591150547773,0.030085306304196466,0.03401622138520563,0.1596264730605602,,
McFaline/DecoderOnly,McFaline,DecoderOnly,direct_risk,B3_DeepSets,20260930,MACRO,MACRO,542,377,0.7935282464434147,,0.02488690086175461,0.39801587301587305,0.02215136779472227,0.023088271039779493,0.025225193260407192,0.02963966065332755,0.2186501869858223,15.0,15.0
McFaline/DecoderOnly,McFaline,DecoderOnly,direct_risk,B3_DeepSets,20261001,0,a172,33,33,0.5827863958937222,0.7673796791443851,0.02397074231728604,0.5714285714285714,0.02184268739074465,0.02198694034346507,0.024549785453607004,0.028715517709712427,0.3526632255963029,,
McFaline/DecoderOnly,McFaline,DecoderOnly,direct_risk,B3_DeepSets,20261001,0,t98g,41,41,0.6935722399292985,0.6703832752613241,0.021443030473245098,0.33333333333333337,0.018135753832757416,0.019812253096865223,0.022238163765342406,0.026298138911499715,0.13850124658160137,,
McFaline/DecoderOnly,McFaline,DecoderOnly,direct_risk,B3_DeepSets,20261001,0,u87mg,41,41,0.8387120853294535,0.7818815331010454,0.03076248299772714,0.4444444444444444,0.028275715187191918,0.028445773861474413,0.0316996730509258,0.03577224686384892,0.13026465051258249,,
McFaline/DecoderOnly,McFaline,DecoderOnly,direct_risk,B3_DeepSets,20261001,1,a172,38,38,0.7589226804899956,0.810263705000547,0.023948975992386063,0.375,0.021358446218073326,0.022581073921173776,0.024098600604032173,0.028850842563231234,0.33065412026169627,,
McFaline/DecoderOnly,McFaline,DecoderOnly,direct_risk,B3_DeepSets,20261001,1,t98g,38,38,0.6522492607779476,0.6756756756756757,0.02135395873452045,0.625,0.017706477548927024,0.01862255437299605,0.022118387939898555,0.026239922021711656,0.1342007372051221,,
McFaline/DecoderOnly,McFaline,DecoderOnly,direct_risk,B3_DeepSets,20261001,1,u87mg,34,34,0.8515124318684593,0.7570664629488159,0.02860271628557681,0.2857142857142857,0.024868059437721926,0.026810926252177743,0.028944684411672944,0.03367638848538125,0.166137605461769,,
McFaline/DecoderOnly,McFaline,DecoderOnly,direct_risk,B3_DeepSets,20261001,2,a172,31,31,0.8933950671662476,0.8314516129032259,0.024780600471756474,0.2857142857142857,0.023315001744776902,0.023502352248345047,0.024602388846687924,0.029048034502676748,0.33731496762665913,,
McFaline/DecoderOnly,McFaline,DecoderOnly,direct_risk,B3_DeepSets,20261001,2,t98g,32,32,0.789235561728548,0.7741935483870966,0.022170881161754415,0.4285714285714286,0.01941026933491225,0.019600009013499484,0.022315871319733505,0.027180256653590695,0.1483698742772559,,
McFaline/DecoderOnly,McFaline,DecoderOnly,direct_risk,B3_DeepSets,20261001,2,u87mg,34,34,0.9202561462773682,0.8637127578304049,0.029222507387369916,0.4285714285714286,0.0258604907430708,0.027710783162287273,0.02916847695322593,0.03430683853981494,0.1470817856264252,,
McFaline/DecoderOnly,McFaline,DecoderOnly,direct_risk,B3_DeepSets,20261001,3,a172,32,32,0.9461515224441809,0.8812316715542521,0.023717044112519115,0.4285714285714286,0.02073940495029085,0.02183856123260084,0.024112362763844375,0.029260833564025687,0.35307181462743786,,
McFaline/DecoderOnly,McFaline,DecoderOnly,direct_risk,B3_DeepSets,20261001,3,t98g,38,38,0.7451615561170928,0.7190064558485612,0.020585879513791972,0.5,0.019063652958720874,0.019432448083534788,0.02061801982161241,0.025317007550873714,0.16055917454765908,,
McFaline/DecoderOnly,McFaline,DecoderOnly,direct_risk,B3_DeepSets,20261001,3,u87mg,38,38,0.6649626904016894,0.7268847795163584,0.028551295472063372,0.5,0.025507763959467373,0.026120151393115486,0.029183108163507325,0.03284017245156216,0.16997268837800938,,
McFaline/DecoderOnly,McFaline,DecoderOnly,direct_risk,B3_DeepSets,20261001,4,a172,38,38,0.8403154427036623,0.8365247838932051,0.02287994298443845,0.25,0.020096553955227102,0.021191643318161323,0.02313100566205221,0.02768614013218885,0.359805204203213,,
McFaline/DecoderOnly,McFaline,DecoderOnly,direct_risk,B3_DeepSets,20261001,4,t98g,39,39,0.6480777970361102,0.7423076923076924,0.021484318073569264,0.5,0.01956770429387685,0.02038238220848139,0.021170935686677654,0.025393682897754427,0.1853659215236748,,
McFaline/DecoderOnly,McFaline,DecoderOnly,direct_risk,B3_DeepSets,20261001,4,u87mg,35,35,0.8624593663794654,0.5941176470588235,0.029662941536205967,0.2857142857142857,0.026704062707722152,0.028346564354641057,0.030085306304196466,0.03400280166759299,0.16091727748842918,,
McFaline/DecoderOnly,McFaline,DecoderOnly,direct_risk,B3_DeepSets,20261001,MACRO,MACRO,542,377,0.7791846829695493,,0.02487582116761404,0.41613756613756614,0.022163469617565424,0.023092294457521263,0.02520245138313445,0.0296392549676977,0.21832535292785585,15.0,15.0
McFaline/DecoderOnly,McFaline,DecoderOnly,direct_risk,B3_DeepSets,20261002,0,a172,33,33,0.8906519187018542,0.7767379679144385,0.023922284053855665,0.2857142857142857,0.02184268739074465,0.02198694034346507,0.024549785453607004,0.02871336534484641,0.3528741881874968,,
McFaline/DecoderOnly,McFaline,DecoderOnly,direct_risk,B3_DeepSets,20261002,0,t98g,41,41,0.7818361083521577,0.6675958188153311,0.02144363289293465,0.33333333333333337,0.018135753832757416,0.019812253096865223,0.022238163765342406,0.02631216010897261,0.13864728957714817,,
McFaline/DecoderOnly,McFaline,DecoderOnly,direct_risk,B3_DeepSets,20261002,0,u87mg,41,41,0.8387120853294535,0.7879790940766552,0.030865554989012868,0.4444444444444444,0.02755403965711588,0.028445773861474413,0.03159337508536516,0.035777642669124046,0.13007131154593263,,
McFaline/DecoderOnly,McFaline,DecoderOnly,direct_risk,B3_DeepSets,20261002,1,a172,38,38,0.7589226804899946,0.8308348834664625,0.023927261320401693,0.375,0.021358446218073326,0.022581073921173776,0.024098600604032173,0.0288670674142133,0.3308866776292986,,
McFaline/DecoderOnly,McFaline,DecoderOnly,direct_risk,B3_DeepSets,20261002,1,t98g,38,38,0.5848007264093219,0.6824597877229456,0.021362133837485576,0.75,0.017706477548927024,0.019071013899519998,0.021843217117221692,0.026231239140863682,0.1343821594736271,,
McFaline/DecoderOnly,McFaline,DecoderOnly,direct_risk,B3_DeepSets,20261002,1,u87mg,34,34,0.8515124318684593,0.7702062643239113,0.028594084917162147,0.2857142857142857,0.025753702502697675,0.026810926252177743,0.0289286100031698,0.033673883976989505,0.16519629424445245,,
McFaline/DecoderOnly,McFaline,DecoderOnly,direct_risk,B3_DeepSets,20261002,2,a172,31,31,0.8933950671662476,0.8576612903225809,0.024710054268399017,0.2857142857142857,0.023315001744776902,0.023134736876402526,0.024602388846687924,0.029043065130629656,0.3383116646604163,,
McFaline/DecoderOnly,McFaline,DecoderOnly,direct_risk,B3_DeepSets,20261002,2,t98g,32,32,0.789235561728548,0.7741935483870966,0.022170881161754415,0.4285714285714286,0.01941026933491225,0.019600009013499484,0.022315871319733505,0.02719402972866858,0.1484057536696933,,
McFaline/DecoderOnly,McFaline,DecoderOnly,direct_risk,B3_DeepSets,20261002,2,u87mg,34,34,0.9202561462773682,0.8545454545454545,0.02923471072524386,0.4285714285714286,0.0258604907430708,0.028041712673647027,0.029168476953225934,0.03431249705753707,0.14775300107408904,,
McFaline/DecoderOnly,McFaline,DecoderOnly,direct_risk,B3_DeepSets,20261002,3,a172,32,32,0.9461515224441809,0.8526392961876832,0.023781524047482017,0.4285714285714286,0.02073940495029085,0.02183856123260084,0.024667167104780625,0.02925571823000924,0.3538162003063452,,
McFaline/DecoderOnly,McFaline,DecoderOnly,direct_risk,B3_DeepSets,20261002,3,t98g,38,38,0.7451615561170928,0.7190064558485612,0.020588857633520904,0.5,0.019063652958720874,0.019432448083534788,0.02061801982161241,0.025311273712372923,0.16119000441131368,,
McFaline/DecoderOnly,McFaline,DecoderOnly,direct_risk,B3_DeepSets,20261002,3,u87mg,38,38,0.5866430574960507,0.7240398293029872,0.028570588625349898,0.5,0.025507763959467376,0.026120151393115486,0.028740336922438485,0.03284510940826339,0.16959075362391357,,
McFaline/DecoderOnly,McFaline,DecoderOnly,direct_risk,B3_DeepSets,20261002,4,a172,38,38,0.8403154427036623,0.8360870992449939,0.022886860705306097,0.25,0.020096553955227102,0.021191643318161323,0.023131005662052208,0.027662599956163648,0.36207055285232176,,
McFaline/DecoderOnly,McFaline,DecoderOnly,direct_risk,B3_DeepSets,20261002,4,t98g,39,39,0.6421153282698328,0.7564777327935224,0.02145646210943566,0.5,0.01956770429387685,0.02038238220848139,0.021170935686677654,0.025386150595246442,0.18350424527652343,,
McFaline/DecoderOnly,McFaline,DecoderOnly,direct_risk,B3_DeepSets,20261002,4,u87mg,35,35,0.8624593663794654,0.6128851540616248,0.029609751629927145,0.2857142857142857,0.026704062707722152,0.02821591150547773,0.030085306304196466,0.0340026565394472,0.15929087691628321,,
McFaline/DecoderOnly,McFaline,DecoderOnly,direct_risk,B3_DeepSets,20261002,MACRO,MACRO,542,377,0.7954779333155794,,0.024874976194484772,0.4054232804232804,0.02217440078655874,0.023111035845306452,0.025183417376676235,0.029639230600889844,0.21839939822992366,15.0,15.0
McFaline/DecoderOnly,McFaline,DecoderOnly,direct_risk,Magnitude,0,0,a172,33,33,-0.22353300772760692,-0.3452540106951872,0.029534977829218826,1.0,0.03176714107394213,0.03124727468405446,0.028235586907933694,0.028747099131617954,0.34443272863436636,,
McFaline/DecoderOnly,McFaline,DecoderOnly,direct_risk,Magnitude,0,0,t98g,41,41,-0.12751783876464945,-0.35034843205574917,0.024983735187224302,0.8888888888888888,0.026038030162453603,0.026053588837385133,0.024731142402049995,0.02652099123505189,0.13869836997767118,,
McFaline/DecoderOnly,McFaline,DecoderOnly,direct_risk,Magnitude,0,0,u87mg,41,41,-0.18206488277297023,-0.0348432055749129,0.03451928522198385,0.8888888888888888,0.03591466210782522,0.0339960476590527,0.034612657236201376,0.03579826534435304,0.1336444909913571,,
McFaline/DecoderOnly,McFaline,DecoderOnly,direct_risk,Magnitude,0,1,a172,38,38,-0.19349049073739683,-0.2609694714957873,0.027842244678387678,0.875,0.027895025443285676,0.027058774605393365,0.028519530339460576,0.02883338156918293,0.3246920683982816,,
McFaline/DecoderOnly,McFaline,DecoderOnly,direct_risk,Magnitude,0,1,t98g,38,38,0.22981751515623397,-0.010176168070904913,0.02433498738285827,0.625,0.0225456058979034,0.023628947325050786,0.024303589114233026,0.026458686271866916,0.1309593387980504,,
McFaline/DecoderOnly,McFaline,DecoderOnly,direct_risk,Magnitude,0,1,u87mg,34,34,0.003142763923047703,-0.012070282658517952,0.032217262065086516,0.7142857142857143,0.029497401788830726,0.031294082424470335,0.03333730338250886,0.03368734018898356,0.17142247996428409,,
McFaline/DecoderOnly,McFaline,DecoderOnly,direct_risk,Magnitude,0,2,a172,31,31,0.18268583001942648,0.16814516129032261,0.02708482907736138,0.8571428571428572,0.02707606321200725,0.02721590894673547,0.025938737322576292,0.02907184723259589,0.33174193419449743,,
McFaline/DecoderOnly,McFaline,DecoderOnly,direct_risk,Magnitude,0,2,t98g,32,32,-0.0003066826324215951,0.11656891495601172,0.025043766830011187,0.7142857142857143,0.026792370714247178,0.02569617730166226,0.024195202859118532,0.02731854713661202,0.14968391888380422,,
McFaline/DecoderOnly,McFaline,DecoderOnly,direct_risk,Magnitude,0,2,u87mg,34,34,0.11603912407019315,0.18227654698242934,0.032103445162103006,0.8571428571428572,0.031723224092274876,0.03109081328979557,0.03094951172961903,0.03433678844708436,0.1526111259806625,,
McFaline/DecoderOnly,McFaline,DecoderOnly,direct_risk,Magnitude,0,3,a172,32,32,-0.12426081492996645,-0.2851906158357771,0.029325141979219073,0.8571428571428572,0.03264506626874203,0.030788920021482813,0.027640462969429735,0.02933375573472019,0.3470060090449327,,
McFaline/DecoderOnly,McFaline,DecoderOnly,direct_risk,Magnitude,0,3,t98g,38,38,0.34525898254777554,0.10537257905678957,0.02370152770291184,0.625,0.025595429819077198,0.025055565871298265,0.022441316984201685,0.025558427456820326,0.1599675543658924,,
McFaline/DecoderOnly,McFaline,DecoderOnly,direct_risk,Magnitude,0,3,u87mg,38,38,-0.10051387476358419,-0.3296859612649086,0.0327887495495987,0.875,0.033758600708097206,0.035538104595616425,0.03293669625724613,0.03285722335343816,0.1771946515651905,,
McFaline/DecoderOnly,McFaline,DecoderOnly,direct_risk,Magnitude,0,4,a172,38,38,-0.2422155999890528,-0.2421490316227158,0.0271851814796635,1.0,0.02770398464053865,0.030008211731910664,0.02679455103842831,0.027751719500436277,0.3534019809577837,,
McFaline/DecoderOnly,McFaline,DecoderOnly,direct_risk,Magnitude,0,4,t98g,39,39,0.26737206392433577,0.152834008097166,0.02319536836173957,0.75,0.020609997678548073,0.023001954890787563,0.023759251460432965,0.02555305815336866,0.1843102361367332,,
McFaline/DecoderOnly,McFaline,DecoderOnly,direct_risk,Magnitude,0,4,u87mg,35,35,-0.07878089097036577,-0.12324929971988796,0.033807853672154956,0.8571428571428572,0.03352993354201313,0.03642882992114334,0.033929168557127264,0.03401460504754447,0.16480797219158502,,
McFaline/DecoderOnly,McFaline,DecoderOnly,direct_risk,Magnitude,0,MACRO,MACRO,542,377,-0.008557853576466786,,0.02851122374530151,0.8256613756613758,0.028872835809985755,0.029206880140389278,0.028154980570704494,0.029722782386911773,0.21763832400567282,15.0,15.0
McFaline/DecoderOnly,McFaline,DecoderOnly,direct_risk,NearestControl,0,0,a172,33,33,0.2961346458435213,0.7209224598930483,0.024438243812547836,0.7142857142857143,0.0210600509308278,0.02179513738623683,0.025358125677003542,0.04724844183596794,0.1960455768803797,,
McFaline/DecoderOnly,McFaline,DecoderOnly,direct_risk,NearestControl,0,0,t98g,41,41,0.7502381807133096,0.8026132404181187,0.021209662891036467,0.2222222222222222,0.01734091471880668,0.01974081134216647,0.02181683006208562,0.0377699708277551,0.04758823796764485,,
McFaline/DecoderOnly,McFaline,DecoderOnly,direct_risk,NearestControl,0,0,u87mg,41,41,0.9149898651059097,0.8123693379790943,0.030757138574448516,0.2222222222222222,0.02755403965711588,0.028397543769743665,0.030974781229382426,0.0434937361552825,0.06716603981589203,,
McFaline/DecoderOnly,McFaline,DecoderOnly,direct_risk,NearestControl,0,1,a172,38,38,0.7221217623146585,0.6796148375095743,0.024170774242763787,0.375,0.020789086818695027,0.023230927530676085,0.024451500883227856,0.04667428216037566,0.18960315309288714,,
McFaline/DecoderOnly,McFaline,DecoderOnly,direct_risk,NearestControl,0,1,t98g,38,38,0.9447043471294319,0.8358682569208885,0.02099595951541151,0.125,0.017374445218592847,0.01828221976757046,0.02155667641445206,0.037331293376273174,0.06273065399696072,,
McFaline/DecoderOnly,McFaline,DecoderOnly,direct_risk,NearestControl,0,1,u87mg,34,34,0.9391735313876309,0.8707410236822001,0.0283197981106439,0.1428571428571429,0.02469974569976325,0.026711248127477456,0.028643191189450336,0.04079729481386626,0.09386969221584668,,
McFaline/DecoderOnly,McFaline,DecoderOnly,direct_risk,NearestControl,0,2,a172,31,31,0.8478201860706043,0.775,0.0247331808973942,0.2857142857142857,0.021754905581474276,0.023101090852703312,0.024927659425884437,0.048086232928905834,0.20320592993536943,,
McFaline/DecoderOnly,McFaline,DecoderOnly,direct_risk,NearestControl,0,2,t98g,32,32,0.8640600807564379,0.7712609970674487,0.022238559236430727,0.2857142857142857,0.0200803554616868,0.020688427878277602,0.022200264967977952,0.03890358348255343,0.045770861230139154,,
McFaline/DecoderOnly,McFaline,DecoderOnly,direct_risk,NearestControl,0,2,u87mg,34,34,0.894624371559936,0.8624904507257447,0.02934461457943785,0.4285714285714286,0.027580304071307148,0.027830409418259316,0.029385644175550472,0.042107397928812275,0.08197572070014832,,
McFaline/DecoderOnly,McFaline,DecoderOnly,direct_risk,NearestControl,0,3,a172,32,32,0.6967530590801777,0.689882697947214,0.024318824206231916,0.5714285714285714,0.021943398751318375,0.022604320730481773,0.024550531408749462,0.04610942736072023,0.20609998290514614,,
McFaline/DecoderOnly,McFaline,DecoderOnly,direct_risk,NearestControl,0,3,t98g,38,38,0.8395379948978505,0.8056680161943319,0.020406641263252864,0.625,0.01805979479104275,0.019422892713919226,0.020787046339951012,0.03636251171980849,0.06544854767147305,,
McFaline/DecoderOnly,McFaline,DecoderOnly,direct_risk,NearestControl,0,3,u87mg,38,38,0.7274449521142771,0.8319290950869898,0.02821567936006082,0.375,0.02463998086750505,0.02540626400150356,0.028825322460187073,0.04030997081354805,0.08994123560303621,,
McFaline/DecoderOnly,McFaline,DecoderOnly,direct_risk,NearestControl,0,4,a172,38,38,0.8199199306582147,0.6708611445453551,0.023203609921032424,0.25,0.019048299174755777,0.021662054816260885,0.023882908942668014,0.04489397252372077,0.22374896545166995,,
McFaline/DecoderOnly,McFaline,DecoderOnly,direct_risk,NearestControl,0,4,t98g,39,39,0.8144299063433842,0.8469635627530364,0.021197457379507727,0.25,0.019488697871565777,0.02004313212819394,0.02128253569826479,0.03684329866643506,0.05750831093744159,,
McFaline/DecoderOnly,McFaline,DecoderOnly,direct_risk,NearestControl,0,4,u87mg,35,35,0.8652121836436176,0.7792717086834735,0.029090400149007305,0.2857142857142857,0.025995340663939673,0.026879111038786967,0.030069955417679373,0.04171972524493262,0.08455279359976693,,
McFaline/DecoderOnly,McFaline,DecoderOnly,direct_risk,NearestControl,0,MACRO,MACRO,542,377,0.7958109998412641,,0.02484270294261386,0.3439153439153439,0.021827290685226472,0.023053039433483836,0.025247531619500958,0.04191007598926382,0.11435038013358681,15.0,15.0
McFaline/DecoderOnly,McFaline,DecoderOnly,direct_risk,NegativeHistorySupport,0,0,a172,33,33,0.9437578360899299,0.8194200747252155,0.023813957248842214,0.2857142857142857,0.021562155801802825,0.02198694034346507,0.02440668872612359,0.028747099131617954,0.34443272863436636,,
McFaline/DecoderOnly,McFaline,DecoderOnly,direct_risk,NegativeHistorySupport,0,0,t98g,41,41,0.7651992638131904,0.7688488181865043,0.02120724143574549,0.33333333333333337,0.017340914718806676,0.019448670765591935,0.022149555429461405,0.02652099123505189,0.13869836997767118,,
McFaline/DecoderOnly,McFaline,DecoderOnly,direct_risk,NegativeHistorySupport,0,0,u87mg,41,41,0.8599520657511808,0.8077877964019324,0.030674109581896255,0.2222222222222222,0.02755403965711588,0.02860936832924679,0.03135503952701882,0.03579826534435304,0.1336444909913571,,
McFaline/DecoderOnly,McFaline,DecoderOnly,direct_risk,NegativeHistorySupport,0,1,a172,38,38,0.8337075063005429,0.7773035721745879,0.02398866831219999,0.25,0.021100827492773474,0.023021004861220665,0.024521104991435963,0.02883338156918293,0.3246920683982816,,
McFaline/DecoderOnly,McFaline,DecoderOnly,direct_risk,NegativeHistorySupport,0,1,t98g,38,38,0.7410269474691771,0.8109646015311806,0.02104488586373711,0.375,0.017595699056982952,0.01828221976757046,0.021329607912584314,0.026458686271866916,0.1309593387980504,,
McFaline/DecoderOnly,McFaline,DecoderOnly,direct_risk,NegativeHistorySupport,0,1,u87mg,34,34,0.8956704282007417,0.8817417876241405,0.028453066328514492,0.1428571428571429,0.025910111609846326,0.0267709520246301,0.028165195027694944,0.03368734018898356,0.17142247996428409,,
McFaline/DecoderOnly,McFaline,DecoderOnly,direct_risk,NegativeHistorySupport,0,2,a172,31,31,0.7030563166690184,0.8419354838709677,0.024528413397703168,0.4285714285714286,0.0222382280044257,0.022928726992436758,0.024616053909994613,0.02907184723259589,0.33174193419449743,,
McFaline/DecoderOnly,McFaline,DecoderOnly,direct_risk,NegativeHistorySupport,0,2,t98g,32,32,0.8434045296825168,0.8760997067448679,0.02182342142275065,0.4285714285714286,0.019687721040099797,0.01988045578556396,0.021920060738921117,0.02731854713661202,0.14968391888380422,,
McFaline/DecoderOnly,McFaline,DecoderOnly,direct_risk,NegativeHistorySupport,0,2,u87mg,34,34,0.9202561462773682,0.8758499528961328,0.029258018494409337,0.4285714285714286,0.026934943627566075,0.027160898649266758,0.029334742795018548,0.03433678844708436,0.1526111259806625,,
McFaline/DecoderOnly,McFaline,DecoderOnly,direct_risk,NegativeHistorySupport,0,3,a172,32,32,0.9624203350052857,0.9175219941348972,0.023627108813064096,0.2857142857142857,0.020777540747076224,0.021721965234194427,0.02402378944680089,0.02933375573472019,0.3470060090449327,,
McFaline/DecoderOnly,McFaline,DecoderOnly,direct_risk,NegativeHistorySupport,0,3,t98g,38,38,0.7735611416258339,0.7890791717232953,0.02044428687699285,0.5,0.01805935846641655,0.019009741256013464,0.020658883413201833,0.025558427456820326,0.1599675543658924,,
McFaline/DecoderOnly,McFaline,DecoderOnly,direct_risk,NegativeHistorySupport,0,3,u87mg,38,38,0.7302387021807177,0.8481234270707955,0.02816271798316449,0.375,0.024015018716454475,0.025582651142030923,0.02846891266342837,0.03285722335343816,0.1771946515651905,,
McFaline/DecoderOnly,McFaline,DecoderOnly,direct_risk,NegativeHistorySupport,0,4,a172,38,38,0.8086701473036673,0.8253638253638254,0.022936901551241867,0.375,0.0199808604083955,0.0212975682225078,0.023426992720679184,0.027751719500436277,0.3534019809577837,,
McFaline/DecoderOnly,McFaline,DecoderOnly,direct_risk,NegativeHistorySupport,0,4,t98g,39,39,0.8905601083253109,0.8888663967611337,0.02112822685968224,0.25,0.019266989082097973,0.019848275929689376,0.021023112628608898,0.02555305815336866,0.1843102361367332,,
McFaline/DecoderOnly,McFaline,DecoderOnly,direct_risk,NegativeHistorySupport,0,4,u87mg,35,35,0.8909029774284548,0.7980392156862747,0.028992993857226663,0.2857142857142857,0.025478411465883227,0.027126450357692542,0.029514082603984367,0.03401460504754447,0.16480797219158502,,
McFaline/DecoderOnly,McFaline,DecoderOnly,direct_risk,NegativeHistorySupport,0,MACRO,MACRO,542,377,0.8374922968081956,,0.024672267868478058,0.33108465608465615,0.021833521326382905,0.0228450593107414,0.02499425483566379,0.029722782386911773,0.21763832400567282,15.0,15.0
McFaline/DecoderOnly,McFaline,DecoderOnly,direct_risk,SameConditionSupport,0,0,a172,33,33,0.5707341706526377,0.777072192513369,0.024011270281677093,0.5714285714285714,0.021770616527646725,0.021986940343465072,0.024198832866900062,0.03573399601922784,0.1610864817912046,,
McFaline/DecoderOnly,McFaline,DecoderOnly,direct_risk,SameConditionSupport,0,0,t98g,41,41,0.5161975437689159,0.6050522648083625,0.021525278763637478,0.5555555555555556,0.01802806314080948,0.020135068748560154,0.022125967512173255,0.030976574635191885,0.0918081427867413,,
McFaline/DecoderOnly,McFaline,DecoderOnly,direct_risk,SameConditionSupport,0,0,u87mg,41,41,0.7088413989678395,0.7167247386759583,0.031054187097313748,0.4444444444444444,0.0280749805271625,0.02911565080285068,0.031415898530256135,0.041223987152380154,0.054063655901636906,,
McFaline/DecoderOnly,McFaline,DecoderOnly,direct_risk,SameConditionSupport,0,1,a172,38,38,0.57461779349753,0.7708720866615604,0.024173423754533335,0.5,0.020750235300511073,0.02284164354205126,0.024122508928963973,0.036410901558763344,0.15152776085226224,,
McFaline/DecoderOnly,McFaline,DecoderOnly,direct_risk,SameConditionSupport,0,1,t98g,38,38,0.6776790715755829,0.7393587919903709,0.021170268810983318,0.5,0.0177131011150777,0.01866930653341111,0.02189837190273557,0.030864440464741915,0.08572488756054726,,
McFaline/DecoderOnly,McFaline,DecoderOnly,direct_risk,SameConditionSupport,0,1,u87mg,34,34,0.5724818390160357,0.8536287242169593,0.028534799448101035,0.4285714285714286,0.025109301321208425,0.025939679305468245,0.028139515396426663,0.0384367045062947,0.0793128649478193,,
McFaline/DecoderOnly,McFaline,DecoderOnly,direct_risk,SameConditionSupport,0,2,a172,31,31,0.7777497595839918,0.8225806451612904,0.02459861819403609,0.2857142857142857,0.02218579826876515,0.023074922284909587,0.02469444717280561,0.03589928584307309,0.14773620091149273,,
McFaline/DecoderOnly,McFaline,DecoderOnly,direct_risk,SameConditionSupport,0,2,t98g,32,32,0.8081357023724305,0.7932551319648092,0.022244826857984297,0.4285714285714286,0.020347299054264974,0.021501783813749002,0.022016055532731067,0.03167801568452874,0.10079642079835888,,
McFaline/DecoderOnly,McFaline,DecoderOnly,direct_risk,SameConditionSupport,0,2,u87mg,34,34,0.943568196253081,0.8319327731092437,0.02934703305859735,0.4285714285714286,0.0268266927450895,0.02737114205956457,0.02950921172604836,0.039582593279691776,0.0756934309269595,,
McFaline/DecoderOnly,McFaline,DecoderOnly,direct_risk,SameConditionSupport,0,3,a172,32,32,0.8049695691317309,0.7573313782991201,0.02401824088728218,0.4285714285714286,0.02131136273965235,0.022269855918628786,0.024354186607524697,0.03677622284347299,0.14673840920645992,,
McFaline/DecoderOnly,McFaline,DecoderOnly,direct_risk,SameConditionSupport,0,3,t98g,38,38,0.7493389785770197,0.6879308458255826,0.020648623729701707,0.5,0.018578545190393876,0.019550396827980827,0.020524862173356456,0.0301466152516905,0.10599728390405916,,
McFaline/DecoderOnly,McFaline,DecoderOnly,direct_risk,SameConditionSupport,0,3,u87mg,38,38,0.7433995852663567,0.7601488127803918,0.02854580394655777,0.375,0.025534726679325073,0.025582651142030927,0.028835954830834704,0.03764455232707189,0.0869450227332168,,
McFaline/DecoderOnly,McFaline,DecoderOnly,direct_risk,SameConditionSupport,0,4,a172,38,38,0.8929432274501458,0.8190173979647664,0.022966386066236657,0.375,0.01991923665627835,0.021321489708498075,0.023091240148795225,0.03445573067830971,0.15431152639865808,,
McFaline/DecoderOnly,McFaline,DecoderOnly,direct_risk,SameConditionSupport,0,4,t98g,39,39,0.7457587565470079,0.6346153846153847,0.021885974205689145,0.375,0.0207981457933783,0.020985268056392625,0.02198592778295274,0.029889892789721182,0.1230718423261073,,
McFaline/DecoderOnly,McFaline,DecoderOnly,direct_risk,SameConditionSupport,0,4,u87mg,35,35,0.639491963826024,0.6745098039215687,0.02958667684823583,0.5714285714285714,0.02724565612152215,0.02768236398696894,0.029801735240552123,0.03891984511024408,0.08045185131049075,,
McFaline/DecoderOnly,McFaline,DecoderOnly,direct_risk,SameConditionSupport,0,MACRO,MACRO,542,377,0.7150605037657555,,0.0249540941300378,0.4511904761904762,0.02227958407873904,0.02320187753830199,0.02511431442353711,0.03524262387629359,0.10968438549040098,15.0,15.0
McFaline/DecoderOnly,McFaline,DecoderOnly,direct_risk,SameContextSupport,0,0,a172,33,33,0.7525421538611717,0.796457219251337,0.02375344743222023,0.4285714285714286,0.02033957280218595,0.021872163617185143,0.024244603098315304,0.031143383629912553,0.31085485248077294,,
McFaline/DecoderOnly,McFaline,DecoderOnly,direct_risk,SameContextSupport,0,0,t98g,41,41,0.8849874005706888,0.812891986062718,0.021324161217270595,0.2222222222222222,0.01802806314080948,0.01957298577245732,0.021902927995792406,0.02890890679086947,0.10598928437067807,,
McFaline/DecoderOnly,McFaline,DecoderOnly,direct_risk,SameContextSupport,0,0,u87mg,41,41,0.8938039128578181,0.7886759581881535,0.03087836918996189,0.2222222222222222,0.02755403965711588,0.02860936832924679,0.03149661767695627,0.03816505218963424,0.10019206895233146,,
McFaline/DecoderOnly,McFaline,DecoderOnly,direct_risk,SameContextSupport,0,1,a172,38,38,0.8784465995716352,0.7951635846372688,0.023970669447979643,0.125,0.021176918875426026,0.022930241189897012,0.024429426871632232,0.03129072924342043,0.2800341512403438,,
McFaline/DecoderOnly,McFaline,DecoderOnly,direct_risk,SameContextSupport,0,1,t98g,38,38,0.8330731466613939,0.828427617901302,0.021085636176507643,0.25,0.017706477548927024,0.018453226424753624,0.02143887214754753,0.028717332865638327,0.11151522472635104,,
McFaline/DecoderOnly,McFaline,DecoderOnly,direct_risk,SameContextSupport,0,1,u87mg,34,34,0.8457738423269086,0.8676852559205499,0.028318980770265994,0.2857142857142857,0.025051251053810078,0.026035858584301772,0.028478316305314753,0.03582660804639104,0.13007932596542035,,
McFaline/DecoderOnly,McFaline,DecoderOnly,direct_risk,SameContextSupport,0,2,a172,31,31,0.7146248179005233,0.8431451612903227,0.024673477054390543,0.4285714285714286,0.022793461102992248,0.023205578061086744,0.024583583464845963,0.03143226705744689,0.28896612804596855,,
McFaline/DecoderOnly,McFaline,DecoderOnly,direct_risk,SameContextSupport,0,2,t98g,32,32,0.96097787324796,0.782258064516129,0.022000973250358345,0.2857142857142857,0.01979983132332557,0.0203125482159001,0.02226462576072658,0.030258356661640368,0.10678078922843261,,
McFaline/DecoderOnly,McFaline,DecoderOnly,direct_risk,SameContextSupport,0,2,u87mg,34,34,0.9600054982330218,0.9040488922841863,0.02902117510069294,0.2857142857142857,0.0258604907430708,0.0268190266298396,0.029159785193555453,0.036828926978777175,0.11070779651959589,,
McFaline/DecoderOnly,McFaline,DecoderOnly,direct_risk,SameContextSupport,0,3,a172,32,32,0.8679472110968453,0.8068181818181818,0.02385668184942511,0.2857142857142857,0.02073940495029085,0.02170419214027263,0.02447206992655987,0.03113364394148599,0.323516923960929,,
McFaline/DecoderOnly,McFaline,DecoderOnly,direct_risk,SameContextSupport,0,3,t98g,38,38,0.8826116801654601,0.8303971988182514,0.020338738987846827,0.5,0.01802286086603995,0.019219207810237948,0.020540188703882016,0.02791351885349632,0.12707445393597885,,
McFaline/DecoderOnly,McFaline,DecoderOnly,direct_risk,SameContextSupport,0,3,u87mg,38,38,0.7608914292783148,0.8516249042564832,0.02819049335614186,0.375,0.02463998086750505,0.02540626400150356,0.028794073940891934,0.035113753985191495,0.13391623721920176,,
McFaline/DecoderOnly,McFaline,DecoderOnly,direct_risk,SameContextSupport,0,4,a172,38,38,0.6771386767636051,0.786191049348944,0.022979530387742857,0.375,0.019648707937449175,0.02180875325575466,0.02315477026920565,0.02956807683723646,0.3273790554975005,,
McFaline/DecoderOnly,McFaline,DecoderOnly,direct_risk,SameContextSupport,0,4,t98g,39,39,0.76212068802352,0.868421052631579,0.021209674157001042,0.25,0.020090884063392822,0.020184749970212537,0.020970523264259057,0.028139016848759135,0.13473888106752882,,
McFaline/DecoderOnly,McFaline,DecoderOnly,direct_risk,SameContextSupport,0,4,u87mg,35,35,0.7145448478146212,0.7582633053221288,0.02906857588038456,0.4285714285714286,0.025178584735840524,0.026951417859111475,0.02948887139144866,0.03653477006216207,0.12119824147851822,,
McFaline/DecoderOnly,McFaline,DecoderOnly,direct_risk,SameContextSupport,0,MACRO,MACRO,542,377,0.8259659852248992,,0.02471137228387934,0.31653439153439156,0.021775368644545427,0.022872372124117395,0.025027950400728916,0.03206495626613746,0.18086289431263677,15.0,15.0
Source/TxPert_Exphormer,Source,TxPert_Exphormer,risk,B0_SupportMean,0,0,K562,114,114,0.6934625015116118,0.6842510277232136,0.03849416529989709,0.3913043478260869,0.02697080078845218,0.03244306924550425,0.03913346504825244,0.05506983385068305,0.48416807583784394,,
Source/TxPert_Exphormer,Source,TxPert_Exphormer,risk,B0_SupportMean,0,0,RPE1,78,78,0.4838983129084056,0.6299902629016553,0.05728944377940545,0.5625,0.05788787081837651,0.0508742872625589,0.05412124188091506,0.07217638977762685,0.49806431084229685,,
Source/TxPert_Exphormer,Source,TxPert_Exphormer,risk,B0_SupportMean,0,0,hepg2,87,87,0.3806413820740907,0.5078916672741852,0.04874517831599232,0.7222222222222222,0.048813268749250266,0.04246025584224194,0.047268150628290345,0.05709098262733751,0.5127628026299914,,
Source/TxPert_Exphormer,Source,TxPert_Exphormer,risk,B0_SupportMean,0,0,jurkat,83,83,0.47023505879281957,0.5517190714075815,0.047347384547582486,0.6470588235294117,0.04540681569940509,0.04292284248068048,0.04587309173352657,0.054659950057214114,0.4894653500098416,,
Source/TxPert_Exphormer,Source,TxPert_Exphormer,risk,B0_SupportMean,0,1,K562,114,114,0.6370738536253561,0.5623741925031895,0.04889541328024275,0.4782608695652174,0.045752748226125996,0.044953525066375684,0.04737205457007671,0.06037501628004165,0.5435843965014729,,
Source/TxPert_Exphormer,Source,TxPert_Exphormer,risk,B0_SupportMean,0,1,RPE1,85,85,0.5940627246085102,0.31133476646472547,0.07377280206623898,0.5294117647058824,0.06368070033689337,0.07326710607637375,0.07570527151746802,0.08089801000916647,0.5403849556722871,,
Source/TxPert_Exphormer,Source,TxPert_Exphormer,risk,B0_SupportMean,0,1,hepg2,80,80,0.5397014628614926,0.396460384435068,0.05393673613702223,0.4375,0.045107466168701614,0.05668425420299168,0.05220896792598064,0.061441307543012004,0.5699811497677841,,
Source/TxPert_Exphormer,Source,TxPert_Exphormer,risk,B0_SupportMean,0,1,jurkat,83,83,0.5374051946194218,0.5526846060198984,0.0513365641495499,0.5294117647058824,0.044881127567754794,0.048925843856790434,0.04921405828957043,0.05877582660511617,0.5595099599905401,,
Source/TxPert_Exphormer,Source,TxPert_Exphormer,risk,B0_SupportMean,0,2,K562,112,112,0.6047244608418465,0.6980045785355521,0.04302002520858482,0.3913043478260869,0.03857041957477724,0.036653920522202565,0.040763355392430464,0.05794592230564614,0.5320729670881911,,
Source/TxPert_Exphormer,Source,TxPert_Exphormer,risk,B0_SupportMean,0,2,RPE1,84,84,0.4958319148553476,0.4099017920421181,0.07358951421019563,0.5882352941176471,0.06874597796963317,0.06779259410412868,0.07169709580817389,0.0816275511707272,0.542783844847014,,
Source/TxPert_Exphormer,Source,TxPert_Exphormer,risk,B0_SupportMean,0,2,hepg2,83,83,0.4870446877513064,0.6282481843751311,0.046528296063828786,0.5882352941176471,0.03792098247342636,0.03781896676210791,0.04759524669498201,0.058810738639839544,0.5603818344693787,,
Source/TxPert_Exphormer,Source,TxPert_Exphormer,risk,B0_SupportMean,0,2,jurkat,83,83,0.5333592625532447,0.5543008270013853,0.04683786960124688,0.5294117647058824,0.03571206745174191,0.04019641065422221,0.048182811898489754,0.057190484807984714,0.5256597862216613,,
Source/TxPert_Exphormer,Source,TxPert_Exphormer,risk,B0_SupportMean,0,3,K562,113,113,0.682684479549447,0.5679020560250184,0.04750124972092592,0.34782608695652173,0.05184181608880555,0.045948309580916905,0.043100441757001326,0.05618518016084376,0.47804248901816226,,
Source/TxPert_Exphormer,Source,TxPert_Exphormer,risk,B0_SupportMean,0,3,RPE1,88,88,0.41988347601284315,0.4695678207882781,0.06852890038732713,0.5,0.07039251654512348,0.06323950323793619,0.0647512018172578,0.07670986334988109,0.517087792334669,,
Source/TxPert_Exphormer,Source,TxPert_Exphormer,risk,B0_SupportMean,0,3,hepg2,82,82,0.5455533568956467,0.6370740414231452,0.04656083509338446,0.5294117647058824,0.04609657120373509,0.044786147992400514,0.04466832660865488,0.057854066995460814,0.5185209093273825,,
Source/TxPert_Exphormer,Source,TxPert_Exphormer,risk,B0_SupportMean,0,3,jurkat,78,78,0.5748229586424994,0.5656242491685529,0.04736536380038606,0.5625,0.03784886724315579,0.04301558388397092,0.04707120502224331,0.05682262910716723,0.4951767352615428,,
Source/TxPert_Exphormer,Source,TxPert_Exphormer,risk,B0_SupportMean,0,4,K562,113,113,0.7162429642776768,0.6713520526981172,0.04221132634672897,0.3913043478260869,0.03516723386322455,0.03734000253936515,0.03968849176900424,0.055478962211182925,0.5092001527535253,,
Source/TxPert_Exphormer,Source,TxPert_Exphormer,risk,B0_SupportMean,0,4,RPE1,81,81,0.5158613139060073,0.6126242095754292,0.060593336911912134,0.5294117647058824,0.04089758793512976,0.04828646527055427,0.06283618573371952,0.0768638487923293,0.5374634190573909,,
Source/TxPert_Exphormer,Source,TxPert_Exphormer,risk,B0_SupportMean,0,4,hepg2,73,73,0.5037915650488562,0.5152104158953474,0.0492804360134067,0.4666666666666667,0.04365074541419739,0.04133496346573029,0.0487869549542665,0.0588089533111062,0.537399619091447,,
Source/TxPert_Exphormer,Source,TxPert_Exphormer,risk,B0_SupportMean,0,4,jurkat,94,94,0.7619991684889059,0.7043095040277426,0.04576779484190675,0.42105263157894735,0.040702876821160285,0.038207708808936536,0.04434763568829979,0.0571366493993588,0.5329147253896779,,
Source/TxPert_Exphormer,Source,TxPert_Exphormer,risk,B0_SupportMean,0,MACRO,MACRO,1808,575,0.558914004991267,,0.05188013178878829,0.5071514877880976,0.04630242304695352,0.04685758804279945,0.050719262736930185,0.06259610835008626,0.524231263805605,20.0,20.0
Source/TxPert_Exphormer,Source,TxPert_Exphormer,risk,B1_HGB,0,0,K562,114,114,0.7113694720902981,0.7235211923614346,0.03807425811210147,0.3913043478260869,0.027308875539650473,0.03206285542767976,0.03848999447859165,0.05200203234279973,0.4925360337160661,,
Source/TxPert_Exphormer,Source,TxPert_Exphormer,risk,B1_HGB,0,0,RPE1,78,78,0.6679416912696844,0.7099609251507984,0.05531504387692513,0.4375,0.04712689784355459,0.043773616198450285,0.05509660655680371,0.07020159994811621,0.5250303310140101,,
Source/TxPert_Exphormer,Source,TxPert_Exphormer,risk,B1_HGB,0,0,hepg2,87,87,0.38061005207765997,0.5267551213822264,0.048500418585565495,0.7222222222222222,0.048813268749250266,0.04151658765557736,0.04659933529116886,0.05707807034179737,0.5011178090620652,,
Source/TxPert_Exphormer,Source,TxPert_Exphormer,risk,B1_HGB,0,0,jurkat,83,83,0.4648329878318518,0.5664329793039754,0.0472945943500615,0.7058823529411764,0.04277560508085617,0.042922842480680484,0.04494454689501291,0.05253756131967964,0.5030610142931229,,
Source/TxPert_Exphormer,Source,TxPert_Exphormer,risk,B1_HGB,0,1,K562,114,114,0.6827508302059658,0.5940219922642312,0.0486041438081533,0.4782608695652174,0.043097139646609585,0.04521111868645829,0.046244217311603934,0.05763939102347645,0.549440718649627,,
Source/TxPert_Exphormer,Source,TxPert_Exphormer,risk,B1_HGB,0,1,RPE1,85,85,0.491718255816415,0.3307992964627712,0.07308528184114779,0.5882352941176471,0.06718910588986342,0.07006596675252211,0.07210071129334525,0.07971613348384246,0.5564924980203336,,
Source/TxPert_Exphormer,Source,TxPert_Exphormer,risk,B1_HGB,0,1,hepg2,80,80,0.5539641289085829,0.4452414439756212,0.05329990423487825,0.4375,0.04510746616870161,0.05430829292163249,0.05229338598437603,0.06130738340145977,0.559943881776029,,
Source/TxPert_Exphormer,Source,TxPert_Exphormer,risk,B1_HGB,0,1,jurkat,83,83,0.587911421837382,0.611120439947945,0.050201372893123375,0.5294117647058824,0.04488112756775479,0.04693319243105014,0.04933446605822865,0.05691786462263351,0.5720825865028466,,
Source/TxPert_Exphormer,Source,TxPert_Exphormer,risk,B1_HGB,0,2,K562,112,112,0.6285119209867452,0.7307206068268015,0.04269311222671819,0.3913043478260869,0.034542440436780404,0.03596291253748143,0.04076261279572329,0.05521774510915648,0.5358038573729097,,
Source/TxPert_Exphormer,Source,TxPert_Exphormer,risk,B1_HGB,0,2,RPE1,84,84,0.5088483933396265,0.4254328237319024,0.07358902434802424,0.6470588235294117,0.07201044178671302,0.06860255833496061,0.07191212222512275,0.08081849786236905,0.5570691700676135,,
Source/TxPert_Exphormer,Source,TxPert_Exphormer,risk,B1_HGB,0,2,hepg2,83,83,0.596179225575068,0.6729776247848537,0.046116181849420665,0.5294117647058824,0.0371857413815127,0.03759348754058861,0.0467106944304846,0.05861403325207708,0.5450880125820933,,
Source/TxPert_Exphormer,Source,TxPert_Exphormer,risk,B1_HGB,0,2,jurkat,83,83,0.5205315594411625,0.605474161454179,0.04618477518633348,0.5294117647058824,0.03571206745174191,0.040728658218594116,0.04745092344958154,0.05594846547072538,0.535087179297569,,
Source/TxPert_Exphormer,Source,TxPert_Exphormer,risk,B1_HGB,0,3,K562,113,113,0.6722084019040483,0.6060699314658328,0.04687230809013,0.34782608695652173,0.04820093031351761,0.04348725606889824,0.04210716270302468,0.05356139179467896,0.4822277194939795,,
Source/TxPert_Exphormer,Source,TxPert_Exphormer,risk,B1_HGB,0,3,RPE1,88,88,0.6047233569688513,0.4642316226973338,0.06831028727877747,0.4444444444444444,0.06924317590892311,0.06472050129539432,0.06698244979435743,0.0759224179054385,0.5269367145604765,,
Source/TxPert_Exphormer,Source,TxPert_Exphormer,risk,B1_HGB,0,3,hepg2,82,82,0.5969047137333929,0.6547926121831499,0.04640658243842947,0.47058823529411764,0.04609657120373509,0.042504658593850934,0.04480022805311326,0.05720650561967776,0.5083381773834411,,
Source/TxPert_Exphormer,Source,TxPert_Exphormer,risk,B1_HGB,0,3,jurkat,78,78,0.5771377005882515,0.5820887972786707,0.047152878243531725,0.5625,0.03784886724315579,0.04342374159023161,0.0469790008396674,0.055417074264213544,0.5034170635093884,,
Source/TxPert_Exphormer,Source,TxPert_Exphormer,risk,B1_HGB,0,4,K562,113,113,0.7683130643258103,0.6832623594384191,0.04193248813473036,0.34782608695652173,0.0355274672619998,0.03768143138807748,0.03965802752135088,0.053294431315693384,0.5117718891161204,,
Source/TxPert_Exphormer,Source,TxPert_Exphormer,risk,B1_HGB,0,4,RPE1,81,81,0.5154878866520068,0.6392502258355918,0.05999688464103656,0.5882352941176471,0.035214375911487426,0.050366480889565746,0.060168270748562874,0.07581506089995921,0.5484843350980185,,
Source/TxPert_Exphormer,Source,TxPert_Exphormer,risk,B1_HGB,0,4,hepg2,73,73,0.60120055841611,0.5524188572133779,0.048443465243845844,0.4,0.0394914611242711,0.04109067333241299,0.049163302608035656,0.05813254391502332,0.5291539193495741,,
Source/TxPert_Exphormer,Source,TxPert_Exphormer,risk,B1_HGB,0,4,jurkat,94,94,0.7473097326999895,0.6912906838131706,0.04592445425106219,0.42105263157894735,0.039552873000502545,0.03895505164798933,0.04443056493046431,0.056225421221096014,0.5399145151669926,,
Source/TxPert_Exphormer,Source,TxPert_Exphormer,risk,B1_HGB,0,MACRO,MACRO,1808,575,0.5939227677334451,,0.051399872981699825,0.49849881657468476,0.044846294975529076,0.046095594199604815,0.05031143119843099,0.061178681255695685,0.529149871301614,20.0,20.0
Source/TxPert_Exphormer,Source,TxPert_Exphormer,risk,B2_Pointwise,20260930,0,K562,114,114,0.7337064865772183,0.7249630424657258,0.03810620846771261,0.34782608695652173,0.02827904978767033,0.03197608726180113,0.038647381719528535,0.05149919883881613,0.49706329474519606,,
Source/TxPert_Exphormer,Source,TxPert_Exphormer,risk,B2_Pointwise,20260930,0,RPE1,78,78,0.6557899853457853,0.696708354936203,0.055633649374251776,0.375,0.04712689784355459,0.04488950711674984,0.05587495686725159,0.06831068624225503,0.5501772403474836,,
Source/TxPert_Exphormer,Source,TxPert_Exphormer,risk,B2_Pointwise,20260930,0,hepg2,87,87,0.49013548215081126,0.5150543121673834,0.04907505269083133,0.6666666666666667,0.04750038228101197,0.043927252706554155,0.04708136008544397,0.05487899643508906,0.5341536635426087,,
Source/TxPert_Exphormer,Source,TxPert_Exphormer,risk,B2_Pointwise,20260930,0,jurkat,83,83,0.6458374623263857,0.6058099995802023,0.04700465941339941,0.5294117647058824,0.04551076537205108,0.04292284248068048,0.04447424637952016,0.05163736618299666,0.5124844747449854,,
Source/TxPert_Exphormer,Source,TxPert_Exphormer,risk,B2_Pointwise,20260930,1,K562,114,114,0.7007343217686416,0.583240517607987,0.04890768800058254,0.4782608695652174,0.04488345266630247,0.044401914043270985,0.04642892060311212,0.05709345777834018,0.5518488656092807,,
Source/TxPert_Exphormer,Source,TxPert_Exphormer,risk,B2_Pointwise,20260930,1,RPE1,85,85,0.5852040288309053,0.45616572210279455,0.0720629480770548,0.5294117647058824,0.07423808218704327,0.07614697000997905,0.06828785492757028,0.07719216916942416,0.584065511847171,,
Source/TxPert_Exphormer,Source,TxPert_Exphormer,risk,B2_Pointwise,20260930,1,hepg2,80,80,0.5426616326531317,0.4482887951242382,0.0537876918697755,0.5,0.04358414001762864,0.053664456354454125,0.05255546825937922,0.059487500325978625,0.5982427415359142,,
Source/TxPert_Exphormer,Source,TxPert_Exphormer,risk,B2_Pointwise,20260930,1,jurkat,83,83,0.6178422463763916,0.6786448931614961,0.04899625938528855,0.5294117647058824,0.041012043961220254,0.04237799116355527,0.047496814236399634,0.056248680919129275,0.5810821214961294,,
Source/TxPert_Exphormer,Source,TxPert_Exphormer,risk,B2_Pointwise,20260930,2,K562,112,112,0.5945425062503421,0.7101001127549801,0.043142768339985794,0.4347826086956522,0.03500288166105743,0.036008753368388005,0.043941199247326125,0.0544928364545587,0.5406152020428331,,
Source/TxPert_Exphormer,Source,TxPert_Exphormer,risk,B2_Pointwise,20260930,2,RPE1,84,84,0.5947782638300522,0.495373088994634,0.07228542317486822,0.5294117647058824,0.06823492940101354,0.061542031848255276,0.06963572025831252,0.07747077594441984,0.5958407784612237,,
Source/TxPert_Exphormer,Source,TxPert_Exphormer,risk,B2_Pointwise,20260930,2,hepg2,83,83,0.704243664180222,0.6948071029763654,0.04555355116554905,0.47058823529411764,0.038280292931530166,0.0382089301505509,0.04638623104741171,0.055873352812458955,0.5931520511445851,,
Source/TxPert_Exphormer,Source,TxPert_Exphormer,risk,B2_Pointwise,20260930,2,jurkat,83,83,0.5262199645391304,0.6322782418874102,0.04604441091456559,0.5882352941176471,0.03619336295459001,0.03976029968437021,0.04742942630712471,0.05541618768820247,0.5427496629615547,,
Source/TxPert_Exphormer,Source,TxPert_Exphormer,risk,B2_Pointwise,20260930,3,K562,113,113,0.6873722516220057,0.5974116707698451,0.047026846800152615,0.34782608695652173,0.047505313530564273,0.044188333189357845,0.04234265732137776,0.053280479738757,0.4836512447401229,,
Source/TxPert_Exphormer,Source,TxPert_Exphormer,risk,B2_Pointwise,20260930,3,RPE1,88,88,0.7410546629891289,0.5172942129548096,0.06791958757750133,0.33333333333333337,0.07039251654512348,0.06322511513200066,0.06560517390343272,0.07356481332116363,0.5645248194571523,,
Source/TxPert_Exphormer,Source,TxPert_Exphormer,risk,B2_Pointwise,20260930,3,hepg2,82,82,0.59529489640024,0.6990237372253241,0.04601409240556332,0.4117647058823529,0.04609657120373509,0.04354785273180283,0.04426949730188376,0.05488564696625853,0.5511991596340232,,
Source/TxPert_Exphormer,Source,TxPert_Exphormer,risk,B2_Pointwise,20260930,3,jurkat,78,78,0.6725985836746914,0.5716182551625589,0.04725081221895623,0.5,0.03784886724315579,0.04171409364789719,0.0474105013104585,0.05469379035195632,0.510458650821933,,
Source/TxPert_Exphormer,Source,TxPert_Exphormer,risk,B2_Pointwise,20260930,4,K562,113,113,0.6957799323337523,0.6653553130614147,0.042162356946844594,0.34782608695652173,0.03747723360235487,0.03715524134104662,0.039625283592102774,0.05288354872652877,0.5108025141915532,,
Source/TxPert_Exphormer,Source,TxPert_Exphormer,risk,B2_Pointwise,20260930,4,RPE1,81,81,0.5547000511687212,0.6618112014453478,0.05951370306749657,0.5294117647058824,0.03730987653964089,0.047222848105079936,0.06063698005022067,0.07383946115701409,0.5740747406080825,,
Source/TxPert_Exphormer,Source,TxPert_Exphormer,risk,B2_Pointwise,20260930,4,hepg2,73,73,0.6366739703280389,0.6081081081081082,0.04803813176286344,0.4,0.04127766750752922,0.04367817938327785,0.04679447618892059,0.056578012237270055,0.5545975052815626,,
Source/TxPert_Exphormer,Source,TxPert_Exphormer,risk,B2_Pointwise,20260930,4,jurkat,94,94,0.5468195852559995,0.6490264783441101,0.04645814370163617,0.5789473684210527,0.03908374123275277,0.03972674180802543,0.04462334799005627,0.05588345349937175,0.5414428700551867,,
Source/TxPert_Exphormer,Source,TxPert_Exphormer,risk,B2_Pointwise,20260930,MACRO,MACRO,1808,575,0.6260994989300798,,0.05124919926774396,0.4714058083187508,0.045341903423476514,0.0458142720763549,0.04997737487984169,0.059760520739499466,0.5486113556634291,20.0,20.0
Source/TxPert_Exphormer,Source,TxPert_Exphormer,risk,B2_Pointwise,20261001,0,K562,114,114,0.7337064865772183,0.7190822381077744,0.03821758924219913,0.34782608695652173,0.026898604196806702,0.03252658839135061,0.03877037936788897,0.05155926484520661,0.49702622798071555,,
Source/TxPert_Exphormer,Source,TxPert_Exphormer,risk,B2_Pointwise,20261001,0,RPE1,78,78,0.6620035696172558,0.7137040175014858,0.05519385311511337,0.375,0.04712689784355459,0.044937015743926126,0.055203856231692466,0.06849546387436073,0.5462719396894518,,
Source/TxPert_Exphormer,Source,TxPert_Exphormer,risk,B2_Pointwise,20261001,0,hepg2,87,87,0.44912082854835,0.5232011372749142,0.048935928749861954,0.6666666666666667,0.04750038228101197,0.041168601045178006,0.047022880986332845,0.05475472353085581,0.5351487967085158,,
Source/TxPert_Exphormer,Source,TxPert_Exphormer,risk,B2_Pointwise,20261001,0,jurkat,83,83,0.5989797014866328,0.5843793291633432,0.04722299049532262,0.5882352941176471,0.04551076537205108,0.04258046112954611,0.04447424637952017,0.05170460102070187,0.5114661335144267,,
Source/TxPert_Exphormer,Source,TxPert_Exphormer,risk,B2_Pointwise,20261001,1,K562,114,114,0.7217384712759156,0.5878657783357971,0.04876670566480224,0.4347826086956522,0.04592226849248008,0.04440191404327098,0.04624635628179495,0.05705818233413858,0.5521749440074757,,
Source/TxPert_Exphormer,Source,TxPert_Exphormer,risk,B2_Pointwise,20261001,1,RPE1,85,85,0.6570544018949757,0.45790502247410586,0.07208232585084758,0.47058823529411764,0.07423808218704327,0.0755074456991518,0.06877507455646988,0.07718088964042602,0.5853645333087826,,
Source/TxPert_Exphormer,Source,TxPert_Exphormer,risk,B2_Pointwise,20261001,1,hepg2,80,80,0.6465169052937004,0.41633849038912335,0.05431271306029197,0.4375,0.04358414001762864,0.055428420193493325,0.054139229888096406,0.05947649803322334,0.5978866399333744,,
Source/TxPert_Exphormer,Source,TxPert_Exphormer,risk,B2_Pointwise,20261001,1,jurkat,83,83,0.5427221570410096,0.6452499895050585,0.04932079411264484,0.5882352941176471,0.04005922521981922,0.04265442939803876,0.048830236485671384,0.0564666855970574,0.5786197503366669,,
Source/TxPert_Exphormer,Source,TxPert_Exphormer,risk,B2_Pointwise,20261001,2,K562,112,112,0.6109791887403503,0.7066747531349301,0.043106406307162164,0.3913043478260869,0.03857041957477724,0.03517997945132458,0.04404257969664671,0.054480384068083934,0.5420591128540185,,
Source/TxPert_Exphormer,Source,TxPert_Exphormer,risk,B2_Pointwise,20261001,2,RPE1,84,84,0.7013209307217405,0.4921939860281462,0.07235879818970183,0.5294117647058824,0.06823492940101354,0.061542031848255276,0.07086720508301537,0.07764331422310333,0.5935656337495693,,
Source/TxPert_Exphormer,Source,TxPert_Exphormer,risk,B2_Pointwise,20261001,2,hepg2,83,83,0.704243664180222,0.701691784559842,0.0456697851205042,0.47058823529411764,0.038280292931530166,0.03820893015055091,0.04512406056303348,0.05599238260744123,0.592402493293381,,
Source/TxPert_Exphormer,Source,TxPert_Exphormer,risk,B2_Pointwise,20261001,2,jurkat,83,83,0.6122245966032244,0.6643088031568783,0.04583233585629015,0.47058823529411764,0.03718595144649342,0.03863874307888391,0.04655221818635856,0.05500927372346235,0.5432736592639208,,
Source/TxPert_Exphormer,Source,TxPert_Exphormer,risk,B2_Pointwise,20261001,3,K562,113,113,0.6873722516220057,0.6028761061946905,0.04702222945784328,0.34782608695652173,0.047505313530564273,0.044188333189357845,0.04201451597506535,0.05303824362308164,0.48469684987670725,,
Source/TxPert_Exphormer,Source,TxPert_Exphormer,risk,B2_Pointwise,20261001,3,RPE1,88,88,0.8364916304447532,0.544468317424536,0.06764875419566724,0.33333333333333337,0.07039251654512348,0.06252083823912669,0.06541182117705992,0.07336972319818186,0.5650131737618206,,
Source/TxPert_Exphormer,Source,TxPert_Exphormer,risk,B2_Pointwise,20261001,3,hepg2,82,82,0.59529489640024,0.7053144828637041,0.045880771946180794,0.4117647058823529,0.04609657120373509,0.042741319712470506,0.04360674326194491,0.05496194928073977,0.5507415287341169,,
Source/TxPert_Exphormer,Source,TxPert_Exphormer,risk,B2_Pointwise,20261001,3,jurkat,78,78,0.5918875869137089,0.544177341645696,0.04773284612052626,0.5,0.0438370355404913,0.043998183100484256,0.047178289924676556,0.054679683376356786,0.511490787726486,,
Source/TxPert_Exphormer,Source,TxPert_Exphormer,risk,B2_Pointwise,20261001,4,K562,113,113,0.7366386998587094,0.6726661787211391,0.04205092360720084,0.34782608695652173,0.03500076554094747,0.036224128435487286,0.039625283592102774,0.05285349041279302,0.5125946084101088,,
Source/TxPert_Exphormer,Source,TxPert_Exphormer,risk,B2_Pointwise,20261001,4,RPE1,81,81,0.5547000511687212,0.6705736224028906,0.05930265503333544,0.5294117647058824,0.03730987653964089,0.047222848105079936,0.06043016283613875,0.07378245700887462,0.5739541458577367,,
Source/TxPert_Exphormer,Source,TxPert_Exphormer,risk,B2_Pointwise,20261001,4,hepg2,73,73,0.64963794497885,0.6069665555966927,0.047790631690950186,0.33333333333333337,0.04063473129644985,0.04142843894660468,0.04646050955194069,0.05667233742971307,0.5540320126810191,,
Source/TxPert_Exphormer,Source,TxPert_Exphormer,risk,B2_Pointwise,20261001,4,jurkat,94,94,0.574354053488514,0.6753386554925406,0.04627988675030761,0.5789473684210527,0.03938116878271099,0.03912039493259627,0.044840234391232706,0.05569281429952987,0.5436470372581812,,
Source/TxPert_Exphormer,Source,TxPert_Exphormer,risk,B2_Pointwise,20261001,MACRO,MACRO,1808,575,0.6433494008428048,,0.051236446228337694,0.45765847242787283,0.04566349689719367,0.04551095224170889,0.049980794220834145,0.05974361810636658,0.5485715004473237,20.0,20.0
Source/TxPert_Exphormer,Source,TxPert_Exphormer,risk,B2_Pointwise,20261002,0,K562,114,114,0.7137118060688911,0.7270691156517689,0.03812409894290589,0.3913043478260869,0.028279049787670322,0.032221012708285535,0.03830354905834319,0.0515829608452437,0.49728203142401806,,
Source/TxPert_Exphormer,Source,TxPert_Exphormer,risk,B2_Pointwise,20261002,0,RPE1,78,78,0.6012033066947161,0.6961519493165063,0.05588946019887653,0.375,0.04712689784355459,0.047129167709499556,0.055203856231692466,0.06834564896462042,0.5493719996835174,,
Source/TxPert_Exphormer,Source,TxPert_Exphormer,risk,B2_Pointwise,20261002,0,hepg2,87,87,0.46404393434653585,0.5178792738937085,0.04911879632975363,0.6666666666666667,0.04820484005742599,0.04334344870100415,0.047022880986332845,0.05513266001196642,0.5319276161300484,,
Source/TxPert_Exphormer,Source,TxPert_Exphormer,risk,B2_Pointwise,20261002,0,jurkat,83,83,0.6091062729415179,0.5857226816674362,0.04716997163401735,0.5882352941176471,0.04573745425376622,0.04258046112954612,0.04447424637952017,0.05172910518237694,0.511957999996004,,
Source/TxPert_Exphormer,Source,TxPert_Exphormer,risk,B2_Pointwise,20261002,1,K562,114,114,0.7217384712759165,0.5874850651060125,0.04881854470397031,0.4347826086956522,0.04488345266630247,0.04511438723167642,0.04657219030093724,0.057092640135809794,0.5520516080691947,,
Source/TxPert_Exphormer,Source,TxPert_Exphormer,risk,B2_Pointwise,20261002,1,RPE1,85,85,0.6566436217241126,0.46763728747312877,0.0719893107625647,0.47058823529411764,0.07423808218704327,0.07614697000997905,0.06868110124974745,0.07719416710315935,0.5839814596211543,,
Source/TxPert_Exphormer,Source,TxPert_Exphormer,risk,B2_Pointwise,20261002,1,hepg2,80,80,0.4765492618684716,0.4452414439756212,0.05379346354862653,0.5625,0.045458331471309024,0.053325593238696414,0.05322923338972028,0.05940023034032658,0.5995067805055195,,
Source/TxPert_Exphormer,Source,TxPert_Exphormer,risk,B2_Pointwise,20261002,1,jurkat,83,83,0.5785891159060073,0.5870870240544057,0.050027181385496035,0.5882352941176471,0.04005922521981922,0.04369225298218862,0.05074631125621848,0.05630934360984134,0.5805582442758399,,
Source/TxPert_Exphormer,Source,TxPert_Exphormer,risk,B2_Pointwise,20261002,2,K562,112,112,0.6109791887403503,0.7185140260361499,0.04294796532565063,0.3913043478260869,0.034542440436780404,0.035545202215080625,0.041354688948818566,0.05439988942195501,0.5411111563381114,,
Source/TxPert_Exphormer,Source,TxPert_Exphormer,risk,B2_Pointwise,20261002,2,RPE1,84,84,0.6753057918481099,0.48595727447605547,0.07238485592725039,0.5294117647058824,0.06823492940101354,0.061542031848255276,0.07109442632645364,0.07751099467002229,0.5963346579781872,,
Source/TxPert_Exphormer,Source,TxPert_Exphormer,risk,B2_Pointwise,20261002,2,hepg2,83,83,0.7014848716617798,0.691784559842156,0.045711332414500934,0.47058823529411764,0.03828029293153016,0.04072850504342243,0.046029298566281754,0.05615144937005656,0.5900719568882207,,
Source/TxPert_Exphormer,Source,TxPert_Exphormer,risk,B2_Pointwise,20261002,2,jurkat,83,83,0.6135459247715727,0.6587464841946181,0.04571668659651818,0.47058823529411764,0.03718595144649342,0.038671926430919545,0.046789145939761634,0.05503785635890763,0.5439774110927591,,
Source/TxPert_Exphormer,Source,TxPert_Exphormer,risk,B2_Pointwise,20261002,3,K562,113,113,0.6873722516220057,0.6053213786679088,0.046940419604168726,0.34782608695652173,0.047505313530564273,0.04419124256009637,0.04223033197616272,0.05312581616624802,0.48419462639896865,,
Source/TxPert_Exphormer,Source,TxPert_Exphormer,risk,B2_Pointwise,20261002,3,RPE1,88,88,0.8364916304447532,0.5395195660596669,0.06758379254495979,0.33333333333333337,0.07039251654512348,0.06322511513200066,0.06377694434062997,0.07330043103390108,0.5665469076332702,,
Source/TxPert_Exphormer,Source,TxPert_Exphormer,risk,B2_Pointwise,20261002,3,hepg2,82,82,0.6065514153603214,0.6884230689696456,0.04619594145672967,0.4117647058823529,0.04609657120373509,0.042504658593850934,0.044681490058215596,0.05477680349975057,0.5510358049311235,,
Source/TxPert_Exphormer,Source,TxPert_Exphormer,risk,B2_Pointwise,20261002,3,jurkat,78,78,0.7102101338828936,0.5774352230048432,0.04724269244251288,0.4375,0.039796559140086125,0.04171409364789719,0.04736392142680971,0.054656108376748114,0.5115673714511493,,
Source/TxPert_Exphormer,Source,TxPert_Exphormer,risk,B2_Pointwise,20261002,4,K562,113,113,0.6957799323337523,0.6702375407545413,0.042064080917856954,0.34782608695652173,0.03500076554094747,0.036224128435487286,0.039625283592102774,0.052965261789260504,0.5116082678690217,,
Source/TxPert_Exphormer,Source,TxPert_Exphormer,risk,B2_Pointwise,20261002,4,RPE1,81,81,0.6601204155170072,0.6675022583559169,0.0593604280375575,0.47058823529411764,0.03730987653964089,0.047222848105079936,0.06102541334381912,0.07374540926140756,0.576222689463389,,
Source/TxPert_Exphormer,Source,TxPert_Exphormer,risk,B2_Pointwise,20261002,4,hepg2,73,73,0.64963794497885,0.6091571023077874,0.048253515098507685,0.33333333333333337,0.04238523519597943,0.04231521487236019,0.04640060517232156,0.056551425830689374,0.5543547018641379,,
Source/TxPert_Exphormer,Source,TxPert_Exphormer,risk,B2_Pointwise,20261002,4,jurkat,94,94,0.48513279906527945,0.6596033666871365,0.04647383664213286,0.631578947368421,0.039381168782710994,0.038958335001217655,0.04554114141996865,0.05565824775556267,0.5446663902735872,,
Source/TxPert_Exphormer,Source,TxPert_Exphormer,risk,B2_Pointwise,20261002,MACRO,MACRO,1808,575,0.6377099045526421,,0.05129031872572787,0.4626477879481312,0.045504947709074824,0.0458198297798272,0.05000730299819291,0.0597333224863927,0.5489164840943612,20.0,20.0
Source/TxPert_Exphormer,Source,TxPert_Exphormer,risk,B3_DeepSets,20260930,0,K562,114,114,0.7337064865772183,0.7298394119195644,0.03804611522174713,0.34782608695652173,0.02827904978767033,0.03206285542767976,0.03830354905834319,0.051534278706012245,0.49683482681048513,,
Source/TxPert_Exphormer,Source,TxPert_Exphormer,risk,B3_DeepSets,20260930,0,RPE1,78,78,0.6557899853457856,0.6899556140062469,0.05583068307300804,0.375,0.04712689784355459,0.04508187319152054,0.05587495686725159,0.06826413748862768,0.5506007182116692,,
Source/TxPert_Exphormer,Source,TxPert_Exphormer,risk,B3_DeepSets,20260930,0,hepg2,87,87,0.46404393434653585,0.517569439381789,0.04903269739325432,0.6666666666666667,0.04820576703382859,0.04392725270655416,0.047230894931338,0.05490683406863683,0.53360043311824,,
Source/TxPert_Exphormer,Source,TxPert_Exphormer,risk,B3_DeepSets,20260930,0,jurkat,83,83,0.5289634834319068,0.5959027748625163,0.04702673276746756,0.6470588235294117,0.04277560508085617,0.04292284248068048,0.04447424637952017,0.051676357239540394,0.5118478666042139,,
Source/TxPert_Exphormer,Source,TxPert_Exphormer,risk,B3_DeepSets,20260930,1,K562,114,114,0.7447164162130347,0.588319394098945,0.04878157193966372,0.4347826086956522,0.044961403279254776,0.04444974968614781,0.04624635628179495,0.05704893604835563,0.5536173499684369,,
Source/TxPert_Exphormer,Source,TxPert_Exphormer,risk,B3_DeepSets,20260930,1,RPE1,85,85,0.5852040288309053,0.4546804768418996,0.07234432985810942,0.5294117647058824,0.07423808218704327,0.07614697000997905,0.06945779014292147,0.07716397948005753,0.5848168707729254,,
Source/TxPert_Exphormer,Source,TxPert_Exphormer,risk,B3_DeepSets,20260930,1,hepg2,80,80,0.5074538381123922,0.43556024378809194,0.05383067200459476,0.5,0.045458331471309024,0.053664456354454125,0.05353303593583401,0.059249296734315116,0.6008110679649392,,
Source/TxPert_Exphormer,Source,TxPert_Exphormer,risk,B3_DeepSets,20260930,1,jurkat,83,83,0.528895831324411,0.6474119474413332,0.04933444926550816,0.5882352941176471,0.041012043961220254,0.042654429398038755,0.04803150887822817,0.05620440951998613,0.5804983597733276,,
Source/TxPert_Exphormer,Source,TxPert_Exphormer,risk,B3_DeepSets,20260930,2,K562,112,112,0.5945425062503421,0.7038558786346397,0.04307794046235632,0.4347826086956522,0.034542440436780404,0.035545202215080625,0.04368385100471117,0.05444508146838443,0.5410087730914491,,
Source/TxPert_Exphormer,Source,TxPert_Exphormer,risk,B3_DeepSets,20260930,2,RPE1,84,84,0.6908152449815975,0.49895717323073807,0.07221048456590003,0.5294117647058824,0.06823492940101354,0.06527714749031202,0.07144791965505902,0.07748616423178195,0.5940894284131164,,
Source/TxPert_Exphormer,Source,TxPert_Exphormer,risk,B3_DeepSets,20260930,2,hepg2,83,83,0.6372401654956733,0.7180638932034757,0.04540186776826634,0.5294117647058824,0.038280292931530166,0.04085475403596369,0.045108583667093756,0.05605933731842521,0.5888859897064354,,
Source/TxPert_Exphormer,Source,TxPert_Exphormer,risk,B3_DeepSets,20260930,2,jurkat,83,83,0.5491931737165682,0.6378195709667939,0.04596303459004491,0.5294117647058824,0.03801262606349252,0.03953226995380481,0.04734751932500369,0.05513543353763983,0.5441288720224654,,
Source/TxPert_Exphormer,Source,TxPert_Exphormer,risk,B3_DeepSets,20260930,3,K562,113,113,0.6873722516220057,0.6026515403553132,0.046976124987701005,0.34782608695652173,0.047505313530564273,0.044188333189357845,0.04223033197616272,0.05311323508411163,0.4852441241796322,,
Source/TxPert_Exphormer,Source,TxPert_Exphormer,risk,B3_DeepSets,20260930,3,RPE1,88,88,0.7410546629891289,0.5181395512662463,0.06797659850247446,0.33333333333333337,0.07039251654512348,0.06322511513200066,0.06498286077244711,0.07353810858347792,0.5635751535308142,,
Source/TxPert_Exphormer,Source,TxPert_Exphormer,risk,B3_DeepSets,20260930,3,hepg2,82,82,0.6807429783377644,0.6894461314091053,0.04618439766473778,0.3529411764705882,0.04609657120373509,0.042504658593850934,0.04376244022533656,0.05476447187033988,0.5504269092526153,,
Source/TxPert_Exphormer,Source,TxPert_Exphormer,risk,B3_DeepSets,20260930,3,jurkat,78,78,0.6546485145778103,0.5769041085496782,0.047188176672329524,0.5,0.03979655914008612,0.04171409364789719,0.04697900083966739,0.05465527889686157,0.5107521771171667,,
Source/TxPert_Exphormer,Source,TxPert_Exphormer,risk,B3_DeepSets,20260930,4,K562,113,113,0.6957799323337523,0.6671268880165014,0.04217062763672455,0.34782608695652173,0.03747723360235487,0.0379154623040686,0.03965802752135088,0.052876864074884705,0.5126301882408814,,
Source/TxPert_Exphormer,Source,TxPert_Exphormer,risk,B3_DeepSets,20260930,4,RPE1,81,81,0.6848367979618344,0.6717479674796747,0.05935884491357754,0.47058823529411764,0.0373098765396409,0.047222848105079936,0.06025485539945155,0.07382835320193125,0.5742392406131666,,
Source/TxPert_Exphormer,Source,TxPert_Exphormer,risk,B3_DeepSets,20260930,4,hepg2,73,73,0.6366739703280389,0.5841972109095397,0.04833089174326584,0.4,0.04127766750752921,0.04283927232027049,0.04679447618892059,0.05675781384331795,0.554912003089834,,
Source/TxPert_Exphormer,Source,TxPert_Exphormer,risk,B3_DeepSets,20260930,4,jurkat,94,94,0.4841269640995287,0.6521764259653938,0.04641803275979934,0.631578947368421,0.03908374123275277,0.03956468187664681,0.044622674267342705,0.05582364377983552,0.5424021372335428,,
Source/TxPert_Exphormer,Source,TxPert_Exphormer,risk,B3_DeepSets,20260930,MACRO,MACRO,1808,575,0.6242900583438117,,0.05127421368952654,0.4748046506932292,0.04550334743896702,0.04606471340596942,0.05000124396588894,0.05972660075882617,0.5487461244857679,20.0,20.0
Source/TxPert_Exphormer,Source,TxPert_Exphormer,risk,B3_DeepSets,20261001,0,K562,114,114,0.7351354798478067,0.7176808894109071,0.03822560901845405,0.34782608695652173,0.0268986041968067,0.032526588391350614,0.03816666934443143,0.051542509939630866,0.49718980885980246,,
Source/TxPert_Exphormer,Source,TxPert_Exphormer,risk,B3_DeepSets,20261001,0,RPE1,78,78,0.6620035696172561,0.7127176620847505,0.05524892795370243,0.375,0.04712689784355459,0.045922968769445974,0.055203856231692466,0.06846748466971143,0.5471258874342162,,
Source/TxPert_Exphormer,Source,TxPert_Exphormer,risk,B3_DeepSets,20261001,0,hepg2,87,87,0.44912082854835,0.5201574688342931,0.0490073773206996,0.6666666666666667,0.048108810972836244,0.041168601045178006,0.0470628254115581,0.054863848416678414,0.5330301588076222,,
Source/TxPert_Exphormer,Source,TxPert_Exphormer,risk,B3_DeepSets,20261001,0,jurkat,83,83,0.5991245352707858,0.5878426598379581,0.047194076356878764,0.5882352941176471,0.04573745425376622,0.04292284248068048,0.04447424637952016,0.051739795355003004,0.5110478652278365,,
Source/TxPert_Exphormer,Source,TxPert_Exphormer,risk,B3_DeepSets,20261001,1,K562,114,114,0.646523198077919,0.5851683846013649,0.04880175709997268,0.4782608695652174,0.04575274822612599,0.04440191404327098,0.04657219030093724,0.057060153703871005,0.5526938634688952,,
Source/TxPert_Exphormer,Source,TxPert_Exphormer,risk,B3_DeepSets,20261001,1,RPE1,85,85,0.6570544018949757,0.4617549345319523,0.07200418639696708,0.47058823529411764,0.0678838046474589,0.0755074456991518,0.06917878149380513,0.07710141946221466,0.5851073137089838,,
Source/TxPert_Exphormer,Source,TxPert_Exphormer,risk,B3_DeepSets,20261001,1,hepg2,80,80,0.584760801727814,0.44643694327238637,0.05377067946559223,0.4375,0.04358414001762864,0.05197883420623835,0.053269692091271234,0.05928109492339421,0.5972458017127529,,
Source/TxPert_Exphormer,Source,TxPert_Exphormer,risk,B3_DeepSets,20261001,1,jurkat,83,83,0.6437987430348263,0.6550312749254859,0.04914581272909482,0.5294117647058824,0.04005922521981922,0.04235981832094047,0.048160280278395994,0.05631072606413719,0.5796871437076632,,
Source/TxPert_Exphormer,Source,TxPert_Exphormer,risk,B3_DeepSets,20261001,2,K562,112,112,0.6109791887403503,0.7141917518023713,0.042971090991076946,0.3913043478260869,0.034542440436780404,0.036008753368388005,0.04395958036184306,0.054408600780401994,0.5405923461712698,,
Source/TxPert_Exphormer,Source,TxPert_Exphormer,risk,B3_DeepSets,20261001,2,RPE1,84,84,0.707565753813668,0.4986534372785259,0.07224426367632149,0.5294117647058824,0.06823492940101354,0.06527714749031202,0.07048809931923941,0.07762315032010263,0.5947801506138141,,
Source/TxPert_Exphormer,Source,TxPert_Exphormer,risk,B3_DeepSets,20261001,2,hepg2,83,83,0.5519565898534795,0.6682549011376516,0.04613098469971749,0.5882352941176471,0.038280292931530166,0.03753499412799579,0.0473678445088721,0.05632955897226907,0.5862270722022627,,
Source/TxPert_Exphormer,Source,TxPert_Exphormer,risk,B3_DeepSets,20261001,2,jurkat,83,83,0.5642794557813636,0.6727677259560891,0.04568107299946153,0.5294117647058824,0.038012626063492524,0.038671926430919545,0.046632135952157594,0.054874091740187085,0.543683060642862,,
Source/TxPert_Exphormer,Source,TxPert_Exphormer,risk,B3_DeepSets,20261001,3,K562,113,113,0.6873722516220057,0.6027679819016569,0.04702796042880914,0.34782608695652173,0.047505313530564273,0.044188333189357845,0.042014515975065364,0.05304008544204962,0.4852701233446504,,
Source/TxPert_Exphormer,Source,TxPert_Exphormer,risk,B3_DeepSets,20261001,3,RPE1,88,88,0.8364916304447532,0.545701102462048,0.0675850361045396,0.33333333333333337,0.07039251654512348,0.06322511513200066,0.06567580574615431,0.07340185985819486,0.5654183453919641,,
Source/TxPert_Exphormer,Source,TxPert_Exphormer,risk,B3_DeepSets,20261001,3,hepg2,82,82,0.6772302213304896,0.6911439797128895,0.04601769114926921,0.3529411764705882,0.04609657120373509,0.04297241064555501,0.04360674326194491,0.054775554549666004,0.5523052097477716,,
Source/TxPert_Exphormer,Source,TxPert_Exphormer,risk,B3_DeepSets,20261001,3,jurkat,78,78,0.6512650332501657,0.54771810468013,0.04758505857407187,0.5,0.03979655914008612,0.043998183100484256,0.047914420564969334,0.054711187377564356,0.511917660412772,,
Source/TxPert_Exphormer,Source,TxPert_Exphormer,risk,B3_DeepSets,20261001,4,K562,113,113,0.7219988947192192,0.6712605629117041,0.04206946709443218,0.34782608695652173,0.03747723360235487,0.036224128435487286,0.039625283592102774,0.052830106326517266,0.5130727742863451,,
Source/TxPert_Exphormer,Source,TxPert_Exphormer,risk,B3_DeepSets,20261001,4,RPE1,81,81,0.5547000511687212,0.671070460704607,0.05926263964553024,0.5294117647058824,0.035214375911487426,0.047222848105079936,0.060135142377963836,0.07378787610797417,0.5745631257795871,,
Source/TxPert_Exphormer,Source,TxPert_Exphormer,risk,B3_DeepSets,20261001,4,hepg2,73,73,0.64963794497885,0.6131062569418736,0.04779262746376279,0.33333333333333337,0.04373812139965589,0.04142843894660468,0.04633047950227513,0.05659051939984142,0.5547227210071927,,
Source/TxPert_Exphormer,Source,TxPert_Exphormer,risk,B3_DeepSets,20261001,4,jurkat,94,94,0.48513279906527945,0.6660333056388398,0.04637513064235177,0.631578947368421,0.03908374123275277,0.03912039493259627,0.044840234391232706,0.05575787401936134,0.5427894214135038,,
Source/TxPert_Exphormer,Source,TxPert_Exphormer,risk,B3_DeepSets,20261001,MACRO,MACRO,1808,575,0.6338065686394039,,0.051207072490535285,0.4654051408893077,0.04517632033882866,0.0456330843430519,0.050033941354271604,0.05972487487143854,0.5484234926970885,20.0,20.0
Source/TxPert_Exphormer,Source,TxPert_Exphormer,risk,B3_DeepSets,20261002,0,K562,114,114,0.7351354798478067,0.7332010287357487,0.038018644005426046,0.34782608695652173,0.028279049787670322,0.03222101270828553,0.03816666934443143,0.05159248204273479,0.4973002623145526,,
Source/TxPert_Exphormer,Source,TxPert_Exphormer,risk,B3_DeepSets,20261002,0,RPE1,78,78,0.5949897224232455,0.6962278228101012,0.056002885756379704,0.375,0.04712689784355459,0.048532089334912556,0.055203856231692466,0.06841735874093564,0.5499136614544758,,
Source/TxPert_Exphormer,Source,TxPert_Exphormer,risk,B3_DeepSets,20261002,0,hepg2,87,87,0.46404393434653585,0.518754100750893,0.049114513254653956,0.6666666666666667,0.04866480516890681,0.04334344870100415,0.04727396902374241,0.05509069904296045,0.5317935531676221,,
Source/TxPert_Exphormer,Source,TxPert_Exphormer,risk,B3_DeepSets,20261002,0,jurkat,83,83,0.5991245352707864,0.5859535703790772,0.047111665214181565,0.5882352941176471,0.04573745425376622,0.04292284248068048,0.04447424637952017,0.05174669288230237,0.5119916096373395,,
Source/TxPert_Exphormer,Source,TxPert_Exphormer,risk,B3_DeepSets,20261002,1,K562,114,114,0.7217384712759165,0.5861647192239932,0.04883294867421794,0.4347826086956522,0.044961403279254776,0.044401914043270985,0.04628824985079593,0.05702466662940342,0.5521704610257433,,
Source/TxPert_Exphormer,Source,TxPert_Exphormer,risk,B3_DeepSets,20261002,1,RPE1,85,85,0.6566436217241131,0.46963064295485635,0.07213266122796431,0.47058823529411764,0.07423808218704327,0.07492090334348817,0.06917878149380513,0.07717977470943163,0.5842521771931186,,
Source/TxPert_Exphormer,Source,TxPert_Exphormer,risk,B3_DeepSets,20261002,1,hepg2,80,80,0.5329800126530145,0.4516174402250352,0.05377252992492152,0.5,0.045653204666450585,0.05192816839553412,0.053451394429430324,0.05946504487667881,0.5983330976013086,,
Source/TxPert_Exphormer,Source,TxPert_Exphormer,risk,B3_DeepSets,20261002,1,jurkat,83,83,0.546084084672362,0.5833298350195205,0.05013791725029139,0.5882352941176471,0.041012043961220254,0.04237799116355527,0.05047699582896058,0.05632488121475584,0.5801873613617847,,
Source/TxPert_Exphormer,Source,TxPert_Exphormer,risk,B3_DeepSets,20261002,2,K562,112,112,0.6109791887403503,0.7217172925137527,0.04294115285422423,0.3913043478260869,0.034542440436780404,0.036008753368388005,0.04157221596688027,0.05444506441517315,0.5399278280181725,,
Source/TxPert_Exphormer,Source,TxPert_Exphormer,risk,B3_DeepSets,20261002,2,RPE1,84,84,0.6908152449815975,0.5033714690695555,0.07222022317706438,0.5294117647058824,0.06823492940101354,0.06322781314306394,0.07109442632645364,0.07759870072225229,0.5958618395535188,,
Source/TxPert_Exphormer,Source,TxPert_Exphormer,risk,B3_DeepSets,20261002,2,hepg2,83,83,0.5444794136765447,0.6962763947777171,0.045629889227052155,0.5882352941176471,0.038280292931530166,0.0412344812032054,0.04562364372291731,0.05627953636301382,0.5903366035867347,,
Source/TxPert_Exphormer,Source,TxPert_Exphormer,risk,B3_DeepSets,20261002,2,jurkat,83,83,0.613545924771572,0.6467402711892867,0.04597222744569422,0.47058823529411764,0.03619336295459001,0.03976029968437021,0.04768509342379509,0.05500015581779795,0.5438758764546544,,
Source/TxPert_Exphormer,Source,TxPert_Exphormer,risk,B3_DeepSets,20261002,3,K562,113,113,0.6873722516220057,0.6071012708763058,0.04697690158927552,0.34782608695652173,0.047505313530564273,0.044188333189357845,0.04201451597506536,0.0531639492475957,0.48479791342957346,,
Source/TxPert_Exphormer,Source,TxPert_Exphormer,risk,B3_DeepSets,20261002,3,RPE1,88,88,0.8364916304447532,0.5335317530203234,0.06766080153006664,0.33333333333333337,0.07039251654512348,0.06322511513200066,0.06479795226319265,0.07337149997443249,0.5655102794490551,,
Source/TxPert_Exphormer,Source,TxPert_Exphormer,risk,B3_DeepSets,20261002,3,hepg2,82,82,0.7156816405635498,0.6911439797128895,0.046272501000191944,0.3529411764705882,0.04609657120373509,0.042504658593850934,0.04475412231574693,0.05486180647870042,0.5508064541737328,,
Source/TxPert_Exphormer,Source,TxPert_Exphormer,risk,B3_DeepSets,20261002,3,jurkat,78,78,0.6546485145778103,0.5825440382402407,0.04712538926825024,0.5,0.03979655914008612,0.04203664965461934,0.04698484916335492,0.054676199093186446,0.5113175697129643,,
Source/TxPert_Exphormer,Source,TxPert_Exphormer,risk,B3_DeepSets,20261002,4,K562,113,113,0.6811401271942621,0.6693309601437223,0.04210332118232309,0.34782608695652173,0.03747723360235488,0.03583258017897601,0.03965802752135088,0.05280096307857623,0.5142343061023003,,
Source/TxPert_Exphormer,Source,TxPert_Exphormer,risk,B3_DeepSets,20261002,4,RPE1,81,81,0.5547000511687212,0.6633017163504968,0.05948532169919336,0.5294117647058824,0.03730987653964089,0.047222848105079936,0.060832236507316874,0.07393081100360305,0.5727202012829385,,
Source/TxPert_Exphormer,Source,TxPert_Exphormer,risk,B3_DeepSets,20261002,4,hepg2,73,73,0.6409920217139309,0.6078921387140567,0.04806131692855132,0.4,0.04127766750752922,0.04367817938327785,0.04632536266502492,0.05648696205578924,0.5538202162364373,,
Source/TxPert_Exphormer,Source,TxPert_Exphormer,risk,B3_DeepSets,20261002,4,jurkat,94,94,0.5005183260536433,0.6439114257847777,0.046596080914690016,0.631578947368421,0.039381168782710994,0.04017879480594079,0.045112179473359486,0.05583665201512199,0.5425439766031027,,
Source/TxPert_Exphormer,Source,TxPert_Exphormer,risk,B3_DeepSets,20261002,MACRO,MACRO,1808,575,0.6291052098861261,,0.05130844460623067,0.4696895611791628,0.0456080436861763,0.04598734383064311,0.050048439395341836,0.05976469502022228,0.5485847624179565,20.0,20.0
Source/TxPert_Exphormer,Source,TxPert_Exphormer,risk,Magnitude,0,0,K562,114,114,0.9626391535550413,0.9102893825560439,0.03666435674646288,0.13043478260869568,0.03232073426867521,0.028568598968179287,0.03512678279034919,0.05506983385068305,0.48416807583784394,,
Source/TxPert_Exphormer,Source,TxPert_Exphormer,risk,Magnitude,0,0,RPE1,78,78,0.5331815850195188,0.6095044196310018,0.0571697949786811,0.5625,0.0489364888053387,0.04610591393429782,0.05580978597012846,0.07217638977762685,0.49806431084229685,,
Source/TxPert_Exphormer,Source,TxPert_Exphormer,risk,Magnitude,0,0,hepg2,87,87,0.6447063824176149,0.7532988262739665,0.04276263854261657,0.4444444444444444,0.03290519449445932,0.036956080235540825,0.0418629029935056,0.05709098262733751,0.5127628026299914,,
Source/TxPert_Exphormer,Source,TxPert_Exphormer,risk,Magnitude,0,0,jurkat,83,83,0.6585590628829321,0.7584484278577726,0.0432291768029073,0.47058823529411764,0.03739393833610741,0.038478544748881224,0.04253403997669612,0.054659950057214114,0.4894653500098416,,
Source/TxPert_Exphormer,Source,TxPert_Exphormer,risk,Magnitude,0,1,K562,114,114,0.8819785055699091,0.8654705251007474,0.041327262913119604,0.21739130434782605,0.02932409616187211,0.03362669261253393,0.04183560629424291,0.06037501628004165,0.5435843965014729,,
Source/TxPert_Exphormer,Source,TxPert_Exphormer,risk,Magnitude,0,1,RPE1,85,85,0.44592722361033416,0.4358608559702951,0.06781060534449357,0.5882352941176471,0.053441532577077525,0.057963593150762924,0.07130500461992827,0.08089801000916647,0.5403849556722871,,
Source/TxPert_Exphormer,Source,TxPert_Exphormer,risk,Magnitude,0,1,hepg2,80,80,0.7261113480110317,0.7283638068448196,0.04738941463043501,0.4375,0.034564686706289614,0.039673783932812484,0.04906856608577068,0.061441307543012004,0.5699811497677841,,
Source/TxPert_Exphormer,Source,TxPert_Exphormer,risk,Magnitude,0,1,jurkat,83,83,0.6838026671939529,0.6557239410604089,0.0478876705021126,0.47058823529411764,0.03992024560769394,0.04274492130121759,0.04886934493801419,0.05877582660511617,0.5595099599905401,,
Source/TxPert_Exphormer,Source,TxPert_Exphormer,risk,Magnitude,0,2,K562,112,112,0.9606336661541484,0.9145112242457376,0.03907912756208694,0.17391304347826086,0.031032571258644216,0.032656400666936536,0.038574935003582875,0.05794592230564614,0.5320729670881911,,
Source/TxPert_Exphormer,Source,TxPert_Exphormer,risk,Magnitude,0,2,RPE1,84,84,0.5609057229460503,0.4762782221322264,0.06922832168299176,0.6470588235294117,0.061235783207747634,0.06236008368432519,0.07070937260453188,0.0816275511707272,0.542783844847014,,
Source/TxPert_Exphormer,Source,TxPert_Exphormer,risk,Magnitude,0,2,hepg2,83,83,0.772230097209026,0.769992863439822,0.044672732317777485,0.2941176470588235,0.03477921316193206,0.04207346292541303,0.04349829438364217,0.058810738639839544,0.5603818344693787,,
Source/TxPert_Exphormer,Source,TxPert_Exphormer,risk,Magnitude,0,2,jurkat,83,83,0.7327717682456281,0.6754544309642752,0.04664734084225656,0.4117647058823529,0.04099351167678829,0.04336868971586223,0.0459809548531969,0.057190484807984714,0.5256597862216613,,
Source/TxPert_Exphormer,Source,TxPert_Exphormer,risk,Magnitude,0,3,K562,113,113,0.9661595079349068,0.9053496573291638,0.03693250337311465,0.13043478260869568,0.02705413630853094,0.029863473513851956,0.03749367921498779,0.05618518016084376,0.47804248901816226,,
Source/TxPert_Exphormer,Source,TxPert_Exphormer,risk,Magnitude,0,3,RPE1,88,88,0.7301918849615909,0.596615124511289,0.0634177979987657,0.38888888888888884,0.05582113129397229,0.05425397968954507,0.06418828319080847,0.07670986334988109,0.517087792334669,,
Source/TxPert_Exphormer,Source,TxPert_Exphormer,risk,Magnitude,0,3,hepg2,82,82,0.825403239558855,0.7102338894874892,0.04471637498964317,0.3529411764705882,0.037891594900025215,0.041169585112263124,0.043620835671701025,0.057854066995460814,0.5185209093273825,,
Source/TxPert_Exphormer,Source,TxPert_Exphormer,risk,Magnitude,0,3,jurkat,78,78,0.6193413316062528,0.5330745204162924,0.04770799379966659,0.5625,0.04078784119337793,0.04493762762285764,0.047893188893794965,0.05682262910716723,0.4951767352615428,,
Source/TxPert_Exphormer,Source,TxPert_Exphormer,risk,Magnitude,0,4,K562,113,113,0.8643823240011028,0.8321079246789541,0.03978707249666924,0.21739130434782605,0.036663878398636926,0.034723375478516415,0.037677646402204196,0.055478962211182925,0.5092001527535253,,
Source/TxPert_Exphormer,Source,TxPert_Exphormer,risk,Magnitude,0,4,RPE1,81,81,0.445332306487759,0.5884598012646793,0.06045663822917306,0.6470588235294117,0.04786413121554581,0.04677270637715558,0.06363386451834581,0.0768638487923293,0.5374634190573909,,
Source/TxPert_Exphormer,Source,TxPert_Exphormer,risk,Magnitude,0,4,hepg2,73,73,0.7716669146409814,0.8057509564358881,0.044531184865795485,0.33333333333333337,0.035274094901978914,0.040515118589003835,0.04422144788141182,0.0588089533111062,0.537399619091447,,
Source/TxPert_Exphormer,Source,TxPert_Exphormer,risk,Magnitude,0,4,jurkat,94,94,0.784306222305518,0.7371816638370119,0.04420034514865365,0.4736842105263158,0.03619702048599717,0.04024473950266834,0.04394390441952863,0.0571366493993588,0.5329147253896779,,
Source/TxPert_Exphormer,Source,TxPert_Exphormer,risk,Magnitude,0,MACRO,MACRO,1808,575,0.7285115457156077,,0.048280917688371144,0.39773845178803785,0.039720091248034564,0.04185286858813126,0.04839242203531861,0.06259610835008626,0.524231263805605,20.0,20.0
Source/TxPert_Exphormer,Source,TxPert_Exphormer,risk,NearestControl,0,0,K562,114,114,0.714619621470549,0.6842429274417288,0.038473166390777046,0.4347826086956522,0.027812875652064823,0.030381430912276925,0.03972378673783515,0.05986688002964888,0.44404183654255086,,
Source/TxPert_Exphormer,Source,TxPert_Exphormer,risk,NearestControl,0,0,RPE1,78,78,0.5958776960598983,0.6154225521314128,0.05697040808127802,0.5,0.04712689784355459,0.050200390163809026,0.05589603732984795,0.07329999880669162,0.48436339759523034,,
Source/TxPert_Exphormer,Source,TxPert_Exphormer,risk,NearestControl,0,0,hepg2,87,87,0.22306251739343885,0.3661332652912444,0.05042562979817944,0.8333333333333334,0.05002069452570541,0.04705791185713473,0.04903865893456065,0.06350004214503807,0.3887081136322222,,
Source/TxPert_Exphormer,Source,TxPert_Exphormer,risk,NearestControl,0,0,jurkat,83,83,0.3802722065343212,0.43990596532471343,0.049228411335208104,0.7647058823529411,0.04881337409218148,0.04349565067711994,0.045866880521532996,0.054853932869965503,0.4543183930259045,,
Source/TxPert_Exphormer,Source,TxPert_Exphormer,risk,NearestControl,0,1,K562,114,114,0.5516770845489527,0.5262226362366093,0.04912334936794154,0.5217391304347826,0.04193307381744182,0.04405232446025242,0.047118210805612654,0.06534468821550969,0.5025916272301139,,
Source/TxPert_Exphormer,Source,TxPert_Exphormer,risk,NearestControl,0,1,RPE1,85,85,0.6560117945346798,0.4171194059018956,0.07333750075488588,0.5294117647058824,0.08015617562664876,0.07204983920297199,0.07062951332434662,0.08268067736471264,0.5211640444509029,,
Source/TxPert_Exphormer,Source,TxPert_Exphormer,risk,NearestControl,0,1,hepg2,80,80,0.16106346416460596,0.2996249413970933,0.055248076879705434,0.75,0.05609036679379639,0.052090539946220774,0.05517009333707388,0.06942907284571688,0.4489100558009714,,
Source/TxPert_Exphormer,Source,TxPert_Exphormer,risk,NearestControl,0,1,jurkat,83,83,0.5602554298416702,0.42473028000503754,0.05519961524656542,0.5294117647058824,0.06223325265778431,0.0526805905734791,0.05015581061265294,0.060603679293262186,0.5281820523955257,,
Source/TxPert_Exphormer,Source,TxPert_Exphormer,risk,NearestControl,0,2,K562,112,112,0.5846792600651958,0.6248761403628661,0.0433916811687751,0.4347826086956522,0.03596840488413965,0.035933792672079495,0.043850995866315655,0.06355587101941138,0.47980468566167067,,
Source/TxPert_Exphormer,Source,TxPert_Exphormer,risk,NearestControl,0,2,RPE1,84,84,0.5088121785635229,0.4254530727953832,0.07441531537228764,0.5882352941176471,0.07378354503048787,0.07368351234232676,0.07031869032375865,0.08246082925641174,0.5360550200321307,,
Source/TxPert_Exphormer,Source,TxPert_Exphormer,risk,NearestControl,0,2,hepg2,83,83,0.31719804569555127,0.35678602913395746,0.05215931740882807,0.7058823529411764,0.04599054033557569,0.046704833669697486,0.053226390276991144,0.06565962644058185,0.42869679145570516,,
Source/TxPert_Exphormer,Source,TxPert_Exphormer,risk,NearestControl,0,2,jurkat,83,83,0.44999431277530805,0.40923974644221484,0.051024429605456605,0.6470588235294117,0.04923682494295964,0.05268225084771125,0.04831412288227247,0.058631795144322416,0.49871475146100197,,
Source/TxPert_Exphormer,Source,TxPert_Exphormer,risk,NearestControl,0,3,K562,113,113,0.6293888465102968,0.5496373677556724,0.04754460318331719,0.4347826086956522,0.05304677411913867,0.04253117148966888,0.042860385291931875,0.06182917211728771,0.43240820138049796,,
Source/TxPert_Exphormer,Source,TxPert_Exphormer,risk,NearestControl,0,3,RPE1,88,88,0.7515578700628012,0.43360572012257415,0.06945854023108873,0.38888888888888884,0.07084599696099753,0.06741617226766211,0.06695172359997571,0.07879080710109544,0.5001087807477191,,
Source/TxPert_Exphormer,Source,TxPert_Exphormer,risk,NearestControl,0,3,hepg2,82,82,0.38987218401443624,0.3708601343041543,0.051097705547301475,0.6470588235294117,0.04517828135026821,0.050838804858572305,0.05058063516711312,0.06388474192491755,0.38433909704057384,,
Source/TxPert_Exphormer,Source,TxPert_Exphormer,risk,NearestControl,0,3,jurkat,78,78,0.4818022793101283,0.4298612779625438,0.04955015248052401,0.6875,0.04252622090280051,0.04496434016618872,0.048280596159971635,0.05803569241986944,0.45972877583328087,,
Source/TxPert_Exphormer,Source,TxPert_Exphormer,risk,NearestControl,0,4,K562,113,113,0.7494680510563226,0.6388482267615944,0.042574247254686344,0.34782608695652173,0.03551827417686577,0.037359480138706075,0.04072597394125499,0.06268316275039279,0.46640549020595445,,
Source/TxPert_Exphormer,Source,TxPert_Exphormer,risk,NearestControl,0,4,RPE1,81,81,0.5225585234464996,0.537353206865402,0.062003617922883766,0.5882352941176471,0.0373098765396409,0.05226875425261605,0.06466653643221386,0.08112767835937279,0.4945272702628388,,
Source/TxPert_Exphormer,Source,TxPert_Exphormer,risk,NearestControl,0,4,hepg2,73,73,0.17239133060525058,0.07250401086017524,0.0566615054113127,0.7333333333333334,0.05417612474411719,0.0553606731196244,0.056606887663538344,0.06532121538428173,0.42643074276108367,,
Source/TxPert_Exphormer,Source,TxPert_Exphormer,risk,NearestControl,0,4,jurkat,94,94,0.2982891715099169,0.38461871906946504,0.04949032949044565,0.736842105263158,0.04378643333911893,0.04337002307568722,0.049801516485341014,0.0608735777689275,0.4831068396890012,,
Source/TxPert_Exphormer,Source,TxPert_Exphormer,risk,NearestControl,0,MACRO,MACRO,1808,575,0.48494259340816737,,0.053868880146572415,0.5901905352148488,0.05007770041676442,0.049756124334690274,0.052489172284707064,0.0666216570628709,0.468130298360244,20.0,20.0
Source/TxPert_Exphormer,Source,TxPert_Exphormer,risk,NegativeHistorySupport,0,0,K562,114,114,0.2626082797222295,0.36702134166230854,0.043229239739281375,0.6086956521739131,0.03908292561148599,0.036429641606367115,0.04300714248235806,0.05506983385068305,0.48416807583784394,,
Source/TxPert_Exphormer,Source,TxPert_Exphormer,risk,NegativeHistorySupport,0,0,RPE1,78,78,0.29216267672342683,0.24184899612844457,0.06508959820112374,0.625,0.060003126505762304,0.05741547758225348,0.06438506418504772,0.07217638977762685,0.49806431084229685,,
Source/TxPert_Exphormer,Source,TxPert_Exphormer,risk,NegativeHistorySupport,0,0,hepg2,87,87,0.34266630085850497,0.47262421202982363,0.046323029939474146,0.6111111111111112,0.04111369802720011,0.04009045536319411,0.04674400355328209,0.05709098262733751,0.5127628026299914,,
Source/TxPert_Exphormer,Source,TxPert_Exphormer,risk,NegativeHistorySupport,0,0,jurkat,83,83,0.07186416352264226,0.24821831651024878,0.05001266984974582,1.0,0.049724130787783156,0.04850791832979983,0.050195180367500966,0.054659950057214114,0.4894653500098416,,
Source/TxPert_Exphormer,Source,TxPert_Exphormer,risk,NegativeHistorySupport,0,1,K562,114,114,0.2777991387909582,0.20552037344546345,0.05066488934788799,0.7391304347826086,0.048944570124149274,0.04853990471557427,0.05197162507918839,0.06037501628004165,0.5435843965014729,,
Source/TxPert_Exphormer,Source,TxPert_Exphormer,risk,NegativeHistorySupport,0,1,RPE1,85,85,0.039188654656565694,-0.056930668949567186,0.07719652748267605,0.7647058823529411,0.07191619711617624,0.07344983879695915,0.08411686698537924,0.08089801000916647,0.5403849556722871,,
Source/TxPert_Exphormer,Source,TxPert_Exphormer,risk,NegativeHistorySupport,0,1,hepg2,80,80,0.1613654036085053,0.1807259984473469,0.05505785142571991,0.8125,0.042946579633280586,0.05311909562442447,0.05781335416249926,0.061441307543012004,0.5699811497677841,,
Source/TxPert_Exphormer,Source,TxPert_Exphormer,risk,NegativeHistorySupport,0,1,jurkat,83,83,0.18728651355004844,0.09734569016017314,0.05543453785769942,0.7058823529411764,0.05110499614642721,0.0562982227214995,0.055651751346886116,0.05877582660511617,0.5595099599905401,,
Source/TxPert_Exphormer,Source,TxPert_Exphormer,risk,NegativeHistorySupport,0,2,K562,112,112,0.4711603555154481,0.2965125470437651,0.04896099064785642,0.6521739130434783,0.050897345257302086,0.04891781622300973,0.047160403503637184,0.05794592230564614,0.5320729670881911,,
Source/TxPert_Exphormer,Source,TxPert_Exphormer,risk,NegativeHistorySupport,0,2,RPE1,84,84,0.2358020115197395,0.0277021212322793,0.08016288170447627,0.5882352941176471,0.07529938469330465,0.0864170092870207,0.07791220481019641,0.0816275511707272,0.542783844847014,,
Source/TxPert_Exphormer,Source,TxPert_Exphormer,risk,NegativeHistorySupport,0,2,hepg2,83,83,-0.07447424395464687,0.07961629690467424,0.055083864710569856,0.8235294117647058,0.05410237320595314,0.054138975546640454,0.05564269609749313,0.058810738639839544,0.5603818344693787,,
Source/TxPert_Exphormer,Source,TxPert_Exphormer,risk,NegativeHistorySupport,0,2,jurkat,83,83,-0.04469910445920797,-0.09528858038229132,0.05766516162295798,0.8823529411764706,0.05730673629376618,0.0620168752091772,0.056148997108851115,0.057190484807984714,0.5256597862216613,,
Source/TxPert_Exphormer,Source,TxPert_Exphormer,risk,NegativeHistorySupport,0,3,K562,113,113,0.018108122250312702,0.12153965484075455,0.04833713160041609,0.7391304347826086,0.04790149008234338,0.043907328954209415,0.04671949831147984,0.05618518016084376,0.47804248901816226,,
Source/TxPert_Exphormer,Source,TxPert_Exphormer,risk,NegativeHistorySupport,0,3,RPE1,88,88,0.035969277610695606,0.020078287765783544,0.07456983711763097,0.7222222222222222,0.07343063751856484,0.07032776551528104,0.0757369940507818,0.07670986334988109,0.517087792334669,,
Source/TxPert_Exphormer,Source,TxPert_Exphormer,risk,NegativeHistorySupport,0,3,hepg2,82,82,0.10380327852947532,0.13449283569686502,0.05238385848428185,0.7058823529411764,0.04343402261535322,0.05161347327863464,0.05314315628351231,0.057854066995460814,0.5185209093273825,,
Source/TxPert_Exphormer,Source,TxPert_Exphormer,risk,NegativeHistorySupport,0,3,jurkat,78,78,0.025093348475032563,0.019714961373074682,0.05351774438290928,0.875,0.043480820488184635,0.05904928152449425,0.05469065293287615,0.05682262910716723,0.4951767352615428,,
Source/TxPert_Exphormer,Source,TxPert_Exphormer,risk,NegativeHistorySupport,0,4,K562,113,113,-0.11782586157677093,-0.01627767706184238,0.04929300038450482,0.8695652173913043,0.047223866761972454,0.043863950864128386,0.051714282678930336,0.055478962211182925,0.5092001527535253,,
Source/TxPert_Exphormer,Source,TxPert_Exphormer,risk,NegativeHistorySupport,0,4,RPE1,81,81,0.034229010698474366,0.06058313389801909,0.07160767949207653,0.7058823529411764,0.06538331446548298,0.0668688523857032,0.07369449012344925,0.0768638487923293,0.5374634190573909,,
Source/TxPert_Exphormer,Source,TxPert_Exphormer,risk,NegativeHistorySupport,0,4,hepg2,73,73,-0.0891951801805758,0.07704412233120467,0.05475160764336179,0.9333333333333333,0.04823611024767156,0.05364398608605062,0.056270591360894365,0.0588089533111062,0.537399619091447,,
Source/TxPert_Exphormer,Source,TxPert_Exphormer,risk,NegativeHistorySupport,0,4,jurkat,94,94,-0.0943975056756437,-0.03649329165549877,0.055046620597129635,0.8947368421052632,0.05721592549234624,0.054408814954130226,0.055352708998512655,0.0571366493993588,0.5329147253896779,,
Source/TxPert_Exphormer,Source,TxPert_Exphormer,risk,NegativeHistorySupport,0,MACRO,MACRO,1808,575,0.10692573200926063,,0.057219436111588994,0.7629534874590569,0.05343741255372551,0.055451234228427605,0.05790358322113781,0.06259610835008626,0.524231263805605,20.0,20.0
Source/TxPert_Exphormer,Source,TxPert_Exphormer,risk,SameConditionSupport,0,0,K562,114,114,0.6934625015116118,0.6842510277232136,0.03849416529989709,0.3913043478260869,0.02697080078845218,0.03244306924550425,0.03913346504825244,0.05506983385068305,0.48416807583784394,,
Source/TxPert_Exphormer,Source,TxPert_Exphormer,risk,SameConditionSupport,0,0,RPE1,78,78,0.4838983129084056,0.6299902629016553,0.05728944377940545,0.5625,0.05788787081837651,0.0508742872625589,0.05412124188091506,0.07217638977762685,0.49806431084229685,,
Source/TxPert_Exphormer,Source,TxPert_Exphormer,risk,SameConditionSupport,0,0,hepg2,87,87,0.3806413820740907,0.5078916672741852,0.04874517831599232,0.7222222222222222,0.048813268749250266,0.04246025584224194,0.047268150628290345,0.05709098262733751,0.5127628026299914,,
Source/TxPert_Exphormer,Source,TxPert_Exphormer,risk,SameConditionSupport,0,0,jurkat,83,83,0.47023505879281957,0.5517190714075815,0.047347384547582486,0.6470588235294117,0.04540681569940509,0.04292284248068048,0.04587309173352657,0.054659950057214114,0.4894653500098416,,
Source/TxPert_Exphormer,Source,TxPert_Exphormer,risk,SameConditionSupport,0,1,K562,114,114,0.6370738536253561,0.5623741925031895,0.04889541328024275,0.4782608695652174,0.045752748226125996,0.044953525066375684,0.04737205457007671,0.06037501628004165,0.5435843965014729,,
Source/TxPert_Exphormer,Source,TxPert_Exphormer,risk,SameConditionSupport,0,1,RPE1,85,85,0.5940627246085102,0.31133476646472547,0.07377280206623898,0.5294117647058824,0.06368070033689337,0.07326710607637375,0.07570527151746802,0.08089801000916647,0.5403849556722871,,
Source/TxPert_Exphormer,Source,TxPert_Exphormer,risk,SameConditionSupport,0,1,hepg2,80,80,0.5397014628614926,0.396460384435068,0.05393673613702223,0.4375,0.045107466168701614,0.05668425420299168,0.05220896792598064,0.061441307543012004,0.5699811497677841,,
Source/TxPert_Exphormer,Source,TxPert_Exphormer,risk,SameConditionSupport,0,1,jurkat,83,83,0.5374051946194218,0.5526846060198984,0.0513365641495499,0.5294117647058824,0.044881127567754794,0.048925843856790434,0.04921405828957043,0.05877582660511617,0.5595099599905401,,
Source/TxPert_Exphormer,Source,TxPert_Exphormer,risk,SameConditionSupport,0,2,K562,112,112,0.6047244608418465,0.6980045785355521,0.04302002520858482,0.3913043478260869,0.03857041957477724,0.036653920522202565,0.040763355392430464,0.05794592230564614,0.5320729670881911,,
Source/TxPert_Exphormer,Source,TxPert_Exphormer,risk,SameConditionSupport,0,2,RPE1,84,84,0.4958319148553476,0.4099017920421181,0.07358951421019563,0.5882352941176471,0.06874597796963317,0.06779259410412868,0.07169709580817389,0.0816275511707272,0.542783844847014,,
Source/TxPert_Exphormer,Source,TxPert_Exphormer,risk,SameConditionSupport,0,2,hepg2,83,83,0.4870446877513064,0.6282481843751311,0.046528296063828786,0.5882352941176471,0.03792098247342636,0.03781896676210791,0.04759524669498201,0.058810738639839544,0.5603818344693787,,
Source/TxPert_Exphormer,Source,TxPert_Exphormer,risk,SameConditionSupport,0,2,jurkat,83,83,0.5333592625532447,0.5543008270013853,0.04683786960124688,0.5294117647058824,0.03571206745174191,0.04019641065422221,0.048182811898489754,0.057190484807984714,0.5256597862216613,,
Source/TxPert_Exphormer,Source,TxPert_Exphormer,risk,SameConditionSupport,0,3,K562,113,113,0.682684479549447,0.5679020560250184,0.04750124972092592,0.34782608695652173,0.05184181608880555,0.045948309580916905,0.043100441757001326,0.05618518016084377,0.47804248901816226,,
Source/TxPert_Exphormer,Source,TxPert_Exphormer,risk,SameConditionSupport,0,3,RPE1,88,88,0.41988347601284315,0.4695678207882781,0.06852890038732713,0.5,0.07039251654512348,0.06323950323793619,0.0647512018172578,0.07670986334988109,0.517087792334669,,
Source/TxPert_Exphormer,Source,TxPert_Exphormer,risk,SameConditionSupport,0,3,hepg2,82,82,0.5455533568956467,0.6370740414231452,0.04656083509338446,0.5294117647058824,0.04609657120373509,0.044786147992400514,0.04466832660865488,0.057854066995460814,0.5185209093273825,,
Source/TxPert_Exphormer,Source,TxPert_Exphormer,risk,SameConditionSupport,0,3,jurkat,78,78,0.5748229586424994,0.5656242491685529,0.04736536380038606,0.5625,0.03784886724315579,0.04301558388397092,0.04707120502224331,0.05682262910716723,0.4951767352615428,,
Source/TxPert_Exphormer,Source,TxPert_Exphormer,risk,SameConditionSupport,0,4,K562,113,113,0.7162429642776768,0.6713520526981172,0.04221132634672897,0.3913043478260869,0.03516723386322455,0.03734000253936515,0.03968849176900424,0.055478962211182925,0.5092001527535253,,
Source/TxPert_Exphormer,Source,TxPert_Exphormer,risk,SameConditionSupport,0,4,RPE1,81,81,0.5158613139060073,0.6126242095754292,0.060593336911912134,0.5294117647058824,0.04089758793512976,0.04828646527055427,0.06283618573371952,0.0768638487923293,0.5374634190573909,,
Source/TxPert_Exphormer,Source,TxPert_Exphormer,risk,SameConditionSupport,0,4,hepg2,73,73,0.5037915650488562,0.5152104158953474,0.0492804360134067,0.4666666666666667,0.04365074541419739,0.04133496346573029,0.0487869549542665,0.0588089533111062,0.537399619091447,,
Source/TxPert_Exphormer,Source,TxPert_Exphormer,risk,SameConditionSupport,0,4,jurkat,94,94,0.7619991684889059,0.7043095040277426,0.04576779484190675,0.42105263157894735,0.040702876821160285,0.038207708808936536,0.04434763568829979,0.0571366493993588,0.5329147253896779,,
Source/TxPert_Exphormer,Source,TxPert_Exphormer,risk,SameConditionSupport,0,MACRO,MACRO,1808,575,0.558914004991267,,0.05188013178878829,0.5071514877880976,0.04630242304695352,0.04685758804279945,0.050719262736930185,0.06259610835008626,0.524231263805605,20.0,20.0
Source/TxPert_Exphormer,Source,TxPert_Exphormer,risk,SameContextSupport,0,0,K562,114,114,0.6934625015116118,0.6842510277232136,0.03849416529989709,0.3913043478260869,0.02697080078845218,0.03244306924550425,0.03913346504825244,0.05506983385068305,0.48416807583784394,,
Source/TxPert_Exphormer,Source,TxPert_Exphormer,risk,SameContextSupport,0,0,RPE1,78,78,0.4838983129084056,0.6299902629016553,0.05728944377940545,0.5625,0.05788787081837651,0.0508742872625589,0.05412124188091506,0.07217638977762685,0.49806431084229685,,
Source/TxPert_Exphormer,Source,TxPert_Exphormer,risk,SameContextSupport,0,0,hepg2,87,87,0.3806413820740907,0.5078916672741852,0.04874517831599232,0.7222222222222222,0.048813268749250266,0.04246025584224194,0.047268150628290345,0.05709098262733751,0.5127628026299914,,
Source/TxPert_Exphormer,Source,TxPert_Exphormer,risk,SameContextSupport,0,0,jurkat,83,83,0.47023505879281957,0.5517190714075815,0.047347384547582486,0.6470588235294117,0.04540681569940509,0.04292284248068048,0.04587309173352657,0.054659950057214114,0.4894653500098416,,
Source/TxPert_Exphormer,Source,TxPert_Exphormer,risk,SameContextSupport,0,1,K562,114,114,0.6370738536253561,0.5623741925031895,0.04889541328024275,0.4782608695652174,0.045752748226125996,0.044953525066375684,0.04737205457007671,0.06037501628004165,0.5435843965014729,,
Source/TxPert_Exphormer,Source,TxPert_Exphormer,risk,SameContextSupport,0,1,RPE1,85,85,0.5940627246085102,0.31133476646472547,0.07377280206623898,0.5294117647058824,0.06368070033689337,0.07326710607637375,0.07570527151746802,0.08089801000916647,0.5403849556722871,,
Source/TxPert_Exphormer,Source,TxPert_Exphormer,risk,SameContextSupport,0,1,hepg2,80,80,0.5397014628614926,0.396460384435068,0.05393673613702223,0.4375,0.045107466168701614,0.05668425420299168,0.05220896792598064,0.061441307543012004,0.5699811497677841,,
Source/TxPert_Exphormer,Source,TxPert_Exphormer,risk,SameContextSupport,0,1,jurkat,83,83,0.5374051946194218,0.5526846060198984,0.0513365641495499,0.5294117647058824,0.044881127567754794,0.048925843856790434,0.04921405828957043,0.05877582660511617,0.5595099599905401,,
Source/TxPert_Exphormer,Source,TxPert_Exphormer,risk,SameContextSupport,0,2,K562,112,112,0.6047244608418465,0.6980045785355521,0.04302002520858482,0.3913043478260869,0.03857041957477724,0.036653920522202565,0.040763355392430464,0.05794592230564614,0.5320729670881911,,
Source/TxPert_Exphormer,Source,TxPert_Exphormer,risk,SameContextSupport,0,2,RPE1,84,84,0.4958319148553476,0.4099017920421181,0.07358951421019563,0.5882352941176471,0.06874597796963317,0.06779259410412868,0.07169709580817389,0.0816275511707272,0.542783844847014,,
Source/TxPert_Exphormer,Source,TxPert_Exphormer,risk,SameContextSupport,0,2,hepg2,83,83,0.4870446877513064,0.6282481843751311,0.046528296063828786,0.5882352941176471,0.03792098247342636,0.03781896676210791,0.04759524669498201,0.058810738639839544,0.5603818344693787,,
Source/TxPert_Exphormer,Source,TxPert_Exphormer,risk,SameContextSupport,0,2,jurkat,83,83,0.5333592625532447,0.5543008270013853,0.04683786960124688,0.5294117647058824,0.03571206745174191,0.04019641065422221,0.048182811898489754,0.057190484807984714,0.5256597862216613,,
Source/TxPert_Exphormer,Source,TxPert_Exphormer,risk,SameContextSupport,0,3,K562,113,113,0.682684479549447,0.5679020560250184,0.04750124972092592,0.34782608695652173,0.05184181608880555,0.045948309580916905,0.043100441757001326,0.05618518016084377,0.47804248901816226,,
Source/TxPert_Exphormer,Source,TxPert_Exphormer,risk,SameContextSupport,0,3,RPE1,88,88,0.41988347601284315,0.4695678207882781,0.06852890038732713,0.5,0.07039251654512348,0.06323950323793619,0.0647512018172578,0.07670986334988109,0.517087792334669,,
Source/TxPert_Exphormer,Source,TxPert_Exphormer,risk,SameContextSupport,0,3,hepg2,82,82,0.5455533568956467,0.6370740414231452,0.04656083509338446,0.5294117647058824,0.04609657120373509,0.044786147992400514,0.04466832660865488,0.057854066995460814,0.5185209093273825,,
Source/TxPert_Exphormer,Source,TxPert_Exphormer,risk,SameContextSupport,0,3,jurkat,78,78,0.5748229586424994,0.5656242491685529,0.04736536380038606,0.5625,0.03784886724315579,0.04301558388397092,0.04707120502224331,0.05682262910716723,0.4951767352615428,,
Source/TxPert_Exphormer,Source,TxPert_Exphormer,risk,SameContextSupport,0,4,K562,113,113,0.7162429642776768,0.6713520526981172,0.04221132634672897,0.3913043478260869,0.03516723386322455,0.03734000253936515,0.03968849176900424,0.055478962211182925,0.5092001527535253,,
Source/TxPert_Exphormer,Source,TxPert_Exphormer,risk,SameContextSupport,0,4,RPE1,81,81,0.5158613139060073,0.6126242095754292,0.060593336911912134,0.5294117647058824,0.04089758793512976,0.04828646527055427,0.06283618573371952,0.0768638487923293,0.5374634190573909,,
Source/TxPert_Exphormer,Source,TxPert_Exphormer,risk,SameContextSupport,0,4,hepg2,73,73,0.5037915650488562,0.5152104158953474,0.0492804360134067,0.4666666666666667,0.04365074541419739,0.04133496346573029,0.0487869549542665,0.0588089533111062,0.537399619091447,,
Source/TxPert_Exphormer,Source,TxPert_Exphormer,risk,SameContextSupport,0,4,jurkat,94,94,0.7619991684889059,0.7043095040277426,0.04576779484190675,0.42105263157894735,0.040702876821160285,0.038207708808936536,0.04434763568829979,0.0571366493993588,0.5329147253896779,,
Source/TxPert_Exphormer,Source,TxPert_Exphormer,risk,SameContextSupport,0,MACRO,MACRO,1808,575,0.558914004991267,,0.05188013178878829,0.5071514877880976,0.04630242304695352,0.04685758804279945,0.050719262736930185,0.06259610835008626,0.524231263805605,20.0,20.0
Source/TxPert_Exphormer,Source,TxPert_Exphormer,direct_risk,B0_SupportMean,0,0,K562,114,114,0.10786691989185608,0.2606225066321055,0.0456947431195693,0.6956521739130435,0.044196286083509485,0.045213655528166974,0.044347993375962194,0.05506983385068305,0.48416807583784394,,
Source/TxPert_Exphormer,Source,TxPert_Exphormer,direct_risk,B0_SupportMean,0,0,RPE1,78,78,-0.02333059125430881,-0.07831409097231881,0.07260524386387769,0.8125,0.07567687472328538,0.07931829406879837,0.07050373940131599,0.07217638977762685,0.49806431084229685,,
Source/TxPert_Exphormer,Source,TxPert_Exphormer,direct_risk,B0_SupportMean,0,0,hepg2,87,87,0.29940110804912856,0.19800247867609533,0.051918110518965416,0.6111111111111112,0.04841105019052819,0.05040130505545268,0.053496463943950114,0.05709098262733751,0.5127628026299914,,
Source/TxPert_Exphormer,Source,TxPert_Exphormer,direct_risk,B0_SupportMean,0,0,jurkat,83,83,0.134569342142114,0.07470299315729817,0.05414301331508737,0.8235294117647058,0.06174625042412014,0.05442092074629134,0.05108489264689736,0.054659950057214114,0.4894653500098416,,
Source/TxPert_Exphormer,Source,TxPert_Exphormer,direct_risk,B0_SupportMean,0,1,K562,114,114,0.38164632637694784,0.15390129807010797,0.05244610564459162,0.6086956521739131,0.052818463804821136,0.053057093821141994,0.05392559970680031,0.06037501628004165,0.5435843965014729,,
Source/TxPert_Exphormer,Source,TxPert_Exphormer,direct_risk,B0_SupportMean,0,1,RPE1,85,85,-0.4502844277804204,-0.14313074066836037,0.0808996860572912,0.8823529411764706,0.07080885395407674,0.08083426798967751,0.08209062354682485,0.08089801000916647,0.5403849556722871,,
Source/TxPert_Exphormer,Source,TxPert_Exphormer,direct_risk,B0_SupportMean,0,1,hepg2,80,80,0.12229365821477375,0.07273792780121895,0.05914721367266722,0.6875,0.057047441136091885,0.06511052278801793,0.058497003326192454,0.061441307543012004,0.5699811497677841,,
Source/TxPert_Exphormer,Source,TxPert_Exphormer,direct_risk,B0_SupportMean,0,1,jurkat,83,83,0.08123838292001055,0.009424457411527642,0.057673479050661926,0.8235294117647058,0.05724205469919571,0.05975283320774045,0.0555314073516499,0.05877582660511617,0.5595099599905401,,
Source/TxPert_Exphormer,Source,TxPert_Exphormer,direct_risk,B0_SupportMean,0,2,K562,112,112,0.37889538324641653,0.27346499470393276,0.048805371821243844,0.6086956521739131,0.04781421863784389,0.046627198386451435,0.04951574726562411,0.05794592230564614,0.5320729670881911,,
Source/TxPert_Exphormer,Source,TxPert_Exphormer,direct_risk,B0_SupportMean,0,2,RPE1,84,84,0.27038270064627573,-0.03241875063278323,0.08258887251086561,0.6470588235294117,0.08299543542994388,0.08529285210020399,0.08058773579874205,0.0816275511707272,0.542783844847014,,
Source/TxPert_Exphormer,Source,TxPert_Exphormer,direct_risk,B0_SupportMean,0,2,hepg2,83,83,0.08193265175066015,0.08484110658662525,0.05599237802479475,0.7647058823529411,0.057144168350431616,0.05802044929826957,0.054612825624644715,0.058810738639839544,0.5603818344693787,,
Source/TxPert_Exphormer,Source,TxPert_Exphormer,direct_risk,B0_SupportMean,0,2,jurkat,83,83,0.12200644564796072,-0.014524998950505855,0.05695895820818729,0.7647058823529411,0.06536199111077517,0.058866900446660354,0.0546994924633985,0.057190484807984714,0.5256597862216613,,
Source/TxPert_Exphormer,Source,TxPert_Exphormer,direct_risk,B0_SupportMean,0,3,K562,113,113,-0.0233002649030505,-0.044464036196686416,0.05534708724465091,0.7391304347826086,0.0651674354448914,0.05589819740018114,0.05155543100677034,0.05618518016084376,0.47804248901816226,,
Source/TxPert_Exphormer,Source,TxPert_Exphormer,direct_risk,B0_SupportMean,0,3,RPE1,88,88,-0.0384192793321136,-0.12766369624176677,0.07824781848271728,0.8333333333333334,0.08213080838322637,0.07717746889425646,0.07845421156591986,0.07670986334988109,0.517087792334669,,
Source/TxPert_Exphormer,Source,TxPert_Exphormer,direct_risk,B0_SupportMean,0,3,hepg2,82,82,0.10035193150195583,-0.08318368324245493,0.06181373220412204,0.8235294117647058,0.06927871911062129,0.06661091525765023,0.05754938340041691,0.057854066995460814,0.5185209093273825,,
Source/TxPert_Exphormer,Source,TxPert_Exphormer,direct_risk,B0_SupportMean,0,3,jurkat,78,78,-0.14265252642993956,-0.10570442216011837,0.05637026063909166,1.0,0.06136841792613264,0.05462537892162796,0.056706097502356875,0.05682262910716723,0.4951767352615428,,
Source/TxPert_Exphormer,Source,TxPert_Exphormer,direct_risk,B0_SupportMean,0,4,K562,113,113,0.10257022380438592,-0.05733082706766918,0.052037243920503864,0.782608695652174,0.05846172633270418,0.05524272973770675,0.051357934512851484,0.055478962211182925,0.5092001527535253,,
Source/TxPert_Exphormer,Source,TxPert_Exphormer,direct_risk,B0_SupportMean,0,4,RPE1,81,81,0.0839406001295326,-0.0226513098464318,0.07881970949141041,0.7058823529411764,0.08095176973276663,0.08220776104751751,0.07831372257049486,0.0768638487923293,0.5374634190573909,,
Source/TxPert_Exphormer,Source,TxPert_Exphormer,direct_risk,B0_SupportMean,0,4,hepg2,73,73,0.3155752994904889,0.06701221769714921,0.05696406943922517,0.6666666666666667,0.06337599852122361,0.05960281168421105,0.05569532226670428,0.0588089533111062,0.537399619091447,,
Source/TxPert_Exphormer,Source,TxPert_Exphormer,direct_risk,B0_SupportMean,0,4,jurkat,94,94,-0.03761490865952937,-0.07502799552071668,0.05699946456525736,0.8947368421052632,0.06782408375293013,0.05687737210016497,0.05694839746711097,0.0571366493993588,0.5329147253896779,,
Source/TxPert_Exphormer,Source,TxPert_Exphormer,direct_risk,B0_SupportMean,0,MACRO,MACRO,1808,575,0.09335344877265725,,0.060773628089739094,0.7587962339779543,0.06349110238745598,0.06225794642400943,0.0597737012372314,0.06259610835008626,0.524231263805605,20.0,20.0
Source/TxPert_Exphormer,Source,TxPert_Exphormer,direct_risk,B1_HGB,0,0,K562,114,114,0.4501238529279035,0.481654887507341,0.04157618119881104,0.5652173913043479,0.03312763245776292,0.037385737847374784,0.04142056997015806,0.05200203234279973,0.4925360337160661,,
Source/TxPert_Exphormer,Source,TxPert_Exphormer,direct_risk,B1_HGB,0,0,RPE1,78,78,0.20481021458146742,0.34488296513612965,0.06216803613006371,0.8125,0.052298087626695584,0.05079349991865452,0.06489128480928064,0.07020159994811621,0.5250303310140101,,
Source/TxPert_Exphormer,Source,TxPert_Exphormer,direct_risk,B1_HGB,0,0,hepg2,87,87,0.2833122972225307,0.3788547058394693,0.049398394813576156,0.6666666666666667,0.04511845567160179,0.04571308588816056,0.04839270595799789,0.05707807034179737,0.5011178090620652,,
Source/TxPert_Exphormer,Source,TxPert_Exphormer,direct_risk,B1_HGB,0,0,jurkat,83,83,0.20397605019533804,0.24852021325721002,0.05196218041695055,0.8235294117647058,0.05499741103914046,0.050570104599875515,0.04862829701354102,0.05253756131967964,0.5030610142931229,,
Source/TxPert_Exphormer,Source,TxPert_Exphormer,direct_risk,B1_HGB,0,1,K562,114,114,0.4737734786010856,0.35073813815030075,0.049997801367218354,0.6521739130434783,0.049819114307562466,0.04938768457783301,0.04914426323222483,0.05763939102347645,0.549440718649627,,
Source/TxPert_Exphormer,Source,TxPert_Exphormer,direct_risk,B1_HGB,0,1,RPE1,85,85,0.03972421652366309,0.00025405511041625957,0.07782263101787551,0.7647058823529411,0.07442554728024534,0.07645642790285978,0.07929153987314808,0.07971613348384246,0.5564924980203336,,
Source/TxPert_Exphormer,Source,TxPert_Exphormer,direct_risk,B1_HGB,0,1,hepg2,80,80,0.5240744648260771,0.24294421003281766,0.056386637015247695,0.4375,0.05637029185891146,0.05864202009979631,0.05677423160523172,0.06130738340145977,0.559943881776029,,
Source/TxPert_Exphormer,Source,TxPert_Exphormer,direct_risk,B1_HGB,0,1,jurkat,83,83,0.1867120725925073,0.17526552201838713,0.05699804673687638,0.7647058823529411,0.05953963142302295,0.05934866353431163,0.05436287301459478,0.05691786462263351,0.5720825865028466,,
Source/TxPert_Exphormer,Source,TxPert_Exphormer,direct_risk,B1_HGB,0,2,K562,112,112,0.6125083614623797,0.4732634024669423,0.04582344571861652,0.4782608695652174,0.0429544824485977,0.04494453253953348,0.04487339520294747,0.05521774510915648,0.5358038573729097,,
Source/TxPert_Exphormer,Source,TxPert_Exphormer,direct_risk,B1_HGB,0,2,RPE1,84,84,0.17645264722841306,0.18540042523033312,0.07999500837838161,0.7647058823529411,0.08727363579803038,0.07776888985844214,0.07703239142539951,0.08081849786236905,0.5570691700676135,,
Source/TxPert_Exphormer,Source,TxPert_Exphormer,direct_risk,B1_HGB,0,2,hepg2,83,83,0.30694268736980246,0.2381302212333655,0.0540619768953463,0.6470588235294117,0.054563136150439534,0.057639991754994624,0.053351995801286994,0.05861403325207708,0.5450880125820933,,
Source/TxPert_Exphormer,Source,TxPert_Exphormer,direct_risk,B1_HGB,0,2,jurkat,83,83,0.3449626967084566,0.13639225893119516,0.05476604200241372,0.6470588235294117,0.06224625226524136,0.057672851773745835,0.05274187941991143,0.05594846547072538,0.535087179297569,,
Source/TxPert_Exphormer,Source,TxPert_Exphormer,direct_risk,B1_HGB,0,3,K562,113,113,0.4277167160643983,0.20397232018098346,0.05153213300390938,0.5217391304347826,0.05725094225878511,0.04946377136461109,0.047563085038410946,0.05356139179467896,0.4822277194939795,,
Source/TxPert_Exphormer,Source,TxPert_Exphormer,direct_risk,B1_HGB,0,3,RPE1,88,88,0.21693190240972846,0.04548976788418867,0.07674127573274242,0.6666666666666667,0.08785009715292184,0.08493227263291674,0.07501540896059433,0.0759224179054385,0.5269367145604765,,
Source/TxPert_Exphormer,Source,TxPert_Exphormer,direct_risk,B1_HGB,0,3,hepg2,82,82,0.18962587176655038,0.024259640186763312,0.061054776401292296,0.7647058823529411,0.07080845120880336,0.06342327266054992,0.05673292161124504,0.05720650561967776,0.5083381773834411,,
Source/TxPert_Exphormer,Source,TxPert_Exphormer,direct_risk,B1_HGB,0,3,jurkat,78,78,0.045695463864479265,0.014732103339698275,0.0553782279011153,0.875,0.05205848719924684,0.05897816456854339,0.054727579872959654,0.055417074264213544,0.5034170635093884,,
Source/TxPert_Exphormer,Source,TxPert_Exphormer,direct_risk,B1_HGB,0,4,K562,113,113,0.313012070708414,0.1744876571960876,0.04791153925638093,0.6521739130434783,0.045635660178959314,0.046290589496493284,0.04785262780231337,0.053294431315693384,0.5117718891161204,,
Source/TxPert_Exphormer,Source,TxPert_Exphormer,direct_risk,B1_HGB,0,4,RPE1,81,81,0.3770779506289539,0.3270776874435411,0.06864368354031493,0.6470588235294117,0.06313683858348258,0.0681185982025721,0.06896791657114897,0.07581506089995921,0.5484843350980185,,
Source/TxPert_Exphormer,Source,TxPert_Exphormer,direct_risk,B1_HGB,0,4,hepg2,73,73,0.41143273596924074,0.1479081821547575,0.05698798146567216,0.5333333333333333,0.06597406486980611,0.05830698783198988,0.05436371302081116,0.05813254391502332,0.5291539193495741,,
Source/TxPert_Exphormer,Source,TxPert_Exphormer,direct_risk,B1_HGB,0,4,jurkat,94,94,0.0193131919902757,-0.010425170682368241,0.0582020878581675,0.8421052631578947,0.06709693055599923,0.057922707380432786,0.05602713920017501,0.056225421221096014,0.5399145151669926,,
Source/TxPert_Exphormer,Source,TxPert_Exphormer,direct_risk,B1_HGB,0,MACRO,MACRO,1808,575,0.2904089471820832,,0.05787040434254863,0.6763433279490286,0.05912725751676282,0.05768799272168455,0.05660779097016905,0.061178681255695685,0.529149871301614,20.0,20.0
Source/TxPert_Exphormer,Source,TxPert_Exphormer,direct_risk,B2_Pointwise,20260930,0,K562,114,114,0.5552099279790438,0.5782993459022702,0.04009883220841079,0.4782608695652174,0.03318131668493147,0.034697243943810414,0.04120908151462407,0.05149919883881613,0.49706329474519606,,
Source/TxPert_Exphormer,Source,TxPert_Exphormer,direct_risk,B2_Pointwise,20260930,0,RPE1,78,78,0.7905335795585218,0.6188368593431884,0.058960415879034236,0.375,0.05018889764323828,0.048033106606453616,0.05794323517534973,0.06831068624225503,0.5501772403474836,,
Source/TxPert_Exphormer,Source,TxPert_Exphormer,direct_risk,B2_Pointwise,20260930,0,hepg2,87,87,0.5710524287142328,0.5407705766567033,0.04684165801721446,0.5,0.04274570900532929,0.042912392049199964,0.04662267262624065,0.05487899643508906,0.5341536635426087,,
Source/TxPert_Exphormer,Source,TxPert_Exphormer,direct_risk,B2_Pointwise,20260930,0,jurkat,83,83,0.584701942691873,0.535682800889971,0.047040603700508915,0.5882352941176471,0.047717201626963045,0.04471410537029009,0.0452103789097496,0.05163736618299666,0.5124844747449854,,
Source/TxPert_Exphormer,Source,TxPert_Exphormer,direct_risk,B2_Pointwise,20260930,1,K562,114,114,0.5610750643775072,0.4356695895182358,0.04971316126891442,0.5652173913043479,0.050658333425720486,0.04540442310921519,0.04869882974838997,0.05709345777834018,0.5518488656092807,,
Source/TxPert_Exphormer,Source,TxPert_Exphormer,direct_risk,B2_Pointwise,20260930,1,RPE1,85,85,0.4520200116030207,0.34809458667187804,0.07361498208148792,0.5294117647058824,0.0717157355199257,0.07079586835906783,0.07303439613518324,0.07719216916942416,0.584065511847171,,
Source/TxPert_Exphormer,Source,TxPert_Exphormer,direct_risk,B2_Pointwise,20260930,1,hepg2,80,80,0.1532136058631904,0.28778715424285045,0.05498593907728385,0.6875,0.0477709011174738,0.048747978289611596,0.05631387825123961,0.059487500325978625,0.5982427415359142,,
Source/TxPert_Exphormer,Source,TxPert_Exphormer,direct_risk,B2_Pointwise,20260930,1,jurkat,83,83,0.44574237716700627,0.3844506947651232,0.05246453274008265,0.5882352941176471,0.046516958417163905,0.0516650171621757,0.051815711006167345,0.056248680919129275,0.5810821214961294,,
Source/TxPert_Exphormer,Source,TxPert_Exphormer,direct_risk,B2_Pointwise,20260930,2,K562,112,112,0.7121618129317099,0.5424966686028633,0.04469457662243494,0.4347826086956522,0.045060630577305916,0.04186399572569387,0.04440683755092318,0.0544928364545587,0.5406152020428331,,
Source/TxPert_Exphormer,Source,TxPert_Exphormer,direct_risk,B2_Pointwise,20260930,2,RPE1,84,84,0.49344371154893796,0.48692922952313455,0.07080194042758936,0.5294117647058824,0.06567725746168027,0.06391819763709514,0.06944752355948795,0.07747077594441984,0.5958407784612237,,
Source/TxPert_Exphormer,Source,TxPert_Exphormer,direct_risk,B2_Pointwise,20260930,2,hepg2,83,83,0.6232332773714255,0.6299903446538768,0.04717032961796309,0.5294117647058824,0.04483147917522319,0.04032992275760449,0.046326415568944915,0.055873352812458955,0.5931520511445851,,
Source/TxPert_Exphormer,Source,TxPert_Exphormer,direct_risk,B2_Pointwise,20260930,2,jurkat,83,83,0.477315262833142,0.30525586667226395,0.051852502666718925,0.5882352941176471,0.047234461746282014,0.051521577488850105,0.05005271063141875,0.05541618768820247,0.5427496629615547,,
Source/TxPert_Exphormer,Source,TxPert_Exphormer,direct_risk,B2_Pointwise,20260930,3,K562,113,113,0.4816896218013426,0.3559285381595582,0.04996296457579916,0.4782608695652174,0.057241581690808084,0.04711711228541701,0.04479478387848323,0.053280479738757,0.4836512447401229,,
Source/TxPert_Exphormer,Source,TxPert_Exphormer,direct_risk,B2_Pointwise,20260930,3,RPE1,88,88,0.7305953236215654,0.4599697087105069,0.06930473980563986,0.38888888888888884,0.0760312469469176,0.06678764263374933,0.06778244504874399,0.07356481332116363,0.5645248194571523,,
Source/TxPert_Exphormer,Source,TxPert_Exphormer,direct_risk,B2_Pointwise,20260930,3,hepg2,82,82,0.48522309131941277,0.5087776580577051,0.05029871114760668,0.4117647058823529,0.050869987242751595,0.05448287133784851,0.04915867287029576,0.05488564696625853,0.5511991596340232,,
Source/TxPert_Exphormer,Source,TxPert_Exphormer,direct_risk,B2_Pointwise,20260930,3,jurkat,78,78,0.32260397387389317,0.2937189392885595,0.05191191017953459,0.6875,0.04623772762715812,0.05071981425862755,0.051160518653117645,0.05469379035195632,0.510458650821933,,
Source/TxPert_Exphormer,Source,TxPert_Exphormer,direct_risk,B2_Pointwise,20260930,4,K562,113,113,0.3532890665540852,0.28255372945638435,0.04664274047036769,0.6521739130434783,0.04856657298902664,0.04324993547861985,0.04614840915197861,0.05288354872652877,0.5108025141915532,,
Source/TxPert_Exphormer,Source,TxPert_Exphormer,direct_risk,B2_Pointwise,20260930,4,RPE1,81,81,0.5408219043830105,0.5005871725383919,0.06410611164363914,0.5294117647058824,0.05163944098684517,0.056404732058153384,0.06348415727658965,0.07383946115701409,0.5740747406080825,,
Source/TxPert_Exphormer,Source,TxPert_Exphormer,direct_risk,B2_Pointwise,20260930,4,hepg2,73,73,0.692809262253845,0.5095952116500062,0.04959682579265938,0.4,0.04675842006690797,0.0462469821174939,0.04833728321702089,0.056578012237270055,0.5545975052815626,,
Source/TxPert_Exphormer,Source,TxPert_Exphormer,direct_risk,B2_Pointwise,20260930,4,jurkat,94,94,0.07319882637917952,0.12594733229780009,0.05478864271066221,0.8421052631578947,0.05356792323291295,0.05494789289016468,0.052167349118501544,0.05588345349937175,0.5414428700551867,,
Source/TxPert_Exphormer,Source,TxPert_Exphormer,direct_risk,B2_Pointwise,20260930,MACRO,MACRO,1808,575,0.5049967036412972,,0.05374260603167762,0.5391903725639761,0.051210589159228284,0.050228040577957114,0.05270576449462251,0.059760520739499466,0.5486113556634291,20.0,20.0
Source/TxPert_Exphormer,Source,TxPert_Exphormer,direct_risk,B2_Pointwise,20261001,0,K562,114,114,0.5015599718893984,0.5831595147931392,0.03987126309413156,0.5217391304347826,0.03128098913778857,0.03311260117460847,0.040860458391538776,0.05155926484520661,0.49702622798071555,,
Source/TxPert_Exphormer,Source,TxPert_Exphormer,direct_risk,B2_Pointwise,20261001,0,RPE1,78,78,0.735681909645736,0.5998684859444352,0.059427757186280274,0.4375,0.05432187393307683,0.0468068805057555,0.05850358933019328,0.06849546387436073,0.5462719396894518,,
Source/TxPert_Exphormer,Source,TxPert_Exphormer,direct_risk,B2_Pointwise,20261001,0,hepg2,87,87,0.5472592592111847,0.5386199606327913,0.0464973941069747,0.5555555555555556,0.04315349625216585,0.04486084408644169,0.04655395473607558,0.05475472353085581,0.5351487967085158,,
Source/TxPert_Exphormer,Source,TxPert_Exphormer,direct_risk,B2_Pointwise,20261001,0,jurkat,83,83,0.5029203573835601,0.489127240669997,0.04818826130619028,0.7058823529411764,0.04726804337567749,0.04599171997431442,0.046127329669183155,0.05170460102070187,0.5114661335144267,,
Source/TxPert_Exphormer,Source,TxPert_Exphormer,direct_risk,B2_Pointwise,20261001,1,K562,114,114,0.638448371823569,0.46404487555942575,0.049491008568674645,0.5652173913043479,0.047937085541586044,0.047243949106853894,0.04807127812844614,0.05705818233413858,0.5521749440074757,,
Source/TxPert_Exphormer,Source,TxPert_Exphormer,direct_risk,B2_Pointwise,20261001,1,RPE1,85,85,0.5484419183094971,0.3626734414696111,0.0726536405698556,0.4117647058823529,0.07343876444631148,0.06597485601463733,0.07355274827501106,0.07718088964042602,0.5853645333087826,,
Source/TxPert_Exphormer,Source,TxPert_Exphormer,direct_risk,B2_Pointwise,20261001,1,hepg2,80,80,0.29090050890957364,0.2297702766057197,0.05718737881957418,0.5625,0.05951978592202063,0.05356396257411684,0.055951171647757245,0.05947649803322334,0.5978866399333744,,
Source/TxPert_Exphormer,Source,TxPert_Exphormer,direct_risk,B2_Pointwise,20261001,1,jurkat,83,83,0.40035932353264037,0.4212249695646698,0.051679859615796055,0.7058823529411764,0.048135105313526196,0.05219052436158933,0.051069874804289525,0.0564666855970574,0.5786197503366669,,
Source/TxPert_Exphormer,Source,TxPert_Exphormer,direct_risk,B2_Pointwise,20261001,2,K562,112,112,0.7245962678977386,0.554207810844979,0.044235882750979554,0.4347826086956522,0.04271768095592654,0.040197696212841076,0.0440157662212316,0.054480384068083934,0.5420591128540185,,
Source/TxPert_Exphormer,Source,TxPert_Exphormer,direct_risk,B2_Pointwise,20261001,2,RPE1,84,84,0.5096196488110104,0.44181431608788096,0.07192194605744719,0.5294117647058824,0.07074756340848072,0.07227203600546889,0.06936732639691655,0.07764331422310333,0.5935656337495693,,
Source/TxPert_Exphormer,Source,TxPert_Exphormer,direct_risk,B2_Pointwise,20261001,2,hepg2,83,83,0.6460398075132184,0.5853448637756601,0.04850042438806388,0.47058823529411764,0.04190451486243138,0.04242645664250144,0.04755074499795829,0.05599238260744123,0.592402493293381,,
Source/TxPert_Exphormer,Source,TxPert_Exphormer,direct_risk,B2_Pointwise,20261001,2,jurkat,83,83,0.48003611309545624,0.31850048276730614,0.05249818695590608,0.5882352941176471,0.055225817693604316,0.05057205314583633,0.049728433069373836,0.05500927372346235,0.5432736592639208,,
Source/TxPert_Exphormer,Source,TxPert_Exphormer,direct_risk,B2_Pointwise,20261001,3,K562,113,113,0.460329172476021,0.35290105795462107,0.049944365744806686,0.4782608695652174,0.05302758778755858,0.045567773687450734,0.04465203369526482,0.05303824362308164,0.48469684987670725,,
Source/TxPert_Exphormer,Source,TxPert_Exphormer,direct_risk,B2_Pointwise,20261001,3,RPE1,88,88,0.7195131697610144,0.472685005811701,0.06976883735184501,0.4444444444444444,0.0735376112990909,0.07016724803381494,0.06679206341505046,0.07336972319818186,0.5650131737618206,,
Source/TxPert_Exphormer,Source,TxPert_Exphormer,direct_risk,B2_Pointwise,20261001,3,hepg2,82,82,0.471335823236328,0.5904485149269163,0.04718480201058009,0.4117647058823529,0.0408045575022697,0.04273564368486399,0.0462087563170892,0.05496194928073977,0.5507415287341169,,
Source/TxPert_Exphormer,Source,TxPert_Exphormer,direct_risk,B2_Pointwise,20261001,3,jurkat,78,78,0.3583056303501921,0.29703208184220836,0.05089193258675312,0.6875,0.04623772762715812,0.04947322013322259,0.05055108179266632,0.054679683376356786,0.511490787726486,,
Source/TxPert_Exphormer,Source,TxPert_Exphormer,direct_risk,B2_Pointwise,20261001,4,K562,113,113,0.29686144052159286,0.2919938119635372,0.04678156221417906,0.6956521739130435,0.04945954525222374,0.04404561513144031,0.04502003450404129,0.05285349041279302,0.5125946084101088,,
Source/TxPert_Exphormer,Source,TxPert_Exphormer,direct_risk,B2_Pointwise,20261001,4,RPE1,81,81,0.5205327859930673,0.542140921409214,0.06340635251172942,0.5882352941176471,0.0514122123519579,0.05483299110303902,0.06353921179727806,0.07378245700887462,0.5739541458577367,,
Source/TxPert_Exphormer,Source,TxPert_Exphormer,direct_risk,B2_Pointwise,20261001,4,hepg2,73,73,0.6928092622538445,0.4972541034184871,0.0500028472616019,0.4,0.045702336356043774,0.0476229315002759,0.047354634398141374,0.05667233742971307,0.5540320126810191,,
Source/TxPert_Exphormer,Source,TxPert_Exphormer,direct_risk,B2_Pointwise,20261001,4,jurkat,94,94,0.08491654613770167,0.1191128129176751,0.05566121967086359,0.8947368421052632,0.05429468154907221,0.05442388140057258,0.053806205141417485,0.05569281429952987,0.5436470372581812,,
Source/TxPert_Exphormer,Source,TxPert_Exphormer,direct_risk,B2_Pointwise,20261001,MACRO,MACRO,1808,575,0.5065233644376171,,0.05378974613861166,0.554482686095033,0.051506349028398554,0.05020414422398226,0.0524638348364462,0.05974361810636658,0.5485715004473237,20.0,20.0
Source/TxPert_Exphormer,Source,TxPert_Exphormer,direct_risk,B2_Pointwise,20261002,0,K562,114,114,0.5551881993770569,0.6363945647111238,0.03913531227703584,0.4782608695652174,0.030410856939852193,0.031336466498348974,0.040089054392618,0.0515829608452437,0.49728203142401806,,
Source/TxPert_Exphormer,Source,TxPert_Exphormer,direct_risk,B2_Pointwise,20261002,0,RPE1,78,78,0.7459660629355118,0.6276128934356782,0.05890934856516131,0.375,0.05570314778015015,0.0468068805057555,0.05663878446779185,0.06834564896462042,0.5493719996835174,,
Source/TxPert_Exphormer,Source,TxPert_Exphormer,direct_risk,B2_Pointwise,20261002,0,hepg2,87,87,0.5417150159886971,0.543559087263979,0.04713625534967797,0.5,0.04616379655069772,0.04195555371956689,0.045284363610500596,0.05513266001196642,0.5319276161300484,,
Source/TxPert_Exphormer,Source,TxPert_Exphormer,direct_risk,B2_Pointwise,20261002,0,jurkat,83,83,0.5847153042556616,0.5215775995969942,0.04723801332414224,0.6470588235294117,0.04851928394701742,0.04397994553779849,0.045978702915211465,0.05172910518237694,0.511957999996004,,
Source/TxPert_Exphormer,Source,TxPert_Exphormer,direct_risk,B2_Pointwise,20261002,1,K562,114,114,0.5954532315151196,0.4432919543954153,0.04976738551334473,0.5652173913043479,0.04978061343232787,0.046889397761096074,0.048137947100034884,0.057092640135809794,0.5520516080691947,,
Source/TxPert_Exphormer,Source,TxPert_Exphormer,direct_risk,B2_Pointwise,20261002,1,RPE1,85,85,0.34217286378144723,0.33675982020715267,0.07378043127044125,0.5882352941176471,0.07619302161037916,0.06985990188139321,0.07293978658353169,0.07719416710315935,0.5839814596211543,,
Source/TxPert_Exphormer,Source,TxPert_Exphormer,direct_risk,B2_Pointwise,20261002,1,hepg2,80,80,0.3773924619397727,0.3615799343647445,0.05303021427173575,0.5625,0.046183571219444226,0.04888059373479332,0.052280415175482584,0.05940023034032658,0.5995067805055195,,
Source/TxPert_Exphormer,Source,TxPert_Exphormer,direct_risk,B2_Pointwise,20261002,1,jurkat,83,83,0.3610116614801609,0.3345367532849166,0.05416123055718978,0.7058823529411764,0.05550858523282734,0.05295330735252179,0.05202958284921584,0.05630934360984134,0.5805582442758399,,
Source/TxPert_Exphormer,Source,TxPert_Exphormer,direct_risk,B2_Pointwise,20261002,2,K562,112,112,0.6583724526132864,0.5732394847439096,0.04405700779584705,0.4782608695652174,0.039966810494661296,0.040197066800749776,0.043686795015154094,0.05439988942195501,0.5411111563381114,,
Source/TxPert_Exphormer,Source,TxPert_Exphormer,direct_risk,B2_Pointwise,20261002,2,RPE1,84,84,0.46846180963916073,0.463035334615774,0.0715269240472175,0.5294117647058824,0.06815465001596341,0.07062157309230631,0.07105377675699331,0.07751099467002229,0.5963346579781872,,
Source/TxPert_Exphormer,Source,TxPert_Exphormer,direct_risk,B2_Pointwise,20261002,2,hepg2,83,83,0.5611711398182625,0.5771588094538431,0.048405728839464424,0.47058823529411764,0.04361623815364304,0.0432635340839624,0.04696604711491433,0.05615144937005656,0.5900719568882207,,
Source/TxPert_Exphormer,Source,TxPert_Exphormer,direct_risk,B2_Pointwise,20261002,2,jurkat,83,83,0.4133332295382679,0.34140044498551697,0.05253905549252964,0.6470588235294117,0.05622155902286367,0.050139033290393174,0.050222964292126,0.05503785635890763,0.5439774110927591,,
Source/TxPert_Exphormer,Source,TxPert_Exphormer,direct_risk,B2_Pointwise,20261002,3,K562,113,113,0.5471912409963922,0.3695854680950164,0.049791670030529235,0.4347826086956522,0.05615558568388218,0.047160630316837926,0.04440375459952308,0.05312581616624802,0.48419462639896865,,
Source/TxPert_Exphormer,Source,TxPert_Exphormer,direct_risk,B2_Pointwise,20261002,3,RPE1,88,88,0.741612981509445,0.48069810855552825,0.06939037249570511,0.4444444444444444,0.07771302180157764,0.06816924622075421,0.06589558669789267,0.07330043103390108,0.5665469076332702,,
Source/TxPert_Exphormer,Source,TxPert_Exphormer,direct_risk,B2_Pointwise,20261002,3,hepg2,82,82,0.5039176759408587,0.5157214222744638,0.05359801251157363,0.3529411764705882,0.05803031143214962,0.052741811336839854,0.04872153540391743,0.05477680349975057,0.5510358049311235,,
Source/TxPert_Exphormer,Source,TxPert_Exphormer,direct_risk,B2_Pointwise,20261002,3,jurkat,78,78,0.3068869030364795,0.25229201178568267,0.052988883382845305,0.75,0.05601376760751005,0.05385083344299342,0.05180880551536873,0.054656108376748114,0.5115673714511493,,
Source/TxPert_Exphormer,Source,TxPert_Exphormer,direct_risk,B2_Pointwise,20261002,4,K562,113,113,0.3224767547206109,0.3213869851620202,0.04612952821576129,0.6521739130434783,0.046150937055547965,0.041192246277047186,0.045025011034388246,0.052965261789260504,0.5116082678690217,,
Source/TxPert_Exphormer,Source,TxPert_Exphormer,direct_risk,B2_Pointwise,20261002,4,RPE1,81,81,0.5277535447714586,0.5931120144534778,0.0622238627427225,0.5294117647058824,0.05555308920641735,0.054510424132732736,0.06103340708991372,0.07374540926140756,0.576222689463389,,
Source/TxPert_Exphormer,Source,TxPert_Exphormer,direct_risk,B2_Pointwise,20261002,4,hepg2,73,73,0.5195616078674222,0.43755399234851294,0.05108939634193224,0.4666666666666667,0.04850289504975076,0.049929526944955144,0.04802618845290425,0.056551425830689374,0.5543547018641379,,
Source/TxPert_Exphormer,Source,TxPert_Exphormer,direct_risk,B2_Pointwise,20261002,4,jurkat,94,94,0.16472511038111642,0.1616226565039916,0.05514331840234423,0.8421052631578947,0.0536392524838447,0.0545587333801545,0.05301934512371707,0.05565824775556267,0.5446663902735872,,
Source/TxPert_Exphormer,Source,TxPert_Exphormer,direct_risk,B2_Pointwise,20261002,MACRO,MACRO,1808,575,0.4919539626053095,,0.054002097571360055,0.551000013086852,0.05340904973602538,0.05044983531555005,0.052162092709559994,0.0597333224863927,0.5489164840943612,20.0,20.0
Source/TxPert_Exphormer,Source,TxPert_Exphormer,direct_risk,B3_DeepSets,20260930,0,K562,114,114,0.5552099279790443,0.589542536603147,0.04000685327486823,0.4782608695652174,0.033691049087792586,0.03401745458983852,0.040889440169721264,0.051534278706012245,0.49683482681048513,,
Source/TxPert_Exphormer,Source,TxPert_Exphormer,direct_risk,B3_DeepSets,20260930,0,RPE1,78,78,0.7905335795585214,0.6163836163836163,0.05894200584961743,0.375,0.05570314778015015,0.048033106606453616,0.05847534064490057,0.06826413748862768,0.5506007182116692,,
Source/TxPert_Exphormer,Source,TxPert_Exphormer,direct_risk,B3_DeepSets,20260930,0,hepg2,87,87,0.5852354048737383,0.54321280163301,0.047047931303163926,0.5,0.04315349625216586,0.041318428702652406,0.045453429222106885,0.05490683406863683,0.53360043311824,,
Source/TxPert_Exphormer,Source,TxPert_Exphormer,direct_risk,B3_DeepSets,20260930,0,jurkat,83,83,0.5662800577725468,0.54267243188783,0.04699958802707588,0.6470588235294117,0.047717201626963045,0.04471410537029009,0.04521037890974959,0.051676357239540394,0.5118478666042139,,
Source/TxPert_Exphormer,Source,TxPert_Exphormer,direct_risk,B3_DeepSets,20260930,1,K562,114,114,0.6125424713681917,0.44406958141795433,0.049487380665076665,0.5652173913043479,0.04894271555046236,0.04595594116203159,0.04873164975198733,0.05704893604835563,0.5536173499684369,,
Source/TxPert_Exphormer,Source,TxPert_Exphormer,direct_risk,B3_DeepSets,20260930,1,RPE1,85,85,0.401456690527399,0.3348641782294313,0.07326739633898534,0.5294117647058824,0.07030122934116254,0.06778667089255414,0.07287074274621727,0.07716397948005753,0.5848168707729254,,
Source/TxPert_Exphormer,Source,TxPert_Exphormer,direct_risk,B3_DeepSets,20260930,1,hepg2,80,80,0.19620624980806214,0.3169714017815284,0.054058870147189166,0.6875,0.04981436673551794,0.04909883707296099,0.05312224007211621,0.059249296734315116,0.6008110679649392,,
Source/TxPert_Exphormer,Source,TxPert_Exphormer,direct_risk,B3_DeepSets,20260930,1,jurkat,83,83,0.4048137237429289,0.37687334704672343,0.052508200315142,0.6470588235294117,0.047039425414469455,0.053297086344922244,0.052869283948980585,0.05620440951998613,0.5804983597733276,,
Source/TxPert_Exphormer,Source,TxPert_Exphormer,direct_risk,B3_DeepSets,20260930,2,K562,112,112,0.6840942101297354,0.5145129326545256,0.044855302842750557,0.4782608695652174,0.042507573651770714,0.04052258428672081,0.04525821619401016,0.05444508146838443,0.5410087730914491,,
Source/TxPert_Exphormer,Source,TxPert_Exphormer,direct_risk,B3_DeepSets,20260930,2,RPE1,84,84,0.49723418357582194,0.49508960210590264,0.07082320076693759,0.5294117647058824,0.06949101512630779,0.062138617367428865,0.06823850489620648,0.07748616423178195,0.5940894284131164,,
Source/TxPert_Exphormer,Source,TxPert_Exphormer,direct_risk,B3_DeepSets,20260930,2,hepg2,83,83,0.5942305447880308,0.6238193190881994,0.04732844240983689,0.47058823529411764,0.041101794689893674,0.04007376303129332,0.046212236840455265,0.05605933731842521,0.5888859897064354,,
Source/TxPert_Exphormer,Source,TxPert_Exphormer,direct_risk,B3_DeepSets,20260930,2,jurkat,83,83,0.3750313295734747,0.300029385836027,0.05192397993665113,0.7058823529411764,0.052483529887265595,0.04928414731779515,0.050816105545631436,0.05513543353763983,0.5441288720224654,,
Source/TxPert_Exphormer,Source,TxPert_Exphormer,direct_risk,B3_DeepSets,20260930,3,K562,113,113,0.45825781410605143,0.35315889280723933,0.050183922721902724,0.4782608695652174,0.057357146715124395,0.04541764416448443,0.044855663552880246,0.05311323508411163,0.4852441241796322,,
Source/TxPert_Exphormer,Source,TxPert_Exphormer,direct_risk,B3_DeepSets,20260930,3,RPE1,88,88,0.6954152511437992,0.40838646049804517,0.0709266888338021,0.4444444444444444,0.0791380405426025,0.07081104804658223,0.06743384491313584,0.07353810858347792,0.5635751535308142,,
Source/TxPert_Exphormer,Source,TxPert_Exphormer,direct_risk,B3_DeepSets,20260930,3,hepg2,82,82,0.4283659565593031,0.5375322427923075,0.052226019713431264,0.47058823529411764,0.05208526179194447,0.04941529649145458,0.04749115024943173,0.05476447187033988,0.5504269092526153,,
Source/TxPert_Exphormer,Source,TxPert_Exphormer,direct_risk,B3_DeepSets,20260930,3,jurkat,78,78,0.2761137295681751,0.2393176443809355,0.052456618320795394,0.75,0.04623772762715812,0.05359799030702557,0.05305600233184981,0.05465527889686157,0.5107521771171667,,
Source/TxPert_Exphormer,Source,TxPert_Exphormer,direct_risk,B3_DeepSets,20260930,4,K562,113,113,0.4047024782643446,0.3284067469558853,0.045748829491458594,0.6521739130434783,0.04596754598120842,0.04085245380259073,0.04534783531307124,0.052876864074884705,0.5126301882408814,,
Source/TxPert_Exphormer,Source,TxPert_Exphormer,direct_risk,B3_DeepSets,20260930,4,RPE1,81,81,0.525990957740243,0.5272809394760615,0.06368980434095836,0.5882352941176471,0.06020480870372713,0.05483299110303902,0.06401916720518247,0.07382835320193125,0.5742392406131666,,
Source/TxPert_Exphormer,Source,TxPert_Exphormer,direct_risk,B3_DeepSets,20260930,4,hepg2,73,73,0.49283107633334966,0.4625138837467605,0.05011458580112435,0.5333333333333333,0.047635382274165715,0.04816324499746159,0.048823944267791616,0.05675781384331795,0.554912003089834,,
Source/TxPert_Exphormer,Source,TxPert_Exphormer,direct_risk,B3_DeepSets,20260930,4,jurkat,94,94,0.015403337257853304,0.12896723620994835,0.05369842955716036,0.8421052631578947,0.052870032936334556,0.05569135397672648,0.05216734911850154,0.05582364377983552,0.5424021372335428,,
Source/TxPert_Exphormer,Source,TxPert_Exphormer,direct_risk,B3_DeepSets,20260930,MACRO,MACRO,1808,575,0.47799744873353067,,0.0538147025328964,0.5686396124048398,0.05217212458580937,0.049751138281715325,0.05256712629469638,0.05972660075882617,0.5487461244857679,20.0,20.0
Source/TxPert_Exphormer,Source,TxPert_Exphormer,direct_risk,B3_DeepSets,20261001,0,K562,114,114,0.5041224738969653,0.5819201717259675,0.03994719848999745,0.5217391304347826,0.03128098913778857,0.03311260117460847,0.04051255307307364,0.051542509939630866,0.49718980885980246,,
Source/TxPert_Exphormer,Source,TxPert_Exphormer,direct_risk,B3_DeepSets,20261001,0,RPE1,78,78,0.735681909645736,0.5954172409868612,0.05917819969406522,0.4375,0.05432187393307683,0.0468068805057555,0.05870927158647618,0.06846748466971143,0.5471258874342162,,
Source/TxPert_Exphormer,Source,TxPert_Exphormer,direct_risk,B3_DeepSets,20261001,0,hepg2,87,87,0.44649589554509334,0.5374352992636873,0.04655584377929483,0.6111111111111112,0.03966596101721123,0.04307337757199999,0.045825730501250744,0.054863848416678414,0.5330301588076222,,
Source/TxPert_Exphormer,Source,TxPert_Exphormer,direct_risk,B3_DeepSets,20261001,0,jurkat,83,83,0.4897093338800648,0.48421560807690683,0.04770760707242775,0.7058823529411764,0.04726804337567749,0.04471410537029009,0.04587952353592425,0.051739795355003004,0.5110478652278365,,
Source/TxPert_Exphormer,Source,TxPert_Exphormer,direct_risk,B3_DeepSets,20261001,1,K562,114,114,0.5610750643775072,0.46027824466900225,0.049655522717511315,0.5652173913043479,0.05164277988175547,0.04806575689302833,0.04770318075622378,0.057060153703871005,0.5526938634688952,,
Source/TxPert_Exphormer,Source,TxPert_Exphormer,direct_risk,B3_DeepSets,20261001,1,RPE1,85,85,0.45613231035584656,0.35563806918116087,0.07243539365628959,0.47058823529411764,0.06991227612727213,0.06656647177741803,0.07303759243425932,0.07710141946221466,0.5851073137089838,,
Source/TxPert_Exphormer,Source,TxPert_Exphormer,direct_risk,B3_DeepSets,20261001,1,hepg2,80,80,0.4845646184256599,0.2915377402719175,0.0549593445320925,0.5,0.053662524791434366,0.05356396257411684,0.054048643959686116,0.05928109492339421,0.5972458017127529,,
Source/TxPert_Exphormer,Source,TxPert_Exphormer,direct_risk,B3_DeepSets,20261001,1,jurkat,83,83,0.4227752313097099,0.4647160068846815,0.05131529368170724,0.7058823529411764,0.04964559628731669,0.051189281155957854,0.050951933266506266,0.05631072606413719,0.5796871437076632,,
Source/TxPert_Exphormer,Source,TxPert_Exphormer,direct_risk,B3_DeepSets,20261001,2,K562,112,112,0.7013626834487974,0.5586411316499812,0.0443199329848501,0.4347826086956522,0.04271768095592654,0.041391617578008855,0.044300069666600606,0.054408600780401994,0.5405923461712698,,
Source/TxPert_Exphormer,Source,TxPert_Exphormer,direct_risk,B3_DeepSets,20261001,2,RPE1,84,84,0.45453007855451866,0.47941682697175253,0.07081651792625913,0.5882352941176471,0.06918644449777069,0.06398264428271962,0.06952105067847736,0.07762315032010263,0.5947801506138141,,
Source/TxPert_Exphormer,Source,TxPert_Exphormer,direct_risk,B3_DeepSets,20261001,2,hepg2,83,83,0.6072376776213642,0.6156122748835061,0.04771654082875235,0.5294117647058824,0.04229527836044625,0.043224778135909706,0.04706088954671504,0.05632955897226907,0.5862270722022627,,
Source/TxPert_Exphormer,Source,TxPert_Exphormer,direct_risk,B3_DeepSets,20261001,2,jurkat,83,83,0.48003611309545624,0.3369295999328323,0.05171192836666521,0.5882352941176471,0.051675689510173234,0.0491242254262461,0.05003318452231936,0.054874091740187085,0.543683060642862,,
Source/TxPert_Exphormer,Source,TxPert_Exphormer,direct_risk,B3_DeepSets,20261001,3,K562,113,113,0.45825781410605143,0.3562196420254175,0.04987474275734846,0.4782608695652174,0.054811319181074646,0.04482597736236837,0.044652033695264826,0.05304008544204962,0.4852701233446504,,
Source/TxPert_Exphormer,Source,TxPert_Exphormer,direct_risk,B3_DeepSets,20261001,3,RPE1,88,88,0.751205784471485,0.4662216899721744,0.06993998066921024,0.38888888888888884,0.07533879164192409,0.07155809551477427,0.06635584546761075,0.07340185985819486,0.5654183453919641,,
Source/TxPert_Exphormer,Source,TxPert_Exphormer,direct_risk,B3_DeepSets,20261001,3,hepg2,82,82,0.471335823236328,0.6170263710669236,0.04680557530289276,0.4117647058823529,0.0399210258490509,0.04422303650747322,0.0454649404145595,0.054775554549666004,0.5523052097477716,,
Source/TxPert_Exphormer,Source,TxPert_Exphormer,direct_risk,B3_DeepSets,20261001,3,jurkat,78,78,0.3341997952652829,0.21207906018032596,0.05273380666533722,0.75,0.04623772762715812,0.05385083344299342,0.053923083803592536,0.054711187377564356,0.511917660412772,,
Source/TxPert_Exphormer,Source,TxPert_Exphormer,direct_risk,B3_DeepSets,20261001,4,K562,113,113,0.32474900550059055,0.3334054161953557,0.04559151234495767,0.6521739130434783,0.04368224026014401,0.04137601581928517,0.04500648176722354,0.052830106326517266,0.5130727742863451,,
Source/TxPert_Exphormer,Source,TxPert_Exphormer,direct_risk,B3_DeepSets,20261001,4,RPE1,81,81,0.5205327859930676,0.5434056007226739,0.06358243874767433,0.5882352941176471,0.05555308920641734,0.05483299110303902,0.06329630197184838,0.07378787610797417,0.5745631257795871,,
Source/TxPert_Exphormer,Source,TxPert_Exphormer,direct_risk,B3_DeepSets,20261001,4,hepg2,73,73,0.6928092622538445,0.5181414291003333,0.04947664498403865,0.4,0.04277459438890214,0.04647348796327904,0.04775471215111174,0.05659051939984142,0.5547227210071927,,
Source/TxPert_Exphormer,Source,TxPert_Exphormer,direct_risk,B3_DeepSets,20261001,4,jurkat,94,94,0.11498714807052009,0.1299642379799877,0.05477414626750514,0.8421052631578947,0.054118877649307194,0.05442388140057258,0.05339148537592681,0.05575787401936134,0.5427894214135038,,
Source/TxPert_Exphormer,Source,TxPert_Exphormer,direct_risk,B3_DeepSets,20261001,MACRO,MACRO,1808,575,0.5005900404526944,,0.05345490857344385,0.558500723515951,0.0507856401839914,0.04981900107799222,0.05237142540873254,0.05972487487143854,0.5484234926970885,20.0,20.0
Source/TxPert_Exphormer,Source,TxPert_Exphormer,direct_risk,B3_DeepSets,20261002,0,K562,114,114,0.5552099279790438,0.6354063303699805,0.039131869484834304,0.4782608695652174,0.030410856939852193,0.03232050468416313,0.039976329918493245,0.05159248204273479,0.4973002623145526,,
Source/TxPert_Exphormer,Source,TxPert_Exphormer,direct_risk,B3_DeepSets,20261002,0,RPE1,78,78,0.8409715723585479,0.6474664575930398,0.0581828683584979,0.3125,0.05570314778015014,0.0468068805057555,0.05642839162968668,0.06841735874093564,0.5499136614544758,,
Source/TxPert_Exphormer,Source,TxPert_Exphormer,direct_risk,B3_DeepSets,20261002,0,hepg2,87,87,0.5150096551792613,0.5346832397754611,0.047163243531348584,0.5555555555555556,0.046024640815125535,0.04240827065789034,0.045485336587510285,0.05509069904296045,0.5317935531676221,,
Source/TxPert_Exphormer,Source,TxPert_Exphormer,direct_risk,B3_DeepSets,20261002,0,jurkat,83,83,0.5453416243810921,0.5043658956383024,0.047627072185652417,0.6470588235294117,0.050361236764324996,0.045991719974314414,0.04648731875100301,0.05174669288230237,0.5119916096373395,,
Source/TxPert_Exphormer,Source,TxPert_Exphormer,direct_risk,B3_DeepSets,20261002,1,K562,114,114,0.6125424713681917,0.4677953058868797,0.04960472204721656,0.5652173913043479,0.0526739641403158,0.046531186479589176,0.04750961277699257,0.05702466662940342,0.5521704610257433,,
Source/TxPert_Exphormer,Source,TxPert_Exphormer,direct_risk,B3_DeepSets,20261002,1,RPE1,85,85,0.38449439630955623,0.38225522767246434,0.07301855920075882,0.5294117647058824,0.06991227612727213,0.07068309505634443,0.07021870659014509,0.07717977470943163,0.5842521771931186,,
Source/TxPert_Exphormer,Source,TxPert_Exphormer,direct_risk,B3_DeepSets,20261002,1,hepg2,80,80,0.3220648890530571,0.3936005625879044,0.052543303698226754,0.5625,0.046736522577702944,0.04759716743137683,0.05191018837504084,0.05946504487667881,0.5983330976013086,,
Source/TxPert_Exphormer,Source,TxPert_Exphormer,direct_risk,B3_DeepSets,20261002,1,jurkat,83,83,0.36101166148016034,0.32693841568364046,0.05474709687906652,0.7058823529411764,0.059622943194376034,0.054441644974491124,0.05292764514507278,0.05632488121475584,0.5801873613617847,,
Source/TxPert_Exphormer,Source,TxPert_Exphormer,direct_risk,B3_DeepSets,20261002,2,K562,112,112,0.7101504260723328,0.6100300679946697,0.04342329289492271,0.4347826086956522,0.038575711660087074,0.03780991308715029,0.04325940044197648,0.05444506441517315,0.5399278280181725,,
Source/TxPert_Exphormer,Source,TxPert_Exphormer,direct_risk,B3_DeepSets,20261002,2,RPE1,84,84,0.5103414528698351,0.47984205730484963,0.07113931004093772,0.5294117647058824,0.0663258876237604,0.06417494311052205,0.0710976680385924,0.07759870072225229,0.5958618395535188,,
Source/TxPert_Exphormer,Source,TxPert_Exphormer,direct_risk,B3_DeepSets,20261002,2,hepg2,83,83,0.5509917345866806,0.550354729020612,0.04900163330254373,0.47058823529411764,0.04547918505138817,0.04162627162740507,0.049085913891238786,0.05627953636301382,0.5903366035867347,,
Source/TxPert_Exphormer,Source,TxPert_Exphormer,direct_risk,B3_DeepSets,20261002,2,jurkat,83,83,0.4169194813004804,0.3656017799420679,0.05106469936951955,0.6470588235294117,0.048476009526186484,0.04716964449514356,0.049824364084218184,0.05500015581779795,0.5438758764546544,,
Source/TxPert_Exphormer,Source,TxPert_Exphormer,direct_risk,B3_DeepSets,20261002,3,K562,113,113,0.460329172476021,0.36778894137999874,0.049788987098629965,0.4782608695652174,0.05615558568388218,0.04587691099099486,0.04465203369526482,0.0531639492475957,0.48479791342957346,,
Source/TxPert_Exphormer,Source,TxPert_Exphormer,direct_risk,B3_DeepSets,20261002,3,RPE1,88,88,0.7493724550520621,0.43559578739741467,0.07035026343835989,0.38888888888888884,0.08038033379448781,0.07065486711346437,0.06636478548700155,0.07337149997443249,0.5655102794490551,,
Source/TxPert_Exphormer,Source,TxPert_Exphormer,direct_risk,B3_DeepSets,20261002,3,hepg2,82,82,0.4009177525610788,0.5198572066041945,0.05296029991681425,0.47058823529411764,0.05105774435732096,0.05347581689848615,0.04922158502769175,0.05486180647870042,0.5508064541737328,,
Source/TxPert_Exphormer,Source,TxPert_Exphormer,direct_risk,B3_DeepSets,20261002,3,jurkat,78,78,0.3641398886137088,0.3007751741928957,0.0513449042771249,0.75,0.04623772762715812,0.047049425658769864,0.05180880551536873,0.054676199093186446,0.5113175697129643,,
Source/TxPert_Exphormer,Source,TxPert_Exphormer,direct_risk,B3_DeepSets,20261002,4,K562,113,113,0.4084062596156468,0.3573840574888549,0.04552043999303575,0.6086956521739131,0.046029203260938255,0.043029393514861174,0.044093571832044036,0.05280096307857623,0.5142343061023003,,
Source/TxPert_Exphormer,Source,TxPert_Exphormer,direct_risk,B3_DeepSets,20261002,4,RPE1,81,81,0.5475225386698319,0.5032520325203251,0.06422308806922107,0.47058823529411764,0.055189762057529505,0.056404732058153384,0.06395750247487203,0.07393081100360305,0.5727202012829385,,
Source/TxPert_Exphormer,Source,TxPert_Exphormer,direct_risk,B3_DeepSets,20261002,4,hepg2,73,73,0.7061626453862391,0.43320375169690245,0.05194205837900875,0.4,0.05630322801880534,0.05171942859888072,0.048515256443941876,0.05648696205578924,0.5538202162364373,,
Source/TxPert_Exphormer,Source,TxPert_Exphormer,direct_risk,B3_DeepSets,20261002,4,jurkat,94,94,0.16844006838192185,0.1095618249467182,0.056092266204524725,0.8421052631578947,0.058235657215118364,0.0574613493916235,0.05337311485980416,0.05583665201512199,0.5425439766031027,,
Source/TxPert_Exphormer,Source,TxPert_Exphormer,direct_risk,B3_DeepSets,20261002,MACRO,MACRO,1808,575,0.5065170036847375,,0.053943498918512245,0.5423677667100403,0.052994581210789114,0.050161658315468996,0.052309876578297956,0.05976469502022228,0.5485847624179565,20.0,20.0
Source/TxPert_Exphormer,Source,TxPert_Exphormer,direct_risk,Magnitude,0,0,K562,114,114,0.9626391535550413,0.9102893825560439,0.03666435674646288,0.13043478260869568,0.03232073426867521,0.028568598968179287,0.03512678279034919,0.05506983385068305,0.48416807583784394,,
Source/TxPert_Exphormer,Source,TxPert_Exphormer,direct_risk,Magnitude,0,0,RPE1,78,78,0.5331815850195188,0.6095044196310018,0.0571697949786811,0.5625,0.0489364888053387,0.04610591393429782,0.05580978597012846,0.07217638977762685,0.49806431084229685,,
Source/TxPert_Exphormer,Source,TxPert_Exphormer,direct_risk,Magnitude,0,0,hepg2,87,87,0.6447063824176149,0.7532988262739665,0.04276263854261657,0.4444444444444444,0.03290519449445932,0.036956080235540825,0.0418629029935056,0.05709098262733751,0.5127628026299914,,
Source/TxPert_Exphormer,Source,TxPert_Exphormer,direct_risk,Magnitude,0,0,jurkat,83,83,0.6585590628829321,0.7584484278577726,0.0432291768029073,0.47058823529411764,0.03739393833610741,0.038478544748881224,0.04253403997669612,0.054659950057214114,0.4894653500098416,,
Source/TxPert_Exphormer,Source,TxPert_Exphormer,direct_risk,Magnitude,0,1,K562,114,114,0.8819785055699091,0.8654705251007474,0.041327262913119604,0.21739130434782605,0.02932409616187211,0.03362669261253393,0.04183560629424291,0.06037501628004165,0.5435843965014729,,
Source/TxPert_Exphormer,Source,TxPert_Exphormer,direct_risk,Magnitude,0,1,RPE1,85,85,0.44592722361033416,0.4358608559702951,0.06781060534449357,0.5882352941176471,0.053441532577077525,0.057963593150762924,0.07130500461992827,0.08089801000916647,0.5403849556722871,,
Source/TxPert_Exphormer,Source,TxPert_Exphormer,direct_risk,Magnitude,0,1,hepg2,80,80,0.7261113480110317,0.7283638068448196,0.04738941463043501,0.4375,0.034564686706289614,0.039673783932812484,0.04906856608577068,0.061441307543012004,0.5699811497677841,,
Source/TxPert_Exphormer,Source,TxPert_Exphormer,direct_risk,Magnitude,0,1,jurkat,83,83,0.6838026671939529,0.6557239410604089,0.0478876705021126,0.47058823529411764,0.03992024560769394,0.04274492130121759,0.04886934493801419,0.05877582660511617,0.5595099599905401,,
Source/TxPert_Exphormer,Source,TxPert_Exphormer,direct_risk,Magnitude,0,2,K562,112,112,0.9606336661541484,0.9145112242457376,0.03907912756208694,0.17391304347826086,0.031032571258644216,0.032656400666936536,0.038574935003582875,0.05794592230564614,0.5320729670881911,,
Source/TxPert_Exphormer,Source,TxPert_Exphormer,direct_risk,Magnitude,0,2,RPE1,84,84,0.5609057229460503,0.4762782221322264,0.06922832168299176,0.6470588235294117,0.061235783207747634,0.06236008368432519,0.07070937260453188,0.0816275511707272,0.542783844847014,,
Source/TxPert_Exphormer,Source,TxPert_Exphormer,direct_risk,Magnitude,0,2,hepg2,83,83,0.772230097209026,0.769992863439822,0.044672732317777485,0.2941176470588235,0.03477921316193206,0.04207346292541303,0.04349829438364217,0.058810738639839544,0.5603818344693787,,
Source/TxPert_Exphormer,Source,TxPert_Exphormer,direct_risk,Magnitude,0,2,jurkat,83,83,0.7327717682456281,0.6754544309642752,0.04664734084225656,0.4117647058823529,0.04099351167678829,0.04336868971586223,0.0459809548531969,0.057190484807984714,0.5256597862216613,,
Source/TxPert_Exphormer,Source,TxPert_Exphormer,direct_risk,Magnitude,0,3,K562,113,113,0.9661595079349068,0.9053496573291638,0.03693250337311465,0.13043478260869568,0.02705413630853094,0.029863473513851956,0.03749367921498779,0.05618518016084376,0.47804248901816226,,
Source/TxPert_Exphormer,Source,TxPert_Exphormer,direct_risk,Magnitude,0,3,RPE1,88,88,0.7301918849615909,0.596615124511289,0.0634177979987657,0.38888888888888884,0.05582113129397229,0.05425397968954507,0.06418828319080847,0.07670986334988109,0.517087792334669,,
Source/TxPert_Exphormer,Source,TxPert_Exphormer,direct_risk,Magnitude,0,3,hepg2,82,82,0.825403239558855,0.7102338894874892,0.04471637498964317,0.3529411764705882,0.037891594900025215,0.041169585112263124,0.043620835671701025,0.057854066995460814,0.5185209093273825,,
Source/TxPert_Exphormer,Source,TxPert_Exphormer,direct_risk,Magnitude,0,3,jurkat,78,78,0.6193413316062528,0.5330745204162924,0.04770799379966659,0.5625,0.04078784119337793,0.04493762762285764,0.047893188893794965,0.05682262910716723,0.4951767352615428,,
Source/TxPert_Exphormer,Source,TxPert_Exphormer,direct_risk,Magnitude,0,4,K562,113,113,0.8643823240011028,0.8321079246789541,0.03978707249666924,0.21739130434782605,0.036663878398636926,0.034723375478516415,0.037677646402204196,0.055478962211182925,0.5092001527535253,,
Source/TxPert_Exphormer,Source,TxPert_Exphormer,direct_risk,Magnitude,0,4,RPE1,81,81,0.445332306487759,0.5884598012646793,0.06045663822917306,0.6470588235294117,0.04786413121554581,0.04677270637715558,0.06363386451834581,0.0768638487923293,0.5374634190573909,,
Source/TxPert_Exphormer,Source,TxPert_Exphormer,direct_risk,Magnitude,0,4,hepg2,73,73,0.7716669146409814,0.8057509564358881,0.044531184865795485,0.33333333333333337,0.035274094901978914,0.040515118589003835,0.04422144788141182,0.0588089533111062,0.537399619091447,,
Source/TxPert_Exphormer,Source,TxPert_Exphormer,direct_risk,Magnitude,0,4,jurkat,94,94,0.784306222305518,0.7371816638370119,0.04420034514865365,0.4736842105263158,0.03619702048599717,0.04024473950266834,0.04394390441952863,0.0571366493993588,0.5329147253896779,,
Source/TxPert_Exphormer,Source,TxPert_Exphormer,direct_risk,Magnitude,0,MACRO,MACRO,1808,575,0.7285115457156077,,0.048280917688371144,0.39773845178803785,0.039720091248034564,0.04185286858813126,0.04839242203531861,0.06259610835008626,0.524231263805605,20.0,20.0
Source/TxPert_Exphormer,Source,TxPert_Exphormer,direct_risk,NearestControl,0,0,K562,114,114,0.714619621470549,0.6842429274417288,0.038473166390777046,0.4347826086956522,0.027812875652064823,0.030381430912276925,0.03972378673783515,0.05986688002964888,0.44404183654255086,,
Source/TxPert_Exphormer,Source,TxPert_Exphormer,direct_risk,NearestControl,0,0,RPE1,78,78,0.5958776960598983,0.6154225521314128,0.05697040808127802,0.5,0.04712689784355459,0.050200390163809026,0.05589603732984795,0.07329999880669162,0.48436339759523034,,
Source/TxPert_Exphormer,Source,TxPert_Exphormer,direct_risk,NearestControl,0,0,hepg2,87,87,0.22306251739343885,0.3661332652912444,0.05042562979817944,0.8333333333333334,0.05002069452570541,0.04705791185713473,0.04903865893456065,0.06350004214503807,0.3887081136322222,,
Source/TxPert_Exphormer,Source,TxPert_Exphormer,direct_risk,NearestControl,0,0,jurkat,83,83,0.3802722065343212,0.43990596532471343,0.049228411335208104,0.7647058823529411,0.04881337409218148,0.04349565067711994,0.045866880521532996,0.054853932869965503,0.4543183930259045,,
Source/TxPert_Exphormer,Source,TxPert_Exphormer,direct_risk,NearestControl,0,1,K562,114,114,0.5516770845489527,0.5262226362366093,0.04912334936794154,0.5217391304347826,0.04193307381744182,0.04405232446025242,0.047118210805612654,0.06534468821550969,0.5025916272301139,,
Source/TxPert_Exphormer,Source,TxPert_Exphormer,direct_risk,NearestControl,0,1,RPE1,85,85,0.6560117945346798,0.4171194059018956,0.07333750075488588,0.5294117647058824,0.08015617562664876,0.07204983920297199,0.07062951332434662,0.08268067736471264,0.5211640444509029,,
Source/TxPert_Exphormer,Source,TxPert_Exphormer,direct_risk,NearestControl,0,1,hepg2,80,80,0.16106346416460596,0.2996249413970933,0.055248076879705434,0.75,0.05609036679379639,0.052090539946220774,0.05517009333707388,0.06942907284571688,0.4489100558009714,,
Source/TxPert_Exphormer,Source,TxPert_Exphormer,direct_risk,NearestControl,0,1,jurkat,83,83,0.5602554298416702,0.42473028000503754,0.05519961524656542,0.5294117647058824,0.06223325265778431,0.0526805905734791,0.05015581061265294,0.060603679293262186,0.5281820523955257,,
Source/TxPert_Exphormer,Source,TxPert_Exphormer,direct_risk,NearestControl,0,2,K562,112,112,0.5846792600651958,0.6248761403628661,0.0433916811687751,0.4347826086956522,0.03596840488413965,0.035933792672079495,0.043850995866315655,0.06355587101941138,0.47980468566167067,,
Source/TxPert_Exphormer,Source,TxPert_Exphormer,direct_risk,NearestControl,0,2,RPE1,84,84,0.5088121785635229,0.4254530727953832,0.07441531537228764,0.5882352941176471,0.07378354503048787,0.07368351234232676,0.07031869032375865,0.08246082925641174,0.5360550200321307,,
Source/TxPert_Exphormer,Source,TxPert_Exphormer,direct_risk,NearestControl,0,2,hepg2,83,83,0.31719804569555127,0.35678602913395746,0.05215931740882807,0.7058823529411764,0.04599054033557569,0.046704833669697486,0.053226390276991144,0.06565962644058185,0.42869679145570516,,
Source/TxPert_Exphormer,Source,TxPert_Exphormer,direct_risk,NearestControl,0,2,jurkat,83,83,0.44999431277530805,0.40923974644221484,0.051024429605456605,0.6470588235294117,0.04923682494295964,0.05268225084771125,0.04831412288227247,0.058631795144322416,0.49871475146100197,,
Source/TxPert_Exphormer,Source,TxPert_Exphormer,direct_risk,NearestControl,0,3,K562,113,113,0.6293888465102968,0.5496373677556724,0.04754460318331719,0.4347826086956522,0.05304677411913867,0.04253117148966888,0.042860385291931875,0.06182917211728771,0.43240820138049796,,
Source/TxPert_Exphormer,Source,TxPert_Exphormer,direct_risk,NearestControl,0,3,RPE1,88,88,0.7515578700628012,0.43360572012257415,0.06945854023108873,0.38888888888888884,0.07084599696099753,0.06741617226766211,0.06695172359997571,0.07879080710109544,0.5001087807477191,,
Source/TxPert_Exphormer,Source,TxPert_Exphormer,direct_risk,NearestControl,0,3,hepg2,82,82,0.38987218401443624,0.3708601343041543,0.051097705547301475,0.6470588235294117,0.04517828135026821,0.050838804858572305,0.05058063516711312,0.06388474192491755,0.38433909704057384,,
Source/TxPert_Exphormer,Source,TxPert_Exphormer,direct_risk,NearestControl,0,3,jurkat,78,78,0.4818022793101283,0.4298612779625438,0.04955015248052401,0.6875,0.04252622090280051,0.04496434016618872,0.048280596159971635,0.05803569241986944,0.45972877583328087,,
Source/TxPert_Exphormer,Source,TxPert_Exphormer,direct_risk,NearestControl,0,4,K562,113,113,0.7494680510563226,0.6388482267615944,0.042574247254686344,0.34782608695652173,0.03551827417686577,0.037359480138706075,0.04072597394125499,0.06268316275039279,0.46640549020595445,,
Source/TxPert_Exphormer,Source,TxPert_Exphormer,direct_risk,NearestControl,0,4,RPE1,81,81,0.5225585234464996,0.537353206865402,0.062003617922883766,0.5882352941176471,0.0373098765396409,0.05226875425261605,0.06466653643221386,0.08112767835937279,0.4945272702628388,,
Source/TxPert_Exphormer,Source,TxPert_Exphormer,direct_risk,NearestControl,0,4,hepg2,73,73,0.17239133060525058,0.07250401086017524,0.0566615054113127,0.7333333333333334,0.05417612474411719,0.0553606731196244,0.056606887663538344,0.06532121538428173,0.42643074276108367,,
Source/TxPert_Exphormer,Source,TxPert_Exphormer,direct_risk,NearestControl,0,4,jurkat,94,94,0.2982891715099169,0.38461871906946504,0.04949032949044565,0.736842105263158,0.04378643333911893,0.04337002307568722,0.049801516485341014,0.0608735777689275,0.4831068396890012,,
Source/TxPert_Exphormer,Source,TxPert_Exphormer,direct_risk,NearestControl,0,MACRO,MACRO,1808,575,0.48494259340816737,,0.053868880146572415,0.5901905352148488,0.05007770041676442,0.049756124334690274,0.052489172284707064,0.0666216570628709,0.468130298360244,20.0,20.0
Source/TxPert_Exphormer,Source,TxPert_Exphormer,direct_risk,NegativeHistorySupport,0,0,K562,114,114,0.2626082797222295,0.36702134166230854,0.043229239739281375,0.6086956521739131,0.03908292561148599,0.036429641606367115,0.04300714248235806,0.05506983385068305,0.48416807583784394,,
Source/TxPert_Exphormer,Source,TxPert_Exphormer,direct_risk,NegativeHistorySupport,0,0,RPE1,78,78,0.29216267672342683,0.24184899612844457,0.06508959820112374,0.625,0.060003126505762304,0.05741547758225348,0.06438506418504772,0.07217638977762685,0.49806431084229685,,
Source/TxPert_Exphormer,Source,TxPert_Exphormer,direct_risk,NegativeHistorySupport,0,0,hepg2,87,87,0.34266630085850497,0.47262421202982363,0.046323029939474146,0.6111111111111112,0.04111369802720011,0.04009045536319411,0.04674400355328209,0.05709098262733751,0.5127628026299914,,
Source/TxPert_Exphormer,Source,TxPert_Exphormer,direct_risk,NegativeHistorySupport,0,0,jurkat,83,83,0.07186416352264226,0.24821831651024878,0.05001266984974582,1.0,0.049724130787783156,0.04850791832979983,0.050195180367500966,0.054659950057214114,0.4894653500098416,,
Source/TxPert_Exphormer,Source,TxPert_Exphormer,direct_risk,NegativeHistorySupport,0,1,K562,114,114,0.2777991387909582,0.20552037344546345,0.05066488934788799,0.7391304347826086,0.048944570124149274,0.04853990471557427,0.05197162507918839,0.06037501628004165,0.5435843965014729,,
Source/TxPert_Exphormer,Source,TxPert_Exphormer,direct_risk,NegativeHistorySupport,0,1,RPE1,85,85,0.039188654656565694,-0.056930668949567186,0.07719652748267605,0.7647058823529411,0.07191619711617624,0.07344983879695915,0.08411686698537924,0.08089801000916647,0.5403849556722871,,
Source/TxPert_Exphormer,Source,TxPert_Exphormer,direct_risk,NegativeHistorySupport,0,1,hepg2,80,80,0.1613654036085053,0.1807259984473469,0.05505785142571991,0.8125,0.042946579633280586,0.05311909562442447,0.05781335416249926,0.061441307543012004,0.5699811497677841,,
Source/TxPert_Exphormer,Source,TxPert_Exphormer,direct_risk,NegativeHistorySupport,0,1,jurkat,83,83,0.18728651355004844,0.09734569016017314,0.05543453785769942,0.7058823529411764,0.05110499614642721,0.0562982227214995,0.055651751346886116,0.05877582660511617,0.5595099599905401,,
Source/TxPert_Exphormer,Source,TxPert_Exphormer,direct_risk,NegativeHistorySupport,0,2,K562,112,112,0.4711603555154481,0.2965125470437651,0.04896099064785642,0.6521739130434783,0.050897345257302086,0.04891781622300973,0.047160403503637184,0.05794592230564614,0.5320729670881911,,
Source/TxPert_Exphormer,Source,TxPert_Exphormer,direct_risk,NegativeHistorySupport,0,2,RPE1,84,84,0.2358020115197395,0.0277021212322793,0.08016288170447627,0.5882352941176471,0.07529938469330465,0.0864170092870207,0.07791220481019641,0.0816275511707272,0.542783844847014,,
Source/TxPert_Exphormer,Source,TxPert_Exphormer,direct_risk,NegativeHistorySupport,0,2,hepg2,83,83,-0.07447424395464687,0.07961629690467424,0.055083864710569856,0.8235294117647058,0.05410237320595314,0.054138975546640454,0.05564269609749313,0.058810738639839544,0.5603818344693787,,
Source/TxPert_Exphormer,Source,TxPert_Exphormer,direct_risk,NegativeHistorySupport,0,2,jurkat,83,83,-0.04469910445920797,-0.09528858038229132,0.05766516162295798,0.8823529411764706,0.05730673629376618,0.0620168752091772,0.056148997108851115,0.057190484807984714,0.5256597862216613,,
Source/TxPert_Exphormer,Source,TxPert_Exphormer,direct_risk,NegativeHistorySupport,0,3,K562,113,113,0.018108122250312702,0.12153965484075455,0.04833713160041609,0.7391304347826086,0.04790149008234338,0.043907328954209415,0.04671949831147984,0.05618518016084376,0.47804248901816226,,
Source/TxPert_Exphormer,Source,TxPert_Exphormer,direct_risk,NegativeHistorySupport,0,3,RPE1,88,88,0.035969277610695606,0.020078287765783544,0.07456983711763097,0.7222222222222222,0.07343063751856484,0.07032776551528104,0.0757369940507818,0.07670986334988109,0.517087792334669,,
Source/TxPert_Exphormer,Source,TxPert_Exphormer,direct_risk,NegativeHistorySupport,0,3,hepg2,82,82,0.10380327852947532,0.13449283569686502,0.05238385848428185,0.7058823529411764,0.04343402261535322,0.05161347327863464,0.05314315628351231,0.057854066995460814,0.5185209093273825,,
Source/TxPert_Exphormer,Source,TxPert_Exphormer,direct_risk,NegativeHistorySupport,0,3,jurkat,78,78,0.025093348475032563,0.019714961373074682,0.05351774438290928,0.875,0.043480820488184635,0.05904928152449425,0.05469065293287615,0.05682262910716723,0.4951767352615428,,
Source/TxPert_Exphormer,Source,TxPert_Exphormer,direct_risk,NegativeHistorySupport,0,4,K562,113,113,-0.11782586157677093,-0.01627767706184238,0.04929300038450482,0.8695652173913043,0.047223866761972454,0.043863950864128386,0.051714282678930336,0.055478962211182925,0.5092001527535253,,
Source/TxPert_Exphormer,Source,TxPert_Exphormer,direct_risk,NegativeHistorySupport,0,4,RPE1,81,81,0.034229010698474366,0.06058313389801909,0.07160767949207653,0.7058823529411764,0.06538331446548298,0.0668688523857032,0.07369449012344925,0.0768638487923293,0.5374634190573909,,
Source/TxPert_Exphormer,Source,TxPert_Exphormer,direct_risk,NegativeHistorySupport,0,4,hepg2,73,73,-0.0891951801805758,0.07704412233120467,0.05475160764336179,0.9333333333333333,0.04823611024767156,0.05364398608605062,0.056270591360894365,0.0588089533111062,0.537399619091447,,
Source/TxPert_Exphormer,Source,TxPert_Exphormer,direct_risk,NegativeHistorySupport,0,4,jurkat,94,94,-0.0943975056756437,-0.03649329165549877,0.055046620597129635,0.8947368421052632,0.05721592549234624,0.054408814954130226,0.055352708998512655,0.0571366493993588,0.5329147253896779,,
Source/TxPert_Exphormer,Source,TxPert_Exphormer,direct_risk,NegativeHistorySupport,0,MACRO,MACRO,1808,575,0.10692573200926063,,0.057219436111588994,0.7629534874590569,0.05343741255372551,0.055451234228427605,0.05790358322113781,0.06259610835008626,0.524231263805605,20.0,20.0
Source/TxPert_Exphormer,Source,TxPert_Exphormer,direct_risk,SameConditionSupport,0,0,K562,114,114,0.10786691989185608,0.2606225066321055,0.0456947431195693,0.6956521739130435,0.044196286083509485,0.045213655528166974,0.044347993375962194,0.05506983385068305,0.48416807583784394,,
Source/TxPert_Exphormer,Source,TxPert_Exphormer,direct_risk,SameConditionSupport,0,0,RPE1,78,78,-0.02333059125430881,-0.07831409097231881,0.07260524386387769,0.8125,0.07567687472328538,0.07931829406879837,0.07050373940131599,0.07217638977762685,0.49806431084229685,,
Source/TxPert_Exphormer,Source,TxPert_Exphormer,direct_risk,SameConditionSupport,0,0,hepg2,87,87,0.29940110804912856,0.19800247867609533,0.051918110518965416,0.6111111111111112,0.04841105019052819,0.05040130505545268,0.053496463943950114,0.05709098262733751,0.5127628026299914,,
Source/TxPert_Exphormer,Source,TxPert_Exphormer,direct_risk,SameConditionSupport,0,0,jurkat,83,83,0.134569342142114,0.07470299315729817,0.05414301331508737,0.8235294117647058,0.06174625042412014,0.05442092074629134,0.05108489264689736,0.054659950057214114,0.4894653500098416,,
Source/TxPert_Exphormer,Source,TxPert_Exphormer,direct_risk,SameConditionSupport,0,1,K562,114,114,0.38164632637694784,0.15390129807010797,0.05244610564459162,0.6086956521739131,0.052818463804821136,0.053057093821141994,0.05392559970680031,0.06037501628004165,0.5435843965014729,,
Source/TxPert_Exphormer,Source,TxPert_Exphormer,direct_risk,SameConditionSupport,0,1,RPE1,85,85,-0.4502844277804204,-0.14313074066836037,0.0808996860572912,0.8823529411764706,0.07080885395407674,0.08083426798967751,0.08209062354682485,0.08089801000916647,0.5403849556722871,,
Source/TxPert_Exphormer,Source,TxPert_Exphormer,direct_risk,SameConditionSupport,0,1,hepg2,80,80,0.12229365821477375,0.07273792780121895,0.05914721367266722,0.6875,0.057047441136091885,0.06511052278801793,0.058497003326192454,0.061441307543012004,0.5699811497677841,,
Source/TxPert_Exphormer,Source,TxPert_Exphormer,direct_risk,SameConditionSupport,0,1,jurkat,83,83,0.08123838292001055,0.009424457411527642,0.057673479050661926,0.8235294117647058,0.05724205469919571,0.05975283320774045,0.0555314073516499,0.05877582660511617,0.5595099599905401,,
Source/TxPert_Exphormer,Source,TxPert_Exphormer,direct_risk,SameConditionSupport,0,2,K562,112,112,0.37889538324641653,0.27346499470393276,0.048805371821243844,0.6086956521739131,0.04781421863784389,0.046627198386451435,0.04951574726562411,0.05794592230564614,0.5320729670881911,,
Source/TxPert_Exphormer,Source,TxPert_Exphormer,direct_risk,SameConditionSupport,0,2,RPE1,84,84,0.27038270064627573,-0.03241875063278323,0.08258887251086561,0.6470588235294117,0.08299543542994388,0.08529285210020399,0.08058773579874205,0.0816275511707272,0.542783844847014,,
Source/TxPert_Exphormer,Source,TxPert_Exphormer,direct_risk,SameConditionSupport,0,2,hepg2,83,83,0.08193265175066015,0.08484110658662525,0.05599237802479475,0.7647058823529411,0.057144168350431616,0.05802044929826957,0.054612825624644715,0.058810738639839544,0.5603818344693787,,
Source/TxPert_Exphormer,Source,TxPert_Exphormer,direct_risk,SameConditionSupport,0,2,jurkat,83,83,0.12200644564796072,-0.014524998950505855,0.05695895820818729,0.7647058823529411,0.06536199111077517,0.058866900446660354,0.0546994924633985,0.057190484807984714,0.5256597862216613,,
Source/TxPert_Exphormer,Source,TxPert_Exphormer,direct_risk,SameConditionSupport,0,3,K562,113,113,-0.0233002649030505,-0.044464036196686416,0.05534708724465091,0.7391304347826086,0.0651674354448914,0.05589819740018114,0.05155543100677034,0.05618518016084377,0.47804248901816226,,
Source/TxPert_Exphormer,Source,TxPert_Exphormer,direct_risk,SameConditionSupport,0,3,RPE1,88,88,-0.0384192793321136,-0.12766369624176677,0.07824781848271728,0.8333333333333334,0.08213080838322637,0.07717746889425646,0.07845421156591986,0.07670986334988109,0.517087792334669,,
Source/TxPert_Exphormer,Source,TxPert_Exphormer,direct_risk,SameConditionSupport,0,3,hepg2,82,82,0.10035193150195583,-0.08318368324245493,0.06181373220412204,0.8235294117647058,0.06927871911062129,0.06661091525765023,0.05754938340041691,0.057854066995460814,0.5185209093273825,,
Source/TxPert_Exphormer,Source,TxPert_Exphormer,direct_risk,SameConditionSupport,0,3,jurkat,78,78,-0.14265252642993956,-0.10570442216011837,0.05637026063909166,1.0,0.06136841792613264,0.05462537892162796,0.056706097502356875,0.05682262910716723,0.4951767352615428,,
Source/TxPert_Exphormer,Source,TxPert_Exphormer,direct_risk,SameConditionSupport,0,4,K562,113,113,0.10257022380438592,-0.05733082706766918,0.052037243920503864,0.782608695652174,0.05846172633270418,0.05524272973770675,0.051357934512851484,0.055478962211182925,0.5092001527535253,,
Source/TxPert_Exphormer,Source,TxPert_Exphormer,direct_risk,SameConditionSupport,0,4,RPE1,81,81,0.0839406001295326,-0.0226513098464318,0.07881970949141041,0.7058823529411764,0.08095176973276663,0.08220776104751751,0.07831372257049486,0.0768638487923293,0.5374634190573909,,
Source/TxPert_Exphormer,Source,TxPert_Exphormer,direct_risk,SameConditionSupport,0,4,hepg2,73,73,0.3155752994904889,0.06701221769714921,0.05696406943922517,0.6666666666666667,0.06337599852122361,0.05960281168421105,0.05569532226670428,0.0588089533111062,0.537399619091447,,
Source/TxPert_Exphormer,Source,TxPert_Exphormer,direct_risk,SameConditionSupport,0,4,jurkat,94,94,-0.03761490865952937,-0.07502799552071668,0.05699946456525736,0.8947368421052632,0.06782408375293013,0.05687737210016497,0.05694839746711097,0.0571366493993588,0.5329147253896779,,
Source/TxPert_Exphormer,Source,TxPert_Exphormer,direct_risk,SameConditionSupport,0,MACRO,MACRO,1808,575,0.09335344877265725,,0.060773628089739094,0.7587962339779543,0.06349110238745598,0.06225794642400943,0.0597737012372314,0.06259610835008626,0.524231263805605,20.0,20.0
Source/TxPert_Exphormer,Source,TxPert_Exphormer,direct_risk,SameContextSupport,0,0,K562,114,114,0.10786691989185608,0.2606225066321055,0.0456947431195693,0.6956521739130435,0.044196286083509485,0.045213655528166974,0.044347993375962194,0.05506983385068305,0.48416807583784394,,
Source/TxPert_Exphormer,Source,TxPert_Exphormer,direct_risk,SameContextSupport,0,0,RPE1,78,78,-0.02333059125430881,-0.07831409097231881,0.07260524386387769,0.8125,0.07567687472328538,0.07931829406879837,0.07050373940131599,0.07217638977762685,0.49806431084229685,,
Source/TxPert_Exphormer,Source,TxPert_Exphormer,direct_risk,SameContextSupport,0,0,hepg2,87,87,0.29940110804912856,0.19800247867609533,0.051918110518965416,0.6111111111111112,0.04841105019052819,0.05040130505545268,0.053496463943950114,0.05709098262733751,0.5127628026299914,,
Source/TxPert_Exphormer,Source,TxPert_Exphormer,direct_risk,SameContextSupport,0,0,jurkat,83,83,0.134569342142114,0.07470299315729817,0.05414301331508737,0.8235294117647058,0.06174625042412014,0.05442092074629134,0.05108489264689736,0.054659950057214114,0.4894653500098416,,
Source/TxPert_Exphormer,Source,TxPert_Exphormer,direct_risk,SameContextSupport,0,1,K562,114,114,0.38164632637694784,0.15390129807010797,0.05244610564459162,0.6086956521739131,0.052818463804821136,0.053057093821141994,0.05392559970680031,0.06037501628004165,0.5435843965014729,,
Source/TxPert_Exphormer,Source,TxPert_Exphormer,direct_risk,SameContextSupport,0,1,RPE1,85,85,-0.4502844277804204,-0.14313074066836037,0.0808996860572912,0.8823529411764706,0.07080885395407674,0.08083426798967751,0.08209062354682485,0.08089801000916647,0.5403849556722871,,
Source/TxPert_Exphormer,Source,TxPert_Exphormer,direct_risk,SameContextSupport,0,1,hepg2,80,80,0.12229365821477375,0.07273792780121895,0.05914721367266722,0.6875,0.057047441136091885,0.06511052278801793,0.058497003326192454,0.061441307543012004,0.5699811497677841,,
Source/TxPert_Exphormer,Source,TxPert_Exphormer,direct_risk,SameContextSupport,0,1,jurkat,83,83,0.08123838292001055,0.009424457411527642,0.057673479050661926,0.8235294117647058,0.05724205469919571,0.05975283320774045,0.0555314073516499,0.05877582660511617,0.5595099599905401,,
Source/TxPert_Exphormer,Source,TxPert_Exphormer,direct_risk,SameContextSupport,0,2,K562,112,112,0.37889538324641653,0.27346499470393276,0.048805371821243844,0.6086956521739131,0.04781421863784389,0.046627198386451435,0.04951574726562411,0.05794592230564614,0.5320729670881911,,
Source/TxPert_Exphormer,Source,TxPert_Exphormer,direct_risk,SameContextSupport,0,2,RPE1,84,84,0.27038270064627573,-0.03241875063278323,0.08258887251086561,0.6470588235294117,0.08299543542994388,0.08529285210020399,0.08058773579874205,0.0816275511707272,0.542783844847014,,
Source/TxPert_Exphormer,Source,TxPert_Exphormer,direct_risk,SameContextSupport,0,2,hepg2,83,83,0.08193265175066015,0.08484110658662525,0.05599237802479475,0.7647058823529411,0.057144168350431616,0.05802044929826957,0.054612825624644715,0.058810738639839544,0.5603818344693787,,
Source/TxPert_Exphormer,Source,TxPert_Exphormer,direct_risk,SameContextSupport,0,2,jurkat,83,83,0.12200644564796072,-0.014524998950505855,0.05695895820818729,0.7647058823529411,0.06536199111077517,0.058866900446660354,0.0546994924633985,0.057190484807984714,0.5256597862216613,,
Source/TxPert_Exphormer,Source,TxPert_Exphormer,direct_risk,SameContextSupport,0,3,K562,113,113,-0.0233002649030505,-0.044464036196686416,0.05534708724465091,0.7391304347826086,0.0651674354448914,0.05589819740018114,0.05155543100677034,0.05618518016084377,0.47804248901816226,,
Source/TxPert_Exphormer,Source,TxPert_Exphormer,direct_risk,SameContextSupport,0,3,RPE1,88,88,-0.0384192793321136,-0.12766369624176677,0.07824781848271728,0.8333333333333334,0.08213080838322637,0.07717746889425646,0.07845421156591986,0.07670986334988109,0.517087792334669,,
Source/TxPert_Exphormer,Source,TxPert_Exphormer,direct_risk,SameContextSupport,0,3,hepg2,82,82,0.10035193150195583,-0.08318368324245493,0.06181373220412204,0.8235294117647058,0.06927871911062129,0.06661091525765023,0.05754938340041691,0.057854066995460814,0.5185209093273825,,
Source/TxPert_Exphormer,Source,TxPert_Exphormer,direct_risk,SameContextSupport,0,3,jurkat,78,78,-0.14265252642993956,-0.10570442216011837,0.05637026063909166,1.0,0.06136841792613264,0.05462537892162796,0.056706097502356875,0.05682262910716723,0.4951767352615428,,
Source/TxPert_Exphormer,Source,TxPert_Exphormer,direct_risk,SameContextSupport,0,4,K562,113,113,0.10257022380438592,-0.05733082706766918,0.052037243920503864,0.782608695652174,0.05846172633270418,0.05524272973770675,0.051357934512851484,0.055478962211182925,0.5092001527535253,,
Source/TxPert_Exphormer,Source,TxPert_Exphormer,direct_risk,SameContextSupport,0,4,RPE1,81,81,0.0839406001295326,-0.0226513098464318,0.07881970949141041,0.7058823529411764,0.08095176973276663,0.08220776104751751,0.07831372257049486,0.0768638487923293,0.5374634190573909,,
Source/TxPert_Exphormer,Source,TxPert_Exphormer,direct_risk,SameContextSupport,0,4,hepg2,73,73,0.3155752994904889,0.06701221769714921,0.05696406943922517,0.6666666666666667,0.06337599852122361,0.05960281168421105,0.05569532226670428,0.0588089533111062,0.537399619091447,,
Source/TxPert_Exphormer,Source,TxPert_Exphormer,direct_risk,SameContextSupport,0,4,jurkat,94,94,-0.03761490865952937,-0.07502799552071668,0.05699946456525736,0.8947368421052632,0.06782408375293013,0.05687737210016497,0.05694839746711097,0.0571366493993588,0.5329147253896779,,
Source/TxPert_Exphormer,Source,TxPert_Exphormer,direct_risk,SameContextSupport,0,MACRO,MACRO,1808,575,0.09335344877265725,,0.060773628089739094,0.7587962339779543,0.06349110238745598,0.06225794642400943,0.0597737012372314,0.06259610835008626,0.524231263805605,20.0,20.0
Source/TxPert_GAT,Source,TxPert_GAT,risk,B0_SupportMean,0,0,K562,114,114,0.6483247863376324,0.6720844049330715,0.03959618350294537,0.4347826086956522,0.027194149792194325,0.03292650616039396,0.0408606956990664,0.05506983385068305,0.48416807583784394,,
Source/TxPert_GAT,Source,TxPert_GAT,risk,B0_SupportMean,0,0,RPE1,78,78,0.48884779041868165,0.638159309045385,0.0577921566951898,0.5625,0.05465941224247212,0.050743253552354824,0.05382426274128445,0.07217638977762685,0.49806431084229685,,
Source/TxPert_GAT,Source,TxPert_GAT,risk,B0_SupportMean,0,0,hepg2,87,87,0.3945626413888667,0.49307428738062253,0.049001818729513626,0.7222222222222222,0.04895553510222165,0.041076798302431855,0.048810965339229816,0.05709098262733751,0.5127628026299914,,
Source/TxPert_GAT,Source,TxPert_GAT,risk,B0_SupportMean,0,0,jurkat,83,83,0.4952329484421428,0.547395155535032,0.04749003717277612,0.6470588235294117,0.04664661714600187,0.04317184789654081,0.045953430013642375,0.054659950057214114,0.4894653500098416,,
Source/TxPert_GAT,Source,TxPert_GAT,risk,B0_SupportMean,0,1,K562,114,114,0.6174410421749723,0.5330835746542193,0.050720872412141925,0.4782608695652174,0.05182440734157956,0.048661555770946545,0.04875446820076093,0.06037501628004165,0.5435843965014729,,
Source/TxPert_GAT,Source,TxPert_GAT,risk,B0_SupportMean,0,1,RPE1,85,85,0.5366081782792393,0.32306038694547584,0.0732098455974545,0.5882352941176471,0.06340302113029687,0.07162622318548309,0.0756064028760721,0.08089801000916647,0.5403849556722871,,
Source/TxPert_GAT,Source,TxPert_GAT,risk,B0_SupportMean,0,1,hepg2,80,80,0.46276797577878614,0.4056727613689639,0.05397963973751331,0.5625,0.045507821254432146,0.05685359216295178,0.0522078281268477,0.061441307543012004,0.5699811497677841,,
Source/TxPert_GAT,Source,TxPert_GAT,risk,B0_SupportMean,0,1,jurkat,83,83,0.4972794362947772,0.5486755383904958,0.05087450594700129,0.5882352941176471,0.04456059655381569,0.048711473341373795,0.04941016049789527,0.05877582660511617,0.5595099599905401,,
Source/TxPert_GAT,Source,TxPert_GAT,risk,B0_SupportMean,0,2,K562,112,112,0.5465281581462745,0.6460689513786859,0.048057997520058605,0.4782608695652174,0.04398340297242002,0.04132999309703055,0.04342275954383821,0.05794592230564614,0.5320729670881911,,
Source/TxPert_GAT,Source,TxPert_GAT,risk,B0_SupportMean,0,2,RPE1,84,84,0.48094401182954505,0.4157132732611117,0.07261637815313535,0.5882352941176471,0.07167086315651727,0.06787451674394743,0.071475222662446,0.0816275511707272,0.542783844847014,,
Source/TxPert_GAT,Source,TxPert_GAT,risk,B0_SupportMean,0,2,hepg2,83,83,0.47179168113210146,0.6259392972587212,0.04648943588918574,0.5882352941176471,0.03793832618329255,0.03768380205420881,0.047774572989770295,0.058810738639839544,0.5603818344693787,,
Source/TxPert_GAT,Source,TxPert_GAT,risk,B0_SupportMean,0,2,jurkat,83,83,0.5463233377550609,0.54924226522816,0.04732056630893619,0.5294117647058824,0.03862579953339359,0.04191289568210345,0.04757378862372462,0.057190484807984714,0.5256597862216613,,
Source/TxPert_GAT,Source,TxPert_GAT,risk,B0_SupportMean,0,3,K562,113,113,0.6742638313304773,0.561905316388316,0.04854024010162096,0.3913043478260869,0.05349712073802943,0.04507292037748766,0.043496192155177076,0.05618518016084376,0.47804248901816226,,
Source/TxPert_GAT,Source,TxPert_GAT,risk,B0_SupportMean,0,3,RPE1,88,88,0.4814533668759474,0.4654996301644888,0.0683724774298643,0.4444444444444444,0.07067793566319673,0.06609840266820453,0.06544061856005676,0.07670986334988109,0.517087792334669,,
Source/TxPert_GAT,Source,TxPert_GAT,risk,B0_SupportMean,0,3,hepg2,82,82,0.5548691955029409,0.6305003210674677,0.04661339863022892,0.4117647058823529,0.046045979691876265,0.04481891652240469,0.04506487108585308,0.057854066995460814,0.5185209093273825,,
Source/TxPert_GAT,Source,TxPert_GAT,risk,B0_SupportMean,0,3,jurkat,78,78,0.6206611780891088,0.5797367189772252,0.0474588904090868,0.5,0.03908499563112851,0.043477096944116014,0.04736317679859121,0.05682262910716723,0.4951767352615428,,
Source/TxPert_GAT,Source,TxPert_GAT,risk,B0_SupportMean,0,4,K562,113,113,0.722035634990849,0.6680667376405617,0.0431108869610218,0.34782608695652173,0.035910523807009015,0.03830720694816626,0.04056868136844086,0.055478962211182925,0.5092001527535253,,
Source/TxPert_GAT,Source,TxPert_GAT,risk,B0_SupportMean,0,4,RPE1,81,81,0.5654321681017173,0.6252258355916892,0.06043308858959777,0.5294117647058824,0.04104841976530017,0.048266230479759274,0.06111472227224483,0.0768638487923293,0.5374634190573909,,
Source/TxPert_GAT,Source,TxPert_GAT,risk,B0_SupportMean,0,4,hepg2,73,73,0.39906281272683736,0.5117240528199433,0.04930548377004213,0.5333333333333333,0.04341869195923202,0.042051035289963026,0.04862431854613724,0.0588089533111062,0.537399619091447,,
Source/TxPert_GAT,Source,TxPert_GAT,risk,B0_SupportMean,0,4,jurkat,94,94,0.6870182101893364,0.7185565148285951,0.0456207468446597,0.4736842105263158,0.04037814717739817,0.03796271597476377,0.044059572820650726,0.0571366493993588,0.5329147253896779,,
Source/TxPert_GAT,Source,TxPert_GAT,risk,B0_SupportMean,0,MACRO,MACRO,1808,575,0.5445724192892648,,0.052330232520098705,0.5199853614214563,0.0472515883420904,0.0474313491577316,0.0510703355460865,0.06259610835008626,0.524231263805605,20.0,20.0
Source/TxPert_GAT,Source,TxPert_GAT,risk,B1_HGB,0,0,K562,114,114,0.6557571884456355,0.7181750065814788,0.03892109124110447,0.4347826086956522,0.02721189769605792,0.032693098177728405,0.03919304400813157,0.05200203234279973,0.4925360337160661,,
Source/TxPert_GAT,Source,TxPert_GAT,risk,B1_HGB,0,0,RPE1,78,78,0.6705260846340115,0.7042704131311726,0.05594721912687206,0.4375,0.0469314197544008,0.04325328988488759,0.05533368761340773,0.07020159994811621,0.5250303310140101,,
Source/TxPert_GAT,Source,TxPert_GAT,risk,B1_HGB,0,0,hepg2,87,87,0.39768443878701326,0.5218888969891375,0.048674427706600236,0.7222222222222222,0.04895553510222165,0.04119287213931476,0.04772132774814959,0.05707807034179737,0.5011178090620652,,
Source/TxPert_GAT,Source,TxPert_GAT,risk,B1_HGB,0,0,jurkat,83,83,0.4426895366269332,0.5448973594727342,0.047764091550016714,0.7058823529411764,0.04827919767962556,0.04235346626271214,0.04514573722900374,0.05253756131967964,0.5030610142931229,,
Source/TxPert_GAT,Source,TxPert_GAT,risk,B1_HGB,0,1,K562,114,114,0.7006638875740971,0.5609566432433528,0.05050626407850168,0.4347826086956522,0.04696107252190507,0.04863973018591815,0.047886010292067814,0.05763939102347645,0.549440718649627,,
Source/TxPert_GAT,Source,TxPert_GAT,risk,B1_HGB,0,1,RPE1,85,85,0.6074789895454772,0.34641391440297054,0.0725658592504339,0.5294117647058824,0.06151978878511317,0.07145758937386901,0.0712108359520518,0.07971613348384246,0.5564924980203336,,
Source/TxPert_GAT,Source,TxPert_GAT,risk,B1_HGB,0,1,hepg2,80,80,0.49688732194894286,0.44055321143928744,0.05403271053182683,0.5625,0.045507821254432146,0.055574182653799604,0.05185003494843836,0.06130738340145977,0.559943881776029,,
Source/TxPert_GAT,Source,TxPert_GAT,risk,B1_HGB,0,1,jurkat,83,83,0.6362291255693842,0.6058099995802023,0.04982025912632265,0.5294117647058824,0.04456059655381569,0.04668195534716629,0.04954784944476112,0.05691786462263351,0.5720825865028466,,
Source/TxPert_GAT,Source,TxPert_GAT,risk,B1_HGB,0,2,K562,112,112,0.6488851500388433,0.6870963884238221,0.04755150497141255,0.3913043478260869,0.042983284996201555,0.04047278752145555,0.04337153031623785,0.05521774510915648,0.5358038573729097,,
Source/TxPert_GAT,Source,TxPert_GAT,risk,B1_HGB,0,2,RPE1,84,84,0.4091364449877149,0.42055279943302626,0.07286422948898796,0.6470588235294117,0.07577251642942423,0.06790709769462833,0.0723713971230955,0.08081849786236905,0.5570691700676135,,
Source/TxPert_GAT,Source,TxPert_GAT,risk,B1_HGB,0,2,hepg2,83,83,0.5376861784396716,0.6607195331850048,0.04631887653846596,0.5294117647058824,0.03793832618329255,0.03722831584951452,0.04688357366692447,0.05861403325207708,0.5450880125820933,,
Source/TxPert_GAT,Source,TxPert_GAT,risk,B1_HGB,0,2,jurkat,83,83,0.5353282311966847,0.5955039670878636,0.04674052629317475,0.5294117647058824,0.035981167314781036,0.03889559461351698,0.04773112093763688,0.05594846547072538,0.535087179297569,,
Source/TxPert_GAT,Source,TxPert_GAT,risk,B1_HGB,0,3,K562,113,113,0.6742638313304768,0.6084486659125691,0.04781199636371761,0.3913043478260869,0.05349712073802943,0.04330459212803318,0.04265972605922761,0.05356139179467896,0.4822277194939795,,
Source/TxPert_GAT,Source,TxPert_GAT,risk,B1_HGB,0,3,RPE1,88,88,0.6553076745623282,0.46099115917015965,0.06827253930058967,0.4444444444444444,0.06829698632160817,0.0647435638432701,0.06556683605198152,0.0759224179054385,0.5269367145604765,,
Source/TxPert_GAT,Source,TxPert_GAT,risk,B1_HGB,0,3,hepg2,82,82,0.5954110688269819,0.6494378598404458,0.046409582600649486,0.3529411764705882,0.046045979691876265,0.04481891652240469,0.04535095002956503,0.05720650561967776,0.5083381773834411,,
Source/TxPert_GAT,Source,TxPert_GAT,risk,B1_HGB,0,3,jurkat,78,78,0.6021839306508998,0.5833533555052541,0.04740661986963751,0.5625,0.03908499563112851,0.04297044139821078,0.04734215221534933,0.055417074264213544,0.5034170635093884,,
Source/TxPert_GAT,Source,TxPert_GAT,risk,B1_HGB,0,4,K562,113,113,0.6344845778756746,0.684069133009515,0.042787826441420956,0.3913043478260869,0.03621047393729285,0.037862604807900296,0.040291460361658434,0.053294431315693384,0.5117718891161204,,
Source/TxPert_GAT,Source,TxPert_GAT,risk,B1_HGB,0,4,RPE1,81,81,0.5184852075015643,0.6522583559168925,0.05975757775110861,0.5882352941176471,0.03938009403645987,0.05035913231618259,0.05991914541256132,0.07581506089995921,0.5484843350980185,,
Source/TxPert_GAT,Source,TxPert_GAT,risk,B1_HGB,0,4,hepg2,73,73,0.6067997884447424,0.5503825743551772,0.0483768257957769,0.4,0.03917571948841207,0.04246125904222323,0.04916111787630088,0.05813254391502332,0.5291539193495741,,
Source/TxPert_GAT,Source,TxPert_GAT,risk,B1_HGB,0,4,jurkat,94,94,0.7870716604270188,0.7097568905104217,0.04568952237811677,0.42105263157894735,0.03914911653846499,0.038710558002716576,0.04427907239407931,0.056225421221096014,0.5399145151669926,,
Source/TxPert_GAT,Source,TxPert_GAT,risk,B1_HGB,0,MACRO,MACRO,1808,575,0.5906480158707049,,0.051910977520236865,0.5002731132498766,0.04617215553272718,0.04657905238827263,0.050640830484031486,0.061178681255695685,0.529149871301614,20.0,20.0
Source/TxPert_GAT,Source,TxPert_GAT,risk,B2_Pointwise,20260930,0,K562,114,114,0.7187049201277572,0.7188554302262004,0.03884325171062325,0.3913043478260869,0.027189402685811086,0.03260577429571873,0.0395901448567185,0.05149919883881613,0.49706329474519606,,
Source/TxPert_GAT,Source,TxPert_GAT,risk,B2_Pointwise,20260930,0,RPE1,78,78,0.7514380492927882,0.6930917184081741,0.05634793294853331,0.3125,0.0469314197544008,0.04506894492078568,0.05587113906557739,0.06831068624225503,0.5501772403474836,,
Source/TxPert_GAT,Source,TxPert_GAT,risk,B2_Pointwise,20260930,0,hepg2,87,87,0.5009291194985755,0.5145804476197419,0.04918082600133466,0.6666666666666667,0.04837708464927139,0.041169802451299246,0.047170661770823276,0.05487899643508906,0.5341536635426087,,
Source/TxPert_GAT,Source,TxPert_GAT,risk,B2_Pointwise,20260930,0,jurkat,83,83,0.584490883841098,0.6008353973384828,0.04714965559386692,0.5882352941176471,0.04714590124785895,0.04235346626271214,0.04438698402650295,0.05163736618299666,0.5124844747449854,,
Source/TxPert_GAT,Source,TxPert_GAT,risk,B2_Pointwise,20260930,1,K562,114,114,0.6226252721708351,0.5509284947651931,0.050986021207712,0.4782608695652174,0.051611584611237014,0.04903931097815862,0.047695985129266406,0.05709345777834018,0.5518488656092807,,
Source/TxPert_GAT,Source,TxPert_GAT,risk,B2_Pointwise,20260930,1,RPE1,85,85,0.7066754159555096,0.47097908931014265,0.07162352808285329,0.47058823529411764,0.07027319073677056,0.07609798036077438,0.06846533434162302,0.07719216916942416,0.584065511847171,,
Source/TxPert_GAT,Source,TxPert_GAT,risk,B2_Pointwise,20260930,1,hepg2,80,80,0.5406620370960465,0.45150023441162684,0.054047847447958944,0.5625,0.04393633455038065,0.05099606770090753,0.05271681779995556,0.059487500325978625,0.5982427415359142,,
Source/TxPert_GAT,Source,TxPert_GAT,risk,B2_Pointwise,20260930,1,jurkat,83,83,0.6007818184631364,0.679190630116284,0.048532513720790565,0.5294117647058824,0.0407572941233714,0.0414619891739943,0.04694713142123956,0.056248680919129275,0.5810821214961294,,
Source/TxPert_GAT,Source,TxPert_GAT,risk,B2_Pointwise,20260930,2,K562,112,112,0.5705189607128397,0.6737366317012335,0.04772744942713819,0.4782608695652174,0.043423424164454105,0.03983987827339893,0.04400111674996354,0.0544928364545587,0.5406152020428331,,
Source/TxPert_GAT,Source,TxPert_GAT,risk,B2_Pointwise,20260930,2,RPE1,84,84,0.5811159292658117,0.49768148223144676,0.07122533428904665,0.5294117647058824,0.06848365296092293,0.06322777063092759,0.0701515808967607,0.07747077594441984,0.5958407784612237,,
Source/TxPert_GAT,Source,TxPert_GAT,risk,B2_Pointwise,20260930,2,hepg2,83,83,0.6746754064860245,0.6975147978674278,0.04559699435965737,0.47058823529411764,0.038272195806105885,0.03801918424227653,0.046752435997838016,0.055873352812458955,0.5931520511445851,,
Source/TxPert_GAT,Source,TxPert_GAT,risk,B2_Pointwise,20260930,2,jurkat,83,83,0.4809793227968461,0.6144998110910541,0.04664910696536876,0.5882352941176471,0.03975724987685674,0.041233851738712315,0.04754655888038018,0.05541618768820247,0.5427496629615547,,
Source/TxPert_GAT,Source,TxPert_GAT,risk,B2_Pointwise,20260930,3,K562,113,113,0.7147849576266783,0.6034666311797193,0.04798517056023655,0.34782608695652173,0.05349712073802943,0.04342638879366538,0.04283868769804631,0.053280479738757,0.4836512447401229,,
Source/TxPert_GAT,Source,TxPert_GAT,risk,B2_Pointwise,20260930,3,RPE1,88,88,0.6904576126746508,0.5038392448311085,0.06793668361055762,0.38888888888888884,0.07067793566319673,0.06426322118689613,0.06597726635465563,0.07356481332116363,0.5645248194571523,,
Source/TxPert_GAT,Source,TxPert_GAT,risk,B2_Pointwise,20260930,3,hepg2,82,82,0.597802002705182,0.6912745834285653,0.04626866691903564,0.4117647058823529,0.045151454706986706,0.042774436009280783,0.04376643668951054,0.05488564696625853,0.5511991596340232,,
Source/TxPert_GAT,Source,TxPert_GAT,risk,B2_Pointwise,20260930,3,jurkat,78,78,0.6854228794901843,0.5763982852590447,0.04757516722123971,0.5,0.03908499563112851,0.04163052898366001,0.04744612019604593,0.05469379035195632,0.510458650821933,,
Source/TxPert_GAT,Source,TxPert_GAT,risk,B2_Pointwise,20260930,4,K562,113,113,0.687586891754496,0.6677589992680818,0.042982409556439415,0.34782608695652173,0.03828908378879225,0.037894229769058804,0.04023812707971058,0.05288354872652877,0.5108025141915532,,
Source/TxPert_GAT,Source,TxPert_GAT,risk,B2_Pointwise,20260930,4,RPE1,81,81,0.556389069397974,0.6694444444444445,0.059394478299350795,0.5294117647058824,0.03748282334870757,0.047290966572130375,0.061140537625405805,0.07383946115701409,0.5740747406080825,,
Source/TxPert_GAT,Source,TxPert_GAT,risk,B2_Pointwise,20260930,4,hepg2,73,73,0.5879041997325792,0.5963223497470074,0.04809500754990873,0.4,0.04350808635354035,0.04268932032088433,0.047232462294601055,0.056578012237270055,0.5545975052815626,,
Source/TxPert_GAT,Source,TxPert_GAT,risk,B2_Pointwise,20260930,4,jurkat,94,94,0.4987630550496208,0.6580139435754796,0.04632561468066488,0.631578947368421,0.038167522661387884,0.039237258661734394,0.04518013479227711,0.05588345349937175,0.5414428700551867,,
Source/TxPert_GAT,Source,TxPert_GAT,risk,B2_Pointwise,20260930,MACRO,MACRO,1808,575,0.6176353902069318,,0.05172368300761585,0.48116299113085353,0.04660088790296054,0.04601601856634881,0.0502557831833451,0.059760520739499466,0.5486113556634291,20.0,20.0
Source/TxPert_GAT,Source,TxPert_GAT,risk,B2_Pointwise,20261001,0,K562,114,114,0.6976663063027541,0.7184423158704766,0.03881729155208818,0.3913043478260869,0.02677529864013191,0.0324734387028476,0.039489722990414505,0.05155926484520661,0.49702622798071555,,
Source/TxPert_GAT,Source,TxPert_GAT,risk,B2_Pointwise,20261001,0,RPE1,78,78,0.7557955825159763,0.6998950416671935,0.05601700160242819,0.3125,0.0469314197544008,0.046108635724522125,0.05519978577891981,0.06849546387436073,0.5462719396894518,,
Source/TxPert_GAT,Source,TxPert_GAT,risk,B2_Pointwise,20261001,0,hepg2,87,87,0.5009291194985755,0.5209047167748049,0.04910900518660548,0.6666666666666667,0.048384494665596176,0.041169802451299246,0.0471516585570167,0.05475472353085581,0.5351487967085158,,
Source/TxPert_GAT,Source,TxPert_GAT,risk,B2_Pointwise,20261001,0,jurkat,83,83,0.5336399096033067,0.5803702615339406,0.04737309748324354,0.6470588235294117,0.04714590124785895,0.04187536414931797,0.04438698402650295,0.05170460102070187,0.5114661335144267,,
Source/TxPert_GAT,Source,TxPert_GAT,risk,B2_Pointwise,20261001,1,K562,114,114,0.715412621234537,0.5565500901156316,0.05070492754968969,0.3913043478260869,0.051611584611237014,0.048408293286743335,0.04763042021608139,0.05705818233413858,0.5521749440074757,,
Source/TxPert_GAT,Source,TxPert_GAT,risk,B2_Pointwise,20261001,1,RPE1,85,85,0.6961341754159045,0.4759038499120578,0.07152128880916289,0.47058823529411764,0.07027319073677056,0.06937842268277612,0.06786007369153717,0.07718088964042602,0.5853645333087826,,
Source/TxPert_GAT,Source,TxPert_GAT,risk,B2_Pointwise,20261001,1,hepg2,80,80,0.640714342558873,0.43471636193155183,0.05440819481283239,0.4375,0.04393633455038065,0.055574182653799604,0.054317195992916775,0.05947649803322334,0.5978866399333744,,
Source/TxPert_GAT,Source,TxPert_GAT,risk,B2_Pointwise,20261001,1,jurkat,83,83,0.6041019218803877,0.6421224969564668,0.048929107232372246,0.5882352941176471,0.040815625546707,0.04241366914528254,0.0500619748962067,0.0564666855970574,0.5786197503366669,,
Source/TxPert_GAT,Source,TxPert_GAT,risk,B2_Pointwise,20261001,2,K562,112,112,0.6033748546982445,0.6637595243789934,0.047792760818096615,0.3913043478260869,0.043423424164454105,0.03983987827339893,0.04400111674996355,0.054480384068083934,0.5420591128540185,,
Source/TxPert_GAT,Source,TxPert_GAT,risk,B2_Pointwise,20261001,2,RPE1,84,84,0.6853860502831116,0.5000911207856636,0.07122126960523954,0.5294117647058824,0.06848365296092293,0.061564871603075146,0.06994414892757218,0.07764331422310333,0.5935656337495693,,
Source/TxPert_GAT,Source,TxPert_GAT,risk,B2_Pointwise,20261001,2,hepg2,83,83,0.6746754064860245,0.7094580412241298,0.045510768337634136,0.47058823529411764,0.03793832618329255,0.03801918424227653,0.045237900955336384,0.05599238260744123,0.592402493293381,,
Source/TxPert_GAT,Source,TxPert_GAT,risk,B2_Pointwise,20261001,2,jurkat,83,83,0.5408175824646176,0.6450610805591704,0.04648507942739566,0.5294117647058824,0.0375171607981125,0.04106293958337863,0.046590459222594846,0.05500927372346235,0.5432736592639208,,
Source/TxPert_GAT,Source,TxPert_GAT,risk,B2_Pointwise,20261001,3,K562,113,113,0.6740690686814412,0.6133558453656266,0.04793204437367114,0.3913043478260869,0.05349712073802943,0.04342638879366538,0.0422907230493269,0.05303824362308164,0.48469684987670725,,
Source/TxPert_GAT,Source,TxPert_GAT,risk,B2_Pointwise,20261001,3,RPE1,88,88,0.835279690370194,0.5367193829030327,0.06763810892148497,0.33333333333333337,0.07067793566319673,0.06272508193635273,0.06528840209780765,0.07336972319818186,0.5650131737618206,,
Source/TxPert_GAT,Source,TxPert_GAT,risk,B2_Pointwise,20261001,3,hepg2,82,82,0.597802002705182,0.7011133966761355,0.04604616694015699,0.4117647058823529,0.045151454706986706,0.04277478618656884,0.043934664257415865,0.05496194928073977,0.5507415287341169,,
Source/TxPert_GAT,Source,TxPert_GAT,risk,B2_Pointwise,20261001,3,jurkat,78,78,0.620080888403477,0.5590232552257869,0.047925120698174804,0.5,0.04321717144921419,0.04361662024166431,0.04746122615268593,0.054679683376356786,0.511490787726486,,
Source/TxPert_GAT,Source,TxPert_GAT,risk,B2_Pointwise,20261001,4,K562,113,113,0.6763561530530131,0.6751863064741501,0.042904060474725336,0.3913043478260869,0.03828908378879225,0.03718876433761219,0.04023812707971058,0.05285349041279302,0.5125946084101088,,
Source/TxPert_GAT,Source,TxPert_GAT,risk,B2_Pointwise,20261001,4,RPE1,81,81,0.556389069397974,0.6717931345980127,0.05940312807309206,0.5294117647058824,0.03748282334870757,0.047290966572130375,0.06074209493107908,0.07378245700887462,0.5739541458577367,,
Source/TxPert_GAT,Source,TxPert_GAT,risk,B2_Pointwise,20261001,4,hepg2,73,73,0.5623253130997683,0.6026471677156608,0.04776660052673441,0.4,0.04350808635354035,0.04076457954943175,0.0467506268036526,0.05667233742971307,0.5540320126810191,,
Source/TxPert_GAT,Source,TxPert_GAT,risk,B2_Pointwise,20261001,4,jurkat,94,94,0.5561174071297673,0.6821298269696203,0.0461814847201049,0.631578947368421,0.03816752266138788,0.039237258661734394,0.045610877744694925,0.05569281429952987,0.5436470372581812,,
Source/TxPert_GAT,Source,TxPert_GAT,risk,B2_Pointwise,20261001,MACRO,MACRO,1808,575,0.6363533732891564,,0.05168432535724665,0.4707285637367075,0.04666138062848601,0.045745656438893896,0.05020940920607182,0.05974361810636658,0.5485715004473237,20.0,20.0
Source/TxPert_GAT,Source,TxPert_GAT,risk,B2_Pointwise,20261002,0,K562,114,114,0.6976663063027541,0.7228569692796826,0.038795557406203496,0.3913043478260869,0.027171654781947493,0.03260577429571873,0.039140053975738935,0.0515829608452437,0.49728203142401806,,
Source/TxPert_GAT,Source,TxPert_GAT,risk,B2_Pointwise,20261002,0,RPE1,78,78,0.7981706683162056,0.6958737465066578,0.05643586179296727,0.25,0.0469314197544008,0.04489796527195717,0.05519978577891981,0.06834564896462042,0.5493719996835174,,
Source/TxPert_GAT,Source,TxPert_GAT,risk,B2_Pointwise,20261002,0,hepg2,87,87,0.47617886621111466,0.5120653204053364,0.04920222188891844,0.6666666666666667,0.048384494665596176,0.041169802451299246,0.04715165855701669,0.05513266001196642,0.5319276161300484,,
Source/TxPert_GAT,Source,TxPert_GAT,risk,B2_Pointwise,20261002,0,jurkat,83,83,0.4933281386914509,0.57747365769699,0.047415257664462904,0.7058823529411764,0.04714590124785895,0.042120451545890586,0.04438698402650295,0.05172910518237694,0.511957999996004,,
Source/TxPert_GAT,Source,TxPert_GAT,risk,B2_Pointwise,20261002,1,K562,114,114,0.715412621234537,0.5576679289605314,0.050723772121642294,0.3913043478260869,0.051611584611237014,0.04920096727816951,0.04766821322080332,0.057092640135809794,0.5520516080691947,,
Source/TxPert_GAT,Source,TxPert_GAT,risk,B2_Pointwise,20261002,1,RPE1,85,85,0.7349448438430939,0.48030095759233926,0.07162996583234547,0.47058823529411764,0.07027319073677056,0.07609798036077438,0.06888207511673136,0.07719416710315935,0.5839814596211543,,
Source/TxPert_GAT,Source,TxPert_GAT,risk,B2_Pointwise,20261002,1,hepg2,80,80,0.5339937833776736,0.45759493670886076,0.053913614802569024,0.5,0.04393633455038065,0.05442566634155804,0.05339157860726114,0.05940023034032658,0.5995067805055195,,
Source/TxPert_GAT,Source,TxPert_GAT,risk,B2_Pointwise,20261002,1,jurkat,83,83,0.5814844266641178,0.5928172620796776,0.04953869444710293,0.5882352941176471,0.040623019759853635,0.04363078043303065,0.05023808648721089,0.05630934360984134,0.5805582442758399,,
Source/TxPert_GAT,Source,TxPert_GAT,risk,B2_Pointwise,20261002,2,K562,112,112,0.6320087948536881,0.6810229951822873,0.04764997721237685,0.3913043478260869,0.042983284996201555,0.03957336873787896,0.044133958506530915,0.05439988942195501,0.5411111563381114,,
Source/TxPert_GAT,Source,TxPert_GAT,risk,B2_Pointwise,20261002,2,RPE1,84,84,0.6706234747985951,0.4898450946643718,0.07130478810243356,0.5294117647058824,0.06848365296092293,0.06322777063092759,0.0701515808967607,0.07751099467002229,0.5963346579781872,,
Source/TxPert_GAT,Source,TxPert_GAT,risk,B2_Pointwise,20261002,2,hepg2,83,83,0.6746754064860245,0.6931069224633726,0.04580877097775692,0.47058823529411764,0.038272195806105885,0.040880197987836896,0.04614822460072376,0.05615144937005656,0.5900719568882207,,
Source/TxPert_GAT,Source,TxPert_GAT,risk,B2_Pointwise,20261002,2,jurkat,83,83,0.577531934971878,0.6371688845976239,0.046508177101116266,0.5294117647058824,0.03909376863804123,0.041233851738712315,0.0467720260577542,0.05503785635890763,0.5439774110927591,,
Source/TxPert_GAT,Source,TxPert_GAT,risk,B2_Pointwise,20261002,3,K562,113,113,0.6740690686814412,0.6113181183046111,0.04790979540077363,0.3913043478260869,0.05349712073802943,0.04330459212803318,0.04253688441556792,0.05312581616624802,0.48419462639896865,,
Source/TxPert_GAT,Source,TxPert_GAT,risk,B2_Pointwise,20261002,3,RPE1,88,88,0.835279690370194,0.5272797717586559,0.06770653496398714,0.33333333333333337,0.07067793566319673,0.06426322118689613,0.06481712222607293,0.07330043103390108,0.5665469076332702,,
Source/TxPert_GAT,Source,TxPert_GAT,risk,B2_Pointwise,20261002,3,hepg2,82,82,0.5416645159396054,0.6913834198582951,0.046284176173230406,0.4117647058823529,0.045151454706986706,0.042561222744338614,0.04483678346363505,0.05477680349975057,0.5510358049311235,,
Source/TxPert_GAT,Source,TxPert_GAT,risk,B2_Pointwise,20261002,3,jurkat,78,78,0.7269730916280827,0.5937733152923026,0.04737475620969873,0.4375,0.040199906565248925,0.04163052898366001,0.04715670478076503,0.054656108376748114,0.5115673714511493,,
Source/TxPert_GAT,Source,TxPert_GAT,risk,B2_Pointwise,20261002,4,K562,113,113,0.687586891754496,0.6752611617539425,0.04287132831017389,0.34782608695652173,0.03828908378879225,0.037188764337612194,0.04023812707971058,0.052965261789260504,0.5116082678690217,,
Source/TxPert_GAT,Source,TxPert_GAT,risk,B2_Pointwise,20261002,4,RPE1,81,81,0.6613782299541184,0.6726513098464317,0.05933004403238493,0.47058823529411764,0.03748282334870757,0.047290966572130375,0.06102341631563694,0.07374540926140756,0.576222689463389,,
Source/TxPert_GAT,Source,TxPert_GAT,risk,B2_Pointwise,20261002,4,hepg2,73,73,0.5879041997325792,0.6047760088855981,0.04824845447109541,0.4,0.04350808635354035,0.042269521082440954,0.0462078034777093,0.056551425830689374,0.5543547018641379,,
Source/TxPert_GAT,Source,TxPert_GAT,risk,B2_Pointwise,20261002,4,jurkat,94,94,0.46855344059612886,0.6763645558646101,0.04629928341720371,0.6842105263157895,0.03901744764298197,0.03859667930948103,0.045447376576509844,0.05565824775556267,0.5446663902735872,,
Source/TxPert_GAT,Source,TxPert_GAT,risk,B2_Pointwise,20261002,MACRO,MACRO,1808,575,0.6384714197203889,,0.05174755161642217,0.4680612296405976,0.046636718065840035,0.046308503670917336,0.0502764222083781,0.0597333224863927,0.5489164840943612,20.0,20.0
Source/TxPert_GAT,Source,TxPert_GAT,risk,B3_DeepSets,20260930,0,K562,114,114,0.7187049201277572,0.7216824284643892,0.03881528213565382,0.3913043478260869,0.027189402685811086,0.03260577429571873,0.03914005397573893,0.051534278706012245,0.49683482681048513,,
Source/TxPert_GAT,Source,TxPert_GAT,risk,B3_DeepSets,20260930,0,RPE1,78,78,0.7514380492927882,0.6819888971787705,0.056612484980843425,0.3125,0.0469314197544008,0.04489796527195717,0.05587113906557739,0.06826413748862768,0.5506007182116692,,
Source/TxPert_GAT,Source,TxPert_GAT,risk,B3_DeepSets,20260930,0,hepg2,87,87,0.5009291194985755,0.5112816213457753,0.049424605098965124,0.6666666666666667,0.048836382105946506,0.04116980245129925,0.04763658120381557,0.05490683406863683,0.53360043311824,,
Source/TxPert_GAT,Source,TxPert_GAT,risk,B3_DeepSets,20260930,0,jurkat,83,83,0.5321182213310982,0.5847361571722429,0.04728349265898332,0.6470588235294117,0.04827919767962557,0.04235346626271214,0.04438698402650295,0.051676357239540394,0.5118478666042139,,
Source/TxPert_GAT,Source,TxPert_GAT,risk,B3_DeepSets,20260930,1,K562,114,114,0.715412621234537,0.5562827808266337,0.050704767127844996,0.3913043478260869,0.051611584611237014,0.048408293286743335,0.047849936737564526,0.05704893604835563,0.5536173499684369,,
Source/TxPert_GAT,Source,TxPert_GAT,risk,B3_DeepSets,20260930,1,RPE1,85,85,0.6144609273665264,0.46925933163963257,0.07172866169569726,0.5294117647058824,0.07027319073677056,0.07283888099824676,0.068079515988397,0.07716397948005753,0.5848168707729254,,
Source/TxPert_GAT,Source,TxPert_GAT,risk,B3_DeepSets,20260930,1,hepg2,80,80,0.5323713286894998,0.4414439756211908,0.05412560921166354,0.5,0.04393633455038065,0.05099606770090754,0.05334606664255257,0.059249296734315116,0.6008110679649392,,
Source/TxPert_GAT,Source,TxPert_GAT,risk,B3_DeepSets,20260930,1,jurkat,83,83,0.5303095812765471,0.6424793249653666,0.04891500865529321,0.5882352941176471,0.0407572941233714,0.04196977604399705,0.04823738491783535,0.05620440951998613,0.5804983597733276,,
Source/TxPert_GAT,Source,TxPert_GAT,risk,B3_DeepSets,20260930,2,K562,112,112,0.5915972859196844,0.6624269655243107,0.047833325195301625,0.4782608695652174,0.042983284996201555,0.04033770136859101,0.04400111674996355,0.05444508146838443,0.5410087730914491,,
Source/TxPert_GAT,Source,TxPert_GAT,risk,B3_DeepSets,20260930,2,RPE1,84,84,0.6837291225801004,0.5105801356687254,0.07103474405111755,0.5294117647058824,0.06848365296092293,0.06322777063092759,0.07031502995994825,0.07748616423178195,0.5940894284131164,,
Source/TxPert_GAT,Source,TxPert_GAT,risk,B3_DeepSets,20260930,2,hepg2,83,83,0.6725194378450403,0.7211074262205616,0.04550862247959553,0.47058823529411764,0.03793832618329255,0.0410048337105442,0.044809936412743105,0.05605933731842521,0.5888859897064354,,
Source/TxPert_GAT,Source,TxPert_GAT,risk,B3_DeepSets,20260930,2,jurkat,83,83,0.4809793227968461,0.619117585323874,0.046676217261519805,0.5882352941176471,0.03975724987685674,0.041233851738712315,0.04718730873650024,0.05513543353763983,0.5441288720224654,,
Source/TxPert_GAT,Source,TxPert_GAT,risk,B3_DeepSets,20260930,3,K562,113,113,0.7147849576266783,0.6085152039390513,0.04792612649474651,0.34782608695652173,0.05349712073802943,0.04342638879366538,0.04253688441556792,0.05311323508411163,0.4852441241796322,,
Source/TxPert_GAT,Source,TxPert_GAT,risk,B3_DeepSets,20260930,3,RPE1,88,88,0.7393156274025101,0.5090345532034801,0.06793863185445775,0.33333333333333337,0.07067793566319673,0.06426322118689612,0.06700896729969161,0.07353810858347792,0.5635751535308142,,
Source/TxPert_GAT,Source,TxPert_GAT,risk,B3_DeepSets,20260930,3,hepg2,82,82,0.6848787620633985,0.694517909034512,0.04627612223286396,0.3529411764705882,0.045151454706986706,0.04340476608451671,0.043934664257415865,0.05476447187033988,0.5504269092526153,,
Source/TxPert_GAT,Source,TxPert_GAT,risk,B3_DeepSets,20260930,3,jurkat,78,78,0.6734646660093753,0.5807230743939604,0.04752475218629828,0.5,0.040199906565248925,0.04215086565818635,0.046757332741832074,0.05465527889686157,0.5107521771171667,,
Source/TxPert_GAT,Source,TxPert_GAT,risk,B3_DeepSets,20260930,4,K562,113,113,0.687586891754496,0.6706118171535033,0.04297355349828212,0.34782608695652173,0.03828908378879225,0.037894229769058804,0.04023812707971058,0.052876864074884705,0.5126301882408814,,
Source/TxPert_GAT,Source,TxPert_GAT,risk,B3_DeepSets,20260930,4,RPE1,81,81,0.674795093483151,0.6737353206865402,0.059430673026869364,0.47058823529411764,0.03748282334870757,0.047290966572130375,0.06075257299149904,0.07382835320193125,0.5742392406131666,,
Source/TxPert_GAT,Source,TxPert_GAT,risk,B3_DeepSets,20260930,4,hepg2,73,73,0.5603197279632668,0.5802172035048748,0.04833635486309913,0.4666666666666667,0.04350808635354035,0.04268932032088433,0.047232462294601055,0.05675781384331795,0.554912003089834,,
Source/TxPert_GAT,Source,TxPert_GAT,risk,B3_DeepSets,20260930,4,jurkat,94,94,0.49184259795481444,0.6647184192464689,0.04627929823073581,0.5789473684210527,0.03990774918347593,0.03886673128918594,0.045610877744694925,0.05582364377983552,0.5424021372335428,,
Source/TxPert_GAT,Source,TxPert_GAT,risk,B3_DeepSets,20260930,MACRO,MACRO,1808,575,0.6275779131108344,,0.0517674166469916,0.4745553181226724,0.04678457403063976,0.04605153367174405,0.050246647162107624,0.05972660075882617,0.5487461244857679,20.0,20.0
Source/TxPert_GAT,Source,TxPert_GAT,risk,B3_DeepSets,20261001,0,K562,114,114,0.6976663063027541,0.7175512849071506,0.03882727479524871,0.3913043478260869,0.02677529864013191,0.033126016025957813,0.0395901448567185,0.051542509939630866,0.49718980885980246,,
Source/TxPert_GAT,Source,TxPert_GAT,risk,B3_DeepSets,20261001,0,RPE1,78,78,0.7557955825159763,0.7015389673617521,0.05604851532552759,0.3125,0.0469314197544008,0.046108635724522125,0.05519978577891981,0.06846748466971143,0.5471258874342162,,
Source/TxPert_GAT,Source,TxPert_GAT,risk,B3_DeepSets,20261001,0,hepg2,87,87,0.5009291194985755,0.5183349128818254,0.04912270637988394,0.6666666666666667,0.048172596428129356,0.041169802451299246,0.0471516585570167,0.054863848416678414,0.5330301588076222,,
Source/TxPert_GAT,Source,TxPert_GAT,risk,B3_DeepSets,20261001,0,jurkat,83,83,0.5336399096033067,0.5814827253263927,0.047423860747004394,0.6470588235294117,0.04714590124785895,0.04187536414931797,0.04438698402650295,0.051739795355003004,0.5110478652278365,,
Source/TxPert_GAT,Source,TxPert_GAT,risk,B3_DeepSets,20261001,1,K562,114,114,0.675025380211552,0.5542820112998927,0.050647790211825465,0.3913043478260869,0.051611584611237014,0.04920096727816951,0.047668213220803314,0.057060153703871005,0.5526938634688952,,
Source/TxPert_GAT,Source,TxPert_GAT,risk,B3_DeepSets,20261001,1,RPE1,85,85,0.7584445038610333,0.48618331053351566,0.0712884099945912,0.4117647058823529,0.07027319073677056,0.06937842268277612,0.06846533434162302,0.07710141946221466,0.5851073137089838,,
Source/TxPert_GAT,Source,TxPert_GAT,risk,B3_DeepSets,20261001,1,hepg2,80,80,0.575667377142856,0.4556258790436006,0.053939353925386145,0.5,0.04393633455038065,0.05217944970354433,0.053543363139033275,0.05928109492339421,0.5972458017127529,,
Source/TxPert_GAT,Source,TxPert_GAT,risk,B3_DeepSets,20261001,1,jurkat,83,83,0.6427840400842393,0.6529322866378405,0.048770958930982204,0.5294117647058824,0.039891133912735466,0.04196624293485104,0.04836209983165771,0.05631072606413719,0.5796871437076632,,
Source/TxPert_GAT,Source,TxPert_GAT,risk,B3_DeepSets,20261001,2,K562,112,112,0.6231910360132955,0.6709946355964055,0.047748448626512625,0.3913043478260869,0.042983284996201555,0.03983987827339893,0.044139219813847066,0.054408600780401994,0.5405923461712698,,
Source/TxPert_GAT,Source,TxPert_GAT,risk,B3_DeepSets,20261001,2,RPE1,84,84,0.6989793184653095,0.50646957578212,0.07106932358423493,0.5294117647058824,0.06848365296092292,0.061667074723278724,0.07031502995994825,0.07762315032010263,0.5947801506138141,,
Source/TxPert_GAT,Source,TxPert_GAT,risk,B3_DeepSets,20261001,2,hepg2,83,83,0.538835878339705,0.6709206162629613,0.046254687495053064,0.5882352941176471,0.038272195806105885,0.03722831584951452,0.04748675998832493,0.05632955897226907,0.5862270722022627,,
Source/TxPert_GAT,Source,TxPert_GAT,risk,B3_DeepSets,20261001,2,jurkat,83,83,0.490683942513264,0.6405482557407329,0.04647796452792011,0.5882352941176471,0.038288699876930926,0.041233851738712315,0.046890877009857224,0.054874091740187085,0.543683060642862,,
Source/TxPert_GAT,Source,TxPert_GAT,risk,B3_DeepSets,20261001,3,K562,113,113,0.6740690686814412,0.6145951161088562,0.04791953987694277,0.3913043478260869,0.05349712073802943,0.04342638879366538,0.04229072304932689,0.05304008544204962,0.4852701233446504,,
Source/TxPert_GAT,Source,TxPert_GAT,risk,B3_DeepSets,20261001,3,RPE1,88,88,0.8192511361129665,0.5380226127998311,0.06759684155014585,0.38888888888888884,0.07067793566319673,0.06381232177631718,0.06574510948055166,0.07340185985819486,0.5654183453919641,,
Source/TxPert_GAT,Source,TxPert_GAT,risk,B3_DeepSets,20261001,3,hepg2,82,82,0.6783350532591113,0.6830030147691034,0.046229034092445984,0.3529411764705882,0.045151454706986706,0.04286053886308386,0.04393466425741587,0.054775554549666004,0.5523052097477716,,
Source/TxPert_GAT,Source,TxPert_GAT,risk,B3_DeepSets,20261001,3,jurkat,78,78,0.6666430161612009,0.562386980108499,0.04768635692624467,0.5,0.03908499563112851,0.04398338065948334,0.047513427785955895,0.054711187377564356,0.511917660412772,,
Source/TxPert_GAT,Source,TxPert_GAT,risk,B3_DeepSets,20261001,4,K562,113,113,0.6646937329066065,0.6738555459445074,0.04292695170436235,0.3913043478260869,0.03828908378879225,0.037894229769058804,0.04023812707971058,0.052830106326517266,0.5130727742863451,,
Source/TxPert_GAT,Source,TxPert_GAT,risk,B3_DeepSets,20261001,4,RPE1,81,81,0.556389069397974,0.6747515808491418,0.05932384441598388,0.5294117647058824,0.03748282334870757,0.047290966572130375,0.05975472490961954,0.07378787610797417,0.5745631257795871,,
Source/TxPert_GAT,Source,TxPert_GAT,risk,B3_DeepSets,20261001,4,hepg2,73,73,0.5623253130997683,0.6049611255090708,0.047943963605090865,0.4,0.04350808635354035,0.04134140647947783,0.04663167848578975,0.05659051939984142,0.5547227210071927,,
Source/TxPert_GAT,Source,TxPert_GAT,risk,B3_DeepSets,20261001,4,jurkat,94,94,0.46855344059612886,0.6780406747823574,0.046207449231125935,0.6842105263157895,0.03816752266138788,0.039205410762837026,0.045610877744694925,0.05575787401936134,0.5427894214135038,,
Source/TxPert_GAT,Source,TxPert_GAT,risk,B3_DeepSets,20261001,MACRO,MACRO,1808,575,0.6290951112383532,,0.05167266379732564,0.4792629204618536,0.04643121582067877,0.04573943326056981,0.050245940165865886,0.05972487487143854,0.5484234926970885,20.0,20.0
Source/TxPert_GAT,Source,TxPert_GAT,risk,B3_DeepSets,20261002,0,K562,114,114,0.6976663063027541,0.7263157894736842,0.03874503543827607,0.3913043478260869,0.027171654781947493,0.03260577429571873,0.03950743654971578,0.05159248204273479,0.4973002623145526,,
Source/TxPert_GAT,Source,TxPert_GAT,risk,B3_DeepSets,20261002,0,RPE1,78,78,0.7981706683162056,0.6911948810682987,0.05661779299178268,0.25,0.0469314197544008,0.04593765607569362,0.05519978577891981,0.06841735874093564,0.5499136614544758,,
Source/TxPert_GAT,Source,TxPert_GAT,risk,B3_DeepSets,20261002,0,hepg2,87,87,0.47617886621111466,0.5170773492746227,0.04914814180862865,0.6666666666666667,0.04840141741765866,0.04160915097842609,0.0471516585570167,0.05509069904296045,0.5317935531676221,,
Source/TxPert_GAT,Source,TxPert_GAT,risk,B3_DeepSets,20261002,0,jurkat,83,83,0.5321182213310982,0.5804752109483229,0.04737514764287641,0.6470588235294117,0.047206455427739304,0.04235346626271214,0.04438698402650295,0.05174669288230237,0.5119916096373395,,
Source/TxPert_GAT,Source,TxPert_GAT,risk,B3_DeepSets,20261002,1,K562,114,114,0.715412621234537,0.5580486421903162,0.05068658157745069,0.3913043478260869,0.051611584611237014,0.04920096727816951,0.04746417606478193,0.05702466662940342,0.5521704610257433,,
Source/TxPert_GAT,Source,TxPert_GAT,risk,B3_DeepSets,20261002,1,RPE1,85,85,0.7349448438430943,0.48858706273206953,0.07150765279205261,0.47058823529411764,0.07027319073677056,0.07208531481378214,0.06846533434162302,0.07717977470943163,0.5842521771931186,,
Source/TxPert_GAT,Source,TxPert_GAT,risk,B3_DeepSets,20261002,1,hepg2,80,80,0.5648491273510695,0.4665494608532583,0.05380168086693611,0.5,0.04581875307485456,0.05174055136740203,0.05339157860726114,0.05946504487667881,0.5983330976013086,,
Source/TxPert_GAT,Source,TxPert_GAT,risk,B3_DeepSets,20261002,1,jurkat,83,83,0.5482807142303626,0.5878216699550817,0.049646756059888726,0.5882352941176471,0.040623019759853635,0.04196624293485104,0.05023808648721089,0.05632488121475584,0.5801873613617847,,
Source/TxPert_GAT,Source,TxPert_GAT,risk,B3_DeepSets,20261002,2,K562,112,112,0.6139993995378268,0.6826801517067004,0.04764378837038589,0.4347826086956522,0.042983284996201555,0.039573368737878964,0.04422649391926821,0.05444506441517315,0.5399278280181725,,
Source/TxPert_GAT,Source,TxPert_GAT,risk,B3_DeepSets,20261002,2,RPE1,84,84,0.6701358543979025,0.5117748304140933,0.0710258909564619,0.5294117647058824,0.06848365296092292,0.06322777063092759,0.0701515808967607,0.07759870072225229,0.5958618395535188,,
Source/TxPert_GAT,Source,TxPert_GAT,risk,B3_DeepSets,20261002,2,hepg2,83,83,0.5276046387160955,0.6959825364174468,0.045738170221918645,0.5882352941176471,0.038272195806105885,0.038334236863781374,0.045718928710335734,0.05627953636301382,0.5903366035867347,,
Source/TxPert_GAT,Source,TxPert_GAT,risk,B3_DeepSets,20261002,2,jurkat,83,83,0.509151859820545,0.6248268334662692,0.04665574929600515,0.5882352941176471,0.03909376863804123,0.041233851738712315,0.04750248364039825,0.05500015581779795,0.5438758764546544,,
Source/TxPert_GAT,Source,TxPert_GAT,risk,B3_DeepSets,20261002,3,K562,113,113,0.7147849576266783,0.6118836915297092,0.04794545394742528,0.34782608695652173,0.05349712073802943,0.04342638879366538,0.04281137589561306,0.0531639492475957,0.48479791342957346,,
Source/TxPert_GAT,Source,TxPert_GAT,risk,B3_DeepSets,20261002,3,RPE1,88,88,0.835279690370194,0.521714627875031,0.06783220561177945,0.33333333333333337,0.07067793566319673,0.06426322118689612,0.06481712222607293,0.07337149997443249,0.5655102794490551,,
Source/TxPert_GAT,Source,TxPert_GAT,risk,B3_DeepSets,20261002,3,hepg2,82,82,0.7186409301529189,0.6970864487761343,0.04632963945103867,0.3529411764705882,0.045151454706986706,0.042561222744338614,0.04483678346363506,0.05486180647870042,0.5508064541737328,,
Source/TxPert_GAT,Source,TxPert_GAT,risk,B3_DeepSets,20261002,3,jurkat,78,78,0.6734646660093753,0.592508757065719,0.04728816627190078,0.5,0.03908499563112851,0.041629109182395,0.047006453793400335,0.054676199093186446,0.5113175697129643,,
Source/TxPert_GAT,Source,TxPert_GAT,risk,B3_DeepSets,20261002,4,K562,113,113,0.6759244716080893,0.6752195754873911,0.04289752819149666,0.34782608695652173,0.03828908378879225,0.0378626048079003,0.04023812707971058,0.05280096307857623,0.5142343061023003,,
Source/TxPert_GAT,Source,TxPert_GAT,risk,B3_DeepSets,20261002,4,RPE1,81,81,0.6613782299541184,0.6733288166214995,0.05932561148796488,0.47058823529411764,0.03748282334870757,0.047290966572130375,0.06000378655224306,0.07393081100360305,0.5727202012829385,,
Source/TxPert_GAT,Source,TxPert_GAT,risk,B3_DeepSets,20261002,4,hepg2,73,73,0.5879041997325792,0.6043440700974948,0.04823876457914295,0.4,0.04350808635354035,0.043539185946186325,0.0462078034777093,0.05648696205578924,0.5538202162364373,,
Source/TxPert_GAT,Source,TxPert_GAT,risk,B3_DeepSets,20261002,4,jurkat,94,94,0.5771499557494122,0.6575660152440126,0.04643398571537489,0.631578947368421,0.03990774918347593,0.0399058016115113,0.045447376576509824,0.05583665201512199,0.5425439766031027,,
Source/TxPert_GAT,Source,TxPert_GAT,risk,B3_DeepSets,20261002,MACRO,MACRO,1808,575,0.6416520111247986,,0.05174418716393936,0.4714958271638173,0.04672348236897955,0.04601734264115394,0.05023866783223445,0.05976469502022228,0.5485847624179565,20.0,20.0
Source/TxPert_GAT,Source,TxPert_GAT,risk,Magnitude,0,0,K562,114,114,0.958415862484797,0.9231202284279381,0.03724001762989276,0.13043478260869568,0.03188312922914818,0.028649787701990254,0.03553421171218675,0.05506983385068305,0.48416807583784394,,
Source/TxPert_GAT,Source,TxPert_GAT,risk,Magnitude,0,0,RPE1,78,78,0.597141879950271,0.6229340279973191,0.05661676566283457,0.5625,0.03980957623571151,0.04343899595551187,0.05561013615284206,0.07217638977762685,0.49806431084229685,,
Source/TxPert_GAT,Source,TxPert_GAT,risk,Magnitude,0,0,hepg2,87,87,0.6731316836387847,0.7647262520959393,0.04269339971552865,0.4444444444444444,0.03268477486239534,0.03654803356362708,0.041925554714080916,0.05709098262733751,0.5127628026299914,,
Source/TxPert_GAT,Source,TxPert_GAT,risk,Magnitude,0,0,jurkat,83,83,0.7138185522928608,0.7750094454472943,0.0429941867093183,0.4117647058823529,0.037077082528008315,0.038149731233715956,0.04218706892182426,0.054659950057214114,0.4894653500098416,,
Source/TxPert_GAT,Source,TxPert_GAT,risk,Magnitude,0,1,K562,114,114,0.8831455670997823,0.8810878678034063,0.04191806711576278,0.21739130434782605,0.03152989627172545,0.0338880719374055,0.042567959578152244,0.06037501628004165,0.5435843965014729,,
Source/TxPert_GAT,Source,TxPert_GAT,risk,Magnitude,0,1,RPE1,85,85,0.44713987681749096,0.45292163376978695,0.06753505414774962,0.5882352941176471,0.05336811972988971,0.05728290460127236,0.07124376682521295,0.08089801000916647,0.5403849556722871,,
Source/TxPert_GAT,Source,TxPert_GAT,risk,Magnitude,0,1,hepg2,80,80,0.776122750924035,0.7283169245194563,0.047443135848241544,0.375,0.03470241790637368,0.04083283967338497,0.04932886613532896,0.061441307543012004,0.5699811497677841,,
Source/TxPert_GAT,Source,TxPert_GAT,risk,Magnitude,0,1,jurkat,83,83,0.6711049687595542,0.6738801897485412,0.04766391779886659,0.47058823529411764,0.04113680517507919,0.041457305169280784,0.048882288813945754,0.05877582660511617,0.5595099599905401,,
Source/TxPert_GAT,Source,TxPert_GAT,risk,Magnitude,0,2,K562,112,112,0.982012731315378,0.9189616291386203,0.039556641860759724,0.08695652173913049,0.030585035681724496,0.03205464537376938,0.03943407143067033,0.05794592230564614,0.5320729670881911,,
Source/TxPert_GAT,Source,TxPert_GAT,risk,Magnitude,0,2,RPE1,84,84,0.5964164115947815,0.4753265161486282,0.06903427322021795,0.5882352941176471,0.0609361999150779,0.0621978328289354,0.07064941299280944,0.0816275511707272,0.542783844847014,,
Source/TxPert_GAT,Source,TxPert_GAT,risk,Magnitude,0,2,hepg2,83,83,0.7913527091814443,0.7729524369254019,0.04475314195035831,0.2941176470588235,0.034799210727214765,0.042151460971902345,0.04384847482045487,0.058810738639839544,0.5603818344693787,,
Source/TxPert_GAT,Source,TxPert_GAT,risk,Magnitude,0,2,jurkat,83,83,0.7657610311937614,0.6940514671928131,0.045992641917460844,0.4117647058823529,0.0407680502782265,0.04344498442814627,0.045873568082849134,0.057190484807984714,0.5256597862216613,,
Source/TxPert_GAT,Source,TxPert_GAT,risk,Magnitude,0,3,K562,113,113,0.9691476545886214,0.9188651939583473,0.03723995504952234,0.13043478260869568,0.026776553286860322,0.02964212389095964,0.03804930364876457,0.05618518016084376,0.47804248901816226,,
Source/TxPert_GAT,Source,TxPert_GAT,risk,Magnitude,0,3,RPE1,88,88,0.7123461118255355,0.6042760029586842,0.06252778999273927,0.38888888888888884,0.05548660829663273,0.054668624057537946,0.0644081783142279,0.07670986334988109,0.517087792334669,,
Source/TxPert_GAT,Source,TxPert_GAT,risk,Magnitude,0,3,hepg2,82,82,0.7788850506412923,0.721161067032357,0.04478021494912618,0.2941176470588235,0.03781274995870058,0.041556358556537026,0.04447965641937601,0.057854066995460814,0.5185209093273825,,
Source/TxPert_GAT,Source,TxPert_GAT,risk,Magnitude,0,3,jurkat,78,78,0.6920395579604811,0.564233235119311,0.04695106211817396,0.5,0.040989831555634695,0.04469271504785862,0.04782153298266419,0.05682262910716723,0.4951767352615428,,
Source/TxPert_GAT,Source,TxPert_GAT,risk,Magnitude,0,4,K562,113,113,0.9279408124716554,0.8460892274935127,0.039759766878152136,0.17391304347826086,0.03623309793571627,0.03498877220503657,0.03839529014862415,0.055478962211182925,0.5092001527535253,,
Source/TxPert_GAT,Source,TxPert_GAT,risk,Magnitude,0,4,RPE1,81,81,0.4886328099582335,0.6061427280939475,0.05996525106743597,0.5882352941176471,0.042358232869042216,0.04867249836816502,0.06415644242632676,0.0768638487923293,0.5374634190573909,,
Source/TxPert_GAT,Source,TxPert_GAT,risk,Magnitude,0,4,hepg2,73,73,0.7817570636421567,0.8155929902505247,0.04446244694606697,0.33333333333333337,0.03525021346285934,0.04050176615516339,0.0441562552005052,0.0588089533111062,0.537399619091447,,
Source/TxPert_GAT,Source,TxPert_GAT,risk,Magnitude,0,4,jurkat,94,94,0.8422838067064219,0.7506195137810209,0.04392062392196756,0.42105263157894735,0.034709885157644706,0.03897587200136556,0.04417537782896067,0.0571366493993588,0.5329147253896779,,
Source/TxPert_GAT,Source,TxPert_GAT,risk,Magnitude,0,MACRO,MACRO,1808,575,0.7524298446523671,,0.04815241772500882,0.3705704278278817,0.038944873553183296,0.0416897661860783,0.04863637085749036,0.06259610835008626,0.524231263805605,20.0,20.0
Source/TxPert_GAT,Source,TxPert_GAT,risk,NearestControl,0,0,K562,114,114,0.6075144721706857,0.6811486199145422,0.03933453966488174,0.5217391304347826,0.031002893112599808,0.034285622851356175,0.04009710971200671,0.05986688002964888,0.44404183654255086,,
Source/TxPert_GAT,Source,TxPert_GAT,risk,NearestControl,0,0,RPE1,78,78,0.5931736063972056,0.6076581646201898,0.05778693802064211,0.5,0.0469314197544008,0.052106659975834135,0.05550975333421654,0.07329999880669162,0.48436339759523034,,
Source/TxPert_GAT,Source,TxPert_GAT,risk,NearestControl,0,0,hepg2,87,87,0.16561413761383068,0.3085951738718378,0.05208634450313955,0.8888888888888888,0.0502644065353605,0.051224477278689486,0.0493520170196213,0.06350004214503807,0.3887081136322222,,
Source/TxPert_GAT,Source,TxPert_GAT,risk,NearestControl,0,0,jurkat,83,83,0.3927861203849319,0.3790353049829982,0.050419943330001105,0.7647058823529411,0.051764949328369524,0.04642914399942926,0.04670589217650035,0.054853932869965503,0.4543183930259045,,
Source/TxPert_GAT,Source,TxPert_GAT,risk,NearestControl,0,1,K562,114,114,0.5451774985481949,0.49195844555598317,0.05086102573175135,0.4782608695652174,0.04704781093945102,0.046692519408205235,0.04846101394740109,0.06534468821550969,0.5025916272301139,,
Source/TxPert_GAT,Source,TxPert_GAT,risk,NearestControl,0,1,RPE1,85,85,0.6345700657682907,0.4211842876685558,0.07304580349151343,0.5882352941176471,0.07488318988018561,0.07348101191660932,0.07057726396204422,0.08268067736471264,0.5211640444509029,,
Source/TxPert_GAT,Source,TxPert_GAT,risk,NearestControl,0,1,hepg2,80,80,0.2058597780059548,0.23696671354899204,0.055496817865974976,0.75,0.05648157512769099,0.053094210335984784,0.054920026939362245,0.06942907284571688,0.4489100558009714,,
Source/TxPert_GAT,Source,TxPert_GAT,risk,NearestControl,0,1,jurkat,83,83,0.5285108019056081,0.3936442634650098,0.05518764643528368,0.5882352941176471,0.06255566039019159,0.05399406252100183,0.05198733690416525,0.060603679293262186,0.5281820523955257,,
Source/TxPert_GAT,Source,TxPert_GAT,risk,NearestControl,0,2,K562,112,112,0.4934625970578564,0.5806881470598285,0.04849248465986052,0.4782608695652174,0.04475411648551619,0.03963731496554349,0.04677273921801571,0.06355587101941138,0.47980468566167067,,
Source/TxPert_GAT,Source,TxPert_GAT,risk,NearestControl,0,2,RPE1,84,84,0.5027517865179506,0.4179811683709629,0.07351272753705514,0.5882352941176471,0.07253776739041004,0.07404449494446019,0.07024456840008492,0.08246082925641174,0.5360550200321307,,
Source/TxPert_GAT,Source,TxPert_GAT,risk,NearestControl,0,2,hepg2,83,83,0.2651878275854895,0.31734603920910115,0.052939692965935925,0.7058823529411764,0.045214828103780684,0.04982687752036482,0.05469184253542192,0.06565962644058185,0.42869679145570516,,
Source/TxPert_GAT,Source,TxPert_GAT,risk,NearestControl,0,2,jurkat,83,83,0.392750676979331,0.39425297006842697,0.05057568735736895,0.6470588235294117,0.050265735015273046,0.04993840975358201,0.048701905601081355,0.058631795144322416,0.49871475146100197,,
Source/TxPert_GAT,Source,TxPert_GAT,risk,NearestControl,0,3,K562,113,113,0.5913983282317546,0.5507518796992481,0.04838496466313162,0.4347826086956522,0.05236620192105567,0.0458291295267965,0.044036111843429065,0.06182917211728771,0.43240820138049796,,
Source/TxPert_GAT,Source,TxPert_GAT,risk,NearestControl,0,3,RPE1,88,88,0.7196270861987476,0.4133880455073791,0.06995251086366576,0.4444444444444444,0.0733741112053394,0.07126254629757664,0.06768852739002212,0.07879080710109544,0.5001087807477191,,
Source/TxPert_GAT,Source,TxPert_GAT,risk,NearestControl,0,3,hepg2,82,82,0.4133768924450399,0.32308094165279005,0.05210620621359611,0.5294117647058824,0.04772106475300256,0.05151831095709516,0.05193811464237,0.06388474192491755,0.38433909704057384,,
Source/TxPert_GAT,Source,TxPert_GAT,risk,NearestControl,0,3,jurkat,78,78,0.4782466024851914,0.4385108562323752,0.04964944647411025,0.625,0.0433040969073772,0.04441017424687738,0.047647671965070214,0.05803569241986944,0.45972877583328087,,
Source/TxPert_GAT,Source,TxPert_GAT,risk,NearestControl,0,4,K562,113,113,0.7440436766390564,0.6436472819216184,0.043303302146229815,0.34782608695652173,0.03633105925594763,0.03785378850348613,0.041409752413369014,0.06268316275039279,0.46640549020595445,,
Source/TxPert_GAT,Source,TxPert_GAT,risk,NearestControl,0,4,RPE1,81,81,0.5240210845532453,0.5369692863595302,0.06216352269770415,0.5882352941176471,0.03748282334870757,0.05229987949132914,0.06457513270945078,0.08112767835937279,0.4945272702628388,,
Source/TxPert_GAT,Source,TxPert_GAT,risk,NearestControl,0,4,hepg2,73,73,0.06444836409473832,-0.0009255831173639393,0.057733211676154514,0.8,0.062087707221507964,0.05886949139336739,0.05866701956334946,0.06532121538428173,0.42643074276108367,,
Source/TxPert_GAT,Source,TxPert_GAT,risk,NearestControl,0,4,jurkat,94,94,0.3176094008695834,0.4279955207166853,0.04899494205681231,0.736842105263158,0.043515970371663534,0.042696498628509626,0.04720889602569819,0.0608735777689275,0.4831068396890012,,
Source/TxPert_GAT,Source,TxPert_GAT,risk,NearestControl,0,MACRO,MACRO,1808,575,0.4590065402226343,,0.05460138791774064,0.6003022501906942,0.051494369352391565,0.05147473122580494,0.053059634815134024,0.0666216570628709,0.468130298360244,20.0,20.0
Source/TxPert_GAT,Source,TxPert_GAT,risk,NegativeHistorySupport,0,0,K562,114,114,0.2563653199086335,0.36255786962664266,0.044103613092474174,0.6521739130434783,0.039889056701213066,0.03713566737006535,0.043848859080881354,0.05506983385068305,0.48416807583784394,,
Source/TxPert_GAT,Source,TxPert_GAT,risk,NegativeHistorySupport,0,0,RPE1,78,78,0.30761949809267103,0.25521689807415215,0.06499694214228953,0.625,0.05993195064365859,0.05736425495706493,0.06428763776635507,0.07217638977762685,0.49806431084229685,,
Source/TxPert_GAT,Source,TxPert_GAT,risk,NegativeHistorySupport,0,0,hepg2,87,87,0.34880249733035257,0.47043706516145845,0.046405039605230014,0.6111111111111112,0.04125187007917294,0.04018189499361642,0.04687892971560354,0.05709098262733751,0.5127628026299914,,
Source/TxPert_GAT,Source,TxPert_GAT,risk,NegativeHistorySupport,0,0,jurkat,83,83,0.07996840257888034,0.25062188513813355,0.0501756289927549,1.0,0.05016856826841828,0.04870419511023686,0.050147670986396886,0.054659950057214114,0.4894653500098416,,
Source/TxPert_GAT,Source,TxPert_GAT,risk,NegativeHistorySupport,0,1,K562,114,114,0.31981393076431636,0.21239400517066945,0.05160862803512557,0.7391304347826086,0.04985468648374076,0.04951988678911453,0.052983685903120414,0.06037501628004165,0.5435843965014729,,
Source/TxPert_GAT,Source,TxPert_GAT,risk,NegativeHistorySupport,0,1,RPE1,85,85,0.03556251483561149,-0.060086969339321776,0.07716441784626168,0.7647058823529411,0.07187700023253754,0.07342819781864385,0.0840475936961728,0.08089801000916647,0.5403849556722871,,
Source/TxPert_GAT,Source,TxPert_GAT,risk,NegativeHistorySupport,0,1,hepg2,80,80,0.18582794543134634,0.19411137299996836,0.05502923445519535,0.8125,0.043166532646864604,0.05287469853647049,0.057699674274772364,0.061441307543012004,0.5699811497677841,,
Source/TxPert_GAT,Source,TxPert_GAT,risk,NegativeHistorySupport,0,1,jurkat,83,83,0.2022024783710625,0.10688609257048012,0.055464352247447474,0.7647058823529411,0.05142091752754312,0.0564142969601294,0.05564300911057559,0.05877582660511617,0.5595099599905401,,
Source/TxPert_GAT,Source,TxPert_GAT,risk,NegativeHistorySupport,0,2,K562,112,112,0.45105192953135065,0.30305178890896445,0.049577147818498944,0.6521739130434783,0.051801146163294676,0.0494265498836403,0.047774447094915136,0.05794592230564614,0.5320729670881911,,
Source/TxPert_GAT,Source,TxPert_GAT,risk,NegativeHistorySupport,0,2,RPE1,84,84,0.2364630207643871,0.01935908472080337,0.08021206621548758,0.5882352941176471,0.07560663421948745,0.08667257165207577,0.07787365373224013,0.0816275511707272,0.542783844847014,,
Source/TxPert_GAT,Source,TxPert_GAT,risk,NegativeHistorySupport,0,2,hepg2,83,83,-0.07640083202312771,0.08094918244473404,0.055129286211591993,0.8235294117647058,0.05416199275188971,0.05430957214797239,0.05570410901591887,0.058810738639839544,0.5603818344693787,,
Source/TxPert_GAT,Source,TxPert_GAT,risk,NegativeHistorySupport,0,2,jurkat,83,83,-0.04348565485309949,-0.10460960476866218,0.05771546310819598,0.8823529411764706,0.05704937523437866,0.06216846505070429,0.05616105928839667,0.057190484807984714,0.5256597862216613,,
Source/TxPert_GAT,Source,TxPert_GAT,risk,NegativeHistorySupport,0,3,K562,113,113,0.05242586743699067,0.13493085034416702,0.04898172864362392,0.6956521739130435,0.04857856299107271,0.044339625407820125,0.04736095990397424,0.05618518016084376,0.47804248901816226,,
Source/TxPert_GAT,Source,TxPert_GAT,risk,NegativeHistorySupport,0,3,RPE1,88,88,0.029688909176342294,0.012795505317405038,0.07460931888136826,0.7222222222222222,0.07356017082929606,0.07038941617227258,0.07585827883502295,0.07670986334988109,0.517087792334669,,
Source/TxPert_GAT,Source,TxPert_GAT,risk,NegativeHistorySupport,0,3,hepg2,82,82,0.11224140969588972,0.14474550634722083,0.05245695359436646,0.6470588235294117,0.043627844916449623,0.05166437126257835,0.0531335567555776,0.057854066995460814,0.5185209093273825,,
Source/TxPert_GAT,Source,TxPert_GAT,risk,NegativeHistorySupport,0,3,jurkat,78,78,0.015523168110082806,0.011001934826539432,0.05380027765097655,0.875,0.044050980824977125,0.059152303729206296,0.05488025783919367,0.05682262910716723,0.4951767352615428,,
Source/TxPert_GAT,Source,TxPert_GAT,risk,NegativeHistorySupport,0,4,K562,113,113,-0.11168834284111782,-0.018789612919111874,0.05009891400237258,0.8695652173913043,0.04796292368943488,0.04461355531669176,0.05262778049106133,0.055478962211182925,0.5092001527535253,,
Source/TxPert_GAT,Source,TxPert_GAT,risk,NegativeHistorySupport,0,4,RPE1,81,81,0.025152126539323954,0.05777135377861429,0.07171695419819948,0.7058823529411764,0.065660022613075,0.06703158150262689,0.07383690601805355,0.0768638487923293,0.5374634190573909,,
Source/TxPert_GAT,Source,TxPert_GAT,risk,NegativeHistorySupport,0,4,hepg2,73,73,-0.07227719962732064,0.08335390327502978,0.05445931836056459,0.9333333333333333,0.048194854287430575,0.05364859004815413,0.05611067854270737,0.0588089533111062,0.537399619091447,,
Source/TxPert_GAT,Source,TxPert_GAT,risk,NegativeHistorySupport,0,4,jurkat,94,94,-0.08071875038208723,-0.019247303300385807,0.05486573552989737,0.8947368421052632,0.05652108751237388,0.05410807736610107,0.055167941455828325,0.0571366493993588,0.5329147253896779,,
Source/TxPert_GAT,Source,TxPert_GAT,risk,NegativeHistorySupport,0,MACRO,MACRO,1808,575,0.11370691194202442,,0.05742855103159611,0.7629534874590568,0.053716808930815464,0.05565738860375928,0.0581013344753384,0.06259610835008626,0.524231263805605,20.0,20.0
Source/TxPert_GAT,Source,TxPert_GAT,risk,SameConditionSupport,0,0,K562,114,114,0.6483247863376324,0.6720844049330715,0.03959618350294537,0.4347826086956522,0.027194149792194325,0.03292650616039396,0.0408606956990664,0.05506983385068305,0.48416807583784394,,
Source/TxPert_GAT,Source,TxPert_GAT,risk,SameConditionSupport,0,0,RPE1,78,78,0.48884779041868165,0.638159309045385,0.0577921566951898,0.5625,0.05465941224247212,0.050743253552354824,0.05382426274128445,0.07217638977762685,0.49806431084229685,,
Source/TxPert_GAT,Source,TxPert_GAT,risk,SameConditionSupport,0,0,hepg2,87,87,0.3945626413888667,0.49307428738062253,0.049001818729513626,0.7222222222222222,0.04895553510222165,0.041076798302431855,0.048810965339229816,0.05709098262733751,0.5127628026299914,,
Source/TxPert_GAT,Source,TxPert_GAT,risk,SameConditionSupport,0,0,jurkat,83,83,0.4952329484421428,0.547395155535032,0.04749003717277612,0.6470588235294117,0.04664661714600187,0.04317184789654081,0.045953430013642375,0.054659950057214114,0.4894653500098416,,
Source/TxPert_GAT,Source,TxPert_GAT,risk,SameConditionSupport,0,1,K562,114,114,0.6174410421749723,0.5330835746542193,0.050720872412141925,0.4782608695652174,0.05182440734157956,0.048661555770946545,0.04875446820076093,0.06037501628004165,0.5435843965014729,,
Source/TxPert_GAT,Source,TxPert_GAT,risk,SameConditionSupport,0,1,RPE1,85,85,0.5366081782792393,0.32306038694547584,0.0732098455974545,0.5882352941176471,0.06340302113029687,0.07162622318548309,0.0756064028760721,0.08089801000916647,0.5403849556722871,,
Source/TxPert_GAT,Source,TxPert_GAT,risk,SameConditionSupport,0,1,hepg2,80,80,0.46276797577878614,0.4056727613689639,0.05397963973751331,0.5625,0.045507821254432146,0.05685359216295178,0.0522078281268477,0.061441307543012004,0.5699811497677841,,
Source/TxPert_GAT,Source,TxPert_GAT,risk,SameConditionSupport,0,1,jurkat,83,83,0.4972794362947772,0.5486755383904958,0.05087450594700129,0.5882352941176471,0.04456059655381569,0.048711473341373795,0.04941016049789527,0.05877582660511617,0.5595099599905401,,
Source/TxPert_GAT,Source,TxPert_GAT,risk,SameConditionSupport,0,2,K562,112,112,0.5465281581462745,0.6460689513786859,0.048057997520058605,0.4782608695652174,0.04398340297242002,0.04132999309703055,0.04342275954383821,0.05794592230564614,0.5320729670881911,,
Source/TxPert_GAT,Source,TxPert_GAT,risk,SameConditionSupport,0,2,RPE1,84,84,0.48094401182954505,0.4157132732611117,0.07261637815313535,0.5882352941176471,0.07167086315651727,0.06787451674394743,0.071475222662446,0.0816275511707272,0.542783844847014,,
Source/TxPert_GAT,Source,TxPert_GAT,risk,SameConditionSupport,0,2,hepg2,83,83,0.47179168113210146,0.6259392972587212,0.04648943588918574,0.5882352941176471,0.03793832618329255,0.03768380205420881,0.047774572989770295,0.058810738639839544,0.5603818344693787,,
Source/TxPert_GAT,Source,TxPert_GAT,risk,SameConditionSupport,0,2,jurkat,83,83,0.5463233377550609,0.54924226522816,0.04732056630893619,0.5294117647058824,0.03862579953339359,0.04191289568210345,0.04757378862372462,0.057190484807984714,0.5256597862216613,,
Source/TxPert_GAT,Source,TxPert_GAT,risk,SameConditionSupport,0,3,K562,113,113,0.6742638313304773,0.561905316388316,0.04854024010162096,0.3913043478260869,0.05349712073802943,0.04507292037748766,0.043496192155177076,0.05618518016084377,0.47804248901816226,,
Source/TxPert_GAT,Source,TxPert_GAT,risk,SameConditionSupport,0,3,RPE1,88,88,0.4814533668759474,0.4654996301644888,0.0683724774298643,0.4444444444444444,0.07067793566319673,0.06609840266820453,0.06544061856005676,0.07670986334988109,0.517087792334669,,
Source/TxPert_GAT,Source,TxPert_GAT,risk,SameConditionSupport,0,3,hepg2,82,82,0.5548691955029409,0.6305003210674677,0.04661339863022892,0.4117647058823529,0.046045979691876265,0.04481891652240469,0.04506487108585308,0.057854066995460814,0.5185209093273825,,
Source/TxPert_GAT,Source,TxPert_GAT,risk,SameConditionSupport,0,3,jurkat,78,78,0.6206611780891088,0.5797367189772252,0.0474588904090868,0.5,0.03908499563112851,0.043477096944116014,0.04736317679859121,0.05682262910716723,0.4951767352615428,,
Source/TxPert_GAT,Source,TxPert_GAT,risk,SameConditionSupport,0,4,K562,113,113,0.722035634990849,0.6680667376405617,0.0431108869610218,0.34782608695652173,0.035910523807009015,0.03830720694816626,0.04056868136844086,0.055478962211182925,0.5092001527535253,,
Source/TxPert_GAT,Source,TxPert_GAT,risk,SameConditionSupport,0,4,RPE1,81,81,0.5654321681017173,0.6252258355916892,0.06043308858959777,0.5294117647058824,0.04104841976530017,0.048266230479759274,0.06111472227224483,0.0768638487923293,0.5374634190573909,,
Source/TxPert_GAT,Source,TxPert_GAT,risk,SameConditionSupport,0,4,hepg2,73,73,0.39906281272683736,0.5117240528199433,0.04930548377004213,0.5333333333333333,0.04341869195923202,0.042051035289963026,0.04862431854613724,0.0588089533111062,0.537399619091447,,
Source/TxPert_GAT,Source,TxPert_GAT,risk,SameConditionSupport,0,4,jurkat,94,94,0.6870182101893364,0.7185565148285951,0.0456207468446597,0.4736842105263158,0.04037814717739817,0.03796271597476377,0.044059572820650726,0.0571366493993588,0.5329147253896779,,
Source/TxPert_GAT,Source,TxPert_GAT,risk,SameConditionSupport,0,MACRO,MACRO,1808,575,0.5445724192892648,,0.052330232520098705,0.5199853614214563,0.0472515883420904,0.0474313491577316,0.0510703355460865,0.06259610835008626,0.524231263805605,20.0,20.0
Source/TxPert_GAT,Source,TxPert_GAT,risk,SameContextSupport,0,0,K562,114,114,0.6483247863376324,0.6720844049330715,0.03959618350294537,0.4347826086956522,0.027194149792194325,0.03292650616039396,0.0408606956990664,0.05506983385068305,0.48416807583784394,,
Source/TxPert_GAT,Source,TxPert_GAT,risk,SameContextSupport,0,0,RPE1,78,78,0.48884779041868165,0.638159309045385,0.0577921566951898,0.5625,0.05465941224247212,0.050743253552354824,0.05382426274128445,0.07217638977762685,0.49806431084229685,,
Source/TxPert_GAT,Source,TxPert_GAT,risk,SameContextSupport,0,0,hepg2,87,87,0.3945626413888667,0.49307428738062253,0.049001818729513626,0.7222222222222222,0.04895553510222165,0.041076798302431855,0.048810965339229816,0.05709098262733751,0.5127628026299914,,
Source/TxPert_GAT,Source,TxPert_GAT,risk,SameContextSupport,0,0,jurkat,83,83,0.4952329484421428,0.547395155535032,0.04749003717277612,0.6470588235294117,0.04664661714600187,0.04317184789654081,0.045953430013642375,0.054659950057214114,0.4894653500098416,,
Source/TxPert_GAT,Source,TxPert_GAT,risk,SameContextSupport,0,1,K562,114,114,0.6174410421749723,0.5330835746542193,0.050720872412141925,0.4782608695652174,0.05182440734157956,0.048661555770946545,0.04875446820076093,0.06037501628004165,0.5435843965014729,,
Source/TxPert_GAT,Source,TxPert_GAT,risk,SameContextSupport,0,1,RPE1,85,85,0.5366081782792393,0.32306038694547584,0.0732098455974545,0.5882352941176471,0.06340302113029687,0.07162622318548309,0.0756064028760721,0.08089801000916647,0.5403849556722871,,
Source/TxPert_GAT,Source,TxPert_GAT,risk,SameContextSupport,0,1,hepg2,80,80,0.46276797577878614,0.4056727613689639,0.05397963973751331,0.5625,0.045507821254432146,0.05685359216295178,0.0522078281268477,0.061441307543012004,0.5699811497677841,,
Source/TxPert_GAT,Source,TxPert_GAT,risk,SameContextSupport,0,1,jurkat,83,83,0.4972794362947772,0.5486755383904958,0.05087450594700129,0.5882352941176471,0.04456059655381569,0.048711473341373795,0.04941016049789527,0.05877582660511617,0.5595099599905401,,
Source/TxPert_GAT,Source,TxPert_GAT,risk,SameContextSupport,0,2,K562,112,112,0.5465281581462745,0.6460689513786859,0.048057997520058605,0.4782608695652174,0.04398340297242002,0.04132999309703055,0.04342275954383821,0.05794592230564614,0.5320729670881911,,
Source/TxPert_GAT,Source,TxPert_GAT,risk,SameContextSupport,0,2,RPE1,84,84,0.48094401182954505,0.4157132732611117,0.07261637815313535,0.5882352941176471,0.07167086315651727,0.06787451674394743,0.071475222662446,0.0816275511707272,0.542783844847014,,
Source/TxPert_GAT,Source,TxPert_GAT,risk,SameContextSupport,0,2,hepg2,83,83,0.47179168113210146,0.6259392972587212,0.04648943588918574,0.5882352941176471,0.03793832618329255,0.03768380205420881,0.047774572989770295,0.058810738639839544,0.5603818344693787,,
Source/TxPert_GAT,Source,TxPert_GAT,risk,SameContextSupport,0,2,jurkat,83,83,0.5463233377550609,0.54924226522816,0.04732056630893619,0.5294117647058824,0.03862579953339359,0.04191289568210345,0.04757378862372462,0.057190484807984714,0.5256597862216613,,
Source/TxPert_GAT,Source,TxPert_GAT,risk,SameContextSupport,0,3,K562,113,113,0.6742638313304773,0.561905316388316,0.04854024010162096,0.3913043478260869,0.05349712073802943,0.04507292037748766,0.043496192155177076,0.05618518016084377,0.47804248901816226,,
Source/TxPert_GAT,Source,TxPert_GAT,risk,SameContextSupport,0,3,RPE1,88,88,0.4814533668759474,0.4654996301644888,0.0683724774298643,0.4444444444444444,0.07067793566319673,0.06609840266820453,0.06544061856005676,0.07670986334988109,0.517087792334669,,
Source/TxPert_GAT,Source,TxPert_GAT,risk,SameContextSupport,0,3,hepg2,82,82,0.5548691955029409,0.6305003210674677,0.04661339863022892,0.4117647058823529,0.046045979691876265,0.04481891652240469,0.04506487108585308,0.057854066995460814,0.5185209093273825,,
Source/TxPert_GAT,Source,TxPert_GAT,risk,SameContextSupport,0,3,jurkat,78,78,0.6206611780891088,0.5797367189772252,0.0474588904090868,0.5,0.03908499563112851,0.043477096944116014,0.04736317679859121,0.05682262910716723,0.4951767352615428,,
Source/TxPert_GAT,Source,TxPert_GAT,risk,SameContextSupport,0,4,K562,113,113,0.722035634990849,0.6680667376405617,0.0431108869610218,0.34782608695652173,0.035910523807009015,0.03830720694816626,0.04056868136844086,0.055478962211182925,0.5092001527535253,,
Source/TxPert_GAT,Source,TxPert_GAT,risk,SameContextSupport,0,4,RPE1,81,81,0.5654321681017173,0.6252258355916892,0.06043308858959777,0.5294117647058824,0.04104841976530017,0.048266230479759274,0.06111472227224483,0.0768638487923293,0.5374634190573909,,
Source/TxPert_GAT,Source,TxPert_GAT,risk,SameContextSupport,0,4,hepg2,73,73,0.39906281272683736,0.5117240528199433,0.04930548377004213,0.5333333333333333,0.04341869195923202,0.042051035289963026,0.04862431854613724,0.0588089533111062,0.537399619091447,,
Source/TxPert_GAT,Source,TxPert_GAT,risk,SameContextSupport,0,4,jurkat,94,94,0.6870182101893364,0.7185565148285951,0.0456207468446597,0.4736842105263158,0.04037814717739817,0.03796271597476377,0.044059572820650726,0.0571366493993588,0.5329147253896779,,
Source/TxPert_GAT,Source,TxPert_GAT,risk,SameContextSupport,0,MACRO,MACRO,1808,575,0.5445724192892648,,0.052330232520098705,0.5199853614214563,0.0472515883420904,0.0474313491577316,0.0510703355460865,0.06259610835008626,0.524231263805605,20.0,20.0
Source/TxPert_GAT,Source,TxPert_GAT,direct_risk,B0_SupportMean,0,0,K562,114,114,0.13624974051504465,0.18187967031854357,0.04894202395926704,0.7391304347826086,0.05295937151337659,0.047881486623183485,0.04679064367685397,0.05506983385068305,0.48416807583784394,,
Source/TxPert_GAT,Source,TxPert_GAT,direct_risk,B0_SupportMean,0,0,RPE1,78,78,-0.034516292311593484,-0.06316468341784796,0.07359004982251656,0.8125,0.07551173772662874,0.07515663746744389,0.07187864843469394,0.07217638977762685,0.49806431084229685,,
Source/TxPert_GAT,Source,TxPert_GAT,direct_risk,B0_SupportMean,0,0,hepg2,87,87,0.2835121447041671,0.15032441495953922,0.053263441749915715,0.6666666666666667,0.0546516281449132,0.05578213309248284,0.05253486339510836,0.05709098262733751,0.5127628026299914,,
Source/TxPert_GAT,Source,TxPert_GAT,direct_risk,B0_SupportMean,0,0,jurkat,83,83,0.1233116485108092,-0.03182066244070358,0.05511135706365184,0.8823529411764706,0.06751981750130648,0.05592536783831957,0.05269867523262894,0.054659950057214114,0.4894653500098416,,
Source/TxPert_GAT,Source,TxPert_GAT,direct_risk,B0_SupportMean,0,1,K562,114,114,0.2670101142234353,0.055409975496648514,0.05521688105890022,0.7391304347826086,0.05209237942472095,0.05646158617151816,0.05688607068568986,0.06037501628004165,0.5435843965014729,,
Source/TxPert_GAT,Source,TxPert_GAT,direct_risk,B0_SupportMean,0,1,RPE1,85,85,-0.5047649724019115,-0.19149892515145595,0.08130764592558862,0.9411764705882353,0.0759646892547607,0.0783870643114342,0.08394162105612972,0.08089801000916647,0.5403849556722871,,
Source/TxPert_GAT,Source,TxPert_GAT,direct_risk,B0_SupportMean,0,1,hepg2,80,80,0.1581543715502774,0.0339662447257384,0.059327783104695844,0.75,0.0527835469692945,0.05936864600516852,0.06025865608826275,0.061441307543012004,0.5699811497677841,,
Source/TxPert_GAT,Source,TxPert_GAT,direct_risk,B0_SupportMean,0,1,jurkat,83,83,-0.050515068351165156,-0.15068636917006,0.06005837547286333,0.8823529411764706,0.06151158321234911,0.057870421558618504,0.059805769473314244,0.05877582660511617,0.5595099599905401,,
Source/TxPert_GAT,Source,TxPert_GAT,direct_risk,B0_SupportMean,0,2,K562,112,112,0.16736112330178246,0.13021491782553732,0.053521467653310506,0.7391304347826086,0.05331174703314897,0.05570853023749328,0.05169423453376757,0.05794592230564614,0.5320729670881911,,
Source/TxPert_GAT,Source,TxPert_GAT,direct_risk,B0_SupportMean,0,2,RPE1,84,84,0.07071513241490848,-0.054328237319023996,0.08231821824657376,0.6470588235294117,0.08460661023855204,0.07854711154804506,0.08073263894766564,0.0816275511707272,0.542783844847014,,
Source/TxPert_GAT,Source,TxPert_GAT,direct_risk,B0_SupportMean,0,2,hepg2,83,83,0.1269626939909257,-0.05222282859661642,0.059354241275657756,0.7058823529411764,0.06235221152504281,0.06806024777538631,0.05812314560725571,0.058810738639839544,0.5603818344693787,,
Source/TxPert_GAT,Source,TxPert_GAT,direct_risk,B0_SupportMean,0,2,jurkat,83,83,-0.09278742550705221,-0.2031610763611939,0.0596920718184693,0.8823529411764706,0.07004894398980667,0.06456292245317903,0.057632761253487444,0.057190484807984714,0.5256597862216613,,
Source/TxPert_GAT,Source,TxPert_GAT,direct_risk,B0_SupportMean,0,3,K562,113,113,-0.059994460829578315,-0.10089659990684678,0.05717047515646233,0.782608695652174,0.07214596246679619,0.06189051302878748,0.05314724379333483,0.05618518016084376,0.47804248901816226,,
Source/TxPert_GAT,Source,TxPert_GAT,direct_risk,B0_SupportMean,0,3,RPE1,88,88,-0.23261021121638134,-0.25754640555105496,0.08085750521151365,0.8888888888888888,0.08817388365666068,0.07873897461427577,0.08326931505210017,0.07670986334988109,0.517087792334669,,
Source/TxPert_GAT,Source,TxPert_GAT,direct_risk,B0_SupportMean,0,3,hepg2,82,82,-0.1326240527606578,-0.22310379730303329,0.06291001980690811,0.8823529411764706,0.07424842235114835,0.06698388189953912,0.05951998582700399,0.057854066995460814,0.5185209093273825,,
Source/TxPert_GAT,Source,TxPert_GAT,direct_risk,B0_SupportMean,0,3,jurkat,78,78,-0.2093194214198911,-0.27075456189380237,0.058972406600652644,1.0,0.06469118688255546,0.05786687065847215,0.06010500709406837,0.05682262910716723,0.4951767352615428,,
Source/TxPert_GAT,Source,TxPert_GAT,direct_risk,B0_SupportMean,0,4,K562,113,113,-0.0004805537150398685,-0.13604531239603437,0.052941439950231095,0.8260869565217391,0.05698479805141682,0.056797749160424474,0.053213020100405295,0.055478962211182925,0.5092001527535253,,
Source/TxPert_GAT,Source,TxPert_GAT,direct_risk,B0_SupportMean,0,4,RPE1,81,81,-0.12009970408455702,-0.18157181571815717,0.08082392660561452,0.8235294117647058,0.0892288746933142,0.08922624237397132,0.08186836990459659,0.0768638487923293,0.5374634190573909,,
Source/TxPert_GAT,Source,TxPert_GAT,direct_risk,B0_SupportMean,0,4,hepg2,73,73,0.027469435377953207,-0.08496853017400964,0.05832672956258612,0.8666666666666667,0.05878364550881082,0.06129948310554022,0.05914945205723912,0.0588089533111062,0.537399619091447,,
Source/TxPert_GAT,Source,TxPert_GAT,direct_risk,B0_SupportMean,0,4,jurkat,94,94,-0.12596196713412983,-0.1359317992992089,0.05794061168764179,0.8947368421052632,0.06480181775987144,0.060163297445366214,0.056672087494046085,0.0571366493993588,0.5329147253896779,,
Source/TxPert_GAT,Source,TxPert_GAT,direct_risk,B0_SupportMean,0,MACRO,MACRO,1808,575,-0.010146386257132706,,0.06258233358665105,0.8176302422189318,0.06661864289522375,0.06433395836843249,0.06199611048538263,0.06259610835008626,0.524231263805605,20.0,20.0
Source/TxPert_GAT,Source,TxPert_GAT,direct_risk,B1_HGB,0,0,K562,114,114,0.5460771145848831,0.495822279824224,0.041957067056594397,0.5217391304347826,0.034414339344948475,0.03431182330393268,0.041781520372942825,0.05200203234279973,0.4925360337160661,,
Source/TxPert_GAT,Source,TxPert_GAT,direct_risk,B1_HGB,0,0,RPE1,78,78,0.20838599799287252,0.3107904753474373,0.06611842114863717,0.8125,0.06589518534019584,0.061933125369250726,0.062373766054709706,0.07020159994811621,0.5250303310140101,,
Source/TxPert_GAT,Source,TxPert_GAT,direct_risk,B1_HGB,0,0,hepg2,87,87,0.163613392351769,0.3442808194211562,0.05036075063666716,0.7777777777777778,0.05121231699983273,0.04922347950438653,0.048265536950731776,0.05707807034179737,0.5011178090620652,,
Source/TxPert_GAT,Source,TxPert_GAT,direct_risk,B1_HGB,0,0,jurkat,83,83,0.15652038004976523,0.19757776751605724,0.051454921113768586,0.8823529411764706,0.056417161391841004,0.05465514355284322,0.04901279695332046,0.05253756131967964,0.5030610142931229,,
Source/TxPert_GAT,Source,TxPert_GAT,direct_risk,B1_HGB,0,1,K562,114,114,0.40920502498239153,0.3207022944047306,0.05105581343223105,0.6956521739130435,0.04939965484663839,0.05026441577659996,0.05047657572778689,0.05763939102347645,0.549440718649627,,
Source/TxPert_GAT,Source,TxPert_GAT,direct_risk,B1_HGB,0,1,RPE1,85,85,0.0017043646713657589,-0.046707054914989256,0.07913714245837918,0.8235294117647058,0.07480861619114873,0.0766962882788742,0.08030644882210461,0.07971613348384246,0.5564924980203336,,
Source/TxPert_GAT,Source,TxPert_GAT,direct_risk,B1_HGB,0,1,hepg2,80,80,0.4672169394812355,0.20382090951711207,0.05622452441190925,0.5625,0.04912110697478051,0.05560315214097496,0.058755701500922394,0.06130738340145977,0.559943881776029,,
Source/TxPert_GAT,Source,TxPert_GAT,direct_risk,B1_HGB,0,1,jurkat,83,83,0.3095988194973401,0.08570169178455983,0.058785960356013446,0.7058823529411764,0.06381459865305154,0.06056740113040975,0.055300562332073804,0.05691786462263351,0.5720825865028466,,
Source/TxPert_GAT,Source,TxPert_GAT,direct_risk,B1_HGB,0,2,K562,112,112,0.47848469307663016,0.39862302251682785,0.05075683022874316,0.5217391304347826,0.051483457442373,0.051214747373824504,0.04678457576249324,0.05521774510915648,0.5358038573729097,,
Source/TxPert_GAT,Source,TxPert_GAT,direct_risk,B1_HGB,0,2,RPE1,84,84,0.3244431421152098,0.16889743849346966,0.07913675185051978,0.5882352941176471,0.08370000123977654,0.07995920102385909,0.07764212139660398,0.08081849786236905,0.5570691700676135,,
Source/TxPert_GAT,Source,TxPert_GAT,direct_risk,B1_HGB,0,2,hepg2,83,83,0.2516406990065031,0.14124092187565593,0.05753292771928097,0.6470588235294117,0.06651533353659837,0.06254307925701137,0.05457044401693908,0.05861403325207708,0.5450880125820933,,
Source/TxPert_GAT,Source,TxPert_GAT,direct_risk,B1_HGB,0,2,jurkat,83,83,0.3178034877455949,0.0219134377230175,0.056082578508091174,0.7058823529411764,0.06522396537992685,0.05813086153391524,0.05329191223496476,0.05594846547072538,0.535087179297569,,
Source/TxPert_GAT,Source,TxPert_GAT,direct_risk,B1_HGB,0,3,K562,113,113,0.354291100847628,0.23252545079512943,0.052277634799519225,0.5652173913043479,0.06024623165527976,0.050205149161426876,0.04678272357896749,0.05356139179467896,0.4822277194939795,,
Source/TxPert_GAT,Source,TxPert_GAT,direct_risk,B1_HGB,0,3,RPE1,88,88,0.13715283757010135,0.0010566728892959039,0.0784404398128648,0.7222222222222222,0.08540623138348256,0.08131691534072155,0.07574035341597413,0.0759224179054385,0.5269367145604765,,
Source/TxPert_GAT,Source,TxPert_GAT,direct_risk,B1_HGB,0,3,hepg2,82,82,0.055556351778304085,-0.12158117565111395,0.062106557554612946,0.7058823529411764,0.08034060108992784,0.0662422508877866,0.05946885567249317,0.05720650561967776,0.5083381773834411,,
Source/TxPert_GAT,Source,TxPert_GAT,direct_risk,B1_HGB,0,3,jurkat,78,78,0.1561382361911702,-0.015288508959395035,0.05647056834672725,0.8125,0.05909282993525264,0.05700595350936051,0.05602062164017784,0.055417074264213544,0.5034170635093884,,
Source/TxPert_GAT,Source,TxPert_GAT,direct_risk,B1_HGB,0,4,K562,113,113,0.25587489743118824,0.14819681948233415,0.04887453189146906,0.7391304347826086,0.05048064577082787,0.04539822600781913,0.0497436875052619,0.053294431315693384,0.5117718891161204,,
Source/TxPert_GAT,Source,TxPert_GAT,direct_risk,B1_HGB,0,4,RPE1,81,81,0.1175078759873231,0.25815266485998195,0.07077995327009247,0.7647058823529411,0.07285604915685119,0.07067645549335895,0.06917307271463109,0.07581506089995921,0.5484843350980185,,
Source/TxPert_GAT,Source,TxPert_GAT,direct_risk,B1_HGB,0,4,hepg2,73,73,0.23335037995454014,0.03603603603603604,0.059096253035971845,0.7333333333333334,0.06769777718000108,0.06106284906466796,0.05794821699728832,0.05813254391502332,0.5291539193495741,,
Source/TxPert_GAT,Source,TxPert_GAT,direct_risk,B1_HGB,0,4,jurkat,94,94,0.0927904971335068,-0.03920817830437453,0.05841365469255521,0.8421052631578947,0.07116375043988224,0.06043490424360095,0.05564426103646445,0.056225421221096014,0.5399145151669926,,
Source/TxPert_GAT,Source,TxPert_GAT,direct_risk,B1_HGB,0,MACRO,MACRO,1808,575,0.2518678116224662,,0.059253164116232396,0.7064973134562749,0.06296449269763087,0.059372271097731244,0.0574541877343426,0.061178681255695685,0.529149871301614,20.0,20.0
Source/TxPert_GAT,Source,TxPert_GAT,direct_risk,B2_Pointwise,20260930,0,K562,114,114,0.5210470142863178,0.5834511249265913,0.04061686218502719,0.5652173913043479,0.030285466307153258,0.033743011400751394,0.040998401022271064,0.05149919883881613,0.49706329474519606,,
Source/TxPert_GAT,Source,TxPert_GAT,direct_risk,B2_Pointwise,20260930,0,RPE1,78,78,0.7750834795291656,0.5927363775465042,0.05942638757712632,0.375,0.05705019040033217,0.05174432671628888,0.057099056167480226,0.06831068624225503,0.5501772403474836,,
Source/TxPert_GAT,Source,TxPert_GAT,direct_risk,B2_Pointwise,20260930,0,hepg2,87,87,0.572386240506211,0.5553874753954946,0.04702831751174484,0.5,0.047614037369688306,0.04445207719173691,0.04634610991078338,0.05487899643508906,0.5341536635426087,,
Source/TxPert_GAT,Source,TxPert_GAT,direct_risk,B2_Pointwise,20260930,0,jurkat,83,83,0.6050888418177546,0.5352630032324419,0.0466707367473766,0.5882352941176471,0.046346779084867853,0.04638913306681545,0.04409192675458529,0.05163736618299666,0.5124844747449854,,
Source/TxPert_GAT,Source,TxPert_GAT,direct_risk,B2_Pointwise,20260930,1,K562,114,114,0.5589210954139856,0.3849294262975639,0.051784456492931806,0.5652173913043479,0.0503324998232225,0.05019624733730497,0.04993521647625843,0.05709345777834018,0.5518488656092807,,
Source/TxPert_GAT,Source,TxPert_GAT,direct_risk,B2_Pointwise,20260930,1,RPE1,85,85,0.662593854982137,0.3644713699433262,0.07315578127993379,0.47058823529411764,0.07586778865920168,0.07082626092083309,0.07339391848722164,0.07719216916942416,0.584065511847171,,
Source/TxPert_GAT,Source,TxPert_GAT,direct_risk,B2_Pointwise,20260930,1,hepg2,80,80,0.18268668396702753,0.34038912330051574,0.05365998189078998,0.6875,0.04895697068423027,0.049878994468599516,0.055878949165344194,0.059487500325978625,0.5982427415359142,,
Source/TxPert_GAT,Source,TxPert_GAT,direct_risk,B2_Pointwise,20260930,1,jurkat,83,83,0.40332766206685255,0.32366399395491374,0.05351450168224462,0.5882352941176471,0.05257549426621855,0.05188880554016894,0.05304751886675751,0.056248680919129275,0.5810821214961294,,
Source/TxPert_GAT,Source,TxPert_GAT,direct_risk,B2_Pointwise,20260930,2,K562,112,112,0.5637114713988549,0.47772234940376535,0.05069781498043283,0.4782608695652174,0.05293031176552173,0.04864686735622257,0.046915033399792604,0.0544928364545587,0.5406152020428331,,
Source/TxPert_GAT,Source,TxPert_GAT,direct_risk,B2_Pointwise,20260930,2,RPE1,84,84,0.5821054407039236,0.5011238230231853,0.07014445520096553,0.5294117647058824,0.062307958801587376,0.070649983251796,0.06915530832927846,0.07747077594441984,0.5958407784612237,,
Source/TxPert_GAT,Source,TxPert_GAT,direct_risk,B2_Pointwise,20260930,2,hepg2,83,83,0.5488784888290852,0.6300323244196296,0.047755877953586365,0.5294117647058824,0.04258244774407807,0.04083069260506065,0.04590872267172446,0.055873352812458955,0.5931520511445851,,
Source/TxPert_GAT,Source,TxPert_GAT,direct_risk,B2_Pointwise,20260930,2,jurkat,83,83,0.3922683060394687,0.22906259183073757,0.052930232927346645,0.6470588235294117,0.05444962303671566,0.05230363962404862,0.05180785804986948,0.05541618768820247,0.5427496629615547,,
Source/TxPert_GAT,Source,TxPert_GAT,direct_risk,B2_Pointwise,20260930,3,K562,113,113,0.5058284101184912,0.3949115044247788,0.05026906480326111,0.4782608695652174,0.05500114243477578,0.04763941078082369,0.04502905336649789,0.053280479738757,0.4836512447401229,,
Source/TxPert_GAT,Source,TxPert_GAT,direct_risk,B2_Pointwise,20260930,3,RPE1,88,88,0.727942827131821,0.4208023669472721,0.0703037557411582,0.38888888888888884,0.07157152580718196,0.07013670717262556,0.0672058178196576,0.07356481332116363,0.5645248194571523,,
Source/TxPert_GAT,Source,TxPert_GAT,direct_risk,B2_Pointwise,20260930,3,hepg2,82,82,0.48384166592128575,0.5254296318063583,0.049511766849700316,0.47058823529411764,0.042698250876532624,0.051108896513195556,0.049311112158182145,0.05488564696625853,0.5511991596340232,,
Source/TxPert_GAT,Source,TxPert_GAT,direct_risk,B2_Pointwise,20260930,3,jurkat,78,78,0.29368184801964103,0.2947811681988897,0.05248799998416654,0.625,0.04941916279494759,0.05351574555970725,0.05063822239828411,0.05469379035195632,0.510458650821933,,
Source/TxPert_GAT,Source,TxPert_GAT,direct_risk,B2_Pointwise,20260930,4,K562,113,113,0.2239671385009165,0.29275068201477145,0.047109957051507466,0.7391304347826086,0.04784284780422841,0.04414018494603421,0.04663870169928195,0.05288354872652877,0.5108025141915532,,
Source/TxPert_GAT,Source,TxPert_GAT,direct_risk,B2_Pointwise,20260930,4,RPE1,81,81,0.4436368509535918,0.518676603432701,0.063844284433396,0.5882352941176471,0.05580089179178075,0.05367244297967232,0.0637024522918026,0.07383946115701409,0.5740747406080825,,
Source/TxPert_GAT,Source,TxPert_GAT,direct_risk,B2_Pointwise,20260930,4,hepg2,73,73,0.625069984475956,0.4729729729729731,0.049394948125331954,0.4666666666666667,0.0519929637666791,0.04530123869578037,0.04874199472770493,0.056578012237270055,0.5545975052815626,,
Source/TxPert_GAT,Source,TxPert_GAT,direct_risk,B2_Pointwise,20260930,4,jurkat,94,94,-0.04480991462741509,0.10535707835133476,0.05573183509863446,0.8947368421052632,0.05574661381542678,0.05409030880975091,0.05311297498484872,0.05588345349937175,0.5414428700551867,,
Source/TxPert_GAT,Source,TxPert_GAT,direct_risk,B2_Pointwise,20260930,MACRO,MACRO,1808,575,0.48136286950175367,,0.05430195092583312,0.5587822030032455,0.05256864835171852,0.05155774874686085,0.05294791743738133,0.059760520739499466,0.5486113556634291,20.0,20.0
Source/TxPert_GAT,Source,TxPert_GAT,direct_risk,B2_Pointwise,20261001,0,K562,114,114,0.4925168162697219,0.5840667463194347,0.04047815432566733,0.5652173913043479,0.030267718403289668,0.03242843735801132,0.04144474883612829,0.05155926484520661,0.49702622798071555,,
Source/TxPert_GAT,Source,TxPert_GAT,direct_risk,B2_Pointwise,20261001,0,RPE1,78,78,0.7041542908699249,0.5926099217238457,0.059078663646581674,0.4375,0.055672216694802004,0.05446563719306138,0.05793782810752204,0.06849546387436073,0.5462719396894518,,
Source/TxPert_GAT,Source,TxPert_GAT,direct_risk,B2_Pointwise,20261001,0,hepg2,87,87,0.47037974665000903,0.5509404388714733,0.04708068057337508,0.6111111111111112,0.04698264847199117,0.04346459462410869,0.04535969715057443,0.05475472353085581,0.5351487967085158,,
Source/TxPert_GAT,Source,TxPert_GAT,direct_risk,B2_Pointwise,20261001,0,jurkat,83,83,0.5694550471444287,0.5235086688216279,0.046730537864928624,0.6470588235294117,0.046346779084867853,0.044574519181076175,0.044640942387992384,0.05170460102070187,0.5114661335144267,,
Source/TxPert_GAT,Source,TxPert_GAT,direct_risk,B2_Pointwise,20261001,1,K562,114,114,0.6115737906492519,0.4155484903100383,0.05091651130993957,0.5652173913043479,0.05241604087253405,0.05044475950948564,0.05079779280512998,0.05705818233413858,0.5521749440074757,,
Source/TxPert_GAT,Source,TxPert_GAT,direct_risk,B2_Pointwise,20261001,1,RPE1,85,85,0.5969492224299761,0.3737736955247215,0.07267109365811125,0.47058823529411764,0.06748161630498034,0.06852371223709157,0.07284546704139816,0.07718088964042602,0.5853645333087826,,
Source/TxPert_GAT,Source,TxPert_GAT,direct_risk,B2_Pointwise,20261001,1,hepg2,80,80,0.266452000981099,0.2742147210501641,0.05468516329633901,0.5625,0.04947610478848214,0.05431594420224423,0.05562623925507064,0.05947649803322334,0.5978866399333744,,
Source/TxPert_GAT,Source,TxPert_GAT,direct_risk,B2_Pointwise,20261001,1,jurkat,83,83,0.39320271488639463,0.363292892825658,0.05260780944007105,0.7058823529411764,0.04907994262046281,0.05145274299909081,0.051495153767367165,0.0564666855970574,0.5786197503366669,,
Source/TxPert_GAT,Source,TxPert_GAT,direct_risk,B2_Pointwise,20261001,2,K562,112,112,0.6095287671342474,0.4990347490347491,0.049396129763155674,0.4347826086956522,0.05096015784268574,0.048368405955641125,0.04586459746185154,0.054480384068083934,0.5420591128540185,,
Source/TxPert_GAT,Source,TxPert_GAT,direct_risk,B2_Pointwise,20261001,2,RPE1,84,84,0.5375304845021535,0.44043737977118563,0.07139821268608877,0.5294117647058824,0.06281356596284438,0.07157614783329116,0.07072501908987756,0.07764331422310333,0.5935656337495693,,
Source/TxPert_GAT,Source,TxPert_GAT,direct_risk,B2_Pointwise,20261001,2,hepg2,83,83,0.5270779985284747,0.5479618823726963,0.05020926043213475,0.5294117647058824,0.05195827947722536,0.046900954097509336,0.04710109336745166,0.05599238260744123,0.592402493293381,,
Source/TxPert_GAT,Source,TxPert_GAT,direct_risk,B2_Pointwise,20261001,2,jurkat,83,83,0.37759499131531143,0.2533268964359179,0.05312839069896604,0.7058823529411764,0.059641649739609774,0.0530810902881271,0.05085078919572483,0.05500927372346235,0.5432736592639208,,
Source/TxPert_GAT,Source,TxPert_GAT,direct_risk,B2_Pointwise,20261001,3,K562,113,113,0.3622657895620542,0.3685042251646816,0.05201399297540858,0.5652173913043479,0.05917684330294525,0.04861310715584648,0.045454060103286724,0.05303824362308164,0.48469684987670725,,
Source/TxPert_GAT,Source,TxPert_GAT,direct_risk,B2_Pointwise,20261001,3,RPE1,88,88,0.6979852590109675,0.42233454263675113,0.0708755617043995,0.4444444444444444,0.07913914488421542,0.07315414833525813,0.06848214427009221,0.07336972319818186,0.5650131737618206,,
Source/TxPert_GAT,Source,TxPert_GAT,direct_risk,B2_Pointwise,20261001,3,hepg2,82,82,0.44866926941043167,0.5734047300312362,0.04734299629822897,0.5294117647058824,0.040444148083527844,0.04608814308748522,0.0462872301478211,0.05496194928073977,0.5507415287341169,,
Source/TxPert_GAT,Source,TxPert_GAT,direct_risk,B2_Pointwise,20261001,3,jurkat,78,78,0.32289748428123927,0.3111951339799441,0.05125097688992348,0.625,0.049458221066743094,0.05076485662721093,0.049874195255912225,0.054679683376356786,0.511490787726486,,
Source/TxPert_GAT,Source,TxPert_GAT,direct_risk,B2_Pointwise,20261001,4,K562,113,113,0.2397045672514979,0.2968594051500433,0.04697306956613473,0.6956521739130435,0.05034365101406967,0.04616315160756521,0.04550257678094658,0.05285349041279302,0.5125946084101088,,
Source/TxPert_GAT,Source,TxPert_GAT,direct_risk,B2_Pointwise,20261001,4,RPE1,81,81,0.4477231430508001,0.5581526648599819,0.06320646183152683,0.5882352941176471,0.05580089179178075,0.05580657446647388,0.06314262220772296,0.07378245700887462,0.5739541458577367,,
Source/TxPert_GAT,Source,TxPert_GAT,direct_risk,B2_Pointwise,20261001,4,hepg2,73,73,0.6526544562452683,0.463655436258176,0.049521673540957115,0.4,0.04483248991891735,0.04698446144660307,0.04812394490314491,0.05667233742971307,0.5540320126810191,,
Source/TxPert_GAT,Source,TxPert_GAT,direct_risk,B2_Pointwise,20261001,4,jurkat,94,94,0.03522328494620948,0.12074558393237726,0.055741053389163,0.8947368421052632,0.05651231966912743,0.05370950492981228,0.05380934873159892,0.05569281429952987,0.5436470372581812,,
Source/TxPert_GAT,Source,TxPert_GAT,direct_risk,B2_Pointwise,20261001,MACRO,MACRO,1808,575,0.46817695625597294,,0.05426531969455504,0.5753630853561867,0.0529402214997551,0.05204404465674969,0.05276827454333072,0.05974361810636658,0.5485715004473237,20.0,20.0
Source/TxPert_GAT,Source,TxPert_GAT,direct_risk,B2_Pointwise,20261002,0,K562,114,114,0.6061204791769628,0.6278244669002249,0.03995160157366379,0.4782608695652174,0.029284372149656176,0.033402437182224264,0.040551195542017575,0.0515829608452437,0.49728203142401806,,
Source/TxPert_GAT,Source,TxPert_GAT,direct_risk,B2_Pointwise,20261002,0,RPE1,78,78,0.7610221576294569,0.6039150722695026,0.05978997047576814,0.375,0.05849104793742295,0.04987123061437155,0.056442651706628266,0.06834564896462042,0.5493719996835174,,
Source/TxPert_GAT,Source,TxPert_GAT,direct_risk,B2_Pointwise,20261002,0,hepg2,87,87,0.5105145747208717,0.5549865130859516,0.04714599888589516,0.5555555555555556,0.046642748225066345,0.04506138888084221,0.045707158109342456,0.05513266001196642,0.5319276161300484,,
Source/TxPert_GAT,Source,TxPert_GAT,direct_risk,B2_Pointwise,20261002,0,jurkat,83,83,0.5899372273149077,0.5459678434994333,0.046699132663092106,0.5882352941176471,0.046346779084867853,0.044574519181076175,0.04502014971027767,0.05172910518237694,0.511957999996004,,
Source/TxPert_GAT,Source,TxPert_GAT,direct_risk,B2_Pointwise,20261002,1,K562,114,114,0.5931868670055518,0.39501427674611694,0.05116455205696045,0.6086956521739131,0.053161278367042486,0.050713398453334044,0.050675094225688944,0.057092640135809794,0.5520516080691947,,
Source/TxPert_GAT,Source,TxPert_GAT,direct_risk,B2_Pointwise,20261002,1,RPE1,85,85,0.6278152820801026,0.3638069181160837,0.07350770070855045,0.47058823529411764,0.0757698441545168,0.07338041702614106,0.07314035487036369,0.07719416710315935,0.5839814596211543,,
Source/TxPert_GAT,Source,TxPert_GAT,direct_risk,B2_Pointwise,20261002,1,hepg2,80,80,0.3736714606489617,0.4142991092358181,0.05239035911982094,0.5625,0.045361298602074336,0.047387319849803995,0.05139625081792469,0.05940023034032658,0.5995067805055195,,
Source/TxPert_GAT,Source,TxPert_GAT,direct_risk,B2_Pointwise,20261002,1,jurkat,83,83,0.33057775627541003,0.26241551572142224,0.05505149351698785,0.7058823529411764,0.06200145847267571,0.05537734618958301,0.053324117591338455,0.05630934360984134,0.5805582442758399,,
Source/TxPert_GAT,Source,TxPert_GAT,direct_risk,B2_Pointwise,20261002,2,K562,112,112,0.609528767134247,0.5110363207708339,0.04851056465005286,0.4347826086956522,0.05038437480106946,0.04598337160828316,0.04564175385582657,0.05439988942195501,0.5411111563381114,,
Source/TxPert_GAT,Source,TxPert_GAT,direct_risk,B2_Pointwise,20261002,2,RPE1,84,84,0.5475705706182517,0.46013971853801766,0.0708038823765324,0.5294117647058824,0.06150619644257752,0.07081972478943707,0.07144561210381128,0.07751099467002229,0.5963346579781872,,
Source/TxPert_GAT,Source,TxPert_GAT,direct_risk,B2_Pointwise,20261002,2,hepg2,83,83,0.5128354658057672,0.555539230091096,0.049068938174894175,0.5294117647058824,0.04360157292750142,0.04336844801026228,0.047497730258674806,0.05615144937005656,0.5900719568882207,,
Source/TxPert_GAT,Source,TxPert_GAT,direct_risk,B2_Pointwise,20261002,2,jurkat,83,83,0.37683747765214276,0.2649133117837202,0.053361090153098076,0.7058823529411764,0.05902054595450555,0.053314900902264185,0.05070065884363077,0.05503785635890763,0.5439774110927591,,
Source/TxPert_GAT,Source,TxPert_GAT,direct_risk,B2_Pointwise,20261002,3,K562,113,113,0.4257754126421324,0.39509448399760466,0.05032313567816469,0.5217391304347826,0.05513880526026086,0.04775548353791232,0.04472434363867102,0.05312581616624802,0.48419462639896865,,
Source/TxPert_GAT,Source,TxPert_GAT,direct_risk,B2_Pointwise,20261002,3,RPE1,88,88,0.7237083611114732,0.4350674509527668,0.07044005758363713,0.4444444444444444,0.07678990893893767,0.07204903972645597,0.06756888537413691,0.07330043103390108,0.5665469076332702,,
Source/TxPert_GAT,Source,TxPert_GAT,direct_risk,B2_Pointwise,20261002,3,hepg2,82,82,0.41814389507154387,0.516026164277707,0.053363428014364445,0.47058823529411764,0.05116275863515004,0.05407469193725021,0.0492043228956257,0.05477680349975057,0.5510358049311235,,
Source/TxPert_GAT,Source,TxPert_GAT,direct_risk,B2_Pointwise,20261002,3,jurkat,78,78,0.22055353248333984,0.2524690499374043,0.053048320071823765,0.75,0.05915440339595076,0.056072725215926725,0.05062855269091247,0.054656108376748114,0.5115673714511493,,
Source/TxPert_GAT,Source,TxPert_GAT,direct_risk,B2_Pointwise,20261002,4,K562,113,113,0.2631532857343946,0.3212788608689866,0.04689733417684623,0.6956521739130435,0.047116693419714716,0.042802890762686674,0.046360073807208114,0.052965261789260504,0.5116082678690217,,
Source/TxPert_GAT,Source,TxPert_GAT,direct_risk,B2_Pointwise,20261002,4,RPE1,81,81,0.5651626313930788,0.6045844625112918,0.06224802934877629,0.5294117647058824,0.05580089179178075,0.052197546424234575,0.06133319164921593,0.07374540926140756,0.576222689463389,,
Source/TxPert_GAT,Source,TxPert_GAT,direct_risk,B2_Pointwise,20261002,4,hepg2,73,73,0.4850292956650006,0.4149389115142541,0.051232969310413705,0.4666666666666667,0.05376629508100443,0.04835856681068732,0.04874194317774188,0.056551425830689374,0.5543547018641379,,
Source/TxPert_GAT,Source,TxPert_GAT,direct_risk,B2_Pointwise,20261002,4,jurkat,94,94,0.04157046099736791,0.15931076834158148,0.054955028324818606,0.8947368421052632,0.052920561283826786,0.05340940750351074,0.05358202137211531,0.05565824775556267,0.5446663902735872,,
Source/TxPert_GAT,Source,TxPert_GAT,direct_risk,B2_Pointwise,20261002,MACRO,MACRO,1808,575,0.47913574805804837,,0.05449767934320807,0.5658722854130211,0.05417109174628013,0.05199874273031437,0.052684303112057615,0.0597333224863927,0.5489164840943612,20.0,20.0
Source/TxPert_GAT,Source,TxPert_GAT,direct_risk,B3_DeepSets,20260930,0,K562,114,114,0.5692650323933048,0.5937951843826573,0.04052806571635588,0.5217391304347826,0.032813874538987826,0.03288347808563186,0.04093681210488599,0.051534278706012245,0.49683482681048513,,
Source/TxPert_GAT,Source,TxPert_GAT,direct_risk,B3_DeepSets,20260930,0,RPE1,78,78,0.796425139452908,0.5849972811998128,0.060105169866048115,0.375,0.05907773086801167,0.05174432671628888,0.05807642161081993,0.06826413748862768,0.5506007182116692,,
Source/TxPert_GAT,Source,TxPert_GAT,direct_risk,B3_DeepSets,20260930,0,hepg2,87,87,0.549300986732469,0.5412626667638696,0.04718939304046192,0.5555555555555556,0.04348661667770805,0.04407650656584231,0.04620589701120144,0.05490683406863683,0.53360043311824,,
Source/TxPert_GAT,Source,TxPert_GAT,direct_risk,B3_DeepSets,20260930,0,jurkat,83,83,0.6050888418177546,0.5164350782922631,0.047128228238815,0.5882352941176471,0.04758524439401092,0.04638913306681544,0.04417715270427007,0.051676357239540394,0.5118478666042139,,
Source/TxPert_GAT,Source,TxPert_GAT,direct_risk,B3_DeepSets,20260930,1,K562,114,114,0.5589210954139852,0.39480366942751266,0.05086974176215427,0.5652173913043479,0.04727957195912793,0.04881625079914274,0.04995285396121046,0.05704893604835563,0.5536173499684369,,
Source/TxPert_GAT,Source,TxPert_GAT,direct_risk,B3_DeepSets,20260930,1,RPE1,85,85,0.6121480151546939,0.3519249560289232,0.07290956527015828,0.47058823529411764,0.06952609080407349,0.07097144644050032,0.07362292888899176,0.07716397948005753,0.5848168707729254,,
Source/TxPert_GAT,Source,TxPert_GAT,direct_risk,B3_DeepSets,20260930,1,hepg2,80,80,0.17860439927607433,0.34456165025785285,0.0537462534306381,0.75,0.05040283361449832,0.050052864244207684,0.052365658618509725,0.059249296734315116,0.6008110679649392,,
Source/TxPert_GAT,Source,TxPert_GAT,direct_risk,B3_DeepSets,20260930,1,jurkat,83,83,0.38536588063390553,0.3147223038495445,0.05389867365048353,0.6470588235294117,0.055825708640946235,0.053274777005700456,0.05341297108680006,0.05620440951998613,0.5804983597733276,,
Source/TxPert_GAT,Source,TxPert_GAT,direct_risk,B3_DeepSets,20260930,2,K562,112,112,0.6137346841829346,0.45804148016537405,0.050962924886818625,0.4347826086956522,0.055700228704760435,0.049161565287605534,0.04712631044510216,0.05444508146838443,0.5410087730914491,,
Source/TxPert_GAT,Source,TxPert_GAT,direct_risk,B3_DeepSets,20260930,2,RPE1,84,84,0.5729897779998911,0.506915055178698,0.06970960996591728,0.5294117647058824,0.06098040896985261,0.0674811938010594,0.07040295364069082,0.07748616423178195,0.5940894284131164,,
Source/TxPert_GAT,Source,TxPert_GAT,direct_risk,B3_DeepSets,20260930,2,hepg2,83,83,0.5841729267075719,0.6117921161999915,0.04750240252520027,0.47058823529411764,0.03990472190909911,0.040648046004421526,0.046083293677795456,0.05605933731842521,0.5888859897064354,,
Source/TxPert_GAT,Source,TxPert_GAT,direct_risk,B3_DeepSets,20260930,2,jurkat,83,83,0.28690676158044764,0.24004030057512277,0.052528416386714245,0.7647058823529411,0.05305929171542321,0.05327135927098632,0.050717771585498485,0.05513543353763983,0.5441288720224654,,
Source/TxPert_GAT,Source,TxPert_GAT,direct_risk,B3_DeepSets,20260930,3,K562,113,113,0.39650090993181264,0.35617805575886624,0.052123796489435686,0.5217391304347826,0.06345564685761924,0.05105579531063199,0.04607176212103738,0.05311323508411163,0.4852441241796322,,
Source/TxPert_GAT,Source,TxPert_GAT,direct_risk,B3_DeepSets,20260930,3,RPE1,88,88,0.6988010320886175,0.3616286851467015,0.07169096686038949,0.4444444444444444,0.08083585153023398,0.07241714756107989,0.06799974237484006,0.07353810858347792,0.5635751535308142,,
Source/TxPert_GAT,Source,TxPert_GAT,direct_risk,B3_DeepSets,20260930,3,hepg2,82,82,0.4272889349780488,0.5423645802723087,0.05223866611015973,0.5294117647058824,0.04985482576820583,0.0512869686764829,0.04799185066324905,0.05476447187033988,0.5504269092526153,,
Source/TxPert_GAT,Source,TxPert_GAT,direct_risk,B3_DeepSets,20260930,3,jurkat,78,78,0.22866564800192113,0.22338421072598286,0.053415353401171886,0.6875,0.05081973737105724,0.05517485411837694,0.052495499881796304,0.05465527889686157,0.5107521771171667,,
Source/TxPert_GAT,Source,TxPert_GAT,direct_risk,B3_DeepSets,20260930,4,K562,113,113,0.30539227533260793,0.3263357508816289,0.04636491318854427,0.6956521739130435,0.04528096566597616,0.041190116058873044,0.04524149824129903,0.052876864074884705,0.5126301882408814,,
Source/TxPert_GAT,Source,TxPert_GAT,direct_risk,B3_DeepSets,20260930,4,RPE1,81,81,0.5099276164555524,0.5376693766937669,0.0638014927520229,0.5294117647058824,0.05580089179178075,0.05616434269091658,0.0637024522918026,0.07382835320193125,0.5742392406131666,,
Source/TxPert_GAT,Source,TxPert_GAT,direct_risk,B3_DeepSets,20260930,4,hepg2,73,73,0.5264056963597399,0.43317289892632366,0.04981062527432186,0.5333333333333333,0.04942883108742529,0.046506296843290267,0.04938525570606858,0.05675781384331795,0.554912003089834,,
Source/TxPert_GAT,Source,TxPert_GAT,direct_risk,B3_DeepSets,20260930,4,jurkat,94,94,-0.03133160839870001,0.11885272549940396,0.05364558151802884,0.8947368421052632,0.055552174523472754,0.05382345273698628,0.05355210174271397,0.05582364377983552,0.5424021372335428,,
Source/TxPert_GAT,Source,TxPert_GAT,direct_risk,B3_DeepSets,20260930,MACRO,MACRO,1808,575,0.46872870230477703,,0.054508492016692,0.5754556187463543,0.05333356236961356,0.05181949606424201,0.05297605941792917,0.05972660075882617,0.5487461244857679,20.0,20.0
Source/TxPert_GAT,Source,TxPert_GAT,direct_risk,B3_DeepSets,20261001,0,K562,114,114,0.5543293279848212,0.5880925862173711,0.04052748867112366,0.5217391304347826,0.030267718403289668,0.033292325699458905,0.04100460944729934,0.051542509939630866,0.49718980885980246,,
Source/TxPert_GAT,Source,TxPert_GAT,direct_risk,B3_DeepSets,20261001,0,RPE1,78,78,0.7041542908699252,0.5832521908471275,0.05914320087073948,0.4375,0.05907773086801167,0.049940738477744114,0.059669540860714014,0.06846748466971143,0.5471258874342162,,
Source/TxPert_GAT,Source,TxPert_GAT,direct_risk,B3_DeepSets,20261001,0,hepg2,87,87,0.47037974665000903,0.5440147262520959,0.046983276423050474,0.6111111111111112,0.044801100053720955,0.04355877182549896,0.04535969715057444,0.054863848416678414,0.5330301588076222,,
Source/TxPert_GAT,Source,TxPert_GAT,direct_risk,B3_DeepSets,20261001,0,jurkat,83,83,0.57390284066663,0.4891902103186264,0.04759290014684364,0.6470588235294117,0.0512648551828331,0.04500308578066962,0.045723471036624296,0.051739795355003004,0.5110478652278365,,
Source/TxPert_GAT,Source,TxPert_GAT,direct_risk,B3_DeepSets,20261001,1,K562,114,114,0.5589210954139856,0.42010084850448554,0.050866687649946035,0.5652173913043479,0.050006943599631336,0.050565132709300985,0.04902411183636435,0.057060153703871005,0.5526938634688952,,
Source/TxPert_GAT,Source,TxPert_GAT,direct_risk,B3_DeepSets,20261001,1,RPE1,85,85,0.5904305023628454,0.3647058823529412,0.07249110498083197,0.47058823529411764,0.07174681747953092,0.06905709754894757,0.07335072261996042,0.07710141946221466,0.5851073137089838,,
Source/TxPert_GAT,Source,TxPert_GAT,direct_risk,B3_DeepSets,20261001,1,hepg2,80,80,0.3402106279890981,0.32977027660571967,0.05426094356374321,0.625,0.053073071874678086,0.05435416148975486,0.053121298830956176,0.05928109492339421,0.5972458017127529,,
Source/TxPert_GAT,Source,TxPert_GAT,direct_risk,B3_DeepSets,20261001,1,jurkat,83,83,0.4256914659286732,0.40439108349775404,0.05297204998613583,0.6470588235294117,0.05383554349342978,0.05145274299909083,0.05218384428215874,0.05631072606413719,0.5796871437076632,,
Source/TxPert_GAT,Source,TxPert_GAT,direct_risk,B3_DeepSets,20261001,2,K562,112,112,0.6137346841829346,0.5042710219701371,0.04926700849168729,0.4347826086956522,0.05096015784268574,0.04667179440350632,0.046871830875586155,0.054408600780401994,0.5405923461712698,,
Source/TxPert_GAT,Source,TxPert_GAT,direct_risk,B3_DeepSets,20261001,2,RPE1,84,84,0.5375304845021535,0.5051938847828289,0.06979951216933142,0.5294117647058824,0.06482326860229169,0.06337240393109177,0.06971393547774776,0.07762315032010263,0.5947801506138141,,
Source/TxPert_GAT,Source,TxPert_GAT,direct_risk,B3_DeepSets,20261001,2,hepg2,83,83,0.6100410155905014,0.5828260778304856,0.048631618914803706,0.5294117647058824,0.04699270799756045,0.04314732661142065,0.04750449201535606,0.05632955897226907,0.5862270722022627,,
Source/TxPert_GAT,Source,TxPert_GAT,direct_risk,B3_DeepSets,20261001,2,jurkat,83,83,0.4270724518306795,0.2762478485370051,0.05204340312557173,0.6470588235294117,0.05301063942412529,0.05055092494277386,0.050340861436866516,0.054874091740187085,0.543683060642862,,
Source/TxPert_GAT,Source,TxPert_GAT,direct_risk,B3_DeepSets,20261001,3,K562,113,113,0.42665520614312646,0.3732117905382927,0.0515372954436074,0.5217391304347826,0.058362143890311274,0.04861310715584648,0.04546997611198504,0.05304008544204962,0.4852701233446504,,
Source/TxPert_GAT,Source,TxPert_GAT,direct_risk,B3_DeepSets,20261001,3,RPE1,88,88,0.7528501561546768,0.4136874361593464,0.07084308538097503,0.38888888888888884,0.07534663544760806,0.07430020016100668,0.06800887314602728,0.07340185985819486,0.5654183453919641,,
Source/TxPert_GAT,Source,TxPert_GAT,direct_risk,B3_DeepSets,20261001,3,hepg2,82,82,0.570176194885018,0.601462761615568,0.0470292498968942,0.4117647058823529,0.043042694528897564,0.044770110179396194,0.04652049810421172,0.054775554549666004,0.5523052097477716,,
Source/TxPert_GAT,Source,TxPert_GAT,direct_risk,B3_DeepSets,20261001,3,jurkat,78,78,0.1739914047256162,0.2171878754157235,0.053325332154080855,0.75,0.052343799266964156,0.055177118163555826,0.05260862281116151,0.054711187377564356,0.511917660412772,,
Source/TxPert_GAT,Source,TxPert_GAT,direct_risk,B3_DeepSets,20261001,4,K562,113,113,0.3088866835039313,0.3440681349391177,0.04597781823050593,0.6521739130434783,0.04452333195755873,0.04170667501571381,0.046008574596622484,0.052830106326517266,0.5130727742863451,,
Source/TxPert_GAT,Source,TxPert_GAT,direct_risk,B3_DeepSets,20261001,4,RPE1,81,81,0.4768314351312154,0.5652213188798555,0.06319191488059255,0.5882352941176471,0.055800891791780764,0.05326901529641708,0.06314262220772296,0.07378787610797417,0.5745631257795871,,
Source/TxPert_GAT,Source,TxPert_GAT,direct_risk,B3_DeepSets,20261001,4,hepg2,73,73,0.6526544562452683,0.48657904479822295,0.04925978727187075,0.4,0.041526323184370925,0.04609023133913669,0.04812394490314491,0.05659051939984142,0.5547227210071927,,
Source/TxPert_GAT,Source,TxPert_GAT,direct_risk,B3_DeepSets,20261001,4,jurkat,94,94,0.024680526763457566,0.12155474478922083,0.054196893290044755,0.8947368421052632,0.05574661381542678,0.05577014543508225,0.05392928326383546,0.05575787401936134,0.5427894214135038,,
Source/TxPert_GAT,Source,TxPert_GAT,direct_risk,B3_DeepSets,20261001,MACRO,MACRO,1808,575,0.48965622987622837,,0.053997028577119,0.5636738625656212,0.052827649435235345,0.051033155458270675,0.052884040550745984,0.05972487487143854,0.5484234926970885,20.0,20.0
Source/TxPert_GAT,Source,TxPert_GAT,direct_risk,B3_DeepSets,20261002,0,K562,114,114,0.6061204791769628,0.626520321581175,0.03989890594252213,0.4782608695652174,0.030267718403289668,0.030928804417667134,0.04107872507812679,0.05159248204273479,0.4973002623145526,,
Source/TxPert_GAT,Source,TxPert_GAT,direct_risk,B3_DeepSets,20261002,0,RPE1,78,78,0.8391663556176654,0.6097067489472552,0.059130000248773525,0.3125,0.05440149363130327,0.049871230614371556,0.056442651706628266,0.06841735874093564,0.5499136614544758,,
Source/TxPert_GAT,Source,TxPert_GAT,direct_risk,B3_DeepSets,20261002,0,hepg2,87,87,0.4653000072780705,0.5549318364073776,0.046942448954756896,0.6111111111111112,0.04664274822506634,0.042772061915861186,0.04446577970785168,0.05509069904296045,0.5317935531676221,,
Source/TxPert_GAT,Source,TxPert_GAT,direct_risk,B3_DeepSets,20261002,0,jurkat,83,83,0.5465277205970215,0.5192897023634608,0.0471457986408906,0.6470588235294117,0.046346779084867853,0.04434279385296732,0.04502014971027767,0.05174669288230237,0.5119916096373395,,
Source/TxPert_GAT,Source,TxPert_GAT,direct_risk,B3_DeepSets,20261002,1,K562,114,114,0.5589210954139852,0.4245884044470546,0.05091324386307381,0.5652173913043479,0.053159386230011714,0.04835176994295219,0.0489577023279771,0.05702466662940342,0.5521704610257433,,
Source/TxPert_GAT,Source,TxPert_GAT,direct_risk,B3_DeepSets,20261002,1,RPE1,85,85,0.5555789442646291,0.40072307992964623,0.07272037864828246,0.47058823529411764,0.07586778865920168,0.07046541615444066,0.06934321606748321,0.07717977470943163,0.5842521771931186,,
Source/TxPert_GAT,Source,TxPert_GAT,direct_risk,B3_DeepSets,20261002,1,hepg2,80,80,0.31680249361493684,0.42955930614158466,0.05244933324759561,0.5625,0.045361298602074336,0.04897398268803949,0.050423502922058064,0.05946504487667881,0.5983330976013086,,
Source/TxPert_GAT,Source,TxPert_GAT,direct_risk,B3_DeepSets,20261002,1,jurkat,83,83,0.37559701679549357,0.2620376978296461,0.055704828367438466,0.7058823529411764,0.06238645232386056,0.056694906643208295,0.05254314675749763,0.05632488121475584,0.5801873613617847,,
Source/TxPert_GAT,Source,TxPert_GAT,direct_risk,B3_DeepSets,20261002,2,K562,112,112,0.6024546101155557,0.5501674240612293,0.048370588692045864,0.4347826086956522,0.04979521393155054,0.04584832092666104,0.04503701750322108,0.05444506441517315,0.5399278280181725,,
Source/TxPert_GAT,Source,TxPert_GAT,direct_risk,B3_DeepSets,20261002,2,RPE1,84,84,0.6210367287925094,0.4933684317100335,0.06977874621593491,0.47058823529411764,0.06136384026871782,0.06834341388414883,0.06999248838318242,0.07759870072225229,0.5958618395535188,,
Source/TxPert_GAT,Source,TxPert_GAT,direct_risk,B3_DeepSets,20261002,2,hepg2,83,83,0.5128354658057672,0.5378447588262457,0.051337478336865104,0.5294117647058824,0.05177146113581123,0.046649806858862095,0.04863210501415385,0.05627953636301382,0.5903366035867347,,
Source/TxPert_GAT,Source,TxPert_GAT,direct_risk,B3_DeepSets,20261002,2,jurkat,83,83,0.3944401059415889,0.29900088157508076,0.0519355031694064,0.6470588235294117,0.05637007061805983,0.05011700816890767,0.050500981953172396,0.05500015581779795,0.5438758764546544,,
Source/TxPert_GAT,Source,TxPert_GAT,direct_risk,B3_DeepSets,20261002,3,K562,113,113,0.42577541264213287,0.37210559584802716,0.05118617544765409,0.5217391304347826,0.05931450612843033,0.04968418116154874,0.04554476059581099,0.0531639492475957,0.48479791342957346,,
Source/TxPert_GAT,Source,TxPert_GAT,direct_risk,B3_DeepSets,20261002,3,RPE1,88,88,0.7196864548945827,0.3995456306576028,0.07156285892014146,0.4444444444444444,0.0773076721363597,0.07206551865157149,0.06673018028959628,0.07337149997443249,0.5655102794490551,,
Source/TxPert_GAT,Source,TxPert_GAT,direct_risk,B3_DeepSets,20261002,3,hepg2,82,82,0.41814389507154387,0.5276281276868994,0.052602265014424616,0.47058823529411764,0.05284350655145112,0.05075763845268414,0.04910681569358193,0.05486180647870042,0.5508064541737328,,
Source/TxPert_GAT,Source,TxPert_GAT,direct_risk,B3_DeepSets,20261002,3,jurkat,78,78,0.3740312171204166,0.2979678549298802,0.05215171491759771,0.625,0.052343799266964156,0.049624500330537516,0.05090011775684658,0.054676199093186446,0.5113175697129643,,
Source/TxPert_GAT,Source,TxPert_GAT,direct_risk,B3_DeepSets,20261002,4,K562,113,113,0.3331365021123593,0.3439683278993946,0.046441519039927756,0.6521739130434783,0.04591995260367785,0.042802890762686674,0.04487738408671132,0.05280096307857623,0.5142343061023003,,
Source/TxPert_GAT,Source,TxPert_GAT,direct_risk,B3_DeepSets,20261002,4,RPE1,81,81,0.527969703665638,0.5197606142728094,0.06391901848783721,0.47058823529411764,0.05640129289693298,0.054572700139354204,0.06451387321803623,0.07393081100360305,0.5727202012829385,,
Source/TxPert_GAT,Source,TxPert_GAT,direct_risk,B3_DeepSets,20261002,4,hepg2,73,73,0.6158914365976175,0.3998827594718007,0.05204396781835568,0.4666666666666667,0.05885629053227598,0.050858003894487955,0.048435556576461355,0.05648696205578924,0.5538202162364373,,
Source/TxPert_GAT,Source,TxPert_GAT,direct_risk,B3_DeepSets,20261002,4,jurkat,94,94,0.06356655985973603,0.10053101181230358,0.055638858896961595,0.8947368421052632,0.0569550164043903,0.05726048105249276,0.05356410605476253,0.05583665201512199,0.5425439766031027,,
Source/TxPert_GAT,Source,TxPert_GAT,direct_risk,B3_DeepSets,20261002,MACRO,MACRO,1808,575,0.49364911026891056,,0.05459368164352431,0.549044884162666,0.054683814381714865,0.05154927152567255,0.05230551307017187,0.05976469502022228,0.5485847624179565,20.0,20.0
Source/TxPert_GAT,Source,TxPert_GAT,direct_risk,Magnitude,0,0,K562,114,114,0.958415862484797,0.9231202284279381,0.03724001762989276,0.13043478260869568,0.03188312922914818,0.028649787701990254,0.03553421171218675,0.05506983385068305,0.48416807583784394,,
Source/TxPert_GAT,Source,TxPert_GAT,direct_risk,Magnitude,0,0,RPE1,78,78,0.597141879950271,0.6229340279973191,0.05661676566283457,0.5625,0.03980957623571151,0.04343899595551187,0.05561013615284206,0.07217638977762685,0.49806431084229685,,
Source/TxPert_GAT,Source,TxPert_GAT,direct_risk,Magnitude,0,0,hepg2,87,87,0.6731316836387847,0.7647262520959393,0.04269339971552865,0.4444444444444444,0.03268477486239534,0.03654803356362708,0.041925554714080916,0.05709098262733751,0.5127628026299914,,
Source/TxPert_GAT,Source,TxPert_GAT,direct_risk,Magnitude,0,0,jurkat,83,83,0.7138185522928608,0.7750094454472943,0.0429941867093183,0.4117647058823529,0.037077082528008315,0.038149731233715956,0.04218706892182426,0.054659950057214114,0.4894653500098416,,
Source/TxPert_GAT,Source,TxPert_GAT,direct_risk,Magnitude,0,1,K562,114,114,0.8831455670997823,0.8810878678034063,0.04191806711576278,0.21739130434782605,0.03152989627172545,0.0338880719374055,0.042567959578152244,0.06037501628004165,0.5435843965014729,,
Source/TxPert_GAT,Source,TxPert_GAT,direct_risk,Magnitude,0,1,RPE1,85,85,0.44713987681749096,0.45292163376978695,0.06753505414774962,0.5882352941176471,0.05336811972988971,0.05728290460127236,0.07124376682521295,0.08089801000916647,0.5403849556722871,,
Source/TxPert_GAT,Source,TxPert_GAT,direct_risk,Magnitude,0,1,hepg2,80,80,0.776122750924035,0.7283169245194563,0.047443135848241544,0.375,0.03470241790637368,0.04083283967338497,0.04932886613532896,0.061441307543012004,0.5699811497677841,,
Source/TxPert_GAT,Source,TxPert_GAT,direct_risk,Magnitude,0,1,jurkat,83,83,0.6711049687595542,0.6738801897485412,0.04766391779886659,0.47058823529411764,0.04113680517507919,0.041457305169280784,0.048882288813945754,0.05877582660511617,0.5595099599905401,,
Source/TxPert_GAT,Source,TxPert_GAT,direct_risk,Magnitude,0,2,K562,112,112,0.982012731315378,0.9189616291386203,0.039556641860759724,0.08695652173913049,0.030585035681724496,0.03205464537376938,0.03943407143067033,0.05794592230564614,0.5320729670881911,,
Source/TxPert_GAT,Source,TxPert_GAT,direct_risk,Magnitude,0,2,RPE1,84,84,0.5964164115947815,0.4753265161486282,0.06903427322021795,0.5882352941176471,0.0609361999150779,0.0621978328289354,0.07064941299280944,0.0816275511707272,0.542783844847014,,
Source/TxPert_GAT,Source,TxPert_GAT,direct_risk,Magnitude,0,2,hepg2,83,83,0.7913527091814443,0.7729524369254019,0.04475314195035831,0.2941176470588235,0.034799210727214765,0.042151460971902345,0.04384847482045487,0.058810738639839544,0.5603818344693787,,
Source/TxPert_GAT,Source,TxPert_GAT,direct_risk,Magnitude,0,2,jurkat,83,83,0.7657610311937614,0.6940514671928131,0.045992641917460844,0.4117647058823529,0.0407680502782265,0.04344498442814627,0.045873568082849134,0.057190484807984714,0.5256597862216613,,
Source/TxPert_GAT,Source,TxPert_GAT,direct_risk,Magnitude,0,3,K562,113,113,0.9691476545886214,0.9188651939583473,0.03723995504952234,0.13043478260869568,0.026776553286860322,0.02964212389095964,0.03804930364876457,0.05618518016084376,0.47804248901816226,,
Source/TxPert_GAT,Source,TxPert_GAT,direct_risk,Magnitude,0,3,RPE1,88,88,0.7123461118255355,0.6042760029586842,0.06252778999273927,0.38888888888888884,0.05548660829663273,0.054668624057537946,0.0644081783142279,0.07670986334988109,0.517087792334669,,
Source/TxPert_GAT,Source,TxPert_GAT,direct_risk,Magnitude,0,3,hepg2,82,82,0.7788850506412923,0.721161067032357,0.04478021494912618,0.2941176470588235,0.03781274995870058,0.041556358556537026,0.04447965641937601,0.057854066995460814,0.5185209093273825,,
Source/TxPert_GAT,Source,TxPert_GAT,direct_risk,Magnitude,0,3,jurkat,78,78,0.6920395579604811,0.564233235119311,0.04695106211817396,0.5,0.040989831555634695,0.04469271504785862,0.04782153298266419,0.05682262910716723,0.4951767352615428,,
Source/TxPert_GAT,Source,TxPert_GAT,direct_risk,Magnitude,0,4,K562,113,113,0.9279408124716554,0.8460892274935127,0.039759766878152136,0.17391304347826086,0.03623309793571627,0.03498877220503657,0.03839529014862415,0.055478962211182925,0.5092001527535253,,
Source/TxPert_GAT,Source,TxPert_GAT,direct_risk,Magnitude,0,4,RPE1,81,81,0.4886328099582335,0.6061427280939475,0.05996525106743597,0.5882352941176471,0.042358232869042216,0.04867249836816502,0.06415644242632676,0.0768638487923293,0.5374634190573909,,
Source/TxPert_GAT,Source,TxPert_GAT,direct_risk,Magnitude,0,4,hepg2,73,73,0.7817570636421567,0.8155929902505247,0.04446244694606697,0.33333333333333337,0.03525021346285934,0.04050176615516339,0.0441562552005052,0.0588089533111062,0.537399619091447,,
Source/TxPert_GAT,Source,TxPert_GAT,direct_risk,Magnitude,0,4,jurkat,94,94,0.8422838067064219,0.7506195137810209,0.04392062392196756,0.42105263157894735,0.034709885157644706,0.03897587200136556,0.04417537782896067,0.0571366493993588,0.5329147253896779,,
Source/TxPert_GAT,Source,TxPert_GAT,direct_risk,Magnitude,0,MACRO,MACRO,1808,575,0.7524298446523671,,0.04815241772500882,0.3705704278278817,0.038944873553183296,0.0416897661860783,0.04863637085749036,0.06259610835008626,0.524231263805605,20.0,20.0
Source/TxPert_GAT,Source,TxPert_GAT,direct_risk,NearestControl,0,0,K562,114,114,0.6075144721706857,0.6811486199145422,0.03933453966488174,0.5217391304347826,0.031002893112599808,0.034285622851356175,0.04009710971200671,0.05986688002964888,0.44404183654255086,,
Source/TxPert_GAT,Source,TxPert_GAT,direct_risk,NearestControl,0,0,RPE1,78,78,0.5931736063972056,0.6076581646201898,0.05778693802064211,0.5,0.0469314197544008,0.052106659975834135,0.05550975333421654,0.07329999880669162,0.48436339759523034,,
Source/TxPert_GAT,Source,TxPert_GAT,direct_risk,NearestControl,0,0,hepg2,87,87,0.16561413761383068,0.3085951738718378,0.05208634450313955,0.8888888888888888,0.0502644065353605,0.051224477278689486,0.0493520170196213,0.06350004214503807,0.3887081136322222,,
Source/TxPert_GAT,Source,TxPert_GAT,direct_risk,NearestControl,0,0,jurkat,83,83,0.3927861203849319,0.3790353049829982,0.050419943330001105,0.7647058823529411,0.051764949328369524,0.04642914399942926,0.04670589217650035,0.054853932869965503,0.4543183930259045,,
Source/TxPert_GAT,Source,TxPert_GAT,direct_risk,NearestControl,0,1,K562,114,114,0.5451774985481949,0.49195844555598317,0.05086102573175135,0.4782608695652174,0.04704781093945102,0.046692519408205235,0.04846101394740109,0.06534468821550969,0.5025916272301139,,
Source/TxPert_GAT,Source,TxPert_GAT,direct_risk,NearestControl,0,1,RPE1,85,85,0.6345700657682907,0.4211842876685558,0.07304580349151343,0.5882352941176471,0.07488318988018561,0.07348101191660932,0.07057726396204422,0.08268067736471264,0.5211640444509029,,
Source/TxPert_GAT,Source,TxPert_GAT,direct_risk,NearestControl,0,1,hepg2,80,80,0.2058597780059548,0.23696671354899204,0.055496817865974976,0.75,0.05648157512769099,0.053094210335984784,0.054920026939362245,0.06942907284571688,0.4489100558009714,,
Source/TxPert_GAT,Source,TxPert_GAT,direct_risk,NearestControl,0,1,jurkat,83,83,0.5285108019056081,0.3936442634650098,0.05518764643528368,0.5882352941176471,0.06255566039019159,0.05399406252100183,0.05198733690416525,0.060603679293262186,0.5281820523955257,,
Source/TxPert_GAT,Source,TxPert_GAT,direct_risk,NearestControl,0,2,K562,112,112,0.4934625970578564,0.5806881470598285,0.04849248465986052,0.4782608695652174,0.04475411648551619,0.03963731496554349,0.04677273921801571,0.06355587101941138,0.47980468566167067,,
Source/TxPert_GAT,Source,TxPert_GAT,direct_risk,NearestControl,0,2,RPE1,84,84,0.5027517865179506,0.4179811683709629,0.07351272753705514,0.5882352941176471,0.07253776739041004,0.07404449494446019,0.07024456840008492,0.08246082925641174,0.5360550200321307,,
Source/TxPert_GAT,Source,TxPert_GAT,direct_risk,NearestControl,0,2,hepg2,83,83,0.2651878275854895,0.31734603920910115,0.052939692965935925,0.7058823529411764,0.045214828103780684,0.04982687752036482,0.05469184253542192,0.06565962644058185,0.42869679145570516,,
Source/TxPert_GAT,Source,TxPert_GAT,direct_risk,NearestControl,0,2,jurkat,83,83,0.392750676979331,0.39425297006842697,0.05057568735736895,0.6470588235294117,0.050265735015273046,0.04993840975358201,0.048701905601081355,0.058631795144322416,0.49871475146100197,,
Source/TxPert_GAT,Source,TxPert_GAT,direct_risk,NearestControl,0,3,K562,113,113,0.5913983282317546,0.5507518796992481,0.04838496466313162,0.4347826086956522,0.05236620192105567,0.0458291295267965,0.044036111843429065,0.06182917211728771,0.43240820138049796,,
Source/TxPert_GAT,Source,TxPert_GAT,direct_risk,NearestControl,0,3,RPE1,88,88,0.7196270861987476,0.4133880455073791,0.06995251086366576,0.4444444444444444,0.0733741112053394,0.07126254629757664,0.06768852739002212,0.07879080710109544,0.5001087807477191,,
Source/TxPert_GAT,Source,TxPert_GAT,direct_risk,NearestControl,0,3,hepg2,82,82,0.4133768924450399,0.32308094165279005,0.05210620621359611,0.5294117647058824,0.04772106475300256,0.05151831095709516,0.05193811464237,0.06388474192491755,0.38433909704057384,,
Source/TxPert_GAT,Source,TxPert_GAT,direct_risk,NearestControl,0,3,jurkat,78,78,0.4782466024851914,0.4385108562323752,0.04964944647411025,0.625,0.0433040969073772,0.04441017424687738,0.047647671965070214,0.05803569241986944,0.45972877583328087,,
Source/TxPert_GAT,Source,TxPert_GAT,direct_risk,NearestControl,0,4,K562,113,113,0.7440436766390564,0.6436472819216184,0.043303302146229815,0.34782608695652173,0.03633105925594763,0.03785378850348613,0.041409752413369014,0.06268316275039279,0.46640549020595445,,
Source/TxPert_GAT,Source,TxPert_GAT,direct_risk,NearestControl,0,4,RPE1,81,81,0.5240210845532453,0.5369692863595302,0.06216352269770415,0.5882352941176471,0.03748282334870757,0.05229987949132914,0.06457513270945078,0.08112767835937279,0.4945272702628388,,
Source/TxPert_GAT,Source,TxPert_GAT,direct_risk,NearestControl,0,4,hepg2,73,73,0.06444836409473832,-0.0009255831173639393,0.057733211676154514,0.8,0.062087707221507964,0.05886949139336739,0.05866701956334946,0.06532121538428173,0.42643074276108367,,
Source/TxPert_GAT,Source,TxPert_GAT,direct_risk,NearestControl,0,4,jurkat,94,94,0.3176094008695834,0.4279955207166853,0.04899494205681231,0.736842105263158,0.043515970371663534,0.042696498628509626,0.04720889602569819,0.0608735777689275,0.4831068396890012,,
Source/TxPert_GAT,Source,TxPert_GAT,direct_risk,NearestControl,0,MACRO,MACRO,1808,575,0.4590065402226343,,0.05460138791774064,0.6003022501906942,0.051494369352391565,0.05147473122580494,0.053059634815134024,0.0666216570628709,0.468130298360244,20.0,20.0
Source/TxPert_GAT,Source,TxPert_GAT,direct_risk,NegativeHistorySupport,0,0,K562,114,114,0.2563653199086335,0.36255786962664266,0.044103613092474174,0.6521739130434783,0.039889056701213066,0.03713566737006535,0.043848859080881354,0.05506983385068305,0.48416807583784394,,
Source/TxPert_GAT,Source,TxPert_GAT,direct_risk,NegativeHistorySupport,0,0,RPE1,78,78,0.30761949809267103,0.25521689807415215,0.06499694214228953,0.625,0.05993195064365859,0.05736425495706493,0.06428763776635507,0.07217638977762685,0.49806431084229685,,
Source/TxPert_GAT,Source,TxPert_GAT,direct_risk,NegativeHistorySupport,0,0,hepg2,87,87,0.34880249733035257,0.47043706516145845,0.046405039605230014,0.6111111111111112,0.04125187007917294,0.04018189499361642,0.04687892971560354,0.05709098262733751,0.5127628026299914,,
Source/TxPert_GAT,Source,TxPert_GAT,direct_risk,NegativeHistorySupport,0,0,jurkat,83,83,0.07996840257888034,0.25062188513813355,0.0501756289927549,1.0,0.05016856826841828,0.04870419511023686,0.050147670986396886,0.054659950057214114,0.4894653500098416,,
Source/TxPert_GAT,Source,TxPert_GAT,direct_risk,NegativeHistorySupport,0,1,K562,114,114,0.31981393076431636,0.21239400517066945,0.05160862803512557,0.7391304347826086,0.04985468648374076,0.04951988678911453,0.052983685903120414,0.06037501628004165,0.5435843965014729,,
Source/TxPert_GAT,Source,TxPert_GAT,direct_risk,NegativeHistorySupport,0,1,RPE1,85,85,0.03556251483561149,-0.060086969339321776,0.07716441784626168,0.7647058823529411,0.07187700023253754,0.07342819781864385,0.0840475936961728,0.08089801000916647,0.5403849556722871,,
Source/TxPert_GAT,Source,TxPert_GAT,direct_risk,NegativeHistorySupport,0,1,hepg2,80,80,0.18582794543134634,0.19411137299996836,0.05502923445519535,0.8125,0.043166532646864604,0.05287469853647049,0.057699674274772364,0.061441307543012004,0.5699811497677841,,
Source/TxPert_GAT,Source,TxPert_GAT,direct_risk,NegativeHistorySupport,0,1,jurkat,83,83,0.2022024783710625,0.10688609257048012,0.055464352247447474,0.7647058823529411,0.05142091752754312,0.0564142969601294,0.05564300911057559,0.05877582660511617,0.5595099599905401,,
Source/TxPert_GAT,Source,TxPert_GAT,direct_risk,NegativeHistorySupport,0,2,K562,112,112,0.45105192953135065,0.30305178890896445,0.049577147818498944,0.6521739130434783,0.051801146163294676,0.0494265498836403,0.047774447094915136,0.05794592230564614,0.5320729670881911,,
Source/TxPert_GAT,Source,TxPert_GAT,direct_risk,NegativeHistorySupport,0,2,RPE1,84,84,0.2364630207643871,0.01935908472080337,0.08021206621548758,0.5882352941176471,0.07560663421948745,0.08667257165207577,0.07787365373224013,0.0816275511707272,0.542783844847014,,
Source/TxPert_GAT,Source,TxPert_GAT,direct_risk,NegativeHistorySupport,0,2,hepg2,83,83,-0.07640083202312771,0.08094918244473404,0.055129286211591993,0.8235294117647058,0.05416199275188971,0.05430957214797239,0.05570410901591887,0.058810738639839544,0.5603818344693787,,
Source/TxPert_GAT,Source,TxPert_GAT,direct_risk,NegativeHistorySupport,0,2,jurkat,83,83,-0.04348565485309949,-0.10460960476866218,0.05771546310819598,0.8823529411764706,0.05704937523437866,0.06216846505070429,0.05616105928839667,0.057190484807984714,0.5256597862216613,,
Source/TxPert_GAT,Source,TxPert_GAT,direct_risk,NegativeHistorySupport,0,3,K562,113,113,0.05242586743699067,0.13493085034416702,0.04898172864362392,0.6956521739130435,0.04857856299107271,0.044339625407820125,0.04736095990397424,0.05618518016084376,0.47804248901816226,,
Source/TxPert_GAT,Source,TxPert_GAT,direct_risk,NegativeHistorySupport,0,3,RPE1,88,88,0.029688909176342294,0.012795505317405038,0.07460931888136826,0.7222222222222222,0.07356017082929606,0.07038941617227258,0.07585827883502295,0.07670986334988109,0.517087792334669,,
Source/TxPert_GAT,Source,TxPert_GAT,direct_risk,NegativeHistorySupport,0,3,hepg2,82,82,0.11224140969588972,0.14474550634722083,0.05245695359436646,0.6470588235294117,0.043627844916449623,0.05166437126257835,0.0531335567555776,0.057854066995460814,0.5185209093273825,,
Source/TxPert_GAT,Source,TxPert_GAT,direct_risk,NegativeHistorySupport,0,3,jurkat,78,78,0.015523168110082806,0.011001934826539432,0.05380027765097655,0.875,0.044050980824977125,0.059152303729206296,0.05488025783919367,0.05682262910716723,0.4951767352615428,,
Source/TxPert_GAT,Source,TxPert_GAT,direct_risk,NegativeHistorySupport,0,4,K562,113,113,-0.11168834284111782,-0.018789612919111874,0.05009891400237258,0.8695652173913043,0.04796292368943488,0.04461355531669176,0.05262778049106133,0.055478962211182925,0.5092001527535253,,
Source/TxPert_GAT,Source,TxPert_GAT,direct_risk,NegativeHistorySupport,0,4,RPE1,81,81,0.025152126539323954,0.05777135377861429,0.07171695419819948,0.7058823529411764,0.065660022613075,0.06703158150262689,0.07383690601805355,0.0768638487923293,0.5374634190573909,,
Source/TxPert_GAT,Source,TxPert_GAT,direct_risk,NegativeHistorySupport,0,4,hepg2,73,73,-0.07227719962732064,0.08335390327502978,0.05445931836056459,0.9333333333333333,0.048194854287430575,0.05364859004815413,0.05611067854270737,0.0588089533111062,0.537399619091447,,
Source/TxPert_GAT,Source,TxPert_GAT,direct_risk,NegativeHistorySupport,0,4,jurkat,94,94,-0.08071875038208723,-0.019247303300385807,0.05486573552989737,0.8947368421052632,0.05652108751237388,0.05410807736610107,0.055167941455828325,0.0571366493993588,0.5329147253896779,,
Source/TxPert_GAT,Source,TxPert_GAT,direct_risk,NegativeHistorySupport,0,MACRO,MACRO,1808,575,0.11370691194202442,,0.05742855103159611,0.7629534874590568,0.053716808930815464,0.05565738860375928,0.0581013344753384,0.06259610835008626,0.524231263805605,20.0,20.0
Source/TxPert_GAT,Source,TxPert_GAT,direct_risk,SameConditionSupport,0,0,K562,114,114,0.13624974051504465,0.18187967031854357,0.04894202395926704,0.7391304347826086,0.05295937151337659,0.047881486623183485,0.04679064367685397,0.05506983385068305,0.48416807583784394,,
Source/TxPert_GAT,Source,TxPert_GAT,direct_risk,SameConditionSupport,0,0,RPE1,78,78,-0.034516292311593484,-0.06316468341784796,0.07359004982251656,0.8125,0.07551173772662874,0.07515663746744389,0.07187864843469394,0.07217638977762685,0.49806431084229685,,
Source/TxPert_GAT,Source,TxPert_GAT,direct_risk,SameConditionSupport,0,0,hepg2,87,87,0.2835121447041671,0.15032441495953922,0.053263441749915715,0.6666666666666667,0.0546516281449132,0.05578213309248284,0.05253486339510836,0.05709098262733751,0.5127628026299914,,
Source/TxPert_GAT,Source,TxPert_GAT,direct_risk,SameConditionSupport,0,0,jurkat,83,83,0.1233116485108092,-0.03182066244070358,0.05511135706365184,0.8823529411764706,0.06751981750130648,0.05592536783831957,0.05269867523262894,0.054659950057214114,0.4894653500098416,,
Source/TxPert_GAT,Source,TxPert_GAT,direct_risk,SameConditionSupport,0,1,K562,114,114,0.2670101142234353,0.055409975496648514,0.05521688105890022,0.7391304347826086,0.05209237942472095,0.05646158617151816,0.05688607068568986,0.06037501628004165,0.5435843965014729,,
Source/TxPert_GAT,Source,TxPert_GAT,direct_risk,SameConditionSupport,0,1,RPE1,85,85,-0.5047649724019115,-0.19149892515145595,0.08130764592558862,0.9411764705882353,0.0759646892547607,0.0783870643114342,0.08394162105612972,0.08089801000916647,0.5403849556722871,,
Source/TxPert_GAT,Source,TxPert_GAT,direct_risk,SameConditionSupport,0,1,hepg2,80,80,0.1581543715502774,0.0339662447257384,0.059327783104695844,0.75,0.0527835469692945,0.05936864600516852,0.06025865608826275,0.061441307543012004,0.5699811497677841,,
Source/TxPert_GAT,Source,TxPert_GAT,direct_risk,SameConditionSupport,0,1,jurkat,83,83,-0.050515068351165156,-0.15068636917006,0.06005837547286333,0.8823529411764706,0.06151158321234911,0.057870421558618504,0.059805769473314244,0.05877582660511617,0.5595099599905401,,
Source/TxPert_GAT,Source,TxPert_GAT,direct_risk,SameConditionSupport,0,2,K562,112,112,0.16736112330178246,0.13021491782553732,0.053521467653310506,0.7391304347826086,0.05331174703314897,0.05570853023749328,0.05169423453376757,0.05794592230564614,0.5320729670881911,,
Source/TxPert_GAT,Source,TxPert_GAT,direct_risk,SameConditionSupport,0,2,RPE1,84,84,0.07071513241490848,-0.054328237319023996,0.08231821824657376,0.6470588235294117,0.08460661023855204,0.07854711154804506,0.08073263894766564,0.0816275511707272,0.542783844847014,,
Source/TxPert_GAT,Source,TxPert_GAT,direct_risk,SameConditionSupport,0,2,hepg2,83,83,0.1269626939909257,-0.05222282859661642,0.059354241275657756,0.7058823529411764,0.06235221152504281,0.06806024777538631,0.05812314560725571,0.058810738639839544,0.5603818344693787,,
Source/TxPert_GAT,Source,TxPert_GAT,direct_risk,SameConditionSupport,0,2,jurkat,83,83,-0.09278742550705221,-0.2031610763611939,0.0596920718184693,0.8823529411764706,0.07004894398980667,0.06456292245317903,0.057632761253487444,0.057190484807984714,0.5256597862216613,,
Source/TxPert_GAT,Source,TxPert_GAT,direct_risk,SameConditionSupport,0,3,K562,113,113,-0.059994460829578315,-0.10089659990684678,0.05717047515646233,0.782608695652174,0.07214596246679619,0.06189051302878748,0.05314724379333483,0.05618518016084377,0.47804248901816226,,
Source/TxPert_GAT,Source,TxPert_GAT,direct_risk,SameConditionSupport,0,3,RPE1,88,88,-0.23261021121638134,-0.25754640555105496,0.08085750521151365,0.8888888888888888,0.08817388365666068,0.07873897461427577,0.08326931505210017,0.07670986334988109,0.517087792334669,,
Source/TxPert_GAT,Source,TxPert_GAT,direct_risk,SameConditionSupport,0,3,hepg2,82,82,-0.1326240527606578,-0.22310379730303329,0.06291001980690811,0.8823529411764706,0.07424842235114835,0.06698388189953912,0.05951998582700399,0.057854066995460814,0.5185209093273825,,
Source/TxPert_GAT,Source,TxPert_GAT,direct_risk,SameConditionSupport,0,3,jurkat,78,78,-0.2093194214198911,-0.27075456189380237,0.058972406600652644,1.0,0.06469118688255546,0.05786687065847215,0.06010500709406837,0.05682262910716723,0.4951767352615428,,
Source/TxPert_GAT,Source,TxPert_GAT,direct_risk,SameConditionSupport,0,4,K562,113,113,-0.0004805537150398685,-0.13604531239603437,0.052941439950231095,0.8260869565217391,0.05698479805141682,0.056797749160424474,0.053213020100405295,0.055478962211182925,0.5092001527535253,,
Source/TxPert_GAT,Source,TxPert_GAT,direct_risk,SameConditionSupport,0,4,RPE1,81,81,-0.12009970408455702,-0.18157181571815717,0.08082392660561452,0.8235294117647058,0.0892288746933142,0.08922624237397132,0.08186836990459659,0.0768638487923293,0.5374634190573909,,
Source/TxPert_GAT,Source,TxPert_GAT,direct_risk,SameConditionSupport,0,4,hepg2,73,73,0.027469435377953207,-0.08496853017400964,0.05832672956258612,0.8666666666666667,0.05878364550881082,0.06129948310554022,0.05914945205723912,0.0588089533111062,0.537399619091447,,
Source/TxPert_GAT,Source,TxPert_GAT,direct_risk,SameConditionSupport,0,4,jurkat,94,94,-0.12596196713412983,-0.1359317992992089,0.05794061168764179,0.8947368421052632,0.06480181775987144,0.060163297445366214,0.056672087494046085,0.0571366493993588,0.5329147253896779,,
Source/TxPert_GAT,Source,TxPert_GAT,direct_risk,SameConditionSupport,0,MACRO,MACRO,1808,575,-0.010146386257132706,,0.06258233358665105,0.8176302422189318,0.06661864289522375,0.06433395836843249,0.06199611048538263,0.06259610835008626,0.524231263805605,20.0,20.0
Source/TxPert_GAT,Source,TxPert_GAT,direct_risk,SameContextSupport,0,0,K562,114,114,0.13624974051504465,0.18187967031854357,0.04894202395926704,0.7391304347826086,0.05295937151337659,0.047881486623183485,0.04679064367685397,0.05506983385068305,0.48416807583784394,,
Source/TxPert_GAT,Source,TxPert_GAT,direct_risk,SameContextSupport,0,0,RPE1,78,78,-0.034516292311593484,-0.06316468341784796,0.07359004982251656,0.8125,0.07551173772662874,0.07515663746744389,0.07187864843469394,0.07217638977762685,0.49806431084229685,,
Source/TxPert_GAT,Source,TxPert_GAT,direct_risk,SameContextSupport,0,0,hepg2,87,87,0.2835121447041671,0.15032441495953922,0.053263441749915715,0.6666666666666667,0.0546516281449132,0.05578213309248284,0.05253486339510836,0.05709098262733751,0.5127628026299914,,
Source/TxPert_GAT,Source,TxPert_GAT,direct_risk,SameContextSupport,0,0,jurkat,83,83,0.1233116485108092,-0.03182066244070358,0.05511135706365184,0.8823529411764706,0.06751981750130648,0.05592536783831957,0.05269867523262894,0.054659950057214114,0.4894653500098416,,
Source/TxPert_GAT,Source,TxPert_GAT,direct_risk,SameContextSupport,0,1,K562,114,114,0.2670101142234353,0.055409975496648514,0.05521688105890022,0.7391304347826086,0.05209237942472095,0.05646158617151816,0.05688607068568986,0.06037501628004165,0.5435843965014729,,
Source/TxPert_GAT,Source,TxPert_GAT,direct_risk,SameContextSupport,0,1,RPE1,85,85,-0.5047649724019115,-0.19149892515145595,0.08130764592558862,0.9411764705882353,0.0759646892547607,0.0783870643114342,0.08394162105612972,0.08089801000916647,0.5403849556722871,,
Source/TxPert_GAT,Source,TxPert_GAT,direct_risk,SameContextSupport,0,1,hepg2,80,80,0.1581543715502774,0.0339662447257384,0.059327783104695844,0.75,0.0527835469692945,0.05936864600516852,0.06025865608826275,0.061441307543012004,0.5699811497677841,,
Source/TxPert_GAT,Source,TxPert_GAT,direct_risk,SameContextSupport,0,1,jurkat,83,83,-0.050515068351165156,-0.15068636917006,0.06005837547286333,0.8823529411764706,0.06151158321234911,0.057870421558618504,0.059805769473314244,0.05877582660511617,0.5595099599905401,,
Source/TxPert_GAT,Source,TxPert_GAT,direct_risk,SameContextSupport,0,2,K562,112,112,0.16736112330178246,0.13021491782553732,0.053521467653310506,0.7391304347826086,0.05331174703314897,0.05570853023749328,0.05169423453376757,0.05794592230564614,0.5320729670881911,,
Source/TxPert_GAT,Source,TxPert_GAT,direct_risk,SameContextSupport,0,2,RPE1,84,84,0.07071513241490848,-0.054328237319023996,0.08231821824657376,0.6470588235294117,0.08460661023855204,0.07854711154804506,0.08073263894766564,0.0816275511707272,0.542783844847014,,
Source/TxPert_GAT,Source,TxPert_GAT,direct_risk,SameContextSupport,0,2,hepg2,83,83,0.1269626939909257,-0.05222282859661642,0.059354241275657756,0.7058823529411764,0.06235221152504281,0.06806024777538631,0.05812314560725571,0.058810738639839544,0.5603818344693787,,
Source/TxPert_GAT,Source,TxPert_GAT,direct_risk,SameContextSupport,0,2,jurkat,83,83,-0.09278742550705221,-0.2031610763611939,0.0596920718184693,0.8823529411764706,0.07004894398980667,0.06456292245317903,0.057632761253487444,0.057190484807984714,0.5256597862216613,,
Source/TxPert_GAT,Source,TxPert_GAT,direct_risk,SameContextSupport,0,3,K562,113,113,-0.059994460829578315,-0.10089659990684678,0.05717047515646233,0.782608695652174,0.07214596246679619,0.06189051302878748,0.05314724379333483,0.05618518016084377,0.47804248901816226,,
Source/TxPert_GAT,Source,TxPert_GAT,direct_risk,SameContextSupport,0,3,RPE1,88,88,-0.23261021121638134,-0.25754640555105496,0.08085750521151365,0.8888888888888888,0.08817388365666068,0.07873897461427577,0.08326931505210017,0.07670986334988109,0.517087792334669,,
Source/TxPert_GAT,Source,TxPert_GAT,direct_risk,SameContextSupport,0,3,hepg2,82,82,-0.1326240527606578,-0.22310379730303329,0.06291001980690811,0.8823529411764706,0.07424842235114835,0.06698388189953912,0.05951998582700399,0.057854066995460814,0.5185209093273825,,
Source/TxPert_GAT,Source,TxPert_GAT,direct_risk,SameContextSupport,0,3,jurkat,78,78,-0.2093194214198911,-0.27075456189380237,0.058972406600652644,1.0,0.06469118688255546,0.05786687065847215,0.06010500709406837,0.05682262910716723,0.4951767352615428,,
Source/TxPert_GAT,Source,TxPert_GAT,direct_risk,SameContextSupport,0,4,K562,113,113,-0.0004805537150398685,-0.13604531239603437,0.052941439950231095,0.8260869565217391,0.05698479805141682,0.056797749160424474,0.053213020100405295,0.055478962211182925,0.5092001527535253,,
Source/TxPert_GAT,Source,TxPert_GAT,direct_risk,SameContextSupport,0,4,RPE1,81,81,-0.12009970408455702,-0.18157181571815717,0.08082392660561452,0.8235294117647058,0.0892288746933142,0.08922624237397132,0.08186836990459659,0.0768638487923293,0.5374634190573909,,
Source/TxPert_GAT,Source,TxPert_GAT,direct_risk,SameContextSupport,0,4,hepg2,73,73,0.027469435377953207,-0.08496853017400964,0.05832672956258612,0.8666666666666667,0.05878364550881082,0.06129948310554022,0.05914945205723912,0.0588089533111062,0.537399619091447,,
Source/TxPert_GAT,Source,TxPert_GAT,direct_risk,SameContextSupport,0,4,jurkat,94,94,-0.12596196713412983,-0.1359317992992089,0.05794061168764179,0.8947368421052632,0.06480181775987144,0.060163297445366214,0.056672087494046085,0.0571366493993588,0.5329147253896779,,
Source/TxPert_GAT,Source,TxPert_GAT,direct_risk,SameContextSupport,0,MACRO,MACRO,1808,575,-0.010146386257132706,,0.06258233358665105,0.8176302422189318,0.06661864289522375,0.06433395836843249,0.06199611048538263,0.06259610835008626,0.524231263805605,20.0,20.0
