task_id,gene,target,true_error_rmse,n_test_cells,cell_half_a_error,cell_half_b_error,cross_half_squared_error,equal20_error_0,equal20_error_1,equal20_error_2,equal20_error_3,equal20_error_4,log_history_support
AAK1::t98g::lapatinib,AAK1,t98g,0.025486386428986506,107,0.0378454461964161,0.034587117078001224,-1.748345996264555e-05,0.05732161892964945,0.059594905377623984,0.06033077313025678,0.05693977907694292,0.058649345797687776,6.700731109547811
AAK1::u87mg::none,AAK1,u87mg,0.040414660948493275,59,0.05501220348335198,0.05804963201060467,7.356153217638335e-05,0.06800989901525628,0.06785172389872118,0.0703397956668609,0.06946980653188121,0.06483058694266143,6.700731109547811
AATK::a172::nintedanib,AATK,a172,0.02249178644989127,136,0.030966516433920805,0.030777685433181264,5.754777156541367e-05,0.05628849268687313,0.05158784792527531,0.05763148432054662,0.053045793343503754,0.058462686403565646,7.453561871643373
ABL1::u87mg::none,ABL1,u87mg,0.03268097993130676,84,0.04704115892818862,0.044594218479356504,2.8822132770211054e-05,0.06609091803563158,0.06215278322822749,0.07001647227788593,0.06449798166335728,0.06735220654179354,6.919683849847411
ABL2::u87mg::none,ABL2,u87mg,0.02325853136660597,162,0.031084222415977084,0.03388563043663936,2.8552999721907956e-05,0.06686155829546604,0.06637297459866795,0.06463742302849189,0.06500431121231785,0.06389075658717543,7.611842399580417
ACVR1::t98g::lapatinib,ACVR1,t98g,0.022124981236696623,134,0.029658497998796832,0.03147339616256334,4.644904200863115e-05,0.05715100636701285,0.051765574744897826,0.056823536241966684,0.05553084484202071,0.05288895956155737,7.221835825288449
ACVR1C::a172::nintedanib,ACVR1C,a172,0.0283611803269606,82,0.040352265581446264,0.03849531500862429,4.2875157634493836e-05,0.05894949689732618,0.05966787547121038,0.05587679476016991,0.05416383335328132,0.05752960144105738,6.917705609835306
ACVR1C::u87mg::none,ACVR1C,u87mg,0.032941909144709694,91,0.046434713155718586,0.04544500171618941,5.439066960710538e-05,0.06880349210863815,0.06657650216221984,0.06692283871184426,0.06580057197938957,0.07065845647505727,6.917705609835306
ACVR2A::t98g::lapatinib,ACVR2A,t98g,0.02348569394017909,112,0.034280108576449586,0.03338513138118797,-4.537173232452475e-05,0.05769457702364784,0.056902929665051075,0.051717768491735684,0.05362768254903097,0.05849841772896646,7.095893221097532
ACVR2B::a172::nintedanib,ACVR2B,a172,0.023450447081633408,125,0.0331915980786494,0.03138753278388291,5.305066044388858e-05,0.054964888066629,0.053704385615014734,0.05959312997396691,0.06084190446062322,0.054338352134468824,7.16703787691222
ACVR2B::t98g::lapatinib,ACVR2B,t98g,0.020664355001113903,167,0.02883558791135495,0.02800520110219608,4.5045848189779026e-05,0.05787255060361204,0.0629654589122206,0.057039582553026685,0.05489027798434632,0.05757517160021655,7.16703787691222
ADCK1::a172::nintedanib,ADCK1,a172,0.02267407379906543,115,0.03102955344061149,0.03287109471922379,8.936822991351284e-06,0.05206122577207585,0.0526232977952221,0.05467073950689634,0.051186912239729196,0.05560300856786061,6.97354301952014
ADCK1::t98g::lapatinib,ADCK1,t98g,0.023720421517300173,112,0.03226613566280559,0.03316370734669985,5.5574383319820025e-05,0.05881735449120892,0.0527732244332179,0.05231772354564606,0.055515893847092025,0.05714732850115023,6.97354301952014
ADCK3::t98g::lapatinib,ADCK3,t98g,0.024097005930285985,114,0.03431762702947261,0.034586633163859126,-2.568402083856053e-05,0.057916446977325044,0.05515267174479185,0.05526697050404443,0.05947910289892849,0.0600076053550886,7.078341579557671
ADCK4::a172::nintedanib,ADCK4,a172,0.02641462126268516,87,0.03693285579166398,0.03752557004507189,9.246959318856957e-06,0.05559491186489309,0.056877247182670766,0.05847267697361763,0.05330589158291625,0.05486553906498404,6.911747300251674
ADCK5::a172::nintedanib,ADCK5,a172,0.026898313798074436,90,0.036912218782107376,0.03872468122746278,1.8330935481266848e-05,0.05786121408611555,0.06205292146220787,0.05362128893223449,0.05647921579506448,0.05856432480308705,6.723832440821209
ADCK5::t98g::lapatinib,ADCK5,t98g,0.0268641438201027,79,0.03821455710658201,0.037483588119291596,9.750154089183956e-06,0.05583101826554038,0.055665043956887164,0.05650435346609371,0.05325666203163424,0.05344430236801042,6.723832440821209
ADCK5::u87mg::none,ADCK5,u87mg,0.03360340933074248,83,0.04439824007598075,0.048233787654992054,0.00012358087466851677,0.06733627170443793,0.06593023646370083,0.0661651662684424,0.06395143426240098,0.06899281007589107,6.723832440821209
ADRBK1::t98g::lapatinib,ADRBK1,t98g,0.019543354930034458,174,0.0266327663567138,0.02814536944667137,1.4668193975046733e-05,0.055008332131089736,0.053612594257607164,0.05641582414654963,0.056405234024517546,0.05726905839096575,7.068172000388042
ADRBK2::u87mg::none,ADRBK2,u87mg,0.032796095256475796,79,0.04424272741719245,0.04864371706062396,6.592264670528227e-06,0.06261912491655106,0.06581367093810045,0.06577880365413209,0.06343819487004036,0.06534253387450333,6.91968384984741
AKT1::a172::nintedanib,AKT1,a172,0.025367929847176996,113,0.035742153877494964,0.034787295280422036,4.0598978607708554e-05,0.0589402450219223,0.05803560075290005,0.05579143503850332,0.05507483073879157,0.05900913136497929,7.183870715062453
AKT1::u87mg::none,AKT1,u87mg,0.02857657373640732,112,0.038573286647175443,0.040516230393790154,7.209366261616195e-05,0.06719862014830869,0.06356062502396774,0.06738188071705659,0.06652031387665835,0.07271281248011355,7.183870715062453
AKT2::a172::nintedanib,AKT2,a172,0.021972172516972494,124,0.032302528219678724,0.03069257633787118,-2.90926736584647e-05,0.05501966618329341,0.05619904931001993,0.05354645388637895,0.056237578596473756,0.052435261012535934,7.097548850614793
AKT3::u87mg::none,AKT3,u87mg,0.031176442346560636,98,0.04484817643472427,0.04238268837165739,3.494802311724937e-05,0.0661808909639582,0.06425942144084232,0.06948162939361648,0.06639516991264312,0.06768509078427072,6.866933284461882
ALK::u87mg::none,ALK,u87mg,0.03218323109852241,77,0.04644667010848223,0.04755294721155176,-0.0001372777034875421,0.06508509667874114,0.06793124821646017,0.06634744585349613,0.06540473361205335,0.06289809633898955,6.894670039433482
ALPK1::a172::nintedanib,ALPK1,a172,0.03484272501059557,52,0.04978199067600786,0.05293315513666772,-0.00020380978822576715,0.05580009190674391,0.05746473807076136,0.05729240505619765,0.054965526518851865,0.054470567564356816,6.39024066706535
AMHR2::a172::nintedanib,AMHR2,a172,0.02489285308902835,113,0.034898261203907065,0.036699371448883425,-4.056683549938416e-05,0.0609448309076098,0.05279607345907941,0.055206350374089726,0.05837664353959476,0.05530725225436239,6.96979066990159
AMHR2::t98g::lapatinib,AMHR2,t98g,0.023932535181684433,120,0.0333748655455318,0.03248392116951488,5.9726474787089815e-05,0.05554751347240122,0.05573599316326407,0.05210340895562807,0.05315868893632055,0.055602328920623674,6.96979066990159
ANKK1::t98g::lapatinib,ANKK1,t98g,0.028266350933570057,88,0.039336219142213746,0.03784546228957134,0.00010483425473219938,0.05780174779535676,0.05551862320746565,0.05130219291601607,0.05791577087974226,0.05560784113186856,6.970730078143525
ARAF::u87mg::none,ARAF,u87mg,0.03098304881919177,90,0.04497532357950789,0.04420835750556762,-7.121787679893857e-05,0.06733174159528413,0.06563066091875808,0.06793571876837629,0.06490369272568239,0.07064815772655733,7.045776576879511
ATM::a172::nintedanib,ATM,a172,0.025531581327904243,99,0.036052631912507814,0.03548934587516549,2.354510426277974e-05,0.05329710555521921,0.057713633116055665,0.06068145024458767,0.0589134594391295,0.057799964858060826,6.946013991099227
ATR::u87mg::none,ATR,u87mg,0.04453304806783717,43,0.059690035179085,0.0642622269629058,0.00014162490032477678,0.06503644755319744,0.06580742415685582,0.06566852227628088,0.06381378634543254,0.06522398552781504,6.030685260261263
AURKA::t98g::lapatinib,AURKA,t98g,0.03209421683520925,66,0.043978150866592576,0.04366396308272025,0.00013729607451633683,0.0574843006078674,0.05630578452799479,0.058179187709396445,0.05705636645598594,0.060875075283201754,5.062595033026967
AURKC::a172::nintedanib,AURKC,a172,0.027429629409474538,89,0.03717953345673881,0.03898097905840916,5.6892688158612786e-05,0.058125511486861604,0.056240313156515405,0.05793906576751968,0.05956231969803874,0.059672986040641654,6.692083742506628
AURKC::u87mg::none,AURKC,u87mg,0.0353950576516725,70,0.047305735058331945,0.049930227426471074,0.00014566935951888902,0.06256305138807476,0.06335381635939973,0.06737564890910297,0.061683971686489716,0.061522648783671564,6.692083742506628
AXL::t98g::lapatinib,AXL,t98g,0.026830561785865324,89,0.03793660243699573,0.038291477660885836,-1.2834512844660828e-05,0.057218694897939584,0.05401271197444652,0.060388012308611974,0.06291265233000101,0.057406613161022364,6.705639094860003
AXL::u87mg::none,AXL,u87mg,0.03224741482835998,85,0.04448190154158347,0.04718432750964649,-2.0088054225339915e-05,0.06527387858862635,0.06581136260263534,0.07002680908509773,0.06731980495071592,0.06690364099097378,6.705639094860003
BCKDK::a172::nintedanib,BCKDK,a172,0.02579576694410036,92,0.035965544395563,0.03622298158213657,2.8030795284172502e-05,0.05444124675325233,0.057549940739777865,0.05911153641722201,0.057655360163264516,0.05179896013320534,7.030857476116121
BCKDK::u87mg::none,BCKDK,u87mg,0.032145156692052056,85,0.045133359946445836,0.04633694429077151,-2.444183525850508e-05,0.06474677016768714,0.06123883100060547,0.06325952294900654,0.06812277157783177,0.06210222568799519,7.030857476116121
BCR::a172::nintedanib,BCR,a172,0.022114580863470644,138,0.030024813812010123,0.03188616274634186,2.15534980420858e-05,0.058510044934199014,0.05354874388198604,0.05542438941438991,0.05606736357793438,0.059593510935201884,7.136483208590247
BCR::u87mg::none,BCR,u87mg,0.030665954975781493,92,0.042042809344288855,0.04361356852939453,4.5931000439107394e-05,0.06046239135043414,0.06480710984499825,0.06534723236127885,0.06900617609534325,0.06612569609102269,7.136483208590247
BLK::a172::nintedanib,BLK,a172,0.027515889088648264,80,0.040987200446198004,0.03918244588661167,-9.335902835944779e-05,0.05801020004798012,0.059806183989146854,0.056989737079372244,0.05767793334128542,0.05574892936439354,6.807934943699926
BRAF::a172::nintedanib,BRAF,a172,0.025504860696208744,111,0.037172836756513165,0.03429828286323104,1.9946763797461383e-05,0.05489857057603023,0.0626609574336071,0.06414928969410891,0.05577931549402814,0.058103860573575514,7.026426808699636
BRAF::u87mg::none,BRAF,u87mg,0.02993906603141509,97,0.04110497981191592,0.04398687471126839,-1.3699163885460155e-05,0.06157151619201616,0.06383954647984792,0.06728190309044041,0.06635300992718582,0.06811561949729944,7.026426808699636
BRD2::a172::nintedanib,BRD2,a172,0.019260692453185582,180,0.026511839831211446,0.026418251802049878,4.0649530020111164e-05,0.057331329627145364,0.05829161266758616,0.05386223176045574,0.0539689858288855,0.060517429956007215,7.5126175446745105
BRD3::u87mg::none,BRD3,u87mg,0.03184091703005321,89,0.04324346384799916,0.04645147588249839,2.3703619302539728e-05,0.07077108356663282,0.06085909126604996,0.06650635744873223,0.06588322641954461,0.060440055941557595,7.2682230211595655
BRD4::u87mg::none,BRD4,u87mg,0.034513477321349864,67,0.04665261109276739,0.05073007798602301,2.0415514833450635e-05,0.06457049843038268,0.06604961906792285,0.06303709137579104,0.06069572658014654,0.06260572700067019,6.837332814685591
BRSK1::t98g::lapatinib,BRSK1,t98g,0.02541188898060171,94,0.03644255064131324,0.03711232685107866,-6.075560827619516e-05,0.051814990040564016,0.05374930924059551,0.05491119015177358,0.05604364601172464,0.05549816581988905,6.898714534329988
BRSK1::u87mg::none,BRSK1,u87mg,0.031355858509709574,93,0.04323092302090535,0.044613507453864575,3.869097924305315e-05,0.06474966429800254,0.059996200602710915,0.06664509516644185,0.06638003868845722,0.06338478225631172,6.898714534329988
BRSK2::t98g::lapatinib,BRSK2,t98g,0.024347605511590042,122,0.03478883915051735,0.03337917890035213,2.339533154487906e-05,0.06233201293401478,0.05310791379696742,0.05544679156538367,0.05210071862127227,0.05815455038260688,6.8885724595653635
BTK::t98g::lapatinib,BTK,t98g,0.032904074273985534,68,0.044069380099092156,0.043917476407811205,0.00022805864303083117,0.05923652173644233,0.055220568598537,0.05912161929533351,0.056751768126859385,0.05643482664921544,6.61338421837956
BUB1::a172::nintedanib,BUB1,a172,0.02799371850172422,81,0.04105349587228899,0.0403751867599394,-9.492601096774689e-05,0.053187146175222064,0.05674506894529755,0.05799638886270861,0.05680252522927573,0.05971204688686423,6.831953565565855
BUB1::t98g::lapatinib,BUB1,t98g,0.026932260433596426,93,0.03985129006513553,0.035105070573286254,3.6463447860046e-05,0.0589634885330778,0.05675287422546139,0.05512879087116349,0.06004265133605168,0.05272949201238116,6.831953565565855
BUB1B::a172::nintedanib,BUB1B,a172,0.05259888080829208,21,0.07372232635867802,0.07667443907314248,-0.00011563851319292357,0.05428104322340277,0.05442505167198567,0.052522463745538685,0.0544391652871242,0.0535225508158509,3.8066624897703196
CAMK1::a172::nintedanib,CAMK1,a172,0.02708154436150506,90,0.03951952260467304,0.035568678036613545,3.745532119060419e-05,0.05673511940042564,0.05710448476817421,0.05872444613456377,0.057312189162481264,0.05708168333012514,6.974478911025045
CAMK1::t98g::lapatinib,CAMK1,t98g,0.02746816570621675,124,0.033391464534767,0.037906449726042325,0.000242364473951353,0.060843608902918386,0.05881790390647475,0.06623890707908647,0.05756855163053862,0.06793159431848116,6.974478911025045
CAMK2B::t98g::lapatinib,CAMK2B,t98g,0.021812047035845022,148,0.030051129727753433,0.02955458931063642,6.270800303783154e-05,0.05640577818872694,0.05815447862024643,0.06541344256801487,0.05691917322004689,0.053383469041871405,7.073269717459711
CAMK2D::a172::nintedanib,CAMK2D,a172,0.0206789480674134,152,0.029291358649114745,0.028688117553689458,1.4138623513898496e-05,0.052228752498900716,0.055409625470155766,0.06352922350836063,0.05997607064004738,0.05648556160213221,7.311218384419629
CAMK2D::t98g::lapatinib,CAMK2D,t98g,0.020990700918289064,141,0.031701479156134894,0.029920627985889448,-6.972442339477346e-05,0.05813724293619213,0.05539323142337216,0.05624970530644176,0.05267370405266439,0.05608275909201682,7.311218384419629
CAMK2G::t98g::lapatinib,CAMK2G,t98g,0.025554693278940516,98,0.03619506039634113,0.036507765062966886,-1.5364956332328348e-05,0.05638313474234305,0.05728831543987475,0.06160566968295114,0.0584834367016172,0.06045530454231798,6.853299093186078
CAMK4::u87mg::none,CAMK4,u87mg,0.03152911917654745,85,0.04362155023370625,0.0450478428498452,2.414139486650858e-05,0.0653466345105558,0.06487393413527064,0.06532075406378159,0.06427593064707766,0.06501585453934067,6.848005274576363
CAMKV::t98g::lapatinib,CAMKV,t98g,0.022416487503555394,126,0.02987284210432861,0.0345689076436198,-3.0175403283454457e-05,0.056669151586422925,0.05928380075877471,0.05943754889802965,0.05415144067327291,0.05491244625834924,6.914730892718563
CASK::u87mg::none,CASK,u87mg,0.033733266057513644,77,0.046365713731200485,0.04744526283864078,7.640729032155304e-05,0.06518668916227269,0.0629289297092987,0.06150366891096568,0.06659463573581316,0.06500863099403555,6.928537818164665
CDC42BPA::a172::nintedanib,CDC42BPA,a172,0.026133680915598,101,0.037743775237107056,0.03634537113204926,-8.01189652400854e-06,0.05722926184003218,0.054641599693701415,0.057496415976659256,0.05254257062241036,0.05829465572849606,6.98100574072173
CDC7::u87mg::none,CDC7,u87mg,0.0496826291614205,34,0.06813513407087349,0.07249367551159866,6.817115848306322e-06,0.06326187537402746,0.06365013423864146,0.0669238583239622,0.0646913098786403,0.06597836302783122,6.059123195581797
CDK1::t98g::lapatinib,CDK1,t98g,0.03519221330793618,53,0.04956368655013553,0.05009281251599578,-5.831762210273047e-06,0.057822548538283995,0.057753348757414995,0.056544306247798624,0.05295335871790617,0.05525390292824635,6.035481432524756
CDK10::a172::nintedanib,CDK10,a172,0.033953039520134044,61,0.043998300200248516,0.04878614056426651,0.00016467535672748162,0.05645744161584565,0.05808090448253201,0.05700504872151887,0.06451728550504492,0.05840171462129693,6.634633357861686
CDK10::t98g::lapatinib,CDK10,t98g,0.023664282221903626,109,0.0348355811282788,0.03330130301312233,-4.231113350603849e-05,0.05270587639441923,0.05421235083670733,0.05495002098962325,0.060663112643872454,0.05539399289625631,6.634633357861686
CDK10::u87mg::none,CDK10,u87mg,0.045367774144135516,44,0.061583001624427355,0.06948438494141984,-0.00013640577246448537,0.06797463880785937,0.068815146507621,0.06865924337950073,0.07084487348247966,0.06731528304630657,6.634633357861686
CDK11A::u87mg::none,CDK11A,u87mg,0.03879619769696762,60,0.051888606655834044,0.06009430362555307,-0.0001145859780507594,0.07229589981584973,0.07071175568864123,0.065229134476748,0.06718522771206073,0.06638931869172392,6.716594773520978
CDK12::t98g::lapatinib,CDK12,t98g,0.026791778474744666,102,0.03654751124693428,0.03679408341427709,9.08362113587989e-05,0.06024293769256054,0.05625307558856199,0.06156409422872463,0.055236831480949496,0.055601186800941345,6.476972362889683
CDK13::u87mg::none,CDK13,u87mg,0.036086026972709295,70,0.04889871556907629,0.05126344653253541,0.00010055870680372065,0.06763789108599584,0.06657672121684731,0.06597074366259693,0.06334747971517024,0.06727288884169876,6.853299093186078
CDK15::u87mg::none,CDK15,u87mg,0.036277937186590996,70,0.05135946999056452,0.049881482034713535,6.288262849231373e-05,0.06684013746682214,0.06563846158348059,0.06716218100007824,0.06816279540352609,0.06450516176790826,6.880384082186005
CDK16::a172::nintedanib,CDK16,a172,0.025887809112584245,88,0.03587379271990593,0.04013600814382352,-9.702492876186918e-05,0.04995884125128568,0.05226084945310543,0.05458695680285448,0.057657775578152715,0.054614431676436995,7.039660349862076
CDK17::u87mg::none,CDK17,u87mg,0.03035309000398699,93,0.04186676752732495,0.04177676914124278,9.15902455047356e-05,0.06729994386097862,0.06721908627017822,0.06386275287576956,0.062354196903919294,0.06421239272655742,7.047517221357296
CDK19::a172::nintedanib,CDK19,a172,0.028264804988828406,86,0.03865500020935302,0.03883941960147186,9.60159304264737e-05,0.05547543052611303,0.056741885030407994,0.0577562243381871,0.05954960148609731,0.054889991985601384,6.910750787961936
CDK19::t98g::lapatinib,CDK19,t98g,0.023252414806898252,118,0.03308364612696787,0.03301856011572677,-1.1416899597073465e-05,0.05947430891938663,0.056733570723198595,0.05482284942675528,0.05681345192573655,0.055571944224287545,6.910750787961936
CDK2::t98g::lapatinib,CDK2,t98g,0.030834623045678602,63,0.042714830424289967,0.04446784271959188,3.5502524002580713e-06,0.05463800473774886,0.05747885859669846,0.05670194602136599,0.05719021211446268,0.054279931297016706,6.57507584059962
CDK20::a172::nintedanib,CDK20,a172,0.030364627575428082,69,0.042420385165268,0.04538146906831839,-7.795311195992419e-05,0.05612909446891589,0.05582651499831904,0.0602883557893139,0.06179394070999,0.05775510961480278,6.673297967767654
CDK20::u87mg::none,CDK20,u87mg,0.039992957750697035,61,0.05532270998917279,0.054925355380245275,0.0001586827404933523,0.06915102027896936,0.06605940497141236,0.06946314278029936,0.0683855516528224,0.06721459400407,6.673297967767654
CDK3::t98g::lapatinib,CDK3,t98g,0.023473289932000874,130,0.032535630256121745,0.03216176195369864,5.491077933906037e-05,0.060240952424038416,0.05808926522401243,0.05898422598293987,0.05023502799291057,0.05960827596535101,7.083387847625295
CDK4::a172::nintedanib,CDK4,a172,0.02740406567435346,82,0.03817683841646086,0.039868695089641484,-1.9223492467160644e-05,0.05925867745919368,0.05641270617365401,0.05306357292571632,0.05724873107652988,0.054592731411262696,6.390240667065349
CDK4::t98g::lapatinib,CDK4,t98g,0.026770413979042673,92,0.03899768917001404,0.03738151922545755,-2.9175601184622013e-05,0.057466221097109825,0.05745769343958464,0.06304312277348667,0.05526441496373705,0.055946669759517585,6.390240667065349
CDK5::u87mg::none,CDK5,u87mg,0.037248161854573594,62,0.0513682267879526,0.057073524666060166,-0.0001564625177855181,0.06681106827879485,0.06915648564241451,0.06407957114315044,0.06414089388187587,0.06525330774214533,6.777646593635117
CDK6::u87mg::none,CDK6,u87mg,0.022259392444303458,188,0.030426916454257217,0.0312024551216855,4.187184827968302e-05,0.06400218468115984,0.06629032961007983,0.060376271000115486,0.06222344424028008,0.0643915237184943,7.743269700829004
CDK7::a172::nintedanib,CDK7,a172,0.028650830967984594,76,0.039340208360894115,0.04041790921533935,5.2307204408263345e-05,0.05543650501187548,0.056234350922517405,0.05417164794808306,0.05682026530483981,0.05492125139891536,6.586171654854675
CDK7::u87mg::none,CDK7,u87mg,0.03422662006786441,70,0.04671849816739794,0.05316078921588446,-0.00014519931349670553,0.06679887923397876,0.06415137424927497,0.06309704826230947,0.06165803904068045,0.06669838774648841,6.586171654854675
CDK8::a172::nintedanib,CDK8,a172,0.03766483025021315,44,0.051964570488449865,0.05279641188322548,9.187176915350218e-05,0.058117222367301276,0.055079367779437866,0.058215775385603026,0.0576961687995776,0.0572618689167596,6.6240652277998935
CDK8::t98g::lapatinib,CDK8,t98g,0.025105781791366084,97,0.035035379372982074,0.03666306364549563,-2.2870921725359635e-05,0.05457950610273406,0.053891169166950144,0.05697845260311281,0.04966881800460271,0.05851091720782285,6.6240652277998935
CDK8::u87mg::none,CDK8,u87mg,0.036489983129501406,73,0.051233191848277536,0.0503992251977578,7.894595394325143e-05,0.06577864241176891,0.06566452312721908,0.07087364951104463,0.06457215115799488,0.06713737137812123,6.6240652277998935
CDK9::t98g::lapatinib,CDK9,t98g,0.01807663286164418,211,0.024033957950841015,0.024961898224614434,5.370147863695989e-05,0.055640142823111506,0.057989400304823926,0.05601412933862589,0.05536051889125032,0.05377947466766197,7.413970290190444
CDK9::u87mg::none,CDK9,u87mg,0.022877192619101965,170,0.030215557965888196,0.03153105698455375,9.397477593919677e-05,0.0653302890934818,0.06450390040867174,0.06512176063298347,0.06558446289241433,0.06375949354745128,7.413970290190444
CDKL1::t98g::lapatinib,CDKL1,t98g,0.02124553594938577,155,0.029900118253683553,0.030459501334318594,-7.844221582422686e-06,0.05649364062452209,0.05937829181555991,0.05539686028400847,0.06094492594133286,0.0561524378643778,7.242797922793756
CDKL2::a172::nintedanib,CDKL2,a172,0.026615555496836873,87,0.03704989843273353,0.040807271654060825,-9.401901027991588e-05,0.05314589550477601,0.05235669536981051,0.05460728470601236,0.056597766304378724,0.05570778263451754,6.687108607866515
CDKL2::t98g::lapatinib,CDKL2,t98g,0.024243545257427248,116,0.03291590373670062,0.03368764870840191,6.691817818767937e-05,0.05664633271427153,0.054995568838689175,0.057307869059315314,0.05861273598147727,0.06014700167696066,6.687108607866515
CDKL4::t98g::lapatinib,CDKL4,t98g,0.0318403263223243,69,0.04383175303446547,0.04324168877261866,0.00012650167849060672,0.057290057899995826,0.05418505332644601,0.056636979561064706,0.05797462868557856,0.05631658600869887,6.473890696352274
CDKL4::u87mg::none,CDKL4,u87mg,0.049510817578705624,33,0.06744936131126998,0.070089973358587,0.00016692917521355212,0.06503851307354873,0.07052000519605471,0.061702411302811816,0.06629902032490079,0.06435298560628082,6.473890696352274
CDKL5::a172::nintedanib,CDKL5,a172,0.02531877259225044,101,0.03537301193718008,0.03530203172338732,3.0103874812396727e-05,0.06124585815964309,0.05734878407927528,0.053396482000464145,0.05846559834180308,0.058264896341696265,7.283448228756631
CHEK2::a172::nintedanib,CHEK2,a172,0.024583683427816392,106,0.03453676265423857,0.03461913929644684,1.2764978466238568e-05,0.055115296660854185,0.059923904807320495,0.05256996461880005,0.05879946176811271,0.05344380414408097,7.155396301896734
CHUK::t98g::lapatinib,CHUK,t98g,0.02343779864548958,126,0.030818286496814735,0.034206967623064646,4.1960235986603276e-05,0.05868997213524627,0.055272442428433835,0.054971907563947334,0.055552578730857484,0.05891044810288302,7.107425474110705
CIT::a172::nintedanib,CIT,a172,0.03996192855674121,43,0.05328141134113714,0.057753174947309145,0.00012441857382629944,0.0536112561305067,0.05847497633534494,0.06003961582597873,0.058450258741884406,0.05538749854264104,6.393590753950632
CIT::t98g::lapatinib,CIT,t98g,0.030611776488758374,70,0.04074747388609337,0.04386977818093826,8.786177494958976e-05,0.054875913739385225,0.05134674272136063,0.05935036622728473,0.05704445138713152,0.05490318741608936,6.393590753950632
CLK1::t98g::lapatinib,CLK1,t98g,0.03109918662151783,68,0.04286700131154897,0.044190865697001425,3.9470958597637954e-05,0.05411362920429071,0.05701316748698648,0.05475433952203141,0.0545861877335261,0.05281880143327227,6.51025834052315
CLK2::a172::nintedanib,CLK2,a172,0.025158907183820193,102,0.03568780586404552,0.03434061402905364,3.395902255784902e-05,0.05785862999778421,0.05564981844310711,0.05418242148070328,0.059220384378286764,0.057893509373487674,7.003065458786462
CLK2::t98g::lapatinib,CLK2,t98g,0.02201749772283107,141,0.03031280078010171,0.03176938327232579,6.053753683095543e-06,0.062357157911081644,0.0540710162452134,0.0583024118570165,0.055641404942162465,0.058256334996886594,7.003065458786462
CLK3::a172::nintedanib,CLK3,a172,0.017698919531298773,210,0.024761910603249167,0.0249665405782071,8.235833067552568e-06,0.05378162928244597,0.05459680882379035,0.05485186224554637,0.05120880867137446,0.053192037491892635,7.5406215286571525
CLK3::t98g::lapatinib,CLK3,t98g,0.02014863760138769,193,0.0257397249043913,0.028485371814749853,7.837531831392183e-05,0.05696524839871915,0.05709002314336949,0.05544622325943848,0.060023754063821974,0.06312529120262375,7.5406215286571525
CLK3::u87mg::none,CLK3,u87mg,0.024911053037351298,161,0.03385823116971651,0.03474256287898451,6.432355719193762e-05,0.06577542338213511,0.06989076752403892,0.06599714460672591,0.06733147493495265,0.0675366115938377,7.5406215286571525
CLK4::a172::nintedanib,CLK4,a172,0.02601550872195089,95,0.03643591647227365,0.03624344180260072,3.274189782150319e-05,0.054051912566465125,0.05424052478079534,0.05842606259999131,0.05572850186648264,0.05964702555004944,6.949856455000773
CLK4::u87mg::none,CLK4,u87mg,0.036177319193113476,67,0.04839600113514279,0.054670995122605995,-1.4610171903703766e-05,0.06560055914272042,0.06620216943869484,0.06426548647877565,0.06420978130658168,0.06583115483197877,6.949856455000773
CSF1R::u87mg::none,CSF1R,u87mg,0.033344637842774145,80,0.045796053046712394,0.04582121049394105,0.00012412252151131173,0.06529745567044297,0.06635475144355742,0.06530538557808035,0.06288456071960997,0.06306252724623466,6.862757913051401
CSK::a172::nintedanib,CSK,a172,0.02244214955377886,124,0.031541326137184626,0.032879761618857715,-2.899569680919977e-05,0.05423294204918568,0.05845961358171544,0.05533782195088748,0.05540534921258028,0.05696594856429417,7.373374309910049
CSK::u87mg::none,CSK,u87mg,0.027421818473735683,117,0.03731261660365884,0.0396449511646414,2.3363057135854614e-05,0.06315015298746801,0.06139354194823032,0.0651953029395569,0.06321591120013949,0.06640500834364757,7.373374309910049
CSNK1A1::a172::nintedanib,CSNK1A1,a172,0.028086155906666837,85,0.03904902640240522,0.03946747410633605,3.6588591378286974e-05,0.05876237895835274,0.05567635880001203,0.054442425981432604,0.05688474998868783,0.05697919205991379,6.825460036255307
CSNK1A1::t98g::lapatinib,CSNK1A1,t98g,0.02440102617529378,106,0.03716646423138434,0.03382457188234111,-7.685690471655713e-05,0.0550501739734529,0.055223864558009844,0.05535626587141061,0.05649968461710533,0.062458007500360485,6.825460036255307
CSNK1A1L::u87mg::none,CSNK1A1L,u87mg,0.030189838919945405,101,0.04170788256874019,0.04135428899420856,9.568064872341279e-05,0.06514537532112459,0.06609310420227477,0.0680298888075838,0.06747277018324249,0.0687273714243452,7.198183577101943
CSNK1E::u87mg::none,CSNK1E,u87mg,0.0336690727943028,78,0.04477476091662326,0.05132817886536299,-3.786886640651842e-05,0.06184111559679299,0.06506614131882522,0.06661654625017972,0.06767693050018059,0.05910729287167508,6.963189985870238
CSNK1G1::u87mg::none,CSNK1G1,u87mg,0.030429293399614515,100,0.042364943211578104,0.043288034400884155,1.841757453559295e-05,0.06615460910050001,0.06418777602281994,0.06366787083134466,0.0667921180549956,0.06677515555070547,7.2115567333138015
CSNK1G3::a172::nintedanib,CSNK1G3,a172,0.02630149372670466,117,0.03605385140770695,0.035166665385850754,0.00011462554013970585,0.06136063143835286,0.05650570478343688,0.05914383070741229,0.05765974330207479,0.05637230873785673,7.241366283322318
CSNK2A2::a172::nintedanib,CSNK2A2,a172,0.023927546263999122,124,0.03571942014072944,0.03215570753794839,-1.4083835993693478e-05,0.0548697360794509,0.058225945265585714,0.06327684562264034,0.057939819737448744,0.057151804900747345,7.239214973779806
CSNK2A2::t98g::lapatinib,CSNK2A2,t98g,0.019933000421733453,180,0.02715112307259356,0.027016919905810514,6.093647795013778e-05,0.05808279322883666,0.06080826164352087,0.06132705346809936,0.061535034590383716,0.05411807918792784,7.239214973779806
DAPK1::a172::nintedanib,DAPK1,a172,0.02582202504496601,115,0.036596928814637206,0.03278986586991262,0.0001186667595726798,0.057823977787959224,0.055478262130159245,0.05558573174698208,0.056875753825384026,0.05941371801614492,7.325148957955575
DAPK1::u87mg::none,DAPK1,u87mg,0.025267569830412475,140,0.03513940972094914,0.0353325299752755,3.5265510323184286e-05,0.06917909101926803,0.06445889977566874,0.06616610362813653,0.061834191805873955,0.06850967397176222,7.325148957955575
DAPK2::a172::nintedanib,DAPK2,a172,0.02241403668191981,135,0.03145108405304984,0.030317037665317216,5.006287005782568e-05,0.05866280739217804,0.0562924671044137,0.060074173110147185,0.06285835832502494,0.059489130652856735,7.199678345691172
DAPK2::t98g::lapatinib,DAPK2,t98g,0.020562742986455683,170,0.026214779047950942,0.031351695594139646,1.394640941761443e-05,0.05906416928127447,0.0572200717442126,0.055310703574137254,0.05584249617412157,0.05768147479591687,7.199678345691172
DAPK3::a172::nintedanib,DAPK3,a172,0.03472327270669407,57,0.04647306731885823,0.046760965995038276,0.00023428624526706607,0.05494410844580941,0.05536695356126294,0.05284438782892702,0.06026506086635822,0.05642358350332731,6.786716950605081
DAPK3::t98g::lapatinib,DAPK3,t98g,0.02714073359870573,105,0.03709772012990925,0.03801100749675351,6.356038297288902e-05,0.06102404840991361,0.057419304341722335,0.062432876712587446,0.06465486527268487,0.057694743025883455,6.786716950605081
DAPK3::u87mg::none,DAPK3,u87mg,0.03353778026334499,75,0.04533082419153751,0.050757594529416916,-4.8968434056346126e-05,0.0670613263745026,0.06630154751233586,0.06399847093660904,0.0645273567683796,0.06691521880498212,6.786716950605081
DCLK1::a172::nintedanib,DCLK1,a172,0.027188912503855495,104,0.034986742055085916,0.040363939785274236,6.53840009325194e-05,0.05529815034715579,0.05506503077144108,0.05642609622800316,0.05782715318900936,0.05795642401706403,7.122059881629142
DDR1::t98g::lapatinib,DDR1,t98g,0.019492858843852608,174,0.027404387748714985,0.026957727988795914,1.939052753216339e-05,0.06328261298221376,0.054102666725583205,0.060866116929118315,0.05841047676888164,0.05443257844407733,7.440733707389261
DDR2::a172::nintedanib,DDR2,a172,0.02720883436328883,91,0.038073928656456674,0.03744377697783856,5.174888736674783e-05,0.053159394480333945,0.06032190996926928,0.0556539777968855,0.05413331540592404,0.05870598535533629,6.880384082186005
DDR2::u87mg::none,DDR2,u87mg,0.03441351650898753,71,0.050195335432718986,0.048385760131058005,-6.480401566479457e-05,0.06124166449093037,0.0669375377040101,0.06466321105483111,0.06343966892037622,0.06400120735311993,6.880384082186005
DMPK::u87mg::none,DMPK,u87mg,0.034845712282059176,70,0.045627628689569134,0.05211341469947873,5.818454078968575e-05,0.06324840672932032,0.0643112892471908,0.06583855117588737,0.07242392358217248,0.0640893856970438,6.98933526597456
DSTYK::u87mg::none,DSTYK,u87mg,0.03760692945704699,71,0.05226288620732002,0.05178621592633188,0.0001207400503211956,0.06641966142970557,0.06768926942319761,0.06593241413714139,0.071691951096598,0.06460288264741845,6.905753276311464
DYRK1A::u87mg::none,DYRK1A,u87mg,0.035568147151018754,68,0.04864122987099353,0.053501690989955,-7.173556674189151e-05,0.06764062530403035,0.06694285533296539,0.06498106119233227,0.06164109879386411,0.06464052532595975,6.75343791859778
DYRK1B::a172::nintedanib,DYRK1B,a172,0.026943244727788158,87,0.035983165647730866,0.038023909259062794,8.525384152375495e-05,0.05927146011329058,0.05933254849284662,0.05718481349488177,0.05401400778478718,0.05713277575461306,6.795705775173514
DYRK1B::t98g::lapatinib,DYRK1B,t98g,0.024292421691026547,120,0.035323405626566766,0.031574773753373614,5.341230268714053e-05,0.05629299930219307,0.05645040904410699,0.05700297528847105,0.05489242806710405,0.058449876411321565,6.795705775173514
DYRK2::t98g::lapatinib,DYRK2,t98g,0.02192327780204127,139,0.030600635789878088,0.030880997587856875,1.6182116678797787e-05,0.05740213214438475,0.06329172118608135,0.054125249984293314,0.06051745717168346,0.054061868444154317,7.325148957955575
DYRK3::a172::nintedanib,DYRK3,a172,0.022555447811883407,120,0.03263350210308916,0.03163632856578029,-1.540492032797331e-05,0.05340120726946005,0.05591067750383059,0.05753357816001291,0.06163244364968673,0.0557605917527174,7.261927092702751
DYRK3::t98g::lapatinib,DYRK3,t98g,0.01917290529712207,183,0.02617603360978707,0.0269912850633021,2.8871856898869185e-05,0.05517037207111049,0.05242617265947169,0.061141603099304886,0.05746505941644679,0.06091230455385583,7.261927092702751
EGFR::a172::nintedanib,EGFR,a172,0.0230259487597064,132,0.03127078565234856,0.03382374993919532,1.7093555830363136e-06,0.05735179003091924,0.05809501032685198,0.051898001249211054,0.05642569682203154,0.05860280987159143,7.346010209913292
EGFR::u87mg::none,EGFR,u87mg,0.029232689658466312,106,0.03998570085423899,0.041518665037173094,4.955601145679128e-05,0.06485272184281413,0.06938478934258643,0.06381854753373499,0.06500223655400382,0.061662935428558566,7.346010209913292
EIF2AK1::a172::nintedanib,EIF2AK1,a172,0.02618817316580397,95,0.03526107679979871,0.038628971726462895,1.3215675954705978e-05,0.05687972982179124,0.05540190482701217,0.056837111047822006,0.0559400879752686,0.05489372566788608,6.899723107284872
EIF2AK4::a172::nintedanib,EIF2AK4,a172,0.034597263740822996,69,0.04562580389736816,0.04931385104194571,0.0001483943201087602,0.05778102643057273,0.06094753972335997,0.05719294584199869,0.05969210617527104,0.059364170837967585,6.302618975744905
EIF2AK4::u87mg::none,EIF2AK4,u87mg,0.040762271351669065,55,0.05784869243187307,0.057339132766075204,3.839366587128356e-06,0.06545147397452256,0.06492537990759106,0.0651431978624106,0.06667398656598114,0.06799366285979047,6.302618975744905
EPHA1::t98g::lapatinib,EPHA1,t98g,0.022815371093625775,115,0.03257186256860892,0.03375417882777622,-5.7795403055908796e-05,0.0590916143818626,0.05376508851606853,0.06361013961730695,0.05370562726895523,0.05608460284333932,6.8658910748834385
EPHA2::t98g::lapatinib,EPHA2,t98g,0.024757270301764354,111,0.03219404088259616,0.03691676378164546,3.416304741785403e-05,0.05854236458733377,0.055061416608002255,0.06349793924483393,0.05882865023142544,0.055381308042754665,6.7661917146603505
EPHA4::a172::nintedanib,EPHA4,a172,0.023892143741650187,137,0.03223543870319011,0.03167979656057653,0.00011999530515920711,0.05756740504796447,0.06507310402878075,0.06418919410503127,0.062450061920884294,0.056690212841892226,7.271703706887368
EPHA5::a172::nintedanib,EPHA5,a172,0.02971334803087264,69,0.04340947554275239,0.04482658735349823,-0.00017972019140685152,0.05313201005179036,0.056707621804314684,0.05826371453808143,0.055697581502040676,0.05636675083110598,6.679599185844383
EPHA6::a172::nintedanib,EPHA6,a172,0.02580850737490367,95,0.03415897872678402,0.038650389956843965,1.082485272583605e-05,0.05347252483238973,0.060232361516316876,0.05569685449221421,0.05428092609176598,0.05912658082484712,6.97914527506881
EPHA7::a172::nintedanib,EPHA7,a172,0.025826902435978894,101,0.03548856763160164,0.03723227284706659,1.3829042024234415e-05,0.05500987847602688,0.057661911220240954,0.05603433432269708,0.05350080793764221,0.055350977872861536,7.005789019253503
EPHA7::u87mg::none,EPHA7,u87mg,0.034022348551041574,73,0.04589675274650404,0.05151886663354381,-4.690422356335695e-05,0.06672147588852752,0.06235122403763638,0.06841626599746237,0.06494023725222177,0.06749957656264012,7.005789019253503
EPHA8::a172::nintedanib,EPHA8,a172,0.02679480696403975,87,0.0386220928242541,0.03698866664004195,4.401674885270641e-06,0.057776964347573845,0.05896646723180546,0.05451335446874608,0.05460036456517472,0.05552179416061811,7.068172000388042
EPHA8::u87mg::none,EPHA8,u87mg,0.032015812117869726,88,0.04320749162173805,0.045525114603883456,8.401257173600959e-05,0.06331204205027294,0.06579036842870573,0.0652886831016295,0.06280443359735306,0.0675916484451639,7.068172000388042
EPHB2::a172::nintedanib,EPHB2,a172,0.025214951451551764,102,0.034517422995356345,0.03540312212158653,4.993428448648862e-05,0.05812806609943403,0.060262693661183545,0.05864768892257657,0.05815640160287082,0.06044354708991137,6.860663671448287
EPHB2::u87mg::none,EPHB2,u87mg,0.031728607222280485,92,0.04197549371665675,0.04550829254231112,0.00010279727883376727,0.0659217438502677,0.06211638842999052,0.07030653679504151,0.07175086122662032,0.06546070142253603,6.860663671448287
EPHB4::u87mg::none,EPHB4,u87mg,0.027799632394530024,118,0.0386733991828276,0.03939354369113222,2.2077768715532918e-05,0.07151243400898456,0.0660950720069008,0.06328932067155751,0.06646311558845355,0.0722080486883765,7.233455418621439
EPHB6::a172::nintedanib,EPHB6,a172,0.0278817339492935,83,0.04009875786237352,0.04051285341558396,-7.082708085599088e-05,0.05894912719152955,0.05992301582390948,0.05512889384588417,0.058644662921671115,0.05917502935732232,6.890609120147166
EPHB6::t98g::lapatinib,EPHB6,t98g,0.021577252973185638,135,0.031199941781409765,0.029199675768185013,1.7182892730349435e-05,0.05542569285811057,0.05650535350457321,0.05229361379224907,0.053745772770833686,0.05624499685062056,6.890609120147166
ERBB2::u87mg::none,ERBB2,u87mg,0.029850004474099343,92,0.04279931032282723,0.040752361057344366,2.508802357789883e-05,0.06674672557497442,0.06654835429101733,0.0653949647350423,0.06083908061949999,0.06674913471582364,6.974478911025045
ERBB3::u87mg::none,ERBB3,u87mg,0.03043512256838503,97,0.04104540603867332,0.042973269627457095,8.837133313737035e-05,0.06580310469248056,0.06417459077251562,0.05979393299864349,0.06400493628779272,0.06360596505394885,7.1770187659099
ERN1::a172::nintedanib,ERN1,a172,0.03094272027855096,67,0.04571106221864973,0.04511358178760091,-0.00015433845467002302,0.057739266757619,0.05540897065752426,0.058390263706992476,0.05792630406376002,0.05643396196237436,6.70196036600254
ERN1::t98g::lapatinib,ERN1,t98g,0.029081205838996045,85,0.04004882959478686,0.040145133840336564,8.203481165052707e-05,0.06171308922731984,0.05561407931822837,0.06004033230503487,0.05955154003836719,0.06126743092318954,6.70196036600254
ERN2::a172::nintedanib,ERN2,a172,0.022921037864739154,129,0.033194135582304315,0.031028974555296712,1.7285074681711612e-05,0.0549613310454805,0.056906681030414887,0.059418378633219325,0.05501181809375907,0.05870689246078058,7.112327444710911
ERN2::u87mg::none,ERN2,u87mg,0.028880888422942397,107,0.04168366509593586,0.03848812805614999,5.6249485529798254e-05,0.06629223022116362,0.07059031720975938,0.06092281087943646,0.0636256370926491,0.06259359132137124,7.112327444710911
FASTK::u87mg::none,FASTK,u87mg,0.03459651101548309,75,0.045937964617219156,0.052205908808882734,-3.3070862669175404e-06,0.06376907186733176,0.06543866437601141,0.06598589481634179,0.060478070624458945,0.06882341318698854,6.946013991099227
FES::a172::nintedanib,FES,a172,0.025868021847157564,95,0.035423367330839305,0.03697603716183936,2.9559922835394614e-05,0.05887192097755866,0.05416045863396361,0.056838397243700566,0.057112526274052264,0.054520471283222224,7.002155954403621
FES::t98g::lapatinib,FES,t98g,0.024180460750262502,131,0.03235707381798692,0.03471215811126729,4.7890539530210605e-05,0.05832246342283779,0.05813639196330997,0.057067849068462795,0.06116357490900152,0.05651708210362629,7.002155954403621
FGFR1::t98g::lapatinib,FGFR1,t98g,0.026884585193629087,90,0.03805387072269853,0.03835742520946,-1.4345207391277494e-05,0.056584619904654944,0.05369862144191182,0.05694354335817065,0.05624945091338472,0.05354069294446781,6.587550014824796
FGFR4::a172::nintedanib,FGFR4,a172,0.025908674007913815,96,0.03579196026941652,0.03552582582556334,7.094441743882072e-05,0.05418277166624808,0.05761867527070118,0.058671683971202336,0.05436280392730916,0.05551868748338649,6.825460036255307
FGFR4::t98g::lapatinib,FGFR4,t98g,0.024963666851954662,110,0.034691375353503674,0.03491944892076263,3.483931307954554e-05,0.059882071032013866,0.05286903136410446,0.05543469329036662,0.06107034543731293,0.05851097924930865,6.825460036255307
FGR::a172::nintedanib,FGR,a172,0.02483537923962562,103,0.03383484860865267,0.0353857163951226,3.605185391920526e-05,0.05571909537325477,0.05723099195133156,0.057734033826735184,0.061145123357985755,0.063256968126756,7.1276936993473985
FGR::u87mg::none,FGR,u87mg,0.029421179657902734,108,0.04214754485602166,0.03985005219741335,4.4940361515299284e-05,0.0677097161263622,0.06900462155378788,0.06382510025416885,0.06559849066125947,0.06777042839761996,7.1276936993473985
FLT1::a172::nintedanib,FLT1,a172,0.028287540988120367,83,0.036949476561333225,0.04176613482513456,5.728065840071691e-05,0.055155642252593125,0.056277735374997986,0.05520138450924215,0.05772155635234729,0.05713543201398375,6.677083461247136
FLT1::t98g::lapatinib,FLT1,t98g,0.023605184750115873,114,0.032249270755026656,0.038597042201188654,-0.0001430076408926558,0.0555059227179831,0.052900881759796826,0.05933599622881638,0.055024315940327424,0.05434865072410459,6.677083461247136
FLT1::u87mg::none,FLT1,u87mg,0.034923705366493626,69,0.04792815533532814,0.05114843860448715,-8.092306988112136e-06,0.06453726482275979,0.0637839847139907,0.06437482352887071,0.06452372087201583,0.06337350445325989,6.677083461247136
FLT4::u87mg::none,FLT4,u87mg,0.033561459894688506,77,0.04991074207524342,0.04649716425836188,-7.847065551432075e-05,0.06579855057006537,0.06030448931651264,0.06561556782595956,0.06579666643260892,0.06645240414093381,7.00669522683704
FRK::a172::nintedanib,FRK,a172,0.026956226873618275,88,0.03783314267545535,0.038956749317528176,-2.0377838878113568e-05,0.056005877712732355,0.06092581424507374,0.05919042040824245,0.05658082341237148,0.052421432346221764,6.749931193788569
FRK::u87mg::none,FRK,u87mg,0.03170965259987532,80,0.04555887756286679,0.04653482501599112,-0.00011063051817050722,0.06364037451571124,0.0656469211741611,0.06662852318220026,0.06345096090839998,0.062209201058233944,6.749931193788569
FYN::a172::nintedanib,FYN,a172,0.02305842617219,134,0.03371652206152637,0.03132089291321333,-1.1145175706316489e-06,0.058571058465709876,0.05494880164456723,0.05949935460001414,0.0529834148404653,0.058188367239373824,7.061334366910438
FYN::t98g::lapatinib,FYN,t98g,0.020868080197590212,148,0.03011801822472061,0.029569008691832467,-2.1308941942704388e-05,0.05412851432108652,0.058163959006544565,0.05840163158056846,0.05743862300156492,0.05805217518580916,7.061334366910438
FYN::u87mg::none,FYN,u87mg,0.027325998338875095,105,0.039259050067659944,0.040610683181669334,-0.00010012949695930464,0.061955639966089986,0.06535379527152849,0.060912192500892734,0.06493721085240393,0.06400450848667516,7.061334366910438
GAK::a172::nintedanib,GAK,a172,0.025036333334949052,104,0.03365510522211146,0.03602892594478196,4.288892861552105e-05,0.060625428016553726,0.05609172691396847,0.059707457680476576,0.05389318056632943,0.05580121295056713,7.212294468500341
GRK1::a172::nintedanib,GRK1,a172,0.032155246887925294,59,0.04532557606641125,0.045684584199529345,-6.534105117000208e-06,0.05382061266068561,0.05635061692367043,0.05306747133722451,0.05610925194399951,0.05663910663932156,6.423246963533519
GRK1::t98g::lapatinib,GRK1,t98g,0.028628759809501223,91,0.04017941381772116,0.038276294505000634,9.298708521312846e-05,0.06285902088413814,0.05536442310280898,0.05706866199111034,0.057814629689989315,0.05661293480637762,6.423246963533519
GRK4::a172::nintedanib,GRK4,a172,0.02389675459068551,136,0.031926306484630365,0.03437240662773978,4.173406836827752e-05,0.059732038404414364,0.06287839087028138,0.055515215700929654,0.06151182627411359,0.060652180593067546,7.377133712833954
GRK4::u87mg::none,GRK4,u87mg,0.028617090033877596,113,0.03705920704900895,0.04054683407369829,0.0001353781100602222,0.06073198164233235,0.07064654906660058,0.06311371195478463,0.0656946125019042,0.06227494240787973,7.377133712833954
GRK5::t98g::lapatinib,GRK5,t98g,0.02475469130067842,111,0.034200799330199816,0.03386148003910618,6.60202899000626e-05,0.055097798428212545,0.05321952969555866,0.053013021160792984,0.05644865999633019,0.053416677789196995,7.1459844677143876
GRK7::t98g::lapatinib,GRK7,t98g,0.02319140335823063,135,0.03191317228588701,0.033226228893195285,1.5042118592822929e-05,0.0563206384628193,0.05566207890659156,0.059007652872377546,0.06006972706806578,0.06017500705707948,7.055312843339752
GRK7::u87mg::none,GRK7,u87mg,0.029654174780387395,91,0.04205864508885423,0.04266333108426209,-3.5462578683095644e-05,0.06441088411399162,0.06147775003282358,0.06105109822337208,0.06559267206347075,0.06107890279630877,7.055312843339752
GSK3A::a172::nintedanib,GSK3A,a172,0.027798308318978348,81,0.03835702144107464,0.03844659181533662,6.911782540977481e-05,0.05311565456770003,0.05455000828400356,0.057299176236964344,0.06386344379802918,0.05321872885558675,7.060476365999801
GUCY2C::a172::nintedanib,GUCY2C,a172,0.023240803698490305,113,0.03560607772845806,0.03432524137961929,-0.00014608052732379223,0.057779172250720774,0.054952660125823616,0.05349668787843415,0.05885447455170609,0.058313469840535974,7.132497551660044
GUCY2D::a172::nintedanib,GUCY2D,a172,0.026048164284959242,91,0.035245381478619234,0.03847567503755751,2.080030968572093e-06,0.05619156070003984,0.05614755409358166,0.056423032662802894,0.05668217742150398,0.0602792888694206,6.9985096422506015
GUCY2F::a172::nintedanib,GUCY2F,a172,0.025698160622001493,90,0.03667242545908027,0.035715697735507944,8.370077522225826e-06,0.05697555270878051,0.05684646515296062,0.052228198207233276,0.056670716331041156,0.0556084752300051,6.897704943128636
GUCY2F::t98g::lapatinib,GUCY2F,t98g,0.025579363119813268,107,0.03448599920917852,0.03704947501561105,3.1793270710000645e-05,0.05929124206426189,0.05775084670259807,0.05172207481754823,0.05454116022749833,0.05688900714115845,6.897704943128636
HCK::a172::nintedanib,HCK,a172,0.02492856968848919,94,0.034005783930094236,0.03529218917876127,4.359888020355695e-05,0.05815751056903,0.05303304392060532,0.05197902315472802,0.053648242631095966,0.05205846629933475,7.075808863978387
HCK::u87mg::none,HCK,u87mg,0.03435054529225527,78,0.04528272944476656,0.04886568323245801,0.0001480173860899755,0.06600926361206264,0.06445153181212515,0.06852327028535217,0.0626409906167619,0.06237290664366379,7.075808863978387
HIPK1::u87mg::none,HIPK1,u87mg,0.033039827838178305,83,0.04297992247461067,0.047806977568175694,0.00013018026330497903,0.06413071990564359,0.06384470924800352,0.0700366259622995,0.06665423787704944,0.06981994770593677,7.062191632286556
HIPK2::a172::nintedanib,HIPK2,a172,0.031564960126675486,68,0.04515735758093804,0.04702500602107116,-0.00012946245734572645,0.058250998575125945,0.05711312181850831,0.06140710693843752,0.058660972307799084,0.06012866154668614,6.648984550024776
HIPK3::t98g::lapatinib,HIPK3,t98g,0.020583631185384355,162,0.030873733872456715,0.028144224595957838,-3.247855637115536e-05,0.05387950171680633,0.05925553512866994,0.05562651559883127,0.05536918652147954,0.05826879811855852,7.429520842786462
HIPK3::u87mg::none,HIPK3,u87mg,0.026923138676858825,133,0.03692082946808705,0.03832951087938391,3.559522155334689e-05,0.06780131741444516,0.06798125702207737,0.06404633868119812,0.06879354698740592,0.06500451290464315,7.429520842786462
HIPK4::a172::nintedanib,HIPK4,a172,0.024460570891183652,115,0.031887597912373576,0.03524877071448337,7.215873858074819e-05,0.05724561539318467,0.05826329311734945,0.05805257678455099,0.05937687731314704,0.0576383441685211,7.342131730584722
HSPB8::a172::nintedanib,HSPB8,a172,0.027638931020459605,79,0.038032569504505516,0.038128600415871725,7.7560411244284e-05,0.05387889892743274,0.05305089048044437,0.05513962657296516,0.05517064041600153,0.05872743268660399,6.844815479208263
HSPB8::t98g::lapatinib,HSPB8,t98g,0.02487077798324922,106,0.0329984635031373,0.03603781567128219,4.958839785930935e-05,0.05798460820536442,0.05483230329992272,0.057453745486464126,0.0600581760060439,0.05969034767468989,6.844815479208263
HUNK::u87mg::none,HUNK,u87mg,0.03126555109225367,86,0.04333322855657519,0.045960654440278165,-3.564802089935113e-05,0.0675303436572237,0.06500846771273201,0.0684306712225539,0.0655661107601059,0.06602437744773396,7.1891677384203225
IGF1R::u87mg::none,IGF1R,u87mg,0.023572367969669744,164,0.03327785608065449,0.033424780114712976,-2.13588881863733e-06,0.06932748529125614,0.07261600236668278,0.06470440019454611,0.06806305624513105,0.06456130262611397,7.7025561132685825
IKBKE::a172::nintedanib,IKBKE,a172,0.02843816478766259,87,0.03797870798474239,0.042449938550747746,5.747131106843246e-06,0.05514821360121758,0.05982143508155046,0.05662902624307804,0.05542135505237877,0.060102455590204364,6.6895992691789665
IKBKE::t98g::lapatinib,IKBKE,t98g,0.029555142500598593,83,0.039773557398397795,0.043321674339475376,2.6092602784798276e-05,0.06372657855036391,0.0620882735237946,0.058401538630772624,0.05777525508334351,0.06405459896617542,6.6895992691789665
IKBKE::u87mg::none,IKBKE,u87mg,0.03284113581411703,78,0.04429147375554941,0.04803092889164201,3.4911185141439294e-05,0.06422344164417855,0.06623404787570442,0.06490724241997528,0.06018363867448833,0.06221925813528668,6.6895992691789665
ILK::t98g::lapatinib,ILK,t98g,0.029776148722745283,77,0.040964780975788005,0.04129198159675026,8.174557460984195e-05,0.06764776474724919,0.06208779457985389,0.05891358885708723,0.056943855012220684,0.05818847527911946,6.688354713946762
INSR::t98g::lapatinib,INSR,t98g,0.02823422333928448,87,0.038565989424324515,0.03830483417269957,0.00011137950114871657,0.06081599103787012,0.05289179868116196,0.05737970672467608,0.05908584845661246,0.0580743806587366,6.810142450115136
INSRR::t98g::lapatinib,INSRR,t98g,0.02620974282006951,98,0.03610153601809156,0.03789521051030403,6.358175777078754e-06,0.05802475102529512,0.058668107186981774,0.05873441400626183,0.061831584607614856,0.05904234995353257,6.81783057145415
IRAK1::t98g::lapatinib,IRAK1,t98g,0.018541064551582484,208,0.024475828974991516,0.027392123415793675,1.6660615369749518e-05,0.0549306775884998,0.0583533723686768,0.05902688548026611,0.05960060369128803,0.060934579851685856,7.490529402060711
IRAK1::u87mg::none,IRAK1,u87mg,0.02496279972012402,152,0.033633352296293176,0.03515626929840944,6.50924087941944e-05,0.06912552726066286,0.06334541514435608,0.06580865384859785,0.06523119103607052,0.06107426070845933,7.490529402060711
IRAK2::u87mg::none,IRAK2,u87mg,0.037383311056063837,62,0.05031471259091719,0.05512932930190249,2.3119413451272774e-05,0.0630293670314435,0.06403198471060828,0.06286021670365188,0.06582162225091188,0.06543179307781874,6.9930151229329605
IRAK3::t98g::lapatinib,IRAK3,t98g,0.023097694494962528,128,0.03254067838695177,0.03142325698603464,4.249235507080619e-05,0.05987061188894725,0.0700579257711284,0.05663314388107564,0.06000371383168215,0.058467581169276465,7.23561914106675
IRAK4::a172::nintedanib,IRAK4,a172,0.02605786563715682,108,0.035242480648351136,0.03569131259510555,0.00010026617392697402,0.056743258087184216,0.06364270153083877,0.05582502077177307,0.06383913296909423,0.056449585718107154,7.23561914106675
IRAK4::u87mg::none,IRAK4,u87mg,0.03160271922058917,99,0.04401671972016461,0.04443856809612503,4.070661679679742e-05,0.07051581194084597,0.06705587005978175,0.06588468503918854,0.06781878143160691,0.0712396387131019,7.23561914106675
ITK::a172::nintedanib,ITK,a172,0.025768499160077465,94,0.03526486547524027,0.03556184343325924,7.381658734246591e-05,0.06039133689563444,0.05812606289388309,0.05425399702087106,0.05190785625976735,0.0544124448941547,6.8001700683022
ITK::t98g::lapatinib,ITK,t98g,0.024498480107854836,105,0.03489236466637421,0.03690739169463855,-8.569490479150194e-05,0.05748631070501943,0.05818085396506136,0.05359233529929166,0.054301544119443594,0.05341354594824802,6.8001700683022
JAK1::a172::nintedanib,JAK1,a172,0.032298390107552845,60,0.045518123574008404,0.04676858494037064,-4.179400971729089e-05,0.059286703179463045,0.05918871897311633,0.05752366413987019,0.057714564343751704,0.05675828742996521,6.648984550024776
JAK1::u87mg::none,JAK1,u87mg,0.03866410074153401,58,0.05511880057398013,0.05495267629384877,-4.339776321706985e-05,0.06903584150288085,0.06760127443579603,0.06953250035253343,0.065160800471916,0.06603344894548374,6.648984550024776
JAK3::t98g::lapatinib,JAK3,t98g,0.023929177574908256,111,0.032331256405564064,0.035118555772916255,1.0155882655984505e-05,0.053195901767582834,0.05944424842631835,0.05621459774788948,0.06355731067790654,0.05602307115819236,6.927557906278317
KALRN::t98g::lapatinib,KALRN,t98g,0.025015421314312197,103,0.03568762412998925,0.03482789926768431,2.3809550391023082e-06,0.05547344424937177,0.05782726335903392,0.05463096961081528,0.05591543214699844,0.060354805789589364,6.621405651764134
KDR::u87mg::none,KDR,u87mg,0.03610749101049578,66,0.047191322673180665,0.05524734413995157,8.206342338199347e-06,0.06514296828853483,0.06591156663521477,0.06439730967797137,0.06495200353542557,0.06650524587420628,6.536691597591305
KIAA1804::a172::nintedanib,KIAA1804,a172,0.024633767281783552,105,0.036297774186916466,0.03479298969244089,-5.452813783963518e-05,0.05628286772836155,0.055602579981803096,0.05705432581710176,0.05715903016736537,0.06191724508776037,7.038783541388542
KIAA1804::t98g::lapatinib,KIAA1804,t98g,0.022653057146530858,131,0.031259061784714604,0.03276294925130989,1.7274353308035088e-06,0.05391314365129229,0.061283374098517536,0.055349370361767236,0.05943624215191982,0.055754703029150095,7.038783541388542
KIT::a172::nintedanib,KIT,a172,0.027036890133904604,85,0.03819845802946446,0.03763026194258237,2.3704870200936244e-05,0.0570819627406863,0.055428155091567184,0.05626160982910183,0.05545231670306947,0.06233460431604271,6.890609120147166
KIT::t98g::lapatinib,KIT,t98g,0.02331944637899184,118,0.03023454597427434,0.036947950814842076,-3.811068246013413e-05,0.05763221812844093,0.05715624348301552,0.054979726297194685,0.058299770093674874,0.05645753571261815,6.890609120147166
KSR1::a172::nintedanib,KSR1,a172,0.02344400596554404,106,0.03294253735070439,0.033994521550889195,-2.025376027192677e-05,0.05497079045171428,0.05291318360022731,0.056505022085538335,0.056665786372413735,0.05589280378433184,7.102499355774649
KSR1::u87mg::none,KSR1,u87mg,0.029069548710787766,103,0.040480453636637055,0.0410924049143945,2.501274770464655e-05,0.06481076965331753,0.0625738089849411,0.06409958323183422,0.06964927939728449,0.06782147404201364,7.102499355774649
KSR2::u87mg::none,KSR2,u87mg,0.03113792070566953,91,0.04333108872023078,0.04477696568500463,-9.74356981722729e-07,0.06292067179201344,0.06550899560847,0.0651275985275276,0.06626855772082792,0.06737937670951405,6.80903930604298
LCK::a172::nintedanib,LCK,a172,0.03468119288878909,59,0.045885005359794645,0.051673458339929854,2.6673386322883897e-05,0.055495620460304304,0.057501039010648784,0.05967034453666449,0.06295844894271817,0.05557805674050557,6.8001700683022
LIMK1::a172::nintedanib,LIMK1,a172,0.02071794516055657,150,0.028382277550056022,0.03062630399461189,-9.408784996292807e-06,0.05664742313411663,0.05700890348178209,0.05925396923440767,0.05803428993653614,0.059598676787382586,7.461065514354283
LIMK1::t98g::lapatinib,LIMK1,t98g,0.018789353878133647,194,0.025764937311218376,0.028406272667307397,-2.66682932254115e-05,0.054113878479717326,0.05682141105862483,0.05825578403105142,0.05920214175017184,0.059050429084305134,7.461065514354283
LIMK2::a172::nintedanib,LIMK2,a172,0.028218366189480495,87,0.0406588551321917,0.03936123752134527,-1.0078772366912868e-05,0.05609100188812006,0.06080134143635028,0.0578562089726524,0.0606356067358151,0.05750637724362484,7.110696122978827
LMTK3::u87mg::none,LMTK3,u87mg,0.03572197398814537,73,0.047275370281776204,0.05116286026869034,0.00013768069169595921,0.06745068203082896,0.06831501128994558,0.06360516287915109,0.06915014371221415,0.0639857630613884,6.834108738813838
LRRK1::u87mg::none,LRRK1,u87mg,0.031788627381271625,93,0.04316451162543465,0.044301923764194444,0.00010944845200843319,0.06585777096440588,0.062329607129963306,0.06407726215908728,0.07066129575521235,0.0671732654542053,7.3031700512368
LRRK2::a172::nintedanib,LRRK2,a172,0.02662458088240925,94,0.03639341752374653,0.035678845481562006,0.00011467059803996926,0.05520479185028737,0.052907846009584654,0.05291755397669316,0.05391537229685105,0.056567726159099975,7.030857476116121
LRRK2::u87mg::none,LRRK2,u87mg,0.02964505387423047,91,0.04080404918490296,0.043424575703146125,-1.2339957390051077e-05,0.06546479528619888,0.06521330681895336,0.06274528716167532,0.06612316829905678,0.0629040504664898,7.030857476116121
LTK::a172::nintedanib,LTK,a172,0.025996661111820012,92,0.03475477195294538,0.03954847794545344,-2.1509607071566004e-05,0.05505484110960996,0.056854686990187524,0.05766883229588389,0.056043368947291165,0.05883381502076298,7.087573705557973
LYN::t98g::lapatinib,LYN,t98g,0.023991467636660053,125,0.03168051998892074,0.03444961516826329,5.7363915312632674e-05,0.05462829158332151,0.053326717733533736,0.05757134160282353,0.0523264012592564,0.06166117603326908,7.00397413672268
MAK::t98g::lapatinib,MAK,t98g,0.025525864897368952,90,0.03474978333946548,0.038697365653272406,-4.36235883606733e-05,0.05356989785232452,0.052523713800071016,0.051555292262738694,0.056404666344174445,0.053702276145248765,6.752270376141742
MAK::u87mg::none,MAK,u87mg,0.03403966284333766,82,0.044754886246249966,0.04674230012194906,0.00022790619062807016,0.06716760385084622,0.06707335596695622,0.06891748255867809,0.06908255335677163,0.061810939331168074,6.752270376141742
MAP2K1::a172::nintedanib,MAP2K1,a172,0.03098562614712637,65,0.04191419651665092,0.04592498189058946,-5.924640840792156e-07,0.05574253684121916,0.056979606042668725,0.05716225679243395,0.05580976668705388,0.05421183666242209,6.835184586147301
MAP2K2::t98g::lapatinib,MAP2K2,t98g,0.030837424665796802,71,0.042863441026945476,0.04244850205819059,7.771297448277617e-05,0.05477332182844101,0.05651932918926096,0.054039018172770056,0.05422558911848205,0.05844940936971275,6.699500340161678
MAP2K3::u87mg::none,MAP2K3,u87mg,0.03341324634868299,85,0.04589035467159627,0.04710662729900026,7.145185599967912e-05,0.06680589819329413,0.06471022973743361,0.06809629782463227,0.06962127026796872,0.06458451366453412,7.123672785204607
MAP2K4::t98g::lapatinib,MAP2K4,t98g,0.025300712467474798,109,0.03643476027005533,0.03542074577112629,-1.1586495458482335e-05,0.05422471317459089,0.06018003305381883,0.06655178595412611,0.05686743028143158,0.05747294184045796,6.841615476477592
MAP2K6::a172::nintedanib,MAP2K6,a172,0.026746123134149615,91,0.03771085682636706,0.03770597489705282,8.610857268842677e-06,0.05463104150555296,0.05568597129428907,0.05816682502233733,0.053994912041418985,0.05990611899722085,6.748759547491679
MAP2K6::u87mg::none,MAP2K6,u87mg,0.03827418886550042,60,0.053971633664680295,0.05444505752836125,-1.0339396778365914e-05,0.06304250277548637,0.06625116771345861,0.06630649717772437,0.06693877452698861,0.07238681053638085,6.748759547491679
MAP2K7::u87mg::none,MAP2K7,u87mg,0.03848643556922861,65,0.050045340098169785,0.05519594869084855,0.0002063922450700746,0.06526207928791306,0.06937632759182485,0.06727952455203302,0.06593446772401755,0.07122698847201715,6.905753276311464
MAP3K1::a172::nintedanib,MAP3K1,a172,0.02629977986280589,95,0.036018815880404724,0.0366679635141924,6.276678665606956e-05,0.05715586377321849,0.05553922370051285,0.053012679052435036,0.05783919432030873,0.05274011593534539,6.881411303642535
MAP3K1::t98g::lapatinib,MAP3K1,t98g,0.025067428114141498,111,0.03340685518009142,0.035203628947322284,8.162639075368831e-05,0.057123660084959414,0.054956729459543836,0.05535469134883798,0.0585571445947516,0.05927458643072791,6.881411303642535
MAP3K10::t98g::lapatinib,MAP3K10,t98g,0.02157599933410278,154,0.028378864606734295,0.031056942099262016,4.802672388949424e-05,0.06319898396936874,0.05887362727663339,0.06335695432207439,0.06211111226870055,0.05791920289927367,6.939253946041508
MAP3K11::a172::nintedanib,MAP3K11,a172,0.019318150509904135,170,0.02589267431967107,0.027467203600803743,3.6399564915604016e-05,0.05774108494891757,0.06246802520617562,0.056053509856843674,0.05296307134385821,0.05945334229360629,7.385851078125209
MAP3K11::t98g::lapatinib,MAP3K11,t98g,0.018574604346831274,197,0.025273792202789348,0.02607815247163344,3.1258263203339425e-05,0.05281144693776374,0.059671679767067665,0.06209864163475599,0.057975773789553584,0.05583074416528455,7.385851078125209
MAP3K11::u87mg::none,MAP3K11,u87mg,0.026718706944165845,134,0.03602424502427021,0.038178427332825476,5.370111043752599e-05,0.06750153940899777,0.0655066286017501,0.07233222612223197,0.06570779718125987,0.0672597928669443,7.385851078125209
MAP3K12::t98g::lapatinib,MAP3K12,t98g,0.02383255231871305,134,0.03259932955437285,0.03033222641694102,0.00014228238816154466,0.05919485016333669,0.0575134877005693,0.05545819110240414,0.05526189194816617,0.05627075718677295,7.103322062526113
MAP3K12::u87mg::none,MAP3K12,u87mg,0.029956598490039132,99,0.043088737096824675,0.042728714554219296,-4.906759363820853e-05,0.06475445315505404,0.06668320595715616,0.0666541955901589,0.07024074601027679,0.07131791170442692,7.103322062526113
MAP3K14::a172::nintedanib,MAP3K14,a172,0.026715324288513167,89,0.03737775177616151,0.03831209810830198,-4.2881110773555005e-06,0.05767886344438563,0.059092807357332536,0.05876882889993987,0.05363643939183158,0.06251961106216075,6.979145275068809
MAP3K14::t98g::lapatinib,MAP3K14,t98g,0.02527778745833497,111,0.033231261903484306,0.03622331652543132,7.149028313444025e-05,0.05480502476538555,0.05718426618583277,0.058868179814236664,0.058610755029389075,0.05509801273157398,6.979145275068809
MAP3K14::u87mg::none,MAP3K14,u87mg,0.027995116489456746,110,0.03752703748616083,0.04138777902652858,1.5875967446374727e-05,0.06310192261777264,0.06160325755290348,0.06855150446446977,0.06430018541231614,0.06727094479454175,6.979145275068809
MAP3K3::a172::nintedanib,MAP3K3,a172,0.03549938813063381,54,0.04605367346616657,0.05082352200428714,0.00018256604453882367,0.061154479707475284,0.056468609010155615,0.05648451258928235,0.056775539239226694,0.05496174118884272,6.643789733147672
MAP3K4::t98g::lapatinib,MAP3K4,t98g,0.019090575135904092,196,0.025647326564592433,0.025959421282908072,6.313933919660156e-05,0.054820545993589445,0.05491615484628724,0.05600534180890876,0.05851033504378516,0.055055539788478956,7.404279118037268
MAP3K7::a172::nintedanib,MAP3K7,a172,0.030924263440999716,66,0.042382124395200206,0.04279666999083606,9.821497034533244e-05,0.054669245941592955,0.05653847149683358,0.054397602672712896,0.05418784391346378,0.05465700078846636,6.478509642208569
MAP3K7::t98g::lapatinib,MAP3K7,t98g,0.02960485441335659,73,0.03869559861905369,0.04562305693159035,-4.921473248356127e-06,0.056435808896715414,0.053711425689319796,0.05632593015683562,0.05589451668763868,0.05736903849638513,6.478509642208569
MAP3K9::a172::nintedanib,MAP3K9,a172,0.026597001433023144,91,0.036971788866488775,0.037718581103686415,2.0343749364776115e-05,0.05598466114687494,0.05674847637357456,0.054016788851457956,0.054205603905368244,0.05598070026457331,6.741700694652055
MAP3K9::t98g::lapatinib,MAP3K9,t98g,0.027096960945051672,95,0.03660779454420048,0.038355574165008975,6.565141866721514e-05,0.05784269751655513,0.058901884149822614,0.0566998650622892,0.058037988916578166,0.05589611516437351,6.741700694652055
MAP4K1::t98g::lapatinib,MAP4K1,t98g,0.022408410845633393,127,0.03069488857805056,0.03292003530626707,-5.9034633969198135e-06,0.055077926508863694,0.058713095089486265,0.05579200765642003,0.05289981721312439,0.05530953019200234,7.135687347028144
MAP4K2::a172::nintedanib,MAP4K2,a172,0.027643258275413498,80,0.03685474547517767,0.03944199013240418,7.539950693046649e-05,0.05568940663529402,0.052215657401257366,0.05602316999494098,0.05538999908075555,0.05492071541262483,6.694562058521095
MAP4K2::t98g::lapatinib,MAP4K2,t98g,0.025336997554137226,120,0.03265065617699148,0.03332122086080679,0.00019623187811084546,0.05882054308762385,0.055727299934757606,0.054427484919123054,0.05421683173634087,0.05844242052614699,6.694562058521095
MAP4K2::u87mg::none,MAP4K2,u87mg,0.03348538585668581,80,0.04820301046886538,0.0473620893356473,-4.4270560247074625e-05,0.06900388672146295,0.06477320983603505,0.06593057892273425,0.06322198362920722,0.06834128538694091,6.694562058521095
MAP4K3::t98g::lapatinib,MAP4K3,t98g,0.021470956963827635,135,0.03174259836289639,0.029833800606196115,-2.77443464830008e-05,0.059935321498990696,0.055044526239258255,0.054559553211350864,0.05489171271733168,0.05932279100010094,7.039660349862076
MAP4K3::u87mg::none,MAP4K3,u87mg,0.030984134344164596,95,0.04251423425743368,0.044947340432025196,8.200279993021077e-06,0.06499596934067767,0.06837806183308529,0.06988797569294379,0.06316009349090204,0.06215990872396351,7.039660349862076
MAP4K5::a172::nintedanib,MAP4K5,a172,0.028433913287951116,84,0.03857559101498376,0.040013738129471205,7.424461547862049e-05,0.05384175116184259,0.052056480195645204,0.05728890505886962,0.054987462426056524,0.056885022979256954,6.990256500493881
MAPK10::t98g::lapatinib,MAPK10,t98g,0.027694010135732427,86,0.03844659365266277,0.040123630923008004,-7.881780536995519e-06,0.05547927037776895,0.05766965674547253,0.05669729328998658,0.05835605026569592,0.05792870872893983,6.914730892718563
MAPK14::a172::nintedanib,MAPK14,a172,0.03238779124407351,60,0.04644627424476551,0.04659812985808417,-7.539534615778349e-05,0.059526019641792764,0.05601594617259548,0.059465796829333575,0.06374970069860576,0.05675775396175567,6.516193076042964
MAPK14::t98g::lapatinib,MAPK14,t98g,0.0310625528805438,69,0.04235892870247457,0.045310352879316514,1.483768096243328e-05,0.052694987603631595,0.05568875809252106,0.0573695865436002,0.05775155190789943,0.057347023666176535,6.516193076042964
MAPK3::u87mg::none,MAPK3,u87mg,0.029555218826094458,97,0.04073844034293785,0.04287030498743178,-6.817974896764375e-08,0.0633194735401926,0.0652062001733797,0.06227748366344278,0.06556247662582478,0.06201383058706087,7.2682230211595655
MAPK4::a172::nintedanib,MAPK4,a172,0.028528736094206877,93,0.03759845457601092,0.040143171213092084,0.00011718445055875088,0.055556718229667276,0.0581540869685243,0.051279157592005215,0.0521513784933642,0.055468082922436476,7.01301578963963
MAPK4::t98g::lapatinib,MAPK4,t98g,0.025786923484274304,115,0.03397399885493884,0.03540673836639617,0.0001278568444614175,0.05900734585507276,0.05951563332832071,0.05671561305227937,0.06451091498657295,0.054146363501729654,7.01301578963963
MAPK6::u87mg::none,MAPK6,u87mg,0.032201605043950705,92,0.04480015478182458,0.0457395261073812,2.4176781158178148e-05,0.06410567472552559,0.06451744699901504,0.06977455353292404,0.06596322128370126,0.07301594400220497,7.261225091971921
MAPK7::a172::nintedanib,MAPK7,a172,0.03050140875616472,76,0.04094661260586306,0.04420022489663363,5.523507884737228e-05,0.06353746995774665,0.060867245068937204,0.06088299056074031,0.06188812987818856,0.058595211967483164,6.879355804460439
MAPK7::t98g::lapatinib,MAPK7,t98g,0.024414253739327253,110,0.034364814797388885,0.03540188196064087,-2.4100115024512355e-05,0.06092060078896784,0.05899334981915255,0.059677752899693716,0.06089883593888191,0.058266160420489085,6.879355804460439
MAPK8::t98g::lapatinib,MAPK8,t98g,0.021921041615495386,141,0.03140943400474957,0.031909441447589934,-4.111713842705878e-05,0.05841616956457174,0.060223107485214755,0.057247437647290046,0.0580855626395276,0.056834313986768845,7.024649030453636
MAPK8::u87mg::none,MAPK8,u87mg,0.029169755774320377,98,0.0419600233817525,0.03953407891007051,3.5243681037400154e-05,0.06624671141613969,0.06381583915076389,0.06915466985381355,0.07047461868056844,0.06953244945276262,7.024649030453636
MAPK9::t98g::lapatinib,MAPK9,t98g,0.019861320296558956,163,0.028060645602252375,0.02864362566040716,-1.4653340907436148e-05,0.06042902234523172,0.054322246994930795,0.05922776637500662,0.058293130503030484,0.05604982998530913,7.325148957955575
MAPKAPK2::u87mg::none,MAPKAPK2,u87mg,0.031749785503015465,83,0.04507446213327954,0.0471228995646115,-0.00010676564734047037,0.06383013770279543,0.06683427964146568,0.06538985236250817,0.06501767604840279,0.06530446543761335,7.164720378771857
MAPKAPK3::a172::nintedanib,MAPKAPK3,a172,0.021272750126775472,146,0.028544918952216437,0.030646674595584126,3.081749127665987e-05,0.0568231437619078,0.06014453236917834,0.05534519410648618,0.05507619109774313,0.05323057201019222,7.135687347028144
MAPKAPK3::t98g::lapatinib,MAPKAPK3,t98g,0.021744573052001392,138,0.029216732443612593,0.03195735061585722,1.2290339945387316e-05,0.06003929528852434,0.05303623551982151,0.057266102659663955,0.06261956699561542,0.05995577836268831,7.135687347028144
MAPKAPK3::u87mg::none,MAPKAPK3,u87mg,0.029655984565071104,101,0.04069058632724874,0.042089085253966096,4.731590347247284e-05,0.06616004692177269,0.06522060328470448,0.06747455057154671,0.07042460810667138,0.0649323323211249,7.135687347028144
MAPKAPK5::a172::nintedanib,MAPKAPK5,a172,0.02462907080067024,107,0.03553355007304563,0.03447209677166011,-1.3099708313546748e-05,0.05415633917060489,0.05612426345654582,0.054819534066930777,0.05282421103666891,0.056585048996805276,7.110696122978827
MARK1::a172::nintedanib,MARK1,a172,0.027216257019905602,82,0.0392184846798797,0.037766056290709206,-4.3444765260222095e-06,0.054578119485006855,0.055602156931316,0.05123497225365432,0.05308723433850349,0.054228733113796446,6.922643891475888
MARK2::u87mg::none,MARK2,u87mg,0.025799710478275915,137,0.03591953892939955,0.035558216259145466,5.137462460263237e-05,0.060825657224081064,0.06472829823861029,0.06431021434343766,0.0640046582565537,0.06748196263913053,7.524021415206125
MARK4::a172::nintedanib,MARK4,a172,0.025139573438284678,98,0.03496934095360201,0.03511450167460701,3.60547880251944e-05,0.05359920046304909,0.053937737451103,0.05496019775298511,0.05624316471254602,0.05618079522641837,7.087573705557973
MAST1::a172::nintedanib,MAST1,a172,0.019388074348371108,161,0.027473301748543597,0.027400227436157783,-1.834861837265645e-06,0.05820358959680758,0.05758838893375578,0.05946764376498623,0.06042204487528649,0.05760522918180229,7.5569505720129
MAST3::t98g::lapatinib,MAST3,t98g,0.02202622797233501,150,0.029127382289542713,0.03376167841853281,-1.676517660904899e-05,0.057940017652169246,0.06054192508561923,0.06197456726033953,0.0548258664454778,0.05762445758063542,7.560080465021827
MAST4::a172::nintedanib,MAST4,a172,0.026151473085193375,96,0.036093437280788045,0.037934404010479345,-8.346585113708428e-07,0.05511149853550293,0.058554151693072036,0.0603175942160982,0.055666710494606066,0.05567756392682022,7.029087564149662
MASTL::a172::nintedanib,MASTL,a172,0.04181382464274028,34,0.058522573835683094,0.05968976653862156,-2.962375464719509e-05,0.05425641925415727,0.05328577564043586,0.057435929461272114,0.05273056678343601,0.05545505221511657,6.391917113392602
MATK::u87mg::none,MATK,u87mg,0.02830657438136636,123,0.037280198530258865,0.039334667894507756,0.00013705668798926903,0.06533643733491838,0.062478373709171545,0.0645782873443094,0.06643876656304207,0.06587469055516502,7.215239978730097
MELK::t98g::lapatinib,MELK,t98g,0.019875609958277127,150,0.027967098920290232,0.02799131746120092,6.7277449376151245e-06,0.05513094149856008,0.055171955621090396,0.057185977018712045,0.05664265563804351,0.058120849006186664,6.966967138613983
MELK::u87mg::none,MELK,u87mg,0.030502303360406206,95,0.04336951709446502,0.04235566240444356,1.8764171633904624e-05,0.06726455721134966,0.0648909186429548,0.0660305759372384,0.06582472897286197,0.06339929401410584,6.966967138613983
MERTK::t98g::lapatinib,MERTK,t98g,0.02128248690347856,142,0.029629221945872797,0.03004598992238296,1.573914287466945e-05,0.05233266142274634,0.06356589757620638,0.06066105996198718,0.05600171939573225,0.05574562818492472,7.160069207596127
MET::u87mg::none,MET,u87mg,0.035948852119423946,76,0.04792589614367134,0.052738713663371045,5.653845412367898e-05,0.06638698076290993,0.06684107984262228,0.06859298473171033,0.0685253206747185,0.06925074858972093,7.065613363597717
MINK1::t98g::lapatinib,MINK1,t98g,0.029165774811736857,90,0.04083322885582143,0.039468168191464724,8.555041272486716e-05,0.058462470291376196,0.05798025172696213,0.059194848482661926,0.056683520871586804,0.056277547402845636,6.919683849847411
MKNK1::t98g::lapatinib,MKNK1,t98g,0.019361227453196513,187,0.02660140955286515,0.026570420928907493,4.27057723425979e-05,0.05655774496741455,0.05700896898392401,0.05666438189910638,0.05520090818510293,0.05672249421556457,7.473069088032197
MKNK1::u87mg::none,MKNK1,u87mg,0.026443944624990924,141,0.03487617138976129,0.03643433800369508,0.00012936055015173105,0.06781563669697258,0.06645339200694518,0.06421418674017756,0.06440670573812657,0.06673466481736626,7.473069088032197
MKNK2::a172::nintedanib,MKNK2,a172,0.02116856400457958,167,0.02809372361339765,0.03051665485297855,4.0466557084878704e-05,0.0517330713970111,0.054706743921345245,0.06271993451171443,0.056426184307318265,0.05635908425736009,7.805882040228621
MLKL::u87mg::none,MLKL,u87mg,0.03478900399186183,79,0.049069325759579736,0.04806506418945529,5.449736259552896e-05,0.06498422761803481,0.06963622200708593,0.06746890873744288,0.06904303857693683,0.07257029429981411,7.099201743553092
MOK::t98g::lapatinib,MOK,t98g,0.025385561849182676,103,0.03428502594156649,0.03642921011550986,4.20892950439774e-05,0.054872935628792446,0.05949933878342736,0.058235506561760395,0.05417672584909441,0.05427775206033832,6.963189985870238
MOS::a172::nintedanib,MOS,a172,0.027041723704933667,93,0.03658792965436532,0.038310789179997216,6.208009694229245e-05,0.06118185917361709,0.056071492210831915,0.058216105931255625,0.059747728007301076,0.05527001972846869,6.697034247666484
MOS::t98g::lapatinib,MOS,t98g,0.025546983967834298,102,0.03472513580897898,0.03692558940605064,2.3236148378741195e-05,0.05544975585771228,0.05839558519418395,0.05920760186188782,0.05640969428350379,0.057764939713485196,6.697034247666484
MOS::u87mg::none,MOS,u87mg,0.040264659036679334,57,0.054614743037469306,0.05809200408649586,7.579148479585401e-05,0.06735924439025004,0.06775611446897277,0.06731037676483956,0.06794669989041402,0.0684664295833085,6.697034247666484
MST1R::a172::nintedanib,MST1R,a172,0.026887296298418857,84,0.03885542937389905,0.03671933715646154,1.2179463740938157e-05,0.05612764060449582,0.0652214043916372,0.05470515450596195,0.05343275436121729,0.05460665988192367,7.040536390215956
MST4::a172::nintedanib,MST4,a172,0.02728226778145653,87,0.03688841531601879,0.039429291701779806,3.592825386561065e-05,0.05736610762488762,0.053670110093746864,0.05906779279187658,0.054361359359548056,0.056006217010068596,6.8679744089702925
MST4::t98g::lapatinib,MST4,t98g,0.02409439696766203,118,0.03348466008890473,0.03339273481499231,4.2518131509512476e-05,0.058048707230619764,0.060749518085201945,0.06169183102100813,0.05556651660891151,0.05660218027136471,6.8679744089702925
MST4::u87mg::none,MST4,u87mg,0.03073279749472409,93,0.041840477882656026,0.043268030625895786,7.975301128286126e-05,0.06227681861736765,0.06202635146636878,0.06542645173696089,0.06975001198594391,0.06131501850717308,6.8679744089702925
MUSK::t98g::lapatinib,MUSK,t98g,0.03317352901244069,59,0.04833963660874093,0.04601951390608467,-4.3294210438766025e-05,0.05572183253801294,0.05766313241895051,0.05631224877879306,0.054914663958143824,0.056389437802506125,6.424869023905388
MUSK::u87mg::none,MUSK,u87mg,0.04616934404646383,46,0.06207901734350664,0.06446487005682389,0.0002645110514098132,0.06603243888824992,0.06936455585799331,0.0682528709511945,0.06861075542008796,0.07117099982591363,6.424869023905388
MYLK::t98g::lapatinib,MYLK,t98g,0.0172346703527486,241,0.02300285882278628,0.025372946034573688,9.739264572093733e-06,0.06101640742103321,0.05511734994804433,0.05817895560803172,0.05904327785421205,0.06536760525719612,7.7406644019172415
MYLK2::t98g::lapatinib,MYLK2,t98g,0.022039263631785756,151,0.030054087066573434,0.030512085381748474,5.455116914444966e-05,0.05852310138476535,0.05654088624179724,0.0545231458494236,0.054604680561459784,0.05996090514769944,7.1569563646156364
MYLK3::a172::nintedanib,MYLK3,a172,0.022616095010026326,133,0.030138172925887212,0.032611919416647886,4.155307586467958e-05,0.05158506480462067,0.05643247557408983,0.05500981079931115,0.051156348026799456,0.051135240412742304,7.561121589530238
MYO3B::a172::nintedanib,MYO3B,a172,0.03158867095173831,65,0.043281983390418666,0.04599531422226806,8.187921263889665e-06,0.05379281212021094,0.059471059918145545,0.05897597163386676,0.057306648012207945,0.05769620105400237,6.666956792429207
MYO3B::t98g::lapatinib,MYO3B,t98g,0.02668492654053651,87,0.038006842559345486,0.0409577932352579,-0.0001344054430408062,0.05863447437910886,0.05780131727412003,0.05975024666372517,0.05579240114936907,0.058845734629485474,6.666956792429207
NEK10::a172::nintedanib,NEK10,a172,0.023398834886900578,108,0.03253052131616263,0.03526167003984201,-5.278318830295281e-05,0.05609330166462995,0.058478459683011304,0.059220636048687714,0.05774561926469348,0.05517366818647508,7.329093736246592
NEK2::a172::nintedanib,NEK2,a172,0.03235154562571741,57,0.04532122691049023,0.04633635803227989,-6.30693320885117e-06,0.05416801599821907,0.0559049769824507,0.056015467372699766,0.06177034816920946,0.05662860631655788,6.541029999189903
NEK3::a172::nintedanib,NEK3,a172,0.02561194691032581,111,0.03640697585965775,0.03489111624955416,3.669175624941912e-05,0.055696668386701335,0.056472686175746405,0.056434208226789274,0.05784910392486727,0.05538940434760357,7.267525427828172
NEK3::u87mg::none,NEK3,u87mg,0.030175884348298106,103,0.04073105128966005,0.04111549998975222,0.0001465780013227772,0.06353424505991713,0.06721760522905892,0.07314390733083635,0.06691750542878502,0.06492989439793419,7.267525427828172
NEK4::t98g::lapatinib,NEK4,t98g,0.028054929114516423,91,0.03845161425383448,0.03930981971717126,6.288906172249052e-05,0.06026559326842975,0.06114794752934119,0.05415346253400437,0.05828688257353918,0.059624538672739424,6.729824070489475
NEK4::u87mg::none,NEK4,u87mg,0.03775993926818718,59,0.051079473611900635,0.056087367115517865,-5.992884765618349e-06,0.06398750036189066,0.06320818857898589,0.06602160812070797,0.06628827655477225,0.06551343617915108,6.729824070489475
NEK5::a172::nintedanib,NEK5,a172,0.0255788917693227,100,0.03399356508327152,0.03773719788437102,2.745166396515084e-05,0.058887678808410816,0.05721370898405146,0.05766388531780692,0.0547562985321228,0.054651112586721215,7.213031659834869
NEK7::t98g::lapatinib,NEK7,t98g,0.022972035402526614,114,0.03186575279016644,0.03206686042715015,3.349531487904548e-05,0.057358009652672945,0.05601726631627324,0.060869387862991335,0.05265694152165959,0.05747697191276764,6.96979066990159
NIM1::a172::nintedanib,NIM1,a172,0.024590886100304746,117,0.035504657345804415,0.03278163630095263,3.630356157919107e-05,0.05573643251425214,0.05711008825141155,0.05714134334951906,0.05443361586419099,0.05490342650250562,7.113142108707088
NLK::a172::nintedanib,NLK,a172,0.034070453630802196,57,0.04739365308253035,0.04519681716682497,0.0001609362085337356,0.05725865676266168,0.05260783001311885,0.0538901229279834,0.056021649711831566,0.05310387655517484,6.626717749249025
NLK::t98g::lapatinib,NLK,t98g,0.027869851414689586,90,0.04043797224905159,0.036732292883503256,5.41467432927284e-05,0.05380164740999704,0.05617994603492596,0.06016784791361864,0.056686760016430915,0.05804308729005372,6.626717749249025
NLK::u87mg::none,NLK,u87mg,0.03174511495367791,85,0.04356740274065359,0.04397409906402454,9.857741373532886e-05,0.061850486055466045,0.061734693981173774,0.06562892046017174,0.06831884570456682,0.06049884341415229,6.626717749249025
NPR1::t98g::lapatinib,NPR1,t98g,0.024704846884574732,120,0.03295222127780998,0.03472296941467712,7.659244222505847e-05,0.055240681505059716,0.06266832384332861,0.054793714516747354,0.05445547206033237,0.05443583506152608,6.86484777797086
NPR1::u87mg::none,NPR1,u87mg,0.03591904365470964,64,0.049141585356941235,0.05297845885129772,-1.622384333791588e-05,0.06540371710438904,0.06663562980419564,0.06525465144936425,0.06444946882861455,0.06524037696413043,6.86484777797086
NPR2::a172::nintedanib,NPR2,a172,0.029226949032286568,74,0.0406028061885948,0.042883989079990845,-3.1532653379539386e-05,0.059101206469403186,0.06213957681737388,0.05440919285762093,0.056442601279509126,0.0540704397313279,6.655440350367647
NRBP1::a172::nintedanib,NRBP1,a172,0.0411004723940486,48,0.05292309282317668,0.060454433961761395,0.0001809904335848497,0.06170139820412171,0.06321292146986071,0.060280748415320315,0.06400298664571485,0.05986177014756569,6.453624998892692
NRBP2::a172::nintedanib,NRBP2,a172,0.03224425171359169,58,0.04256745447136133,0.04781452686232044,4.424418316929644e-05,0.06286593096377918,0.05228988799931831,0.05734382370730193,0.054505125686213726,0.053399915979902415,6.715383386334681
NTRK1::a172::nintedanib,NTRK1,a172,0.029031011131000924,88,0.03788190164161376,0.042558476414856924,7.021556451967638e-05,0.057539937638503104,0.05712941442023222,0.05919218201544238,0.061062456867198064,0.05549203849468164,6.880384082186005
NTRK1::u87mg::none,NTRK1,u87mg,0.030391444497670058,91,0.04295008301504444,0.04268361025797138,1.3509175758993674e-05,0.06563428717946966,0.06343922248866972,0.06275471740957786,0.06220064379674868,0.06525243513131562,6.880384082186005
NTRK2::t98g::lapatinib,NTRK2,t98g,0.02446901992069497,113,0.03659609994735956,0.033556099486226676,-4.1737366575018804e-05,0.0620695944727216,0.06039244971033452,0.05841556613958125,0.059312073149922505,0.05673385934201669,6.97914527506881
NTRK3::a172::nintedanib,NTRK3,a172,0.02510311209032208,98,0.035699406919626905,0.03641294857500181,-3.997520873777757e-05,0.05318468989251508,0.055230921210112416,0.055483679878612004,0.056214578444371104,0.053511392043633754,6.970730078143525
NUAK2::a172::nintedanib,NUAK2,a172,0.025117001429083047,100,0.034617105615019905,0.035432604406110325,3.5486734575810924e-05,0.05519715485114014,0.054185201209290816,0.06495605683640752,0.056233181263930294,0.06307042841473869,6.943122422819428
NUAK2::t98g::lapatinib,NUAK2,t98g,0.02678410068992164,109,0.03506278386090947,0.03564897268394118,0.00018498604982497967,0.05644686464432773,0.05899833768122806,0.0590152426480528,0.05702832366194044,0.059986374537248574,6.943122422819428
OBSCN::u87mg::none,OBSCN,u87mg,0.029387112347065314,102,0.041952528026990024,0.04113541028058855,-8.587245583527984e-07,0.06412080474671462,0.06554041396230678,0.0659936840337744,0.0679343939759492,0.06798334212018549,7.226209010100671
OXSR1::a172::nintedanib,OXSR1,a172,0.02355337988321234,111,0.03585477504215607,0.040123841923533736,-0.0003307530783738165,0.06196207666613693,0.05607868052552169,0.05959292486961282,0.054355389034422885,0.058989789486989117,7.104144092987527
OXSR1::t98g::lapatinib,OXSR1,t98g,0.023071240470684158,143,0.03273720739375132,0.030237915668525822,6.782697351313145e-05,0.05732110289545249,0.059896825662142945,0.05158831311281379,0.05864114619790949,0.05790473151650839,7.104144092987527
PAK1::a172::nintedanib,PAK1,a172,0.027409978316061838,87,0.0399109766521342,0.03563247330388583,5.8556693710265e-05,0.06247014443782191,0.05604711312688872,0.05663113231990208,0.05521559126625197,0.056770780340002595,6.786716950605081
PAK1::u87mg::none,PAK1,u87mg,0.03677363645954427,71,0.04999619364230499,0.05158502544256161,0.00012606988103625708,0.06668589710041747,0.06618086789305196,0.06868094517214438,0.06947506843617665,0.06944282605715665,6.786716950605081
PAK2::u87mg::none,PAK2,u87mg,0.029251884451635207,112,0.03922514984454309,0.03990427030278347,0.00014597253416275617,0.06873580082730334,0.06201325240465938,0.0668008819239108,0.06928746826880658,0.0672931732915281,7.272398392570047
PAK3::a172::nintedanib,PAK3,a172,0.03212268565886392,62,0.04392902792629708,0.045188150055160706,7.950560248585792e-05,0.059714898018750004,0.05488757443258286,0.053464831642880815,0.05552881155266015,0.05219474748276344,6.786716950605081
PAK4::a172::nintedanib,PAK4,a172,0.025068114945526423,100,0.035754717768633405,0.03371384714946199,4.177287148290562e-05,0.05277745972415086,0.056205874418726424,0.05920360933727428,0.058140065345567336,0.05477455841923218,7.078341579557671
PAK7::u87mg::none,PAK7,u87mg,0.056929377047306,30,0.07633779492146188,0.08641060382036339,-8.585320040911128e-05,0.06924036194659458,0.06764009729468534,0.0700513792023176,0.06739867362078739,0.07214169204447274,6.635946555686647
PASK::t98g::lapatinib,PASK,t98g,0.026225783608938232,106,0.03617152690825825,0.03600425357790652,7.257504491927651e-05,0.055944288433487845,0.052660122594870226,0.056482232226445626,0.055832295036717154,0.058666864038420044,7.055312843339752
PASK::u87mg::none,PASK,u87mg,0.03010432237968512,98,0.040459472406480804,0.04292718064339158,7.619114222314261e-05,0.063089961625756,0.06615773001414454,0.06568677227512633,0.06438846727879553,0.06161328498369541,7.055312843339752
PBK::t98g::lapatinib,PBK,t98g,0.030621130371628245,60,0.04466762244532271,0.04424286460851904,-0.00011280921755542745,0.059377137798737184,0.05048267232920629,0.055981201380404154,0.05599577066592567,0.05327359038535171,6.282266746896006
PBK::u87mg::none,PBK,u87mg,0.04064420583394251,52,0.05601642517301039,0.058616257872352286,2.3685507834515706e-05,0.06564835442353376,0.06796841324811025,0.06082634074133963,0.06992843510925598,0.06285842093658862,6.282266746896006
PDGFRA::a172::nintedanib,PDGFRA,a172,0.03983569044579402,37,0.05741236338129404,0.05457164648677982,2.5772015453065673e-05,0.05453469493299309,0.05505958345206819,0.05429904484438132,0.05547137515547979,0.053652449235611056,6.104793232414985
PDGFRB::a172::nintedanib,PDGFRB,a172,0.032102481032314535,61,0.04674187159434514,0.046006554489927784,-9.835811932240582e-05,0.055409814241074926,0.058369880641548855,0.05781346674053451,0.0534064652057396,0.056286057956755814,6.190315405853147
PDGFRB::t98g::lapatinib,PDGFRB,t98g,0.053051735748431327,27,0.06969169849789068,0.07965658036911591,7.54617537622352e-05,0.059942835202203934,0.0626787549338514,0.06021703335088232,0.06267095529789199,0.062698271768958,6.190315405853147
PDGFRB::u87mg::none,PDGFRB,u87mg,0.0333245666563344,69,0.04601754787222225,0.04969700728005533,-6.179078802380985e-05,0.06532452752744294,0.06487267941928256,0.06377178802599244,0.061460734312403544,0.06288225076807215,6.190315405853147
PDIK1L::a172::nintedanib,PDIK1L,a172,0.024426473382180843,108,0.03410790662468002,0.034058680404903466,3.118387635577616e-05,0.053918245747706706,0.05398185961920811,0.05378336636093001,0.05828421782213647,0.05369063174591595,7.0343879299155025
PDK2::u87mg::none,PDK2,u87mg,0.032017291342455095,82,0.043550260430779454,0.04874503564210364,-6.799530859158435e-05,0.0650204549274585,0.062420083589313835,0.06753400748580417,0.07045332475982957,0.06375799394878648,7.060476365999801
PDK3::u87mg::none,PDK3,u87mg,0.03191271466566599,87,0.043690400001384855,0.04630748524599832,1.59565941683975e-05,0.06670524552291271,0.06621599112977992,0.06760249076519934,0.06587322705828505,0.065626704310487,7.044905117129371
PDK4::t98g::lapatinib,PDK4,t98g,0.023947022436359603,118,0.032098554142290965,0.0342089967915754,5.017043500039523e-05,0.05848884844997849,0.05719392429598054,0.05753567667114035,0.055164293351209336,0.0560645178408234,7.174724309836376
PDPK1::t98g::lapatinib,PDPK1,t98g,0.030110850126962938,85,0.03809001902638149,0.04456483042436881,0.00010096206001460586,0.05920871447916423,0.0641754160641077,0.05726878907712322,0.06259462816033474,0.06131195450957901,6.795705775173514
PEAK1::u87mg::none,PEAK1,u87mg,0.03432771276049822,82,0.0482184745321436,0.04913567624832677,-1.212325839172246e-05,0.06882538315721402,0.06730024378963174,0.07182882736820434,0.06327050667804766,0.06861922601845961,6.945051063725834
PHKG1::a172::nintedanib,PHKG1,a172,0.02820574130334633,80,0.036997986808629674,0.04115814788874643,5.970560218086591e-05,0.05318758314336922,0.05775533055011993,0.05573517604810093,0.053718600691299245,0.056165353595957916,6.838405200847344
PHKG1::u87mg::none,PHKG1,u87mg,0.030720773922677927,93,0.043011448902201835,0.0443998179502182,-2.219464524669372e-05,0.06726677335355848,0.06755249367332598,0.06824095180193836,0.0633252190894779,0.0657866575895341,6.838405200847344
PIK3C2B::a172::nintedanib,PIK3C2B,a172,0.027116463254547668,104,0.03539508210270944,0.03765400017144705,0.00013801789307777887,0.05658019781406258,0.05980350509239913,0.06061323013725191,0.057843305732417444,0.05971271376312447,7.115582126184454
PIK3C2B::u87mg::none,PIK3C2B,u87mg,0.02907601375797644,98,0.04277550946272673,0.04144395416832353,-9.052658634196087e-05,0.06525332686940613,0.0643603297149251,0.06677981830765416,0.06598940537414215,0.0671456473025217,7.115582126184454
PIK3C3::t98g::lapatinib,PIK3C3,t98g,0.024159543541371387,108,0.03263834145953168,0.03372479307213867,6.70360893568977e-05,0.05356076482148423,0.054755378025265256,0.05484642492008171,0.05314962700354107,0.056545916773194975,7.13966033596492
PIK3CB::u87mg::none,PIK3CB,u87mg,0.03937360439128085,63,0.05532543944261461,0.052648956738160925,0.00017887610115636306,0.06822882496106236,0.06598027683427711,0.06864891123749182,0.06359380865961857,0.06512961098452671,6.741700694652055
PIK3CD::t98g::lapatinib,PIK3CD,t98g,0.02122871835626296,152,0.030272034218700738,0.028415363705999692,3.5963050826494436e-05,0.05867646247508282,0.05298951927237698,0.06000526561939082,0.0595448707159523,0.06252626631730789,7.181591944611865
PIK3CD::u87mg::none,PIK3CD,u87mg,0.03074562317788945,90,0.04378670349597872,0.04229451042739,3.3783338189892105e-05,0.06450884537511078,0.06298350860783694,0.06189986563942044,0.06500187044910821,0.0628586593196289,7.181591944611865
PIM1::t98g::lapatinib,PIM1,t98g,0.020567395549935266,159,0.03022143609279667,0.03083961597031588,-8.582325266811338e-05,0.05711101278404216,0.0547963993598398,0.056730549446736146,0.05518108578733537,0.05770258847264082,7.3901814282264295
PIM2::a172::nintedanib,PIM2,a172,0.02449021925649781,109,0.032874411510197175,0.03419211397507922,7.535031181873885e-05,0.06262377106662326,0.0528196835827664,0.05149287507510601,0.05283231249229243,0.05629540993554341,7.045776576879511
PIM2::u87mg::none,PIM2,u87mg,0.033385961596159724,80,0.04448707697708603,0.04608297823986549,0.0001803185268748286,0.06204810286171237,0.06496776911859974,0.06433712951468849,0.06455724614701219,0.06240220689443992,7.045776576879511
PIM3::t98g::lapatinib,PIM3,t98g,0.023084461982678436,121,0.03270881824087399,0.033023563876225154,-1.4586546397035609e-05,0.053385183486417936,0.05526034897739364,0.06244667074884193,0.05725697489493433,0.05879364351830915,7.198183577101943
PKDCC::u87mg::none,PKDCC,u87mg,0.03395488858959308,75,0.047741803053953924,0.048828776507593076,-2.5468455384576294e-05,0.06673118332252415,0.06433127236555441,0.06764336226987792,0.06498988602178749,0.0693492304107952,6.942156705699469
PKN1::a172::nintedanib,PKN1,a172,0.0201567886822572,178,0.027521175337614803,0.02754208681288456,5.3840183876626395e-05,0.05769797466609952,0.060291908976181634,0.05397914250285537,0.060690264949602155,0.059653525479355686,7.57095858316901
PKN2::t98g::lapatinib,PKN2,t98g,0.02463111199743899,112,0.035734601327111926,0.034538030931400586,-2.343809999066591e-05,0.06079600735944599,0.0596883152472231,0.06012461163584863,0.055712495920484995,0.05660790601847861,6.907755278982137
PKN2::u87mg::none,PKN2,u87mg,0.035423964748119666,72,0.04749354665234813,0.049959778097135296,0.00014035918092371194,0.06463531958806795,0.06244510888032058,0.0670046263161194,0.06641462750375693,0.0655973205120573,6.907755278982137
PKN3::t98g::lapatinib,PKN3,t98g,0.02632889426469618,106,0.0377158380075217,0.03680863715052792,-4.030194464109336e-06,0.06459867757320177,0.06105995320476553,0.05786475722937342,0.06121950917514518,0.060173970355028944,6.8416154764775925
PKN3::u87mg::none,PKN3,u87mg,0.03732692148488866,61,0.05105311665462384,0.05352669013902079,5.435463265223222e-05,0.06137850370415872,0.06243159390085193,0.0665512416926332,0.06918372024146184,0.0629539175559367,6.8416154764775925
PLK2::u87mg::none,PLK2,u87mg,0.02087095382201452,204,0.029076908963810908,0.029146702393216758,2.3457841326520772e-05,0.06523318793732083,0.06300447319027873,0.06389649711821643,0.062285180326748735,0.06411034675513154,7.76004068088038
PLK3::u87mg::none,PLK3,u87mg,0.03367381727520889,76,0.04631817404648628,0.048291477335713505,3.2517071057587664e-05,0.060754801069685546,0.06357110434236177,0.06544852740575277,0.06252984560699713,0.061685610609655946,6.932447891572509
PLK5::t98g::lapatinib,PLK5,t98g,0.022504042988452436,137,0.030667625152829402,0.031337532690415885,5.184654929303269e-05,0.05482096194277575,0.05444327807367055,0.05514766090049637,0.05920061131887785,0.05893427044724031,7.200424892944957
PNCK::a172::nintedanib,PNCK,a172,0.025447744402819945,102,0.03663767159227324,0.03508579933625435,5.8343407677705615e-06,0.05566637748227049,0.055762129574342324,0.05363848753196244,0.05410151342743607,0.05284507372343322,7.247080584585756
PRKAA2::t98g::lapatinib,PRKAA2,t98g,0.025023040661748916,103,0.033224733234231946,0.03463102103239334,0.00010153734535886488,0.062395063016373715,0.05756551580576781,0.05402112127428965,0.05587363341994119,0.051358210143218876,6.79794041297493
PRKACB::a172::nintedanib,PRKACB,a172,0.026001751484447555,90,0.0350992270399306,0.03889942634867204,-1.481441453052126e-05,0.05448422139821364,0.05842788658166121,0.05310149718134101,0.05881984134682103,0.05913981891171249,6.56244409369372
PRKACG::a172::nintedanib,PRKACG,a172,0.03488213703825554,52,0.04957033333124089,0.04805559688441768,4.1095432369882754e-05,0.05377662921792716,0.05538540682471228,0.05548860293206682,0.05930274923675752,0.054967903638596056,6.911747300251674
PRKCA::a172::nintedanib,PRKCA,a172,0.025889765478905636,95,0.037214651625459526,0.0371650155868031,-4.272127271368034e-05,0.05830386883004107,0.056351227992939346,0.05656122198543004,0.05825049291056259,0.057548487652501874,6.891625897052253
PRKCD::u87mg::none,PRKCD,u87mg,0.034326533388757706,71,0.04489566475741756,0.05046420546774756,9.402591690208268e-05,0.06035117903029368,0.06346582319694338,0.0652979718929013,0.06297094669167574,0.06573396098652678,6.760414691083428
PRKCG::a172::nintedanib,PRKCG,a172,0.03276820339074958,59,0.04762133087185922,0.046122194977462026,-6.300402968533378e-05,0.055574805960351664,0.05859440635932297,0.05369451751378225,0.05348714431182517,0.057896142786012406,6.618738983517219
PRKCQ::t98g::lapatinib,PRKCQ,t98g,0.021727552282554158,149,0.03026207615122808,0.029450701392558554,5.1288392777367537e-05,0.06001717890275375,0.05270024108214664,0.05624510317020623,0.05646465927994564,0.05711524794774502,7.1284959456800365
PRKCZ::a172::nintedanib,PRKCZ,a172,0.019805667814582383,172,0.027747868919344963,0.027327498551971734,2.579249165581816e-05,0.05623249338044255,0.05905761920544032,0.057478425850010784,0.057136295635940956,0.0615136377784907,7.75491027202143
PRKD1::a172::nintedanib,PRKD1,a172,0.029064324043014556,78,0.04025059463840992,0.04050667212803915,5.851620845352966e-05,0.061219215092623736,0.05615534475832165,0.056396884345847616,0.05780035187291295,0.05572473587246512,7.190676034332207
PRKDC::a172::nintedanib,PRKDC,a172,0.036728197903421904,46,0.05011758633078742,0.05199456274169002,9.38988652565428e-05,0.0574681002760765,0.054547518200858666,0.05317220302625294,0.05708749174351071,0.055217684772494544,6.501289670540389
PRKG1::u87mg::none,PRKG1,u87mg,0.04381338651641018,44,0.058816649949173905,0.06313684741006179,0.0001329269419273053,0.06509551616310817,0.06921170218699593,0.06324958179358586,0.06421530456284236,0.06516225002776417,6.561030665896573
PRKX::a172::nintedanib,PRKX,a172,0.030232456922161217,73,0.03927448326338116,0.045742000196906364,3.0173075537724673e-05,0.05508587508290975,0.056094936925108536,0.05744942167002383,0.051520235951336375,0.059928719472549914,6.842683282238422
PRPF4B::a172::nintedanib,PRPF4B,a172,0.029500416162791573,74,0.03949721240039206,0.044556066889940245,-2.190592465078831e-05,0.054851042000899644,0.0648335527113994,0.05589536403192458,0.05644931231635587,0.05740438121406157,6.403574197934815
PRPF4B::u87mg::none,PRPF4B,u87mg,0.052991298646849525,31,0.07184762345200571,0.07672416711873277,0.00011123554670304862,0.06500306961326845,0.06735904816588133,0.06386574777378859,0.06387929025651881,0.06479994975763329,6.403574197934815
PSKH1::u87mg::none,PSKH1,u87mg,0.03132917176913331,96,0.04090484227954831,0.04436001160638055,0.0001425256316632494,0.06487369607684235,0.06828700572245638,0.07120889820838192,0.06493411978939587,0.06546510134743862,7.123672785204607
PSKH2::t98g::lapatinib,PSKH2,t98g,0.024268600143612734,106,0.03462327676407444,0.035926067989911326,-6.519389917762507e-05,0.0559854836469216,0.05677038442845223,0.06225395919402452,0.05645049147470055,0.05308691871774318,6.919683849847411
PTK2::t98g::lapatinib,PTK2,t98g,0.02410792359517869,111,0.03232066099734869,0.03474168400114893,4.017417692324751e-05,0.055735361856590525,0.05528631742545972,0.054381579806877946,0.05434171872001187,0.05533824099371542,7.1252830915107115
PTK2::u87mg::none,PTK2,u87mg,0.028005087419694184,113,0.03814384356113705,0.040120653341267284,3.9315171210005326e-05,0.06656103669431941,0.06688884881980235,0.0627281434151123,0.06759188981657627,0.06526104503044045,7.1252830915107115
PTK2B::a172::nintedanib,PTK2B,a172,0.031124082470056682,69,0.04179814668097656,0.04538704550960173,4.397159155333663e-05,0.05778955887730691,0.0567327075326267,0.058754991158498554,0.05626549042973629,0.057242087170803,6.658011045870748
PXK::u87mg::none,PXK,u87mg,0.040386161805745315,54,0.056516539257187026,0.05913298771167486,-7.970999303003279e-05,0.06660096072808562,0.06712811504882626,0.06196070336506522,0.06406879221944277,0.06912328488166145,6.7661917146603505
RAF1::a172::nintedanib,RAF1,a172,0.022193514660973992,123,0.031400022770868063,0.03236950047785556,-3.0884222338903064e-05,0.054797297442050565,0.05606296022134571,0.056351881843585104,0.054526684723107434,0.05537157098722445,7.331714969726466
RET::u87mg::none,RET,u87mg,0.02428811454945478,157,0.032997091487414,0.03397552015885955,5.9262448158036434e-05,0.06640354985700601,0.06695478809823405,0.0645755707030066,0.06385435641316871,0.06860315575795431,7.7437032581737535
RIOK2::t98g::lapatinib,RIOK2,t98g,0.055122930561232804,24,0.07017123424873535,0.08490270562644353,0.00016019729747999279,0.05829650533601087,0.058556823122659134,0.060531484179990235,0.060239093725271364,0.05580759529181758,4.343805421853684
RIOK3::t98g::lapatinib,RIOK3,t98g,0.026918046531572582,89,0.03739585197222332,0.039767353107096746,-3.531710152527645e-05,0.054358512392772035,0.056140749546626324,0.055918800790277036,0.055644728250047334,0.0595381827983613,6.786716950605081
RIOK3::u87mg::none,RIOK3,u87mg,0.031440841507438894,88,0.043204111340963275,0.04467972427602802,4.7619005625830266e-05,0.06435757774497843,0.06443852686919924,0.06580046359260751,0.06320375115439861,0.06806229521123996,6.786716950605081
RIPK1::t98g::lapatinib,RIPK1,t98g,0.01610100698703111,225,0.02314135209014305,0.022654616216753996,-7.099954847651346e-06,0.05896543371949237,0.05438769395311168,0.056011097580923624,0.05615491379654332,0.05862834617604532,7.62608275807238
RIPK2::t98g::lapatinib,RIPK2,t98g,0.02510886878017274,99,0.03831284282125941,0.0346911331224224,-8.407955811664255e-05,0.05311837923613779,0.05566093950432038,0.05786743423868267,0.056504897275304916,0.05658767381485956,6.6052979209482015
RIPK2::u87mg::none,RIPK2,u87mg,0.03379791430581616,72,0.046668068307327545,0.04837058987387046,2.7890369287838646e-05,0.06858045487220876,0.06453571481563032,0.06256814637188389,0.06727944328075935,0.06548296005754956,6.6052979209482015
ROCK2::t98g::lapatinib,ROCK2,t98g,0.02106090397523292,149,0.02871766633554854,0.02885986653962922,5.817767439671938e-05,0.05744003081444497,0.058760874333438046,0.06035019256346387,0.05534633416878682,0.05494131556167577,7.133295954896068
ROCK2::u87mg::none,ROCK2,u87mg,0.03253712491391292,87,0.04366885740871399,0.04609013261828036,0.00010691888028316468,0.06586739944036886,0.06600078760924087,0.06380984770952802,0.06226829126316226,0.06329424731040631,7.133295954896068
ROR1::a172::nintedanib,ROR1,a172,0.029219824074622727,74,0.03980901434696318,0.04174219216260847,4.709223146674752e-05,0.05379436625521885,0.05770012344462739,0.055365021217000765,0.056199263310684006,0.0535423323202936,6.818924065275521
ROR1::u87mg::none,ROR1,u87mg,0.03283775793602556,87,0.04374059048274678,0.04701958107524733,9.775775538735779e-05,0.06680127142133745,0.0669874369773882,0.06418695201170384,0.06232967094508302,0.06312125979758348,6.818924065275521
RPS6KA1::a172::nintedanib,RPS6KA1,a172,0.019358991802473913,178,0.026770680536574328,0.026417611820143596,4.1503140761880266e-05,0.05616879722493984,0.05574075931552516,0.056400119697723725,0.05605168449517477,0.058391059253873015,7.789868559054706
RPS6KA2::a172::nintedanib,RPS6KA2,a172,0.031207597661073703,74,0.04405901436617737,0.04340619391100757,2.6583881869800223e-05,0.05717858875281145,0.061483862608338775,0.05638765069695226,0.057204943723601784,0.05645257682199287,6.884486652042782
RPS6KA2::u87mg::none,RPS6KA2,u87mg,0.0341186190844659,75,0.046385285599077015,0.04837966640019837,8.617093597068306e-05,0.06275873322019025,0.061496225019822624,0.05959756356003266,0.0644569601324582,0.06893511911015573,6.884486652042782
RPS6KA3::t98g::lapatinib,RPS6KA3,t98g,0.025218154527884173,106,0.03517667064224142,0.035473043821393074,2.400251312220206e-05,0.05299203005047266,0.05541859935193867,0.054417249843362825,0.05759359961404703,0.056568937410154806,7.0630481633881725
RPS6KA5::a172::nintedanib,RPS6KA5,a172,0.0263439997670049,85,0.0370326501068332,0.0384498295315958,-3.583431656699149e-05,0.05574967500367241,0.056048635994092766,0.05906693830646572,0.05694927036569388,0.056033824853614744,7.093404625868766
RPS6KA6::u87mg::none,RPS6KA6,u87mg,0.027521850045322788,118,0.038409373096142625,0.03878072863008392,2.5357237337136375e-05,0.06455085683310421,0.0677338830358221,0.06524464151827856,0.06605567721592619,0.06706022520787114,7.438383530044307
RPS6KB1::a172::nintedanib,RPS6KB1,a172,0.0242002941638382,120,0.03237398492207145,0.03590004048784284,9.60156950091132e-06,0.0532564788068365,0.05763204248935212,0.05293044074234793,0.0610305069988181,0.05539952855088473,7.27931883541462
RPS6KB1::u87mg::none,RPS6KB1,u87mg,0.027533676603695496,119,0.03915650946034713,0.03774723219763732,3.351286858824412e-05,0.06564279254621162,0.06510204072600966,0.0619606008843799,0.06332574784312776,0.06385577248325311,7.27931883541462
RPS6KB2::u87mg::none,RPS6KB2,u87mg,0.03551348724070056,71,0.05008064421377298,0.0486483914272975,8.258835091189118e-05,0.06632671029433126,0.06563944416273308,0.06658485799930565,0.06459132446530623,0.06631794852306501,6.875232087276577
RPS6KC1::u87mg::none,RPS6KC1,u87mg,0.03260300196838784,89,0.04393643848025518,0.04563004752730056,0.00012262849403278588,0.06696906353555368,0.06842304823546741,0.06804638284949906,0.06565402493696823,0.06865048280208944,7.018401799069201
RcontrolSEL::t98g::lapatinib,RcontrolSEL,t98g,0.022459469303321863,133,0.030513647309711477,0.0315359171124371,4.648227896737501e-05,0.05613821922148998,0.05908889189898808,0.05733847982058214,0.04935194237301067,0.059289307275649836,7.076653815443951
SBK1::u87mg::none,SBK1,u87mg,0.035075053076353654,68,0.051675084212512525,0.04830082422121613,-5.3255299714889786e-05,0.06681140837443378,0.06459012367105227,0.06367389341255583,0.06773752817962304,0.06659030866905966,7.2305631534092925
SCYL1::a172::nintedanib,SCYL1,a172,0.028611205856662023,77,0.0382893472374126,0.040596756432733264,8.22320051603414e-05,0.06147404801864352,0.059031670606380614,0.05803791806048632,0.0567889167601906,0.057951131957553324,6.752270376141742
SCYL2::a172::nintedanib,SCYL2,a172,0.020697603498693883,137,0.030747754603406254,0.031048445959619336,-9.803153456240803e-05,0.053003591787500165,0.055006991616393594,0.05184903978492178,0.05181711815298495,0.052750055301684515,7.31455283232408
SCYL3::u87mg::none,SCYL3,u87mg,0.03014153391980311,91,0.04327321210667331,0.04352184264597646,-6.774578924235304e-05,0.06274267026343304,0.06815729986730973,0.06618904440637775,0.0705988947746538,0.06611139131952541,7.306531398939505
SGK223::a172::nintedanib,SGK223,a172,0.026614009325590462,95,0.03628115188819643,0.03878288100781901,1.0928858686786418e-05,0.056564788267378575,0.05816657809853666,0.05478626684636705,0.053946063980186525,0.057554427657006885,7.023758954738443
SGK223::t98g::lapatinib,SGK223,t98g,0.0221727350624766,140,0.03001120336109439,0.031192434366513377,4.778005840539387e-05,0.0562514352683451,0.05660020891630249,0.05858138555352525,0.05698503712020371,0.05816564609709379,7.023758954738443
SGK223::u87mg::none,SGK223,u87mg,0.03183874388808722,90,0.04424518334613523,0.043013760798097586,0.00012023262652612452,0.06443635268425497,0.06386210905706899,0.06331517174928425,0.06451731886771832,0.06394994325195505,7.023758954738443
SGK3::t98g::lapatinib,SGK3,t98g,0.016153062013578176,259,0.02275897632333143,0.02320120135120395,-6.2295245074344e-06,0.05188080877261504,0.0600102403272044,0.05504626757533045,0.05905883924508978,0.05717001431435323,7.861727077823981
SGK494::a172::nintedanib,SGK494,a172,0.025617789115960635,94,0.03587422797790717,0.0357644442212991,2.8779261053968868e-05,0.06008694673989966,0.05552105478248772,0.06026252371733262,0.056267760511212614,0.05106146009087964,7.1308988302963465
SIK3::t98g::lapatinib,SIK3,t98g,0.021221996213207403,150,0.029567255639824968,0.03129824877437358,-2.491968704351082e-05,0.05936270147674584,0.0551087149441414,0.057873750995918384,0.055054481721251214,0.055763197077031285,7.122866658599083
SLK::a172::nintedanib,SLK,a172,0.026927460277076043,88,0.03762634557472368,0.03741309353407477,3.887990668050003e-05,0.05350107083892608,0.05784244123774759,0.05567526552518039,0.05637804160697018,0.057841611779073404,6.870053411798126
SLK::t98g::lapatinib,SLK,t98g,0.02140730149995703,132,0.030384594210518506,0.032063677439362996,-5.6877067010440854e-05,0.05783678966341021,0.057493294704180485,0.05764745506273412,0.05251267004165155,0.05274035165257412,6.870053411798126
SPEG::u87mg::none,SPEG,u87mg,0.02382491962229341,168,0.03298685655887701,0.0330595498896155,4.424149451595864e-05,0.0646652560774435,0.0706964033867787,0.06502443193761598,0.06587919949779462,0.06512165530086975,7.818430272070656
SRC::t98g::lapatinib,SRC,t98g,0.03986972625857683,41,0.05557106901528697,0.057009939360325335,4.963731406219899e-06,0.05788074147319794,0.05542204596785389,0.05601762728477598,0.06080092377082648,0.056798012042691026,6.594413459749778
SRMS::u87mg::none,SRMS,u87mg,0.03162906116268049,94,0.04373940876628628,0.043973259320000714,7.492900086207399e-05,0.06397747953583816,0.06261153330171691,0.06306635337706223,0.06619412010684919,0.06576034179772423,7.251344983372214
SRPK1::u87mg::none,SRPK1,u87mg,0.028918578018349905,97,0.04041417881779987,0.04129719619143067,3.7529935779234965e-06,0.0668901933256202,0.0636095366529399,0.06109285287804928,0.06162006093415867,0.0651340714409532,7.124478262493424
SRPK2::t98g::lapatinib,SRPK2,t98g,0.017863745301795058,193,0.02479111857367148,0.02542549432485837,8.035667277658374e-06,0.053965894520544816,0.05481380217118169,0.0552680864649204,0.05217456294514032,0.05282582665797441,7.560080465021827
SRPK3::u87mg::none,SRPK3,u87mg,0.04067362758872276,58,0.05410476246602049,0.06156971572666827,-2.46370678125037e-05,0.06923684906103568,0.06770773125901572,0.06976904883931176,0.06453863218668213,0.06597934471407364,6.910750787961936
STK10::u87mg::none,STK10,u87mg,0.031336452425570066,91,0.04412606879750489,0.043843016953198255,2.639163246296853e-05,0.06435698972584192,0.06564488061816472,0.06891394725136787,0.06714086936296126,0.06648133079809607,6.851184927493742
STK11::a172::nintedanib,STK11,a172,0.019524465656188445,191,0.02570668697683715,0.027892251066382868,4.560865530080512e-05,0.056267309263385884,0.05527732768844572,0.058726902872890965,0.055191153754113174,0.055893633587681305,7.656337166430183
STK16::a172::nintedanib,STK16,a172,0.032993165192939176,59,0.046962886047355955,0.04726039811871616,-4.260577298409481e-05,0.05844023658811338,0.05652719752638428,0.05587855900854871,0.05542021711537081,0.05230208984004722,6.6293632534374485
STK16::t98g::lapatinib,STK16,t98g,0.02809295807522405,86,0.037158281395198785,0.04126414201139913,4.844080393531143e-05,0.05551632750370762,0.06038272910456585,0.05958427179797197,0.05520530888706353,0.05655636833360211,6.6293632534374485
STK16::u87mg::none,STK16,u87mg,0.031449482454703644,84,0.04423168576689186,0.04368921064885348,4.3338717338827415e-05,0.065453641493261,0.06338381630201478,0.06610345547488043,0.06417832841234657,0.06519357261539709,6.6293632534374485
STK17A::t98g::lapatinib,STK17A,t98g,0.02334003205016429,129,0.0308622563250659,0.03308580708685298,6.698422196234769e-05,0.05621953182519472,0.05681986649529783,0.05958258004369927,0.05664245421223427,0.058475163320996795,6.9975959829819265
STK17B::t98g::lapatinib,STK17B,t98g,0.02054625015387991,162,0.02930075846871523,0.02895680282342472,-5.233912908976532e-06,0.05901904509658493,0.058071912842445554,0.055674842020679974,0.05736659187386792,0.0576897116190561,7.20934025660291
STK19::t98g::lapatinib,STK19,t98g,0.021555313764069526,137,0.02970534881618576,0.0315138169023847,-7.74335169884944e-06,0.055308032761701084,0.0551160152778403,0.05611434260752357,0.05398763372692017,0.05736916937721386,6.9957661563048505
STK19::u87mg::none,STK19,u87mg,0.032958376295734566,82,0.045735624585151735,0.044930141003767736,0.00010908331218344466,0.06494516368423543,0.06448630388796828,0.06188456292012126,0.06170024825997352,0.06541677311978715,6.9957661563048505
STK24::t98g::lapatinib,STK24,t98g,0.027170878757650996,88,0.036989387853016024,0.03921323374534019,2.6681770059539725e-05,0.055333627866675075,0.05852404119486552,0.058483233699184504,0.05087860913554786,0.055215609394951196,6.993932975223189
STK25::a172::nintedanib,STK25,a172,0.025644817399067592,102,0.035690786565160136,0.03447299205848833,8.208644977961057e-05,0.05854562391523267,0.056120000828662364,0.05334520353022146,0.055827356722992494,0.0512281089848379,7.208600337960199
STK25::u87mg::none,STK25,u87mg,0.030029915094542007,94,0.04400476904850227,0.042529796455092625,-7.260628659639054e-05,0.061373365992577644,0.06346260051347753,0.06329076629084213,0.06330665287121331,0.06414187114471374,7.208600337960199
STK32B::u87mg::none,STK32B,u87mg,0.031033137106313086,90,0.04466242678849295,0.043346895428202775,-1.974225147372295e-05,0.06307702941263109,0.06575357967772195,0.06865029396275393,0.06519854413459336,0.06837088171321272,7.10085190894405
STK32C::a172::nintedanib,STK32C,a172,0.02076846958837696,163,0.029016425550985225,0.028651200406950607,3.057762321137861e-05,0.05813801279510032,0.05331524070075335,0.056055313515706466,0.05350329292134546,0.05405138163548643,7.8009820712577405
STK33::a172::nintedanib,STK33,a172,0.024382313975865436,111,0.032830870944874045,0.036598815996509645,-1.7417930030500793e-05,0.05719094367929769,0.057935506513412866,0.0611867364066343,0.056736099394077456,0.05628742505957503,7.108244139731541
STK33::t98g::lapatinib,STK33,t98g,0.02436756055849997,118,0.03375017784833657,0.03362399302441339,5.119893163044087e-05,0.06127556259807506,0.06118724515367873,0.05249122816974386,0.06494842836134365,0.06561313953197863,7.108244139731541
STK38::t98g::lapatinib,STK38,t98g,0.023091306355590247,134,0.030749564572311455,0.031794948627637654,8.896738728762333e-05,0.056659717877681474,0.06225568410751608,0.061944082616758656,0.05391669652184569,0.05926533892323603,7.208600337960199
STK39::a172::nintedanib,STK39,a172,0.024125294419955215,111,0.03263781951058202,0.035204494162308426,1.5643742859786454e-05,0.055968736996633905,0.05465298767412384,0.058129648973399534,0.05296627731219675,0.05626774186579763,7.182352111885263
STK39::u87mg::none,STK39,u87mg,0.028573400645909835,112,0.03838435150608019,0.04102251091236817,5.477602789451787e-05,0.06506729252652187,0.0680591456396355,0.07114295099765218,0.06637810880747934,0.06108757978478716,7.182352111885263
STK4::a172::nintedanib,STK4,a172,0.023992665281688638,114,0.03338756394347231,0.03345070420472852,3.327049851240886e-05,0.055386024345665405,0.0578103884705261,0.061231728705747474,0.060131013582385456,0.05215712048643567,7.069874128458572
STK4::t98g::lapatinib,STK4,t98g,0.022874317462221287,125,0.03175563667343113,0.03441228589320924,-4.463826527524709e-05,0.06118479625408796,0.055764094558036756,0.05815803232124688,0.05573320573239567,0.058934833158193936,7.069874128458572
STRADB::a172::nintedanib,STRADB,a172,0.027721299039048526,89,0.03803995587724347,0.04009479604677191,1.3317095729736016e-05,0.0570084183196626,0.05913218446416503,0.056864875045292765,0.06114678664226865,0.05501959752767138,7.107425474110705
STYK1::a172::nintedanib,STYK1,a172,0.029103867113053076,72,0.0407646475870756,0.042652849401634954,-4.344212075716725e-05,0.05264071926250641,0.05331109962078028,0.054987380414092485,0.061632886395241185,0.05578974331450672,6.715383386334681
STYK1::t98g::lapatinib,STYK1,t98g,0.027165789926904094,99,0.03648851861339314,0.036181252717554215,0.00015536836733529388,0.05699744243021334,0.0544409861172324,0.05525118908742794,0.05641186176740858,0.055854135863227336,6.715383386334681
SYK::t98g::lapatinib,SYK,t98g,0.01797991522046456,207,0.02486755401302547,0.02802144443037969,-5.1654057023241574e-05,0.06067525767331015,0.05953146959594556,0.0582669444259011,0.056778150882905144,0.05576854940990407,7.696212639346407
TAF1::u87mg::none,TAF1,u87mg,0.04061017718328581,55,0.05517254301451045,0.05582739922141332,0.00021345421385765396,0.06493615011262478,0.06446421536616768,0.07041450074360812,0.06822535526434327,0.06713062463974527,6.650279048587422
TAOK1::a172::nintedanib,TAOK1,a172,0.0221468438907087,145,0.029537470209175257,0.02983778715678436,9.927244923581738e-05,0.05693144567751579,0.06165458423443205,0.05251563733376017,0.057747970685708944,0.052426638718821764,7.611347717403621
TAOK2::t98g::lapatinib,TAOK2,t98g,0.02233134799450193,138,0.030441719392623058,0.03097210568385915,5.459115539041984e-05,0.061346612660098616,0.06020339725546913,0.05614877687345006,0.0573460814864584,0.05686179707676691,6.961296045910167
TAOK3::t98g::lapatinib,TAOK3,t98g,0.01672378749929054,261,0.022463119864471224,0.02410858345785438,1.7737673945775238e-05,0.06843359191429851,0.061401769631365365,0.0561039802676045,0.05818201561022174,0.05805818388236828,7.580189417944541
TAOK3::u87mg::none,TAOK3,u87mg,0.024130013094331954,166,0.03206764676645914,0.03370213044462277,8.501420759791066e-05,0.06289958235182776,0.06791040889970194,0.06279604899209389,0.0651932394854104,0.06245804875044514,7.580189417944541
TBCK::t98g::lapatinib,TBCK,t98g,0.026680969963494526,87,0.03706698469130853,0.038712009439827,-1.1300596464020099e-05,0.05602316775242106,0.054606131710095575,0.05522945711307821,0.05230439184155997,0.05542614641946661,6.695798917058491
TBCK::u87mg::none,TBCK,u87mg,0.034995319267899144,72,0.048462056040180175,0.04654727844624239,0.00018508218362481985,0.06387406851223099,0.06466673722646706,0.06701630232114475,0.0643368752009788,0.06365268105392663,6.695798917058491
TBK1::t98g::lapatinib,TBK1,t98g,0.0213075385879797,143,0.030786055854518903,0.02906964385544486,1.0847940010383153e-05,0.053208742741011596,0.056689089929824535,0.05444605570565585,0.059149563090151486,0.05702268467117322,7.25063551189868
TEK::a172::nintedanib,TEK,a172,0.029828876749515378,68,0.042958828884051,0.04126777855561208,-4.4584641801824807e-07,0.05560221294926601,0.05618735186645927,0.05540070059760193,0.0570336073411982,0.05572201162343774,6.694562058521095
TEK::u87mg::none,TEK,u87mg,0.03701604491291798,63,0.05159378257761922,0.0546074182099043,-7.289279825880344e-05,0.06748660300783055,0.06537060064566574,0.07077399537679727,0.06465998625764147,0.06460040378366562,6.694562058521095
TESK2::t98g::lapatinib,TESK2,t98g,0.01839030343214184,183,0.026049098964836342,0.02608360678878114,-3.0590790655530607e-06,0.06047097358643874,0.06065435177277362,0.06286417218107529,0.05466916314378158,0.061709564686202395,7.312553498102598
TEX14::a172::nintedanib,TEX14,a172,0.025411960043524185,101,0.035214859965002364,0.03593464538791184,2.622842480953139e-05,0.055748566863071426,0.05891783222835176,0.06037910503844748,0.05655021816157145,0.053672505167133296,7.05617528410041
TEX14::t98g::lapatinib,TEX14,t98g,0.02130013642191545,173,0.030402988818945598,0.027997775318554324,5.2444317726190865e-05,0.058203215705311034,0.05681317633028237,0.06204660133197234,0.061550605444301194,0.057016283556927054,7.05617528410041
TGFBR1::a172::nintedanib,TGFBR1,a172,0.03325098089386476,62,0.04625376729647316,0.04578118229568455,8.231375332568977e-05,0.0574260604232902,0.05600994910552035,0.05694474641157843,0.05960566774616494,0.06052350425643675,6.838405200847344
TGFBR1::u87mg::none,TGFBR1,u87mg,0.03636586942453546,64,0.05079653276089813,0.052503664056763114,-2.3000155600361636e-05,0.061849307139215576,0.06334136114332789,0.06201012398139577,0.06735848576986768,0.06607767288945907,6.838405200847344
TIE1::a172::nintedanib,TIE1,a172,0.026314095319320014,98,0.03623716497872213,0.03763269003548447,2.2158527860018537e-05,0.05574647772187277,0.058497118363782866,0.0568772208039161,0.055228878718133534,0.057774984163795076,7.027314514039777
TLK1::u87mg::none,TLK1,u87mg,0.03877245404138433,54,0.053973731588549546,0.060965120596871265,-0.0002835223085880415,0.06340876680931472,0.06593486920970153,0.06186026333633181,0.06107169724612943,0.0640783791315941,6.93828448401696
TLK2::a172::nintedanib,TLK2,a172,0.028045441827564837,83,0.0383906581593696,0.03875697153959298,8.525774400296435e-05,0.058669423622040744,0.055222343052720384,0.05627173374612623,0.055585895918137646,0.057721113644055994,6.568077911411976
TLK2::t98g::lapatinib,TLK2,t98g,0.023125524013190308,112,0.03264056459932417,0.03327050047104902,-1.651023491049538e-05,0.05526396954795268,0.052746524655747695,0.05770602433319933,0.055617034739218016,0.056626783324717836,6.568077911411976
TLK2::u87mg::none,TLK2,u87mg,0.040741435214139046,50,0.05717968039878648,0.057593088704115,2.3155013008196297e-05,0.06413431335058442,0.06166831876655989,0.06560135965462091,0.06719090604541168,0.06622932335955886,6.568077911411976
TNIK::a172::nintedanib,TNIK,a172,0.02439203736415275,108,0.033966713115439355,0.033775322692225294,4.2687962133193184e-05,0.056114477505147774,0.05649354437969313,0.05075360643694487,0.05263576169929636,0.05333488045679335,7.277247726631484
TNK2::a172::nintedanib,TNK2,a172,0.019289584187313795,192,0.02580768371781063,0.026937138085503465,4.931364111702421e-05,0.06362855464257516,0.06295873871200502,0.062179493961708805,0.056251851983351114,0.0631239532851535,7.53955882930103
TNK2::t98g::lapatinib,TNK2,t98g,0.017356035471408956,212,0.024509633504212203,0.02355651490723828,2.290710298743933e-05,0.05347789233354292,0.0586444930747673,0.06391220364208469,0.05742974744085239,0.05143984668391394,7.53955882930103
TNK2::u87mg::none,TNK2,u87mg,0.025082033247726006,143,0.03485073823429007,0.03548266953474409,2.1488158941827844e-05,0.06444985483858066,0.06398848136537996,0.06653004322498897,0.06575653421793266,0.06670990706972091,7.53955882930103
TP53RK::t98g::lapatinib,TP53RK,t98g,0.027198903631017356,100,0.03521332364953717,0.0383168439673335,0.00012955560831463283,0.05777502868016395,0.05572916933706897,0.05375332682459168,0.05357866188275466,0.05957679653935841,6.648984550024776
TP53RK::u87mg::none,TP53RK,u87mg,0.042086335710262955,48,0.058452589504082546,0.060183490729728825,1.5923143233104576e-05,0.0665700139898597,0.06389875451762125,0.06627583140568288,0.06295769421049505,0.06997090630594353,6.648984550024776
TRIB1::t98g::lapatinib,TRIB1,t98g,0.024057314134925494,114,0.032572632866286574,0.03488574071906711,2.2613671457205746e-05,0.05747591633865844,0.05578719837309157,0.05691787589806604,0.057653628627749885,0.05860404547747206,7.045776576879511
TRIB2::t98g::lapatinib,TRIB2,t98g,0.020327006525346806,158,0.028284995509774705,0.029639729802515235,-1.2045972261930791e-05,0.05677042214348056,0.05787849006233525,0.06011926332041653,0.05930107519400897,0.055984481179955234,7.388946097618437
TRIB3::t98g::lapatinib,TRIB3,t98g,0.024387750193545867,106,0.034834165913434204,0.033309092727056996,2.8067332413421537e-05,0.056733240372164886,0.0550825131483953,0.05378474014931197,0.05854839934419432,0.05620461928264625,6.887552571664617
TRIM24::u87mg::none,TRIM24,u87mg,0.039075139349579825,58,0.05252432689004433,0.05375984077716411,0.00022927033255902896,0.06429594720354213,0.06295783999562367,0.06344825010400633,0.0615267051123548,0.0632839090401848,6.937314081223681
TRIM28::u87mg::none,TRIM28,u87mg,0.03533020215709235,75,0.04894521097880843,0.050627114424955426,1.8872698106699498e-05,0.06855017313345793,0.06884343176254444,0.06880645965269917,0.06631764492746904,0.06557087165704459,7.00850518208228
TRIM33::u87mg::none,TRIM33,u87mg,0.029979340611958588,98,0.04137882989983107,0.04149443055445353,8.00377934097902e-05,0.06587439211251554,0.06733322145651449,0.06819095758085957,0.06394580047317541,0.06637333066383645,7.00033446027523
TRIO::t98g::lapatinib,TRIO,t98g,0.024486403386088807,105,0.03430332450991046,0.035550733002183955,-1.978102803097712e-05,0.053812306593909176,0.056994419809547205,0.052721361092995085,0.05945835523864699,0.05773904911035229,7.064759027791802
TRPM7::a172::nintedanib,TRPM7,a172,0.02427399415408705,123,0.03482888047762764,0.03353320070371257,8.893561756272761e-06,0.05745464092989864,0.05597666280094583,0.05784472810368164,0.05309499927068516,0.06674942641953725,7.1785454837637
TRRAP::t98g::lapatinib,TRRAP,t98g,0.02339329155523598,137,0.03266711631678126,0.03240393144709844,3.504873654470476e-05,0.057347451474507725,0.06070672389875127,0.05763037120909634,0.0614961763006556,0.06198905666796419,7.112327444710911
TRRAP::u87mg::none,TRRAP,u87mg,0.03472589450976558,77,0.04687947371019007,0.048954584490427416,0.00011909918587615181,0.06583680624208478,0.06774127533029745,0.061990319347818804,0.06747841607493818,0.06543310317761854,7.112327444710911
TSSK1B::a172::nintedanib,TSSK1B,a172,0.02699916931596977,84,0.03661043194449456,0.03860660083154206,4.5311820340008346e-05,0.0537090872400113,0.05670588967821243,0.05349322998221246,0.05863004030548389,0.0539467955627951,6.9167150203536085
TSSK4::t98g::lapatinib,TSSK4,t98g,0.023147552895604214,132,0.032445318745837136,0.029857671808052707,9.688515451654777e-05,0.05507152119658546,0.055142346490443146,0.05374273627608765,0.05878735508661666,0.05612867924814795,6.877296071497429
TSSK6::a172::nintedanib,TSSK6,a172,0.03060959194270286,83,0.04224868076043529,0.041376369292750105,0.00012065347606536688,0.058930125783808664,0.05539895419096813,0.058690483196019494,0.05667794291053582,0.059545717748686215,6.786716950605081
TSSK6::t98g::lapatinib,TSSK6,t98g,0.02197798656834829,138,0.030131552475051695,0.03078431728532879,3.8677037850524624e-05,0.05499202235074406,0.05532300033677485,0.05869465241711713,0.056910640029537427,0.05670550814279881,6.786716950605081
TSSK6::u87mg::none,TSSK6,u87mg,0.031027174142882395,87,0.04294885666889153,0.04330051076377463,6.45130013522443e-05,0.06403209571756921,0.06308125614478388,0.0642758017055538,0.06899389400452655,0.061875308876301695,6.786716950605081
TTBK1::a172::nintedanib,TTBK1,a172,0.023513823146673597,111,0.035067651566402326,0.03545184477760134,-0.00013776354030088894,0.049965303457786735,0.057407090936693925,0.05521750220242112,0.05299368368263046,0.05776836604081415,7.149131598557407
TTBK2::u87mg::none,TTBK2,u87mg,0.032007113372119346,85,0.04314291170154527,0.045896636772587124,7.127582924580791e-05,0.06330367492280366,0.06266723964907686,0.06563291035551307,0.065732076577994,0.06599920497406898,7.243512974665482
TTK::a172::nintedanib,TTK,a172,0.0558236143541574,23,0.07333357818951708,0.0793748935402171,0.0004216233668187239,0.06198096298353787,0.06189090208546926,0.058753653568659754,0.06261306297790466,0.06107449621587237,4.770684624465665
TTN::t98g::lapatinib,TTN,t98g,0.017843750686363416,234,0.023654508188355104,0.023954978193015765,7.020996822354827e-05,0.05952132372752593,0.05553698635071674,0.05366104684246485,0.05389760794895297,0.05808331427440988,7.639642287858012
TTN::u87mg::none,TTN,u87mg,0.023910388241482932,167,0.03218956744096083,0.03446777593653024,3.4896488137919414e-05,0.06436033831959029,0.06650491710232408,0.06830876703633379,0.06554780085395177,0.0630727228136199,7.639642287858012
TWF2::a172::nintedanib,TWF2,a172,0.0255375175331214,109,0.03465451350763438,0.03647425628192736,3.976057051565729e-05,0.058582733027572685,0.054206307960368134,0.05807111824762083,0.05910655132066897,0.06143026012405044,7.195937226475569
TWF2::t98g::lapatinib,TWF2,t98g,0.01995805219596661,155,0.028703288603867554,0.028936899761589616,-3.40270589083681e-05,0.05321877431504542,0.053887032866630005,0.054607836625363095,0.05570250704575121,0.05730321212276406,7.195937226475569
TXK::a172::nintedanib,TXK,a172,0.021922155875621203,136,0.02997693206890422,0.02988342607093099,6.446023747895694e-05,0.05735051440620017,0.05485488758345014,0.05374323380019224,0.050980199083855995,0.05823374885145966,7.440146680662688
TXK::t98g::lapatinib,TXK,t98g,0.018953886591707117,170,0.027191660223640737,0.026301209681383275,1.4134741652796059e-06,0.05589167494313638,0.05942622500554277,0.057235685301386105,0.0538626437018627,0.051949460496033384,7.440146680662688
TYK2::a172::nintedanib,TYK2,a172,0.026085820440254037,95,0.035843184135817746,0.03736495730020596,2.2707125021050588e-05,0.0552228919198402,0.06093728158441137,0.05889107832795517,0.056528296071764635,0.060029477744956324,7.118826249062078
TYK2::t98g::lapatinib,TYK2,t98g,0.021403738488233834,138,0.02922159211169911,0.0318338786989581,-1.3581395447673011e-05,0.061880271566918096,0.05460324320409135,0.05449880302293997,0.059598950514628414,0.055988610324972286,7.118826249062078
ULK2::t98g::lapatinib,ULK2,t98g,0.023349225496965935,141,0.03349405228264352,0.033456121118467866,-3.0285025083911814e-05,0.05789322873962423,0.058166746200364085,0.05472925308855006,0.059681611481278825,0.06286910759892433,7.097548850614793
ULK2::u87mg::none,ULK2,u87mg,0.030988268065945523,99,0.04355731142422096,0.043456978363847404,2.7392820164945536e-05,0.06903773657922035,0.06676134981125985,0.06652106759663641,0.06796601979721974,0.06670253205354797,7.097548850614793
VRK2::t98g::lapatinib,VRK2,t98g,0.023192157396545215,113,0.03563797905669737,0.034323839636445926,-0.00014926460880241573,0.0587449770064242,0.054401398623630866,0.05798858442801866,0.05404472672213427,0.05984428435816442,7.247792581767846
VRK3::a172::nintedanib,VRK3,a172,0.02413432451072335,106,0.03422634986598447,0.03633371360926116,-7.713232160112039e-05,0.057795770460676195,0.056594299230584004,0.05757760091700849,0.057804832474209575,0.05359127593061588,6.88653164253051
VRK3::u87mg::none,VRK3,u87mg,0.03355683831874523,74,0.04617323688198496,0.05015728420229164,-6.310869426555177e-05,0.0641882176176106,0.06564676967745263,0.06439565379598124,0.0642306747012527,0.06539014647356432,6.88653164253051
WEE1::u87mg::none,WEE1,u87mg,0.04560401335186471,39,0.06431469438397462,0.06601354492395267,-8.480286450440517e-05,0.06362397133531729,0.0660285405653764,0.06286411249738716,0.06608272435660514,0.06424741457688284,6.47543271670409
WNK1::u87mg::none,WNK1,u87mg,0.02543220688241555,145,0.036325838800194354,0.034911845385165244,2.17745004291424e-05,0.06668314101824717,0.06671155205749285,0.06487889829105178,0.06739352499613747,0.06421567650835672,7.3864708488298945
WNK2::a172::nintedanib,WNK2,a172,0.024876856320147918,122,0.034391651500571434,0.03348374691530364,8.257240425663993e-05,0.05254265856225683,0.06397188519337028,0.054940420896452284,0.05714984921194126,0.05724756681225203,7.434847875211999
WNK3::a172::nintedanib,WNK3,a172,0.037926738580961024,51,0.04793549428320211,0.05323330566966118,0.00033488519066578393,0.05553969806417288,0.05652840294417626,0.05354421854318865,0.056125833920173784,0.058316405412884346,6.530877627725885
WNK3::t98g::lapatinib,WNK3,t98g,0.025419525027212,96,0.03449225659358066,0.03748779920844235,-1.2925758164443538e-06,0.05294580686293241,0.05092531806590567,0.05491598478648746,0.055751151952725723,0.05565904738540315,6.530877627725885
WNK4::a172::nintedanib,WNK4,a172,0.027902558903633374,101,0.03854023104601027,0.03647776813295149,0.00014746162985386092,0.06395610652185248,0.059811380093192215,0.054695183117874156,0.058780740065572594,0.06523981289733093,7.1731917424865985
ZAP70::a172::nintedanib,ZAP70,a172,0.021988160086459253,133,0.030938390474427976,0.03075940549600739,1.4569978385499928e-05,0.05169603347057252,0.05242351913583119,0.05708093269359463,0.051020290316587634,0.05382142069162527,7.257002707092073
ZAP70::t98g::lapatinib,ZAP70,t98g,0.021017744293086515,153,0.02737237437151474,0.03112157476219684,2.5989291880257128e-05,0.05920155687434403,0.05841933409649399,0.058042655867623145,0.05793174303943952,0.058577911652335175,7.257002707092073
