predictor,endpoint,method,feedback_budget,review_fraction,learner_seed,utility,aurc,spearman,high_error_found,high_error_precision,high_error_recall,high_risk_miss_rate,remaining_mean_error
DecoderOnly,delta_rmse,HistorySupport,0.0,0.05,-1,0.7747261198726704,0.025117916168823112,0.7903900784227513,3.3333333333333335,0.8333333333333334,0.23589743589743592,0.764102564102564,0.027743232752391808
DecoderOnly,delta_rmse,HistorySupport,0.0,0.1,-1,0.7043898468559413,0.025117916168823112,0.7903900784227513,5.0,0.6607142857142857,0.35384615384615387,0.6461538461538462,0.027505274827830727
DecoderOnly,delta_rmse,HistorySupport,0.0,0.2,-1,0.7952644652256827,0.025117916168823112,0.7903900784227513,9.0,0.6307692307692307,0.6307692307692307,0.36923076923076925,0.026879943234204503
DecoderOnly,delta_rmse,HistorySupport,0.0,0.3,-1,0.8327159280153115,0.025117916168823112,0.7903900784227513,11.666666666666666,0.543859649122807,0.8188034188034189,0.1811965811965812,0.026327538042637173
DecoderOnly,delta_rmse,HistorySupport_selected,0.0,0.05,-1,0.9335131446268597,0.02492888804038774,0.8616121825117209,3.6666666666666665,0.9166666666666666,0.25811965811965815,0.7418803418803419,0.027610384823537882
DecoderOnly,delta_rmse,HistorySupport_selected,0.0,0.1,-1,0.9042677082428368,0.02492888804038774,0.8616121825117209,6.666666666666667,0.875,0.4683760683760683,0.5316239316239316,0.02724665406049821
DecoderOnly,delta_rmse,HistorySupport_selected,0.0,0.2,-1,0.8462402423652752,0.02492888804038774,0.8616121825117209,9.666666666666666,0.682051282051282,0.682051282051282,0.317948717948718,0.026784968558832372
DecoderOnly,delta_rmse,HistorySupport_selected,0.0,0.3,-1,0.8583278980143798,0.02492888804038774,0.8616121825117209,12.0,0.5614035087719298,0.8444444444444444,0.15555555555555556,0.026264572589667853
DecoderOnly,delta_rmse,Magnitude,0.0,0.05,-1,-0.12621919393193592,0.029116425464164708,-0.17615963020456357,0.3333333333333333,0.08333333333333333,0.022222222222222223,0.9777777777777779,0.02849959324300067
DecoderOnly,delta_rmse,Magnitude,0.0,0.1,-1,-0.2154766308030229,0.029116425464164708,-0.17615963020456357,0.3333333333333333,0.041666666666666664,0.022222222222222223,0.9777777777777779,0.028668214682100485
DecoderOnly,delta_rmse,Magnitude,0.0,0.2,-1,-0.21025226007288703,0.029116425464164708,-0.17615963020456357,1.6666666666666667,0.11452991452991453,0.11452991452991453,0.8854700854700855,0.028793154516515845
DecoderOnly,delta_rmse,Magnitude,0.0,0.3,-1,-0.3176473789532049,0.029116425464164708,-0.17615963020456357,2.6666666666666665,0.11899313501144164,0.18119658119658122,0.8188034188034189,0.029185387755641407
DecoderOnly,delta_rmse,Native61_Public_SelectedSupport_RawRMSE,0.1,0.05,20260930,0.4806841952514584,0.025859124746983965,0.6034151342462939,2.3666666666666667,0.5916666666666667,0.1663247863247863,0.8336752136752137,0.027987968631720234
DecoderOnly,delta_rmse,Native61_Public_SelectedSupport_RawRMSE,0.1,0.05,20261001,0.5041005878124282,0.02585126795758801,0.6118418109608018,2.433333333333333,0.6083333333333333,0.17213675213675214,0.8278632478632479,0.027967267996477634
DecoderOnly,delta_rmse,Native61_Public_SelectedSupport_RawRMSE,0.1,0.05,20261002,0.4817991018728541,0.025826763530666902,0.6135780614095002,2.433333333333333,0.6083333333333333,0.1717948717948718,0.8282051282051283,0.027984944828484414
DecoderOnly,delta_rmse,Native61_Public_SelectedSupport_RawRMSE,0.1,0.1,20260930,0.5377154676830372,0.025859124746983965,0.6034151342462939,4.333333333333334,0.5684523809523809,0.30427350427350425,0.6957264957264957,0.02771388792734946
DecoderOnly,delta_rmse,Native61_Public_SelectedSupport_RawRMSE,0.1,0.1,20261001,0.6024365196011072,0.02585126795758801,0.6118418109608018,4.6,0.6041666666666667,0.3234188034188034,0.6765811965811965,0.027631418408618446
DecoderOnly,delta_rmse,Native61_Public_SelectedSupport_RawRMSE,0.1,0.1,20261002,0.5695087270980294,0.025826763530666902,0.6135780614095002,4.6,0.6035714285714286,0.3230769230769231,0.676923076923077,0.02767335753696138
DecoderOnly,delta_rmse,Native61_Public_SelectedSupport_RawRMSE,0.1,0.2,20260930,0.6294959083384118,0.025859124746983965,0.6034151342462939,7.966666666666667,0.5605128205128205,0.5605128205128205,0.4394871794871794,0.02719770239063693
DecoderOnly,delta_rmse,Native61_Public_SelectedSupport_RawRMSE,0.1,0.2,20261001,0.6431739053643083,0.02585126795758801,0.6118418109608018,7.933333333333333,0.5579487179487179,0.5579487179487179,0.4420512820512821,0.027171680982873793
DecoderOnly,delta_rmse,Native61_Public_SelectedSupport_RawRMSE,0.1,0.2,20261002,0.6393152926434007,0.025826763530666902,0.6135780614095002,7.966666666666667,0.5594871794871794,0.5594871794871794,0.44051282051282054,0.02717808240458685
DecoderOnly,delta_rmse,Native61_Public_SelectedSupport_RawRMSE,0.1,0.3,20260930,0.6513478211205455,0.025859124746983965,0.6034151342462939,10.433333333333334,0.4871853546910755,0.7331623931623932,0.2668376068376069,0.02677729595808555
DecoderOnly,delta_rmse,Native61_Public_SelectedSupport_RawRMSE,0.1,0.3,20261001,0.6385785916784613,0.02585126795758801,0.6118418109608018,10.066666666666666,0.46971777269260107,0.707008547008547,0.292991452991453,0.026808018694573367
DecoderOnly,delta_rmse,Native61_Public_SelectedSupport_RawRMSE,0.1,0.3,20261002,0.6490350868838126,0.025826763530666902,0.6135780614095002,10.1,0.46994660564454616,0.7078632478632478,0.2921367521367521,0.026780721638542632
DecoderOnly,delta_rmse,Native61_Public_SelectedSupport_RawRMSE,0.25,0.05,20260930,0.7339230405245178,0.025246898830490267,0.7750046987193153,3.3666666666666663,0.8416666666666666,0.23777777777777778,0.7622222222222221,0.027773809339483507
DecoderOnly,delta_rmse,Native61_Public_SelectedSupport_RawRMSE,0.25,0.05,20261001,0.7588964999598518,0.025207712822679883,0.7822462885543768,3.5333333333333337,0.8833333333333334,0.24888888888888888,0.7511111111111111,0.02775303046414117
DecoderOnly,delta_rmse,Native61_Public_SelectedSupport_RawRMSE,0.25,0.05,20261002,0.7712206846831516,0.02525595075390761,0.7733654337067424,3.5,0.875,0.24632478632478633,0.7536752136752136,0.027743762408530187
DecoderOnly,delta_rmse,Native61_Public_SelectedSupport_RawRMSE,0.25,0.1,20260930,0.7486312048691457,0.025246898830490267,0.7750046987193153,5.733333333333333,0.7541666666666667,0.40376068376068375,0.5962393162393163,0.02744636164117073
DecoderOnly,delta_rmse,Native61_Public_SelectedSupport_RawRMSE,0.25,0.1,20261001,0.775849925273399,0.025207712822679883,0.7822462885543768,5.9,0.775,0.4148717948717948,0.5851282051282051,0.027411168650008404
DecoderOnly,delta_rmse,Native61_Public_SelectedSupport_RawRMSE,0.25,0.1,20261002,0.7725668697518273,0.02525595075390761,0.7733654337067424,6.0,0.7875,0.42153846153846153,0.5784615384615385,0.027415765031571393
DecoderOnly,delta_rmse,Native61_Public_SelectedSupport_RawRMSE,0.25,0.2,20260930,0.7825956389831628,0.025246898830490267,0.7750046987193153,9.3,0.6558974358974359,0.6558974358974359,0.3441025641025641,0.026906748787220956
DecoderOnly,delta_rmse,Native61_Public_SelectedSupport_RawRMSE,0.25,0.2,20261001,0.7869139553030603,0.025207712822679883,0.7822462885543768,9.3,0.6555555555555556,0.6555555555555556,0.34444444444444444,0.026898282635201148
DecoderOnly,delta_rmse,Native61_Public_SelectedSupport_RawRMSE,0.25,0.2,20261002,0.7852744582418574,0.02525595075390761,0.7733654337067424,9.433333333333334,0.6644444444444445,0.6644444444444445,0.33555555555555555,0.026901765087094975
DecoderOnly,delta_rmse,Native61_Public_SelectedSupport_RawRMSE,0.25,0.3,20260930,0.8155411428379804,0.025246898830490267,0.7750046987193153,11.9,0.5558352402745996,0.8364102564102565,0.1635897435897436,0.026368716401465975
DecoderOnly,delta_rmse,Native61_Public_SelectedSupport_RawRMSE,0.25,0.3,20261001,0.8326113231400096,0.025207712822679883,0.7822462885543768,12.0,0.560793287566743,0.8437606837606838,0.15623931623931625,0.026326271677287617
DecoderOnly,delta_rmse,Native61_Public_SelectedSupport_RawRMSE,0.25,0.3,20261002,0.8127732705552401,0.02525595075390761,0.7733654337067424,11.866666666666665,0.5549961861174676,0.834871794871795,0.1651282051282051,0.026375993543195354
DecoderOnly,delta_rmse,Native61_Public_SelectedSupport_RawRMSE,0.5,0.05,20260930,0.7520044568177792,0.0250801387944189,0.8118831703781234,3.6333333333333337,0.9083333333333334,0.2558974358974359,0.7441025641025641,0.027759755536291474
DecoderOnly,delta_rmse,Native61_Public_SelectedSupport_RawRMSE,0.5,0.05,20261001,0.7723786933610819,0.025087091348114033,0.8082530885272122,3.6666666666666665,0.9166666666666666,0.25811965811965815,0.7418803418803419,0.02774205456081997
DecoderOnly,delta_rmse,Native61_Public_SelectedSupport_RawRMSE,0.5,0.05,20261002,0.8034851793827501,0.02507980153810786,0.8102084184447256,3.6333333333333337,0.9083333333333334,0.2558974358974359,0.7441025641025641,0.027716545246349568
DecoderOnly,delta_rmse,Native61_Public_SelectedSupport_RawRMSE,0.5,0.1,20260930,0.8077368428035847,0.0250801387944189,0.8118831703781234,6.333333333333334,0.8321428571428571,0.4454700854700855,0.5545299145299145,0.027371088992172922
DecoderOnly,delta_rmse,Native61_Public_SelectedSupport_RawRMSE,0.5,0.1,20261001,0.7636639624259887,0.025087091348114033,0.8082530885272122,6.033333333333333,0.7952380952380953,0.4258119658119658,0.5741880341880342,0.027427548617061683
DecoderOnly,delta_rmse,Native61_Public_SelectedSupport_RawRMSE,0.5,0.1,20261002,0.8084907849918428,0.02507980153810786,0.8102084184447256,6.266666666666667,0.8232142857142858,0.44068376068376064,0.5593162393162393,0.027369631019515478
DecoderOnly,delta_rmse,Native61_Public_SelectedSupport_RawRMSE,0.5,0.2,20260930,0.8125158686149477,0.0250801387944189,0.8118831703781234,9.533333333333335,0.6728205128205128,0.6728205128205128,0.3271794871794872,0.0268499987245929
DecoderOnly,delta_rmse,Native61_Public_SelectedSupport_RawRMSE,0.5,0.2,20261001,0.8115699626867944,0.025087091348114033,0.8082530885272122,9.666666666666668,0.6813675213675213,0.6813675213675213,0.3186324786324787,0.026851742378478677
DecoderOnly,delta_rmse,Native61_Public_SelectedSupport_RawRMSE,0.5,0.2,20261002,0.834878258395238,0.02507980153810786,0.8102084184447256,9.933333333333334,0.6994871794871795,0.6994871794871795,0.3005128205128205,0.02680659550895097
DecoderOnly,delta_rmse,Native61_Public_SelectedSupport_RawRMSE,0.5,0.3,20260930,0.8536949911489249,0.0250801387944189,0.8118831703781234,12.233333333333333,0.5712433257055682,0.8596581196581197,0.14034188034188033,0.02627442199630531
DecoderOnly,delta_rmse,Native61_Public_SelectedSupport_RawRMSE,0.5,0.3,20261001,0.8442221188260355,0.025087091348114033,0.8082530885272122,12.166666666666668,0.5677345537757438,0.8545299145299146,0.14547008547008547,0.02629703424322315
DecoderOnly,delta_rmse,Native61_Public_SelectedSupport_RawRMSE,0.5,0.3,20261002,0.8490022205650561,0.02507980153810786,0.8102084184447256,12.366666666666667,0.5770404271548436,0.8685470085470086,0.13145299145299144,0.02628557482705419
DecoderOnly,delta_rmse,Native61_Public_SelectedSupport_RawRMSE,0.75,0.05,20260930,0.8253356868075347,0.025013947775182167,0.8272526725885129,3.833333333333333,0.9583333333333333,0.2692307692307693,0.7307692307692308,0.027700338919678436
DecoderOnly,delta_rmse,Native61_Public_SelectedSupport_RawRMSE,0.75,0.05,20261001,0.8361540204398239,0.025005084578538735,0.8292274228883526,3.8333333333333335,0.9583333333333334,0.2692307692307693,0.7307692307692308,0.027690615204186586
DecoderOnly,delta_rmse,Native61_Public_SelectedSupport_RawRMSE,0.75,0.05,20261002,0.8775752074379568,0.024997837494066092,0.8292409656806938,3.8666666666666663,0.9666666666666666,0.27145299145299145,0.7285470085470086,0.027656865361295618
DecoderOnly,delta_rmse,Native61_Public_SelectedSupport_RawRMSE,0.75,0.1,20260930,0.8484583078629621,0.025013947775182167,0.8272526725885129,6.566666666666667,0.8619047619047618,0.46136752136752135,0.5386324786324785,0.027318361717287437
DecoderOnly,delta_rmse,Native61_Public_SelectedSupport_RawRMSE,0.75,0.1,20261001,0.8204522006201644,0.025005084578538735,0.8292274228883526,6.433333333333333,0.8446428571428571,0.45213675213675214,0.5478632478632479,0.02735419924144422
DecoderOnly,delta_rmse,Native61_Public_SelectedSupport_RawRMSE,0.75,0.1,20261002,0.8309614413512103,0.024997837494066092,0.8292409656806938,6.4,0.8398809523809524,0.4495726495726496,0.5504273504273505,0.0273408850050479
DecoderOnly,delta_rmse,Native61_Public_SelectedSupport_RawRMSE,0.75,0.2,20260930,0.8289599464654327,0.025013947775182167,0.8272526725885129,9.5,0.6685470085470085,0.6685470085470085,0.33145299145299145,0.02681739874618469
DecoderOnly,delta_rmse,Native61_Public_SelectedSupport_RawRMSE,0.75,0.2,20261001,0.8257036566232335,0.025005084578538735,0.8292274228883526,9.633333333333333,0.6784615384615384,0.6784615384615384,0.32153846153846155,0.026824046276466923
DecoderOnly,delta_rmse,Native61_Public_SelectedSupport_RawRMSE,0.75,0.2,20261002,0.8322269917575402,0.024997837494066092,0.8292409656806938,9.766666666666667,0.6873504273504273,0.6873504273504273,0.31264957264957266,0.026811214069099275
DecoderOnly,delta_rmse,Native61_Public_SelectedSupport_RawRMSE,0.75,0.3,20260930,0.8583319226408503,0.025013947775182167,0.8272526725885129,12.366666666666667,0.5770404271548436,0.8685470085470085,0.13145299145299144,0.02626181642088003
DecoderOnly,delta_rmse,Native61_Public_SelectedSupport_RawRMSE,0.75,0.3,20261001,0.8606750804161468,0.025005084578538735,0.8292274228883526,12.3,0.5744469870327994,0.8644444444444443,0.13555555555555557,0.026256684823027017
DecoderOnly,delta_rmse,Native61_Public_SelectedSupport_RawRMSE,0.75,0.3,20261002,0.8636401890130841,0.024997837494066092,0.8292409656806938,12.433333333333334,0.5802440884820748,0.8733333333333334,0.12666666666666665,0.026248719486686854
DecoderOnly,delta_rmse,Native61_Public_SelectedSupport_RawRMSE,1.0,0.05,20260930,0.8360973653717452,0.02496484588530425,0.8371706059910178,4.0,1.0,0.28034188034188035,0.7196581196581198,0.027692705891778135
DecoderOnly,delta_rmse,Native61_Public_SelectedSupport_RawRMSE,1.0,0.05,20261001,0.9303526538284904,0.024983413539896682,0.833352891705044,4.0,1.0,0.28034188034188035,0.7196581196581198,0.027612264850588313
DecoderOnly,delta_rmse,Native61_Public_SelectedSupport_RawRMSE,1.0,0.05,20261002,0.9108751541575512,0.024980546788917837,0.8276529168472212,4.0,1.0,0.28034188034188035,0.7196581196581198,0.027630783069209804
DecoderOnly,delta_rmse,Native61_Public_SelectedSupport_RawRMSE,1.0,0.1,20260930,0.8916849686272652,0.02496484588530425,0.8371706059910178,7.0,0.9166666666666666,0.49059829059829063,0.5094017094017094,0.02726209590556723
DecoderOnly,delta_rmse,Native61_Public_SelectedSupport_RawRMSE,1.0,0.1,20261001,0.833048410371543,0.024983413539896682,0.833352891705044,6.666666666666667,0.875,0.4683760683760683,0.5316239316239316,0.02733766528962984
DecoderOnly,delta_rmse,Native61_Public_SelectedSupport_RawRMSE,1.0,0.1,20261002,0.8800962167751528,0.024980546788917837,0.8276529168472212,6.666666666666667,0.875,0.4683760683760683,0.5316239316239316,0.02727678605897006
DecoderOnly,delta_rmse,Native61_Public_SelectedSupport_RawRMSE,1.0,0.2,20260930,0.8437694066127029,0.02496484588530425,0.8371706059910178,10.0,0.7008547008547009,0.7008547008547009,0.29914529914529914,0.02678840941421885
DecoderOnly,delta_rmse,Native61_Public_SelectedSupport_RawRMSE,1.0,0.2,20261001,0.8056669220041502,0.024983413539896682,0.833352891705044,9.0,0.6341880341880342,0.6341880341880342,0.36581196581196584,0.02686214899933077
DecoderOnly,delta_rmse,Native61_Public_SelectedSupport_RawRMSE,1.0,0.2,20261002,0.7970805912538453,0.024980546788917837,0.8276529168472212,9.0,0.6341880341880342,0.6341880341880342,0.36581196581196584,0.026879147400551317
DecoderOnly,delta_rmse,Native61_Public_SelectedSupport_RawRMSE,1.0,0.3,20260930,0.8671072776364056,0.02496484588530425,0.8371706059910178,12.333333333333334,0.5728451563691839,0.8632478632478634,0.13675213675213674,0.026237073162756353
DecoderOnly,delta_rmse,Native61_Public_SelectedSupport_RawRMSE,1.0,0.3,20261001,0.8694508188842587,0.024983413539896682,0.833352891705044,12.666666666666666,0.5903890160183066,0.888888888888889,0.11111111111111112,0.026235286358671416
DecoderOnly,delta_rmse,Native61_Public_SelectedSupport_RawRMSE,1.0,0.3,20261002,0.8615988644896845,0.024980546788917837,0.8276529168472212,12.333333333333334,0.5758962623951183,0.8666666666666668,0.13333333333333333,0.026253563509780548
DecoderOnly,delta_rmse,Native61_SelectedSupport_RawRMSE,0.1,0.05,20260930,0.295943924627771,0.027183773707399845,0.2602829184557578,1.9333333333333331,0.4833333333333333,0.13538461538461538,0.8646153846153846,0.028146678829177617
DecoderOnly,delta_rmse,Native61_SelectedSupport_RawRMSE,0.1,0.05,20261001,0.2738173231493272,0.0273535021594015,0.22693343568598162,1.8333333333333333,0.4583333333333333,0.12837606837606835,0.8716239316239317,0.028165826097152586
DecoderOnly,delta_rmse,Native61_SelectedSupport_RawRMSE,0.1,0.05,20261002,0.2651650340298647,0.027335998299223407,0.24035865745781018,1.8,0.45,0.1264957264957265,0.8735042735042736,0.028172256884030727
DecoderOnly,delta_rmse,Native61_SelectedSupport_RawRMSE,0.1,0.1,20260930,0.2576875086314766,0.027183773707399845,0.2602829184557578,3.066666666666667,0.4011904761904762,0.2147008547008547,0.7852991452991452,0.028066823925782865
DecoderOnly,delta_rmse,Native61_SelectedSupport_RawRMSE,0.1,0.1,20261001,0.23712494623808836,0.0273535021594015,0.22693343568598162,2.8333333333333335,0.37202380952380953,0.19914529914529916,0.8008547008547009,0.02809338649989363
DecoderOnly,delta_rmse,Native61_SelectedSupport_RawRMSE,0.1,0.1,20261002,0.29307324730130835,0.027335998299223407,0.24035865745781018,3.1666666666666665,0.4125,0.2206837606837607,0.7793162393162394,0.028021166631547485
DecoderOnly,delta_rmse,Native61_SelectedSupport_RawRMSE,0.1,0.2,20260930,0.3090712483563154,0.027183773707399845,0.2602829184557578,5.2333333333333325,0.367008547008547,0.367008547008547,0.6329914529914531,0.027806676482212484
DecoderOnly,delta_rmse,Native61_SelectedSupport_RawRMSE,0.1,0.2,20261001,0.2898209677796043,0.0273535021594015,0.22693343568598162,5.2666666666666675,0.36888888888888893,0.36888888888888893,0.6311111111111111,0.027841523162841886
DecoderOnly,delta_rmse,Native61_SelectedSupport_RawRMSE,0.1,0.2,20261002,0.30513991590763245,0.027335998299223407,0.24035865745781018,5.333333333333333,0.37401709401709404,0.37401709401709404,0.6259829059829061,0.027814429051176964
DecoderOnly,delta_rmse,Native61_SelectedSupport_RawRMSE,0.1,0.3,20260930,0.291142037934348,0.027183773707399845,0.2602829184557578,7.0,0.32509534706331045,0.48991452991452994,0.51008547008547,0.027671896258825036
DecoderOnly,delta_rmse,Native61_SelectedSupport_RawRMSE,0.1,0.3,20261001,0.2919482478491322,0.0273535021594015,0.22693343568598162,6.9,0.3198321891685736,0.4822222222222223,0.5177777777777778,0.02766722805134198
DecoderOnly,delta_rmse,Native61_SelectedSupport_RawRMSE,0.1,0.3,20261002,0.2770370709203217,0.027335998299223407,0.24035865745781018,6.966666666666667,0.32303585049580474,0.48700854700854695,0.512991452991453,0.027706864404573796
DecoderOnly,delta_rmse,Native61_SelectedSupport_RawRMSE,0.25,0.05,20260930,0.703262549141835,0.02545885706761127,0.7191880535704844,3.2,0.8,0.22598290598290602,0.7740170940170941,0.02780606907151556
DecoderOnly,delta_rmse,Native61_SelectedSupport_RawRMSE,0.25,0.05,20261001,0.6614844641186794,0.025523799002834725,0.695899564847974,3.2,0.8,0.2252991452991453,0.7747008547008547,0.02784320450887568
DecoderOnly,delta_rmse,Native61_SelectedSupport_RawRMSE,0.25,0.05,20261002,0.7497559006209076,0.025547642970304645,0.6792751050820073,3.4,0.85,0.238974358974359,0.7610256410256411,0.02776781191239642
DecoderOnly,delta_rmse,Native61_SelectedSupport_RawRMSE,0.25,0.1,20260930,0.7091598224632691,0.02545885706761127,0.7191880535704844,5.4,0.7101190476190476,0.38017094017094016,0.6198290598290599,0.02749470003797379
DecoderOnly,delta_rmse,Native61_SelectedSupport_RawRMSE,0.25,0.1,20261001,0.7004853460278341,0.025523799002834725,0.695899564847974,5.433333333333334,0.7148809523809524,0.3827350427350427,0.6172649572649573,0.027505989275370422
DecoderOnly,delta_rmse,Native61_SelectedSupport_RawRMSE,0.25,0.1,20261002,0.7013919618439532,0.025547642970304645,0.6792751050820073,5.3,0.6958333333333334,0.3724786324786325,0.6275213675213676,0.027503921281105497
DecoderOnly,delta_rmse,Native61_SelectedSupport_RawRMSE,0.25,0.2,20260930,0.7326774425033165,0.02545885706761127,0.7191880535704844,8.5,0.5991452991452991,0.5991452991452991,0.4008547008547009,0.02700114151440867
DecoderOnly,delta_rmse,Native61_SelectedSupport_RawRMSE,0.25,0.2,20261001,0.7244330790932137,0.025523799002834725,0.695899564847974,8.366666666666667,0.5888888888888889,0.5888888888888889,0.4111111111111111,0.02701659644285647
DecoderOnly,delta_rmse,Native61_SelectedSupport_RawRMSE,0.25,0.2,20261002,0.7171479742967117,0.025547642970304645,0.6792751050820073,8.2,0.5784615384615385,0.5784615384615385,0.42153846153846153,0.027030870420322824
DecoderOnly,delta_rmse,Native61_SelectedSupport_RawRMSE,0.25,0.3,20260930,0.7654065360886537,0.02545885706761127,0.7191880535704844,10.866666666666667,0.5060259344012205,0.762051282051282,0.23794871794871794,0.02649108683207277
DecoderOnly,delta_rmse,Native61_SelectedSupport_RawRMSE,0.25,0.3,20261001,0.739825874568135,0.025523799002834725,0.695899564847974,10.533333333333333,0.4912280701754386,0.7394871794871796,0.26051282051282054,0.026556522258973585
DecoderOnly,delta_rmse,Native61_SelectedSupport_RawRMSE,0.25,0.3,20261002,0.7361093572090772,0.025547642970304645,0.6792751050820073,10.566666666666666,0.4920671243325706,0.741025641025641,0.258974358974359,0.02656402594980939
DecoderOnly,delta_rmse,Native61_SelectedSupport_RawRMSE,0.5,0.05,20260930,0.8490333779034929,0.02511826874062864,0.8025327340587358,3.5666666666666664,0.8916666666666666,0.2514529914529915,0.7485470085470085,0.027681041643309208
DecoderOnly,delta_rmse,Native61_SelectedSupport_RawRMSE,0.5,0.05,20261001,0.8680851057859618,0.025145007296700283,0.7904804329790869,3.7,0.925,0.2603418803418803,0.7396581196581197,0.027665430531686925
DecoderOnly,delta_rmse,Native61_SelectedSupport_RawRMSE,0.5,0.05,20261002,0.8467310646359503,0.025172827791167546,0.7805572177576126,3.6333333333333337,0.9083333333333334,0.2558974358974359,0.7441025641025641,0.02768339235226719
DecoderOnly,delta_rmse,Native61_SelectedSupport_RawRMSE,0.5,0.1,20260930,0.815236499218088,0.02511826874062864,0.8025327340587358,5.833333333333334,0.7690476190476191,0.41179487179487173,0.5882051282051283,0.02736151037019559
DecoderOnly,delta_rmse,Native61_SelectedSupport_RawRMSE,0.5,0.1,20261001,0.8343144382297052,0.025145007296700283,0.7904804329790869,6.066666666666666,0.7976190476190477,0.427008547008547,0.572991452991453,0.027336730565004314
DecoderOnly,delta_rmse,Native61_SelectedSupport_RawRMSE,0.5,0.1,20261002,0.8220947192558807,0.025172827791167546,0.7805572177576126,6.0,0.7892857142857143,0.4225641025641026,0.5774358974358974,0.02735246536250386
DecoderOnly,delta_rmse,Native61_SelectedSupport_RawRMSE,0.5,0.2,20260930,0.803085009653198,0.02511826874062864,0.8025327340587358,9.333333333333332,0.6584615384615384,0.6584615384615384,0.34153846153846157,0.02686806313140891
DecoderOnly,delta_rmse,Native61_SelectedSupport_RawRMSE,0.5,0.2,20261001,0.7930471162385386,0.025145007296700283,0.7904804329790869,8.833333333333332,0.6223931623931623,0.6223931623931623,0.3776068376068376,0.02688608347741377
DecoderOnly,delta_rmse,Native61_SelectedSupport_RawRMSE,0.5,0.2,20261002,0.8013208434971408,0.025172827791167546,0.7805572177576126,8.966666666666665,0.632991452991453,0.632991452991453,0.367008547008547,0.026871015803895365
DecoderOnly,delta_rmse,Native61_SelectedSupport_RawRMSE,0.5,0.3,20260930,0.8508730347474218,0.02511826874062864,0.8025327340587358,11.9,0.5536994660564455,0.8340170940170941,0.16598290598290596,0.026280714360156564
DecoderOnly,delta_rmse,Native61_SelectedSupport_RawRMSE,0.5,0.3,20261001,0.8179736573187748,0.025145007296700283,0.7904804329790869,11.4,0.5319603356216629,0.8006837606837607,0.1993162393162393,0.02636391678115222
DecoderOnly,delta_rmse,Native61_SelectedSupport_RawRMSE,0.5,0.3,20261002,0.8244661536412954,0.025172827791167546,0.7805572177576126,11.466666666666667,0.5345537757437071,0.8047863247863247,0.19521367521367522,0.026347153395787803
DecoderOnly,delta_rmse,Native61_SelectedSupport_RawRMSE,0.75,0.05,20260930,0.8652089846579505,0.02508480727359072,0.812768502566654,3.633333333333333,0.9083333333333332,0.2558974358974359,0.7441025641025641,0.027668176530207207
DecoderOnly,delta_rmse,Native61_SelectedSupport_RawRMSE,0.75,0.05,20261001,0.8332295060215742,0.025120015047728268,0.7978260692369495,3.6333333333333337,0.9083333333333334,0.2558974358974359,0.7441025641025641,0.02769582329343747
DecoderOnly,delta_rmse,Native61_SelectedSupport_RawRMSE,0.75,0.05,20261002,0.8168594375971772,0.025118006129243454,0.7979276679130797,3.5333333333333337,0.8833333333333334,0.24923076923076923,0.7507692307692307,0.02770939923622618
DecoderOnly,delta_rmse,Native61_SelectedSupport_RawRMSE,0.75,0.1,20260930,0.8212454610389915,0.02508480727359072,0.812768502566654,5.9,0.7755952380952381,0.41521367521367514,0.5847863247863249,0.027353469126357027
DecoderOnly,delta_rmse,Native61_SelectedSupport_RawRMSE,0.75,0.1,20261001,0.7896587514955733,0.025120015047728268,0.7978260692369495,5.766666666666667,0.7583333333333334,0.405982905982906,0.594017094017094,0.027394441991518408
DecoderOnly,delta_rmse,Native61_SelectedSupport_RawRMSE,0.75,0.1,20261002,0.812955852512674,0.025118006129243454,0.7979276679130797,5.933333333333334,0.7803571428571429,0.4177777777777777,0.5822222222222223,0.027364260794975892
DecoderOnly,delta_rmse,Native61_SelectedSupport_RawRMSE,0.75,0.2,20260930,0.7916607707398791,0.02508480727359072,0.812768502566654,9.033333333333333,0.6367521367521367,0.6367521367521367,0.36324786324786323,0.026889957301594374
DecoderOnly,delta_rmse,Native61_SelectedSupport_RawRMSE,0.75,0.2,20261001,0.7832087179759073,0.025120015047728268,0.7978260692369495,9.066666666666666,0.6389743589743591,0.6389743589743591,0.36102564102564105,0.026905657256735986
DecoderOnly,delta_rmse,Native61_SelectedSupport_RawRMSE,0.75,0.2,20261002,0.7900329306924777,0.025118006129243454,0.7979276679130797,8.966666666666665,0.6319658119658119,0.6319658119658119,0.3680341880341881,0.026892378937227616
DecoderOnly,delta_rmse,Native61_SelectedSupport_RawRMSE,0.75,0.3,20260930,0.8509413307295457,0.02508480727359072,0.812768502566654,11.7,0.5450038138825324,0.8206837606837606,0.1793162393162393,0.026281011623996136
DecoderOnly,delta_rmse,Native61_SelectedSupport_RawRMSE,0.75,0.3,20261001,0.8369924213088952,0.025120015047728268,0.7978260692369495,11.7,0.5443935926773456,0.82,0.18,0.02631581644958919
DecoderOnly,delta_rmse,Native61_SelectedSupport_RawRMSE,0.75,0.3,20261002,0.8501456874743193,0.025118006129243454,0.7979276679130797,11.8,0.5496567505720824,0.8276923076923077,0.1723076923076923,0.026282836042513913
DecoderOnly,delta_rmse,Native61_SelectedSupport_RawRMSE,1.0,0.05,20260930,0.9335131446268597,0.025065083728730668,0.8270370009352961,3.6666666666666665,0.9166666666666666,0.25811965811965815,0.7418803418803419,0.027610384823537882
DecoderOnly,delta_rmse,Native61_SelectedSupport_RawRMSE,1.0,0.05,20261001,0.9335131446268597,0.02512920516277693,0.7962595903251937,3.6666666666666665,0.9166666666666666,0.25811965811965815,0.7418803418803419,0.027610384823537882
DecoderOnly,delta_rmse,Native61_SelectedSupport_RawRMSE,1.0,0.05,20261002,0.9335131446268597,0.025063962279850045,0.8141371854712321,3.6666666666666665,0.9166666666666666,0.25811965811965815,0.7418803418803419,0.027610384823537882
DecoderOnly,delta_rmse,Native61_SelectedSupport_RawRMSE,1.0,0.1,20260930,0.8742300424520799,0.025065083728730668,0.8270370009352961,6.333333333333333,0.8333333333333334,0.4461538461538462,0.5538461538461539,0.027286429560869425
DecoderOnly,delta_rmse,Native61_SelectedSupport_RawRMSE,1.0,0.1,20261001,0.8501988621355405,0.02512920516277693,0.7962595903251937,6.333333333333333,0.8333333333333334,0.4461538461538462,0.5538461538461539,0.027316964516394694
DecoderOnly,delta_rmse,Native61_SelectedSupport_RawRMSE,1.0,0.1,20261002,0.8581701413932421,0.025063962279850045,0.8141371854712321,6.0,0.7916666666666666,0.4239316239316239,0.5760683760683761,0.027306915080233102
DecoderOnly,delta_rmse,Native61_SelectedSupport_RawRMSE,1.0,0.2,20260930,0.8171959414635935,0.025065083728730668,0.8270370009352961,8.666666666666666,0.6085470085470085,0.6085470085470085,0.39145299145299145,0.026839373399526606
DecoderOnly,delta_rmse,Native61_SelectedSupport_RawRMSE,1.0,0.2,20261001,0.7915394843498879,0.02512920516277693,0.7962595903251937,8.666666666666666,0.6085470085470085,0.6085470085470085,0.39145299145299145,0.02689044827684329
DecoderOnly,delta_rmse,Native61_SelectedSupport_RawRMSE,1.0,0.2,20261002,0.8138535976872822,0.025063962279850045,0.8141371854712321,9.333333333333334,0.6598290598290598,0.6598290598290598,0.34017094017094013,0.026847394619979027
DecoderOnly,delta_rmse,Native61_SelectedSupport_RawRMSE,1.0,0.3,20260930,0.871900582853056,0.025065083728730668,0.8270370009352961,12.0,0.5583524027459954,0.841025641025641,0.15897435897435896,0.02622924749941773
DecoderOnly,delta_rmse,Native61_SelectedSupport_RawRMSE,1.0,0.3,20261001,0.8550439083025111,0.02512920516277693,0.7962595903251937,12.0,0.5583524027459954,0.841025641025641,0.15897435897435896,0.02626962984666077
DecoderOnly,delta_rmse,Native61_SelectedSupport_RawRMSE,1.0,0.3,20261002,0.8608917746244676,0.025063962279850045,0.8141371854712321,11.666666666666666,0.5408085430968727,0.8153846153846155,0.18461538461538463,0.0262554226697015
DecoderOnly,delta_rmse,PublicRule,0.0,0.05,-1,0.919244937932151,0.024943607252950094,0.843212913178812,4.0,1.0,0.28034188034188035,0.7196581196581198,0.0276237101951176
DecoderOnly,delta_rmse,PublicRule,0.0,0.1,-1,0.8855116105695484,0.024943607252950094,0.843212913178812,6.666666666666667,0.875,0.4683760683760683,0.5316239316239316,0.027270078447983303
DecoderOnly,delta_rmse,PublicRule,0.0,0.2,-1,0.8376675526205691,0.024943607252950094,0.843212913178812,9.666666666666666,0.682051282051282,0.682051282051282,0.317948717948718,0.026801124476657973
DecoderOnly,delta_rmse,PublicRule,0.0,0.3,-1,0.8354515386612601,0.024943607252950094,0.843212913178812,12.0,0.5614035087719298,0.8444444444444444,0.15555555555555556,0.02631896770308532
DecoderOnly,delta_rmse,SourceRisk_frozen,0.0,0.05,-1,0.7940443881630078,0.025069591530312837,0.8120589048309587,3.6666666666666665,0.9166666666666666,0.25811965811965815,0.7418803418803419,0.02772255877944374
DecoderOnly,delta_rmse,SourceRisk_frozen,0.0,0.1,-1,0.7332797126785224,0.025069591530312837,0.8120589048309587,5.666666666666667,0.7440476190476191,0.39829059829059826,0.6017094017094017,0.027466556386519913
DecoderOnly,delta_rmse,SourceRisk_frozen,0.0,0.2,-1,0.7439323904552184,0.025069591530312837,0.8120589048309587,9.333333333333334,0.6598290598290598,0.6598290598290598,0.34017094017094013,0.026982174637932194
DecoderOnly,delta_rmse,SourceRisk_frozen,0.0,0.3,-1,0.7884314651784213,0.025069591530312837,0.8120589048309587,11.666666666666666,0.5469107551487414,0.8222222222222223,0.17777777777777778,0.026441678083371927
DecoderOnly,effect_top200_rmse,HistorySupport,0.0,0.05,-1,0.7502144658697109,0.06396602530228288,0.7858975365645956,3.3333333333333335,0.8333333333333334,0.23589743589743592,0.764102564102564,0.07120473268265949
DecoderOnly,effect_top200_rmse,HistorySupport,0.0,0.1,-1,0.6833272515107164,0.06396602530228288,0.7858975365645956,5.0,0.6607142857142857,0.35384615384615387,0.6461538461538462,0.07056526557423645
DecoderOnly,effect_top200_rmse,HistorySupport,0.0,0.2,-1,0.798275257685633,0.06396602530228288,0.7858975365645956,9.0,0.6307692307692307,0.6307692307692307,0.36923076923076925,0.06878917472407485
DecoderOnly,effect_top200_rmse,HistorySupport,0.0,0.3,-1,0.8291563796721583,0.06396602530228288,0.7858975365645956,11.666666666666666,0.543859649122807,0.8188034188034189,0.1811965811965812,0.06730405909521124
DecoderOnly,effect_top200_rmse,HistorySupport_selected,0.0,0.05,-1,0.9132605252473908,0.0635135515727556,0.8511532882322136,3.6666666666666665,0.9166666666666666,0.25811965811965815,0.7418803418803419,0.07083628168355792
DecoderOnly,effect_top200_rmse,HistorySupport_selected,0.0,0.1,-1,0.8865452235305314,0.0635135515727556,0.8511532882322136,6.666666666666667,0.875,0.4683760683760683,0.5316239316239316,0.06984453956481727
DecoderOnly,effect_top200_rmse,HistorySupport_selected,0.0,0.2,-1,0.8380870769813077,0.0635135515727556,0.8511532882322136,9.666666666666666,0.682051282051282,0.682051282051282,0.317948717948718,0.06858294791549296
DecoderOnly,effect_top200_rmse,HistorySupport_selected,0.0,0.3,-1,0.8566358422778647,0.0635135515727556,0.8511532882322136,12.0,0.5614035087719298,0.8444444444444444,0.15555555555555556,0.06711441562978399
DecoderOnly,effect_top200_rmse,Magnitude,0.0,0.05,-1,-0.14271330567611712,0.0749510801721107,-0.18325222884764827,0.3333333333333333,0.08333333333333333,0.022222222222222223,0.9777777777777779,0.07328293922012108
DecoderOnly,effect_top200_rmse,Magnitude,0.0,0.1,-1,-0.24214483368404324,0.0749510801721107,-0.18325222884764827,0.3333333333333333,0.041666666666666664,0.022222222222222223,0.9777777777777779,0.07380952431997267
DecoderOnly,effect_top200_rmse,Magnitude,0.0,0.2,-1,-0.22287130106222156,0.0749510801721107,-0.18325222884764827,1.6666666666666667,0.11452991452991453,0.11452991452991453,0.8854700854700855,0.07412083323350703
DecoderOnly,effect_top200_rmse,Magnitude,0.0,0.3,-1,-0.32547964535403423,0.0749510801721107,-0.18325222884764827,2.6666666666666665,0.11899313501144164,0.18119658119658122,0.8188034188034189,0.07519149915828661
DecoderOnly,effect_top200_rmse,Native61_Public_SelectedSupport_RawRMSE,0.1,0.05,20260930,0.4739108224299753,0.0661083830472708,0.5908756496155733,2.3666666666666667,0.5916666666666667,0.1663247863247863,0.8336752136752136,0.07184845057978598
DecoderOnly,effect_top200_rmse,Native61_Public_SelectedSupport_RawRMSE,0.1,0.05,20261001,0.49425072187286345,0.06608163701680463,0.5995172029975213,2.4333333333333336,0.6083333333333334,0.17213675213675214,0.8278632478632479,0.0717950747904414
DecoderOnly,effect_top200_rmse,Native61_Public_SelectedSupport_RawRMSE,0.1,0.05,20261002,0.4680425769441732,0.06600158587740731,0.6029115200783166,2.4,0.6,0.16957264957264956,0.8304273504273505,0.0718529274016049
DecoderOnly,effect_top200_rmse,Native61_Public_SelectedSupport_RawRMSE,0.1,0.1,20260930,0.5265451766871468,0.0661083830472708,0.5908756496155733,4.233333333333333,0.555952380952381,0.2976068376068376,0.7023931623931624,0.0711100689585499
DecoderOnly,effect_top200_rmse,Native61_Public_SelectedSupport_RawRMSE,0.1,0.1,20261001,0.5884380928959116,0.06608163701680463,0.5995172029975213,4.5,0.5916666666666667,0.31675213675213676,0.6832478632478634,0.0708922060272251
DecoderOnly,effect_top200_rmse,Native61_Public_SelectedSupport_RawRMSE,0.1,0.1,20261002,0.5552333072647019,0.06600158587740731,0.6029115200783166,4.466666666666667,0.5869047619047619,0.3141880341880342,0.6858119658119659,0.07100902750128632
DecoderOnly,effect_top200_rmse,Native61_Public_SelectedSupport_RawRMSE,0.1,0.2,20260930,0.6199584469758825,0.0661083830472708,0.5908756496155733,7.7666666666666675,0.5471794871794872,0.5471794871794872,0.45282051282051283,0.0697226953895516
DecoderOnly,effect_top200_rmse,Native61_Public_SelectedSupport_RawRMSE,0.1,0.2,20261001,0.6342306644198555,0.06608163701680463,0.5995172029975213,7.7333333333333325,0.5446153846153846,0.5446153846153846,0.4553846153846154,0.06964948164952753
DecoderOnly,effect_top200_rmse,Native61_Public_SelectedSupport_RawRMSE,0.1,0.2,20261002,0.6286725687641345,0.06600158587740731,0.6029115200783166,7.8,0.5483760683760683,0.5483760683760683,0.4516239316239316,0.06967361119827159
DecoderOnly,effect_top200_rmse,Native61_Public_SelectedSupport_RawRMSE,0.1,0.3,20260930,0.6436318301200926,0.0661083830472708,0.5908756496155733,10.3,0.48138825324180007,0.7242735042735042,0.2757264957264957,0.06856497547288277
DecoderOnly,effect_top200_rmse,Native61_Public_SelectedSupport_RawRMSE,0.1,0.3,20261001,0.6320278724586221,0.06608163701680463,0.5995172029975213,9.933333333333334,0.4639206712433257,0.6981196581196581,0.3018803418803419,0.06864180268380025
DecoderOnly,effect_top200_rmse,Native61_Public_SelectedSupport_RawRMSE,0.1,0.3,20261002,0.6432539310313704,0.06600158587740731,0.6029115200783166,9.966666666666667,0.4641495041952708,0.698974358974359,0.301025641025641,0.06856169084748193
DecoderOnly,effect_top200_rmse,Native61_Public_SelectedSupport_RawRMSE,0.25,0.05,20260930,0.7215764052666908,0.06439614048793998,0.764572200125163,3.3666666666666663,0.8416666666666666,0.23777777777777778,0.7622222222222221,0.07126638097525972
DecoderOnly,effect_top200_rmse,Native61_Public_SelectedSupport_RawRMSE,0.25,0.05,20261001,0.742825972449827,0.06429173518055621,0.7708504936597943,3.4333333333333336,0.8583333333333334,0.24222222222222226,0.7577777777777778,0.07121807571550223
DecoderOnly,effect_top200_rmse,Native61_Public_SelectedSupport_RawRMSE,0.25,0.05,20261002,0.7559559510760948,0.06443212859004178,0.7624650671793699,3.5,0.875,0.24632478632478633,0.7536752136752136,0.07119143155423166
DecoderOnly,effect_top200_rmse,Native61_Public_SelectedSupport_RawRMSE,0.25,0.1,20260930,0.7342713826532445,0.06439614048793998,0.764572200125163,5.6,0.7375,0.39487179487179486,0.6051282051282051,0.07038096349965683
DecoderOnly,effect_top200_rmse,Native61_Public_SelectedSupport_RawRMSE,0.25,0.1,20261001,0.7615036708065748,0.06429173518055621,0.7708504936597943,5.7,0.75,0.4015384615384615,0.5984615384615385,0.07028429626211544
DecoderOnly,effect_top200_rmse,Native61_Public_SelectedSupport_RawRMSE,0.25,0.1,20261002,0.761612584272704,0.06443212859004178,0.7624650671793699,5.833333333333333,0.7666666666666667,0.4104273504273504,0.5895726495726497,0.07028469499894525
DecoderOnly,effect_top200_rmse,Native61_Public_SelectedSupport_RawRMSE,0.25,0.2,20260930,0.7794855202444781,0.06439614048793998,0.764572200125163,9.2,0.6492307692307693,0.6492307692307693,0.3507692307692308,0.06889195928037299
DecoderOnly,effect_top200_rmse,Native61_Public_SelectedSupport_RawRMSE,0.25,0.2,20261001,0.7832013051269866,0.06429173518055621,0.7708504936597943,9.233333333333333,0.6511111111111111,0.6511111111111111,0.3488888888888889,0.06887101181869741
DecoderOnly,effect_top200_rmse,Native61_Public_SelectedSupport_RawRMSE,0.25,0.2,20261002,0.7806259301546252,0.06443212859004178,0.7624650671793699,9.233333333333333,0.6511111111111111,0.6511111111111111,0.3488888888888889,0.06888611733788551
DecoderOnly,effect_top200_rmse,Native61_Public_SelectedSupport_RawRMSE,0.25,0.3,20260930,0.8074218237120651,0.06439614048793998,0.764572200125163,11.8,0.551487414187643,0.8297435897435899,0.17025641025641025,0.06744571652121908
DecoderOnly,effect_top200_rmse,Native61_Public_SelectedSupport_RawRMSE,0.25,0.3,20261001,0.8246110257691835,0.06429173518055621,0.7708504936597943,11.9,0.5564454614797865,0.8370940170940171,0.1629059829059829,0.06732750126899766
DecoderOnly,effect_top200_rmse,Native61_Public_SelectedSupport_RawRMSE,0.25,0.3,20261002,0.8066359685303036,0.06443212859004178,0.7624650671793699,11.766666666666666,0.5506483600305111,0.8282051282051283,0.1717948717948718,0.06745178543190342
DecoderOnly,effect_top200_rmse,Native61_Public_SelectedSupport_RawRMSE,0.5,0.05,20260930,0.736520347634067,0.06393702855720251,0.8032332644460235,3.6666666666666665,0.9166666666666666,0.25811965811965815,0.7418803418803419,0.07123335915831369
DecoderOnly,effect_top200_rmse,Native61_Public_SelectedSupport_RawRMSE,0.5,0.05,20261001,0.7540573761746814,0.06396104102840003,0.7990622609471512,3.6666666666666665,0.9166666666666666,0.25811965811965815,0.7418803418803419,0.07119060041836398
DecoderOnly,effect_top200_rmse,Native61_Public_SelectedSupport_RawRMSE,0.5,0.05,20261002,0.7880607037301326,0.06393439701432273,0.8006241201472786,3.6333333333333337,0.9083333333333334,0.2558974358974359,0.7441025641025641,0.07111456462847167
DecoderOnly,effect_top200_rmse,Native61_Public_SelectedSupport_RawRMSE,0.5,0.1,20260930,0.8007411497257413,0.06393702855720251,0.8032332644460235,6.3,0.8279761904761905,0.4432478632478632,0.5567521367521368,0.07014738185613781
DecoderOnly,effect_top200_rmse,Native61_Public_SelectedSupport_RawRMSE,0.5,0.1,20261001,0.7518905656170546,0.06396104102840003,0.7990622609471512,6.066666666666666,0.7994047619047618,0.428034188034188,0.571965811965812,0.07031899640438401
DecoderOnly,effect_top200_rmse,Native61_Public_SelectedSupport_RawRMSE,0.5,0.1,20261002,0.7976786715946933,0.06393439701432273,0.8006241201472786,6.3,0.8273809523809523,0.44290598290598293,0.5570940170940171,0.07015741794501772
DecoderOnly,effect_top200_rmse,Native61_Public_SelectedSupport_RawRMSE,0.5,0.2,20260930,0.8140673499612301,0.06393702855720251,0.8032332644460235,9.466666666666667,0.6683760683760683,0.6683760683760683,0.3316239316239316,0.06871186936733162
DecoderOnly,effect_top200_rmse,Native61_Public_SelectedSupport_RawRMSE,0.5,0.2,20261001,0.8116869393393372,0.06396104102840003,0.7990622609471512,9.566666666666666,0.6747008547008547,0.6747008547008547,0.3252991452991453,0.06872449889791789
DecoderOnly,effect_top200_rmse,Native61_Public_SelectedSupport_RawRMSE,0.5,0.2,20261002,0.8348054787957029,0.06393439701432273,0.8006241201472786,9.833333333333332,0.6928205128205128,0.6928205128205128,0.3071794871794872,0.06860110373668275
DecoderOnly,effect_top200_rmse,Native61_Public_SelectedSupport_RawRMSE,0.5,0.3,20260930,0.8505912585735595,0.06393702855720251,0.8032332644460235,12.233333333333333,0.5712433257055682,0.8596581196581197,0.14034188034188033,0.06715105890863296
DecoderOnly,effect_top200_rmse,Native61_Public_SelectedSupport_RawRMSE,0.5,0.3,20261001,0.8388450866735268,0.06396104102840003,0.7990622609471512,12.133333333333335,0.5662852784134248,0.8523076923076923,0.14769230769230768,0.06722869448225223
DecoderOnly,effect_top200_rmse,Native61_Public_SelectedSupport_RawRMSE,0.5,0.3,20261002,0.844717012140023,0.06393439701432273,0.8006241201472786,12.366666666666667,0.5770404271548436,0.8685470085470086,0.13145299145299144,0.06718962900160368
DecoderOnly,effect_top200_rmse,Native61_Public_SelectedSupport_RawRMSE,0.75,0.05,20260930,0.8100855167911343,0.06374739091771758,0.8184161269576966,3.833333333333333,0.9583333333333333,0.2692307692307693,0.7307692307692308,0.07107109943041534
DecoderOnly,effect_top200_rmse,Native61_Public_SelectedSupport_RawRMSE,0.75,0.05,20261001,0.8174639542313443,0.06372341674340164,0.8204284215273587,3.8333333333333335,0.9583333333333334,0.2692307692307693,0.7307692307692308,0.07105329395816881
DecoderOnly,effect_top200_rmse,Native61_Public_SelectedSupport_RawRMSE,0.75,0.05,20261002,0.8600961361483958,0.06369290919690206,0.8210179821702862,3.8666666666666663,0.9666666666666666,0.27145299145299145,0.7285470085470086,0.070957389628342
DecoderOnly,effect_top200_rmse,Native61_Public_SelectedSupport_RawRMSE,0.75,0.1,20260930,0.841645733482937,0.06374739091771758,0.8184161269576966,6.533333333333333,0.8577380952380953,0.4591452991452992,0.5408547008547008,0.07000225532272573
DecoderOnly,effect_top200_rmse,Native61_Public_SelectedSupport_RawRMSE,0.75,0.1,20261001,0.8096521716511613,0.06372341674340164,0.8204284215273587,6.4,0.8404761904761905,0.4499145299145299,0.55008547008547,0.07011495566039741
DecoderOnly,effect_top200_rmse,Native61_Public_SelectedSupport_RawRMSE,0.75,0.1,20261002,0.8227462251651394,0.06369290919690206,0.8210179821702862,6.433333333333333,0.8440476190476189,0.45179487179487177,0.5482051282051282,0.07006974612060278
DecoderOnly,effect_top200_rmse,Native61_Public_SelectedSupport_RawRMSE,0.75,0.2,20260930,0.8305142534562482,0.06374739091771758,0.8184161269576966,9.466666666666667,0.6663247863247863,0.6663247863247863,0.3336752136752137,0.06862143143816424
DecoderOnly,effect_top200_rmse,Native61_Public_SelectedSupport_RawRMSE,0.75,0.2,20261001,0.8253942523607696,0.06372341674340164,0.8204284215273587,9.533333333333333,0.6717948717948719,0.6717948717948719,0.3282051282051282,0.06864994163825601
DecoderOnly,effect_top200_rmse,Native61_Public_SelectedSupport_RawRMSE,0.75,0.2,20261002,0.8331545238261329,0.06369290919690206,0.8210179821702862,9.7,0.6829059829059829,0.6829059829059829,0.3170940170940171,0.06860783447033107
DecoderOnly,effect_top200_rmse,Native61_Public_SelectedSupport_RawRMSE,0.75,0.3,20260930,0.856935524837748,0.06374739091771758,0.8184161269576966,12.366666666666667,0.5770404271548436,0.8685470085470086,0.13145299145299144,0.06710490676131531
DecoderOnly,effect_top200_rmse,Native61_Public_SelectedSupport_RawRMSE,0.75,0.3,20261001,0.8586098851616157,0.06372341674340164,0.8204284215273587,12.3,0.5744469870327994,0.8644444444444446,0.13555555555555554,0.0670959466791217
DecoderOnly,effect_top200_rmse,Native61_Public_SelectedSupport_RawRMSE,0.75,0.3,20261002,0.8623868408472367,0.06369290919690206,0.8210179821702862,12.433333333333334,0.5802440884820748,0.8733333333333334,0.12666666666666665,0.0670674261925113
DecoderOnly,effect_top200_rmse,Native61_Public_SelectedSupport_RawRMSE,1.0,0.05,20260930,0.8188299793157409,0.06360499170977872,0.8297442360569148,4.0,1.0,0.28034188034188035,0.7196581196581198,0.07105137903308008
DecoderOnly,effect_top200_rmse,Native61_Public_SelectedSupport_RawRMSE,1.0,0.05,20261001,0.915758053522227,0.0636731813462212,0.8251965443584917,4.0,1.0,0.28034188034188035,0.7196581196581198,0.07082911128799252
DecoderOnly,effect_top200_rmse,Native61_Public_SelectedSupport_RawRMSE,1.0,0.05,20261002,0.8908071600633823,0.06364053128783519,0.820796859840979,4.0,1.0,0.28034188034188035,0.7196581196581198,0.07089701115663975
DecoderOnly,effect_top200_rmse,Native61_Public_SelectedSupport_RawRMSE,1.0,0.1,20260930,0.8809689680333322,0.06360499170977872,0.8297442360569148,7.0,0.9166666666666666,0.49059829059829063,0.5094017094017094,0.0698636151458317
DecoderOnly,effect_top200_rmse,Native61_Public_SelectedSupport_RawRMSE,1.0,0.1,20261001,0.8313768862970254,0.0636731813462212,0.8251965443584917,7.0,0.9166666666666666,0.49059829059829063,0.5094017094017094,0.07003801944604703
DecoderOnly,effect_top200_rmse,Native61_Public_SelectedSupport_RawRMSE,1.0,0.1,20261002,0.8633807218698639,0.06364053128783519,0.820796859840979,6.666666666666667,0.875,0.4683760683760683,0.5316239316239316,0.06992387033588872
DecoderOnly,effect_top200_rmse,Native61_Public_SelectedSupport_RawRMSE,1.0,0.2,20260930,0.847959660076838,0.06360499170977872,0.8297442360569148,10.0,0.7008547008547009,0.7008547008547009,0.29914529914529914,0.06852843607376898
DecoderOnly,effect_top200_rmse,Native61_Public_SelectedSupport_RawRMSE,1.0,0.2,20261001,0.8096754307139854,0.0636731813462212,0.8251965443584917,9.0,0.6341880341880342,0.6341880341880342,0.36581196581196584,0.06873034282949515
DecoderOnly,effect_top200_rmse,Native61_Public_SelectedSupport_RawRMSE,1.0,0.2,20261002,0.7975354375571092,0.06364053128783519,0.820796859840979,8.666666666666666,0.611965811965812,0.611965811965812,0.388034188034188,0.06879822028146539
DecoderOnly,effect_top200_rmse,Native61_Public_SelectedSupport_RawRMSE,1.0,0.3,20260930,0.8752771745980521,0.06360499170977872,0.8297442360569148,12.333333333333334,0.5728451563691838,0.8632478632478634,0.1367521367521367,0.06697223658406444
DecoderOnly,effect_top200_rmse,Native61_Public_SelectedSupport_RawRMSE,1.0,0.3,20261001,0.8770082117609757,0.0636731813462212,0.8251965443584917,12.666666666666666,0.5903890160183066,0.888888888888889,0.11111111111111109,0.06697084850379069
DecoderOnly,effect_top200_rmse,Native61_Public_SelectedSupport_RawRMSE,1.0,0.3,20261002,0.8658282541379497,0.06364053128783519,0.820796859840979,12.333333333333334,0.5758962623951183,0.8666666666666668,0.13333333333333333,0.06704467971826768
DecoderOnly,effect_top200_rmse,Native61_SelectedSupport_RawRMSE,0.1,0.05,20260930,0.28833004213310526,0.06965245721123851,0.25786774384836003,1.8666666666666667,0.4666666666666667,0.13094017094017094,0.869059829059829,0.07229294173878432
DecoderOnly,effect_top200_rmse,Native61_SelectedSupport_RawRMSE,0.1,0.05,20261001,0.2683356068542775,0.07014635595465693,0.22381957202995656,1.8,0.45,0.12615384615384614,0.8738461538461539,0.07233954857806348
DecoderOnly,effect_top200_rmse,Native61_SelectedSupport_RawRMSE,0.1,0.05,20261002,0.257044598669109,0.07007075128367371,0.23674795208606597,1.7333333333333332,0.4333333333333333,0.12205128205128206,0.877948717948718,0.07236350544471802
DecoderOnly,effect_top200_rmse,Native61_SelectedSupport_RawRMSE,0.1,0.1,20260930,0.24929493280402534,0.06965245721123851,0.25786774384836003,3.0333333333333337,0.3970238095238095,0.21247863247863247,0.7875213675213676,0.07208301208581872
DecoderOnly,effect_top200_rmse,Native61_SelectedSupport_RawRMSE,0.1,0.1,20261001,0.22760738421094695,0.07014635595465693,0.22381957202995656,2.7666666666666666,0.3636904761904762,0.19470085470085471,0.8052991452991453,0.07215977997605379
DecoderOnly,effect_top200_rmse,Native61_SelectedSupport_RawRMSE,0.1,0.1,20261002,0.28347472717278155,0.07007075128367371,0.23674795208606597,3.1333333333333333,0.4083333333333333,0.21846153846153843,0.7815384615384615,0.07196249274690909
DecoderOnly,effect_top200_rmse,Native61_SelectedSupport_RawRMSE,0.1,0.2,20260930,0.3013480555107982,0.06965245721123851,0.25786774384836003,5.233333333333333,0.367008547008547,0.367008547008547,0.6329914529914531,0.07138740539783825
DecoderOnly,effect_top200_rmse,Native61_SelectedSupport_RawRMSE,0.1,0.2,20261001,0.28303571294831575,0.07014635595465693,0.22381957202995656,5.133333333333334,0.36,0.36,0.64,0.07147665873710132
DecoderOnly,effect_top200_rmse,Native61_SelectedSupport_RawRMSE,0.1,0.2,20261002,0.29810119575521526,0.07007075128367371,0.23674795208606597,5.266666666666667,0.36957264957264957,0.36957264957264957,0.6304273504273505,0.07140490195106058
DecoderOnly,effect_top200_rmse,Native61_SelectedSupport_RawRMSE,0.1,0.3,20260930,0.2830331074550133,0.06965245721123851,0.25786774384836003,6.833333333333334,0.31784897025171627,0.4788034188034188,0.5211965811965812,0.07102845897464145
DecoderOnly,effect_top200_rmse,Native61_SelectedSupport_RawRMSE,0.1,0.3,20261001,0.2851676637178847,0.07014635595465693,0.22381957202995656,6.9,0.3198321891685736,0.4822222222222222,0.5177777777777778,0.07100421428429718
DecoderOnly,effect_top200_rmse,Native61_SelectedSupport_RawRMSE,0.1,0.3,20261002,0.2707348632499237,0.07007075128367371,0.23674795208606597,6.9,0.320137299771167,0.48256410256410254,0.5174358974358975,0.07111077110583067
DecoderOnly,effect_top200_rmse,Native61_SelectedSupport_RawRMSE,0.25,0.05,20260930,0.6923058440629997,0.06494285180954308,0.7125012246751599,3.2333333333333334,0.8083333333333333,0.22820512820512823,0.7717948717948718,0.07135786365452777
DecoderOnly,effect_top200_rmse,Native61_SelectedSupport_RawRMSE,0.25,0.05,20261001,0.6469219547190952,0.06512345062339592,0.6890532327178314,3.2,0.8,0.2252991452991453,0.7747008547008547,0.0714721570449369
DecoderOnly,effect_top200_rmse,Native61_SelectedSupport_RawRMSE,0.25,0.05,20261002,0.7386187517023279,0.06521545499446205,0.6717686400222449,3.4333333333333336,0.8583333333333334,0.24119658119658122,0.7588034188034188,0.07125516796243933
DecoderOnly,effect_top200_rmse,Native61_SelectedSupport_RawRMSE,0.25,0.1,20260930,0.70156966126095,0.06494285180954308,0.7125012246751599,5.466666666666667,0.7184523809523811,0.38461538461538464,0.6153846153846154,0.07049548420612736
DecoderOnly,effect_top200_rmse,Native61_SelectedSupport_RawRMSE,0.25,0.1,20261001,0.6892357632832453,0.06512345062339592,0.6890532327178314,5.4,0.7107142857142857,0.3805128205128205,0.6194871794871795,0.07053936160726215
DecoderOnly,effect_top200_rmse,Native61_SelectedSupport_RawRMSE,0.25,0.1,20261002,0.6932843587654345,0.06521545499446205,0.6717686400222449,5.3,0.6958333333333334,0.3724786324786325,0.6275213675213676,0.07052356108092649
DecoderOnly,effect_top200_rmse,Native61_SelectedSupport_RawRMSE,0.25,0.2,20260930,0.731649148279062,0.06494285180954308,0.7125012246751599,8.533333333333333,0.6013675213675214,0.6013675213675214,0.39863247863247864,0.0691415623209719
DecoderOnly,effect_top200_rmse,Native61_SelectedSupport_RawRMSE,0.25,0.2,20261001,0.724419701701813,0.06512345062339592,0.6890532327178314,8.466666666666667,0.5955555555555556,0.5955555555555556,0.40444444444444444,0.06917797284540313
DecoderOnly,effect_top200_rmse,Native61_SelectedSupport_RawRMSE,0.25,0.2,20261002,0.7164457145262334,0.06521545499446205,0.6717686400222449,8.266666666666667,0.582905982905983,0.582905982905983,0.4170940170940171,0.06922064108500506
DecoderOnly,effect_top200_rmse,Native61_SelectedSupport_RawRMSE,0.25,0.3,20260930,0.7627099272120548,0.06494285180954308,0.7125012246751599,10.766666666666667,0.501678108314264,0.7553846153846153,0.24461538461538462,0.06774309321493115
DecoderOnly,effect_top200_rmse,Native61_SelectedSupport_RawRMSE,0.25,0.3,20261001,0.7371318791812833,0.06512345062339592,0.6890532327178314,10.433333333333334,0.4868802440884821,0.7328205128205127,0.2671794871794872,0.06792418002402699
DecoderOnly,effect_top200_rmse,Native61_SelectedSupport_RawRMSE,0.25,0.3,20261002,0.7319582501512595,0.06521545499446205,0.6717686400222449,10.4,0.48482074752097637,0.7299145299145298,0.2700854700854701,0.06795370622129003
DecoderOnly,effect_top200_rmse,Native61_SelectedSupport_RawRMSE,0.5,0.05,20260930,0.8358345311501733,0.06401115513066108,0.7943841156068404,3.5666666666666664,0.8916666666666666,0.2514529914529915,0.7485470085470085,0.0710125751239562
DecoderOnly,effect_top200_rmse,Native61_SelectedSupport_RawRMSE,0.5,0.05,20261001,0.8532238327558396,0.06409417705108528,0.7825315496555699,3.733333333333333,0.9333333333333332,0.2625641025641026,0.7374358974358974,0.07097441466032131
DecoderOnly,effect_top200_rmse,Native61_SelectedSupport_RawRMSE,0.5,0.05,20261002,0.8331191540143301,0.06417107237511364,0.772299605417035,3.6666666666666665,0.9166666666666666,0.25811965811965815,0.7418803418803419,0.07102204442455229
DecoderOnly,effect_top200_rmse,Native61_SelectedSupport_RawRMSE,0.5,0.1,20260930,0.8053827524902608,0.06401115513066108,0.7943841156068404,5.8,0.7648809523809523,0.40957264957264955,0.5904273504273505,0.07013209147390567
DecoderOnly,effect_top200_rmse,Native61_SelectedSupport_RawRMSE,0.5,0.1,20261001,0.8229081651858479,0.06409417705108528,0.7825315496555699,6.1,0.8017857142857142,0.4292307692307692,0.5707692307692308,0.0700698045046492
DecoderOnly,effect_top200_rmse,Native61_SelectedSupport_RawRMSE,0.5,0.1,20261002,0.8118026326712597,0.06417107237511364,0.772299605417035,6.0,0.7892857142857143,0.4225641025641026,0.5774358974358974,0.07010890857487231
DecoderOnly,effect_top200_rmse,Native61_SelectedSupport_RawRMSE,0.5,0.2,20260930,0.8031685406545724,0.06401115513066108,0.7943841156068404,9.233333333333333,0.6517948717948718,0.6517948717948718,0.3482051282051282,0.06877057376900524
DecoderOnly,effect_top200_rmse,Native61_SelectedSupport_RawRMSE,0.5,0.2,20261001,0.7898457775432283,0.06409417705108528,0.7825315496555699,8.733333333333333,0.6157264957264956,0.6157264957264956,0.38427350427350426,0.06883655005489107
DecoderOnly,effect_top200_rmse,Native61_SelectedSupport_RawRMSE,0.5,0.2,20261002,0.7997263169377626,0.06417107237511364,0.772299605417035,8.866666666666665,0.6263247863247863,0.6263247863247863,0.37367521367521367,0.06878653633890078
DecoderOnly,effect_top200_rmse,Native61_SelectedSupport_RawRMSE,0.5,0.3,20260930,0.8472510354209121,0.06401115513066108,0.7943841156068404,11.833333333333332,0.5508009153318077,0.8295726495726496,0.1704273504273504,0.06717168482361495
DecoderOnly,effect_top200_rmse,Native61_SelectedSupport_RawRMSE,0.5,0.3,20261001,0.81495802958226,0.06409417705108528,0.7825315496555699,11.4,0.5319603356216629,0.8006837606837607,0.1993162393162393,0.06739666819286369
DecoderOnly,effect_top200_rmse,Native61_SelectedSupport_RawRMSE,0.5,0.3,20261002,0.8199872023864103,0.06417107237511364,0.772299605417035,11.433333333333334,0.5331045003813882,0.8025641025641026,0.19743589743589743,0.06736026567745923
DecoderOnly,effect_top200_rmse,Native61_SelectedSupport_RawRMSE,0.75,0.05,20260930,0.84881938410283,0.06392753190489006,0.803754487404402,3.633333333333333,0.9083333333333332,0.2558974358974359,0.7441025641025641,0.07098680024004328
DecoderOnly,effect_top200_rmse,Native61_SelectedSupport_RawRMSE,0.75,0.05,20261001,0.8170244428485043,0.06403066791380821,0.7887904304855226,3.6333333333333337,0.9083333333333334,0.2558974358974359,0.7441025641025641,0.07106272815858487
DecoderOnly,effect_top200_rmse,Native61_SelectedSupport_RawRMSE,0.75,0.05,20261002,0.8016528293910495,0.06401648819175992,0.7897542701217259,3.5333333333333337,0.8833333333333334,0.24923076923076923,0.7507692307692307,0.07109869939026084
DecoderOnly,effect_top200_rmse,Native61_SelectedSupport_RawRMSE,0.75,0.1,20260930,0.814841158551609,0.06392753190489006,0.803754487404402,6.033333333333333,0.7922619047619047,0.4241025641025641,0.5758974358974359,0.07009786261584863
DecoderOnly,effect_top200_rmse,Native61_SelectedSupport_RawRMSE,0.75,0.1,20261001,0.7805137841106278,0.06403066791380821,0.7887904304855226,5.766666666666667,0.7583333333333334,0.405982905982906,0.594017094017094,0.07022023015124404
DecoderOnly,effect_top200_rmse,Native61_SelectedSupport_RawRMSE,0.75,0.1,20261002,0.8016428667443172,0.06401648819175992,0.7897542701217259,5.933333333333334,0.7803571428571429,0.4177777777777777,0.5822222222222223,0.07014482344239399
DecoderOnly,effect_top200_rmse,Native61_SelectedSupport_RawRMSE,0.75,0.2,20260930,0.7918162627514727,0.06392753190489006,0.803754487404402,8.966666666666667,0.6323076923076922,0.6323076923076922,0.3676923076923077,0.06882915228094424
DecoderOnly,effect_top200_rmse,Native61_SelectedSupport_RawRMSE,0.75,0.2,20261001,0.7810169470935484,0.06403066791380821,0.7887904304855226,8.833333333333332,0.6234188034188034,0.6234188034188034,0.3765811965811966,0.06888500417404761
DecoderOnly,effect_top200_rmse,Native61_SelectedSupport_RawRMSE,0.75,0.2,20261002,0.7882304963914862,0.06401648819175992,0.7897542701217259,8.866666666666665,0.6252991452991453,0.6252991452991453,0.3747008547008547,0.06884579203154141
DecoderOnly,effect_top200_rmse,Native61_SelectedSupport_RawRMSE,0.75,0.3,20260930,0.8485142879615839,0.06392753190489006,0.803754487404402,11.666666666666668,0.5435545385202135,0.8184615384615384,0.18153846153846154,0.06716481035804817
DecoderOnly,effect_top200_rmse,Native61_SelectedSupport_RawRMSE,0.75,0.3,20261001,0.8348351216433955,0.06403066791380821,0.7887904304855226,11.7,0.5443935926773456,0.82,0.18,0.06725853490478384
DecoderOnly,effect_top200_rmse,Native61_SelectedSupport_RawRMSE,0.75,0.3,20261002,0.8459084490022318,0.06401648819175992,0.7897542701217259,11.8,0.5496567505720824,0.8276923076923077,0.1723076923076923,0.06718194152030897
DecoderOnly,effect_top200_rmse,Native61_SelectedSupport_RawRMSE,1.0,0.05,20260930,0.9132605252473907,0.06381470024782844,0.8225075088045761,3.6666666666666665,0.9166666666666666,0.25811965811965815,0.7418803418803419,0.07083628168355792
DecoderOnly,effect_top200_rmse,Native61_SelectedSupport_RawRMSE,1.0,0.05,20261001,0.9132605252473907,0.06407656351992908,0.7868382245338778,3.6666666666666665,0.9166666666666666,0.25811965811965815,0.7418803418803419,0.07083628168355792
DecoderOnly,effect_top200_rmse,Native61_SelectedSupport_RawRMSE,1.0,0.05,20261002,0.9132605252473907,0.06387033190223207,0.8064936644637554,3.6666666666666665,0.9166666666666666,0.25811965811965815,0.7418803418803419,0.07083628168355792
DecoderOnly,effect_top200_rmse,Native61_SelectedSupport_RawRMSE,1.0,0.1,20260930,0.8683694207836853,0.06381470024782844,0.8225075088045761,6.333333333333333,0.8333333333333334,0.4461538461538462,0.5538461538461539,0.06990998657006085
DecoderOnly,effect_top200_rmse,Native61_SelectedSupport_RawRMSE,1.0,0.1,20261001,0.8496005517210511,0.06407656351992908,0.7868382245338778,6.0,0.7916666666666666,0.4239316239316239,0.5760683760683761,0.06997611214542988
DecoderOnly,effect_top200_rmse,Native61_SelectedSupport_RawRMSE,1.0,0.1,20261002,0.8529843009405289,0.06387033190223207,0.8064936644637554,6.0,0.7916666666666666,0.4239316239316239,0.5760683760683761,0.0699637165248874
DecoderOnly,effect_top200_rmse,Native61_SelectedSupport_RawRMSE,1.0,0.2,20260930,0.8239057760025276,0.06381470024782844,0.8225075088045761,8.666666666666666,0.6085470085470085,0.6085470085470085,0.39145299145299145,0.0686526668007821
DecoderOnly,effect_top200_rmse,Native61_SelectedSupport_RawRMSE,1.0,0.2,20261001,0.7952863607870694,0.06407656351992908,0.7868382245338778,8.666666666666666,0.6085470085470085,0.6085470085470085,0.39145299145299145,0.06881057103615736
DecoderOnly,effect_top200_rmse,Native61_SelectedSupport_RawRMSE,1.0,0.2,20261002,0.8206600165737431,0.06387033190223207,0.8064936644637554,9.333333333333334,0.6598290598290598,0.6598290598290598,0.34017094017094013,0.06867297490581963
DecoderOnly,effect_top200_rmse,Native61_SelectedSupport_RawRMSE,1.0,0.3,20260930,0.8719215321142443,0.06381470024782844,0.8225075088045761,12.0,0.5583524027459954,0.841025641025641,0.15897435897435896,0.06700575202639829
DecoderOnly,effect_top200_rmse,Native61_SelectedSupport_RawRMSE,1.0,0.3,20261001,0.8501291380848686,0.06407656351992908,0.7868382245338778,12.0,0.5583524027459954,0.841025641025641,0.15897435897435894,0.06714784762596261
DecoderOnly,effect_top200_rmse,Native61_SelectedSupport_RawRMSE,1.0,0.3,20261002,0.8606003108405883,0.06387033190223207,0.8064936644637554,11.666666666666666,0.5408085430968727,0.8153846153846155,0.18461538461538463,0.067079574584536
DecoderOnly,effect_top200_rmse,PublicRule,0.0,0.05,-1,0.8990586444962577,0.06353548698746027,0.8343854825524476,4.0,1.0,0.28034188034188035,0.7196581196581198,0.07087821562375762
DecoderOnly,effect_top200_rmse,PublicRule,0.0,0.1,-1,0.8748790502572915,0.06353548698746027,0.8343854825524476,6.666666666666667,0.875,0.4683760683760683,0.5316239316239316,0.0698851558879616
DecoderOnly,effect_top200_rmse,PublicRule,0.0,0.2,-1,0.8361738089489478,0.06353548698746027,0.8343854825524476,9.666666666666666,0.682051282051282,0.682051282051282,0.317948717948718,0.06859286243513275
DecoderOnly,effect_top200_rmse,PublicRule,0.0,0.3,-1,0.8287648297354079,0.06353548698746027,0.8343854825524476,12.0,0.5614035087719298,0.8444444444444444,0.15555555555555556,0.06729912020598784
DecoderOnly,effect_top200_rmse,SourceRisk_frozen,0.0,0.05,-1,0.765530119691694,0.06390028686589182,0.8017227557264652,3.6666666666666665,0.9166666666666666,0.25811965811965815,0.7418803418803419,0.07116148952604401
DecoderOnly,effect_top200_rmse,SourceRisk_frozen,0.0,0.1,-1,0.7167131508521929,0.06390028686589182,0.8017227557264652,5.666666666666667,0.7440476190476191,0.39829059829059826,0.6017094017094017,0.07044314002209186
DecoderOnly,effect_top200_rmse,SourceRisk_frozen,0.0,0.2,-1,0.740757924264428,0.06390028686589182,0.8017227557264652,9.333333333333334,0.6598290598290598,0.6598290598290598,0.34017094017094013,0.06909566491414366
DecoderOnly,effect_top200_rmse,SourceRisk_frozen,0.0,0.3,-1,0.7790923897537101,0.06390028686589182,0.8017227557264652,11.666666666666666,0.5469107551487414,0.8222222222222223,0.17777777777777778,0.06765359544902867
DecoderOnly,pearson_error,HistorySupport,0.0,0.05,-1,0.4459615813250315,0.7041099191824904,0.2281119611844001,2.0,0.5,0.1435897435897436,0.8564102564102564,0.7188101335203864
DecoderOnly,pearson_error,HistorySupport,0.0,0.1,-1,0.32446727584482804,0.7041099191824904,0.2281119611844001,2.6666666666666665,0.3511904761904762,0.18803418803418803,0.8119658119658121,0.7177192921879337
DecoderOnly,pearson_error,HistorySupport,0.0,0.2,-1,0.3369364073054914,0.7041099191824904,0.2281119611844001,5.0,0.35042735042735046,0.35042735042735046,0.6495726495726496,0.7118555100115546
DecoderOnly,pearson_error,HistorySupport,0.0,0.3,-1,0.27506920594340306,0.7041099191824904,0.2281119611844001,6.666666666666667,0.3112128146453089,0.4683760683760683,0.5316239316239316,0.710060079271089
DecoderOnly,pearson_error,HistorySupport_selected,0.0,0.05,-1,0.4466738719333352,0.6969527114471648,0.2845827440124085,2.0,0.5,0.1435897435897436,0.8564102564102564,0.7192065643871759
DecoderOnly,pearson_error,HistorySupport_selected,0.0,0.1,-1,0.4700994704608254,0.6969527114471648,0.2845827440124085,3.6666666666666665,0.4761904761904762,0.2547008547008547,0.7452991452991453,0.7144629603466316
DecoderOnly,pearson_error,HistorySupport_selected,0.0,0.2,-1,0.3406881575794838,0.6969527114471648,0.2845827440124085,5.0,0.35384615384615387,0.35384615384615387,0.6461538461538462,0.7118126106160009
DecoderOnly,pearson_error,HistorySupport_selected,0.0,0.3,-1,0.2710976166119089,0.6969527114471648,0.2845827440124085,7.666666666666667,0.35774218154080856,0.5384615384615384,0.4615384615384615,0.7105340548591214
DecoderOnly,pearson_error,Magnitude,0.0,0.05,-1,-0.17296688915483474,0.7346174932143056,-0.12520461445700415,0.6666666666666666,0.16666666666666666,0.04786324786324786,0.9521367521367522,0.7278313190193431
DecoderOnly,pearson_error,Magnitude,0.0,0.1,-1,-0.08023654339516491,0.7346174932143056,-0.12520461445700415,1.3333333333333333,0.1726190476190476,0.09230769230769231,0.9076923076923077,0.7268334108345087
DecoderOnly,pearson_error,Magnitude,0.0,0.2,-1,-0.1170880553537084,0.7346174932143056,-0.12520461445700415,2.6666666666666665,0.18803418803418803,0.18803418803418803,0.8119658119658121,0.730115649689903
DecoderOnly,pearson_error,Magnitude,0.0,0.3,-1,-0.15190664450243546,0.7346174932143056,-0.12520461445700415,3.6666666666666665,0.17162471395881007,0.2581196581196581,0.7418803418803419,0.7346468150069713
DecoderOnly,pearson_error,Native61_Public_SelectedSupport_RawRMSE,0.1,0.05,20260930,0.19163102963252424,0.7019772663583252,0.2191487928315352,1.3333333333333333,0.3333333333333333,0.09435897435897436,0.9056410256410257,0.7230378408989974
DecoderOnly,pearson_error,Native61_Public_SelectedSupport_RawRMSE,0.1,0.05,20261001,0.1919679124342493,0.7034523167755485,0.21469902485863773,1.3666666666666667,0.3416666666666667,0.09794871794871796,0.902051282051282,0.7229669841952479
DecoderOnly,pearson_error,Native61_Public_SelectedSupport_RawRMSE,0.1,0.05,20261002,0.1902981821030881,0.7029254462311738,0.2149835365797322,1.3,0.325,0.09350427350427351,0.9064957264957265,0.7231251938759093
DecoderOnly,pearson_error,Native61_Public_SelectedSupport_RawRMSE,0.1,0.1,20260930,0.21769109613037907,0.7019772663583252,0.2191487928315352,2.666666666666667,0.35178571428571426,0.18837606837606838,0.8116239316239315,0.7206003596091317
DecoderOnly,pearson_error,Native61_Public_SelectedSupport_RawRMSE,0.1,0.1,20261001,0.23752519049405646,0.7034523167755485,0.21469902485863773,2.666666666666667,0.35178571428571426,0.18837606837606838,0.8116239316239315,0.7200424882702727
DecoderOnly,pearson_error,Native61_Public_SelectedSupport_RawRMSE,0.1,0.1,20261002,0.23001691280040895,0.7029254462311738,0.2149835365797322,2.6333333333333337,0.3470238095238095,0.18581196581196582,0.8141880341880341,0.72035923238121
DecoderOnly,pearson_error,Native61_Public_SelectedSupport_RawRMSE,0.1,0.2,20260930,0.23456404184052895,0.7019772663583252,0.2191487928315352,4.633333333333334,0.32564102564102565,0.32564102564102565,0.6743589743589744,0.7160799464232033
DecoderOnly,pearson_error,Native61_Public_SelectedSupport_RawRMSE,0.1,0.2,20261001,0.22961802041429977,0.7034523167755485,0.21469902485863773,4.5,0.3160683760683761,0.3160683760683761,0.683931623931624,0.7162902688270801
DecoderOnly,pearson_error,Native61_Public_SelectedSupport_RawRMSE,0.1,0.2,20261002,0.23598756647572175,0.7029254462311738,0.2149835365797322,4.666666666666666,0.32786324786324783,0.32786324786324783,0.6721367521367522,0.7162507806559067
DecoderOnly,pearson_error,Native61_Public_SelectedSupport_RawRMSE,0.1,0.3,20260930,0.22002341003309941,0.7019772663583252,0.2191487928315352,6.5,0.30366132723112127,0.4569230769230769,0.5430769230769231,0.7131144181395751
DecoderOnly,pearson_error,Native61_Public_SelectedSupport_RawRMSE,0.1,0.3,20261001,0.19145693777580683,0.7034523167755485,0.21469902485863773,6.333333333333334,0.2958047292143402,0.44512820512820517,0.5548717948717948,0.7148752497057871
DecoderOnly,pearson_error,Native61_Public_SelectedSupport_RawRMSE,0.1,0.3,20261002,0.20572472456905738,0.7029254462311738,0.2149835365797322,6.366666666666666,0.2969488939740656,0.44700854700854703,0.552991452991453,0.7139522717518333
DecoderOnly,pearson_error,Native61_Public_SelectedSupport_RawRMSE,0.25,0.05,20260930,0.275437222220741,0.6976882651445457,0.2503685096411653,1.4333333333333331,0.3583333333333333,0.10376068376068377,0.8962393162393163,0.7218552455356264
DecoderOnly,pearson_error,Native61_Public_SelectedSupport_RawRMSE,0.25,0.05,20261001,0.3528135841072483,0.6978285567791326,0.24830157522388374,1.7333333333333332,0.4333333333333333,0.12444444444444444,0.8755555555555554,0.720737973992587
DecoderOnly,pearson_error,Native61_Public_SelectedSupport_RawRMSE,0.25,0.05,20261002,0.3567457635989174,0.6978238497794778,0.24702015153861212,1.7333333333333332,0.4333333333333333,0.12410256410256411,0.8758974358974358,0.7206087305669874
DecoderOnly,pearson_error,Native61_Public_SelectedSupport_RawRMSE,0.25,0.1,20260930,0.3006620538254149,0.6976882651445457,0.2503685096411653,2.7333333333333334,0.3607142857142857,0.19316239316239317,0.8068376068376069,0.7185338461747249
DecoderOnly,pearson_error,Native61_Public_SelectedSupport_RawRMSE,0.25,0.1,20261001,0.336656947043463,0.6978285567791326,0.24830157522388374,3.033333333333333,0.39761904761904765,0.2128205128205128,0.7871794871794873,0.7176448787116383
DecoderOnly,pearson_error,Native61_Public_SelectedSupport_RawRMSE,0.25,0.1,20261002,0.30927867936552994,0.6978238497794778,0.24702015153861212,2.833333333333333,0.3726190476190476,0.19948717948717948,0.8005128205128205,0.7183153901569983
DecoderOnly,pearson_error,Native61_Public_SelectedSupport_RawRMSE,0.25,0.2,20260930,0.28716021738999653,0.6976882651445457,0.2503685096411653,4.766666666666667,0.33487179487179486,0.33487179487179486,0.6651282051282051,0.7139251781264909
DecoderOnly,pearson_error,Native61_Public_SelectedSupport_RawRMSE,0.25,0.2,20261001,0.27489865365251587,0.6978285567791326,0.24830157522388374,4.8,0.3367521367521368,0.3367521367521368,0.6632478632478633,0.7144223996770712
DecoderOnly,pearson_error,Native61_Public_SelectedSupport_RawRMSE,0.25,0.2,20261002,0.26346055721974426,0.6978238497794778,0.24702015153861212,4.733333333333333,0.3323076923076923,0.3323076923076923,0.6676923076923076,0.7148239565836593
DecoderOnly,pearson_error,Native61_Public_SelectedSupport_RawRMSE,0.25,0.3,20260930,0.24966562678224272,0.6976882651445457,0.2503685096411653,6.866666666666667,0.32051868802440886,0.48239316239316243,0.5176068376068376,0.7114544182637081
DecoderOnly,pearson_error,Native61_Public_SelectedSupport_RawRMSE,0.25,0.3,20261001,0.2630628781309273,0.6978285567791326,0.24830157522388374,7.0,0.32662090007627764,0.4916239316239316,0.5083760683760683,0.7106951263257284
DecoderOnly,pearson_error,Native61_Public_SelectedSupport_RawRMSE,0.25,0.3,20261002,0.25606563416400696,0.6978238497794778,0.24702015153861212,6.966666666666667,0.32486651411136536,0.48905982905982903,0.5109401709401709,0.7111286316675983
DecoderOnly,pearson_error,Native61_Public_SelectedSupport_RawRMSE,0.5,0.05,20260930,0.4176154085651316,0.6965050277000456,0.2653585940598232,1.9666666666666668,0.4916666666666667,0.14136752136752137,0.8586324786324786,0.7198105036032163
DecoderOnly,pearson_error,Native61_Public_SelectedSupport_RawRMSE,0.5,0.05,20261001,0.4151239342747779,0.6961147221674757,0.26628002718895105,1.9666666666666668,0.4916666666666667,0.14102564102564102,0.8589743589743589,0.7197868151897102
DecoderOnly,pearson_error,Native61_Public_SelectedSupport_RawRMSE,0.5,0.05,20261002,0.41706600440656877,0.695951034993945,0.26931240313828925,2.033333333333333,0.5083333333333333,0.1454700854700855,0.8545299145299146,0.7198190655869176
DecoderOnly,pearson_error,Native61_Public_SelectedSupport_RawRMSE,0.5,0.1,20260930,0.3700927934607542,0.6965050277000456,0.2653585940598232,3.066666666666667,0.4017857142857143,0.21504273504273502,0.7849572649572649,0.7170470305802986
DecoderOnly,pearson_error,Native61_Public_SelectedSupport_RawRMSE,0.5,0.1,20261001,0.33657171389631146,0.6961147221674757,0.26628002718895105,2.966666666666667,0.3898809523809524,0.20871794871794874,0.7912820512820513,0.7176317702111499
DecoderOnly,pearson_error,Native61_Public_SelectedSupport_RawRMSE,0.5,0.1,20261002,0.3563576715769787,0.695951034993945,0.26931240313828925,3.1,0.40595238095238095,0.21726495726495726,0.7827350427350427,0.7171882185344416
DecoderOnly,pearson_error,Native61_Public_SelectedSupport_RawRMSE,0.5,0.2,20260930,0.2964206480213424,0.6965050277000456,0.2653585940598232,4.866666666666667,0.3408547008547009,0.3408547008547009,0.6591452991452991,0.7134541889188285
DecoderOnly,pearson_error,Native61_Public_SelectedSupport_RawRMSE,0.5,0.2,20261001,0.2956873976586894,0.6961147221674757,0.26628002718895105,4.9,0.3437606837606838,0.3437606837606838,0.6562393162393162,0.713535796486205
DecoderOnly,pearson_error,Native61_Public_SelectedSupport_RawRMSE,0.5,0.2,20261002,0.31305333323986007,0.695951034993945,0.26931240313828925,4.933333333333334,0.34564102564102567,0.34564102564102567,0.6543589743589744,0.7127792135238218
DecoderOnly,pearson_error,Native61_Public_SelectedSupport_RawRMSE,0.5,0.3,20260930,0.2870125545545459,0.6965050277000456,0.2653585940598232,7.366666666666667,0.34317315026697176,0.5167521367521368,0.48324786324786323,0.7091796235963111
DecoderOnly,pearson_error,Native61_Public_SelectedSupport_RawRMSE,0.5,0.3,20261001,0.27465194287901445,0.6961147221674757,0.26628002718895105,7.166666666666667,0.3338672768878719,0.5027350427350428,0.4972649572649573,0.7099182824265917
DecoderOnly,pearson_error,Native61_Public_SelectedSupport_RawRMSE,0.5,0.3,20261002,0.2763983070787298,0.695951034993945,0.26931240313828925,7.2333333333333325,0.3364607170099161,0.5068376068376068,0.4931623931623932,0.7099066468682202
DecoderOnly,pearson_error,Native61_Public_SelectedSupport_RawRMSE,0.75,0.05,20260930,0.45857758955337,0.6955582679286055,0.27178789329974007,2.066666666666667,0.5166666666666667,0.1476923076923077,0.8523076923076923,0.7191563656544859
DecoderOnly,pearson_error,Native61_Public_SelectedSupport_RawRMSE,0.75,0.05,20261001,0.45498841280182767,0.6958498499823448,0.27197819987356175,2.1,0.525,0.14957264957264957,0.8504273504273504,0.7191886778156645
DecoderOnly,pearson_error,Native61_Public_SelectedSupport_RawRMSE,0.75,0.05,20261002,0.49145810045560284,0.6954791201956848,0.2697516757402098,2.2,0.55,0.15623931623931625,0.8437606837606838,0.7186709763741562
DecoderOnly,pearson_error,Native61_Public_SelectedSupport_RawRMSE,0.75,0.1,20260930,0.3823607825096349,0.6955582679286055,0.27178789329974007,3.166666666666667,0.41369047619047616,0.22136752136752139,0.7786324786324786,0.7166427561520973
DecoderOnly,pearson_error,Native61_Public_SelectedSupport_RawRMSE,0.75,0.1,20261001,0.3468403533456542,0.6958498499823448,0.27197819987356175,3.033333333333333,0.39702380952380956,0.21247863247863247,0.7875213675213675,0.7173679204584783
DecoderOnly,pearson_error,Native61_Public_SelectedSupport_RawRMSE,0.75,0.1,20261002,0.37001512952348986,0.6954791201956848,0.2697516757402098,3.1333333333333333,0.40952380952380957,0.21914529914529912,0.7808547008547009,0.716785879951298
DecoderOnly,pearson_error,Native61_Public_SelectedSupport_RawRMSE,0.75,0.2,20260930,0.30411142437374344,0.6955582679286055,0.27178789329974007,4.966666666666667,0.34786324786324785,0.34786324786324785,0.6521367521367522,0.7131669199969595
DecoderOnly,pearson_error,Native61_Public_SelectedSupport_RawRMSE,0.75,0.2,20261001,0.31426879036575345,0.6958498499823448,0.27197819987356175,5.0,0.3500854700854701,0.3500854700854701,0.6499145299145299,0.7127752849053649
DecoderOnly,pearson_error,Native61_Public_SelectedSupport_RawRMSE,0.75,0.2,20261002,0.28823922557944553,0.6954791201956848,0.2697516757402098,4.733333333333333,0.3312820512820513,0.3312820512820513,0.6687179487179488,0.7139437113716693
DecoderOnly,pearson_error,Native61_Public_SelectedSupport_RawRMSE,0.75,0.3,20260930,0.27691986289012954,0.6955582679286055,0.27178789329974007,7.333333333333333,0.34111365369946606,0.5138461538461538,0.4861538461538461,0.7097121542500111
DecoderOnly,pearson_error,Native61_Public_SelectedSupport_RawRMSE,0.75,0.3,20261001,0.2844135419071302,0.6958498499823448,0.27197819987356175,7.4,0.3446224256292906,0.518974358974359,0.481025641025641,0.7091457072012879
DecoderOnly,pearson_error,Native61_Public_SelectedSupport_RawRMSE,0.75,0.3,20261002,0.2912515618019619,0.6954791201956848,0.2697516757402098,7.366666666666667,0.34347826086956523,0.5170940170940171,0.48290598290598286,0.7089888519239207
DecoderOnly,pearson_error,Native61_Public_SelectedSupport_RawRMSE,1.0,0.05,20260930,0.45756559100762645,0.6945078456850676,0.27697744923879886,2.0,0.5,0.1435897435897436,0.8564102564102564,0.7190856545013687
DecoderOnly,pearson_error,Native61_Public_SelectedSupport_RawRMSE,1.0,0.05,20261001,0.5521074944225075,0.6953398392458188,0.2644229324630283,2.6666666666666665,0.6666666666666666,0.18803418803418803,0.8119658119658121,0.7176863354189332
DecoderOnly,pearson_error,Native61_Public_SelectedSupport_RawRMSE,1.0,0.05,20261002,0.47707246827242705,0.6946679065166865,0.2716165737052659,2.3333333333333335,0.5833333333333334,0.1658119658119658,0.8341880341880342,0.718893913479247
DecoderOnly,pearson_error,Native61_Public_SelectedSupport_RawRMSE,1.0,0.1,20260930,0.35292776941044685,0.6945078456850676,0.27697744923879886,3.0,0.39285714285714285,0.21025641025641026,0.7897435897435897,0.7170887670525583
DecoderOnly,pearson_error,Native61_Public_SelectedSupport_RawRMSE,1.0,0.1,20261001,0.3874540993735538,0.6953398392458188,0.2644229324630283,3.0,0.39285714285714285,0.21025641025641026,0.7897435897435897,0.7163239305139878
DecoderOnly,pearson_error,Native61_Public_SelectedSupport_RawRMSE,1.0,0.1,20261002,0.33099680046205676,0.6946679065166865,0.2716165737052659,3.0,0.39285714285714285,0.21025641025641026,0.7897435897435897,0.718275023415488
DecoderOnly,pearson_error,Native61_Public_SelectedSupport_RawRMSE,1.0,0.2,20260930,0.2964625469196139,0.6945078456850676,0.27697744923879886,4.666666666666667,0.3282051282051282,0.3282051282051282,0.6717948717948717,0.7136172536257831
DecoderOnly,pearson_error,Native61_Public_SelectedSupport_RawRMSE,1.0,0.2,20261001,0.24491895378801556,0.6953398392458188,0.2644229324630283,4.333333333333333,0.305982905982906,0.305982905982906,0.6940170940170941,0.7156116314320303
DecoderOnly,pearson_error,Native61_Public_SelectedSupport_RawRMSE,1.0,0.2,20261002,0.30823761774701797,0.6946679065166865,0.2716165737052659,4.666666666666667,0.3282051282051282,0.3282051282051282,0.6717948717948717,0.7131266844306164
DecoderOnly,pearson_error,Native61_Public_SelectedSupport_RawRMSE,1.0,0.3,20260930,0.2698363926279668,0.6945078456850676,0.27697744923879886,7.333333333333333,0.34019832189168575,0.5128205128205128,0.4871794871794872,0.7100894203294571
DecoderOnly,pearson_error,Native61_Public_SelectedSupport_RawRMSE,1.0,0.3,20261001,0.28242490783285373,0.6953398392458188,0.2644229324630283,7.333333333333333,0.34019832189168575,0.5128205128205128,0.4871794871794872,0.7094714655980373
DecoderOnly,pearson_error,Native61_Public_SelectedSupport_RawRMSE,1.0,0.3,20261002,0.30119284920097417,0.6946679065166865,0.2716165737052659,7.666666666666667,0.35469107551487417,0.535042735042735,0.4649572649572649,0.7084144681161639
DecoderOnly,pearson_error,Native61_SelectedSupport_RawRMSE,0.1,0.05,20260930,0.12399581156461914,0.7146959547979874,0.1094472351094333,1.2333333333333334,0.30833333333333335,0.08700854700854702,0.9129914529914529,0.7239410562615445
DecoderOnly,pearson_error,Native61_SelectedSupport_RawRMSE,0.1,0.05,20261001,0.12244718000509339,0.7161982732164249,0.10034484060211493,1.2333333333333332,0.3083333333333333,0.08666666666666667,0.9133333333333333,0.7239455988334255
DecoderOnly,pearson_error,Native61_SelectedSupport_RawRMSE,0.1,0.05,20261002,0.09099604369268162,0.7181697329155561,0.0875235001553906,1.0333333333333334,0.25833333333333336,0.072991452991453,0.9270085470085471,0.724321810705097
DecoderOnly,pearson_error,Native61_SelectedSupport_RawRMSE,0.1,0.1,20260930,0.104805205595918,0.7146959547979874,0.1094472351094333,2.033333333333333,0.26666666666666666,0.14273504273504273,0.8572649572649572,0.7230426854770459
DecoderOnly,pearson_error,Native61_SelectedSupport_RawRMSE,0.1,0.1,20261001,0.0875737145660684,0.7161982732164249,0.10034484060211493,1.7333333333333332,0.22797619047619047,0.12205128205128206,0.877948717948718,0.723333122330354
DecoderOnly,pearson_error,Native61_SelectedSupport_RawRMSE,0.1,0.1,20261002,0.11868812674743252,0.7181697329155561,0.0875235001553906,2.0,0.2619047619047619,0.14017094017094017,0.8598290598290598,0.7227002521015997
DecoderOnly,pearson_error,Native61_SelectedSupport_RawRMSE,0.1,0.2,20260930,0.13788029278975159,0.7146959547979874,0.1094472351094333,3.8,0.26735042735042736,0.26735042735042736,0.7326495726495728,0.7198932515195791
DecoderOnly,pearson_error,Native61_SelectedSupport_RawRMSE,0.1,0.2,20261001,0.1028583308162108,0.7161982732164249,0.10034484060211493,3.4666666666666663,0.24341880341880345,0.24341880341880345,0.7565811965811966,0.7213706593550425
DecoderOnly,pearson_error,Native61_SelectedSupport_RawRMSE,0.1,0.2,20261002,0.09503623981590785,0.7181697329155561,0.0875235001553906,3.5666666666666664,0.24974358974358973,0.24974358974358973,0.7502564102564102,0.7216365805382571
DecoderOnly,pearson_error,Native61_SelectedSupport_RawRMSE,0.1,0.3,20260930,0.11093605724385178,0.7146959547979874,0.1094472351094333,5.133333333333334,0.23813882532418001,0.358974358974359,0.6410256410256411,0.7192644275410788
DecoderOnly,pearson_error,Native61_SelectedSupport_RawRMSE,0.1,0.3,20261001,0.12236189398014967,0.7161982732164249,0.10034484060211493,5.466666666666667,0.25263157894736843,0.38119658119658123,0.6188034188034188,0.7185011404394303
DecoderOnly,pearson_error,Native61_SelectedSupport_RawRMSE,0.1,0.3,20261002,0.10787767888428175,0.7181697329155561,0.0875235001553906,5.266666666666667,0.24515636918382913,0.3692307692307692,0.6307692307692307,0.7195054465623016
DecoderOnly,pearson_error,Native61_SelectedSupport_RawRMSE,0.25,0.05,20260930,0.3094260217605275,0.7018141112812545,0.23877960909790047,1.6666666666666667,0.4166666666666667,0.11897435897435897,0.8810256410256411,0.7210673382200741
DecoderOnly,pearson_error,Native61_SelectedSupport_RawRMSE,0.25,0.05,20261001,0.32748944994249973,0.7020907869405361,0.2443022031010873,1.6333333333333333,0.4083333333333333,0.11641025641025642,0.8835897435897436,0.720754440122222
DecoderOnly,pearson_error,Native61_SelectedSupport_RawRMSE,0.25,0.05,20261002,0.3413980460790334,0.7021829615175577,0.2405495954807418,1.8,0.45,0.12820512820512822,0.8717948717948717,0.7206574694395923
DecoderOnly,pearson_error,Native61_SelectedSupport_RawRMSE,0.25,0.1,20260930,0.27733862001601317,0.7018141112812545,0.23877960909790047,2.8666666666666667,0.3761904761904762,0.20136752136752137,0.7986324786324787,0.7187405001957707
DecoderOnly,pearson_error,Native61_SelectedSupport_RawRMSE,0.25,0.1,20261001,0.31942507822905714,0.7020907869405361,0.2443022031010873,3.066666666666667,0.4017857142857143,0.21504273504273502,0.7849572649572649,0.7175993841411203
DecoderOnly,pearson_error,Native61_SelectedSupport_RawRMSE,0.25,0.1,20261002,0.2945379801054759,0.7021829615175577,0.2405495954807418,2.966666666666667,0.3886904761904762,0.20803418803418805,0.791965811965812,0.7184291478976352
DecoderOnly,pearson_error,Native61_SelectedSupport_RawRMSE,0.25,0.2,20260930,0.2871819402935652,0.7018141112812545,0.23877960909790047,5.033333333333333,0.35333333333333333,0.35333333333333333,0.6466666666666667,0.7137017738157511
DecoderOnly,pearson_error,Native61_SelectedSupport_RawRMSE,0.25,0.2,20261001,0.28669236277341303,0.7020907869405361,0.2443022031010873,5.1,0.3567521367521368,0.3567521367521368,0.6432478632478633,0.7137949712010313
DecoderOnly,pearson_error,Native61_SelectedSupport_RawRMSE,0.25,0.2,20261002,0.29851223162079754,0.7021829615175577,0.2405495954807418,5.166666666666666,0.3629059829059829,0.3629059829059829,0.6370940170940171,0.713198949563173
DecoderOnly,pearson_error,Native61_SelectedSupport_RawRMSE,0.25,0.3,20260930,0.2964982693914108,0.7018141112812545,0.23877960909790047,7.366666666666667,0.34225781845919145,0.5157264957264958,0.48427350427350424,0.7087516293031687
DecoderOnly,pearson_error,Native61_SelectedSupport_RawRMSE,0.25,0.3,20261001,0.2888686571416704,0.7020907869405361,0.2443022031010873,7.1,0.329443173150267,0.4965811965811966,0.5034188034188034,0.7090182402519141
DecoderOnly,pearson_error,Native61_SelectedSupport_RawRMSE,0.25,0.3,20261002,0.2884399830720253,0.7021829615175577,0.2405495954807418,7.033333333333333,0.3274599542334096,0.4931623931623932,0.5068376068376068,0.7092655771130714
DecoderOnly,pearson_error,Native61_SelectedSupport_RawRMSE,0.5,0.05,20260930,0.4154803059123776,0.6981872046744487,0.27272400510154016,1.9666666666666668,0.4916666666666667,0.1406837606837607,0.8593162393162392,0.7197212762686357
DecoderOnly,pearson_error,Native61_SelectedSupport_RawRMSE,0.5,0.05,20261001,0.4459628236316129,0.6987573938389651,0.2681425633530926,2.1,0.525,0.15025641025641026,0.8497435897435898,0.7192419575962247
DecoderOnly,pearson_error,Native61_SelectedSupport_RawRMSE,0.5,0.05,20261002,0.41583585318474336,0.6985971251808996,0.2643331614493033,2.0,0.5,0.14290598290598291,0.8570940170940171,0.7196947617973437
DecoderOnly,pearson_error,Native61_SelectedSupport_RawRMSE,0.5,0.1,20260930,0.3587884990444504,0.6981872046744487,0.27272400510154016,3.3666666666666663,0.4440476190476191,0.23777777777777778,0.7622222222222222,0.7169283343347251
DecoderOnly,pearson_error,Native61_SelectedSupport_RawRMSE,0.5,0.1,20261001,0.37656308114719245,0.6987573938389651,0.2681425633530926,3.3333333333333335,0.43928571428571433,0.23521367521367523,0.7647863247863248,0.7165724010323065
DecoderOnly,pearson_error,Native61_SelectedSupport_RawRMSE,0.5,0.1,20261002,0.34959216389811415,0.6985971251808996,0.2643331614493033,3.2333333333333334,0.4267857142857143,0.22854700854700855,0.7714529914529915,0.7172481566482529
DecoderOnly,pearson_error,Native61_SelectedSupport_RawRMSE,0.5,0.2,20260930,0.29969870278657224,0.6981872046744487,0.27272400510154016,5.1,0.3594871794871795,0.3594871794871795,0.6405128205128205,0.7132819090527965
DecoderOnly,pearson_error,Native61_SelectedSupport_RawRMSE,0.5,0.2,20261001,0.30958166694048134,0.6987573938389651,0.2681425633530926,5.166666666666666,0.36427350427350424,0.36427350427350424,0.6357264957264958,0.7129371511033041
DecoderOnly,pearson_error,Native61_SelectedSupport_RawRMSE,0.5,0.2,20261002,0.2900325935352342,0.6985971251808996,0.2643331614493033,5.033333333333333,0.35572649572649573,0.35572649572649573,0.6442735042735043,0.7137126745178537
DecoderOnly,pearson_error,Native61_SelectedSupport_RawRMSE,0.5,0.3,20260930,0.3147626303259705,0.6981872046744487,0.27272400510154016,7.466666666666667,0.34813119755911515,0.5241025641025641,0.4758974358974359,0.707768259891498
DecoderOnly,pearson_error,Native61_SelectedSupport_RawRMSE,0.5,0.3,20261001,0.2996617931547671,0.6987573938389651,0.2681425633530926,7.2666666666666675,0.33943554538520215,0.5107692307692308,0.48923076923076925,0.7086926666786694
DecoderOnly,pearson_error,Native61_SelectedSupport_RawRMSE,0.5,0.3,20261002,0.29140582748844424,0.6985971251808996,0.2643331614493033,7.2666666666666675,0.33943554538520215,0.5107692307692308,0.48923076923076925,0.7090670007197126
DecoderOnly,pearson_error,Native61_SelectedSupport_RawRMSE,0.75,0.05,20260930,0.39466934274857596,0.6983174972245902,0.27575995868891595,1.7666666666666668,0.4416666666666667,0.125982905982906,0.8740170940170939,0.7200058929015671
DecoderOnly,pearson_error,Native61_SelectedSupport_RawRMSE,0.75,0.05,20261001,0.35779578584178434,0.6983460222850078,0.27193494055889106,1.7,0.425,0.12153846153846155,0.8784615384615385,0.7203922492605446
DecoderOnly,pearson_error,Native61_SelectedSupport_RawRMSE,0.75,0.05,20261002,0.36233741025415855,0.6987822197180027,0.2711402314608323,1.7333333333333336,0.4333333333333334,0.12444444444444444,0.8755555555555554,0.7204499793488339
DecoderOnly,pearson_error,Native61_SelectedSupport_RawRMSE,0.75,0.1,20260930,0.30222738761334333,0.6983174972245902,0.27575995868891595,2.933333333333333,0.3886904761904762,0.2082051282051282,0.7917948717948718,0.7184782048668585
DecoderOnly,pearson_error,Native61_SelectedSupport_RawRMSE,0.75,0.1,20261001,0.33006269872166705,0.6983460222850078,0.27193494055889106,3.1,0.4101190476190476,0.21965811965811968,0.7803418803418805,0.7176606881714332
DecoderOnly,pearson_error,Native61_SelectedSupport_RawRMSE,0.75,0.1,20261002,0.31108649690127776,0.6987822197180027,0.2711402314608323,2.966666666666667,0.3916666666666667,0.20974358974358975,0.7902564102564102,0.7181314093012834
DecoderOnly,pearson_error,Native61_SelectedSupport_RawRMSE,0.75,0.2,20260930,0.2767271800363281,0.6983174972245902,0.27575995868891595,4.9,0.34615384615384615,0.34615384615384615,0.6538461538461539,0.7143469397797565
DecoderOnly,pearson_error,Native61_SelectedSupport_RawRMSE,0.75,0.2,20261001,0.2789806271752553,0.6983460222850078,0.27193494055889106,4.966666666666667,0.35162393162393163,0.35162393162393163,0.6483760683760684,0.7143188811703103
DecoderOnly,pearson_error,Native61_SelectedSupport_RawRMSE,0.75,0.2,20261002,0.28846760557684503,0.6987822197180027,0.2711402314608323,4.933333333333334,0.3500854700854701,0.3500854700854701,0.6499145299145299,0.7138626112506513
DecoderOnly,pearson_error,Native61_SelectedSupport_RawRMSE,0.75,0.3,20260930,0.3127673155936733,0.6983174972245902,0.27575995868891595,7.433333333333333,0.34668192219679633,0.5218803418803419,0.4781196581196581,0.7078146301454658
DecoderOnly,pearson_error,Native61_SelectedSupport_RawRMSE,0.75,0.3,20261001,0.3221326781838017,0.6983460222850078,0.27193494055889106,7.366666666666667,0.34378337147215865,0.5174358974358975,0.48256410256410254,0.7072990465040473
DecoderOnly,pearson_error,Native61_SelectedSupport_RawRMSE,0.75,0.3,20261002,0.34079411223206446,0.6987822197180027,0.2711402314608323,7.633333333333333,0.3569031273836766,0.5369230769230768,0.46307692307692305,0.7062109872542254
DecoderOnly,pearson_error,Native61_SelectedSupport_RawRMSE,1.0,0.05,20260930,0.44667387193333496,0.6982326624542043,0.29027417429689684,2.0,0.5,0.1435897435897436,0.8564102564102564,0.7192065643871759
DecoderOnly,pearson_error,Native61_SelectedSupport_RawRMSE,1.0,0.05,20261001,0.44667387193333496,0.6972531251983186,0.27290651414956596,2.0,0.5,0.1435897435897436,0.8564102564102564,0.7192065643871759
DecoderOnly,pearson_error,Native61_SelectedSupport_RawRMSE,1.0,0.05,20261002,0.44667387193333496,0.6967587944483743,0.284121224394383,2.0,0.5,0.1435897435897436,0.8564102564102564,0.7192065643871759
DecoderOnly,pearson_error,Native61_SelectedSupport_RawRMSE,1.0,0.1,20260930,0.3153435607268476,0.6982326624542043,0.29027417429689684,3.0,0.39285714285714285,0.21025641025641026,0.7897435897435897,0.7176192589337881
DecoderOnly,pearson_error,Native61_SelectedSupport_RawRMSE,1.0,0.1,20261001,0.32594813149830343,0.6972531251983186,0.27290651414956596,3.0,0.39285714285714285,0.21025641025641026,0.7897435897435897,0.7178987311507874
DecoderOnly,pearson_error,Native61_SelectedSupport_RawRMSE,1.0,0.1,20261002,0.35189268932838796,0.6967587944483743,0.284121224394383,3.3333333333333335,0.4345238095238095,0.23247863247863246,0.7675213675213675,0.7171029163240279
DecoderOnly,pearson_error,Native61_SelectedSupport_RawRMSE,1.0,0.2,20260930,0.26487175205448077,0.6982326624542043,0.29027417429689684,4.333333333333333,0.305982905982906,0.305982905982906,0.6940170940170941,0.7151938441953115
DecoderOnly,pearson_error,Native61_SelectedSupport_RawRMSE,1.0,0.2,20261001,0.30372063909708924,0.6972531251983186,0.27290651414956596,5.0,0.35384615384615387,0.35384615384615387,0.6461538461538462,0.713422363918689
DecoderOnly,pearson_error,Native61_SelectedSupport_RawRMSE,1.0,0.2,20261002,0.3166478052553469,0.6967587944483743,0.284121224394383,5.333333333333333,0.37948717948717947,0.37948717948717947,0.6205128205128205,0.7130836168443708
DecoderOnly,pearson_error,Native61_SelectedSupport_RawRMSE,1.0,0.3,20260930,0.35416113093300433,0.6982326624542043,0.29027417429689684,7.666666666666667,0.35774218154080856,0.5384615384615384,0.4615384615384615,0.7052240655939285
DecoderOnly,pearson_error,Native61_SelectedSupport_RawRMSE,1.0,0.3,20261001,0.3475599700080327,0.6972531251983186,0.27290651414956596,7.333333333333333,0.34324942791762014,0.5162393162393163,0.4837606837606837,0.7062912935086433
DecoderOnly,pearson_error,Native61_SelectedSupport_RawRMSE,1.0,0.3,20261002,0.37644078846680257,0.6967587944483743,0.284121224394383,8.0,0.3752860411899313,0.5641025641025641,0.43589743589743596,0.7040029017400559
DecoderOnly,pearson_error,PublicRule,0.0,0.05,-1,0.4916582027391743,0.6957013608747826,0.2777055985578673,2.3333333333333335,0.5833333333333334,0.1658119658119658,0.8341880341880342,0.7187319960191326
DecoderOnly,pearson_error,PublicRule,0.0,0.1,-1,0.38097412375132694,0.6957013608747826,0.2777055985578673,3.6666666666666665,0.4761904761904762,0.2547008547008547,0.7452991452991453,0.7163312420245594
DecoderOnly,pearson_error,PublicRule,0.0,0.2,-1,0.256520848864072,0.6957013608747826,0.2777055985578673,4.666666666666667,0.3282051282051282,0.3282051282051282,0.6717948717948717,0.7149050100377626
DecoderOnly,pearson_error,PublicRule,0.0,0.3,-1,0.22337080086230987,0.6957013608747826,0.2777055985578673,6.666666666666667,0.3112128146453089,0.4683760683760683,0.5316239316239316,0.7124947146716898
DecoderOnly,pearson_error,SourceRisk_frozen,0.0,0.05,-1,0.4272566141961498,0.696829847045366,0.2486457802688877,1.6666666666666667,0.4166666666666667,0.11794871794871796,0.882051282051282,0.7194818543510313
DecoderOnly,pearson_error,SourceRisk_frozen,0.0,0.1,-1,0.2597713248040264,0.696829847045366,0.2486457802688877,2.3333333333333335,0.30952380952380953,0.1658119658119658,0.8341880341880342,0.7192802194894142
DecoderOnly,pearson_error,SourceRisk_frozen,0.0,0.2,-1,0.2424857644699582,0.696829847045366,0.2486457802688877,4.333333333333333,0.305982905982906,0.305982905982906,0.6940170940170941,0.7162603127529005
DecoderOnly,pearson_error,SourceRisk_frozen,0.0,0.3,-1,0.2768635784236184,0.696829847045366,0.2486457802688877,7.333333333333333,0.34324942791762014,0.5162393162393163,0.48376068376068376,0.709792247054934
SAMS_VAE,delta_rmse,HistorySupport,0.0,0.05,-1,0.7628366979723434,0.02525411631086641,0.7859155727233155,3.3333333333333335,0.8333333333333334,0.23589743589743592,0.764102564102564,0.027917886994873728
SAMS_VAE,delta_rmse,HistorySupport,0.0,0.1,-1,0.7002139306264811,0.02525411631086641,0.7859155727233155,5.0,0.6607142857142857,0.35384615384615387,0.6461538461538462,0.027676487839515086
SAMS_VAE,delta_rmse,HistorySupport,0.0,0.2,-1,0.7907133057071686,0.02525411631086641,0.7859155727233155,9.0,0.6307692307692307,0.6307692307692307,0.36923076923076925,0.0270575270263923
SAMS_VAE,delta_rmse,HistorySupport,0.0,0.3,-1,0.8203228856978354,0.02525411631086641,0.7859155727233155,12.0,0.5583524027459954,0.841025641025641,0.15897435897435896,0.02650555237139426
SAMS_VAE,delta_rmse,HistorySupport_selected,0.0,0.05,-1,0.923054499787742,0.025070046719263012,0.851073163864677,3.6666666666666665,0.9166666666666666,0.25811965811965815,0.7418803418803419,0.027781914050362223
SAMS_VAE,delta_rmse,HistorySupport_selected,0.0,0.1,-1,0.9063548710809046,0.025070046719263012,0.851073163864677,7.0,0.9166666666666666,0.49059829059829063,0.5094017094017094,0.027406207696914927
SAMS_VAE,delta_rmse,HistorySupport_selected,0.0,0.2,-1,0.8485959924064286,0.025070046719263012,0.851073163864677,10.0,0.7042735042735043,0.7042735042735043,0.29572649572649573,0.02694994122256983
SAMS_VAE,delta_rmse,HistorySupport_selected,0.0,0.3,-1,0.8496038894439136,0.025070046719263012,0.851073163864677,12.666666666666666,0.5903890160183066,0.8888888888888888,0.11111111111111112,0.026431844037624847
SAMS_VAE,delta_rmse,Magnitude,0.0,0.05,-1,0.05679357995692539,0.028095671314782536,0.11485740906549335,1.3333333333333333,0.3333333333333333,0.09230769230769231,0.9076923076923077,0.028521834942558184
SAMS_VAE,delta_rmse,Magnitude,0.0,0.1,-1,0.10548222337397307,0.028095671314782536,0.11485740906549335,3.0,0.39285714285714285,0.21025641025641026,0.7897435897435897,0.028431884624466802
SAMS_VAE,delta_rmse,Magnitude,0.0,0.2,-1,0.053116461032637514,0.028095671314782536,0.11485740906549335,4.333333333333333,0.30256410256410254,0.30256410256410254,0.6974358974358975,0.028466119557080158
SAMS_VAE,delta_rmse,Magnitude,0.0,0.3,-1,0.2647517614628258,0.028095671314782536,0.11485740906549335,6.0,0.2761250953470633,0.4170940170940171,0.582905982905983,0.027902318494773575
SAMS_VAE,delta_rmse,Native61_Public_SelectedSupport_RawRMSE,0.1,0.05,20260930,0.5110243562614182,0.025871742271742642,0.6409137542327212,2.666666666666667,0.6666666666666667,0.18803418803418803,0.811965811965812,0.02813083858680891
SAMS_VAE,delta_rmse,Native61_Public_SelectedSupport_RawRMSE,0.1,0.05,20261001,0.568782323181313,0.025875556361348112,0.6486713159851314,2.9,0.725,0.20427350427350427,0.7957264957264958,0.02808181869562439
SAMS_VAE,delta_rmse,Native61_Public_SelectedSupport_RawRMSE,0.1,0.05,20261002,0.5242913392997117,0.025866379568655434,0.6417614029447966,2.7666666666666666,0.6916666666666667,0.1947008547008547,0.8052991452991453,0.0281204700838715
SAMS_VAE,delta_rmse,Native61_Public_SelectedSupport_RawRMSE,0.1,0.1,20260930,0.5884995920131113,0.025871742271742642,0.6409137542327212,4.866666666666667,0.6386904761904761,0.3418803418803419,0.6581196581196581,0.027816955844611795
SAMS_VAE,delta_rmse,Native61_Public_SelectedSupport_RawRMSE,0.1,0.1,20261001,0.6171276365717123,0.025875556361348112,0.6486713159851314,5.0,0.656547619047619,0.35145299145299147,0.6485470085470085,0.02778107758600733
SAMS_VAE,delta_rmse,Native61_Public_SelectedSupport_RawRMSE,0.1,0.1,20261002,0.5808506642843889,0.025866379568655434,0.6417614029447966,4.933333333333334,0.6470238095238096,0.34632478632478636,0.6536752136752136,0.027825686521474963
SAMS_VAE,delta_rmse,Native61_Public_SelectedSupport_RawRMSE,0.1,0.2,20260930,0.6765859762074536,0.025871742271742642,0.6409137542327212,8.433333333333334,0.5923076923076923,0.5923076923076923,0.4076923076923077,0.027278980075615633
SAMS_VAE,delta_rmse,Native61_Public_SelectedSupport_RawRMSE,0.1,0.2,20261001,0.6782069029184028,0.025875556361348112,0.6486713159851314,8.533333333333335,0.5993162393162393,0.5993162393162393,0.40068376068376066,0.027275771648004977
SAMS_VAE,delta_rmse,Native61_Public_SelectedSupport_RawRMSE,0.1,0.2,20261002,0.6728425394992104,0.025866379568655434,0.6417614029447966,8.533333333333335,0.598974358974359,0.598974358974359,0.40102564102564103,0.02728581779282103
SAMS_VAE,delta_rmse,Native61_Public_SelectedSupport_RawRMSE,0.1,0.3,20260930,0.6865668422453004,0.025871742271742642,0.6409137542327212,10.7,0.4993897787948131,0.7516239316239316,0.24837606837606838,0.02684381843251072
SAMS_VAE,delta_rmse,Native61_Public_SelectedSupport_RawRMSE,0.1,0.3,20261001,0.6741694266004696,0.025875556361348112,0.6486713159851314,10.566666666666666,0.49359267734553774,0.7427350427350428,0.25726495726495724,0.02687500767496146
SAMS_VAE,delta_rmse,Native61_Public_SelectedSupport_RawRMSE,0.1,0.3,20261002,0.6913867597870462,0.025866379568655434,0.6417614029447966,10.866666666666665,0.5063310450038139,0.7623931623931623,0.2376068376068376,0.02683080226255835
SAMS_VAE,delta_rmse,Native61_Public_SelectedSupport_RawRMSE,0.25,0.05,20260930,0.738918227333103,0.02543335370421604,0.7601151126959991,3.4666666666666663,0.8666666666666666,0.2447863247863248,0.7552136752136752,0.027936207007227133
SAMS_VAE,delta_rmse,Native61_Public_SelectedSupport_RawRMSE,0.25,0.05,20261001,0.7459403861526382,0.025394820354772828,0.766362154031538,3.5666666666666664,0.8916666666666666,0.25145299145299144,0.7485470085470085,0.02793078415366254
SAMS_VAE,delta_rmse,Native61_Public_SelectedSupport_RawRMSE,0.25,0.05,20261002,0.7573966215880323,0.02545446206139579,0.7542295083438273,3.5666666666666664,0.8916666666666666,0.25076923076923074,0.7492307692307693,0.027921117382772625
SAMS_VAE,delta_rmse,Native61_Public_SelectedSupport_RawRMSE,0.25,0.1,20260930,0.7767915285214683,0.02543335370421604,0.7601151126959991,5.866666666666666,0.7702380952380953,0.41230769230769226,0.5876923076923077,0.027575983314681068
SAMS_VAE,delta_rmse,Native61_Public_SelectedSupport_RawRMSE,0.25,0.1,20261001,0.7838907887562725,0.025394820354772828,0.766362154031538,6.033333333333333,0.7916666666666667,0.42376068376068377,0.5762393162393162,0.027566193341525474
SAMS_VAE,delta_rmse,Native61_Public_SelectedSupport_RawRMSE,0.25,0.1,20261002,0.7680742636777269,0.02545446206139579,0.7542295083438273,5.866666666666666,0.7720238095238094,0.4133333333333333,0.5866666666666667,0.02758784544031162
SAMS_VAE,delta_rmse,Native61_Public_SelectedSupport_RawRMSE,0.25,0.2,20260930,0.8038045631910892,0.02543335370421604,0.7601151126959991,9.833333333333334,0.6921367521367522,0.6921367521367522,0.30786324786324787,0.027036359820178248
SAMS_VAE,delta_rmse,Native61_Public_SelectedSupport_RawRMSE,0.25,0.2,20261001,0.8038236639768842,0.025394820354772828,0.766362154031538,9.833333333333332,0.6917948717948718,0.6917948717948718,0.30820512820512824,0.02703604605835035
SAMS_VAE,delta_rmse,Native61_Public_SelectedSupport_RawRMSE,0.25,0.2,20261002,0.8046245822407991,0.02545446206139579,0.7542295083438273,9.866666666666667,0.6936752136752137,0.6936752136752137,0.3063247863247863,0.02703423858803376
SAMS_VAE,delta_rmse,Native61_Public_SelectedSupport_RawRMSE,0.25,0.3,20260930,0.8130387306256968,0.02543335370421604,0.7601151126959991,12.366666666666667,0.5767353165522502,0.8682051282051282,0.1317948717948718,0.026523201005286445
SAMS_VAE,delta_rmse,Native61_Public_SelectedSupport_RawRMSE,0.25,0.3,20261001,0.8247688737892224,0.025394820354772828,0.766362154031538,12.466666666666667,0.5816933638443936,0.8755555555555556,0.12444444444444444,0.026493424922460464
SAMS_VAE,delta_rmse,Native61_Public_SelectedSupport_RawRMSE,0.25,0.3,20261002,0.8036644407344621,0.02545446206139579,0.7542295083438273,12.1,0.564836003051106,0.8500854700854701,0.14991452991452991,0.026547543652790863
SAMS_VAE,delta_rmse,Native61_Public_SelectedSupport_RawRMSE,0.5,0.05,20260930,0.7714500079631728,0.025262335258345963,0.788852293748453,3.6333333333333337,0.9083333333333334,0.2558974358974359,0.7441025641025641,0.02790990282548782
SAMS_VAE,delta_rmse,Native61_Public_SelectedSupport_RawRMSE,0.5,0.05,20261001,0.7745429584053831,0.025275952707503047,0.7865677791181983,3.733333333333333,0.9333333333333332,0.2625641025641026,0.7374358974358974,0.027907370217372402
SAMS_VAE,delta_rmse,Native61_Public_SelectedSupport_RawRMSE,0.5,0.05,20261002,0.7781267091965062,0.02529263534360347,0.7846078628274595,3.7,0.925,0.2603418803418803,0.7396581196581197,0.027904069416590366
SAMS_VAE,delta_rmse,Native61_Public_SelectedSupport_RawRMSE,0.5,0.1,20260930,0.7962064289325159,0.025262335258345963,0.788852293748453,6.166666666666666,0.8101190476190476,0.43367521367521367,0.5663247863247863,0.027550964102662955
SAMS_VAE,delta_rmse,Native61_Public_SelectedSupport_RawRMSE,0.5,0.1,20261001,0.8112587665047662,0.025275952707503047,0.7865677791181983,6.233333333333333,0.8178571428571428,0.4377777777777777,0.5622222222222222,0.027530648120941498
SAMS_VAE,delta_rmse,Native61_Public_SelectedSupport_RawRMSE,0.5,0.1,20261002,0.7982810432149002,0.02529263534360347,0.7846078628274595,5.966666666666667,0.7833333333333334,0.41931623931623935,0.5806837606837607,0.027547363377261734
SAMS_VAE,delta_rmse,Native61_Public_SelectedSupport_RawRMSE,0.5,0.2,20260930,0.8196874828732096,0.025262335258345963,0.788852293748453,10.0,0.7032478632478633,0.7032478632478633,0.29675213675213674,0.027005027197217545
SAMS_VAE,delta_rmse,Native61_Public_SelectedSupport_RawRMSE,0.5,0.2,20261001,0.8218452574631281,0.025275952707503047,0.7865677791181983,10.1,0.7102564102564103,0.7102564102564103,0.2897435897435897,0.02700113044578605
SAMS_VAE,delta_rmse,Native61_Public_SelectedSupport_RawRMSE,0.5,0.2,20261002,0.8225303100544841,0.02529263534360347,0.7846078628274595,9.966666666666667,0.7013675213675213,0.7013675213675213,0.29863247863247866,0.02699972661517317
SAMS_VAE,delta_rmse,Native61_Public_SelectedSupport_RawRMSE,0.5,0.3,20260930,0.820926179919665,0.025262335258345963,0.788852293748453,12.466666666666667,0.5810831426392067,0.874871794871795,0.12512820512820513,0.02650302090814517
SAMS_VAE,delta_rmse,Native61_Public_SelectedSupport_RawRMSE,0.5,0.3,20261001,0.8255458145475455,0.025275952707503047,0.7865677791181983,12.4,0.5778794813119756,0.8700854700854702,0.1299145299145299,0.026491041816751753
SAMS_VAE,delta_rmse,Native61_Public_SelectedSupport_RawRMSE,0.5,0.3,20261002,0.8266820331887297,0.02529263534360347,0.7846078628274595,12.5,0.5825324180015257,0.8770940170940171,0.12290598290598291,0.026487647929669622
SAMS_VAE,delta_rmse,Native61_Public_SelectedSupport_RawRMSE,0.75,0.05,20260930,0.8097794036466899,0.025196067497972374,0.8089023651702995,3.6666666666666665,0.9166666666666666,0.25811965811965815,0.7418803418803419,0.027877478443857635
SAMS_VAE,delta_rmse,Native61_Public_SelectedSupport_RawRMSE,0.75,0.05,20261001,0.8289955619916253,0.02519906959800372,0.8088403954312475,3.7,0.925,0.2603418803418803,0.7396581196581197,0.02786141646461344
SAMS_VAE,delta_rmse,Native61_Public_SelectedSupport_RawRMSE,0.75,0.05,20261002,0.8640365378790487,0.02518933074895504,0.8091099859440674,3.8,0.95,0.26700854700854704,0.7329914529914531,0.02783186944200141
SAMS_VAE,delta_rmse,Native61_Public_SelectedSupport_RawRMSE,0.75,0.1,20260930,0.823756758103619,0.025196067497972374,0.8089023651702995,6.133333333333334,0.8047619047619048,0.43076923076923074,0.5692307692307692,0.027514172287094664
SAMS_VAE,delta_rmse,Native61_Public_SelectedSupport_RawRMSE,0.75,0.1,20261001,0.8644365132795416,0.02519906959800372,0.8088403954312475,6.433333333333333,0.8422619047619048,0.45076923076923076,0.5492307692307692,0.027460257850211566
SAMS_VAE,delta_rmse,Native61_Public_SelectedSupport_RawRMSE,0.75,0.1,20261002,0.8392708934879192,0.02518933074895504,0.8091099859440674,6.3,0.8261904761904763,0.44222222222222224,0.5577777777777777,0.027494124737548864
SAMS_VAE,delta_rmse,Native61_Public_SelectedSupport_RawRMSE,0.75,0.2,20260930,0.8281969855215612,0.025196067497972374,0.8089023651702995,10.2,0.7165811965811966,0.7165811965811966,0.28341880341880343,0.026988327687965087
SAMS_VAE,delta_rmse,Native61_Public_SelectedSupport_RawRMSE,0.75,0.2,20261001,0.8408348700237449,0.02519906959800372,0.8088403954312475,10.4,0.7305982905982906,0.7305982905982906,0.26940170940170943,0.026964216266302198
SAMS_VAE,delta_rmse,Native61_Public_SelectedSupport_RawRMSE,0.75,0.2,20261002,0.8377258135898918,0.02518933074895504,0.8091099859440674,10.4,0.7305982905982906,0.7305982905982906,0.2694017094017094,0.02697001027772088
SAMS_VAE,delta_rmse,Native61_Public_SelectedSupport_RawRMSE,0.75,0.3,20260930,0.8514623093216832,0.025196067497972374,0.8089023651702995,12.733333333333333,0.5926773455377574,0.8926495726495727,0.10735042735042735,0.026424243592501773
SAMS_VAE,delta_rmse,Native61_Public_SelectedSupport_RawRMSE,0.75,0.3,20261001,0.8327205173012585,0.02519906959800372,0.8088403954312475,12.466666666666667,0.5810831426392068,0.874871794871795,0.12512820512820513,0.026472236767318868
SAMS_VAE,delta_rmse,Native61_Public_SelectedSupport_RawRMSE,0.75,0.3,20261002,0.8394495706221798,0.02518933074895504,0.8091099859440674,12.566666666666666,0.5857360793287567,0.8818803418803419,0.11811965811965812,0.026455396328171794
SAMS_VAE,delta_rmse,Native61_Public_SelectedSupport_RawRMSE,1.0,0.05,20260930,0.9405607918648684,0.025188132297129538,0.8129105747099153,4.0,1.0,0.28034188034188035,0.7196581196581198,0.027767131293400103
SAMS_VAE,delta_rmse,Native61_Public_SelectedSupport_RawRMSE,1.0,0.05,20261001,0.9226356983481617,0.02517354656826154,0.817149088995933,4.0,1.0,0.28034188034188035,0.7196581196581198,0.027781500441496177
SAMS_VAE,delta_rmse,Native61_Public_SelectedSupport_RawRMSE,1.0,0.05,20261002,0.9476371562123921,0.025169854197703817,0.8144147184397956,4.0,1.0,0.28034188034188035,0.7196581196581198,0.027760892774059215
SAMS_VAE,delta_rmse,Native61_Public_SelectedSupport_RawRMSE,1.0,0.1,20260930,0.825633383710084,0.025188132297129538,0.8129105747099153,6.666666666666667,0.875,0.4683760683760683,0.5316239316239316,0.027512564629832776
SAMS_VAE,delta_rmse,Native61_Public_SelectedSupport_RawRMSE,1.0,0.1,20261001,0.8339991205041993,0.02517354656826154,0.817149088995933,6.0,0.7916666666666666,0.4239316239316239,0.5760683760683761,0.02750204572617021
SAMS_VAE,delta_rmse,Native61_Public_SelectedSupport_RawRMSE,1.0,0.1,20261002,0.8624681373516478,0.025169854197703817,0.8144147184397956,6.0,0.7857142857142857,0.4205128205128205,0.5794871794871795,0.027463241715097408
SAMS_VAE,delta_rmse,Native61_Public_SelectedSupport_RawRMSE,1.0,0.2,20260930,0.8344323547477789,0.025188132297129538,0.8129105747099153,10.333333333333334,0.7264957264957265,0.7264957264957265,0.27350427350427353,0.026976688348264537
SAMS_VAE,delta_rmse,Native61_Public_SelectedSupport_RawRMSE,1.0,0.2,20261001,0.8457442177831,0.02517354656826154,0.817149088995933,10.333333333333334,0.7230769230769232,0.7230769230769232,0.2769230769230769,0.026954029584511534
SAMS_VAE,delta_rmse,Native61_Public_SelectedSupport_RawRMSE,1.0,0.2,20261002,0.8282698501896185,0.025169854197703817,0.8144147184397956,10.333333333333334,0.7264957264957265,0.7264957264957265,0.27350427350427353,0.02698879902715497
SAMS_VAE,delta_rmse,Native61_Public_SelectedSupport_RawRMSE,1.0,0.3,20260930,0.8467581653860506,0.025188132297129538,0.8129105747099153,13.0,0.6048817696414951,0.9111111111111111,0.0888888888888889,0.026434940849305096
SAMS_VAE,delta_rmse,Native61_Public_SelectedSupport_RawRMSE,1.0,0.3,20261001,0.863250282585551,0.02517354656826154,0.817149088995933,13.0,0.6048817696414951,0.9111111111111111,0.0888888888888889,0.026393143402187774
SAMS_VAE,delta_rmse,Native61_Public_SelectedSupport_RawRMSE,1.0,0.3,20261002,0.8418040042119586,0.025169854197703817,0.8144147184397956,12.333333333333334,0.5758962623951183,0.8666666666666668,0.13333333333333333,0.02645141841477684
SAMS_VAE,delta_rmse,Native61_SelectedSupport_RawRMSE,0.1,0.05,20260930,0.30415383555617426,0.02744751604987139,0.2370632511878878,2.1,0.525,0.1464957264957265,0.8535042735042735,0.02830998523494226
SAMS_VAE,delta_rmse,Native61_SelectedSupport_RawRMSE,0.1,0.05,20261001,0.2531346265149033,0.027638917595513356,0.22127620469919784,1.9,0.475,0.13316239316239314,0.8668376068376069,0.028353356687795504
SAMS_VAE,delta_rmse,Native61_SelectedSupport_RawRMSE,0.1,0.05,20261002,0.24323440090815796,0.027564102152171345,0.23057861079099248,1.8333333333333335,0.45833333333333337,0.1287179487179487,0.8712820512820514,0.028361259158863634
SAMS_VAE,delta_rmse,Native61_SelectedSupport_RawRMSE,0.1,0.1,20260930,0.2579287134774588,0.02744751604987139,0.2370632511878878,3.233333333333333,0.4220238095238096,0.2258119658119658,0.7741880341880342,0.028236896848179076
SAMS_VAE,delta_rmse,Native61_SelectedSupport_RawRMSE,0.1,0.1,20261001,0.2560112230009766,0.027638917595513356,0.22127620469919784,3.1333333333333333,0.4089285714285714,0.21880341880341883,0.7811965811965813,0.028238168591760687
SAMS_VAE,delta_rmse,Native61_SelectedSupport_RawRMSE,0.1,0.1,20261002,0.23093360003996805,0.027564102152171345,0.23057861079099248,3.033333333333333,0.39642857142857146,0.21213675213675215,0.7878632478632479,0.02827021591725673
SAMS_VAE,delta_rmse,Native61_SelectedSupport_RawRMSE,0.1,0.2,20260930,0.2628705587854587,0.02744751604987139,0.2370632511878878,5.133333333333334,0.35931623931623935,0.35931623931623935,0.6406837606837608,0.028066788772326816
SAMS_VAE,delta_rmse,Native61_SelectedSupport_RawRMSE,0.1,0.2,20261001,0.2515721116671794,0.027638917595513356,0.22127620469919784,5.266666666666667,0.3692307692307692,0.3692307692307692,0.6307692307692309,0.028086779859491956
SAMS_VAE,delta_rmse,Native61_SelectedSupport_RawRMSE,0.1,0.2,20261002,0.24830176288658817,0.027564102152171345,0.23057861079099248,5.1,0.35675213675213674,0.35675213675213674,0.6432478632478633,0.02809218915531931
SAMS_VAE,delta_rmse,Native61_SelectedSupport_RawRMSE,0.1,0.3,20260930,0.2351472846748087,0.02744751604987139,0.2370632511878878,6.666666666666667,0.31029748283752856,0.4673504273504273,0.5326495726495727,0.027976169102975144
SAMS_VAE,delta_rmse,Native61_SelectedSupport_RawRMSE,0.1,0.3,20261001,0.21904846937042577,0.027638917595513356,0.22127620469919784,6.6,0.30709382151029746,0.4625641025641025,0.5374358974358975,0.028014798560581998
SAMS_VAE,delta_rmse,Native61_SelectedSupport_RawRMSE,0.1,0.3,20261002,0.24450590585319004,0.027564102152171345,0.23057861079099248,6.533333333333334,0.3035850495804729,0.4574358974358974,0.5425641025641026,0.027951579049835175
SAMS_VAE,delta_rmse,Native61_SelectedSupport_RawRMSE,0.25,0.05,20260930,0.683458285536944,0.025693265234122305,0.6872125841948387,3.3666666666666663,0.8416666666666666,0.23811965811965816,0.7618803418803418,0.027985977353485885
SAMS_VAE,delta_rmse,Native61_SelectedSupport_RawRMSE,0.25,0.05,20261001,0.6805485728330702,0.025767143353586448,0.6651457005702621,3.2,0.8,0.227008547008547,0.772991452991453,0.02798815924750399
SAMS_VAE,delta_rmse,Native61_SelectedSupport_RawRMSE,0.25,0.05,20261002,0.7386143030554905,0.02573758246538609,0.6735390314187614,3.3,0.825,0.23333333333333334,0.7666666666666667,0.027938367344139476
SAMS_VAE,delta_rmse,Native61_SelectedSupport_RawRMSE,0.25,0.1,20260930,0.7458207113990399,0.025693265234122305,0.6872125841948387,5.666666666666666,0.7488095238095238,0.40102564102564103,0.598974358974359,0.027615477309053577
SAMS_VAE,delta_rmse,Native61_SelectedSupport_RawRMSE,0.25,0.1,20261001,0.7477008123990496,0.025767143353586448,0.6651457005702621,5.8,0.7654761904761905,0.40991452991452987,0.5900854700854701,0.02761263496846959
SAMS_VAE,delta_rmse,Native61_SelectedSupport_RawRMSE,0.25,0.1,20261002,0.7335995078374321,0.02573758246538609,0.6735390314187614,5.6,0.7363095238095239,0.39418803418803416,0.6058119658119658,0.027627904668421445
SAMS_VAE,delta_rmse,Native61_SelectedSupport_RawRMSE,0.25,0.2,20260930,0.7310077577603349,0.025693265234122305,0.6872125841948387,8.766666666666667,0.6162393162393162,0.6162393162393162,0.3837606837606838,0.027173635208533657
SAMS_VAE,delta_rmse,Native61_SelectedSupport_RawRMSE,0.25,0.2,20261001,0.7223637958746352,0.025767143353586448,0.6651457005702621,8.466666666666667,0.5965811965811966,0.5965811965811966,0.40341880341880343,0.027191048550879622
SAMS_VAE,delta_rmse,Native61_SelectedSupport_RawRMSE,0.25,0.2,20261002,0.7239074521491138,0.02573758246538609,0.6735390314187614,8.533333333333333,0.6003418803418803,0.6003418803418803,0.39965811965811965,0.02718772636879265
SAMS_VAE,delta_rmse,Native61_SelectedSupport_RawRMSE,0.25,0.3,20260930,0.7151079380956679,0.025693265234122305,0.6872125841948387,10.633333333333335,0.4946605644546148,0.7451282051282051,0.25487179487179484,0.026768816647904137
SAMS_VAE,delta_rmse,Native61_SelectedSupport_RawRMSE,0.25,0.3,20261001,0.7157934660530603,0.025767143353586448,0.6651457005702621,10.466666666666667,0.4861937452326468,0.7326495726495728,0.26735042735042736,0.026765647849135536
SAMS_VAE,delta_rmse,Native61_SelectedSupport_RawRMSE,0.25,0.3,20261002,0.7119807165256105,0.02573758246538609,0.6735390314187614,10.566666666666666,0.4920671243325705,0.7410256410256411,0.25897435897435894,0.02677606244333337
SAMS_VAE,delta_rmse,Native61_SelectedSupport_RawRMSE,0.5,0.05,20260930,0.832847252227906,0.025283842472152422,0.7870040751860442,3.5666666666666664,0.8916666666666666,0.25145299145299144,0.7485470085470085,0.027858094618550894
SAMS_VAE,delta_rmse,Native61_SelectedSupport_RawRMSE,0.5,0.05,20261001,0.8371878435980706,0.02533311760423689,0.7718621506828562,3.6333333333333337,0.9083333333333334,0.2558974358974359,0.7441025641025641,0.0278548185210922
SAMS_VAE,delta_rmse,Native61_SelectedSupport_RawRMSE,0.5,0.05,20261002,0.8330673064459402,0.025360087198116867,0.7668657349708644,3.5666666666666664,0.8916666666666666,0.25145299145299144,0.7485470085470085,0.027857859237810777
SAMS_VAE,delta_rmse,Native61_SelectedSupport_RawRMSE,0.5,0.1,20260930,0.8143351355834163,0.025283842472152422,0.7870040751860442,6.166666666666666,0.8119047619047619,0.4347008547008547,0.5652991452991454,0.027527146914085726
SAMS_VAE,delta_rmse,Native61_SelectedSupport_RawRMSE,0.5,0.1,20261001,0.7935356833869923,0.02533311760423689,0.7718621506828562,5.866666666666666,0.7732142857142857,0.41401709401709397,0.585982905982906,0.027553759862265676
SAMS_VAE,delta_rmse,Native61_SelectedSupport_RawRMSE,0.5,0.1,20261002,0.8101782423174955,0.025360087198116867,0.7668657349708644,5.966666666666667,0.7857142857142858,0.4206837606837607,0.5793162393162393,0.027532135866517926
SAMS_VAE,delta_rmse,Native61_SelectedSupport_RawRMSE,0.5,0.2,20260930,0.775748569798651,0.025283842472152422,0.7870040751860442,9.033333333333335,0.6367521367521368,0.6367521367521368,0.36324786324786323,0.027090349395055262
SAMS_VAE,delta_rmse,Native61_SelectedSupport_RawRMSE,0.5,0.2,20261001,0.7865883187554049,0.02533311760423689,0.7718621506828562,9.066666666666666,0.638974358974359,0.638974358974359,0.36102564102564105,0.027069022289992712
SAMS_VAE,delta_rmse,Native61_SelectedSupport_RawRMSE,0.5,0.2,20261002,0.7884694541013109,0.025360087198116867,0.7668657349708644,9.1,0.6408547008547008,0.6408547008547008,0.35914529914529914,0.027065424814085248
SAMS_VAE,delta_rmse,Native61_SelectedSupport_RawRMSE,0.5,0.3,20260930,0.8319005506047297,0.025283842472152422,0.7870040751860442,12.3,0.571395881006865,0.8610256410256409,0.13897435897435897,0.026473497268377548
SAMS_VAE,delta_rmse,Native61_SelectedSupport_RawRMSE,0.5,0.3,20261001,0.8035390184606239,0.02533311760423689,0.7718621506828562,11.633333333333333,0.5418001525553013,0.8158974358974358,0.1841025641025641,0.02654629872788621
SAMS_VAE,delta_rmse,Native61_SelectedSupport_RawRMSE,0.5,0.3,20261002,0.8085197573524283,0.025360087198116867,0.7668657349708644,11.7,0.5450038138825324,0.8206837606837606,0.1793162393162393,0.02653429147767562
SAMS_VAE,delta_rmse,Native61_SelectedSupport_RawRMSE,0.75,0.05,20260930,0.8687028909113712,0.025231248180353705,0.8004260714200158,3.6666666666666665,0.9166666666666666,0.25811965811965815,0.7418803418803419,0.02782777306740377
SAMS_VAE,delta_rmse,Native61_SelectedSupport_RawRMSE,0.75,0.05,20261001,0.8499925721178464,0.02525483710353501,0.7905534084618875,3.633333333333333,0.9083333333333332,0.2558974358974359,0.7441025641025641,0.027844078162323725
SAMS_VAE,delta_rmse,Native61_SelectedSupport_RawRMSE,0.75,0.05,20261002,0.8557634558900998,0.025250507697244396,0.7926502378619154,3.6333333333333337,0.9083333333333334,0.2558974358974359,0.7441025641025641,0.02783940101943485
SAMS_VAE,delta_rmse,Native61_SelectedSupport_RawRMSE,0.75,0.1,20260930,0.8188738734581644,0.025231248180353705,0.8004260714200158,6.2333333333333325,0.818452380952381,0.4381196581196581,0.561880341880342,0.027520581767086695
SAMS_VAE,delta_rmse,Native61_SelectedSupport_RawRMSE,0.75,0.1,20261001,0.8069793364699918,0.02525483710353501,0.7905534084618875,5.866666666666666,0.7720238095238096,0.4133333333333333,0.5866666666666667,0.02753612412391332
SAMS_VAE,delta_rmse,Native61_SelectedSupport_RawRMSE,0.75,0.1,20261002,0.8362080721998421,0.025250507697244396,0.7926502378619154,6.1,0.8017857142857142,0.4292307692307692,0.5707692307692308,0.027498092114696483
SAMS_VAE,delta_rmse,Native61_SelectedSupport_RawRMSE,0.75,0.2,20260930,0.800749242441101,0.025231248180353705,0.8004260714200158,9.366666666666667,0.6596581196581196,0.6596581196581196,0.34034188034188034,0.027042157472561813
SAMS_VAE,delta_rmse,Native61_SelectedSupport_RawRMSE,0.75,0.2,20261001,0.7914810098029209,0.02525483710353501,0.7905534084618875,9.133333333333333,0.6434188034188034,0.6434188034188034,0.3565811965811966,0.02705974844476411
SAMS_VAE,delta_rmse,Native61_SelectedSupport_RawRMSE,0.75,0.2,20261002,0.7896782340245366,0.025250507697244396,0.7926502378619154,9.133333333333335,0.6434188034188034,0.6434188034188034,0.3565811965811966,0.0270633890203328
SAMS_VAE,delta_rmse,Native61_SelectedSupport_RawRMSE,0.75,0.3,20260930,0.8426833195194117,0.025231248180353705,0.8004260714200158,12.466666666666667,0.5789473684210527,0.8724786324786326,0.1275213675213675,0.02644698191826027
SAMS_VAE,delta_rmse,Native61_SelectedSupport_RawRMSE,0.75,0.3,20261001,0.8327525465317107,0.02525483710353501,0.7905534084618875,12.333333333333334,0.5725400457665903,0.8629059829059829,0.13709401709401708,0.02647224549883807
SAMS_VAE,delta_rmse,Native61_SelectedSupport_RawRMSE,0.75,0.3,20261002,0.8337401112256341,0.025250507697244396,0.7926502378619154,12.133333333333333,0.5635392829900839,0.8492307692307692,0.15076923076923077,0.02646859590957138
SAMS_VAE,delta_rmse,Native61_SelectedSupport_RawRMSE,1.0,0.05,20260930,0.9476371562123921,0.02518304719535993,0.8105842576867298,4.0,1.0,0.28034188034188035,0.7196581196581198,0.027760892774059215
SAMS_VAE,delta_rmse,Native61_SelectedSupport_RawRMSE,1.0,0.05,20261001,0.923054499787742,0.02519129614064893,0.8005760251553271,3.6666666666666665,0.9166666666666666,0.25811965811965815,0.7418803418803419,0.027781914050362223
SAMS_VAE,delta_rmse,Native61_SelectedSupport_RawRMSE,1.0,0.05,20261002,0.923054499787742,0.025246514307127526,0.7877480841873705,3.6666666666666665,0.9166666666666666,0.25811965811965815,0.7418803418803419,0.027781914050362223
SAMS_VAE,delta_rmse,Native61_SelectedSupport_RawRMSE,1.0,0.1,20260930,0.866921377392653,0.02518304719535993,0.8105842576867298,6.666666666666667,0.875,0.4683760683760683,0.5316239316239316,0.02745867091600034
SAMS_VAE,delta_rmse,Native61_SelectedSupport_RawRMSE,1.0,0.1,20261001,0.8337679822942651,0.02519129614064893,0.8005760251553271,5.666666666666667,0.75,0.4017094017094017,0.5982905982905983,0.027502454203988842
SAMS_VAE,delta_rmse,Native61_SelectedSupport_RawRMSE,1.0,0.1,20261002,0.8709971496410542,0.025246514307127526,0.7877480841873705,6.666666666666667,0.875,0.4683760683760683,0.5316239316239316,0.027453768621265
SAMS_VAE,delta_rmse,Native61_SelectedSupport_RawRMSE,1.0,0.2,20260930,0.8108352276172711,0.02518304719535993,0.8105842576867298,9.0,0.6307692307692307,0.6307692307692307,0.36923076923076925,0.027021728262029938
SAMS_VAE,delta_rmse,Native61_SelectedSupport_RawRMSE,1.0,0.2,20261001,0.823655315630492,0.02519129614064893,0.8005760251553271,10.0,0.7042735042735043,0.7042735042735043,0.29572649572649573,0.02699761538048929
SAMS_VAE,delta_rmse,Native61_SelectedSupport_RawRMSE,1.0,0.2,20261002,0.7806917656231462,0.025246514307127526,0.7877480841873705,9.666666666666666,0.6786324786324786,0.6786324786324786,0.3213675213675214,0.02708087651358183
SAMS_VAE,delta_rmse,Native61_SelectedSupport_RawRMSE,1.0,0.3,20260930,0.8616162260812829,0.02518304719535993,0.8105842576867298,12.666666666666666,0.5873379099923722,0.8854700854700855,0.11452991452991453,0.026397503183156045
SAMS_VAE,delta_rmse,Native61_SelectedSupport_RawRMSE,1.0,0.3,20261001,0.849999432381831,0.02519129614064893,0.8005760251553271,12.666666666666666,0.5873379099923722,0.8854700854700855,0.11452991452991453,0.02642640927248614
SAMS_VAE,delta_rmse,Native61_SelectedSupport_RawRMSE,1.0,0.3,20261002,0.8392098415269954,0.025246514307127526,0.7877480841873705,12.666666666666666,0.5873379099923722,0.8854700854700855,0.11452991452991453,0.026453844927704407
SAMS_VAE,delta_rmse,PublicRule,0.0,0.05,-1,0.8630039234852046,0.025094310176632814,0.8284536095880782,4.0,1.0,0.28034188034188035,0.7196581196581198,0.027832559326134376
SAMS_VAE,delta_rmse,PublicRule,0.0,0.1,-1,0.894460044648823,0.025094310176632814,0.8284536095880782,7.0,0.9166666666666666,0.49059829059829063,0.5094017094017094,0.027420806969351712
SAMS_VAE,delta_rmse,PublicRule,0.0,0.2,-1,0.8538892229228519,0.025094310176632814,0.8284536095880782,10.333333333333334,0.7264957264957265,0.7264957264957265,0.27350427350427353,0.026938700418454403
SAMS_VAE,delta_rmse,PublicRule,0.0,0.3,-1,0.8450064079101193,0.025094310176632814,0.8284536095880782,12.333333333333334,0.5758962623951183,0.8666666666666667,0.13333333333333333,0.02644216096188332
SAMS_VAE,delta_rmse,SourceRisk_frozen,0.0,0.05,-1,0.6217672323648681,0.025193698834290176,0.8165097030529211,3.6666666666666665,0.9166666666666666,0.25811965811965815,0.7418803418803419,0.028034723996816047
SAMS_VAE,delta_rmse,SourceRisk_frozen,0.0,0.1,-1,0.7618332284268382,0.025193698834290176,0.8165097030529211,6.333333333333333,0.8333333333333334,0.4461538461538461,0.5538461538461539,0.027597810188922878
SAMS_VAE,delta_rmse,SourceRisk_frozen,0.0,0.2,-1,0.7459396195996502,0.025193698834290176,0.8165097030529211,9.666666666666666,0.682051282051282,0.682051282051282,0.317948717948718,0.027150274004361607
SAMS_VAE,delta_rmse,SourceRisk_frozen,0.0,0.3,-1,0.7837871871244331,0.025193698834290176,0.8165097030529211,12.666666666666666,0.5903890160183066,0.8888888888888888,0.11111111111111112,0.026598498317562086
SAMS_VAE,effect_top200_rmse,HistorySupport,0.0,0.05,-1,0.7285349897129137,0.0646262823256899,0.7689050660248063,3.3333333333333335,0.8333333333333334,0.23589743589743592,0.764102564102564,0.07200617493639021
SAMS_VAE,effect_top200_rmse,HistorySupport,0.0,0.1,-1,0.6751860022047852,0.0646262823256899,0.7689050660248063,5.0,0.6607142857142857,0.35384615384615387,0.6461538461538462,0.07135754470241393
SAMS_VAE,effect_top200_rmse,HistorySupport,0.0,0.2,-1,0.7767879543154296,0.0646262823256899,0.7689050660248063,8.333333333333334,0.582905982905983,0.582905982905983,0.4170940170940171,0.06962501614240842
SAMS_VAE,effect_top200_rmse,HistorySupport,0.0,0.3,-1,0.794484259601676,0.0646262823256899,0.7689050660248063,11.333333333333334,0.5263157894736842,0.7931623931623931,0.20683760683760685,0.06819231513258697
SAMS_VAE,effect_top200_rmse,HistorySupport_selected,0.0,0.05,-1,0.898864394681037,0.06418830312310693,0.828566848933408,3.6666666666666665,0.9166666666666666,0.25811965811965815,0.7418803418803419,0.07161931157339939
SAMS_VAE,effect_top200_rmse,HistorySupport_selected,0.0,0.1,-1,0.8859401387583358,0.06418830312310693,0.828566848933408,6.666666666666667,0.875,0.4683760683760683,0.5316239316239316,0.07060181732481245
SAMS_VAE,effect_top200_rmse,HistorySupport_selected,0.0,0.2,-1,0.8309956830466895,0.06418830312310693,0.828566848933408,8.666666666666666,0.6085470085470085,0.6085470085470085,0.39145299145299145,0.06934321848253926
SAMS_VAE,effect_top200_rmse,HistorySupport_selected,0.0,0.3,-1,0.830257532556211,0.06418830312310693,0.828566848933408,11.333333333333334,0.5263157894736842,0.7931623931623931,0.20683760683760685,0.06793904892259095
SAMS_VAE,effect_top200_rmse,Magnitude,0.0,0.05,-1,0.041373931327934835,0.07296822815941119,0.0594262900496475,1.3333333333333333,0.3333333333333333,0.09230769230769231,0.9076923076923077,0.07363844727762019
SAMS_VAE,effect_top200_rmse,Magnitude,0.0,0.1,-1,0.0779942403873893,0.07296822815941119,0.0594262900496475,3.0,0.39285714285714285,0.21025641025641026,0.7897435897435897,0.07345377517949409
SAMS_VAE,effect_top200_rmse,Magnitude,0.0,0.2,-1,-0.0008109970399063834,0.07296822815941119,0.0594262900496475,4.333333333333333,0.30256410256410254,0.30256410256410254,0.6974358974358975,0.07373298777684596
SAMS_VAE,effect_top200_rmse,Magnitude,0.0,0.3,-1,0.21249707578421706,0.07296822815941119,0.0594262900496475,6.0,0.2761250953470633,0.4170940170940171,0.582905982905983,0.0722496708125327
SAMS_VAE,effect_top200_rmse,Native61_Public_SelectedSupport_RawRMSE,0.1,0.05,20260930,0.5035558468171109,0.06640020034634374,0.6271482835862152,2.466666666666667,0.6166666666666667,0.17401709401709403,0.8259829059829059,0.07253726901155974
SAMS_VAE,effect_top200_rmse,Native61_Public_SelectedSupport_RawRMSE,0.1,0.05,20261001,0.5618932024983908,0.06640932476840573,0.634177357336255,2.6333333333333333,0.6583333333333333,0.18547008547008548,0.8145299145299145,0.07239989234767075
SAMS_VAE,effect_top200_rmse,Native61_Public_SelectedSupport_RawRMSE,0.1,0.05,20261002,0.5186768183415122,0.06637398499288512,0.6275481232917419,2.5333333333333337,0.6333333333333334,0.1781196581196581,0.821880341880342,0.07250517304528084
SAMS_VAE,effect_top200_rmse,Native61_Public_SelectedSupport_RawRMSE,0.1,0.1,20260930,0.579889345873922,0.06640020034634374,0.6271482835862152,4.433333333333333,0.5821428571428571,0.31162393162393165,0.6883760683760685,0.07168462315373511
SAMS_VAE,effect_top200_rmse,Native61_Public_SelectedSupport_RawRMSE,0.1,0.1,20261001,0.6058054439273717,0.06640932476840573,0.634177357336255,4.533333333333333,0.5958333333333334,0.318974358974359,0.6810256410256411,0.07159419751627145
SAMS_VAE,effect_top200_rmse,Native61_Public_SelectedSupport_RawRMSE,0.1,0.1,20261002,0.5703381273990903,0.06637398499288512,0.6275481232917419,4.4,0.5773809523809523,0.3090598290598291,0.690940170940171,0.07171699509990623
SAMS_VAE,effect_top200_rmse,Native61_Public_SelectedSupport_RawRMSE,0.1,0.2,20260930,0.6571911620372488,0.06640020034634374,0.6271482835862152,7.566666666666667,0.5311111111111112,0.5311111111111112,0.4688888888888889,0.07026205079006607
SAMS_VAE,effect_top200_rmse,Native61_Public_SelectedSupport_RawRMSE,0.1,0.2,20261001,0.6601214758739389,0.06640932476840573,0.634177357336255,7.7,0.5410256410256411,0.5410256410256411,0.45897435897435895,0.07024664375069123
SAMS_VAE,effect_top200_rmse,Native61_Public_SelectedSupport_RawRMSE,0.1,0.2,20261002,0.656408623405248,0.06637398499288512,0.6275481232917419,7.7,0.5403418803418804,0.5403418803418804,0.45965811965811965,0.07026578029415684
SAMS_VAE,effect_top200_rmse,Native61_Public_SelectedSupport_RawRMSE,0.1,0.3,20260930,0.6710665030005774,0.06640020034634374,0.6271482835862152,9.7,0.4513348588863463,0.6798290598290598,0.32017094017094017,0.06905485692485717
SAMS_VAE,effect_top200_rmse,Native61_Public_SelectedSupport_RawRMSE,0.1,0.3,20261001,0.6579393481999467,0.06640932476840573,0.634177357336255,9.6,0.4469870327993897,0.6731623931623931,0.3268376068376068,0.06914391168154965
SAMS_VAE,effect_top200_rmse,Native61_Public_SelectedSupport_RawRMSE,0.1,0.3,20261002,0.6753336524919459,0.06637398499288512,0.6275481232917419,9.833333333333332,0.45774218154080853,0.6894017094017093,0.3105982905982906,0.0690221262099789
SAMS_VAE,effect_top200_rmse,Native61_Public_SelectedSupport_RawRMSE,0.25,0.05,20260930,0.7206741860261154,0.06519312870183554,0.7430027194089454,3.4,0.85,0.24034188034188037,0.7596581196581196,0.07202288090316247
SAMS_VAE,effect_top200_rmse,Native61_Public_SelectedSupport_RawRMSE,0.25,0.05,20261001,0.727120197400654,0.0650949446928904,0.748860047013546,3.4,0.85,0.24034188034188037,0.7596581196581196,0.0720120839319309
SAMS_VAE,effect_top200_rmse,Native61_Public_SelectedSupport_RawRMSE,0.25,0.05,20261002,0.7412092693404941,0.06525669501979867,0.7365165937232738,3.4666666666666663,0.8666666666666666,0.24410256410256412,0.7558974358974359,0.07197879155652309
SAMS_VAE,effect_top200_rmse,Native61_Public_SelectedSupport_RawRMSE,0.25,0.1,20260930,0.7665394609037065,0.06519312870183554,0.7430027194089454,5.466666666666667,0.7196428571428573,0.38529914529914533,0.6147008547008548,0.07102683069187986
SAMS_VAE,effect_top200_rmse,Native61_Public_SelectedSupport_RawRMSE,0.25,0.1,20261001,0.7720974536332571,0.0650949446928904,0.748860047013546,5.733333333333333,0.7541666666666667,0.40376068376068375,0.5962393162393163,0.07100781803464112
SAMS_VAE,effect_top200_rmse,Native61_Public_SelectedSupport_RawRMSE,0.25,0.1,20261002,0.7562475540959129,0.06525669501979867,0.7365165937232738,5.5,0.7255952380952382,0.3885470085470085,0.6114529914529915,0.07106567803557957
SAMS_VAE,effect_top200_rmse,Native61_Public_SelectedSupport_RawRMSE,0.25,0.2,20260930,0.787847642695749,0.06519312870183554,0.7430027194089454,8.766666666666667,0.6162393162393163,0.6162393162393163,0.3837606837606838,0.06957294628160392
SAMS_VAE,effect_top200_rmse,Native61_Public_SelectedSupport_RawRMSE,0.25,0.2,20261001,0.7858322203089085,0.0650949446928904,0.748860047013546,8.766666666666667,0.6162393162393162,0.6162393162393162,0.3837606837606838,0.06958344649904233
SAMS_VAE,effect_top200_rmse,Native61_Public_SelectedSupport_RawRMSE,0.25,0.2,20261002,0.7866361670197431,0.06525669501979867,0.7365165937232738,8.766666666666666,0.6155555555555555,0.6155555555555555,0.3844444444444445,0.06957848051521812
SAMS_VAE,effect_top200_rmse,Native61_Public_SelectedSupport_RawRMSE,0.25,0.3,20260930,0.7944059178761329,0.06519312870183554,0.7430027194089454,11.133333333333333,0.5173150266971778,0.7794871794871795,0.22051282051282053,0.06818966864665801
SAMS_VAE,effect_top200_rmse,Native61_Public_SelectedSupport_RawRMSE,0.25,0.3,20261001,0.8030284725662235,0.0650949446928904,0.748860047013546,11.1,0.5164759725400458,0.7779487179487179,0.22205128205128205,0.06812981287994962
SAMS_VAE,effect_top200_rmse,Native61_Public_SelectedSupport_RawRMSE,0.25,0.3,20261002,0.7816507878892228,0.06525669501979867,0.7365165937232738,10.766666666666666,0.501067887109077,0.7547008547008547,0.24529914529914532,0.06828138649921603
SAMS_VAE,effect_top200_rmse,Native61_Public_SelectedSupport_RawRMSE,0.5,0.05,20260930,0.7522690970105118,0.06474260210043942,0.7702821849280688,3.5333333333333337,0.8833333333333334,0.24923076923076923,0.7507692307692307,0.07195502273036089
SAMS_VAE,effect_top200_rmse,Native61_Public_SelectedSupport_RawRMSE,0.5,0.05,20261001,0.7533976323376473,0.06477543559427963,0.7693995816724495,3.5666666666666664,0.8916666666666666,0.25145299145299144,0.7485470085470085,0.07195395157314742
SAMS_VAE,effect_top200_rmse,Native61_Public_SelectedSupport_RawRMSE,0.5,0.05,20261002,0.7590311758819913,0.0648296414829955,0.7666179284147775,3.6333333333333337,0.9083333333333334,0.2558974358974359,0.7441025641025641,0.07193984329349776
SAMS_VAE,effect_top200_rmse,Native61_Public_SelectedSupport_RawRMSE,0.5,0.1,20260930,0.7851360152502239,0.06474260210043942,0.7702821849280688,5.866666666666666,0.7726190476190476,0.41367521367521365,0.5863247863247864,0.07096271458358691
SAMS_VAE,effect_top200_rmse,Native61_Public_SelectedSupport_RawRMSE,0.5,0.1,20261001,0.7963840619969847,0.06477543559427963,0.7693995816724495,5.833333333333334,0.7672619047619047,0.4107692307692307,0.5892307692307692,0.07092096266855631
SAMS_VAE,effect_top200_rmse,Native61_Public_SelectedSupport_RawRMSE,0.5,0.1,20261002,0.7861040845463017,0.0648296414829955,0.7666179284147775,5.633333333333334,0.7410714285714286,0.3967521367521367,0.6032478632478633,0.0709575532983211
SAMS_VAE,effect_top200_rmse,Native61_Public_SelectedSupport_RawRMSE,0.5,0.2,20260930,0.8049585359202581,0.06474260210043942,0.7702821849280688,8.8,0.6191452991452991,0.6191452991452991,0.38085470085470086,0.06948123969563084
SAMS_VAE,effect_top200_rmse,Native61_Public_SelectedSupport_RawRMSE,0.5,0.2,20261001,0.8070422121274603,0.06477543559427963,0.7693995816724495,8.833333333333332,0.6217094017094017,0.6217094017094017,0.3782905982905983,0.06947061506586913
SAMS_VAE,effect_top200_rmse,Native61_Public_SelectedSupport_RawRMSE,0.5,0.2,20261002,0.8062805703321123,0.0648296414829955,0.7666179284147775,8.766666666666667,0.6172649572649572,0.6172649572649572,0.3827350427350428,0.06947472430651808
SAMS_VAE,effect_top200_rmse,Native61_Public_SelectedSupport_RawRMSE,0.5,0.3,20260930,0.7997316464366364,0.06474260210043942,0.7702821849280688,10.966666666666667,0.5100686498855835,0.7683760683760683,0.23162393162393163,0.06815212958386302
SAMS_VAE,effect_top200_rmse,Native61_Public_SelectedSupport_RawRMSE,0.5,0.3,20261001,0.8057458247947507,0.06477543559427963,0.7693995816724495,11.033333333333333,0.5129672006102213,0.7728205128205128,0.22717948717948716,0.06810968797190216
SAMS_VAE,effect_top200_rmse,Native61_Public_SelectedSupport_RawRMSE,0.5,0.3,20261002,0.8060426476612343,0.0648296414829955,0.7666179284147775,11.1,0.5158657513348588,0.7772649572649573,0.22273504273504274,0.0681059778470344
SAMS_VAE,effect_top200_rmse,Native61_Public_SelectedSupport_RawRMSE,0.75,0.05,20260930,0.7891166120018109,0.06453870646649063,0.7922589239774362,3.6333333333333337,0.9083333333333334,0.2558974358974359,0.7441025641025641,0.07187101612428533
SAMS_VAE,effect_top200_rmse,Native61_Public_SelectedSupport_RawRMSE,0.75,0.05,20261001,0.8102840757596713,0.06453991093374183,0.7923261666605155,3.6666666666666665,0.9166666666666666,0.25811965811965815,0.7418803418803419,0.07182518453097128
SAMS_VAE,effect_top200_rmse,Native61_Public_SelectedSupport_RawRMSE,0.75,0.05,20261002,0.8428132201210579,0.06451249503869019,0.7919154960673032,3.8,0.95,0.26700854700854704,0.7329914529914531,0.07175006653147693
SAMS_VAE,effect_top200_rmse,Native61_Public_SelectedSupport_RawRMSE,0.75,0.1,20260930,0.81105750258114,0.06453870646649063,0.7922589239774362,5.9,0.7755952380952381,0.41521367521367525,0.5847863247863248,0.07086905111459388
SAMS_VAE,effect_top200_rmse,Native61_Public_SelectedSupport_RawRMSE,0.75,0.1,20261001,0.8518085958571664,0.06453991093374183,0.7923261666605155,6.2,0.8130952380952381,0.43521367521367516,0.5647863247863248,0.07072241451289582
SAMS_VAE,effect_top200_rmse,Native61_Public_SelectedSupport_RawRMSE,0.75,0.1,20261002,0.8289187786199482,0.06451249503869019,0.7919154960673032,6.066666666666666,0.7970238095238095,0.42666666666666664,0.5733333333333334,0.07080562037123313
SAMS_VAE,effect_top200_rmse,Native61_Public_SelectedSupport_RawRMSE,0.75,0.2,20260930,0.8154988092832574,0.06453870646649063,0.7922589239774362,8.966666666666667,0.6305982905982905,0.6305982905982905,0.3694017094017094,0.06942456424857879
SAMS_VAE,effect_top200_rmse,Native61_Public_SelectedSupport_RawRMSE,0.75,0.2,20261001,0.8271428985972811,0.06453991093374183,0.7923261666605155,9.333333333333332,0.6564102564102564,0.6564102564102564,0.3435897435897436,0.06936324217364645
SAMS_VAE,effect_top200_rmse,Native61_Public_SelectedSupport_RawRMSE,0.75,0.2,20261002,0.8254692209640684,0.06451249503869019,0.7919154960673032,9.266666666666667,0.650940170940171,0.650940170940171,0.3490598290598291,0.06937171423430641
SAMS_VAE,effect_top200_rmse,Native61_Public_SelectedSupport_RawRMSE,0.75,0.3,20260930,0.8347819844665084,0.06453870646649063,0.7922589239774362,11.366666666666667,0.527765064836003,0.7953846153846154,0.2046153846153846,0.06790305361158641
SAMS_VAE,effect_top200_rmse,Native61_Public_SelectedSupport_RawRMSE,0.75,0.3,20261001,0.8154500786951745,0.06453991093374183,0.7923261666605155,11.133333333333333,0.5176201372997712,0.7798290598290598,0.2201709401709402,0.06804078252167368
SAMS_VAE,effect_top200_rmse,Native61_Public_SelectedSupport_RawRMSE,0.75,0.3,20261002,0.8214295433410921,0.06451249503869019,0.7919154960673032,11.233333333333333,0.5219679633867277,0.7864957264957264,0.2135042735042735,0.06799832650529783
SAMS_VAE,effect_top200_rmse,Native61_Public_SelectedSupport_RawRMSE,1.0,0.05,20260930,0.9218132488642509,0.06451464528275482,0.796768908305905,4.0,1.0,0.28034188034188035,0.7196581196581198,0.07156847648142811
SAMS_VAE,effect_top200_rmse,Native61_Public_SelectedSupport_RawRMSE,1.0,0.05,20261001,0.8984376002826551,0.06448463616831086,0.7986540077866217,4.0,1.0,0.28034188034188035,0.7196581196581198,0.07161857449854406
SAMS_VAE,effect_top200_rmse,Native61_Public_SelectedSupport_RawRMSE,1.0,0.05,20261002,0.9283885370848676,0.06446413932184429,0.7995135814025794,4.0,1.0,0.28034188034188035,0.7196581196581198,0.07155171245664449
SAMS_VAE,effect_top200_rmse,Native61_Public_SelectedSupport_RawRMSE,1.0,0.1,20260930,0.8163700350739642,0.06451464528275482,0.796768908305905,6.333333333333333,0.8333333333333334,0.4461538461538462,0.5538461538461538,0.07085009459025411
SAMS_VAE,effect_top200_rmse,Native61_Public_SelectedSupport_RawRMSE,1.0,0.1,20261001,0.8285613728191988,0.06448463616831086,0.7986540077866217,6.0,0.7916666666666666,0.4239316239316239,0.5760683760683761,0.07081049516090551
SAMS_VAE,effect_top200_rmse,Native61_Public_SelectedSupport_RawRMSE,1.0,0.1,20261002,0.8487476740326869,0.06446413932184429,0.7995135814025794,6.0,0.7857142857142857,0.4205128205128205,0.5794871794871795,0.07073421968227377
SAMS_VAE,effect_top200_rmse,Native61_Public_SelectedSupport_RawRMSE,1.0,0.2,20260930,0.8252136014592445,0.06451464528275482,0.796768908305905,9.0,0.6341880341880342,0.6341880341880342,0.36581196581196584,0.06937360671786931
SAMS_VAE,effect_top200_rmse,Native61_Public_SelectedSupport_RawRMSE,1.0,0.2,20261001,0.8311512809642403,0.06448463616831086,0.7986540077866217,9.333333333333334,0.6564102564102564,0.6564102564102564,0.34358974358974353,0.0693404744279802
SAMS_VAE,effect_top200_rmse,Native61_Public_SelectedSupport_RawRMSE,1.0,0.2,20261002,0.8154423559449929,0.06446413932184429,0.7995135814025794,9.0,0.6341880341880342,0.6341880341880342,0.36581196581196584,0.06942601462731507
SAMS_VAE,effect_top200_rmse,Native61_Public_SelectedSupport_RawRMSE,1.0,0.3,20260930,0.8375356074424373,0.06451464528275482,0.796768908305905,11.666666666666666,0.5408085430968727,0.8153846153846155,0.18461538461538463,0.06788214106592344
SAMS_VAE,effect_top200_rmse,Native61_Public_SelectedSupport_RawRMSE,1.0,0.3,20261001,0.8505923192748105,0.06448463616831086,0.7986540077866217,11.666666666666666,0.5408085430968727,0.8153846153846155,0.18461538461538463,0.0677895198007
SAMS_VAE,effect_top200_rmse,Native61_Public_SelectedSupport_RawRMSE,1.0,0.3,20261002,0.8236270694470529,0.06446413932184429,0.7995135814025794,10.666666666666666,0.4973302822273074,0.7487179487179487,0.2512820512820513,0.06798813187440113
SAMS_VAE,effect_top200_rmse,Native61_SelectedSupport_RawRMSE,0.1,0.05,20260930,0.29688513188993154,0.07071141249131775,0.22339432727276062,1.8333333333333335,0.45833333333333337,0.12735042735042734,0.8726495726495728,0.07303963482234507
SAMS_VAE,effect_top200_rmse,Native61_SelectedSupport_RawRMSE,0.1,0.05,20261001,0.24792922353734395,0.07123530019625043,0.21237654975740566,1.7333333333333336,0.4333333333333334,0.12102564102564102,0.878974358974359,0.07315177215263433
SAMS_VAE,effect_top200_rmse,Native61_SelectedSupport_RawRMSE,0.1,0.05,20261002,0.23780683146401893,0.07100462386952221,0.22015826704847913,1.6666666666666667,0.4166666666666667,0.11658119658119656,0.8834188034188035,0.07317310201680947
SAMS_VAE,effect_top200_rmse,Native61_SelectedSupport_RawRMSE,0.1,0.1,20260930,0.2501811374328845,0.07071141249131775,0.22339432727276062,2.966666666666667,0.3863095238095238,0.20666666666666664,0.7933333333333333,0.07284362560111875
SAMS_VAE,effect_top200_rmse,Native61_SelectedSupport_RawRMSE,0.1,0.1,20261001,0.2477894391146817,0.07123530019625043,0.21237654975740566,2.933333333333333,0.3821428571428572,0.20444444444444443,0.7955555555555556,0.07285246360246175
SAMS_VAE,effect_top200_rmse,Native61_SelectedSupport_RawRMSE,0.1,0.1,20261002,0.22678671479114768,0.07100462386952221,0.22015826704847913,2.7333333333333334,0.3559523809523809,0.19042735042735043,0.8095726495726495,0.07292553207478679
SAMS_VAE,effect_top200_rmse,Native61_SelectedSupport_RawRMSE,0.1,0.2,20260930,0.25179351318254994,0.07071141249131775,0.22339432727276062,4.766666666666667,0.33350427350427353,0.33350427350427353,0.6664957264957265,0.07239897729006775
SAMS_VAE,effect_top200_rmse,Native61_SelectedSupport_RawRMSE,0.1,0.2,20261001,0.2431925465330894,0.07123530019625043,0.21237654975740566,4.833333333333334,0.33794871794871795,0.33794871794871795,0.662051282051282,0.07244148691941518
SAMS_VAE,effect_top200_rmse,Native61_SelectedSupport_RawRMSE,0.1,0.2,20261002,0.2417428754073992,0.07100462386952221,0.22015826704847913,4.7333333333333325,0.3305982905982906,0.3305982905982906,0.6694017094017094,0.07244750086706982
SAMS_VAE,effect_top200_rmse,Native61_SelectedSupport_RawRMSE,0.1,0.3,20260930,0.22565303490661814,0.07071141249131775,0.22339432727276062,6.333333333333334,0.29397406559877953,0.4430769230769231,0.5569230769230769,0.07215372536419454
SAMS_VAE,effect_top200_rmse,Native61_SelectedSupport_RawRMSE,0.1,0.3,20261001,0.21209851623530826,0.07123530019625043,0.21237654975740566,6.3,0.2922196796338673,0.44051282051282054,0.5594871794871794,0.07224305131140847
SAMS_VAE,effect_top200_rmse,Native61_SelectedSupport_RawRMSE,0.1,0.3,20261002,0.23732471053209067,0.07100462386952221,0.22015826704847913,6.366666666666666,0.295118230358505,0.44495726495726495,0.5550427350427352,0.07206857086678595
SAMS_VAE,effect_top200_rmse,Native61_SelectedSupport_RawRMSE,0.25,0.05,20260930,0.6716514328115842,0.06598530155583907,0.6616632284348113,3.3,0.825,0.23299145299145302,0.767008547008547,0.07215207494831592
SAMS_VAE,effect_top200_rmse,Native61_SelectedSupport_RawRMSE,0.25,0.05,20261001,0.6682100481959182,0.06619227138394024,0.6408450703543442,3.166666666666667,0.7916666666666667,0.22444444444444445,0.7755555555555556,0.07215965343699252
SAMS_VAE,effect_top200_rmse,Native61_SelectedSupport_RawRMSE,0.25,0.05,20261002,0.7284357630836545,0.0661057302541731,0.6490322993412279,3.3,0.825,0.23264957264957267,0.7673504273504274,0.07201726167755082
SAMS_VAE,effect_top200_rmse,Native61_SelectedSupport_RawRMSE,0.25,0.1,20260930,0.7390086614622793,0.06598530155583907,0.6616632284348113,5.5,0.7255952380952382,0.3885470085470085,0.6114529914529915,0.07112562700913623
SAMS_VAE,effect_top200_rmse,Native61_SelectedSupport_RawRMSE,0.25,0.1,20261001,0.7420767348150342,0.06619227138394024,0.6408450703543442,5.566666666666666,0.7345238095238095,0.39333333333333337,0.6066666666666667,0.07111386524020664
SAMS_VAE,effect_top200_rmse,Native61_SelectedSupport_RawRMSE,0.25,0.1,20261002,0.7268373089578374,0.0661057302541731,0.6490322993412279,5.4,0.7089285714285715,0.37948717948717947,0.6205128205128205,0.07116360673799507
SAMS_VAE,effect_top200_rmse,Native61_SelectedSupport_RawRMSE,0.25,0.2,20260930,0.7184803940426769,0.06598530155583907,0.6616632284348113,8.133333333333333,0.5712820512820513,0.5712820512820513,0.4287179487179487,0.06993597064745774
SAMS_VAE,effect_top200_rmse,Native61_SelectedSupport_RawRMSE,0.25,0.2,20261001,0.7092233355706454,0.06619227138394024,0.6408450703543442,7.933333333333333,0.5579487179487179,0.5579487179487179,0.4420512820512821,0.06998693491379208
SAMS_VAE,effect_top200_rmse,Native61_SelectedSupport_RawRMSE,0.25,0.2,20261002,0.71105558507152,0.0661057302541731,0.6490322993412279,8.066666666666666,0.5664957264957264,0.5664957264957264,0.43350427350427345,0.06997628275213318
SAMS_VAE,effect_top200_rmse,Native61_SelectedSupport_RawRMSE,0.25,0.3,20260930,0.6985785779267739,0.06598530155583907,0.6616632284348113,9.733333333333334,0.45186880244088484,0.681025641025641,0.318974358974359,0.0688534042643508
SAMS_VAE,effect_top200_rmse,Native61_SelectedSupport_RawRMSE,0.25,0.3,20261001,0.6976073746433091,0.06619227138394024,0.6408450703543442,9.733333333333334,0.4509534706331045,0.68,0.32,0.06885592025870597
SAMS_VAE,effect_top200_rmse,Native61_SelectedSupport_RawRMSE,0.25,0.3,20261002,0.6924921335316883,0.0661057302541731,0.6490322993412279,9.8,0.4547673531655225,0.6854700854700855,0.3145299145299146,0.0688957170428158
SAMS_VAE,effect_top200_rmse,Native61_SelectedSupport_RawRMSE,0.5,0.05,20260930,0.815869769535776,0.06484559347321361,0.7620954810162196,3.6,0.9,0.25367521367521373,0.7463247863247864,0.07180868691246561
SAMS_VAE,effect_top200_rmse,Native61_SelectedSupport_RawRMSE,0.5,0.05,20261001,0.8185501647689923,0.06497539628627833,0.7474716035005764,3.6333333333333337,0.9083333333333334,0.2555555555555556,0.7444444444444445,0.07180387456389899
SAMS_VAE,effect_top200_rmse,Native61_SelectedSupport_RawRMSE,0.5,0.05,20261002,0.8105837894978698,0.06505900356052048,0.7416456043053276,3.5666666666666664,0.8916666666666666,0.2511111111111111,0.7488888888888889,0.07182079591669896
SAMS_VAE,effect_top200_rmse,Native61_SelectedSupport_RawRMSE,0.5,0.1,20260930,0.8082677316990544,0.06484559347321361,0.7620954810162196,5.7,0.75,0.4015384615384615,0.5984615384615385,0.07088111317460868
SAMS_VAE,effect_top200_rmse,Native61_SelectedSupport_RawRMSE,0.5,0.1,20261001,0.7882047869556795,0.06497539628627833,0.7474716035005764,5.666666666666667,0.7452380952380953,0.39897435897435896,0.601025641025641,0.07095118574068862
SAMS_VAE,effect_top200_rmse,Native61_SelectedSupport_RawRMSE,0.5,0.1,20261002,0.8076576529024562,0.06505900356052048,0.7416456043053276,5.7666666666666675,0.7577380952380952,0.4056410256410256,0.5943589743589743,0.07088243957233145
SAMS_VAE,effect_top200_rmse,Native61_SelectedSupport_RawRMSE,0.5,0.2,20260930,0.7662835723466888,0.06484559347321361,0.7620954810162196,8.233333333333334,0.5796581196581196,0.5796581196581196,0.42034188034188036,0.06968786502065959
SAMS_VAE,effect_top200_rmse,Native61_SelectedSupport_RawRMSE,0.5,0.2,20261001,0.7766642542017961,0.06497539628627833,0.7474716035005764,8.333333333333332,0.5863247863247864,0.5863247863247864,0.4136752136752137,0.0696315555603718
SAMS_VAE,effect_top200_rmse,Native61_SelectedSupport_RawRMSE,0.5,0.2,20261002,0.7771442383200231,0.06505900356052048,0.7416456043053276,8.3,0.5841025641025641,0.5841025641025641,0.41589743589743583,0.06962914488950155
SAMS_VAE,effect_top200_rmse,Native61_SelectedSupport_RawRMSE,0.5,0.3,20260930,0.8143587285167125,0.06484559347321361,0.7620954810162196,11.033333333333333,0.5105263157894736,0.7700854700854701,0.2299145299145299,0.06804414517640876
SAMS_VAE,effect_top200_rmse,Native61_SelectedSupport_RawRMSE,0.5,0.3,20261001,0.7853499686320375,0.06497539628627833,0.7474716035005764,10.433333333333334,0.4835240274599542,0.729059829059829,0.270940170940171,0.0682495683421657
SAMS_VAE,effect_top200_rmse,Native61_SelectedSupport_RawRMSE,0.5,0.3,20261002,0.7899760672076065,0.06505900356052048,0.7416456043053276,10.533333333333333,0.488787185354691,0.7367521367521368,0.26324786324786326,0.0682194612114556
SAMS_VAE,effect_top200_rmse,Native61_SelectedSupport_RawRMSE,0.75,0.05,20260930,0.8478421300633,0.0646734807592457,0.7770629084512466,3.6666666666666665,0.9166666666666666,0.25811965811965815,0.7418803418803419,0.07173512256231995
SAMS_VAE,effect_top200_rmse,Native61_SelectedSupport_RawRMSE,0.75,0.05,20261001,0.831031979084585,0.0647595041826021,0.7656833581814249,3.633333333333333,0.9083333333333332,0.2558974358974359,0.7441025641025641,0.07177396601800887
SAMS_VAE,effect_top200_rmse,Native61_SelectedSupport_RawRMSE,0.75,0.05,20261002,0.8352476794432423,0.06473130614580655,0.7710379992228463,3.6333333333333337,0.9083333333333334,0.2558974358974359,0.7441025641025641,0.07176566992718007
SAMS_VAE,effect_top200_rmse,Native61_SelectedSupport_RawRMSE,0.75,0.1,20260930,0.8149558333576478,0.0646734807592457,0.7770629084512466,6.033333333333333,0.7928571428571429,0.42444444444444446,0.5755555555555556,0.07085663208375019
SAMS_VAE,effect_top200_rmse,Native61_SelectedSupport_RawRMSE,0.75,0.1,20261001,0.805092981259963,0.0647595041826021,0.7656833581814249,5.6,0.736904761904762,0.39452991452991454,0.6054700854700854,0.07089195398338623
SAMS_VAE,effect_top200_rmse,Native61_SelectedSupport_RawRMSE,0.75,0.1,20261002,0.8318524016599718,0.06473130614580655,0.7710379992228463,5.9,0.7755952380952381,0.41521367521367525,0.5847863247863248,0.07079560139493217
SAMS_VAE,effect_top200_rmse,Native61_SelectedSupport_RawRMSE,0.75,0.2,20260930,0.7935702919190801,0.0646734807592457,0.7770629084512466,8.5,0.5977777777777777,0.5977777777777777,0.4022222222222222,0.0695421012170376
SAMS_VAE,effect_top200_rmse,Native61_SelectedSupport_RawRMSE,0.75,0.2,20261001,0.7828431027998023,0.0647595041826021,0.7656833581814249,8.266666666666667,0.5818803418803419,0.5818803418803419,0.4181196581196581,0.06959867540308441
SAMS_VAE,effect_top200_rmse,Native61_SelectedSupport_RawRMSE,0.75,0.2,20261002,0.7817567744374508,0.06473130614580655,0.7710379992228463,8.2,0.5774358974358974,0.5774358974358974,0.4225641025641026,0.0696047796597836
SAMS_VAE,effect_top200_rmse,Native61_SelectedSupport_RawRMSE,0.75,0.3,20260930,0.824072640505497,0.0646734807592457,0.7770629084512466,11.166666666666668,0.5166285278413424,0.7793162393162393,0.22068376068376067,0.06797832183530475
SAMS_VAE,effect_top200_rmse,Native61_SelectedSupport_RawRMSE,0.75,0.3,20261001,0.81582317871216,0.0647595041826021,0.7656833581814249,11.066666666666666,0.511670480549199,0.7719658119658119,0.228034188034188,0.06803711213264327
SAMS_VAE,effect_top200_rmse,Native61_SelectedSupport_RawRMSE,0.75,0.3,20261002,0.8149309768273405,0.06473130614580655,0.7710379992228463,10.8,0.49946605644546144,0.7535042735042735,0.2464957264957265,0.0680401380140848
SAMS_VAE,effect_top200_rmse,Native61_SelectedSupport_RawRMSE,1.0,0.05,20260930,0.9283885370848678,0.06452974357408577,0.7865072341702687,4.0,1.0,0.28034188034188035,0.7196581196581198,0.07155171245664449
SAMS_VAE,effect_top200_rmse,Native61_SelectedSupport_RawRMSE,1.0,0.05,20261001,0.8988643946810368,0.06458075604850684,0.7757440279572346,3.6666666666666665,0.9166666666666666,0.25811965811965815,0.7418803418803419,0.07161931157339939
SAMS_VAE,effect_top200_rmse,Native61_SelectedSupport_RawRMSE,1.0,0.05,20261002,0.8988643946810368,0.06474769683627846,0.7609278335936299,3.6666666666666665,0.9166666666666666,0.25811965811965815,0.7418803418803419,0.07161931157339939
SAMS_VAE,effect_top200_rmse,Native61_SelectedSupport_RawRMSE,1.0,0.1,20260930,0.8712522028504225,0.06452974357408577,0.7865072341702687,6.333333333333333,0.8333333333333334,0.4461538461538462,0.5538461538461539,0.07065742012177623
SAMS_VAE,effect_top200_rmse,Native61_SelectedSupport_RawRMSE,1.0,0.1,20261001,0.8345113133917167,0.06458075604850684,0.7757440279572346,5.666666666666667,0.75,0.4017094017094017,0.5982905982905983,0.07078813307622572
SAMS_VAE,effect_top200_rmse,Native61_SelectedSupport_RawRMSE,1.0,0.1,20261002,0.8714699302313541,0.06474769683627846,0.7609278335936299,6.666666666666667,0.875,0.4683760683760683,0.5316239316239316,0.07065478342437533
SAMS_VAE,effect_top200_rmse,Native61_SelectedSupport_RawRMSE,1.0,0.2,20260930,0.8013839213784658,0.06452974357408577,0.7865072341702687,8.333333333333334,0.582905982905983,0.582905982905983,0.4170940170940171,0.06949847099769906
SAMS_VAE,effect_top200_rmse,Native61_SelectedSupport_RawRMSE,1.0,0.2,20261001,0.8175388128146878,0.06458075604850684,0.7757440279572346,9.0,0.6341880341880342,0.6341880341880342,0.36581196581196584,0.06941448765661622
SAMS_VAE,effect_top200_rmse,Native61_SelectedSupport_RawRMSE,1.0,0.2,20261002,0.777881139384387,0.06474769683627846,0.7609278335936299,8.666666666666666,0.6085470085470085,0.6085470085470085,0.39145299145299145,0.06962555824181842
SAMS_VAE,effect_top200_rmse,Native61_SelectedSupport_RawRMSE,1.0,0.3,20260930,0.8423188936448781,0.06452974357408577,0.7865072341702687,11.333333333333334,0.5232646834477498,0.7897435897435897,0.21025641025641026,0.06784636282194251
SAMS_VAE,effect_top200_rmse,Native61_SelectedSupport_RawRMSE,1.0,0.3,20261001,0.832955903022952,0.06458075604850684,0.7757440279572346,11.333333333333334,0.5232646834477498,0.7897435897435897,0.21025641025641026,0.06791087051530327
SAMS_VAE,effect_top200_rmse,Native61_SelectedSupport_RawRMSE,1.0,0.3,20261002,0.820944680931885,0.06474769683627846,0.7609278335936299,11.333333333333334,0.5232646834477498,0.7897435897435897,0.21025641025641026,0.06799525699231009
SAMS_VAE,effect_top200_rmse,PublicRule,0.0,0.05,-1,0.8443643976500915,0.0642037783001797,0.8114034241631515,4.0,1.0,0.28034188034188035,0.7196581196581198,0.07175076438756615
SAMS_VAE,effect_top200_rmse,PublicRule,0.0,0.1,-1,0.8779538927691161,0.0642037783001797,0.8114034241631515,6.666666666666667,0.875,0.4683760683760683,0.5316239316239316,0.07062937930702583
SAMS_VAE,effect_top200_rmse,PublicRule,0.0,0.2,-1,0.8408566623760647,0.0642037783001797,0.8114034241631515,9.333333333333334,0.652991452991453,0.652991452991453,0.34700854700854705,0.06928880303187142
SAMS_VAE,effect_top200_rmse,PublicRule,0.0,0.3,-1,0.8277232121164645,0.0642037783001797,0.8114034241631515,11.333333333333334,0.5263157894736842,0.7931623931623931,0.20683760683760685,0.06795390819555698
SAMS_VAE,effect_top200_rmse,SourceRisk_frozen,0.0,0.05,-1,0.6018431498937274,0.06448446469090052,0.8006108822757949,3.6666666666666665,0.9166666666666666,0.25811965811965815,0.7418803418803419,0.07229595167214291
SAMS_VAE,effect_top200_rmse,SourceRisk_frozen,0.0,0.1,-1,0.7527897710417549,0.06448446469090052,0.8006108822757949,6.333333333333333,0.8333333333333334,0.4461538461538461,0.5538461538461539,0.07107788105659707
SAMS_VAE,effect_top200_rmse,SourceRisk_frozen,0.0,0.2,-1,0.7331076293704473,0.06448446469090052,0.8006108822757949,9.0,0.6341880341880342,0.6341880341880342,0.36581196581196584,0.06986814098718573
SAMS_VAE,effect_top200_rmse,SourceRisk_frozen,0.0,0.3,-1,0.7643426631570307,0.06448446469090052,0.8006108822757949,11.666666666666666,0.5408085430968727,0.8153846153846155,0.1846153846153846,0.068400032550217
SAMS_VAE,pearson_error,HistorySupport,0.0,0.05,-1,0.4684974702955698,0.7127365331795176,0.27796548023575285,2.6666666666666665,0.6666666666666666,0.18803418803418803,0.8119658119658121,0.7325544791220849
SAMS_VAE,pearson_error,HistorySupport,0.0,0.1,-1,0.36111058568071885,0.7127365331795176,0.27796548023575285,3.0,0.39285714285714285,0.21025641025641026,0.7897435897435897,0.731059601576001
SAMS_VAE,pearson_error,HistorySupport,0.0,0.2,-1,0.3376180422864448,0.7127365331795176,0.27796548023575285,5.333333333333333,0.37264957264957266,0.37264957264957266,0.6273504273504273,0.7266466410476496
SAMS_VAE,pearson_error,HistorySupport,0.0,0.3,-1,0.2747838855740894,0.7127365331795176,0.27796548023575285,6.333333333333333,0.2936689549961861,0.44273504273504277,0.5572649572649572,0.7249747224214597
SAMS_VAE,pearson_error,HistorySupport_selected,0.0,0.05,-1,0.4881274435271628,0.7082863286974833,0.32719102353271984,2.6666666666666665,0.6666666666666666,0.18803418803418803,0.8119658119658121,0.7327452515995939
SAMS_VAE,pearson_error,HistorySupport_selected,0.0,0.1,-1,0.5322136788549777,0.7082863286974833,0.32719102353271984,4.333333333333333,0.5595238095238095,0.29914529914529914,0.7008547008547009,0.7276058332899432
SAMS_VAE,pearson_error,HistorySupport_selected,0.0,0.2,-1,0.36223270262932283,0.7082863286974833,0.32719102353271984,5.0,0.34700854700854705,0.34700854700854705,0.652991452991453,0.7256489267635161
SAMS_VAE,pearson_error,HistorySupport_selected,0.0,0.3,-1,0.27840197158436025,0.7082863286974833,0.32719102353271984,6.333333333333333,0.2936689549961861,0.44273504273504277,0.5572649572649572,0.7247989629648934
SAMS_VAE,pearson_error,Magnitude,0.0,0.05,-1,0.08279889974892479,0.7384077948627109,0.012199750497393363,1.3333333333333333,0.3333333333333333,0.08888888888888889,0.9111111111111111,0.7381824031945302
SAMS_VAE,pearson_error,Magnitude,0.0,0.1,-1,0.10786647755671185,0.7384077948627109,0.012199750497393363,2.3333333333333335,0.2976190476190476,0.15897435897435896,0.841025641025641,0.7362338930084246
SAMS_VAE,pearson_error,Magnitude,0.0,0.2,-1,0.08312218053781821,0.7384077948627109,0.012199750497393363,4.333333333333333,0.3025641025641026,0.3025641025641026,0.6974358974358975,0.735310104214022
SAMS_VAE,pearson_error,Magnitude,0.0,0.3,-1,0.11577253147107823,0.7384077948627109,0.012199750497393363,6.333333333333333,0.2936689549961861,0.4427350427350427,0.5572649572649573,0.7324884624674372
SAMS_VAE,pearson_error,Native61_Public_SelectedSupport_RawRMSE,0.1,0.05,20260930,0.2750321107443705,0.7138248790947427,0.2805767898458231,1.7,0.425,0.1188034188034188,0.8811965811965813,0.7356564456961039
SAMS_VAE,pearson_error,Native61_Public_SelectedSupport_RawRMSE,0.1,0.05,20261001,0.26083634045106974,0.713292194130785,0.2951956908886433,1.6333333333333333,0.4083333333333333,0.1147008547008547,0.8852991452991453,0.7357170181421461
SAMS_VAE,pearson_error,Native61_Public_SelectedSupport_RawRMSE,0.1,0.05,20261002,0.26118131951549683,0.7121361998988367,0.2917832234052784,1.6333333333333335,0.4083333333333334,0.11367521367521367,0.8863247863247864,0.7358429096359113
SAMS_VAE,pearson_error,Native61_Public_SelectedSupport_RawRMSE,0.1,0.1,20260930,0.2963677456036101,0.7138248790947427,0.2805767898458231,3.033333333333333,0.3946428571428572,0.2111111111111111,0.788888888888889,0.7329591679428848
SAMS_VAE,pearson_error,Native61_Public_SelectedSupport_RawRMSE,0.1,0.1,20261001,0.33799266231807057,0.713292194130785,0.2951956908886433,3.1,0.4017857142857143,0.21487179487179486,0.7851282051282051,0.7320371996375398
SAMS_VAE,pearson_error,Native61_Public_SelectedSupport_RawRMSE,0.1,0.1,20261002,0.31252734251169867,0.7121361998988367,0.2917832234052784,3.1333333333333337,0.40654761904761905,0.21743589743589742,0.7825641025641026,0.7327204248708474
SAMS_VAE,pearson_error,Native61_Public_SelectedSupport_RawRMSE,0.1,0.2,20260930,0.3121196210775528,0.7138248790947427,0.2805767898458231,5.033333333333333,0.34923076923076923,0.34923076923076923,0.6507692307692308,0.7279334802214892
SAMS_VAE,pearson_error,Native61_Public_SelectedSupport_RawRMSE,0.1,0.2,20261001,0.3204420150829636,0.713292194130785,0.2951956908886433,5.0,0.34632478632478636,0.34632478632478636,0.6536752136752136,0.727625152585656
SAMS_VAE,pearson_error,Native61_Public_SelectedSupport_RawRMSE,0.1,0.2,20261002,0.29224889313683383,0.7121361998988367,0.2917832234052784,4.6,0.3193162393162393,0.3193162393162393,0.6806837606837608,0.7285286009751095
SAMS_VAE,pearson_error,Native61_Public_SelectedSupport_RawRMSE,0.1,0.3,20260930,0.2800993706753935,0.7138248790947427,0.2805767898458231,6.466666666666667,0.297025171624714,0.4488888888888889,0.5511111111111111,0.7247084715967358
SAMS_VAE,pearson_error,Native61_Public_SelectedSupport_RawRMSE,0.1,0.3,20261001,0.2751651505951464,0.713292194130785,0.2951956908886433,6.666666666666667,0.30602593440122045,0.4625641025641025,0.5374358974358975,0.7250487730326276
SAMS_VAE,pearson_error,Native61_Public_SelectedSupport_RawRMSE,0.1,0.3,20261002,0.28371003972562864,0.7121361998988367,0.2917832234052784,6.566666666666667,0.30167810831426395,0.45589743589743587,0.5441025641025641,0.724566101650804
SAMS_VAE,pearson_error,Native61_Public_SelectedSupport_RawRMSE,0.25,0.05,20260930,0.39531936941231527,0.7082999821601034,0.31538149645755115,2.2666666666666666,0.5666666666666667,0.158974358974359,0.841025641025641,0.7340735775308931
SAMS_VAE,pearson_error,Native61_Public_SelectedSupport_RawRMSE,0.25,0.05,20261001,0.4075271747290056,0.7083467931586822,0.31707012208043966,2.3666666666666667,0.5916666666666667,0.165982905982906,0.8340170940170941,0.7339427037562068
SAMS_VAE,pearson_error,Native61_Public_SelectedSupport_RawRMSE,0.25,0.05,20261002,0.40204379809925295,0.7091451396603758,0.31311018668038926,2.2333333333333334,0.5583333333333333,0.1570940170940171,0.842905982905983,0.7340196768414611
SAMS_VAE,pearson_error,Native61_Public_SelectedSupport_RawRMSE,0.25,0.1,20260930,0.3864699230182348,0.7082999821601034,0.31538149645755115,3.5,0.4553571428571429,0.24358974358974356,0.7564102564102564,0.7309261566450966
SAMS_VAE,pearson_error,Native61_Public_SelectedSupport_RawRMSE,0.25,0.1,20261001,0.4041675962740515,0.7083467931586822,0.31707012208043966,3.5666666666666664,0.4630952380952381,0.24769230769230766,0.7523076923076923,0.7303886666588018
SAMS_VAE,pearson_error,Native61_Public_SelectedSupport_RawRMSE,0.25,0.1,20261002,0.3872720317941586,0.7091451396603758,0.31311018668038926,3.5666666666666664,0.4642857142857143,0.24837606837606835,0.7516239316239316,0.7308201318863873
SAMS_VAE,pearson_error,Native61_Public_SelectedSupport_RawRMSE,0.25,0.2,20260930,0.3404864541841076,0.7082999821601034,0.31538149645755115,5.033333333333333,0.3499145299145299,0.3499145299145299,0.6500854700854701,0.7268218577645957
SAMS_VAE,pearson_error,Native61_Public_SelectedSupport_RawRMSE,0.25,0.2,20261001,0.34127873945052645,0.7083467931586822,0.31707012208043966,4.933333333333334,0.3425641025641026,0.3425641025641026,0.6574358974358974,0.726694452334497
SAMS_VAE,pearson_error,Native61_Public_SelectedSupport_RawRMSE,0.25,0.2,20261002,0.3230680983564814,0.7091451396603758,0.31311018668038926,4.933333333333334,0.34290598290598295,0.34290598290598295,0.657094017094017,0.7273795138212985
SAMS_VAE,pearson_error,Native61_Public_SelectedSupport_RawRMSE,0.25,0.3,20260930,0.2972080930513218,0.7082999821601034,0.31538149645755115,6.2333333333333325,0.28718535469107553,0.43367521367521367,0.5663247863247862,0.7236647185330668
SAMS_VAE,pearson_error,Native61_Public_SelectedSupport_RawRMSE,0.25,0.3,20261001,0.31401926790029205,0.7083467931586822,0.31707012208043966,6.533333333333333,0.3002288329519451,0.4536752136752137,0.5463247863247863,0.7227360664258766
SAMS_VAE,pearson_error,Native61_Public_SelectedSupport_RawRMSE,0.25,0.3,20261002,0.28459238238944584,0.7091451396603758,0.31311018668038926,6.4,0.2938215102974828,0.4441025641025641,0.5558974358974359,0.7242977830726977
SAMS_VAE,pearson_error,Native61_Public_SelectedSupport_RawRMSE,0.5,0.05,20260930,0.4736899607894295,0.7085254220036248,0.31701720049114473,2.4333333333333336,0.6083333333333334,0.17076923076923078,0.8292307692307693,0.7331773455993937
SAMS_VAE,pearson_error,Native61_Public_SelectedSupport_RawRMSE,0.5,0.05,20261001,0.46504503414109954,0.7087608598067507,0.3201583525371813,2.433333333333333,0.6083333333333333,0.1704273504273504,0.8295726495726496,0.7332425960950076
SAMS_VAE,pearson_error,Native61_Public_SelectedSupport_RawRMSE,0.5,0.05,20261002,0.47772314975940783,0.708359048328168,0.3236331736993673,2.4,0.6,0.1682051282051282,0.8317948717948719,0.7331281846132187
SAMS_VAE,pearson_error,Native61_Public_SelectedSupport_RawRMSE,0.5,0.1,20260930,0.39493538838798503,0.7085254220036248,0.31701720049114473,3.5333333333333337,0.45952380952380956,0.2458119658119658,0.7541880341880342,0.7306945390562084
SAMS_VAE,pearson_error,Native61_Public_SelectedSupport_RawRMSE,0.5,0.1,20261001,0.4263166054945855,0.7087608598067507,0.3201583525371813,3.7666666666666666,0.48988095238095236,0.26205128205128203,0.737948717948718,0.7300066518997962
SAMS_VAE,pearson_error,Native61_Public_SelectedSupport_RawRMSE,0.5,0.1,20261002,0.41031185367777906,0.708359048328168,0.3236331736993673,3.6666666666666665,0.47738095238095235,0.2553846153846154,0.7446153846153847,0.7302929603021159
SAMS_VAE,pearson_error,Native61_Public_SelectedSupport_RawRMSE,0.5,0.2,20260930,0.3718349231385811,0.7085254220036248,0.31701720049114473,5.4,0.37538461538461537,0.37538461538461537,0.6246153846153846,0.725550051364499
SAMS_VAE,pearson_error,Native61_Public_SelectedSupport_RawRMSE,0.5,0.2,20261001,0.3459722602474823,0.7087608598067507,0.3201583525371813,5.133333333333334,0.35760683760683765,0.35760683760683765,0.6423931623931624,0.7263945087493433
SAMS_VAE,pearson_error,Native61_Public_SelectedSupport_RawRMSE,0.5,0.2,20261002,0.3483092217019507,0.708359048328168,0.3236331736993673,5.233333333333333,0.3646153846153847,0.3646153846153847,0.6353846153846153,0.7261953604613277
SAMS_VAE,pearson_error,Native61_Public_SelectedSupport_RawRMSE,0.5,0.3,20260930,0.3007100715319847,0.7085254220036248,0.31701720049114473,6.566666666666667,0.3013729977116705,0.45555555555555555,0.5444444444444445,0.7234646965528198
SAMS_VAE,pearson_error,Native61_Public_SelectedSupport_RawRMSE,0.5,0.3,20261001,0.31387811349086975,0.7087608598067507,0.3201583525371813,6.633333333333333,0.30488176964149505,0.46068376068376066,0.5393162393162394,0.7226623527268347
SAMS_VAE,pearson_error,Native61_Public_SelectedSupport_RawRMSE,0.5,0.3,20261002,0.31302575235066,0.708359048328168,0.3236331736993673,6.7333333333333325,0.30892448512585813,0.46700854700854705,0.532991452991453,0.7227139096846054
SAMS_VAE,pearson_error,Native61_Public_SelectedSupport_RawRMSE,0.75,0.05,20260930,0.5054322646033356,0.7076041129087607,0.3261133898210671,2.6,0.65,0.18222222222222223,0.8177777777777779,0.732825346023978
SAMS_VAE,pearson_error,Native61_Public_SelectedSupport_RawRMSE,0.75,0.05,20261001,0.503540248357486,0.7079706772273358,0.32782142198755854,2.533333333333333,0.6333333333333333,0.1770940170940171,0.822905982905983,0.7328958401321778
SAMS_VAE,pearson_error,Native61_Public_SelectedSupport_RawRMSE,0.75,0.05,20261002,0.5351499553135949,0.7076044595279066,0.3222863946717442,2.6333333333333333,0.6583333333333333,0.18410256410256412,0.815897435897436,0.7323871896171834
SAMS_VAE,pearson_error,Native61_Public_SelectedSupport_RawRMSE,0.75,0.1,20260930,0.45155726976334076,0.7076041129087607,0.3261133898210671,3.8,0.4928571428571429,0.2635897435897436,0.7364102564102565,0.7294081320559092
SAMS_VAE,pearson_error,Native61_Public_SelectedSupport_RawRMSE,0.75,0.1,20261001,0.45392059911761284,0.7079706772273358,0.32782142198755854,3.8666666666666663,0.5011904761904762,0.268034188034188,0.731965811965812,0.729366196664637
SAMS_VAE,pearson_error,Native61_Public_SelectedSupport_RawRMSE,0.75,0.1,20261002,0.44414571212483567,0.7076044595279066,0.3222863946717442,3.8,0.4928571428571429,0.2635897435897435,0.7364102564102565,0.7296170043087692
SAMS_VAE,pearson_error,Native61_Public_SelectedSupport_RawRMSE,0.75,0.2,20260930,0.3516686198476722,0.7076041129087607,0.3261133898210671,5.3,0.3694017094017094,0.3694017094017094,0.6305982905982905,0.7262563292270559
SAMS_VAE,pearson_error,Native61_Public_SelectedSupport_RawRMSE,0.75,0.2,20261001,0.3643223747744194,0.7079706772273358,0.32782142198755854,5.133333333333334,0.35794871794871796,0.35794871794871796,0.642051282051282,0.7256835598944995
SAMS_VAE,pearson_error,Native61_Public_SelectedSupport_RawRMSE,0.75,0.2,20261002,0.35532816124535227,0.7076044595279066,0.3222863946717442,5.233333333333333,0.364957264957265,0.364957264957265,0.635042735042735,0.7260448498177894
SAMS_VAE,pearson_error,Native61_Public_SelectedSupport_RawRMSE,0.75,0.3,20260930,0.3155004117409274,0.7076041129087607,0.3261133898210671,6.7333333333333325,0.3086193745232647,0.4666666666666666,0.5333333333333333,0.7225618330193961
SAMS_VAE,pearson_error,Native61_Public_SelectedSupport_RawRMSE,0.75,0.3,20261001,0.3061377178470817,0.7079706772273358,0.32782142198755854,6.633333333333333,0.3039664378337147,0.45965811965811965,0.5403418803418804,0.7230139792589838
SAMS_VAE,pearson_error,Native61_Public_SelectedSupport_RawRMSE,0.75,0.3,20261002,0.2889404448664073,0.7076044595279066,0.3222863946717442,6.666666666666667,0.30541571319603356,0.4618803418803418,0.5381196581196581,0.724020731948148
SAMS_VAE,pearson_error,Native61_Public_SelectedSupport_RawRMSE,1.0,0.05,20260930,0.5650246616702129,0.707330459339916,0.3211360571937181,2.6666666666666665,0.6666666666666666,0.18461538461538463,0.8153846153846155,0.7321162849539539
SAMS_VAE,pearson_error,Native61_Public_SelectedSupport_RawRMSE,1.0,0.05,20261001,0.6189071600976517,0.7071468800105359,0.33512878059683654,3.0,0.75,0.21025641025641026,0.7897435897435897,0.7313407970958318
SAMS_VAE,pearson_error,Native61_Public_SelectedSupport_RawRMSE,1.0,0.05,20261002,0.5874212124966521,0.7069715657035007,0.3299177256208561,3.0,0.75,0.21025641025641026,0.7897435897435897,0.7318231857698961
SAMS_VAE,pearson_error,Native61_Public_SelectedSupport_RawRMSE,1.0,0.1,20260930,0.41141255245962177,0.707330459339916,0.3211360571937181,3.6666666666666665,0.47619047619047616,0.2547008547008547,0.7452991452991453,0.7299538479698332
SAMS_VAE,pearson_error,Native61_Public_SelectedSupport_RawRMSE,1.0,0.1,20261001,0.43685267628620794,0.7071468800105359,0.33512878059683654,3.6666666666666665,0.47619047619047616,0.2547008547008547,0.7452991452991453,0.7297294398344524
SAMS_VAE,pearson_error,Native61_Public_SelectedSupport_RawRMSE,1.0,0.1,20261002,0.47036110244983514,0.7069715657035007,0.3299177256208561,3.6666666666666665,0.47619047619047616,0.2547008547008547,0.7452991452991453,0.7291460500369554
SAMS_VAE,pearson_error,Native61_Public_SelectedSupport_RawRMSE,1.0,0.2,20260930,0.37545563894527373,0.707330459339916,0.3211360571937181,5.333333333333333,0.37264957264957266,0.37264957264957266,0.6273504273504273,0.7253641237965219
SAMS_VAE,pearson_error,Native61_Public_SelectedSupport_RawRMSE,1.0,0.2,20261001,0.368393861249728,0.7071468800105359,0.33512878059683654,5.0,0.34700854700854705,0.34700854700854705,0.652991452991453,0.7253536802139157
SAMS_VAE,pearson_error,Native61_Public_SelectedSupport_RawRMSE,1.0,0.2,20261002,0.32758299069664926,0.7069715657035007,0.3299177256208561,5.0,0.35042735042735046,0.35042735042735046,0.6495726495726496,0.727205852358106
SAMS_VAE,pearson_error,Native61_Public_SelectedSupport_RawRMSE,1.0,0.3,20260930,0.3122139380265822,0.707330459339916,0.3211360571937181,6.666666666666667,0.3051106025934401,0.4615384615384615,0.5384615384615384,0.7226174589140412
SAMS_VAE,pearson_error,Native61_Public_SelectedSupport_RawRMSE,1.0,0.3,20261001,0.35331668048587733,0.7071468800105359,0.33512878059683654,7.333333333333333,0.33409610983981697,0.505982905982906,0.49401709401709404,0.7208981315444786
SAMS_VAE,pearson_error,Native61_Public_SelectedSupport_RawRMSE,1.0,0.3,20261002,0.30839110239369694,0.7069715657035007,0.3299177256208561,6.666666666666667,0.3051106025934401,0.4615384615384615,0.5384615384615384,0.723100925179787
SAMS_VAE,pearson_error,Native61_SelectedSupport_RawRMSE,0.1,0.05,20260930,0.18773661551199616,0.7318888269894608,0.08498531074624174,1.2666666666666666,0.31666666666666665,0.08786324786324787,0.912136752136752,0.736639953899971
SAMS_VAE,pearson_error,Native61_SelectedSupport_RawRMSE,0.1,0.05,20261001,0.10817209595608306,0.7322712162524334,0.07553262284469989,1.0333333333333334,0.25833333333333336,0.07230769230769232,0.9276923076923078,0.7375382285287497
SAMS_VAE,pearson_error,Native61_SelectedSupport_RawRMSE,0.1,0.05,20261002,0.15952873846365706,0.7323639298997667,0.07155375111014665,1.2,0.3,0.08307692307692308,0.9169230769230768,0.7369804279153386
SAMS_VAE,pearson_error,Native61_SelectedSupport_RawRMSE,0.1,0.1,20260930,0.1283470211705,0.7318888269894608,0.08498531074624174,2.2333333333333334,0.28869047619047616,0.15435897435897436,0.8456410256410256,0.7360804374848477
SAMS_VAE,pearson_error,Native61_SelectedSupport_RawRMSE,0.1,0.1,20261001,0.10697470858945235,0.7322712162524334,0.07553262284469989,2.166666666666667,0.28035714285714286,0.14991452991452991,0.8500854700854701,0.7364351324945873
SAMS_VAE,pearson_error,Native61_SelectedSupport_RawRMSE,0.1,0.1,20261002,0.11509828023483357,0.7323639298997667,0.07155375111014665,2.1666666666666665,0.28035714285714286,0.14991452991452991,0.8500854700854701,0.7364568100373167
SAMS_VAE,pearson_error,Native61_SelectedSupport_RawRMSE,0.1,0.2,20260930,0.08443287384680521,0.7318888269894608,0.08498531074624174,3.4333333333333336,0.23948717948717949,0.23948717948717949,0.7605128205128204,0.7357013756277122
SAMS_VAE,pearson_error,Native61_SelectedSupport_RawRMSE,0.1,0.2,20261001,0.09711511304015084,0.7322712162524334,0.07553262284469989,3.6666666666666665,0.254017094017094,0.254017094017094,0.745982905982906,0.7353032361004406
SAMS_VAE,pearson_error,Native61_SelectedSupport_RawRMSE,0.1,0.2,20261002,0.09620038996286376,0.7323639298997667,0.07155375111014665,3.5,0.2435897435897436,0.2435897435897436,0.7564102564102564,0.7353336203607046
SAMS_VAE,pearson_error,Native61_SelectedSupport_RawRMSE,0.1,0.3,20260930,0.07437773143399887,0.7318888269894608,0.08498531074624174,5.0,0.22959572845156367,0.347008547008547,0.652991452991453,0.7347659329292925
SAMS_VAE,pearson_error,Native61_SelectedSupport_RawRMSE,0.1,0.3,20261001,0.07403707309402019,0.7322712162524334,0.07553262284469989,5.133333333333334,0.23569794050343246,0.35623931623931626,0.6437606837606837,0.7348985635931056
SAMS_VAE,pearson_error,Native61_SelectedSupport_RawRMSE,0.1,0.3,20261002,0.08428524856952631,0.7323639298997667,0.07155375111014665,5.0,0.22990083905415712,0.34735042735042737,0.6526495726495727,0.7345002682569738
SAMS_VAE,pearson_error,Native61_SelectedSupport_RawRMSE,0.25,0.05,20260930,0.38633411827557657,0.715945379837623,0.25428184693993644,2.1,0.525,0.14786324786324787,0.8521367521367521,0.7339914711011553
SAMS_VAE,pearson_error,Native61_SelectedSupport_RawRMSE,0.25,0.05,20261001,0.36288943765286147,0.7157729809916362,0.2497781844474259,1.8666666666666667,0.4666666666666667,0.13094017094017094,0.8690598290598291,0.7344144685697952
SAMS_VAE,pearson_error,Native61_SelectedSupport_RawRMSE,0.25,0.05,20261002,0.3618689696074133,0.7143443638056259,0.2722860500032192,2.0,0.5,0.14085470085470086,0.8591452991452991,0.7343292794093504
SAMS_VAE,pearson_error,Native61_SelectedSupport_RawRMSE,0.25,0.1,20260930,0.3425459162099779,0.715945379837623,0.25428184693993644,3.1333333333333333,0.4101190476190476,0.21948717948717947,0.7805128205128206,0.7313432810685235
SAMS_VAE,pearson_error,Native61_SelectedSupport_RawRMSE,0.25,0.1,20261001,0.3603717554964773,0.7157729809916362,0.2497781844474259,3.166666666666667,0.41369047619047616,0.22136752136752139,0.7786324786324786,0.731120687600916
SAMS_VAE,pearson_error,Native61_SelectedSupport_RawRMSE,0.25,0.1,20261002,0.36897091690027695,0.7143443638056259,0.2722860500032192,3.2,0.41785714285714287,0.2235897435897436,0.7764102564102564,0.7308127295759108
SAMS_VAE,pearson_error,Native61_SelectedSupport_RawRMSE,0.25,0.2,20260930,0.28889096650855345,0.715945379837623,0.25428184693993644,4.733333333333333,0.3302564102564103,0.3302564102564103,0.6697435897435897,0.7282757925102469
SAMS_VAE,pearson_error,Native61_SelectedSupport_RawRMSE,0.25,0.2,20261001,0.28604637362380764,0.7157729809916362,0.2497781844474259,4.566666666666666,0.31982905982905985,0.31982905982905985,0.6801709401709402,0.728279776492276
SAMS_VAE,pearson_error,Native61_SelectedSupport_RawRMSE,0.25,0.2,20261002,0.30466182921761564,0.7143443638056259,0.2722860500032192,4.866666666666666,0.33948717948717955,0.33948717948717955,0.6605128205128205,0.7275802093413547
SAMS_VAE,pearson_error,Native61_SelectedSupport_RawRMSE,0.25,0.3,20260930,0.2697418363851512,0.715945379837623,0.25428184693993644,6.5,0.30122044241037377,0.45418803418803416,0.5458119658119658,0.7249761287992261
SAMS_VAE,pearson_error,Native61_SelectedSupport_RawRMSE,0.25,0.3,20261001,0.26373685033096317,0.7157729809916362,0.2497781844474259,6.3,0.29038901601830663,0.4384615384615384,0.5615384615384615,0.7251001864921546
SAMS_VAE,pearson_error,Native61_SelectedSupport_RawRMSE,0.25,0.3,20261002,0.26712297307311295,0.7143443638056259,0.2722860500032192,6.166666666666666,0.28459191456903127,0.42957264957264957,0.5704273504273505,0.7249684950137774
SAMS_VAE,pearson_error,Native61_SelectedSupport_RawRMSE,0.5,0.05,20260930,0.45900782979806587,0.7105935784322803,0.2967923226777856,2.466666666666667,0.6166666666666667,0.17401709401709403,0.825982905982906,0.7331541653901406
SAMS_VAE,pearson_error,Native61_SelectedSupport_RawRMSE,0.5,0.05,20261001,0.5021293893899305,0.7114710387036867,0.29387809410460697,2.566666666666667,0.6416666666666667,0.18102564102564103,0.8189743589743591,0.7326614374205263
SAMS_VAE,pearson_error,Native61_SelectedSupport_RawRMSE,0.5,0.05,20261002,0.46040058442604004,0.71186296459259,0.28710677391348133,2.5,0.625,0.1769230769230769,0.8230769230769232,0.7330609705640062
SAMS_VAE,pearson_error,Native61_SelectedSupport_RawRMSE,0.5,0.1,20260930,0.42416451247823816,0.7105935784322803,0.2967923226777856,3.7,0.4851190476190476,0.2596581196581197,0.7403418803418804,0.7297781266864047
SAMS_VAE,pearson_error,Native61_SelectedSupport_RawRMSE,0.5,0.1,20261001,0.3815099784693132,0.7114710387036867,0.29387809410460697,3.4333333333333336,0.45059523809523816,0.2411965811965812,0.7588034188034187,0.7305736351854208
SAMS_VAE,pearson_error,Native61_SelectedSupport_RawRMSE,0.5,0.1,20261002,0.3914017946958555,0.71186296459259,0.28710677391348133,3.5333333333333328,0.4630952380952381,0.24786324786324787,0.7521367521367521,0.7305252769073137
SAMS_VAE,pearson_error,Native61_SelectedSupport_RawRMSE,0.5,0.2,20260930,0.30590154416225723,0.7105935784322803,0.2967923226777856,4.966666666666667,0.34683760683760684,0.34683760683760684,0.6531623931623931,0.7277898678156478
SAMS_VAE,pearson_error,Native61_SelectedSupport_RawRMSE,0.5,0.2,20261001,0.3068035118939722,0.7114710387036867,0.29387809410460697,4.7,0.32803418803418805,0.32803418803418805,0.671965811965812,0.7277343682898707
SAMS_VAE,pearson_error,Native61_SelectedSupport_RawRMSE,0.5,0.2,20261002,0.3249264945958035,0.71186296459259,0.28710677391348133,5.133333333333334,0.358974358974359,0.358974358974359,0.6410256410256411,0.7270581180371596
SAMS_VAE,pearson_error,Native61_SelectedSupport_RawRMSE,0.5,0.3,20260930,0.30725898789355266,0.7105935784322803,0.2967923226777856,6.433333333333333,0.2971014492753623,0.44837606837606836,0.5516239316239316,0.7229378069806721
SAMS_VAE,pearson_error,Native61_SelectedSupport_RawRMSE,0.5,0.3,20261001,0.2991394393129888,0.7114710387036867,0.29387809410460697,6.433333333333333,0.2971014492753623,0.44837606837606836,0.5516239316239316,0.7233969202709313
SAMS_VAE,pearson_error,Native61_SelectedSupport_RawRMSE,0.5,0.3,20261002,0.3001540833749233,0.71186296459259,0.28710677391348133,6.533333333333333,0.3011441647597254,0.4547008547008547,0.5452991452991454,0.7233602987225305
SAMS_VAE,pearson_error,Native61_SelectedSupport_RawRMSE,0.75,0.05,20260930,0.4773549875740769,0.710414158869831,0.2996298442416747,2.6333333333333333,0.6583333333333333,0.18547008547008548,0.8145299145299146,0.733001022287074
SAMS_VAE,pearson_error,Native61_SelectedSupport_RawRMSE,0.75,0.05,20261001,0.46318580458631714,0.7098697740677414,0.3011359433572466,2.5,0.625,0.17623931623931624,0.8237606837606839,0.7330704376011583
SAMS_VAE,pearson_error,Native61_SelectedSupport_RawRMSE,0.75,0.05,20261002,0.46528611764835376,0.7098115956858256,0.3103289849834085,2.5,0.625,0.1765811965811966,0.8234188034188035,0.7330508842926232
SAMS_VAE,pearson_error,Native61_SelectedSupport_RawRMSE,0.75,0.1,20260930,0.3889284315261388,0.710414158869831,0.2996298442416747,3.4,0.4440476190476191,0.2376068376068376,0.7623931623931623,0.7304676121974455
SAMS_VAE,pearson_error,Native61_SelectedSupport_RawRMSE,0.75,0.1,20261001,0.35940519644682534,0.7098697740677414,0.3011359433572466,3.3666666666666663,0.4398809523809524,0.2353846153846154,0.7646153846153847,0.7312194405638259
SAMS_VAE,pearson_error,Native61_SelectedSupport_RawRMSE,0.75,0.1,20261002,0.3749807542335925,0.7098115956858256,0.3103289849834085,3.3333333333333335,0.4363095238095238,0.23350427350427352,0.7664957264957264,0.7308747099364098
SAMS_VAE,pearson_error,Native61_SelectedSupport_RawRMSE,0.75,0.2,20260930,0.30525068952066015,0.710414158869831,0.2996298442416747,4.833333333333334,0.3372649572649573,0.3372649572649573,0.6627350427350427,0.7279274611706654
SAMS_VAE,pearson_error,Native61_SelectedSupport_RawRMSE,0.75,0.2,20261001,0.2935184418216138,0.7098697740677414,0.3011359433572466,4.866666666666667,0.34051282051282056,0.34051282051282056,0.6594871794871795,0.7281475648412267
SAMS_VAE,pearson_error,Native61_SelectedSupport_RawRMSE,0.75,0.2,20261002,0.32540813018400705,0.7098115956858256,0.3103289849834085,5.033333333333333,0.35264957264957264,0.35264957264957264,0.6473504273504274,0.7272251541070345
SAMS_VAE,pearson_error,Native61_SelectedSupport_RawRMSE,0.75,0.3,20260930,0.3188553776980786,0.710414158869831,0.2996298442416747,6.566666666666667,0.3022883295194508,0.45658119658119656,0.5434188034188034,0.7224018538595948
SAMS_VAE,pearson_error,Native61_SelectedSupport_RawRMSE,0.75,0.3,20261001,0.3158419922204698,0.7098697740677414,0.3011359433572466,6.433333333333333,0.2977116704805492,0.44905982905982905,0.5509401709401709,0.7225201494663491
SAMS_VAE,pearson_error,Native61_SelectedSupport_RawRMSE,0.75,0.3,20261002,0.3240893002072532,0.7098115956858256,0.3103289849834085,6.666666666666667,0.30846681922196795,0.46529914529914523,0.5347008547008547,0.7219899484104398
SAMS_VAE,pearson_error,Native61_SelectedSupport_RawRMSE,1.0,0.05,20260930,0.5874212124966519,0.7083226107503758,0.32580808800204925,3.0,0.75,0.21025641025641026,0.7897435897435897,0.7318231857698961
SAMS_VAE,pearson_error,Native61_SelectedSupport_RawRMSE,1.0,0.05,20261001,0.488127443527163,0.7074556664252212,0.323609682826634,2.6666666666666665,0.6666666666666666,0.18803418803418803,0.8119658119658121,0.7327452515995939
SAMS_VAE,pearson_error,Native61_SelectedSupport_RawRMSE,1.0,0.05,20261002,0.488127443527163,0.7068787536268651,0.3298963009296579,2.6666666666666665,0.6666666666666666,0.18803418803418803,0.8119658119658121,0.7327452515995939
SAMS_VAE,pearson_error,Native61_SelectedSupport_RawRMSE,1.0,0.1,20260930,0.4215840270485347,0.7083226107503758,0.32580808800204925,3.3333333333333335,0.4345238095238095,0.23247863247863246,0.7675213675213675,0.729781390499242
SAMS_VAE,pearson_error,Native61_SelectedSupport_RawRMSE,1.0,0.1,20261001,0.3426101953203607,0.7074556664252212,0.323609682826634,3.0,0.39285714285714285,0.21025641025641026,0.7897435897435897,0.7313045566135727
SAMS_VAE,pearson_error,Native61_SelectedSupport_RawRMSE,1.0,0.1,20261002,0.37506236680449195,0.7068787536268651,0.3298963009296579,3.3333333333333335,0.4345238095238095,0.23247863247863246,0.7675213675213675,0.7309098950040948
SAMS_VAE,pearson_error,Native61_SelectedSupport_RawRMSE,1.0,0.2,20260930,0.3191640148260538,0.7083226107503758,0.32580808800204925,5.0,0.34700854700854705,0.34700854700854705,0.652991452991453,0.727462929044535
SAMS_VAE,pearson_error,Native61_SelectedSupport_RawRMSE,1.0,0.2,20261001,0.3458768379298423,0.7074556664252212,0.323609682826634,5.0,0.35384615384615387,0.35384615384615387,0.6461538461538462,0.7264104643580573
SAMS_VAE,pearson_error,Native61_SelectedSupport_RawRMSE,1.0,0.2,20261002,0.3507462264500855,0.7068787536268651,0.3298963009296579,5.0,0.35042735042735046,0.35042735042735046,0.6495726495726496,0.7267762750164465
SAMS_VAE,pearson_error,Native61_SelectedSupport_RawRMSE,1.0,0.3,20260930,0.32884886751309733,0.7083226107503758,0.32580808800204925,6.666666666666667,0.3051106025934401,0.4615384615384615,0.5384615384615384,0.7217731634405368
SAMS_VAE,pearson_error,Native61_SelectedSupport_RawRMSE,1.0,0.3,20261001,0.348349543832778,0.7074556664252212,0.323609682826634,7.0,0.32265446224256294,0.4871794871794872,0.5128205128205128,0.7207155081266109
SAMS_VAE,pearson_error,Native61_SelectedSupport_RawRMSE,1.0,0.3,20261002,0.32198438112396427,0.7068787536268651,0.3298963009296579,6.666666666666667,0.3081617086193745,0.4649572649572649,0.535042735042735,0.7221704943948121
SAMS_VAE,pearson_error,PublicRule,0.0,0.05,-1,0.5624848777534549,0.7059917075984051,0.3381032267652846,2.6666666666666665,0.6666666666666666,0.18461538461538463,0.8153846153846155,0.7321676786095734
SAMS_VAE,pearson_error,PublicRule,0.0,0.1,-1,0.49981666942143194,0.7059917075984051,0.3381032267652846,4.333333333333333,0.5595238095238095,0.29914529914529914,0.7008547008547009,0.7282002788244656
SAMS_VAE,pearson_error,PublicRule,0.0,0.2,-1,0.34601704307793657,0.7059917075984051,0.3381032267652846,5.0,0.34700854700854705,0.34700854700854705,0.652991452991453,0.7263579382106302
SAMS_VAE,pearson_error,PublicRule,0.0,0.3,-1,0.31145888689314155,0.7059917075984051,0.3381032267652846,6.333333333333333,0.2906178489702517,0.4393162393162393,0.5606837606837607,0.7227233173124671
SAMS_VAE,pearson_error,SourceRisk_frozen,0.0,0.05,-1,0.4995362970455222,0.7087739082710153,0.30415954551097696,2.3333333333333335,0.5833333333333334,0.1623931623931624,0.8376068376068376,0.7331455742260081
SAMS_VAE,pearson_error,SourceRisk_frozen,0.0,0.1,-1,0.36822260253761674,0.7087739082710153,0.30415954551097696,3.6666666666666665,0.4761904761904762,0.2547008547008547,0.7452991452991453,0.7314311300168242
SAMS_VAE,pearson_error,SourceRisk_frozen,0.0,0.2,-1,0.3153085354062845,0.7087739082710153,0.30415954551097696,5.0,0.35042735042735046,0.35042735042735046,0.6495726495726496,0.7277527712284523
SAMS_VAE,pearson_error,SourceRisk_frozen,0.0,0.3,-1,0.27734534866546895,0.7087739082710153,0.30415954551097696,6.333333333333333,0.2906178489702517,0.4393162393162393,0.5606837606837607,0.7245850506248116
