context,method_a,method_b,metric,point_a,point_b,difference_a_minus_control,ci95_lower,ci95_upper,valid_draws,saved_draws,scope
HCT116,Magnitude,TargetControlExpression_CP4000,utility20,0.11529033958364054,0.15383250387195077,-0.03854216428831023,-0.188164781016715,0.13831062403694844,5000,5000,SEEN_same_task_comparison; extra fullgene control information disclosed
HCT116,Magnitude,TargetControlExpression_CP4000,spearman,0.0069652618585787345,0.1401281373067654,-0.13316287544818667,-0.23435495688482258,-0.03644011160117542,5000,5000,SEEN_same_task_comparison; extra fullgene control information disclosed
HCT116,Magnitude,TargetControlExpression_CP4000,aurc,0.03416880711098807,0.03269785746012735,0.0014709496508607187,0.0005099952112402708,0.002525651655368013,5000,5000,SEEN_same_task_comparison; extra fullgene control information disclosed
HCT116,Magnitude,TargetControlExpression_CP4000,error_at_10,0.03331490887271471,0.03091652175005449,0.0023983871226602206,-0.0009048041533613531,0.00841921332739729,5000,5000,SEEN_same_task_comparison; extra fullgene control information disclosed
HCT116,Magnitude,TargetControlExpression_CP4000,error_at_20,0.03448151122600609,0.031649771878944785,0.002831739347061303,-0.00031877798176982946,0.006238038174797346,5000,5000,SEEN_same_task_comparison; extra fullgene control information disclosed
HCT116,Magnitude,TargetControlExpression_CP4000,error_at_50,0.03418901554723724,0.03369595571865504,0.0004930598285821999,-0.0013110029437415516,0.001449778270045897,5000,5000,SEEN_same_task_comparison; extra fullgene control information disclosed
HCT116,Magnitude,TargetControlExpression_CP4000,high_risk_miss_rate,0.7272727272727273,0.7272727272727273,0.0,-0.1428571428571429,0.09090909090909094,5000,5000,SEEN_same_task_comparison; extra fullgene control information disclosed
HCT116,P_only_ridge,TargetControlExpression_CP4000,utility20,0.14415775873289616,0.15383250387195077,-0.009674745139054614,-0.1812428245272995,0.14704023717315648,5000,5000,SEEN_same_task_comparison; extra fullgene control information disclosed
HCT116,P_only_ridge,TargetControlExpression_CP4000,spearman,-0.0010972001802543154,0.1401281373067654,-0.1412253374870197,-0.2481610587594329,-0.04093789247284447,5000,5000,SEEN_same_task_comparison; extra fullgene control information disclosed
HCT116,P_only_ridge,TargetControlExpression_CP4000,aurc,0.0340158208617502,0.03269785746012735,0.0013179634016228514,0.0003979528421922526,0.0025277595034605177,5000,5000,SEEN_same_task_comparison; extra fullgene control information disclosed
HCT116,P_only_ridge,TargetControlExpression_CP4000,error_at_10,0.03662141208355259,0.03091652175005449,0.005704890333498098,-0.00027426183063221485,0.01019436838491702,5000,5000,SEEN_same_task_comparison; extra fullgene control information disclosed
HCT116,P_only_ridge,TargetControlExpression_CP4000,error_at_20,0.034427490098988815,0.031649771878944785,0.00277771822004403,-0.0002459686287143901,0.00654321833639051,5000,5000,SEEN_same_task_comparison; extra fullgene control information disclosed
HCT116,P_only_ridge,TargetControlExpression_CP4000,error_at_50,0.03418901554723724,0.03369595571865504,0.0004930598285821999,-0.001189915744122534,0.0014966168033697922,5000,5000,SEEN_same_task_comparison; extra fullgene control information disclosed
HCT116,P_only_ridge,TargetControlExpression_CP4000,high_risk_miss_rate,0.7272727272727273,0.7272727272727273,0.0,-0.1499999999999999,0.09090909090909094,5000,5000,SEEN_same_task_comparison; extra fullgene control information disclosed
HCT116,P_only_hgb,TargetControlExpression_CP4000,utility20,0.07071937566776129,0.15383250387195077,-0.08311312820418948,-0.5213759676399732,0.2685823974685381,5000,5000,SEEN_same_task_comparison; extra fullgene control information disclosed
HCT116,P_only_hgb,TargetControlExpression_CP4000,spearman,-0.01567520670856681,0.1401281373067654,-0.15580334401533222,-0.4768398797930971,0.1834166535116992,5000,5000,SEEN_same_task_comparison; extra fullgene control information disclosed
HCT116,P_only_hgb,TargetControlExpression_CP4000,aurc,0.03391528761662598,0.03269785746012735,0.001217430156498632,-0.0006353350534332063,0.003125770870098954,5000,5000,SEEN_same_task_comparison; extra fullgene control information disclosed
HCT116,P_only_hgb,TargetControlExpression_CP4000,error_at_10,0.033781646845368524,0.03091652175005449,0.002865125095314034,-0.003628933054498061,0.0077942950204103545,5000,5000,SEEN_same_task_comparison; extra fullgene control information disclosed
HCT116,P_only_hgb,TargetControlExpression_CP4000,error_at_20,0.03405095949785917,0.031649771878944785,0.002401187618914384,-0.0022921405358273684,0.006746041709908225,5000,5000,SEEN_same_task_comparison; extra fullgene control information disclosed
HCT116,P_only_hgb,TargetControlExpression_CP4000,error_at_50,0.034420012402182426,0.03369595571865504,0.0007240566835273882,-0.0021150287517845445,0.002993343415322605,5000,5000,SEEN_same_task_comparison; extra fullgene control information disclosed
HCT116,P_only_hgb,TargetControlExpression_CP4000,high_risk_miss_rate,0.6363636363636364,0.7272727272727273,-0.09090909090909094,-0.30000000000000004,0.23809523809523803,5000,5000,SEEN_same_task_comparison; extra fullgene control information disclosed
HCT116,Manual_ridge,TargetControlExpression_CP4000,utility20,0.10028772366994883,0.15383250387195077,-0.05354478020200194,-0.4818373123081599,0.2894439328566846,5000,5000,SEEN_same_task_comparison; extra fullgene control information disclosed
HCT116,Manual_ridge,TargetControlExpression_CP4000,spearman,0.07678510792341516,0.1401281373067654,-0.06334302938335025,-0.3260429846228418,0.19264457973378557,5000,5000,SEEN_same_task_comparison; extra fullgene control information disclosed
HCT116,Manual_ridge,TargetControlExpression_CP4000,aurc,0.032655916361183146,0.03269785746012735,-4.1941098944203725e-05,-0.0016947016124906338,0.001596575530763363,5000,5000,SEEN_same_task_comparison; extra fullgene control information disclosed
HCT116,Manual_ridge,TargetControlExpression_CP4000,error_at_10,0.030209921927774327,0.03091652175005449,-0.0007065998222801628,-0.005718889738978802,0.004673511304229901,5000,5000,SEEN_same_task_comparison; extra fullgene control information disclosed
HCT116,Manual_ridge,TargetControlExpression_CP4000,error_at_20,0.031816250993229406,0.031649771878944785,0.0001664791142846206,-0.0036439828290581637,0.003110127003609766,5000,5000,SEEN_same_task_comparison; extra fullgene control information disclosed
HCT116,Manual_ridge,TargetControlExpression_CP4000,error_at_50,0.03289349113665753,0.03369595571865504,-0.0008024645819975085,-0.0032684893207568983,0.0020356745560661076,5000,5000,SEEN_same_task_comparison; extra fullgene control information disclosed
HCT116,Manual_ridge,TargetControlExpression_CP4000,high_risk_miss_rate,0.7272727272727273,0.7272727272727273,0.0,-0.19999999999999996,0.2857142857142858,5000,5000,SEEN_same_task_comparison; extra fullgene control information disclosed
HCT116,Manual_hgb,TargetControlExpression_CP4000,utility20,0.1963038916153683,0.15383250387195077,0.04247138774341752,-0.3775860287991444,0.4818718687114095,5000,5000,SEEN_same_task_comparison; extra fullgene control information disclosed
HCT116,Manual_hgb,TargetControlExpression_CP4000,spearman,0.1684373974603006,0.1401281373067654,0.028309260153535187,-0.2327350478754088,0.28361213989092426,5000,5000,SEEN_same_task_comparison; extra fullgene control information disclosed
HCT116,Manual_hgb,TargetControlExpression_CP4000,aurc,0.03240311453720704,0.03269785746012735,-0.00029474292292031024,-0.002050600242254244,0.0013265380837682711,5000,5000,SEEN_same_task_comparison; extra fullgene control information disclosed
HCT116,Manual_hgb,TargetControlExpression_CP4000,error_at_10,0.03133819690102455,0.03091652175005449,0.00042167515097006267,-0.0046441403333404175,0.005235997156554355,5000,5000,SEEN_same_task_comparison; extra fullgene control information disclosed
HCT116,Manual_hgb,TargetControlExpression_CP4000,error_at_20,0.03143681351268515,0.031649771878944785,-0.00021295836625963294,-0.003922898214194297,0.0030065408148656084,5000,5000,SEEN_same_task_comparison; extra fullgene control information disclosed
HCT116,Manual_hgb,TargetControlExpression_CP4000,error_at_50,0.032448976943847255,0.03369595571865504,-0.0012469787748077832,-0.003629829106869389,0.00109013799805084,5000,5000,SEEN_same_task_comparison; extra fullgene control information disclosed
HCT116,Manual_hgb,TargetControlExpression_CP4000,high_risk_miss_rate,0.6818181818181819,0.7272727272727273,-0.045454545454545414,-0.2727272727272728,0.23809523809523803,5000,5000,SEEN_same_task_comparison; extra fullgene control information disclosed
HCT116,Learned_ridge,TargetControlExpression_CP4000,utility20,0.07815323201859645,0.15383250387195077,-0.07567927185335432,-0.4912667058384774,0.29896802001652006,5000,5000,SEEN_same_task_comparison; extra fullgene control information disclosed
HCT116,Learned_ridge,TargetControlExpression_CP4000,spearman,0.08412855938172348,0.1401281373067654,-0.05599957792504193,-0.31599882554155745,0.1987897291859387,5000,5000,SEEN_same_task_comparison; extra fullgene control information disclosed
HCT116,Learned_ridge,TargetControlExpression_CP4000,aurc,0.03246133971063308,0.03269785746012735,-0.0002365177494942708,-0.002005968583274888,0.0015154223687045155,5000,5000,SEEN_same_task_comparison; extra fullgene control information disclosed
HCT116,Learned_ridge,TargetControlExpression_CP4000,error_at_10,0.029716880390420405,0.03091652175005449,-0.0011996413596340842,-0.006523123311118209,0.004416321794247273,5000,5000,SEEN_same_task_comparison; extra fullgene control information disclosed
HCT116,Learned_ridge,TargetControlExpression_CP4000,error_at_20,0.0315274283418496,0.031649771878944785,-0.00012234353709518475,-0.003985846584684033,0.002892576230633272,5000,5000,SEEN_same_task_comparison; extra fullgene control information disclosed
HCT116,Learned_ridge,TargetControlExpression_CP4000,error_at_50,0.03313892214131813,0.03369595571865504,-0.0005570335773369059,-0.0032768781028641837,0.001870406597505464,5000,5000,SEEN_same_task_comparison; extra fullgene control information disclosed
HCT116,Learned_ridge,TargetControlExpression_CP4000,high_risk_miss_rate,0.7272727272727273,0.7272727272727273,0.0,-0.20833333333333326,0.2857142857142858,5000,5000,SEEN_same_task_comparison; extra fullgene control information disclosed
HCT116,Learned_hgb,TargetControlExpression_CP4000,utility20,0.16052429100050056,0.15383250387195077,0.0066917871285497865,-0.37248504270378174,0.4159971468932622,5000,5000,SEEN_same_task_comparison; extra fullgene control information disclosed
HCT116,Learned_hgb,TargetControlExpression_CP4000,spearman,0.08271717115438218,0.1401281373067654,-0.057410966152383225,-0.32511407832955774,0.20433481518971733,5000,5000,SEEN_same_task_comparison; extra fullgene control information disclosed
HCT116,Learned_hgb,TargetControlExpression_CP4000,aurc,0.03303303404683426,0.03269785746012735,0.00033517658670691175,-0.0013294649739830572,0.0018942450972326808,5000,5000,SEEN_same_task_comparison; extra fullgene control information disclosed
HCT116,Learned_hgb,TargetControlExpression_CP4000,error_at_10,0.031409488700431025,0.03091652175005449,0.0004929669503765353,-0.004778224118603147,0.005117205667837795,5000,5000,SEEN_same_task_comparison; extra fullgene control information disclosed
HCT116,Learned_hgb,TargetControlExpression_CP4000,error_at_20,0.03149465573813398,0.031649771878944785,-0.00015511614081080427,-0.0037023363546681435,0.0033378016140515458,5000,5000,SEEN_same_task_comparison; extra fullgene control information disclosed
HCT116,Learned_hgb,TargetControlExpression_CP4000,error_at_50,0.03335113677243872,0.03369595571865504,-0.0003448189462163173,-0.002701146977380361,0.0023001662722946597,5000,5000,SEEN_same_task_comparison; extra fullgene control information disclosed
HCT116,Learned_hgb,TargetControlExpression_CP4000,high_risk_miss_rate,0.7727272727272727,0.7272727272727273,0.045454545454545414,-0.2272727272727273,0.2727272727272727,5000,5000,SEEN_same_task_comparison; extra fullgene control information disclosed
HCT116,Manual_WeightedHistoryDistance,TargetControlExpression_CP4000,utility20,0.21868665010554644,0.15383250387195077,0.06485414623359567,-0.42625435186482047,0.4703009122324417,5000,5000,SEEN_same_task_comparison; extra fullgene control information disclosed
HCT116,Manual_WeightedHistoryDistance,TargetControlExpression_CP4000,spearman,0.1475244420933012,0.1401281373067654,0.007396304786535801,-0.2611495831874424,0.2729378921960146,5000,5000,SEEN_same_task_comparison; extra fullgene control information disclosed
HCT116,Manual_WeightedHistoryDistance,TargetControlExpression_CP4000,aurc,0.03218650761068645,0.03269785746012735,-0.0005113498494409008,-0.0021599467714454716,0.0010326823720084332,5000,5000,SEEN_same_task_comparison; extra fullgene control information disclosed
HCT116,Manual_WeightedHistoryDistance,TargetControlExpression_CP4000,error_at_10,0.02919139468784073,0.03091652175005449,-0.0017251270622137584,-0.006781601128078017,0.0030593806536729773,5000,5000,SEEN_same_task_comparison; extra fullgene control information disclosed
HCT116,Manual_WeightedHistoryDistance,TargetControlExpression_CP4000,error_at_20,0.03077407528820413,0.031649771878944785,-0.0008756965907406565,-0.004646681254152345,0.0019938765041842355,5000,5000,SEEN_same_task_comparison; extra fullgene control information disclosed
HCT116,Manual_WeightedHistoryDistance,TargetControlExpression_CP4000,error_at_50,0.03302660180522363,0.03369595571865504,-0.0006693539134314114,-0.0034410565990316685,0.0015920895414286006,5000,5000,SEEN_same_task_comparison; extra fullgene control information disclosed
HCT116,Manual_WeightedHistoryDistance,TargetControlExpression_CP4000,high_risk_miss_rate,0.6818181818181819,0.7272727272727273,-0.045454545454545414,-0.2727272727272727,0.25,5000,5000,SEEN_same_task_comparison; extra fullgene control information disclosed
HCT116,Learned_WeightedHistoryDistance,TargetControlExpression_CP4000,utility20,0.23625818279586966,0.15383250387195077,0.08242567892391889,-0.3958158622412673,0.5071260491706909,5000,5000,SEEN_same_task_comparison; extra fullgene control information disclosed
HCT116,Learned_WeightedHistoryDistance,TargetControlExpression_CP4000,spearman,0.15523423264562392,0.1401281373067654,0.01510609533885851,-0.25180244695277454,0.2803729380077664,5000,5000,SEEN_same_task_comparison; extra fullgene control information disclosed
HCT116,Learned_WeightedHistoryDistance,TargetControlExpression_CP4000,aurc,0.0321464807252603,0.03269785746012735,-0.0005513767348670484,-0.0021797757286905308,0.0009704311689214995,5000,5000,SEEN_same_task_comparison; extra fullgene control information disclosed
HCT116,Learned_WeightedHistoryDistance,TargetControlExpression_CP4000,error_at_10,0.02919139468784073,0.03091652175005449,-0.0017251270622137584,-0.006874257215566739,0.002858636969433853,5000,5000,SEEN_same_task_comparison; extra fullgene control information disclosed
HCT116,Learned_WeightedHistoryDistance,TargetControlExpression_CP4000,error_at_20,0.03043160364253195,0.031649771878944785,-0.0012181682364128359,-0.004603624572671008,0.0016385309958427796,5000,5000,SEEN_same_task_comparison; extra fullgene control information disclosed
HCT116,Learned_WeightedHistoryDistance,TargetControlExpression_CP4000,error_at_50,0.03294996271281823,0.03369595571865504,-0.0007459930058368106,-0.0033390256504313228,0.0016707595711827408,5000,5000,SEEN_same_task_comparison; extra fullgene control information disclosed
HCT116,Learned_WeightedHistoryDistance,TargetControlExpression_CP4000,high_risk_miss_rate,0.6818181818181819,0.7272727272727273,-0.045454545454545414,-0.2778333333333333,0.25,5000,5000,SEEN_same_task_comparison; extra fullgene control information disclosed
HCT116,Uniform_DirectRMSE,TargetControlExpression_CP4000,utility20,0.2746599691831018,0.15383250387195077,0.12082746531115104,-0.34550966671133937,0.49638906034496943,5000,5000,SEEN_same_task_comparison; extra fullgene control information disclosed
HCT116,Uniform_DirectRMSE,TargetControlExpression_CP4000,spearman,0.1505907247399048,0.1401281373067654,0.010462587433139409,-0.25713483025470946,0.27517331758001545,5000,5000,SEEN_same_task_comparison; extra fullgene control information disclosed
HCT116,Uniform_DirectRMSE,TargetControlExpression_CP4000,aurc,0.032321053054301704,0.03269785746012735,-0.00037680440582564534,-0.0020684802133674658,0.0012463417830042211,5000,5000,SEEN_same_task_comparison; extra fullgene control information disclosed
HCT116,Uniform_DirectRMSE,TargetControlExpression_CP4000,error_at_10,0.030963743973399283,0.03091652175005449,4.722222334479359e-05,-0.005402563968273361,0.004583905322224126,5000,5000,SEEN_same_task_comparison; extra fullgene control information disclosed
HCT116,Uniform_DirectRMSE,TargetControlExpression_CP4000,error_at_20,0.03070217717365267,0.031649771878944785,-0.0009475947052921159,-0.004222259538393093,0.0021293332242184712,5000,5000,SEEN_same_task_comparison; extra fullgene control information disclosed
HCT116,Uniform_DirectRMSE,TargetControlExpression_CP4000,error_at_50,0.03216267764469897,0.03369595571865504,-0.0015332780739560695,-0.00359049381292907,0.0012858247148548638,5000,5000,SEEN_same_task_comparison; extra fullgene control information disclosed
HCT116,Uniform_DirectRMSE,TargetControlExpression_CP4000,high_risk_miss_rate,0.6818181818181819,0.7272727272727273,-0.045454545454545414,-0.2727272727272727,0.25,5000,5000,SEEN_same_task_comparison; extra fullgene control information disclosed
HCT116,Manual_DirectRMSE,TargetControlExpression_CP4000,utility20,0.2869159596375598,0.15383250387195077,0.133083455765609,-0.35391494711753607,0.48295744452709377,5000,5000,SEEN_same_task_comparison; extra fullgene control information disclosed
HCT116,Manual_DirectRMSE,TargetControlExpression_CP4000,spearman,0.11098375751876018,0.1401281373067654,-0.02914437978800523,-0.29658724918036866,0.23462736629385866,5000,5000,SEEN_same_task_comparison; extra fullgene control information disclosed
HCT116,Manual_DirectRMSE,TargetControlExpression_CP4000,aurc,0.03253654519511893,0.03269785746012735,-0.00016131226500842172,-0.001803222053510141,0.0014275792898333327,5000,5000,SEEN_same_task_comparison; extra fullgene control information disclosed
HCT116,Manual_DirectRMSE,TargetControlExpression_CP4000,error_at_10,0.030446959311007615,0.03091652175005449,-0.000469562439046875,-0.005504557339569575,0.003990273739318624,5000,5000,SEEN_same_task_comparison; extra fullgene control information disclosed
HCT116,Manual_DirectRMSE,TargetControlExpression_CP4000,error_at_20,0.03113910357867961,0.031649771878944785,-0.0005106683002651762,-0.003933096239124833,0.001993300091514754,5000,5000,SEEN_same_task_comparison; extra fullgene control information disclosed
HCT116,Manual_DirectRMSE,TargetControlExpression_CP4000,error_at_50,0.03342266465846847,0.03369595571865504,-0.00027329106018656596,-0.003062680444156035,0.002317990926865916,5000,5000,SEEN_same_task_comparison; extra fullgene control information disclosed
HCT116,Manual_DirectRMSE,TargetControlExpression_CP4000,high_risk_miss_rate,0.6818181818181819,0.7272727272727273,-0.045454545454545414,-0.2727272727272727,0.23809523809523814,5000,5000,SEEN_same_task_comparison; extra fullgene control information disclosed
HCT116,Learned_DirectRMSE,TargetControlExpression_CP4000,utility20,0.25230215502908593,0.15383250387195077,0.09846965115713516,-0.32185636350083985,0.4801461248172067,5000,5000,SEEN_same_task_comparison; extra fullgene control information disclosed
HCT116,Learned_DirectRMSE,TargetControlExpression_CP4000,spearman,0.11660690844256354,0.1401281373067654,-0.023521228864201868,-0.2883248372168045,0.23594959175057595,5000,5000,SEEN_same_task_comparison; extra fullgene control information disclosed
HCT116,Learned_DirectRMSE,TargetControlExpression_CP4000,aurc,0.032527579417403196,0.03269785746012735,-0.00017027804272415348,-0.0018332655827468915,0.0014271870863129866,5000,5000,SEEN_same_task_comparison; extra fullgene control information disclosed
HCT116,Learned_DirectRMSE,TargetControlExpression_CP4000,error_at_10,0.03138033395030957,0.03091652175005449,0.0004638122002550808,-0.0052637578096240865,0.004822672317954442,5000,5000,SEEN_same_task_comparison; extra fullgene control information disclosed
HCT116,Learned_DirectRMSE,TargetControlExpression_CP4000,error_at_20,0.030866155597507897,0.031649771878944785,-0.0007836162814368886,-0.004023395220129308,0.0019365563933789402,5000,5000,SEEN_same_task_comparison; extra fullgene control information disclosed
HCT116,Learned_DirectRMSE,TargetControlExpression_CP4000,error_at_50,0.03368397256305806,0.03369595571865504,-1.1983155596979878e-05,-0.002730756269410965,0.0025308955113873682,5000,5000,SEEN_same_task_comparison; extra fullgene control information disclosed
HCT116,Learned_DirectRMSE,TargetControlExpression_CP4000,high_risk_miss_rate,0.7272727272727273,0.7272727272727273,0.0,-0.25,0.23809523809523814,5000,5000,SEEN_same_task_comparison; extra fullgene control information disclosed
HCT116,NegativeSourceHistorySupport,TargetControlExpression_CP4000,utility20,-0.18901544244165908,0.15383250387195077,-0.3428479463136098,-0.6797118539419043,-0.03564040520690332,5000,5000,SEEN_same_task_comparison; extra fullgene control information disclosed
HCT116,NegativeSourceHistorySupport,TargetControlExpression_CP4000,spearman,-0.1375938947635655,0.1401281373067654,-0.2777220320703309,-0.5428789257564379,0.0011329763481447938,5000,5000,SEEN_same_task_comparison; extra fullgene control information disclosed
HCT116,NegativeSourceHistorySupport,TargetControlExpression_CP4000,aurc,0.03463397121927469,0.03269785746012735,0.0019361137591473385,8.208021096703659e-05,0.0037805745498042127,5000,5000,SEEN_same_task_comparison; extra fullgene control information disclosed
HCT116,NegativeSourceHistorySupport,TargetControlExpression_CP4000,error_at_10,0.03542684953014318,0.03091652175005449,0.004510327780088693,-0.0016400054925296208,0.009743934859556883,5000,5000,SEEN_same_task_comparison; extra fullgene control information disclosed
HCT116,NegativeSourceHistorySupport,TargetControlExpression_CP4000,error_at_20,0.033634894006912226,0.031649771878944785,0.001985122127967441,-0.0023358929652263416,0.006361384183736643,5000,5000,SEEN_same_task_comparison; extra fullgene control information disclosed
HCT116,NegativeSourceHistorySupport,TargetControlExpression_CP4000,error_at_50,0.035022181774814524,0.03369595571865504,0.0013262260561594866,-0.0010154864400325095,0.0037702277886276217,5000,5000,SEEN_same_task_comparison; extra fullgene control information disclosed
HCT116,NegativeSourceHistorySupport,TargetControlExpression_CP4000,high_risk_miss_rate,0.9545454545454546,0.7272727272727273,0.2272727272727273,0.0,0.4347826086956521,5000,5000,SEEN_same_task_comparison; extra fullgene control information disclosed
HCT116,B010_TargetOnly_ridge,TargetControlExpression_CP4000,utility20,0.004951909007299818,0.15383250387195077,-0.14888059486465094,-0.3655275915632587,0.07527406621301971,5000,5000,SEEN_same_task_comparison; extra fullgene control information disclosed
HCT116,B010_TargetOnly_ridge,TargetControlExpression_CP4000,spearman,-0.04220302121906777,0.1401281373067654,-0.18233115852583318,-0.29559726685008164,-0.07273155807417334,5000,5000,SEEN_same_task_comparison; extra fullgene control information disclosed
HCT116,B010_TargetOnly_ridge,TargetControlExpression_CP4000,aurc,0.03463198106598693,0.03269785746012735,0.0019341236058595807,0.0007530938139943282,0.003102926139175441,5000,5000,SEEN_same_task_comparison; extra fullgene control information disclosed
HCT116,B010_TargetOnly_ridge,TargetControlExpression_CP4000,error_at_10,0.036005679393789375,0.03091652175005449,0.005089157643734885,-8.506800737580196e-05,0.01122859528394544,5000,5000,SEEN_same_task_comparison; extra fullgene control information disclosed
HCT116,B010_TargetOnly_ridge,TargetControlExpression_CP4000,error_at_20,0.035274714778667865,0.031649771878944785,0.00362494289972308,0.00032217296814416636,0.007044673073358189,5000,5000,SEEN_same_task_comparison; extra fullgene control information disclosed
HCT116,B010_TargetOnly_ridge,TargetControlExpression_CP4000,error_at_50,0.033424035084219456,0.03369595571865504,-0.00027192063443558234,-0.0016065377682235073,0.0015299535966004408,5000,5000,SEEN_same_task_comparison; extra fullgene control information disclosed
HCT116,B010_TargetOnly_ridge,TargetControlExpression_CP4000,high_risk_miss_rate,0.7727272727272727,0.7272727272727273,0.045454545454545414,-0.13636363636363646,0.15000000000000002,5000,5000,SEEN_same_task_comparison; extra fullgene control information disclosed
HCT116,B010_TargetOnly_hgb,TargetControlExpression_CP4000,utility20,0.0024103099701308912,0.15383250387195077,-0.15142219390181988,-0.38862046637652403,0.03765726381057224,5000,5000,SEEN_same_task_comparison; extra fullgene control information disclosed
HCT116,B010_TargetOnly_hgb,TargetControlExpression_CP4000,spearman,-0.01336502833785768,0.1401281373067654,-0.1534931656446231,-0.32891435115952167,0.018242944739868233,5000,5000,SEEN_same_task_comparison; extra fullgene control information disclosed
HCT116,B010_TargetOnly_hgb,TargetControlExpression_CP4000,aurc,0.033512036583051776,0.03269785746012735,0.0008141791229244258,-0.00037534748507928734,0.002007162052139932,5000,5000,SEEN_same_task_comparison; extra fullgene control information disclosed
HCT116,B010_TargetOnly_hgb,TargetControlExpression_CP4000,error_at_10,0.033224184608910044,0.03091652175005449,0.0023076628588555546,-0.002316835986862261,0.006649375174054995,5000,5000,SEEN_same_task_comparison; extra fullgene control information disclosed
HCT116,B010_TargetOnly_hgb,TargetControlExpression_CP4000,error_at_20,0.03429334983429598,0.031649771878944785,0.002643577955351195,-0.0018322823478930412,0.004881211600241723,5000,5000,SEEN_same_task_comparison; extra fullgene control information disclosed
HCT116,B010_TargetOnly_hgb,TargetControlExpression_CP4000,error_at_50,0.03408594154695181,0.03369595571865504,0.00038998582829677386,-0.0017981663334066978,0.0021187033894770834,5000,5000,SEEN_same_task_comparison; extra fullgene control information disclosed
HCT116,B010_TargetOnly_hgb,TargetControlExpression_CP4000,high_risk_miss_rate,0.7727272727272727,0.7272727272727273,0.045454545454545414,-0.1428571428571429,0.17391304347826098,5000,5000,SEEN_same_task_comparison; extra fullgene control information disclosed
HCT116,B010_PublicTarget_ridge,TargetControlExpression_CP4000,utility20,0.2705762784378987,0.15383250387195077,0.11674377456594795,-0.3492978172993514,0.41572845225154453,5000,5000,SEEN_same_task_comparison; extra fullgene control information disclosed
HCT116,B010_PublicTarget_ridge,TargetControlExpression_CP4000,spearman,0.16755978330888202,0.1401281373067654,0.027431646002116616,-0.18669870285820822,0.23109201397633783,5000,5000,SEEN_same_task_comparison; extra fullgene control information disclosed
HCT116,B010_PublicTarget_ridge,TargetControlExpression_CP4000,aurc,0.03203222317701164,0.03269785746012735,-0.0006656342831157097,-0.0020543118168044007,0.0006629513625248081,5000,5000,SEEN_same_task_comparison; extra fullgene control information disclosed
HCT116,B010_PublicTarget_ridge,TargetControlExpression_CP4000,error_at_10,0.02959331786347755,0.03091652175005449,-0.0013232038865769388,-0.006422709627628686,0.0033395486193620533,5000,5000,SEEN_same_task_comparison; extra fullgene control information disclosed
HCT116,B010_PublicTarget_ridge,TargetControlExpression_CP4000,error_at_20,0.03136138946555539,0.031649771878944785,-0.00028838241338939585,-0.003603849897792481,0.002174513850642819,5000,5000,SEEN_same_task_comparison; extra fullgene control information disclosed
HCT116,B010_PublicTarget_ridge,TargetControlExpression_CP4000,error_at_50,0.03239346823045922,0.03369595571865504,-0.0013024874881958151,-0.0034474324915328637,0.0008105593170355681,5000,5000,SEEN_same_task_comparison; extra fullgene control information disclosed
HCT116,B010_PublicTarget_ridge,TargetControlExpression_CP4000,high_risk_miss_rate,0.6363636363636364,0.7272727272727273,-0.09090909090909094,-0.27797619047619043,0.17391304347826086,5000,5000,SEEN_same_task_comparison; extra fullgene control information disclosed
HCT116,B010_PublicTarget_hgb,TargetControlExpression_CP4000,utility20,0.0024103099701308912,0.15383250387195077,-0.15142219390181988,-0.38862046637652403,0.03765726381057224,5000,5000,SEEN_same_task_comparison; extra fullgene control information disclosed
HCT116,B010_PublicTarget_hgb,TargetControlExpression_CP4000,spearman,-0.01336502833785768,0.1401281373067654,-0.1534931656446231,-0.32891435115952167,0.018242944739868233,5000,5000,SEEN_same_task_comparison; extra fullgene control information disclosed
HCT116,B010_PublicTarget_hgb,TargetControlExpression_CP4000,aurc,0.033512036583051776,0.03269785746012735,0.0008141791229244258,-0.00037534748507928734,0.002007162052139932,5000,5000,SEEN_same_task_comparison; extra fullgene control information disclosed
HCT116,B010_PublicTarget_hgb,TargetControlExpression_CP4000,error_at_10,0.033224184608910044,0.03091652175005449,0.0023076628588555546,-0.002316835986862261,0.006649375174054995,5000,5000,SEEN_same_task_comparison; extra fullgene control information disclosed
HCT116,B010_PublicTarget_hgb,TargetControlExpression_CP4000,error_at_20,0.03429334983429598,0.031649771878944785,0.002643577955351195,-0.0018322823478930412,0.004881211600241723,5000,5000,SEEN_same_task_comparison; extra fullgene control information disclosed
HCT116,B010_PublicTarget_hgb,TargetControlExpression_CP4000,error_at_50,0.03408594154695181,0.03369595571865504,0.00038998582829677386,-0.0017981663334066978,0.0021187033894770834,5000,5000,SEEN_same_task_comparison; extra fullgene control information disclosed
HCT116,B010_PublicTarget_hgb,TargetControlExpression_CP4000,high_risk_miss_rate,0.7727272727272727,0.7272727272727273,0.045454545454545414,-0.1428571428571429,0.17391304347826098,5000,5000,SEEN_same_task_comparison; extra fullgene control information disclosed
HCT116,B010_SharedTarget_ridge,TargetControlExpression_CP4000,utility20,0.2315847943314112,0.15383250387195077,0.07775229045946042,-0.35177368122502867,0.3506819203802425,5000,5000,SEEN_same_task_comparison; extra fullgene control information disclosed
HCT116,B010_SharedTarget_ridge,TargetControlExpression_CP4000,spearman,0.16291993113141576,0.1401281373067654,0.022791793824650353,-0.19423131495472623,0.2386414660584378,5000,5000,SEEN_same_task_comparison; extra fullgene control information disclosed
HCT116,B010_SharedTarget_ridge,TargetControlExpression_CP4000,aurc,0.03206258848558933,0.03269785746012735,-0.0006352689745380211,-0.0020568323002853692,0.000708053830037419,5000,5000,SEEN_same_task_comparison; extra fullgene control information disclosed
HCT116,B010_SharedTarget_ridge,TargetControlExpression_CP4000,error_at_10,0.02992338145346338,0.03091652175005449,-0.0009931402965911093,-0.0060807442574752546,0.0034653650502113114,5000,5000,SEEN_same_task_comparison; extra fullgene control information disclosed
HCT116,B010_SharedTarget_ridge,TargetControlExpression_CP4000,error_at_20,0.030668276950650705,0.031649771878944785,-0.00098149492829408,-0.0039888588558871525,0.0013796635760686534,5000,5000,SEEN_same_task_comparison; extra fullgene control information disclosed
HCT116,B010_SharedTarget_ridge,TargetControlExpression_CP4000,error_at_50,0.03266631876266769,0.03369595571865504,-0.0010296369559873453,-0.0034320336979999757,0.0011837932577081702,5000,5000,SEEN_same_task_comparison; extra fullgene control information disclosed
HCT116,B010_SharedTarget_ridge,TargetControlExpression_CP4000,high_risk_miss_rate,0.5909090909090908,0.7272727272727273,-0.13636363636363646,-0.30000000000000004,0.13043478260869557,5000,5000,SEEN_same_task_comparison; extra fullgene control information disclosed
HCT116,B010_SharedTarget_hgb,TargetControlExpression_CP4000,utility20,0.0024103099701308912,0.15383250387195077,-0.15142219390181988,-0.38862046637652403,0.03765726381057224,5000,5000,SEEN_same_task_comparison; extra fullgene control information disclosed
HCT116,B010_SharedTarget_hgb,TargetControlExpression_CP4000,spearman,-0.01336502833785768,0.1401281373067654,-0.1534931656446231,-0.32891435115952167,0.018242944739868233,5000,5000,SEEN_same_task_comparison; extra fullgene control information disclosed
HCT116,B010_SharedTarget_hgb,TargetControlExpression_CP4000,aurc,0.033512036583051776,0.03269785746012735,0.0008141791229244258,-0.00037534748507928734,0.002007162052139932,5000,5000,SEEN_same_task_comparison; extra fullgene control information disclosed
HCT116,B010_SharedTarget_hgb,TargetControlExpression_CP4000,error_at_10,0.033224184608910044,0.03091652175005449,0.0023076628588555546,-0.002316835986862261,0.006649375174054995,5000,5000,SEEN_same_task_comparison; extra fullgene control information disclosed
HCT116,B010_SharedTarget_hgb,TargetControlExpression_CP4000,error_at_20,0.03429334983429598,0.031649771878944785,0.002643577955351195,-0.0018322823478930412,0.004881211600241723,5000,5000,SEEN_same_task_comparison; extra fullgene control information disclosed
HCT116,B010_SharedTarget_hgb,TargetControlExpression_CP4000,error_at_50,0.03408594154695181,0.03369595571865504,0.00038998582829677386,-0.0017981663334066978,0.0021187033894770834,5000,5000,SEEN_same_task_comparison; extra fullgene control information disclosed
HCT116,B010_SharedTarget_hgb,TargetControlExpression_CP4000,high_risk_miss_rate,0.7727272727272727,0.7272727272727273,0.045454545454545414,-0.1428571428571429,0.17391304347826098,5000,5000,SEEN_same_task_comparison; extra fullgene control information disclosed
HCT116,B025_TargetOnly_ridge,TargetControlExpression_CP4000,utility20,0.01987659900974771,0.15383250387195077,-0.13395590486220305,-0.3723351554429569,0.07653277533861705,5000,5000,SEEN_same_task_comparison; extra fullgene control information disclosed
HCT116,B025_TargetOnly_ridge,TargetControlExpression_CP4000,spearman,-0.032122494562981246,0.1401281373067654,-0.17225063186974665,-0.29035412588648224,-0.059593117370214006,5000,5000,SEEN_same_task_comparison; extra fullgene control information disclosed
HCT116,B025_TargetOnly_ridge,TargetControlExpression_CP4000,aurc,0.0340964581156498,0.03269785746012735,0.0013986006555224487,0.0005710695564287224,0.0023861824355553224,5000,5000,SEEN_same_task_comparison; extra fullgene control information disclosed
HCT116,B025_TargetOnly_ridge,TargetControlExpression_CP4000,error_at_10,0.033934328414205774,0.03091652175005449,0.003017806664151284,-0.0006369041975542663,0.008863444868066781,5000,5000,SEEN_same_task_comparison; extra fullgene control information disclosed
HCT116,B025_TargetOnly_ridge,TargetControlExpression_CP4000,error_at_20,0.03470626223846415,0.031649771878944785,0.0030564903595193676,-0.00034875981727485735,0.006284569804944224,5000,5000,SEEN_same_task_comparison; extra fullgene control information disclosed
HCT116,B025_TargetOnly_ridge,TargetControlExpression_CP4000,error_at_50,0.03374197358831,0.03369595571865504,4.601786965496152e-05,-0.0015090097085641593,0.0017918270171914882,5000,5000,SEEN_same_task_comparison; extra fullgene control information disclosed
HCT116,B025_TargetOnly_ridge,TargetControlExpression_CP4000,high_risk_miss_rate,0.7727272727272727,0.7272727272727273,0.045454545454545414,-0.13636363636363646,0.15019736842104978,5000,5000,SEEN_same_task_comparison; extra fullgene control information disclosed
HCT116,B025_TargetOnly_hgb,TargetControlExpression_CP4000,utility20,0.06673502962912287,0.15383250387195077,-0.0870974742428279,-0.41552290671849507,0.2984334926413148,5000,5000,SEEN_same_task_comparison; extra fullgene control information disclosed
HCT116,B025_TargetOnly_hgb,TargetControlExpression_CP4000,spearman,0.10440323740968566,0.1401281373067654,-0.03572489989707975,-0.19747461301565486,0.12411731090411497,5000,5000,SEEN_same_task_comparison; extra fullgene control information disclosed
HCT116,B025_TargetOnly_hgb,TargetControlExpression_CP4000,aurc,0.0330238765307905,0.03269785746012735,0.0003260190706631527,-0.0008219346539816352,0.0014502617658523815,5000,5000,SEEN_same_task_comparison; extra fullgene control information disclosed
HCT116,B025_TargetOnly_hgb,TargetControlExpression_CP4000,error_at_10,0.032464971649369206,0.03091652175005449,0.0015484498993147168,-0.003487017837445186,0.005986919598435024,5000,5000,SEEN_same_task_comparison; extra fullgene control information disclosed
HCT116,B025_TargetOnly_hgb,TargetControlExpression_CP4000,error_at_20,0.03253502695974513,0.031649771878944785,0.000885255080800347,-0.0022954779597324435,0.003549931450771069,5000,5000,SEEN_same_task_comparison; extra fullgene control information disclosed
HCT116,B025_TargetOnly_hgb,TargetControlExpression_CP4000,error_at_50,0.032845042118817745,0.03369595571865504,-0.0008509135998372927,-0.0026109966935282825,0.0013322323688742142,5000,5000,SEEN_same_task_comparison; extra fullgene control information disclosed
HCT116,B025_TargetOnly_hgb,TargetControlExpression_CP4000,high_risk_miss_rate,0.7727272727272727,0.7272727272727273,0.045454545454545414,-0.18181818181818177,0.23809523809523814,5000,5000,SEEN_same_task_comparison; extra fullgene control information disclosed
HCT116,B025_PublicTarget_ridge,TargetControlExpression_CP4000,utility20,0.2147983911314647,0.15383250387195077,0.060965887259513935,-0.3289189339300178,0.4474400641774516,5000,5000,SEEN_same_task_comparison; extra fullgene control information disclosed
HCT116,B025_PublicTarget_ridge,TargetControlExpression_CP4000,spearman,0.1401903493423189,0.1401281373067654,6.221203555348276e-05,-0.2241654382256137,0.20656555996255957,5000,5000,SEEN_same_task_comparison; extra fullgene control information disclosed
HCT116,B025_PublicTarget_ridge,TargetControlExpression_CP4000,aurc,0.032179517094002894,0.03269785746012735,-0.0005183403661244562,-0.001972084598636168,0.0008921461707050291,5000,5000,SEEN_same_task_comparison; extra fullgene control information disclosed
HCT116,B025_PublicTarget_ridge,TargetControlExpression_CP4000,error_at_10,0.0300279505401458,0.03091652175005449,-0.0008885712099086888,-0.006261792222343707,0.0036715363483148895,5000,5000,SEEN_same_task_comparison; extra fullgene control information disclosed
HCT116,B025_PublicTarget_ridge,TargetControlExpression_CP4000,error_at_20,0.031708543179929986,0.031649771878944785,5.877130098520117e-05,-0.003486594020393591,0.0025356297668742865,5000,5000,SEEN_same_task_comparison; extra fullgene control information disclosed
HCT116,B025_PublicTarget_ridge,TargetControlExpression_CP4000,error_at_50,0.03304259134365995,0.03369595571865504,-0.0006533643749950871,-0.0032059890223279926,0.0014116115112773361,5000,5000,SEEN_same_task_comparison; extra fullgene control information disclosed
HCT116,B025_PublicTarget_ridge,TargetControlExpression_CP4000,high_risk_miss_rate,0.6818181818181819,0.7272727272727273,-0.045454545454545414,-0.26086956521739124,0.19047619047619047,5000,5000,SEEN_same_task_comparison; extra fullgene control information disclosed
HCT116,B025_PublicTarget_hgb,TargetControlExpression_CP4000,utility20,0.0750524843180336,0.15383250387195077,-0.07878001955391717,-0.47185519893331385,0.27720222386126375,5000,5000,SEEN_same_task_comparison; extra fullgene control information disclosed
HCT116,B025_PublicTarget_hgb,TargetControlExpression_CP4000,spearman,0.0944974220682996,0.1401281373067654,-0.045630715238465805,-0.2055365113802798,0.1151086059299939,5000,5000,SEEN_same_task_comparison; extra fullgene control information disclosed
HCT116,B025_PublicTarget_hgb,TargetControlExpression_CP4000,aurc,0.03302645605276926,0.03269785746012735,0.00032859859264190716,-0.0008305059227101969,0.0014134186267029977,5000,5000,SEEN_same_task_comparison; extra fullgene control information disclosed
HCT116,B025_PublicTarget_hgb,TargetControlExpression_CP4000,error_at_10,0.03354173150793954,0.03091652175005449,0.002625209757885053,-0.0036708006842837027,0.006515664522725057,5000,5000,SEEN_same_task_comparison; extra fullgene control information disclosed
HCT116,B025_PublicTarget_hgb,TargetControlExpression_CP4000,error_at_20,0.03274175775748628,0.031649771878944785,0.0010919858785414932,-0.002685430778742122,0.003397761749302549,5000,5000,SEEN_same_task_comparison; extra fullgene control information disclosed
HCT116,B025_PublicTarget_hgb,TargetControlExpression_CP4000,error_at_50,0.032773445092142,0.03369595571865504,-0.0009225106265130373,-0.0027754247285108175,0.0009834489837149552,5000,5000,SEEN_same_task_comparison; extra fullgene control information disclosed
HCT116,B025_PublicTarget_hgb,TargetControlExpression_CP4000,high_risk_miss_rate,0.7727272727272727,0.7272727272727273,0.045454545454545414,-0.1428571428571429,0.2727272727272727,5000,5000,SEEN_same_task_comparison; extra fullgene control information disclosed
HCT116,B025_SharedTarget_ridge,TargetControlExpression_CP4000,utility20,0.19250762120647155,0.15383250387195077,0.03867511733452078,-0.32352087749770264,0.43889636249524966,5000,5000,SEEN_same_task_comparison; extra fullgene control information disclosed
HCT116,B025_SharedTarget_ridge,TargetControlExpression_CP4000,spearman,0.16045965980977228,0.1401281373067654,0.020331522503006877,-0.19798070064222634,0.2296435480204469,5000,5000,SEEN_same_task_comparison; extra fullgene control information disclosed
HCT116,B025_SharedTarget_ridge,TargetControlExpression_CP4000,aurc,0.03216381430609294,0.03269785746012735,-0.0005340431540344082,-0.0020261753133137836,0.0009394490763177461,5000,5000,SEEN_same_task_comparison; extra fullgene control information disclosed
HCT116,B025_SharedTarget_ridge,TargetControlExpression_CP4000,error_at_10,0.030733494311813877,0.03091652175005449,-0.00018302743824061274,-0.005562225744932272,0.004438129565704436,5000,5000,SEEN_same_task_comparison; extra fullgene control information disclosed
HCT116,B025_SharedTarget_ridge,TargetControlExpression_CP4000,error_at_20,0.03160223496167997,0.031649771878944785,-4.7536917264813516e-05,-0.003673454951217137,0.002263998254659446,5000,5000,SEEN_same_task_comparison; extra fullgene control information disclosed
HCT116,B025_SharedTarget_ridge,TargetControlExpression_CP4000,error_at_50,0.03260132835225374,0.03369595571865504,-0.001094627366401299,-0.003353475587147314,0.0010339777390792958,5000,5000,SEEN_same_task_comparison; extra fullgene control information disclosed
HCT116,B025_SharedTarget_ridge,TargetControlExpression_CP4000,high_risk_miss_rate,0.6818181818181819,0.7272727272727273,-0.045454545454545414,-0.2857142857142857,0.15000000000000002,5000,5000,SEEN_same_task_comparison; extra fullgene control information disclosed
HCT116,B025_SharedTarget_hgb,TargetControlExpression_CP4000,utility20,0.0750524843180336,0.15383250387195077,-0.07878001955391717,-0.47185519893331385,0.27720222386126375,5000,5000,SEEN_same_task_comparison; extra fullgene control information disclosed
HCT116,B025_SharedTarget_hgb,TargetControlExpression_CP4000,spearman,0.0944974220682996,0.1401281373067654,-0.045630715238465805,-0.2055365113802798,0.1151086059299939,5000,5000,SEEN_same_task_comparison; extra fullgene control information disclosed
HCT116,B025_SharedTarget_hgb,TargetControlExpression_CP4000,aurc,0.03302645605276926,0.03269785746012735,0.00032859859264190716,-0.0008305059227101969,0.0014134186267029977,5000,5000,SEEN_same_task_comparison; extra fullgene control information disclosed
HCT116,B025_SharedTarget_hgb,TargetControlExpression_CP4000,error_at_10,0.03354173150793954,0.03091652175005449,0.002625209757885053,-0.0036708006842837027,0.006515664522725057,5000,5000,SEEN_same_task_comparison; extra fullgene control information disclosed
HCT116,B025_SharedTarget_hgb,TargetControlExpression_CP4000,error_at_20,0.03274175775748628,0.031649771878944785,0.0010919858785414932,-0.002685430778742122,0.003397761749302549,5000,5000,SEEN_same_task_comparison; extra fullgene control information disclosed
HCT116,B025_SharedTarget_hgb,TargetControlExpression_CP4000,error_at_50,0.032773445092142,0.03369595571865504,-0.0009225106265130373,-0.0027754247285108175,0.0009834489837149552,5000,5000,SEEN_same_task_comparison; extra fullgene control information disclosed
HCT116,B025_SharedTarget_hgb,TargetControlExpression_CP4000,high_risk_miss_rate,0.7727272727272727,0.7272727272727273,0.045454545454545414,-0.1428571428571429,0.2727272727272727,5000,5000,SEEN_same_task_comparison; extra fullgene control information disclosed
HCT116,B050_TargetOnly_ridge,TargetControlExpression_CP4000,utility20,0.01987659900974771,0.15383250387195077,-0.13395590486220305,-0.3688767660437387,0.08281440424016329,5000,5000,SEEN_same_task_comparison; extra fullgene control information disclosed
HCT116,B050_TargetOnly_ridge,TargetControlExpression_CP4000,spearman,-0.046268539744117244,0.1401281373067654,-0.18639667705088264,-0.31176142024306286,-0.06685596380638605,5000,5000,SEEN_same_task_comparison; extra fullgene control information disclosed
HCT116,B050_TargetOnly_ridge,TargetControlExpression_CP4000,aurc,0.03446273659975843,0.03269785746012735,0.0017648791396310815,0.0007353703801691782,0.0028276031250585396,5000,5000,SEEN_same_task_comparison; extra fullgene control information disclosed
HCT116,B050_TargetOnly_ridge,TargetControlExpression_CP4000,error_at_10,0.03439636718583078,0.03091652175005449,0.003479845435776289,6.140681899419046e-05,0.009177066837227245,5000,5000,SEEN_same_task_comparison; extra fullgene control information disclosed
HCT116,B050_TargetOnly_ridge,TargetControlExpression_CP4000,error_at_20,0.03481971006982708,0.031649771878944785,0.0031699381908822932,9.683751110991406e-06,0.006633737601264286,5000,5000,SEEN_same_task_comparison; extra fullgene control information disclosed
HCT116,B050_TargetOnly_ridge,TargetControlExpression_CP4000,error_at_50,0.033700263693860824,0.03369595571865504,4.307975205786185e-06,-0.0015584160554189387,0.0018029672975707293,5000,5000,SEEN_same_task_comparison; extra fullgene control information disclosed
HCT116,B050_TargetOnly_ridge,TargetControlExpression_CP4000,high_risk_miss_rate,0.7727272727272727,0.7272727272727273,0.045454545454545414,-0.13636363636363646,0.15019736842104978,5000,5000,SEEN_same_task_comparison; extra fullgene control information disclosed
HCT116,B050_TargetOnly_hgb,TargetControlExpression_CP4000,utility20,0.16864576581320603,0.15383250387195077,0.014813261941255262,-0.28831332373125507,0.30624045161838964,5000,5000,SEEN_same_task_comparison; extra fullgene control information disclosed
HCT116,B050_TargetOnly_hgb,TargetControlExpression_CP4000,spearman,0.1092615641173402,0.1401281373067654,-0.030866573189425206,-0.20796410509171506,0.13622545961081664,5000,5000,SEEN_same_task_comparison; extra fullgene control information disclosed
HCT116,B050_TargetOnly_hgb,TargetControlExpression_CP4000,aurc,0.03305245534007263,0.03269785746012735,0.00035459787994528147,-0.0007766975414276688,0.001463172608706258,5000,5000,SEEN_same_task_comparison; extra fullgene control information disclosed
HCT116,B050_TargetOnly_hgb,TargetControlExpression_CP4000,error_at_10,0.03133281901205425,0.03091652175005449,0.00041629726199976166,-0.003633410784891522,0.004018025130294795,5000,5000,SEEN_same_task_comparison; extra fullgene control information disclosed
HCT116,B050_TargetOnly_hgb,TargetControlExpression_CP4000,error_at_20,0.03255576305971603,0.031649771878944785,0.000905991180771247,-0.002771326960878112,0.004058135013385025,5000,5000,SEEN_same_task_comparison; extra fullgene control information disclosed
HCT116,B050_TargetOnly_hgb,TargetControlExpression_CP4000,error_at_50,0.03275980701782054,0.03369595571865504,-0.0009361487008344993,-0.002731680869779885,0.0013315974628389914,5000,5000,SEEN_same_task_comparison; extra fullgene control information disclosed
HCT116,B050_TargetOnly_hgb,TargetControlExpression_CP4000,high_risk_miss_rate,0.7272727272727273,0.7272727272727273,0.0,-0.18181818181818188,0.15000000000000002,5000,5000,SEEN_same_task_comparison; extra fullgene control information disclosed
HCT116,B050_PublicTarget_ridge,TargetControlExpression_CP4000,utility20,0.11619969831056216,0.15383250387195077,-0.03763280556138861,-0.40662600324880105,0.3586786185648718,5000,5000,SEEN_same_task_comparison; extra fullgene control information disclosed
HCT116,B050_PublicTarget_ridge,TargetControlExpression_CP4000,spearman,0.12181000617765664,0.1401281373067654,-0.018318131129108767,-0.25254491807826124,0.20435600608780788,5000,5000,SEEN_same_task_comparison; extra fullgene control information disclosed
HCT116,B050_PublicTarget_ridge,TargetControlExpression_CP4000,aurc,0.03233295042113873,0.03269785746012735,-0.0003649070389886225,-0.0019116462929553851,0.0010737541969671012,5000,5000,SEEN_same_task_comparison; extra fullgene control information disclosed
HCT116,B050_PublicTarget_ridge,TargetControlExpression_CP4000,error_at_10,0.029326104807921537,0.03091652175005449,-0.0015904169421329523,-0.007276455633271149,0.0036959884296662083,5000,5000,SEEN_same_task_comparison; extra fullgene control information disclosed
HCT116,B050_PublicTarget_ridge,TargetControlExpression_CP4000,error_at_20,0.03143958226560951,0.031649771878944785,-0.00021018961333527791,-0.0038879995811070887,0.0025257936022923724,5000,5000,SEEN_same_task_comparison; extra fullgene control information disclosed
HCT116,B050_PublicTarget_ridge,TargetControlExpression_CP4000,error_at_50,0.03256662084580718,0.03369595571865504,-0.0011293348728478592,-0.0032447730116111602,0.0013947437869052423,5000,5000,SEEN_same_task_comparison; extra fullgene control information disclosed
HCT116,B050_PublicTarget_ridge,TargetControlExpression_CP4000,high_risk_miss_rate,0.7272727272727273,0.7272727272727273,0.0,-0.2272727272727273,0.26086956521739124,5000,5000,SEEN_same_task_comparison; extra fullgene control information disclosed
HCT116,B050_PublicTarget_hgb,TargetControlExpression_CP4000,utility20,0.23918332932011083,0.15383250387195077,0.08535082544816006,-0.43567001811216227,0.5247860714235731,5000,5000,SEEN_same_task_comparison; extra fullgene control information disclosed
HCT116,B050_PublicTarget_hgb,TargetControlExpression_CP4000,spearman,0.08485709387577,0.1401281373067654,-0.0552710434309954,-0.32904952014120187,0.21021191698863972,5000,5000,SEEN_same_task_comparison; extra fullgene control information disclosed
HCT116,B050_PublicTarget_hgb,TargetControlExpression_CP4000,aurc,0.032937263928333925,0.03269785746012735,0.00023940646820657524,-0.0015114954841869072,0.0020637471887796827,5000,5000,SEEN_same_task_comparison; extra fullgene control information disclosed
HCT116,B050_PublicTarget_hgb,TargetControlExpression_CP4000,error_at_10,0.0323888959466983,0.03091652175005449,0.0014723741966438074,-0.004499370227161319,0.006990616472229662,5000,5000,SEEN_same_task_comparison; extra fullgene control information disclosed
HCT116,B050_PublicTarget_hgb,TargetControlExpression_CP4000,error_at_20,0.03171897180520782,0.031649771878944785,6.919992626303745e-05,-0.0035057323337953656,0.00360287349588252,5000,5000,SEEN_same_task_comparison; extra fullgene control information disclosed
HCT116,B050_PublicTarget_hgb,TargetControlExpression_CP4000,error_at_50,0.032905642416275034,0.03369595571865504,-0.0007903133023800038,-0.002962196438776544,0.0020129832575255485,5000,5000,SEEN_same_task_comparison; extra fullgene control information disclosed
HCT116,B050_PublicTarget_hgb,TargetControlExpression_CP4000,high_risk_miss_rate,0.6818181818181819,0.7272727272727273,-0.045454545454545414,-0.2857142857142857,0.23809523809523803,5000,5000,SEEN_same_task_comparison; extra fullgene control information disclosed
HCT116,B050_SharedTarget_ridge,TargetControlExpression_CP4000,utility20,0.09027733401840594,0.15383250387195077,-0.06355516985354483,-0.4110000555087214,0.35373295555653195,5000,5000,SEEN_same_task_comparison; extra fullgene control information disclosed
HCT116,B050_SharedTarget_ridge,TargetControlExpression_CP4000,spearman,0.1271852697649654,0.1401281373067654,-0.012942867541800018,-0.2473706248052931,0.2110669261895714,5000,5000,SEEN_same_task_comparison; extra fullgene control information disclosed
HCT116,B050_SharedTarget_ridge,TargetControlExpression_CP4000,aurc,0.03223443771120808,0.03269785746012735,-0.0004634197489192665,-0.0020289403076488187,0.0010414604619920769,5000,5000,SEEN_same_task_comparison; extra fullgene control information disclosed
HCT116,B050_SharedTarget_ridge,TargetControlExpression_CP4000,error_at_10,0.029522537432470887,0.03091652175005449,-0.0013939843175836027,-0.007140682958620751,0.0037552709188851067,5000,5000,SEEN_same_task_comparison; extra fullgene control information disclosed
HCT116,B050_SharedTarget_ridge,TargetControlExpression_CP4000,error_at_20,0.0318237530540122,0.031649771878944785,0.00017398117506741556,-0.003542101419298036,0.0027698868941302534,5000,5000,SEEN_same_task_comparison; extra fullgene control information disclosed
HCT116,B050_SharedTarget_ridge,TargetControlExpression_CP4000,error_at_50,0.03256662084580718,0.03369595571865504,-0.0011293348728478592,-0.0034460053832536084,0.0011301449061696673,5000,5000,SEEN_same_task_comparison; extra fullgene control information disclosed
HCT116,B050_SharedTarget_ridge,TargetControlExpression_CP4000,high_risk_miss_rate,0.7272727272727273,0.7272727272727273,0.0,-0.2272727272727273,0.26086956521739124,5000,5000,SEEN_same_task_comparison; extra fullgene control information disclosed
HCT116,B050_SharedTarget_hgb,TargetControlExpression_CP4000,utility20,0.30884543874716897,0.15383250387195077,0.1550129348752182,-0.40548872613585274,0.5311896543014857,5000,5000,SEEN_same_task_comparison; extra fullgene control information disclosed
HCT116,B050_SharedTarget_hgb,TargetControlExpression_CP4000,spearman,0.1208098728668783,0.1401281373067654,-0.0193182644398871,-0.2900920941194736,0.24428690991726595,5000,5000,SEEN_same_task_comparison; extra fullgene control information disclosed
HCT116,B050_SharedTarget_hgb,TargetControlExpression_CP4000,aurc,0.03257521732362417,0.03269785746012735,-0.00012264013650317707,-0.0018415852464063209,0.0015020653233965746,5000,5000,SEEN_same_task_comparison; extra fullgene control information disclosed
HCT116,B050_SharedTarget_hgb,TargetControlExpression_CP4000,error_at_10,0.029872206146453053,0.03091652175005449,-0.0010443156036014367,-0.005649414062345006,0.003921779221853766,5000,5000,SEEN_same_task_comparison; extra fullgene control information disclosed
HCT116,B050_SharedTarget_hgb,TargetControlExpression_CP4000,error_at_20,0.03195799427215839,0.031649771878944785,0.0003082223932136044,-0.0036957053101420775,0.0036302441209580183,5000,5000,SEEN_same_task_comparison; extra fullgene control information disclosed
HCT116,B050_SharedTarget_hgb,TargetControlExpression_CP4000,error_at_50,0.03267824433543495,0.03369595571865504,-0.0010177113832200851,-0.003351185294683625,0.001624096632238026,5000,5000,SEEN_same_task_comparison; extra fullgene control information disclosed
HCT116,B050_SharedTarget_hgb,TargetControlExpression_CP4000,high_risk_miss_rate,0.6818181818181819,0.7272727272727273,-0.045454545454545414,-0.2857142857142856,0.23809523809523814,5000,5000,SEEN_same_task_comparison; extra fullgene control information disclosed
HCT116,B075_TargetOnly_ridge,TargetControlExpression_CP4000,utility20,-0.012295818880334583,0.15383250387195077,-0.16612832275228534,-0.3751763576238615,0.06740965109133398,5000,5000,SEEN_same_task_comparison; extra fullgene control information disclosed
HCT116,B075_TargetOnly_ridge,TargetControlExpression_CP4000,spearman,-0.05100021552146398,0.1401281373067654,-0.19112835282822938,-0.3267437876257214,-0.061748465170195777,5000,5000,SEEN_same_task_comparison; extra fullgene control information disclosed
HCT116,B075_TargetOnly_ridge,TargetControlExpression_CP4000,aurc,0.03445960463626386,0.03269785746012735,0.0017617471761365092,0.0008229087447749991,0.0027147981525822026,5000,5000,SEEN_same_task_comparison; extra fullgene control information disclosed
HCT116,B075_TargetOnly_ridge,TargetControlExpression_CP4000,error_at_10,0.03486629497714272,0.03091652175005449,0.00394977322708823,-0.00014255538789413895,0.009560571851391308,5000,5000,SEEN_same_task_comparison; extra fullgene control information disclosed
HCT116,B075_TargetOnly_ridge,TargetControlExpression_CP4000,error_at_20,0.03515171575114848,0.031649771878944785,0.0035019438722036916,9.219278660913909e-08,0.006651343922663505,5000,5000,SEEN_same_task_comparison; extra fullgene control information disclosed
HCT116,B075_TargetOnly_ridge,TargetControlExpression_CP4000,error_at_50,0.03374641566524285,0.03369595571865504,5.045994658781083e-05,-0.0014074185698249593,0.0020589792749839326,5000,5000,SEEN_same_task_comparison; extra fullgene control information disclosed
HCT116,B075_TargetOnly_ridge,TargetControlExpression_CP4000,high_risk_miss_rate,0.7727272727272727,0.7272727272727273,0.045454545454545414,-0.13636363636363646,0.15019736842104978,5000,5000,SEEN_same_task_comparison; extra fullgene control information disclosed
HCT116,B075_TargetOnly_hgb,TargetControlExpression_CP4000,utility20,0.17042561470505618,0.15383250387195077,0.016593110833105412,-0.2947168039081626,0.24866278089382268,5000,5000,SEEN_same_task_comparison; extra fullgene control information disclosed
HCT116,B075_TargetOnly_hgb,TargetControlExpression_CP4000,spearman,0.059128143956099964,0.1401281373067654,-0.08099999335066543,-0.23404560691705042,0.06519771845172866,5000,5000,SEEN_same_task_comparison; extra fullgene control information disclosed
HCT116,B075_TargetOnly_hgb,TargetControlExpression_CP4000,aurc,0.03345579264337599,0.03269785746012735,0.0007579351832486397,-0.00033270622907756366,0.0018537819251779053,5000,5000,SEEN_same_task_comparison; extra fullgene control information disclosed
HCT116,B075_TargetOnly_hgb,TargetControlExpression_CP4000,error_at_10,0.0336421725829172,0.03091652175005449,0.002725650832862709,-0.0020225510678819293,0.008032066180033675,5000,5000,SEEN_same_task_comparison; extra fullgene control information disclosed
HCT116,B075_TargetOnly_hgb,TargetControlExpression_CP4000,error_at_20,0.03403320504922512,0.031649771878944785,0.0023834331702803357,-0.001420297385077355,0.004937585944069322,5000,5000,SEEN_same_task_comparison; extra fullgene control information disclosed
HCT116,B075_TargetOnly_hgb,TargetControlExpression_CP4000,error_at_50,0.03372189568743679,0.03369595571865504,2.5939968781751865e-05,-0.0019882576853593095,0.0015818638119609323,5000,5000,SEEN_same_task_comparison; extra fullgene control information disclosed
HCT116,B075_TargetOnly_hgb,TargetControlExpression_CP4000,high_risk_miss_rate,0.7272727272727273,0.7272727272727273,0.0,-0.18181818181818177,0.1428571428571428,5000,5000,SEEN_same_task_comparison; extra fullgene control information disclosed
HCT116,B075_PublicTarget_ridge,TargetControlExpression_CP4000,utility20,0.12742820396164048,0.15383250387195077,-0.02640429991031029,-0.427843171043855,0.34646158696951035,5000,5000,SEEN_same_task_comparison; extra fullgene control information disclosed
HCT116,B075_PublicTarget_ridge,TargetControlExpression_CP4000,spearman,0.1043567280825836,0.1401281373067654,-0.0357714092241818,-0.2789557627645243,0.1997642760648982,5000,5000,SEEN_same_task_comparison; extra fullgene control information disclosed
HCT116,B075_PublicTarget_ridge,TargetControlExpression_CP4000,aurc,0.03244703683483957,0.03269785746012735,-0.0002508206252877787,-0.0018431766310007991,0.0012386369956550818,5000,5000,SEEN_same_task_comparison; extra fullgene control information disclosed
HCT116,B075_PublicTarget_ridge,TargetControlExpression_CP4000,error_at_10,0.029854891580391604,0.03091652175005449,-0.0010616301696628853,-0.0070075436431778736,0.004110532269638419,5000,5000,SEEN_same_task_comparison; extra fullgene control information disclosed
HCT116,B075_PublicTarget_ridge,TargetControlExpression_CP4000,error_at_20,0.0316628451269712,0.031649771878944785,1.3073248026414241e-05,-0.0036614094871845718,0.0022941940755630713,5000,5000,SEEN_same_task_comparison; extra fullgene control information disclosed
HCT116,B075_PublicTarget_ridge,TargetControlExpression_CP4000,error_at_50,0.032723211898760915,0.03369595571865504,-0.000972743819894123,-0.0033769742784816436,0.0013487581866449842,5000,5000,SEEN_same_task_comparison; extra fullgene control information disclosed
HCT116,B075_PublicTarget_ridge,TargetControlExpression_CP4000,high_risk_miss_rate,0.7272727272727273,0.7272727272727273,0.0,-0.19999999999999996,0.2857142857142857,5000,5000,SEEN_same_task_comparison; extra fullgene control information disclosed
HCT116,B075_PublicTarget_hgb,TargetControlExpression_CP4000,utility20,0.06592254795544547,0.15383250387195077,-0.0879099559165053,-0.4165999414385134,0.3615702632575637,5000,5000,SEEN_same_task_comparison; extra fullgene control information disclosed
HCT116,B075_PublicTarget_hgb,TargetControlExpression_CP4000,spearman,0.18061678324418584,0.1401281373067654,0.04048864593742044,-0.2148050938209825,0.2933426250668254,5000,5000,SEEN_same_task_comparison; extra fullgene control information disclosed
HCT116,B075_PublicTarget_hgb,TargetControlExpression_CP4000,aurc,0.032390621474272886,0.03269785746012735,-0.0003072359858544635,-0.0019466736273339089,0.0012749761406283598,5000,5000,SEEN_same_task_comparison; extra fullgene control information disclosed
HCT116,B075_PublicTarget_hgb,TargetControlExpression_CP4000,error_at_10,0.029991400991910947,0.03091652175005449,-0.0009251207581435425,-0.006113850647144197,0.00466582562798632,5000,5000,SEEN_same_task_comparison; extra fullgene control information disclosed
HCT116,B075_PublicTarget_hgb,TargetControlExpression_CP4000,error_at_20,0.0316951975963578,0.031649771878944785,4.5425717413012656e-05,-0.003928312619511649,0.0030553489827129404,5000,5000,SEEN_same_task_comparison; extra fullgene control information disclosed
HCT116,B075_PublicTarget_hgb,TargetControlExpression_CP4000,error_at_50,0.03228444968508784,0.03369595571865504,-0.0014115060335671975,-0.0038758162177098755,0.0009487720232156347,5000,5000,SEEN_same_task_comparison; extra fullgene control information disclosed
HCT116,B075_PublicTarget_hgb,TargetControlExpression_CP4000,high_risk_miss_rate,0.7727272727272727,0.7272727272727273,0.045454545454545414,-0.25,0.2727272727272727,5000,5000,SEEN_same_task_comparison; extra fullgene control information disclosed
HCT116,B075_SharedTarget_ridge,TargetControlExpression_CP4000,utility20,0.11044671821979501,0.15383250387195077,-0.043385785652155756,-0.43515354237125337,0.33043811138411167,5000,5000,SEEN_same_task_comparison; extra fullgene control information disclosed
HCT116,B075_SharedTarget_ridge,TargetControlExpression_CP4000,spearman,0.11106484909111596,0.1401281373067654,-0.02906328821564945,-0.2720618654154723,0.20413424006708497,5000,5000,SEEN_same_task_comparison; extra fullgene control information disclosed
HCT116,B075_SharedTarget_ridge,TargetControlExpression_CP4000,aurc,0.03243509805554039,0.03269785746012735,-0.00026275940458696245,-0.0018509160984458279,0.001276622115049167,5000,5000,SEEN_same_task_comparison; extra fullgene control information disclosed
HCT116,B075_SharedTarget_ridge,TargetControlExpression_CP4000,error_at_10,0.030342856758023725,0.03091652175005449,-0.0005736649920307646,-0.006118482584010575,0.00460221956208056,5000,5000,SEEN_same_task_comparison; extra fullgene control information disclosed
HCT116,B075_SharedTarget_ridge,TargetControlExpression_CP4000,error_at_20,0.031498134072968656,0.031649771878944785,-0.0001516378059761292,-0.003593498259162102,0.0027703001220118826,5000,5000,SEEN_same_task_comparison; extra fullgene control information disclosed
HCT116,B075_SharedTarget_ridge,TargetControlExpression_CP4000,error_at_50,0.03267513614584436,0.03369595571865504,-0.00102081957281068,-0.0035039333479156354,0.001183967572745861,5000,5000,SEEN_same_task_comparison; extra fullgene control information disclosed
HCT116,B075_SharedTarget_ridge,TargetControlExpression_CP4000,high_risk_miss_rate,0.7272727272727273,0.7272727272727273,0.0,-0.19999999999999996,0.2857142857142856,5000,5000,SEEN_same_task_comparison; extra fullgene control information disclosed
HCT116,B075_SharedTarget_hgb,TargetControlExpression_CP4000,utility20,0.10062279894343203,0.15383250387195077,-0.053209704928518745,-0.44026856895485617,0.26138699808102933,5000,5000,SEEN_same_task_comparison; extra fullgene control information disclosed
HCT116,B075_SharedTarget_hgb,TargetControlExpression_CP4000,spearman,0.12122102705774015,0.1401281373067654,-0.01890711024902525,-0.276844951174957,0.23404005899438968,5000,5000,SEEN_same_task_comparison; extra fullgene control information disclosed
HCT116,B075_SharedTarget_hgb,TargetControlExpression_CP4000,aurc,0.03261618196189686,0.03269785746012735,-8.167549823048792e-05,-0.0017184552365081928,0.001432387413217416,5000,5000,SEEN_same_task_comparison; extra fullgene control information disclosed
HCT116,B075_SharedTarget_hgb,TargetControlExpression_CP4000,error_at_10,0.031148792781584958,0.03091652175005449,0.00023227103153046838,-0.00578865769028033,0.004139507151445489,5000,5000,SEEN_same_task_comparison; extra fullgene control information disclosed
HCT116,B075_SharedTarget_hgb,TargetControlExpression_CP4000,error_at_20,0.031433227139865516,0.031649771878944785,-0.00021654473907926908,-0.004333233365616411,0.0026769004937865484,5000,5000,SEEN_same_task_comparison; extra fullgene control information disclosed
HCT116,B075_SharedTarget_hgb,TargetControlExpression_CP4000,error_at_50,0.032464280895502316,0.03369595571865504,-0.0012316748231527216,-0.00359409230111289,0.0012811277004967116,5000,5000,SEEN_same_task_comparison; extra fullgene control information disclosed
HCT116,B075_SharedTarget_hgb,TargetControlExpression_CP4000,high_risk_miss_rate,0.7727272727272727,0.7272727272727273,0.045454545454545414,-0.19047619047619047,0.31818181818181823,5000,5000,SEEN_same_task_comparison; extra fullgene control information disclosed
HCT116,B100_TargetOnly_ridge,TargetControlExpression_CP4000,utility20,-0.012295818880334583,0.15383250387195077,-0.16612832275228534,-0.3778171923797435,0.07408753814137078,5000,5000,SEEN_same_task_comparison; extra fullgene control information disclosed
HCT116,B100_TargetOnly_ridge,TargetControlExpression_CP4000,spearman,-0.05802425596112777,0.1401281373067654,-0.1981523932678932,-0.3299797845344665,-0.07234346890458093,5000,5000,SEEN_same_task_comparison; extra fullgene control information disclosed
HCT116,B100_TargetOnly_ridge,TargetControlExpression_CP4000,aurc,0.03450503783987868,0.03269785746012735,0.001807180379751333,0.0008514012843266735,0.002793118990708864,5000,5000,SEEN_same_task_comparison; extra fullgene control information disclosed
HCT116,B100_TargetOnly_ridge,TargetControlExpression_CP4000,error_at_10,0.034396367185830785,0.03091652175005449,0.0034798454357762958,6.502687095628468e-05,0.009564728710673124,5000,5000,SEEN_same_task_comparison; extra fullgene control information disclosed
HCT116,B100_TargetOnly_ridge,TargetControlExpression_CP4000,error_at_20,0.03530729272650488,0.031649771878944785,0.003657520847560096,0.0002946274339491746,0.00688118570895285,5000,5000,SEEN_same_task_comparison; extra fullgene control information disclosed
HCT116,B100_TargetOnly_ridge,TargetControlExpression_CP4000,error_at_50,0.03380096300466988,0.03369595571865504,0.000105007286014841,-0.0013714539290200424,0.002030627668789886,5000,5000,SEEN_same_task_comparison; extra fullgene control information disclosed
HCT116,B100_TargetOnly_ridge,TargetControlExpression_CP4000,high_risk_miss_rate,0.7727272727272727,0.7272727272727273,0.045454545454545414,-0.13636363636363646,0.15019736842104978,5000,5000,SEEN_same_task_comparison; extra fullgene control information disclosed
HCT116,B100_TargetOnly_hgb,TargetControlExpression_CP4000,utility20,0.14501996274804166,0.15383250387195077,-0.008812541123909112,-0.28102631193175587,0.19693645136104138,5000,5000,SEEN_same_task_comparison; extra fullgene control information disclosed
HCT116,B100_TargetOnly_hgb,TargetControlExpression_CP4000,spearman,0.05688491837296482,0.1401281373067654,-0.08324321893380059,-0.22143965909328767,0.05833628697967644,5000,5000,SEEN_same_task_comparison; extra fullgene control information disclosed
HCT116,B100_TargetOnly_hgb,TargetControlExpression_CP4000,aurc,0.03366307684433779,0.03269785746012735,0.0009652193842104376,-0.00020865218414811354,0.0021078997762448526,5000,5000,SEEN_same_task_comparison; extra fullgene control information disclosed
HCT116,B100_TargetOnly_hgb,TargetControlExpression_CP4000,error_at_10,0.03359863639003024,0.03091652175005449,0.002682114639975749,-0.0013939654043661947,0.007166628829799356,5000,5000,SEEN_same_task_comparison; extra fullgene control information disclosed
HCT116,B100_TargetOnly_hgb,TargetControlExpression_CP4000,error_at_20,0.03434538139327315,0.031649771878944785,0.002695609514328366,-0.0011324183037595742,0.005121703325364773,5000,5000,SEEN_same_task_comparison; extra fullgene control information disclosed
HCT116,B100_TargetOnly_hgb,TargetControlExpression_CP4000,error_at_50,0.03372733892274152,0.03369595571865504,3.1383204086479766e-05,-0.001217248906165599,0.0017817731260021512,5000,5000,SEEN_same_task_comparison; extra fullgene control information disclosed
HCT116,B100_TargetOnly_hgb,TargetControlExpression_CP4000,high_risk_miss_rate,0.7272727272727273,0.7272727272727273,0.0,-0.1428571428571429,0.1428571428571429,5000,5000,SEEN_same_task_comparison; extra fullgene control information disclosed
HCT116,B100_PublicTarget_ridge,TargetControlExpression_CP4000,utility20,0.2150900136521476,0.15383250387195077,0.06125750978019684,-0.355566141476284,0.35602885060608447,5000,5000,SEEN_same_task_comparison; extra fullgene control information disclosed
HCT116,B100_PublicTarget_ridge,TargetControlExpression_CP4000,spearman,0.10083000458014471,0.1401281373067654,-0.039298132726620694,-0.2694940271147323,0.1845424672673575,5000,5000,SEEN_same_task_comparison; extra fullgene control information disclosed
HCT116,B100_PublicTarget_ridge,TargetControlExpression_CP4000,aurc,0.032533886058887976,0.03269785746012735,-0.00016397140123937393,-0.0016767456141946184,0.001320500642485461,5000,5000,SEEN_same_task_comparison; extra fullgene control information disclosed
HCT116,B100_PublicTarget_ridge,TargetControlExpression_CP4000,error_at_10,0.030777588599429594,0.03091652175005449,-0.0001389331506248953,-0.005454704476070534,0.004889883618080718,5000,5000,SEEN_same_task_comparison; extra fullgene control information disclosed
HCT116,B100_PublicTarget_ridge,TargetControlExpression_CP4000,error_at_20,0.03183153863748511,0.031649771878944785,0.00018176675854032764,-0.0030774453951877326,0.0026585505910800933,5000,5000,SEEN_same_task_comparison; extra fullgene control information disclosed
HCT116,B100_PublicTarget_ridge,TargetControlExpression_CP4000,error_at_50,0.033055751105485705,0.03369595571865504,-0.0006402046131693331,-0.0029217164388700366,0.0018438401834728682,5000,5000,SEEN_same_task_comparison; extra fullgene control information disclosed
HCT116,B100_PublicTarget_ridge,TargetControlExpression_CP4000,high_risk_miss_rate,0.6818181818181819,0.7272727272727273,-0.045454545454545414,-0.23809523809523814,0.20838815789473608,5000,5000,SEEN_same_task_comparison; extra fullgene control information disclosed
HCT116,B100_PublicTarget_hgb,TargetControlExpression_CP4000,utility20,0.09427449548350923,0.15383250387195077,-0.05955800838844154,-0.43462836405715344,0.22903818897827027,5000,5000,SEEN_same_task_comparison; extra fullgene control information disclosed
HCT116,B100_PublicTarget_hgb,TargetControlExpression_CP4000,spearman,0.16101412645232077,0.1401281373067654,0.020885989145555367,-0.20667277352459182,0.23937169805572545,5000,5000,SEEN_same_task_comparison; extra fullgene control information disclosed
HCT116,B100_PublicTarget_hgb,TargetControlExpression_CP4000,aurc,0.03247761102792187,0.03269785746012735,-0.00022024643220548007,-0.0016156877472071262,0.0010581111103227176,5000,5000,SEEN_same_task_comparison; extra fullgene control information disclosed
HCT116,B100_PublicTarget_hgb,TargetControlExpression_CP4000,error_at_10,0.0317134433359828,0.03091652175005449,0.0007969215859283084,-0.005116406094267744,0.005297735074917668,5000,5000,SEEN_same_task_comparison; extra fullgene control information disclosed
HCT116,B100_PublicTarget_hgb,TargetControlExpression_CP4000,error_at_20,0.029941267382122404,0.031649771878944785,-0.0017085044968223814,-0.004661862883423666,0.0009698897359915004,5000,5000,SEEN_same_task_comparison; extra fullgene control information disclosed
HCT116,B100_PublicTarget_hgb,TargetControlExpression_CP4000,error_at_50,0.03247194361630597,0.03369595571865504,-0.0012240121023490702,-0.0035942081761339267,0.0011595701860744275,5000,5000,SEEN_same_task_comparison; extra fullgene control information disclosed
HCT116,B100_PublicTarget_hgb,TargetControlExpression_CP4000,high_risk_miss_rate,0.7272727272727273,0.7272727272727273,0.0,-0.2727272727272727,0.23809523809523803,5000,5000,SEEN_same_task_comparison; extra fullgene control information disclosed
HCT116,B100_SharedTarget_ridge,TargetControlExpression_CP4000,utility20,0.16579240218889868,0.15383250387195077,0.011959898316947909,-0.3475171076476291,0.34977168349469134,5000,5000,SEEN_same_task_comparison; extra fullgene control information disclosed
HCT116,B100_SharedTarget_ridge,TargetControlExpression_CP4000,spearman,0.09991893434201468,0.1401281373067654,-0.04020920296475072,-0.2720751443423756,0.18437116372301296,5000,5000,SEEN_same_task_comparison; extra fullgene control information disclosed
HCT116,B100_SharedTarget_ridge,TargetControlExpression_CP4000,aurc,0.03253878984487038,0.03269785746012735,-0.00015906761525696922,-0.0016781018049268261,0.0013296696593705784,5000,5000,SEEN_same_task_comparison; extra fullgene control information disclosed
HCT116,B100_SharedTarget_ridge,TargetControlExpression_CP4000,error_at_10,0.030777588599429594,0.03091652175005449,-0.0001389331506248953,-0.005454704476070534,0.004889883618080718,5000,5000,SEEN_same_task_comparison; extra fullgene control information disclosed
HCT116,B100_SharedTarget_ridge,TargetControlExpression_CP4000,error_at_20,0.03188240799321911,0.031649771878944785,0.00023263611427432745,-0.0031345666879021732,0.002781335450284364,5000,5000,SEEN_same_task_comparison; extra fullgene control information disclosed
HCT116,B100_SharedTarget_ridge,TargetControlExpression_CP4000,error_at_50,0.033055751105485705,0.03369595571865504,-0.0006402046131693331,-0.0029197004708625086,0.0018485903806758016,5000,5000,SEEN_same_task_comparison; extra fullgene control information disclosed
HCT116,B100_SharedTarget_ridge,TargetControlExpression_CP4000,high_risk_miss_rate,0.6818181818181819,0.7272727272727273,-0.045454545454545414,-0.23809523809523814,0.20000000000000007,5000,5000,SEEN_same_task_comparison; extra fullgene control information disclosed
HCT116,B100_SharedTarget_hgb,TargetControlExpression_CP4000,utility20,-0.028020500421940552,0.15383250387195077,-0.1818530042938913,-0.46471967478107656,0.16324867762624,5000,5000,SEEN_same_task_comparison; extra fullgene control information disclosed
HCT116,B100_SharedTarget_hgb,TargetControlExpression_CP4000,spearman,0.13200689668684734,0.1401281373067654,-0.008121240619918063,-0.2313451280712458,0.21092108280394276,5000,5000,SEEN_same_task_comparison; extra fullgene control information disclosed
HCT116,B100_SharedTarget_hgb,TargetControlExpression_CP4000,aurc,0.03258954697570676,0.03269785746012735,-0.00010831048442058733,-0.0015206036708698295,0.0011520055842772505,5000,5000,SEEN_same_task_comparison; extra fullgene control information disclosed
HCT116,B100_SharedTarget_hgb,TargetControlExpression_CP4000,error_at_10,0.03107924643542652,0.03091652175005449,0.00016272468537202947,-0.005425741723136936,0.0050415398019973,5000,5000,SEEN_same_task_comparison; extra fullgene control information disclosed
HCT116,B100_SharedTarget_hgb,TargetControlExpression_CP4000,error_at_20,0.030911433090214338,0.031649771878944785,-0.0007383387887304471,-0.004411916455474871,0.0014936829457344249,5000,5000,SEEN_same_task_comparison; extra fullgene control information disclosed
HCT116,B100_SharedTarget_hgb,TargetControlExpression_CP4000,error_at_50,0.03215218905565498,0.03369595571865504,-0.0015437666630000596,-0.0035989380955155632,0.0010515299044399123,5000,5000,SEEN_same_task_comparison; extra fullgene control information disclosed
HCT116,B100_SharedTarget_hgb,TargetControlExpression_CP4000,high_risk_miss_rate,0.8181818181818181,0.7272727272727273,0.09090909090909083,-0.2272727272727273,0.2727272727272727,5000,5000,SEEN_same_task_comparison; extra fullgene control information disclosed
HEK293T,Magnitude,TargetControlExpression_CP4000,utility20,0.038942166183157274,0.002774764923117333,0.03616740126003994,-0.19596696336823805,0.25873950684489355,5000,5000,SEEN_same_task_comparison; extra fullgene control information disclosed
HEK293T,Magnitude,TargetControlExpression_CP4000,spearman,0.07110906298003071,0.07362211981566819,-0.0025130568356374755,-0.1825895774189216,0.1740686602618163,5000,5000,SEEN_same_task_comparison; extra fullgene control information disclosed
HEK293T,Magnitude,TargetControlExpression_CP4000,aurc,0.03315189662055595,0.03317607719924597,-2.41805786900251e-05,-0.0015992687631019207,0.0015221513411975156,5000,5000,SEEN_same_task_comparison; extra fullgene control information disclosed
HEK293T,Magnitude,TargetControlExpression_CP4000,error_at_10,0.03263276652968937,0.03369388335977564,-0.0010611168300862714,-0.0064702168533265336,0.005829112960605235,5000,5000,SEEN_same_task_comparison; extra fullgene control information disclosed
HEK293T,Magnitude,TargetControlExpression_CP4000,error_at_20,0.0332897458152744,0.03406562056905161,-0.0007758747537772101,-0.004579336630896127,0.0035887903338013842,5000,5000,SEEN_same_task_comparison; extra fullgene control information disclosed
HEK293T,Magnitude,TargetControlExpression_CP4000,error_at_50,0.03347817607874586,0.03293163345125724,0.0005465426274886206,-0.0013026055310569353,0.0021828521232598987,5000,5000,SEEN_same_task_comparison; extra fullgene control information disclosed
HEK293T,Magnitude,TargetControlExpression_CP4000,high_risk_miss_rate,0.84,0.8,0.039999999999999925,-0.08333333333333326,0.2222222222222221,5000,5000,SEEN_same_task_comparison; extra fullgene control information disclosed
HEK293T,P_only_ridge,TargetControlExpression_CP4000,utility20,0.0389421661831579,0.002774764923117333,0.03616740126004057,-0.19416844984275816,0.2747943176713568,5000,5000,SEEN_same_task_comparison; extra fullgene control information disclosed
HEK293T,P_only_ridge,TargetControlExpression_CP4000,spearman,0.0576958525345622,0.07362211981566819,-0.015926267281105987,-0.19553730483052628,0.16199276657798145,5000,5000,SEEN_same_task_comparison; extra fullgene control information disclosed
HEK293T,P_only_ridge,TargetControlExpression_CP4000,aurc,0.03313723564320765,0.03317607719924597,-3.884155603832429e-05,-0.0014808608216860962,0.001457518124867348,5000,5000,SEEN_same_task_comparison; extra fullgene control information disclosed
HEK293T,P_only_ridge,TargetControlExpression_CP4000,error_at_10,0.03241711622169677,0.03369388335977564,-0.0012767671380788728,-0.006148179399686178,0.0051129270700404445,5000,5000,SEEN_same_task_comparison; extra fullgene control information disclosed
HEK293T,P_only_ridge,TargetControlExpression_CP4000,error_at_20,0.03320408810994483,0.03406562056905161,-0.0008615324591067786,-0.004666593070136962,0.003468002899366452,5000,5000,SEEN_same_task_comparison; extra fullgene control information disclosed
HEK293T,P_only_ridge,TargetControlExpression_CP4000,error_at_50,0.03386300162696351,0.03293163345125724,0.0009313681757062708,-0.0010723769088107776,0.0024135538928124335,5000,5000,SEEN_same_task_comparison; extra fullgene control information disclosed
HEK293T,P_only_ridge,TargetControlExpression_CP4000,high_risk_miss_rate,0.84,0.8,0.039999999999999925,-0.11111111111111116,0.20020833333333035,5000,5000,SEEN_same_task_comparison; extra fullgene control information disclosed
HEK293T,P_only_hgb,TargetControlExpression_CP4000,utility20,0.11051672742312181,0.002774764923117333,0.10774196250000448,-0.2419837940908774,0.3773333752483049,5000,5000,SEEN_same_task_comparison; extra fullgene control information disclosed
HEK293T,P_only_hgb,TargetControlExpression_CP4000,spearman,0.1522364056901719,0.07362211981566819,0.07861428587450373,-0.10364367754488651,0.2544128296748785,4352,5000,SEEN_same_task_comparison; extra fullgene control information disclosed
HEK293T,P_only_hgb,TargetControlExpression_CP4000,aurc,0.033099770268016034,0.03317607719924597,-7.630693122993859e-05,-0.0017477829201957202,0.0015279233065656206,5000,5000,SEEN_same_task_comparison; extra fullgene control information disclosed
HEK293T,P_only_hgb,TargetControlExpression_CP4000,error_at_10,0.03153678425213721,0.03369388335977564,-0.0021570991076384285,-0.006572475775570023,0.00273766393985772,5000,5000,SEEN_same_task_comparison; extra fullgene control information disclosed
HEK293T,P_only_hgb,TargetControlExpression_CP4000,error_at_20,0.0343920672499661,0.03406562056905161,0.0003264466809144925,-0.003972426895413935,0.004263627138502824,5000,5000,SEEN_same_task_comparison; extra fullgene control information disclosed
HEK293T,P_only_hgb,TargetControlExpression_CP4000,error_at_50,0.03381900008907972,0.03293163345125724,0.0008873666378224759,-0.0008600506254901009,0.00300155122663444,5000,5000,SEEN_same_task_comparison; extra fullgene control information disclosed
HEK293T,P_only_hgb,TargetControlExpression_CP4000,high_risk_miss_rate,0.84,0.8,0.039999999999999925,-0.1923076923076923,0.28,5000,5000,SEEN_same_task_comparison; extra fullgene control information disclosed
HEK293T,Manual_ridge,TargetControlExpression_CP4000,utility20,0.19898244889529004,0.002774764923117333,0.1962076839721727,-0.22432435893347305,0.5385206933565928,5000,5000,SEEN_same_task_comparison; extra fullgene control information disclosed
HEK293T,Manual_ridge,TargetControlExpression_CP4000,spearman,0.02107621319804521,0.07362211981566819,-0.05254590661762298,-0.28553483710658695,0.17890341272573151,5000,5000,SEEN_same_task_comparison; extra fullgene control information disclosed
HEK293T,Manual_ridge,TargetControlExpression_CP4000,aurc,0.032828638456838415,0.03317607719924597,-0.00034743874240755757,-0.001894038206444373,0.0009946069065136312,5000,5000,SEEN_same_task_comparison; extra fullgene control information disclosed
HEK293T,Manual_ridge,TargetControlExpression_CP4000,error_at_10,0.0330474800478672,0.03369388335977564,-0.0006464033119084403,-0.005518629988483619,0.0051089549591057425,5000,5000,SEEN_same_task_comparison; extra fullgene control information disclosed
HEK293T,Manual_ridge,TargetControlExpression_CP4000,error_at_20,0.032548182593858874,0.03406562056905161,-0.0015174379751927355,-0.00492518557445395,0.0026755434794226425,5000,5000,SEEN_same_task_comparison; extra fullgene control information disclosed
HEK293T,Manual_ridge,TargetControlExpression_CP4000,error_at_50,0.0327831186036299,0.03293163345125724,-0.00014851484762733874,-0.002009232861796756,0.0013935040842571295,5000,5000,SEEN_same_task_comparison; extra fullgene control information disclosed
HEK293T,Manual_ridge,TargetControlExpression_CP4000,high_risk_miss_rate,0.72,0.8,-0.08000000000000007,-0.28,0.16666666666666663,5000,5000,SEEN_same_task_comparison; extra fullgene control information disclosed
HEK293T,Manual_hgb,TargetControlExpression_CP4000,utility20,0.27773215360063325,0.002774764923117333,0.2749573886775159,-0.19230116093428345,0.5839448934922937,5000,5000,SEEN_same_task_comparison; extra fullgene control information disclosed
HEK293T,Manual_hgb,TargetControlExpression_CP4000,spearman,0.0024148615399235333,0.07362211981566819,-0.07120725827574466,-0.3314590147430345,0.18977661021139275,5000,5000,SEEN_same_task_comparison; extra fullgene control information disclosed
HEK293T,Manual_hgb,TargetControlExpression_CP4000,aurc,0.03273924698806918,0.03317607719924597,-0.0004368302111767905,-0.002125611252758778,0.0010594167650487454,5000,5000,SEEN_same_task_comparison; extra fullgene control information disclosed
HEK293T,Manual_hgb,TargetControlExpression_CP4000,error_at_10,0.03145735113409874,0.03369388335977564,-0.0022365322256769,-0.005626779701950501,0.0018686999188744233,5000,5000,SEEN_same_task_comparison; extra fullgene control information disclosed
HEK293T,Manual_hgb,TargetControlExpression_CP4000,error_at_20,0.03175862322751948,0.03406562056905161,-0.002306997341532127,-0.005672517935900454,0.001747922415193887,5000,5000,SEEN_same_task_comparison; extra fullgene control information disclosed
HEK293T,Manual_hgb,TargetControlExpression_CP4000,error_at_50,0.032766563006806505,0.03293163345125724,-0.00016507044445073643,-0.0020650481242472265,0.0015656607698738998,5000,5000,SEEN_same_task_comparison; extra fullgene control information disclosed
HEK293T,Manual_hgb,TargetControlExpression_CP4000,high_risk_miss_rate,0.6799999999999999,0.8,-0.1200000000000001,-0.31999999999999995,0.16000000000000003,5000,5000,SEEN_same_task_comparison; extra fullgene control information disclosed
HEK293T,Learned_ridge,TargetControlExpression_CP4000,utility20,0.19898244889529068,0.002774764923117333,0.19620768397217334,-0.2027243748797964,0.5372177349234222,5000,5000,SEEN_same_task_comparison; extra fullgene control information disclosed
HEK293T,Learned_ridge,TargetControlExpression_CP4000,spearman,0.03887180382327628,0.07362211981566819,-0.03475031599239191,-0.272406367958238,0.20112685229254698,5000,5000,SEEN_same_task_comparison; extra fullgene control information disclosed
HEK293T,Learned_ridge,TargetControlExpression_CP4000,aurc,0.0326560115986678,0.03317607719924597,-0.0005200656005781706,-0.002024594758579759,0.0007967788847607019,5000,5000,SEEN_same_task_comparison; extra fullgene control information disclosed
HEK293T,Learned_ridge,TargetControlExpression_CP4000,error_at_10,0.03271985294680414,0.03369388335977564,-0.000974030412971498,-0.005771882822377361,0.003863621580770604,5000,5000,SEEN_same_task_comparison; extra fullgene control information disclosed
HEK293T,Learned_ridge,TargetControlExpression_CP4000,error_at_20,0.03217373718529316,0.03406562056905161,-0.0018918833837584526,-0.005346524740261717,0.0021557721842740936,5000,5000,SEEN_same_task_comparison; extra fullgene control information disclosed
HEK293T,Learned_ridge,TargetControlExpression_CP4000,error_at_50,0.032717418493048746,0.03293163345125724,-0.00021421495820849595,-0.0020906021726421675,0.001273964954835017,5000,5000,SEEN_same_task_comparison; extra fullgene control information disclosed
HEK293T,Learned_ridge,TargetControlExpression_CP4000,high_risk_miss_rate,0.72,0.8,-0.08000000000000007,-0.29166666666666663,0.16000000000000003,5000,5000,SEEN_same_task_comparison; extra fullgene control information disclosed
HEK293T,Learned_hgb,TargetControlExpression_CP4000,utility20,0.24914620312233646,0.002774764923117333,0.2463714381992191,-0.20122166557603688,0.5495583239298142,5000,5000,SEEN_same_task_comparison; extra fullgene control information disclosed
HEK293T,Learned_hgb,TargetControlExpression_CP4000,spearman,0.021303200403853566,0.07362211981566819,-0.052318919411814616,-0.3015666462006509,0.19222522638176187,5000,5000,SEEN_same_task_comparison; extra fullgene control information disclosed
HEK293T,Learned_hgb,TargetControlExpression_CP4000,aurc,0.03290948321824365,0.03317607719924597,-0.0002665939810023235,-0.001966365025816092,0.0011837976408487876,5000,5000,SEEN_same_task_comparison; extra fullgene control information disclosed
HEK293T,Learned_hgb,TargetControlExpression_CP4000,error_at_10,0.031839891822873986,0.03369388335977564,-0.0018539915369016544,-0.00556488106147838,0.0019534700676197077,5000,5000,SEEN_same_task_comparison; extra fullgene control information disclosed
HEK293T,Learned_hgb,TargetControlExpression_CP4000,error_at_20,0.03194681142493128,0.03406562056905161,-0.002118809144120326,-0.005659230647898163,0.001328323749567581,5000,5000,SEEN_same_task_comparison; extra fullgene control information disclosed
HEK293T,Learned_hgb,TargetControlExpression_CP4000,error_at_50,0.03304974777857616,0.03293163345125724,0.00011811432731891752,-0.0018427805882058645,0.0016820344819679994,5000,5000,SEEN_same_task_comparison; extra fullgene control information disclosed
HEK293T,Learned_hgb,TargetControlExpression_CP4000,high_risk_miss_rate,0.72,0.8,-0.08000000000000007,-0.2692307692307693,0.19999999999999996,5000,5000,SEEN_same_task_comparison; extra fullgene control information disclosed
HEK293T,Manual_WeightedHistoryDistance,TargetControlExpression_CP4000,utility20,0.15463547148491652,0.002774764923117333,0.15186070656179917,-0.2790025921419531,0.5221778085915039,5000,5000,SEEN_same_task_comparison; extra fullgene control information disclosed
HEK293T,Manual_WeightedHistoryDistance,TargetControlExpression_CP4000,spearman,0.017204301075268814,0.07362211981566819,-0.056417818740399375,-0.3223872710820975,0.19706842859077997,5000,5000,SEEN_same_task_comparison; extra fullgene control information disclosed
HEK293T,Manual_WeightedHistoryDistance,TargetControlExpression_CP4000,aurc,0.032427073455435614,0.03317607719924597,-0.0007490037438103586,-0.0022730963489721824,0.0007183650683614274,5000,5000,SEEN_same_task_comparison; extra fullgene control information disclosed
HEK293T,Manual_WeightedHistoryDistance,TargetControlExpression_CP4000,error_at_10,0.032387430658716285,0.03369388335977564,-0.001306452701059356,-0.005501131903986314,0.0028555858080522873,5000,5000,SEEN_same_task_comparison; extra fullgene control information disclosed
HEK293T,Manual_WeightedHistoryDistance,TargetControlExpression_CP4000,error_at_20,0.0324120921699346,0.03406562056905161,-0.0016535283991170116,-0.0055446623161458436,0.0017437905012804577,5000,5000,SEEN_same_task_comparison; extra fullgene control information disclosed
HEK293T,Manual_WeightedHistoryDistance,TargetControlExpression_CP4000,error_at_50,0.032599746804603064,0.03293163345125724,-0.0003318866466541781,-0.0021949155628312542,0.0016025425933023744,5000,5000,SEEN_same_task_comparison; extra fullgene control information disclosed
HEK293T,Manual_WeightedHistoryDistance,TargetControlExpression_CP4000,high_risk_miss_rate,0.72,0.8,-0.08000000000000007,-0.29166666666666663,0.19999999999999996,5000,5000,SEEN_same_task_comparison; extra fullgene control information disclosed
HEK293T,Learned_WeightedHistoryDistance,TargetControlExpression_CP4000,utility20,0.19351666030785608,0.002774764923117333,0.19074189538473874,-0.24820975196446862,0.5363590441001322,5000,5000,SEEN_same_task_comparison; extra fullgene control information disclosed
HEK293T,Learned_WeightedHistoryDistance,TargetControlExpression_CP4000,spearman,0.013155145929339477,0.07362211981566819,-0.06046697388632871,-0.33063146818068273,0.19245649152282365,5000,5000,SEEN_same_task_comparison; extra fullgene control information disclosed
HEK293T,Learned_WeightedHistoryDistance,TargetControlExpression_CP4000,aurc,0.03240851694927299,0.03317607719924597,-0.0007675602499729803,-0.0022845167198310553,0.0006833457859489349,5000,5000,SEEN_same_task_comparison; extra fullgene control information disclosed
HEK293T,Learned_WeightedHistoryDistance,TargetControlExpression_CP4000,error_at_10,0.03253846598600066,0.03369388335977564,-0.001155417373774982,-0.0059951461463090385,0.002772205102003135,5000,5000,SEEN_same_task_comparison; extra fullgene control information disclosed
HEK293T,Learned_WeightedHistoryDistance,TargetControlExpression_CP4000,error_at_20,0.03228724333010633,0.03406562056905161,-0.0017783772389452779,-0.005562223022588807,0.001634516074632127,5000,5000,SEEN_same_task_comparison; extra fullgene control information disclosed
HEK293T,Learned_WeightedHistoryDistance,TargetControlExpression_CP4000,error_at_50,0.03299357307501562,0.03293163345125724,6.193962375837525e-05,-0.002035259201834482,0.0017325189611465022,5000,5000,SEEN_same_task_comparison; extra fullgene control information disclosed
HEK293T,Learned_WeightedHistoryDistance,TargetControlExpression_CP4000,high_risk_miss_rate,0.72,0.8,-0.08000000000000007,-0.28,0.1923076923076923,5000,5000,SEEN_same_task_comparison; extra fullgene control information disclosed
HEK293T,Uniform_DirectRMSE,TargetControlExpression_CP4000,utility20,0.24958084094206792,0.002774764923117333,0.24680607601895058,-0.1887126702198638,0.5701920835343424,5000,5000,SEEN_same_task_comparison; extra fullgene control information disclosed
HEK293T,Uniform_DirectRMSE,TargetControlExpression_CP4000,spearman,0.03661443932411674,0.07362211981566819,-0.037007680491551447,-0.3032290696329912,0.2165004754451815,5000,5000,SEEN_same_task_comparison; extra fullgene control information disclosed
HEK293T,Uniform_DirectRMSE,TargetControlExpression_CP4000,aurc,0.032626303411939624,0.03317607719924597,-0.0005497737873063485,-0.002120127548395132,0.0009667247431317501,5000,5000,SEEN_same_task_comparison; extra fullgene control information disclosed
HEK293T,Uniform_DirectRMSE,TargetControlExpression_CP4000,error_at_10,0.03209319963633461,0.03369388335977564,-0.0016006837234410279,-0.0047458518544928234,0.002618691683291947,5000,5000,SEEN_same_task_comparison; extra fullgene control information disclosed
HEK293T,Uniform_DirectRMSE,TargetControlExpression_CP4000,error_at_20,0.03197027291957754,0.03406562056905161,-0.002095347649474069,-0.00539985047557919,0.0020166127848598257,5000,5000,SEEN_same_task_comparison; extra fullgene control information disclosed
HEK293T,Uniform_DirectRMSE,TargetControlExpression_CP4000,error_at_50,0.03213715733546061,0.03293163345125724,-0.0007944761157966315,-0.0025190394405305966,0.001153339409273442,5000,5000,SEEN_same_task_comparison; extra fullgene control information disclosed
HEK293T,Uniform_DirectRMSE,TargetControlExpression_CP4000,high_risk_miss_rate,0.72,0.8,-0.08000000000000007,-0.28,0.16666666666666663,5000,5000,SEEN_same_task_comparison; extra fullgene control information disclosed
HEK293T,Manual_DirectRMSE,TargetControlExpression_CP4000,utility20,0.20114536369411026,0.002774764923117333,0.19837059877099292,-0.2139603032714294,0.5355438515066162,5000,5000,SEEN_same_task_comparison; extra fullgene control information disclosed
HEK293T,Manual_DirectRMSE,TargetControlExpression_CP4000,spearman,0.028319508448540708,0.07362211981566819,-0.045302611367127474,-0.3064030792035407,0.20445932908671166,5000,5000,SEEN_same_task_comparison; extra fullgene control information disclosed
HEK293T,Manual_DirectRMSE,TargetControlExpression_CP4000,aurc,0.03252692413192289,0.03317607719924597,-0.0006491530673230841,-0.002132530887121995,0.000772462239833435,5000,5000,SEEN_same_task_comparison; extra fullgene control information disclosed
HEK293T,Manual_DirectRMSE,TargetControlExpression_CP4000,error_at_10,0.031780099626003144,0.03369388335977564,-0.0019137837337724964,-0.005301408275951987,0.0020111419999494667,5000,5000,SEEN_same_task_comparison; extra fullgene control information disclosed
HEK293T,Manual_DirectRMSE,TargetControlExpression_CP4000,error_at_20,0.03220522329543821,0.03406562056905161,-0.0018603972736134025,-0.0055126952855850805,0.0018831042289269959,5000,5000,SEEN_same_task_comparison; extra fullgene control information disclosed
HEK293T,Manual_DirectRMSE,TargetControlExpression_CP4000,error_at_50,0.03259354110591205,0.03293163345125724,-0.00033809234534519506,-0.0021540984449233067,0.00141250438009294,5000,5000,SEEN_same_task_comparison; extra fullgene control information disclosed
HEK293T,Manual_DirectRMSE,TargetControlExpression_CP4000,high_risk_miss_rate,0.76,0.8,-0.040000000000000036,-0.26923076923076916,0.19999999999999996,5000,5000,SEEN_same_task_comparison; extra fullgene control information disclosed
HEK293T,Learned_DirectRMSE,TargetControlExpression_CP4000,utility20,0.28182890758150575,0.002774764923117333,0.2790541426583884,-0.17761807724338252,0.5711541380080322,5000,5000,SEEN_same_task_comparison; extra fullgene control information disclosed
HEK293T,Learned_DirectRMSE,TargetControlExpression_CP4000,spearman,0.036639016897081406,0.07362211981566819,-0.03698310291858678,-0.29490952857527786,0.21301613848924925,5000,5000,SEEN_same_task_comparison; extra fullgene control information disclosed
HEK293T,Learned_DirectRMSE,TargetControlExpression_CP4000,aurc,0.0324229806715083,0.03317607719924597,-0.0007530965277376747,-0.002268623051542038,0.0006661070569893727,5000,5000,SEEN_same_task_comparison; extra fullgene control information disclosed
HEK293T,Learned_DirectRMSE,TargetControlExpression_CP4000,error_at_10,0.031442293287363435,0.03369388335977564,-0.002251590072412206,-0.005394588433836769,0.001966779031331652,5000,5000,SEEN_same_task_comparison; extra fullgene control information disclosed
HEK293T,Learned_DirectRMSE,TargetControlExpression_CP4000,error_at_20,0.032096184370772454,0.03406562056905161,-0.001969436198279155,-0.005498722965755367,0.001827904568995935,5000,5000,SEEN_same_task_comparison; extra fullgene control information disclosed
HEK293T,Learned_DirectRMSE,TargetControlExpression_CP4000,error_at_50,0.03279478119454029,0.03293163345125724,-0.00013685225671695306,-0.002036965768858715,0.0015295270477885864,5000,5000,SEEN_same_task_comparison; extra fullgene control information disclosed
HEK293T,Learned_DirectRMSE,TargetControlExpression_CP4000,high_risk_miss_rate,0.6799999999999999,0.8,-0.1200000000000001,-0.28,0.18518518518518512,5000,5000,SEEN_same_task_comparison; extra fullgene control information disclosed
HEK293T,NegativeSourceHistorySupport,TargetControlExpression_CP4000,utility20,-0.12355184123898562,0.002774764923117333,-0.12632660616210295,-0.4287096443874816,0.10007600399776216,5000,5000,SEEN_same_task_comparison; extra fullgene control information disclosed
HEK293T,NegativeSourceHistorySupport,TargetControlExpression_CP4000,spearman,-0.0778195771735314,0.07362211981566819,-0.15144169698919957,-0.39146009367412377,0.08953356730143863,5000,5000,SEEN_same_task_comparison; extra fullgene control information disclosed
HEK293T,NegativeSourceHistorySupport,TargetControlExpression_CP4000,aurc,0.03412519941963479,0.03317607719924597,0.000949122220388815,-0.0003390192818759048,0.0022982567718641154,5000,5000,SEEN_same_task_comparison; extra fullgene control information disclosed
HEK293T,NegativeSourceHistorySupport,TargetControlExpression_CP4000,error_at_10,0.03519005171286305,0.03369388335977564,0.0014961683530874126,-0.0026347934907196254,0.006251010679926412,5000,5000,SEEN_same_task_comparison; extra fullgene control information disclosed
HEK293T,NegativeSourceHistorySupport,TargetControlExpression_CP4000,error_at_20,0.033518394138260243,0.03406562056905161,-0.0005472264307913657,-0.003904406741926819,0.004097271135590057,5000,5000,SEEN_same_task_comparison; extra fullgene control information disclosed
HEK293T,NegativeSourceHistorySupport,TargetControlExpression_CP4000,error_at_50,0.03410606889524718,0.03293163345125724,0.0011744354439899365,-0.0002804877334231798,0.002793718563710743,5000,5000,SEEN_same_task_comparison; extra fullgene control information disclosed
HEK293T,NegativeSourceHistorySupport,TargetControlExpression_CP4000,high_risk_miss_rate,0.84,0.8,0.039999999999999925,-0.12,0.34615384615384615,5000,5000,SEEN_same_task_comparison; extra fullgene control information disclosed
HEK293T,B010_TargetOnly_ridge,TargetControlExpression_CP4000,utility20,0.07624376012434475,0.002774764923117333,0.07346899520122742,-0.16826864173560427,0.2812660003306432,5000,5000,SEEN_same_task_comparison; extra fullgene control information disclosed
HEK293T,B010_TargetOnly_ridge,TargetControlExpression_CP4000,spearman,0.07256539564585465,0.07362211981566819,-0.0010567241698135332,-0.15881638443514512,0.15203221671967607,5000,5000,SEEN_same_task_comparison; extra fullgene control information disclosed
HEK293T,B010_TargetOnly_ridge,TargetControlExpression_CP4000,aurc,0.03320491136572149,0.03317607719924597,2.8834166475519285e-05,-0.0012653939906437117,0.0013016745679647753,5000,5000,SEEN_same_task_comparison; extra fullgene control information disclosed
HEK293T,B010_TargetOnly_ridge,TargetControlExpression_CP4000,error_at_10,0.032763925116941824,0.03369388335977564,-0.0009299582428338171,-0.0058406446950743564,0.0044735388806994925,5000,5000,SEEN_same_task_comparison; extra fullgene control information disclosed
HEK293T,B010_TargetOnly_ridge,TargetControlExpression_CP4000,error_at_20,0.03237587442304282,0.03406562056905161,-0.0016897461460087873,-0.004035050500228945,0.0026928606309675725,5000,5000,SEEN_same_task_comparison; extra fullgene control information disclosed
HEK293T,B010_TargetOnly_ridge,TargetControlExpression_CP4000,error_at_50,0.03361845577481955,0.03293163345125724,0.0006868223235623055,-0.0010505190734616714,0.0020608277147700386,5000,5000,SEEN_same_task_comparison; extra fullgene control information disclosed
HEK293T,B010_TargetOnly_ridge,TargetControlExpression_CP4000,high_risk_miss_rate,0.8,0.8,0.0,-0.12,0.1923076923076923,5000,5000,SEEN_same_task_comparison; extra fullgene control information disclosed
HEK293T,B010_TargetOnly_hgb,TargetControlExpression_CP4000,utility20,-0.14636626154459276,0.002774764923117333,-0.1491410264677101,-0.3551946521940564,0.08079111681859646,5000,5000,SEEN_same_task_comparison; extra fullgene control information disclosed
HEK293T,B010_TargetOnly_hgb,TargetControlExpression_CP4000,spearman,0.024955158342828007,0.07362211981566819,-0.04866696147284018,-0.20793731581437583,0.11151334657795693,5000,5000,SEEN_same_task_comparison; extra fullgene control information disclosed
HEK293T,B010_TargetOnly_hgb,TargetControlExpression_CP4000,aurc,0.03309057846665769,0.03317607719924597,-8.5498732588285e-05,-0.0010929658270300274,0.000847581613835133,5000,5000,SEEN_same_task_comparison; extra fullgene control information disclosed
HEK293T,B010_TargetOnly_hgb,TargetControlExpression_CP4000,error_at_10,0.03303650831289101,0.03369388335977564,-0.0006573750468846298,-0.004886240625380255,0.002097359454508982,5000,5000,SEEN_same_task_comparison; extra fullgene control information disclosed
HEK293T,B010_TargetOnly_hgb,TargetControlExpression_CP4000,error_at_20,0.032582716882114206,0.03406562056905161,-0.0014829036869374035,-0.004670241842692993,0.001427067719670538,5000,5000,SEEN_same_task_comparison; extra fullgene control information disclosed
HEK293T,B010_TargetOnly_hgb,TargetControlExpression_CP4000,error_at_50,0.03352293058279677,0.03293163345125724,0.0005912971315395268,-0.0004980824109808282,0.0021722250360108994,5000,5000,SEEN_same_task_comparison; extra fullgene control information disclosed
HEK293T,B010_TargetOnly_hgb,TargetControlExpression_CP4000,high_risk_miss_rate,0.88,0.8,0.07999999999999996,-0.07692307692307698,0.2400000000000001,5000,5000,SEEN_same_task_comparison; extra fullgene control information disclosed
HEK293T,B010_PublicTarget_ridge,TargetControlExpression_CP4000,utility20,0.2923436897159183,0.002774764923117333,0.28956892479280094,-0.15092479896026262,0.6214952007781812,5000,5000,SEEN_same_task_comparison; extra fullgene control information disclosed
HEK293T,B010_PublicTarget_ridge,TargetControlExpression_CP4000,spearman,0.02862146303848558,0.07362211981566819,-0.04500065677718261,-0.2865197341411652,0.19793408932049758,5000,5000,SEEN_same_task_comparison; extra fullgene control information disclosed
HEK293T,B010_PublicTarget_ridge,TargetControlExpression_CP4000,aurc,0.03241999728445067,0.03317607719924597,-0.0007560799147953018,-0.002310615728833336,0.0006758785087604237,5000,5000,SEEN_same_task_comparison; extra fullgene control information disclosed
HEK293T,B010_PublicTarget_ridge,TargetControlExpression_CP4000,error_at_10,0.03160466294725824,0.03369388335977564,-0.002089220412517398,-0.006911897170356791,0.002411064046822144,5000,5000,SEEN_same_task_comparison; extra fullgene control information disclosed
HEK293T,B010_PublicTarget_ridge,TargetControlExpression_CP4000,error_at_20,0.03334831511566143,0.03406562056905161,-0.000717305453390181,-0.004822774108099863,0.00257027168459006,5000,5000,SEEN_same_task_comparison; extra fullgene control information disclosed
HEK293T,B010_PublicTarget_ridge,TargetControlExpression_CP4000,error_at_50,0.03247909917405274,0.03293163345125724,-0.0004525342772044999,-0.002180544424603103,0.0014438971826615133,5000,5000,SEEN_same_task_comparison; extra fullgene control information disclosed
HEK293T,B010_PublicTarget_ridge,TargetControlExpression_CP4000,high_risk_miss_rate,0.6799999999999999,0.8,-0.1200000000000001,-0.31999999999999995,0.15384615384615397,5000,5000,SEEN_same_task_comparison; extra fullgene control information disclosed
HEK293T,B010_PublicTarget_hgb,TargetControlExpression_CP4000,utility20,-0.14636626154459276,0.002774764923117333,-0.1491410264677101,-0.3551946521940564,0.08079111681859646,5000,5000,SEEN_same_task_comparison; extra fullgene control information disclosed
HEK293T,B010_PublicTarget_hgb,TargetControlExpression_CP4000,spearman,0.024955158342828007,0.07362211981566819,-0.04866696147284018,-0.20793731581437583,0.11151334657795693,5000,5000,SEEN_same_task_comparison; extra fullgene control information disclosed
HEK293T,B010_PublicTarget_hgb,TargetControlExpression_CP4000,aurc,0.03309057846665769,0.03317607719924597,-8.5498732588285e-05,-0.0010929658270300274,0.000847581613835133,5000,5000,SEEN_same_task_comparison; extra fullgene control information disclosed
HEK293T,B010_PublicTarget_hgb,TargetControlExpression_CP4000,error_at_10,0.03303650831289101,0.03369388335977564,-0.0006573750468846298,-0.004886240625380255,0.002097359454508982,5000,5000,SEEN_same_task_comparison; extra fullgene control information disclosed
HEK293T,B010_PublicTarget_hgb,TargetControlExpression_CP4000,error_at_20,0.032582716882114206,0.03406562056905161,-0.0014829036869374035,-0.004670241842692993,0.001427067719670538,5000,5000,SEEN_same_task_comparison; extra fullgene control information disclosed
HEK293T,B010_PublicTarget_hgb,TargetControlExpression_CP4000,error_at_50,0.03352293058279677,0.03293163345125724,0.0005912971315395268,-0.0004980824109808282,0.0021722250360108994,5000,5000,SEEN_same_task_comparison; extra fullgene control information disclosed
HEK293T,B010_PublicTarget_hgb,TargetControlExpression_CP4000,high_risk_miss_rate,0.88,0.8,0.07999999999999996,-0.07692307692307698,0.2400000000000001,5000,5000,SEEN_same_task_comparison; extra fullgene control information disclosed
HEK293T,B010_SharedTarget_ridge,TargetControlExpression_CP4000,utility20,0.31423074887357977,0.002774764923117333,0.3114559839504624,-0.15354267237542782,0.6341261959993597,5000,5000,SEEN_same_task_comparison; extra fullgene control information disclosed
HEK293T,B010_SharedTarget_ridge,TargetControlExpression_CP4000,spearman,0.05794167129495125,0.07362211981566819,-0.015680448520716934,-0.2624994727945251,0.2286290649888182,5000,5000,SEEN_same_task_comparison; extra fullgene control information disclosed
HEK293T,B010_SharedTarget_ridge,TargetControlExpression_CP4000,aurc,0.03203539655402987,0.03317607719924597,-0.0011406806452161009,-0.002808429018530246,0.0004292943906384125,5000,5000,SEEN_same_task_comparison; extra fullgene control information disclosed
HEK293T,B010_SharedTarget_ridge,TargetControlExpression_CP4000,error_at_10,0.03056197315781862,0.03369388335977564,-0.003131910201957022,-0.007452782472393088,0.001755888336806245,5000,5000,SEEN_same_task_comparison; extra fullgene control information disclosed
HEK293T,B010_SharedTarget_ridge,TargetControlExpression_CP4000,error_at_20,0.03169773394267853,0.03406562056905161,-0.002367886626373078,-0.0061090461622268135,0.001491917845698649,5000,5000,SEEN_same_task_comparison; extra fullgene control information disclosed
HEK293T,B010_SharedTarget_ridge,TargetControlExpression_CP4000,error_at_50,0.03245794359728529,0.03293163345125724,-0.000473689853971955,-0.002495900135925904,0.0013265882496222374,5000,5000,SEEN_same_task_comparison; extra fullgene control information disclosed
HEK293T,B010_SharedTarget_ridge,TargetControlExpression_CP4000,high_risk_miss_rate,0.6799999999999999,0.8,-0.1200000000000001,-0.33333333333333326,0.13087761674717543,5000,5000,SEEN_same_task_comparison; extra fullgene control information disclosed
HEK293T,B010_SharedTarget_hgb,TargetControlExpression_CP4000,utility20,-0.14636626154459276,0.002774764923117333,-0.1491410264677101,-0.3551946521940564,0.08079111681859646,5000,5000,SEEN_same_task_comparison; extra fullgene control information disclosed
HEK293T,B010_SharedTarget_hgb,TargetControlExpression_CP4000,spearman,0.024955158342828007,0.07362211981566819,-0.04866696147284018,-0.20793731581437583,0.11151334657795693,5000,5000,SEEN_same_task_comparison; extra fullgene control information disclosed
HEK293T,B010_SharedTarget_hgb,TargetControlExpression_CP4000,aurc,0.03309057846665769,0.03317607719924597,-8.5498732588285e-05,-0.0010929658270300274,0.000847581613835133,5000,5000,SEEN_same_task_comparison; extra fullgene control information disclosed
HEK293T,B010_SharedTarget_hgb,TargetControlExpression_CP4000,error_at_10,0.03303650831289101,0.03369388335977564,-0.0006573750468846298,-0.004886240625380255,0.002097359454508982,5000,5000,SEEN_same_task_comparison; extra fullgene control information disclosed
HEK293T,B010_SharedTarget_hgb,TargetControlExpression_CP4000,error_at_20,0.032582716882114206,0.03406562056905161,-0.0014829036869374035,-0.004670241842692993,0.001427067719670538,5000,5000,SEEN_same_task_comparison; extra fullgene control information disclosed
HEK293T,B010_SharedTarget_hgb,TargetControlExpression_CP4000,error_at_50,0.03352293058279677,0.03293163345125724,0.0005912971315395268,-0.0004980824109808282,0.0021722250360108994,5000,5000,SEEN_same_task_comparison; extra fullgene control information disclosed
HEK293T,B010_SharedTarget_hgb,TargetControlExpression_CP4000,high_risk_miss_rate,0.88,0.8,0.07999999999999996,-0.07692307692307698,0.2400000000000001,5000,5000,SEEN_same_task_comparison; extra fullgene control information disclosed
HEK293T,B025_TargetOnly_ridge,TargetControlExpression_CP4000,utility20,0.09052738182369242,0.002774764923117333,0.08775261690057509,-0.14766382791561386,0.2758234806883194,5000,5000,SEEN_same_task_comparison; extra fullgene control information disclosed
HEK293T,B025_TargetOnly_ridge,TargetControlExpression_CP4000,spearman,0.07360983102918585,0.07362211981566819,-1.2288786482336778e-05,-0.1633311540454341,0.15393005617650948,5000,5000,SEEN_same_task_comparison; extra fullgene control information disclosed
HEK293T,B025_TargetOnly_ridge,TargetControlExpression_CP4000,aurc,0.03331220659706185,0.03317607719924597,0.00013612939781587619,-0.0012588014510076723,0.001520197922949884,5000,5000,SEEN_same_task_comparison; extra fullgene control information disclosed
HEK293T,B025_TargetOnly_ridge,TargetControlExpression_CP4000,error_at_10,0.03302461228922609,0.03369388335977564,-0.0006692710705495514,-0.005127216199718912,0.005651574491950823,5000,5000,SEEN_same_task_comparison; extra fullgene control information disclosed
HEK293T,B025_TargetOnly_ridge,TargetControlExpression_CP4000,error_at_20,0.03391452214095057,0.03406562056905161,-0.00015109842810103608,-0.0037277909977981053,0.003992649553226952,5000,5000,SEEN_same_task_comparison; extra fullgene control information disclosed
HEK293T,B025_TargetOnly_ridge,TargetControlExpression_CP4000,error_at_50,0.03314145705955146,0.03293163345125724,0.00020982360829421842,-0.0016453167409375667,0.0018838952702291774,5000,5000,SEEN_same_task_comparison; extra fullgene control information disclosed
HEK293T,B025_TargetOnly_ridge,TargetControlExpression_CP4000,high_risk_miss_rate,0.8,0.8,0.0,-0.08746118012422348,0.16000000000000003,5000,5000,SEEN_same_task_comparison; extra fullgene control information disclosed
HEK293T,B025_TargetOnly_hgb,TargetControlExpression_CP4000,utility20,-0.007768951839983342,0.002774764923117333,-0.010543716763100675,-0.2883929597589728,0.2126311643853585,5000,5000,SEEN_same_task_comparison; extra fullgene control information disclosed
HEK293T,B025_TargetOnly_hgb,TargetControlExpression_CP4000,spearman,0.06977305688570935,0.07362211981566819,-0.0038490629299588325,-0.17652216295064163,0.16022904289244988,5000,5000,SEEN_same_task_comparison; extra fullgene control information disclosed
HEK293T,B025_TargetOnly_hgb,TargetControlExpression_CP4000,aurc,0.032566957793983886,0.03317607719924597,-0.000609119405262086,-0.0017204114006713937,0.0005260581615715892,5000,5000,SEEN_same_task_comparison; extra fullgene control information disclosed
HEK293T,B025_TargetOnly_hgb,TargetControlExpression_CP4000,error_at_10,0.03112681219987443,0.03369388335977564,-0.002567071159901211,-0.006963457962023804,0.00217421082366378,5000,5000,SEEN_same_task_comparison; extra fullgene control information disclosed
HEK293T,B025_TargetOnly_hgb,TargetControlExpression_CP4000,error_at_20,0.031819613701164075,0.03406562056905161,-0.0022460068678875345,-0.005339314159162109,0.0010575564343628919,5000,5000,SEEN_same_task_comparison; extra fullgene control information disclosed
HEK293T,B025_TargetOnly_hgb,TargetControlExpression_CP4000,error_at_50,0.0333419827173472,0.03293163345125724,0.0004103492660899599,-0.0012100573770550095,0.0017239006717400724,5000,5000,SEEN_same_task_comparison; extra fullgene control information disclosed
HEK293T,B025_TargetOnly_hgb,TargetControlExpression_CP4000,high_risk_miss_rate,0.72,0.8,-0.08000000000000007,-0.1923076923076923,0.16000000000000003,5000,5000,SEEN_same_task_comparison; extra fullgene control information disclosed
HEK293T,B025_PublicTarget_ridge,TargetControlExpression_CP4000,utility20,0.2948606962904597,0.002774764923117333,0.29208593136734234,-0.1274290570775644,0.6235613746649384,5000,5000,SEEN_same_task_comparison; extra fullgene control information disclosed
HEK293T,B025_PublicTarget_ridge,TargetControlExpression_CP4000,spearman,0.028937464480595042,0.07362211981566819,-0.04468465533507314,-0.28244945464658944,0.1891770378488607,5000,5000,SEEN_same_task_comparison; extra fullgene control information disclosed
HEK293T,B025_PublicTarget_ridge,TargetControlExpression_CP4000,aurc,0.03250931454486697,0.03317607719924597,-0.0006667626543790037,-0.0021440533947573726,0.0006809770828630945,5000,5000,SEEN_same_task_comparison; extra fullgene control information disclosed
HEK293T,B025_PublicTarget_ridge,TargetControlExpression_CP4000,error_at_10,0.03315572058655773,0.03369388335977564,-0.0005381627732179081,-0.006431732286744589,0.0030678749346376996,5000,5000,SEEN_same_task_comparison; extra fullgene control information disclosed
HEK293T,B025_PublicTarget_ridge,TargetControlExpression_CP4000,error_at_20,0.03337208097531212,0.03406562056905161,-0.0006935395937394881,-0.004369679183984061,0.0025735792322174925,5000,5000,SEEN_same_task_comparison; extra fullgene control information disclosed
HEK293T,B025_PublicTarget_ridge,TargetControlExpression_CP4000,error_at_50,0.03274144216267043,0.03293163345125724,-0.00019019128858681345,-0.002054273871285833,0.0015865287461704217,5000,5000,SEEN_same_task_comparison; extra fullgene control information disclosed
HEK293T,B025_PublicTarget_ridge,TargetControlExpression_CP4000,high_risk_miss_rate,0.72,0.8,-0.08000000000000007,-0.3076923076923077,0.16000000000000003,5000,5000,SEEN_same_task_comparison; extra fullgene control information disclosed
HEK293T,B025_PublicTarget_hgb,TargetControlExpression_CP4000,utility20,0.02470474618527468,0.002774764923117333,0.02192998126215735,-0.25534621133220614,0.25843962271360826,5000,5000,SEEN_same_task_comparison; extra fullgene control information disclosed
HEK293T,B025_PublicTarget_hgb,TargetControlExpression_CP4000,spearman,0.09376537912752074,0.07362211981566819,0.020143259311852554,-0.15423925623732884,0.18465808135054235,5000,5000,SEEN_same_task_comparison; extra fullgene control information disclosed
HEK293T,B025_PublicTarget_hgb,TargetControlExpression_CP4000,aurc,0.03228970623749904,0.03317607719924597,-0.0008863709617469295,-0.002081539286989234,0.00025431147134539816,5000,5000,SEEN_same_task_comparison; extra fullgene control information disclosed
HEK293T,B025_PublicTarget_hgb,TargetControlExpression_CP4000,error_at_10,0.031047665341246426,0.03369388335977564,-0.002646218018529215,-0.007322746704869611,0.0017989018558346706,5000,5000,SEEN_same_task_comparison; extra fullgene control information disclosed
HEK293T,B025_PublicTarget_hgb,TargetControlExpression_CP4000,error_at_20,0.03194528451022635,0.03406562056905161,-0.0021203360588252576,-0.006073594535681543,0.000772750741032901,5000,5000,SEEN_same_task_comparison; extra fullgene control information disclosed
HEK293T,B025_PublicTarget_hgb,TargetControlExpression_CP4000,error_at_50,0.03285727368064429,0.03293163345125724,-7.435977061295146e-05,-0.001346116521578936,0.0012867111128491084,5000,5000,SEEN_same_task_comparison; extra fullgene control information disclosed
HEK293T,B025_PublicTarget_hgb,TargetControlExpression_CP4000,high_risk_miss_rate,0.72,0.8,-0.08000000000000007,-0.19999999999999996,0.16000000000000003,5000,5000,SEEN_same_task_comparison; extra fullgene control information disclosed
HEK293T,B025_SharedTarget_ridge,TargetControlExpression_CP4000,utility20,0.30856855792467264,0.002774764923117333,0.3057937930015553,-0.16206894511269307,0.6286975705664122,5000,5000,SEEN_same_task_comparison; extra fullgene control information disclosed
HEK293T,B025_SharedTarget_ridge,TargetControlExpression_CP4000,spearman,0.028940754501134487,0.07362211981566819,-0.0446813653145337,-0.29203090388735814,0.19763906435870454,5000,5000,SEEN_same_task_comparison; extra fullgene control information disclosed
HEK293T,B025_SharedTarget_ridge,TargetControlExpression_CP4000,aurc,0.03224180278197589,0.03317607719924597,-0.0009342744172700854,-0.002568037146212326,0.0005748618432686464,5000,5000,SEEN_same_task_comparison; extra fullgene control information disclosed
HEK293T,B025_SharedTarget_ridge,TargetControlExpression_CP4000,error_at_10,0.03138197570463291,0.03369388335977564,-0.0023119076551427337,-0.007203229889348045,0.002310793079788176,5000,5000,SEEN_same_task_comparison; extra fullgene control information disclosed
HEK293T,B025_SharedTarget_ridge,TargetControlExpression_CP4000,error_at_20,0.03237190649895574,0.03406562056905161,-0.0016937140700958725,-0.005658814916001448,0.0017238523717380476,5000,5000,SEEN_same_task_comparison; extra fullgene control information disclosed
HEK293T,B025_SharedTarget_ridge,TargetControlExpression_CP4000,error_at_50,0.032509751232701306,0.03293163345125724,-0.00042188221855593566,-0.0021663156341893766,0.0014476339671692982,5000,5000,SEEN_same_task_comparison; extra fullgene control information disclosed
HEK293T,B025_SharedTarget_ridge,TargetControlExpression_CP4000,high_risk_miss_rate,0.6799999999999999,0.8,-0.1200000000000001,-0.33333333333333326,0.15384615384615385,5000,5000,SEEN_same_task_comparison; extra fullgene control information disclosed
HEK293T,B025_SharedTarget_hgb,TargetControlExpression_CP4000,utility20,0.02470474618527468,0.002774764923117333,0.02192998126215735,-0.25534621133220614,0.25843962271360826,5000,5000,SEEN_same_task_comparison; extra fullgene control information disclosed
HEK293T,B025_SharedTarget_hgb,TargetControlExpression_CP4000,spearman,0.09376537912752074,0.07362211981566819,0.020143259311852554,-0.15423925623732884,0.18465808135054235,5000,5000,SEEN_same_task_comparison; extra fullgene control information disclosed
HEK293T,B025_SharedTarget_hgb,TargetControlExpression_CP4000,aurc,0.03228970623749904,0.03317607719924597,-0.0008863709617469295,-0.002081539286989234,0.00025431147134539816,5000,5000,SEEN_same_task_comparison; extra fullgene control information disclosed
HEK293T,B025_SharedTarget_hgb,TargetControlExpression_CP4000,error_at_10,0.031047665341246426,0.03369388335977564,-0.002646218018529215,-0.007322746704869611,0.0017989018558346706,5000,5000,SEEN_same_task_comparison; extra fullgene control information disclosed
HEK293T,B025_SharedTarget_hgb,TargetControlExpression_CP4000,error_at_20,0.03194528451022635,0.03406562056905161,-0.0021203360588252576,-0.006073594535681543,0.000772750741032901,5000,5000,SEEN_same_task_comparison; extra fullgene control information disclosed
HEK293T,B025_SharedTarget_hgb,TargetControlExpression_CP4000,error_at_50,0.03285727368064429,0.03293163345125724,-7.435977061295146e-05,-0.001346116521578936,0.0012867111128491084,5000,5000,SEEN_same_task_comparison; extra fullgene control information disclosed
HEK293T,B025_SharedTarget_hgb,TargetControlExpression_CP4000,high_risk_miss_rate,0.72,0.8,-0.08000000000000007,-0.19999999999999996,0.16000000000000003,5000,5000,SEEN_same_task_comparison; extra fullgene control information disclosed
HEK293T,B050_TargetOnly_ridge,TargetControlExpression_CP4000,utility20,0.08390405855106908,0.002774764923117333,0.08112929362795175,-0.1414878296383117,0.29143170039925476,5000,5000,SEEN_same_task_comparison; extra fullgene control information disclosed
HEK293T,B050_TargetOnly_ridge,TargetControlExpression_CP4000,spearman,0.07239938556067588,0.07362211981566819,-0.0012227342549923081,-0.1556441736982261,0.14800265496185847,5000,5000,SEEN_same_task_comparison; extra fullgene control information disclosed
HEK293T,B050_TargetOnly_ridge,TargetControlExpression_CP4000,aurc,0.033315654069180994,0.03317607719924597,0.00013957686993502222,-0.0011782205732058005,0.0014566360740245882,5000,5000,SEEN_same_task_comparison; extra fullgene control information disclosed
HEK293T,B050_TargetOnly_ridge,TargetControlExpression_CP4000,error_at_10,0.03433388295168101,0.03369388335977564,0.0006399995919053672,-0.005207653048617792,0.005479875869045088,5000,5000,SEEN_same_task_comparison; extra fullgene control information disclosed
HEK293T,B050_TargetOnly_ridge,TargetControlExpression_CP4000,error_at_20,0.03349334687248604,0.03406562056905161,-0.0005722736965655673,-0.003474498635294758,0.003530496121343909,5000,5000,SEEN_same_task_comparison; extra fullgene control information disclosed
HEK293T,B050_TargetOnly_ridge,TargetControlExpression_CP4000,error_at_50,0.033009028057993904,0.03293163345125724,7.739460673666237e-05,-0.001421026920124553,0.0018829273883755656,5000,5000,SEEN_same_task_comparison; extra fullgene control information disclosed
HEK293T,B050_TargetOnly_ridge,TargetControlExpression_CP4000,high_risk_miss_rate,0.8,0.8,0.0,-0.12,0.16000000000000003,5000,5000,SEEN_same_task_comparison; extra fullgene control information disclosed
HEK293T,B050_TargetOnly_hgb,TargetControlExpression_CP4000,utility20,-0.025613721867127463,0.002774764923117333,-0.028388486790244794,-0.2451031717929642,0.16182963526625826,5000,5000,SEEN_same_task_comparison; extra fullgene control information disclosed
HEK293T,B050_TargetOnly_hgb,TargetControlExpression_CP4000,spearman,0.10977095545409397,0.07362211981566819,0.03614883563842579,-0.16291476346223147,0.2347763394717087,5000,5000,SEEN_same_task_comparison; extra fullgene control information disclosed
HEK293T,B050_TargetOnly_hgb,TargetControlExpression_CP4000,aurc,0.0327639155067919,0.03317607719924597,-0.0004121616924540744,-0.001866875454973971,0.0010815604301878678,5000,5000,SEEN_same_task_comparison; extra fullgene control information disclosed
HEK293T,B050_TargetOnly_hgb,TargetControlExpression_CP4000,error_at_10,0.03091906543015157,0.03369388335977564,-0.002774817929624071,-0.007176095759685184,0.002346187359817185,5000,5000,SEEN_same_task_comparison; extra fullgene control information disclosed
HEK293T,B050_TargetOnly_hgb,TargetControlExpression_CP4000,error_at_20,0.03250335452291746,0.03406562056905161,-0.0015622660461341517,-0.005647107836770255,0.0023952625951975718,5000,5000,SEEN_same_task_comparison; extra fullgene control information disclosed
HEK293T,B050_TargetOnly_hgb,TargetControlExpression_CP4000,error_at_50,0.03283930253377205,0.03293163345125724,-9.233091748519356e-05,-0.00205582259065423,0.001832165693629438,5000,5000,SEEN_same_task_comparison; extra fullgene control information disclosed
HEK293T,B050_TargetOnly_hgb,TargetControlExpression_CP4000,high_risk_miss_rate,0.84,0.8,0.039999999999999925,-0.07407407407407407,0.23076923076923073,5000,5000,SEEN_same_task_comparison; extra fullgene control information disclosed
HEK293T,B050_PublicTarget_ridge,TargetControlExpression_CP4000,utility20,0.23077424332547145,0.002774764923117333,0.2279994784023541,-0.20474561810743516,0.5557545559398526,5000,5000,SEEN_same_task_comparison; extra fullgene control information disclosed
HEK293T,B050_PublicTarget_ridge,TargetControlExpression_CP4000,spearman,0.06238737882789544,0.07362211981566819,-0.011234740987772746,-0.26096926562975664,0.22560076038486498,5000,5000,SEEN_same_task_comparison; extra fullgene control information disclosed
HEK293T,B050_PublicTarget_ridge,TargetControlExpression_CP4000,aurc,0.03240566792148693,0.03317607719924597,-0.0007704092777590446,-0.0023349945936916435,0.0007204144622327613,5000,5000,SEEN_same_task_comparison; extra fullgene control information disclosed
HEK293T,B050_PublicTarget_ridge,TargetControlExpression_CP4000,error_at_10,0.030786690666616826,0.03369388335977564,-0.0029071926931588145,-0.005925347182973027,0.0015727163387160956,5000,5000,SEEN_same_task_comparison; extra fullgene control information disclosed
HEK293T,B050_PublicTarget_ridge,TargetControlExpression_CP4000,error_at_20,0.03143739979291385,0.03406562056905161,-0.002628220776137759,-0.006135594195328359,0.0010178075618616767,5000,5000,SEEN_same_task_comparison; extra fullgene control information disclosed
HEK293T,B050_PublicTarget_ridge,TargetControlExpression_CP4000,error_at_50,0.032714781446522755,0.03293163345125724,-0.00021685200473448712,-0.0020532820615830733,0.0015116283411402776,5000,5000,SEEN_same_task_comparison; extra fullgene control information disclosed
HEK293T,B050_PublicTarget_ridge,TargetControlExpression_CP4000,high_risk_miss_rate,0.72,0.8,-0.08000000000000007,-0.28,0.18518518518518512,5000,5000,SEEN_same_task_comparison; extra fullgene control information disclosed
HEK293T,B050_PublicTarget_hgb,TargetControlExpression_CP4000,utility20,0.17595192808268573,0.002774764923117333,0.17317716315956838,-0.28184401784465196,0.5025844941502103,5000,5000,SEEN_same_task_comparison; extra fullgene control information disclosed
HEK293T,B050_PublicTarget_hgb,TargetControlExpression_CP4000,spearman,0.0032319558094597413,0.07362211981566819,-0.07039016400620844,-0.3253473630244915,0.18482948882300876,5000,5000,SEEN_same_task_comparison; extra fullgene control information disclosed
HEK293T,B050_PublicTarget_hgb,TargetControlExpression_CP4000,aurc,0.03281294330951503,0.03317607719924597,-0.0003631338897309433,-0.0018605330956093869,0.0010238092419502889,5000,5000,SEEN_same_task_comparison; extra fullgene control information disclosed
HEK293T,B050_PublicTarget_hgb,TargetControlExpression_CP4000,error_at_10,0.03272466006409624,0.03369388335977564,-0.0009692232956794028,-0.004511504866538031,0.0038791787915245773,5000,5000,SEEN_same_task_comparison; extra fullgene control information disclosed
HEK293T,B050_PublicTarget_hgb,TargetControlExpression_CP4000,error_at_20,0.0325863526527806,0.03406562056905161,-0.0014792679162710098,-0.00478756782310791,0.002202053006702715,5000,5000,SEEN_same_task_comparison; extra fullgene control information disclosed
HEK293T,B050_PublicTarget_hgb,TargetControlExpression_CP4000,error_at_50,0.03328164421081388,0.03293163345125724,0.00035001075955663763,-0.0015603347280105948,0.0019032217702115266,5000,5000,SEEN_same_task_comparison; extra fullgene control information disclosed
HEK293T,B050_PublicTarget_hgb,TargetControlExpression_CP4000,high_risk_miss_rate,0.76,0.8,-0.040000000000000036,-0.24,0.2309999999999967,5000,5000,SEEN_same_task_comparison; extra fullgene control information disclosed
HEK293T,B050_SharedTarget_ridge,TargetControlExpression_CP4000,utility20,0.2571389804424021,0.002774764923117333,0.25436421551928473,-0.2205816424516546,0.5584731981873259,5000,5000,SEEN_same_task_comparison; extra fullgene control information disclosed
HEK293T,B050_SharedTarget_ridge,TargetControlExpression_CP4000,spearman,0.060924934608350564,0.07362211981566819,-0.012697185207317621,-0.2588631897535304,0.22650864242251104,5000,5000,SEEN_same_task_comparison; extra fullgene control information disclosed
HEK293T,B050_SharedTarget_ridge,TargetControlExpression_CP4000,aurc,0.03221126086479565,0.03317607719924597,-0.0009648163344503219,-0.0024753631419537057,0.0004744693998119421,5000,5000,SEEN_same_task_comparison; extra fullgene control information disclosed
HEK293T,B050_SharedTarget_ridge,TargetControlExpression_CP4000,error_at_10,0.0306815486400082,0.03369388335977564,-0.003012334719767442,-0.006781550345718723,0.0011930891204370447,5000,5000,SEEN_same_task_comparison; extra fullgene control information disclosed
HEK293T,B050_SharedTarget_ridge,TargetControlExpression_CP4000,error_at_20,0.0315008057831073,0.03406562056905161,-0.0025648147859443082,-0.005975399552464213,0.001096273776036047,5000,5000,SEEN_same_task_comparison; extra fullgene control information disclosed
HEK293T,B050_SharedTarget_ridge,TargetControlExpression_CP4000,error_at_50,0.032587512319504935,0.03293163345125724,-0.0003441211317523063,-0.0021705724909702484,0.0014155357861968883,5000,5000,SEEN_same_task_comparison; extra fullgene control information disclosed
HEK293T,B050_SharedTarget_ridge,TargetControlExpression_CP4000,high_risk_miss_rate,0.72,0.8,-0.08000000000000007,-0.28,0.1923076923076923,5000,5000,SEEN_same_task_comparison; extra fullgene control information disclosed
HEK293T,B050_SharedTarget_hgb,TargetControlExpression_CP4000,utility20,0.12319198291837578,0.002774764923117333,0.12041721799525845,-0.288259805471602,0.4536864399534305,5000,5000,SEEN_same_task_comparison; extra fullgene control information disclosed
HEK293T,B050_SharedTarget_hgb,TargetControlExpression_CP4000,spearman,0.02190786775404697,0.07362211981566819,-0.05171425206162121,-0.30798117059760494,0.20343066116491013,5000,5000,SEEN_same_task_comparison; extra fullgene control information disclosed
HEK293T,B050_SharedTarget_hgb,TargetControlExpression_CP4000,aurc,0.03261393979920609,0.03317607719924597,-0.0005621374000398804,-0.0020713374905492184,0.000917691316826382,5000,5000,SEEN_same_task_comparison; extra fullgene control information disclosed
HEK293T,B050_SharedTarget_hgb,TargetControlExpression_CP4000,error_at_10,0.033610621118988,0.03369388335977564,-8.326224078764044e-05,-0.004157743260833789,0.00440527336168842,5000,5000,SEEN_same_task_comparison; extra fullgene control information disclosed
HEK293T,B050_SharedTarget_hgb,TargetControlExpression_CP4000,error_at_20,0.032402288174568604,0.03406562056905161,-0.0016633323944830053,-0.005087081720146669,0.0020423377420290393,5000,5000,SEEN_same_task_comparison; extra fullgene control information disclosed
HEK293T,B050_SharedTarget_hgb,TargetControlExpression_CP4000,error_at_50,0.03268920428806301,0.03293163345125724,-0.0002424291631942313,-0.0019130974235120645,0.0015620372849949197,5000,5000,SEEN_same_task_comparison; extra fullgene control information disclosed
HEK293T,B050_SharedTarget_hgb,TargetControlExpression_CP4000,high_risk_miss_rate,0.8,0.8,0.0,-0.20000000000000007,0.2400000000000001,5000,5000,SEEN_same_task_comparison; extra fullgene control information disclosed
HEK293T,B075_TargetOnly_ridge,TargetControlExpression_CP4000,utility20,0.07909363286969351,0.002774764923117333,0.07631886794657618,-0.16682072512218765,0.25687502719781613,5000,5000,SEEN_same_task_comparison; extra fullgene control information disclosed
HEK293T,B075_TargetOnly_ridge,TargetControlExpression_CP4000,spearman,0.0682642089093702,0.07362211981566819,-0.0053579109062979885,-0.1637511673090079,0.14610048052614727,5000,5000,SEEN_same_task_comparison; extra fullgene control information disclosed
HEK293T,B075_TargetOnly_ridge,TargetControlExpression_CP4000,aurc,0.03359805721944132,0.03317607719924597,0.00042198002019534775,-0.0010647701652586646,0.0019708228795795608,5000,5000,SEEN_same_task_comparison; extra fullgene control information disclosed
HEK293T,B075_TargetOnly_ridge,TargetControlExpression_CP4000,error_at_10,0.037198423272613676,0.03369388335977564,0.0035045399128380353,-0.0032947464265038503,0.009488262294905207,5000,5000,SEEN_same_task_comparison; extra fullgene control information disclosed
HEK293T,B075_TargetOnly_ridge,TargetControlExpression_CP4000,error_at_20,0.03347700680523358,0.03406562056905161,-0.0005886137638180314,-0.0034414773393393115,0.004034104707052472,5000,5000,SEEN_same_task_comparison; extra fullgene control information disclosed
HEK293T,B075_TargetOnly_ridge,TargetControlExpression_CP4000,error_at_50,0.03308399280521688,0.03293163345125724,0.00015235935395963712,-0.001645179816302272,0.0017809139151593511,5000,5000,SEEN_same_task_comparison; extra fullgene control information disclosed
HEK293T,B075_TargetOnly_ridge,TargetControlExpression_CP4000,high_risk_miss_rate,0.8,0.8,0.0,-0.08000000000000007,0.16666666666666674,5000,5000,SEEN_same_task_comparison; extra fullgene control information disclosed
HEK293T,B075_TargetOnly_hgb,TargetControlExpression_CP4000,utility20,0.04765873569714037,0.002774764923117333,0.044883970774023035,-0.15527162644794107,0.23564372189507912,5000,5000,SEEN_same_task_comparison; extra fullgene control information disclosed
HEK293T,B075_TargetOnly_hgb,TargetControlExpression_CP4000,spearman,0.03747553370752622,0.07362211981566819,-0.03614658610814197,-0.22350545577639924,0.1528652276071927,5000,5000,SEEN_same_task_comparison; extra fullgene control information disclosed
HEK293T,B075_TargetOnly_hgb,TargetControlExpression_CP4000,aurc,0.03403118886933203,0.03317607719924597,0.0008551116700860548,-0.0012812072508288832,0.0030152041338721326,5000,5000,SEEN_same_task_comparison; extra fullgene control information disclosed
HEK293T,B075_TargetOnly_hgb,TargetControlExpression_CP4000,error_at_10,0.033207547776471294,0.03369388335977564,-0.00048633558330434673,-0.006140741107258451,0.007092798457329877,5000,5000,SEEN_same_task_comparison; extra fullgene control information disclosed
HEK293T,B075_TargetOnly_hgb,TargetControlExpression_CP4000,error_at_20,0.0351630752506324,0.03406562056905161,0.0010974546815807895,-0.003566366401095568,0.005770689528109717,5000,5000,SEEN_same_task_comparison; extra fullgene control information disclosed
HEK293T,B075_TargetOnly_hgb,TargetControlExpression_CP4000,error_at_50,0.033582519532294894,0.03293163345125724,0.0006508860810376521,-0.001025466967698108,0.0022256554823414,5000,5000,SEEN_same_task_comparison; extra fullgene control information disclosed
HEK293T,B075_TargetOnly_hgb,TargetControlExpression_CP4000,high_risk_miss_rate,0.76,0.8,-0.040000000000000036,-0.1200000000000001,0.16000000000000003,5000,5000,SEEN_same_task_comparison; extra fullgene control information disclosed
HEK293T,B075_PublicTarget_ridge,TargetControlExpression_CP4000,utility20,0.27941427648579076,0.002774764923117333,0.2766395115626734,-0.17208198807843458,0.5750295272249217,5000,5000,SEEN_same_task_comparison; extra fullgene control information disclosed
HEK293T,B075_PublicTarget_ridge,TargetControlExpression_CP4000,spearman,0.05329195983958468,0.07362211981566819,-0.020330159976083506,-0.26723599070319887,0.22578542640768962,5000,5000,SEEN_same_task_comparison; extra fullgene control information disclosed
HEK293T,B075_PublicTarget_ridge,TargetControlExpression_CP4000,aurc,0.03241753560274672,0.03317607719924597,-0.0007585415964992542,-0.0022643764235485146,0.0006517590616557717,5000,5000,SEEN_same_task_comparison; extra fullgene control information disclosed
HEK293T,B075_PublicTarget_ridge,TargetControlExpression_CP4000,error_at_10,0.03176500064060479,0.03369388335977564,-0.0019288827191708477,-0.005767743527568929,0.002225925565423589,5000,5000,SEEN_same_task_comparison; extra fullgene control information disclosed
HEK293T,B075_PublicTarget_ridge,TargetControlExpression_CP4000,error_at_20,0.03196420388123592,0.03406562056905161,-0.002101416687815688,-0.005324612098873011,0.001747255916112178,5000,5000,SEEN_same_task_comparison; extra fullgene control information disclosed
HEK293T,B075_PublicTarget_ridge,TargetControlExpression_CP4000,error_at_50,0.03294142059168799,0.03293163345125724,9.787140430747576e-06,-0.0019320431224195906,0.0016046179093435428,5000,5000,SEEN_same_task_comparison; extra fullgene control information disclosed
HEK293T,B075_PublicTarget_ridge,TargetControlExpression_CP4000,high_risk_miss_rate,0.72,0.8,-0.08000000000000007,-0.2802916666666666,0.1923076923076923,5000,5000,SEEN_same_task_comparison; extra fullgene control information disclosed
HEK293T,B075_PublicTarget_hgb,TargetControlExpression_CP4000,utility20,0.11735862526357783,0.002774764923117333,0.1145838603404605,-0.3086191825664352,0.38185241590580526,5000,5000,SEEN_same_task_comparison; extra fullgene control information disclosed
HEK293T,B075_PublicTarget_hgb,TargetControlExpression_CP4000,spearman,0.041631464305770374,0.07362211981566819,-0.03199065550989781,-0.2746507870288638,0.210815668719801,5000,5000,SEEN_same_task_comparison; extra fullgene control information disclosed
HEK293T,B075_PublicTarget_hgb,TargetControlExpression_CP4000,aurc,0.03279195702154941,0.03317607719924597,-0.00038412017769656054,-0.0018265310536558965,0.0010557807172214633,5000,5000,SEEN_same_task_comparison; extra fullgene control information disclosed
HEK293T,B075_PublicTarget_hgb,TargetControlExpression_CP4000,error_at_10,0.03491872283597052,0.03369388335977564,0.0012248394761948805,-0.0036710848863197353,0.00511773069610603,5000,5000,SEEN_same_task_comparison; extra fullgene control information disclosed
HEK293T,B075_PublicTarget_hgb,TargetControlExpression_CP4000,error_at_20,0.03233761426652548,0.03406562056905161,-0.0017280063025261264,-0.00475050123080738,0.0025790177761637265,5000,5000,SEEN_same_task_comparison; extra fullgene control information disclosed
HEK293T,B075_PublicTarget_hgb,TargetControlExpression_CP4000,error_at_50,0.032546971520183876,0.03293163345125724,-0.00038466193107336566,-0.0021323476852666136,0.0013041925601767934,5000,5000,SEEN_same_task_comparison; extra fullgene control information disclosed
HEK293T,B075_PublicTarget_hgb,TargetControlExpression_CP4000,high_risk_miss_rate,0.8,0.8,0.0,-0.1923076923076923,0.24,5000,5000,SEEN_same_task_comparison; extra fullgene control information disclosed
HEK293T,B075_SharedTarget_ridge,TargetControlExpression_CP4000,utility20,0.2527564786415206,0.002774764923117333,0.24998171371840328,-0.16901214748525983,0.5690825903470937,5000,5000,SEEN_same_task_comparison; extra fullgene control information disclosed
HEK293T,B075_SharedTarget_ridge,TargetControlExpression_CP4000,spearman,0.05224244014525431,0.07362211981566819,-0.021379679670413876,-0.2665693676573101,0.22622101437694464,5000,5000,SEEN_same_task_comparison; extra fullgene control information disclosed
HEK293T,B075_SharedTarget_ridge,TargetControlExpression_CP4000,aurc,0.03229115455826567,0.03317607719924597,-0.0008849226409802999,-0.002404097042870616,0.0005441293300645871,5000,5000,SEEN_same_task_comparison; extra fullgene control information disclosed
HEK293T,B075_SharedTarget_ridge,TargetControlExpression_CP4000,error_at_10,0.031230050848115094,0.03369388335977564,-0.0024638325116605464,-0.006469905516330398,0.002099504900010933,5000,5000,SEEN_same_task_comparison; extra fullgene control information disclosed
HEK293T,B075_SharedTarget_ridge,TargetControlExpression_CP4000,error_at_20,0.03240156877715956,0.03406562056905161,-0.0016640517918920517,-0.005234604664643081,0.0018206042287198137,5000,5000,SEEN_same_task_comparison; extra fullgene control information disclosed
HEK293T,B075_SharedTarget_ridge,TargetControlExpression_CP4000,error_at_50,0.03288050726030629,0.03293163345125724,-5.1126190950955e-05,-0.0019721222450090952,0.0014454983200841102,5000,5000,SEEN_same_task_comparison; extra fullgene control information disclosed
HEK293T,B075_SharedTarget_ridge,TargetControlExpression_CP4000,high_risk_miss_rate,0.72,0.8,-0.08000000000000007,-0.28,0.1923076923076923,5000,5000,SEEN_same_task_comparison; extra fullgene control information disclosed
HEK293T,B075_SharedTarget_hgb,TargetControlExpression_CP4000,utility20,0.04491515994121284,0.002774764923117333,0.04214039501809551,-0.2883871189826815,0.38365927092423185,5000,5000,SEEN_same_task_comparison; extra fullgene control information disclosed
HEK293T,B075_SharedTarget_hgb,TargetControlExpression_CP4000,spearman,0.06552698237639432,0.07362211981566819,-0.00809513743927387,-0.24754821312597036,0.22640458376563155,5000,5000,SEEN_same_task_comparison; extra fullgene control information disclosed
HEK293T,B075_SharedTarget_hgb,TargetControlExpression_CP4000,aurc,0.0328683111333711,0.03317607719924597,-0.00030776606587486904,-0.0017527491305755123,0.0011903692680446788,5000,5000,SEEN_same_task_comparison; extra fullgene control information disclosed
HEK293T,B075_SharedTarget_hgb,TargetControlExpression_CP4000,error_at_10,0.034669634224994236,0.03369388335977564,0.0009757508652185956,-0.003276541824365809,0.005438296446773987,5000,5000,SEEN_same_task_comparison; extra fullgene control information disclosed
HEK293T,B075_SharedTarget_hgb,TargetControlExpression_CP4000,error_at_20,0.03257906794072696,0.03406562056905161,-0.0014865526283246513,-0.005156310539525584,0.002369290207425964,5000,5000,SEEN_same_task_comparison; extra fullgene control information disclosed
HEK293T,B075_SharedTarget_hgb,TargetControlExpression_CP4000,error_at_50,0.03314045916179695,0.03293163345125724,0.00020882571053970622,-0.001868531841109996,0.0013606557253838458,5000,5000,SEEN_same_task_comparison; extra fullgene control information disclosed
HEK293T,B075_SharedTarget_hgb,TargetControlExpression_CP4000,high_risk_miss_rate,0.84,0.8,0.039999999999999925,-0.20000000000000007,0.23076923076923084,5000,5000,SEEN_same_task_comparison; extra fullgene control information disclosed
HEK293T,B100_TargetOnly_ridge,TargetControlExpression_CP4000,utility20,0.07188583349087672,0.002774764923117333,0.06911106856775939,-0.16208408861790904,0.27674825048404267,5000,5000,SEEN_same_task_comparison; extra fullgene control information disclosed
HEK293T,B100_TargetOnly_ridge,TargetControlExpression_CP4000,spearman,0.06771121351766513,0.07362211981566819,-0.00591090629800306,-0.16128416697651504,0.1424430776279987,5000,5000,SEEN_same_task_comparison; extra fullgene control information disclosed
HEK293T,B100_TargetOnly_ridge,TargetControlExpression_CP4000,aurc,0.033417980518353596,0.03317607719924597,0.00024190331910762392,-0.0011240973974056773,0.0016286056487802296,5000,5000,SEEN_same_task_comparison; extra fullgene control information disclosed
HEK293T,B100_TargetOnly_ridge,TargetControlExpression_CP4000,error_at_10,0.03365421656714914,0.03369388335977564,-3.966679262649986e-05,-0.004877969207288675,0.0070025475460067385,5000,5000,SEEN_same_task_comparison; extra fullgene control information disclosed
HEK293T,B100_TargetOnly_ridge,TargetControlExpression_CP4000,error_at_20,0.03349334687248604,0.03406562056905161,-0.0005722736965655673,-0.003474962506311386,0.0038543736276192295,5000,5000,SEEN_same_task_comparison; extra fullgene control information disclosed
HEK293T,B100_TargetOnly_ridge,TargetControlExpression_CP4000,error_at_50,0.03307535932866651,0.03293163345125724,0.00014372587740926757,-0.001407234963478307,0.001860213508304295,5000,5000,SEEN_same_task_comparison; extra fullgene control information disclosed
HEK293T,B100_TargetOnly_ridge,TargetControlExpression_CP4000,high_risk_miss_rate,0.8,0.8,0.0,-0.11538461538461542,0.18518518518518523,5000,5000,SEEN_same_task_comparison; extra fullgene control information disclosed
HEK293T,B100_TargetOnly_hgb,TargetControlExpression_CP4000,utility20,0.0012177831915971054,0.002774764923117333,-0.0015569817315202275,-0.2871604068859294,0.17655662324427118,5000,5000,SEEN_same_task_comparison; extra fullgene control information disclosed
HEK293T,B100_TargetOnly_hgb,TargetControlExpression_CP4000,spearman,0.005254093853459947,0.07362211981566819,-0.06836802596220824,-0.2716992489355671,0.13774311552303106,5000,5000,SEEN_same_task_comparison; extra fullgene control information disclosed
HEK293T,B100_TargetOnly_hgb,TargetControlExpression_CP4000,aurc,0.03357634477655248,0.03317607719924597,0.0004002675773065109,-0.001006167459306377,0.0017815079796675473,5000,5000,SEEN_same_task_comparison; extra fullgene control information disclosed
HEK293T,B100_TargetOnly_hgb,TargetControlExpression_CP4000,error_at_10,0.03283065273529841,0.03369388335977564,-0.0008632306244772334,-0.006348708199186719,0.004501570488044168,5000,5000,SEEN_same_task_comparison; extra fullgene control information disclosed
HEK293T,B100_TargetOnly_hgb,TargetControlExpression_CP4000,error_at_20,0.033651047440642914,0.03406562056905161,-0.0004145731284086948,-0.0037126406781571642,0.005102792044211151,5000,5000,SEEN_same_task_comparison; extra fullgene control information disclosed
HEK293T,B100_TargetOnly_hgb,TargetControlExpression_CP4000,error_at_50,0.034118220937893094,0.03293163345125724,0.0011865874866358525,-0.0005525313438712381,0.0027272666695257264,5000,5000,SEEN_same_task_comparison; extra fullgene control information disclosed
HEK293T,B100_TargetOnly_hgb,TargetControlExpression_CP4000,high_risk_miss_rate,0.8,0.8,0.0,-0.08000000000000007,0.20833333333333337,5000,5000,SEEN_same_task_comparison; extra fullgene control information disclosed
HEK293T,B100_PublicTarget_ridge,TargetControlExpression_CP4000,utility20,0.34305911997784894,0.002774764923117333,0.3402843550547316,-0.05133269784473008,0.633923773012294,5000,5000,SEEN_same_task_comparison; extra fullgene control information disclosed
HEK293T,B100_PublicTarget_ridge,TargetControlExpression_CP4000,spearman,0.07117094421605448,0.07362211981566819,-0.002451175599613706,-0.23256943059462715,0.22796067076061452,5000,5000,SEEN_same_task_comparison; extra fullgene control information disclosed
HEK293T,B100_PublicTarget_ridge,TargetControlExpression_CP4000,aurc,0.032481455995005425,0.03317607719924597,-0.0006946212042405475,-0.002166823058430157,0.0006417802866108308,5000,5000,SEEN_same_task_comparison; extra fullgene control information disclosed
HEK293T,B100_PublicTarget_ridge,TargetControlExpression_CP4000,error_at_10,0.0322263018688512,0.03369388335977564,-0.0014675814909244425,-0.005916338208691961,0.003042905742854679,5000,5000,SEEN_same_task_comparison; extra fullgene control information disclosed
HEK293T,B100_PublicTarget_ridge,TargetControlExpression_CP4000,error_at_20,0.03274368987266984,0.03406562056905161,-0.0013219306963817706,-0.004598505939120312,0.002626608280214411,5000,5000,SEEN_same_task_comparison; extra fullgene control information disclosed
HEK293T,B100_PublicTarget_ridge,TargetControlExpression_CP4000,error_at_50,0.0326076416722865,0.03293163345125724,-0.0003239917789707447,-0.0021332191678860293,0.001283797307487045,5000,5000,SEEN_same_task_comparison; extra fullgene control information disclosed
HEK293T,B100_PublicTarget_ridge,TargetControlExpression_CP4000,high_risk_miss_rate,0.72,0.8,-0.08000000000000007,-0.3076923076923076,0.1250000000000001,5000,5000,SEEN_same_task_comparison; extra fullgene control information disclosed
HEK293T,B100_PublicTarget_hgb,TargetControlExpression_CP4000,utility20,0.24249781544433704,0.002774764923117333,0.2397230505212197,-0.1540775689337177,0.5562684826152611,5000,5000,SEEN_same_task_comparison; extra fullgene control information disclosed
HEK293T,B100_PublicTarget_hgb,TargetControlExpression_CP4000,spearman,0.12413517665130569,0.07362211981566819,0.050513056835637504,-0.19124368146312024,0.28099235721560617,5000,5000,SEEN_same_task_comparison; extra fullgene control information disclosed
HEK293T,B100_PublicTarget_hgb,TargetControlExpression_CP4000,aurc,0.03265966840456771,0.03317607719924597,-0.0005164087946782636,-0.001901789874474213,0.0007849829076247299,5000,5000,SEEN_same_task_comparison; extra fullgene control information disclosed
HEK293T,B100_PublicTarget_hgb,TargetControlExpression_CP4000,error_at_10,0.03270306941551156,0.03369388335977564,-0.0009908139442640837,-0.004732067629879089,0.002317548526245246,5000,5000,SEEN_same_task_comparison; extra fullgene control information disclosed
HEK293T,B100_PublicTarget_hgb,TargetControlExpression_CP4000,error_at_20,0.031765672047514786,0.03406562056905161,-0.0022999485215368237,-0.005750781336738022,0.0015334871458805197,5000,5000,SEEN_same_task_comparison; extra fullgene control information disclosed
HEK293T,B100_PublicTarget_hgb,TargetControlExpression_CP4000,error_at_50,0.03285562055416379,0.03293163345125724,-7.601289709344844e-05,-0.001797274639839179,0.001330060459820544,5000,5000,SEEN_same_task_comparison; extra fullgene control information disclosed
HEK293T,B100_PublicTarget_hgb,TargetControlExpression_CP4000,high_risk_miss_rate,0.6799999999999999,0.8,-0.1200000000000001,-0.31999999999999995,0.16000000000000003,5000,5000,SEEN_same_task_comparison; extra fullgene control information disclosed
HEK293T,B100_SharedTarget_ridge,TargetControlExpression_CP4000,utility20,0.3202455249686737,0.002774764923117333,0.31747076004555635,-0.05133269784473008,0.6349205768321348,5000,5000,SEEN_same_task_comparison; extra fullgene control information disclosed
HEK293T,B100_SharedTarget_ridge,TargetControlExpression_CP4000,spearman,0.07170550971262676,0.07362211981566819,-0.0019166101030414218,-0.23272058273148274,0.22845928432908996,5000,5000,SEEN_same_task_comparison; extra fullgene control information disclosed
HEK293T,B100_SharedTarget_ridge,TargetControlExpression_CP4000,aurc,0.03247832249002131,0.03317607719924597,-0.00069775470922466,-0.0021653476099737085,0.0006466522002231024,5000,5000,SEEN_same_task_comparison; extra fullgene control information disclosed
HEK293T,B100_SharedTarget_ridge,TargetControlExpression_CP4000,error_at_10,0.0322263018688512,0.03369388335977564,-0.0014675814909244425,-0.005916338208691961,0.0031201053928330415,5000,5000,SEEN_same_task_comparison; extra fullgene control information disclosed
HEK293T,B100_SharedTarget_ridge,TargetControlExpression_CP4000,error_at_20,0.03274368987266984,0.03406562056905161,-0.0013219306963817706,-0.004578742552242845,0.0026157733986118354,5000,5000,SEEN_same_task_comparison; extra fullgene control information disclosed
HEK293T,B100_SharedTarget_ridge,TargetControlExpression_CP4000,error_at_50,0.0326076416722865,0.03293163345125724,-0.0003239917789707447,-0.00213070260507127,0.001288320393372204,5000,5000,SEEN_same_task_comparison; extra fullgene control information disclosed
HEK293T,B100_SharedTarget_ridge,TargetControlExpression_CP4000,high_risk_miss_rate,0.72,0.8,-0.08000000000000007,-0.3076923076923077,0.1250000000000001,5000,5000,SEEN_same_task_comparison; extra fullgene control information disclosed
HEK293T,B100_SharedTarget_hgb,TargetControlExpression_CP4000,utility20,0.16772338503355116,0.002774764923117333,0.16494862011043382,-0.149370528906355,0.4908199439789251,5000,5000,SEEN_same_task_comparison; extra fullgene control information disclosed
HEK293T,B100_SharedTarget_hgb,TargetControlExpression_CP4000,spearman,0.1304086021505376,0.07362211981566819,0.05678648233486941,-0.17957934213856627,0.27948350921095755,5000,5000,SEEN_same_task_comparison; extra fullgene control information disclosed
HEK293T,B100_SharedTarget_hgb,TargetControlExpression_CP4000,aurc,0.03280133653811334,0.03317607719924597,-0.00037474066113263316,-0.0018969692000406525,0.0009424326763694254,5000,5000,SEEN_same_task_comparison; extra fullgene control information disclosed
HEK293T,B100_SharedTarget_hgb,TargetControlExpression_CP4000,error_at_10,0.03194940683235417,0.03369388335977564,-0.0017444765274214694,-0.0051232395784849465,0.002275179518866552,5000,5000,SEEN_same_task_comparison; extra fullgene control information disclosed
HEK293T,B100_SharedTarget_hgb,TargetControlExpression_CP4000,error_at_20,0.03267963557121046,0.03406562056905161,-0.0013859849978411498,-0.00510110682843036,0.002290533966154243,5000,5000,SEEN_same_task_comparison; extra fullgene control information disclosed
HEK293T,B100_SharedTarget_hgb,TargetControlExpression_CP4000,error_at_50,0.03252591054107063,0.03293163345125724,-0.00040572291018661083,-0.0023604341293255986,0.0009240394311513157,5000,5000,SEEN_same_task_comparison; extra fullgene control information disclosed
HEK293T,B100_SharedTarget_hgb,TargetControlExpression_CP4000,high_risk_miss_rate,0.72,0.8,-0.08000000000000007,-0.2692307692307693,0.1923076923076924,5000,5000,SEEN_same_task_comparison; extra fullgene control information disclosed
macro,Magnitude,TargetControlExpression_CP4000,utility20,0.0771162528833989,0.07830363439753406,-0.0011873815141351524,-0.13983293328829938,0.13604441284536056,5000,5000,SEEN_same_task_comparison; extra fullgene control information disclosed
macro,Magnitude,TargetControlExpression_CP4000,spearman,0.03903716241930472,0.1068751285612168,-0.06783796614191206,-0.17271525636875304,0.03591330922553887,5000,5000,SEEN_same_task_comparison; extra fullgene control information disclosed
macro,Magnitude,TargetControlExpression_CP4000,aurc,0.03366035186577201,0.032936967329686664,0.0007233845360853433,-0.00022313450363887626,0.0016664549648698788,5000,5000,SEEN_same_task_comparison; extra fullgene control information disclosed
macro,Magnitude,TargetControlExpression_CP4000,error_at_10,0.03297383770120204,0.03230520255491506,0.0006686351462869763,-0.0025579626454156996,0.005452232935912472,5000,5000,SEEN_same_task_comparison; extra fullgene control information disclosed
macro,Magnitude,TargetControlExpression_CP4000,error_at_20,0.03388562852064024,0.0328576962239982,0.0010279322966420396,-0.001484658403300011,0.0036095862006777888,5000,5000,SEEN_same_task_comparison; extra fullgene control information disclosed
macro,Magnitude,TargetControlExpression_CP4000,error_at_50,0.03383359581299155,0.03331379458495614,0.0005198012280354103,-0.0008710190201740277,0.001431425916715861,5000,5000,SEEN_same_task_comparison; extra fullgene control information disclosed
macro,Magnitude,TargetControlExpression_CP4000,high_risk_miss_rate,0.7836363636363637,0.7636363636363637,0.020000000000000018,-0.0824291373883765,0.11538461538461542,5000,5000,SEEN_same_task_comparison; extra fullgene control information disclosed
macro,P_only_ridge,TargetControlExpression_CP4000,utility20,0.09154996245802703,0.07830363439753406,0.013246328060492973,-0.13742487516210025,0.14692946091467995,5000,5000,SEEN_same_task_comparison; extra fullgene control information disclosed
macro,P_only_ridge,TargetControlExpression_CP4000,spearman,0.02829932617715394,0.1068751285612168,-0.07857580238406285,-0.18775596142837694,0.02812866677724373,5000,5000,SEEN_same_task_comparison; extra fullgene control information disclosed
macro,P_only_ridge,TargetControlExpression_CP4000,aurc,0.03357652825247892,0.032936967329686664,0.0006395609227922566,-0.00023158083093508582,0.0015639115061412627,5000,5000,SEEN_same_task_comparison; extra fullgene control information disclosed
macro,P_only_ridge,TargetControlExpression_CP4000,error_at_10,0.03451926415262468,0.03230520255491506,0.0022140615977096142,-0.001998254790896356,0.005882080129398723,5000,5000,SEEN_same_task_comparison; extra fullgene control information disclosed
macro,P_only_ridge,TargetControlExpression_CP4000,error_at_20,0.03381578910446682,0.0328576962239982,0.0009580928804686223,-0.0015727876466230199,0.003731749318446925,5000,5000,SEEN_same_task_comparison; extra fullgene control information disclosed
macro,P_only_ridge,TargetControlExpression_CP4000,error_at_50,0.03402600858710038,0.03331379458495614,0.0007122140021442389,-0.0006788794440529694,0.0015926929754769654,5000,5000,SEEN_same_task_comparison; extra fullgene control information disclosed
macro,P_only_ridge,TargetControlExpression_CP4000,high_risk_miss_rate,0.7836363636363637,0.7636363636363637,0.020000000000000018,-0.0852173913043478,0.10664983164983158,5000,5000,SEEN_same_task_comparison; extra fullgene control information disclosed
macro,P_only_hgb,TargetControlExpression_CP4000,utility20,0.09061805154544156,0.07830363439753406,0.0123144171479075,-0.31640388224164007,0.2529412048862598,5000,5000,SEEN_same_task_comparison; extra fullgene control information disclosed
macro,P_only_hgb,TargetControlExpression_CP4000,spearman,0.06828059949080255,0.1068751285612168,-0.038594529070414246,-0.23948363553001836,0.1632545398237805,4352,5000,SEEN_same_task_comparison; extra fullgene control information disclosed
macro,P_only_hgb,TargetControlExpression_CP4000,aurc,0.03350752894232101,0.032936967329686664,0.0005705616126343432,-0.0008618474109816519,0.0019887188159833295,5000,5000,SEEN_same_task_comparison; extra fullgene control information disclosed
macro,P_only_hgb,TargetControlExpression_CP4000,error_at_10,0.03265921554875287,0.03230520255491506,0.0003540129938378045,-0.003850974916631039,0.004003847163705099,5000,5000,SEEN_same_task_comparison; extra fullgene control information disclosed
macro,P_only_hgb,TargetControlExpression_CP4000,error_at_20,0.03422151337391263,0.0328576962239982,0.0013638171499144314,-0.002049162308321694,0.004276251339193097,5000,5000,SEEN_same_task_comparison; extra fullgene control information disclosed
macro,P_only_hgb,TargetControlExpression_CP4000,error_at_50,0.03411950624563107,0.03331379458495614,0.000805711660674932,-0.001102505281119855,0.002529803255898514,5000,5000,SEEN_same_task_comparison; extra fullgene control information disclosed
macro,P_only_hgb,TargetControlExpression_CP4000,high_risk_miss_rate,0.7381818181818182,0.7636363636363637,-0.025454545454545507,-0.1722104743083003,0.19144358178053816,5000,5000,SEEN_same_task_comparison; extra fullgene control information disclosed
macro,Manual_ridge,TargetControlExpression_CP4000,utility20,0.14963508628261943,0.07830363439753406,0.07133145188508537,-0.28324776705146165,0.3505644163509422,5000,5000,SEEN_same_task_comparison; extra fullgene control information disclosed
macro,Manual_ridge,TargetControlExpression_CP4000,spearman,0.048930660560730185,0.1068751285612168,-0.05794446800048661,-0.2703056986610126,0.1516462526101863,5000,5000,SEEN_same_task_comparison; extra fullgene control information disclosed
macro,Manual_ridge,TargetControlExpression_CP4000,aurc,0.032742277409010784,0.032936967329686664,-0.00019468992067588065,-0.0014834958543329306,0.0010186885277602986,5000,5000,SEEN_same_task_comparison; extra fullgene control information disclosed
macro,Manual_ridge,TargetControlExpression_CP4000,error_at_10,0.031628700987820765,0.03230520255491506,-0.0006765015670942981,-0.004656372458030518,0.003949851893040107,5000,5000,SEEN_same_task_comparison; extra fullgene control information disclosed
macro,Manual_ridge,TargetControlExpression_CP4000,error_at_20,0.03218221679354414,0.0328576962239982,-0.000675479430454061,-0.003373379112370306,0.0020646092286954053,5000,5000,SEEN_same_task_comparison; extra fullgene control information disclosed
macro,Manual_ridge,TargetControlExpression_CP4000,error_at_50,0.03283830487014372,0.03331379458495614,-0.00047548971481242014,-0.002223899528313892,0.001297232760881724,5000,5000,SEEN_same_task_comparison; extra fullgene control information disclosed
macro,Manual_ridge,TargetControlExpression_CP4000,high_risk_miss_rate,0.7236363636363636,0.7636363636363637,-0.040000000000000036,-0.1868167701863354,0.1709090909090909,5000,5000,SEEN_same_task_comparison; extra fullgene control information disclosed
macro,Manual_hgb,TargetControlExpression_CP4000,utility20,0.23701802260800076,0.07830363439753406,0.15871438821046668,-0.18877755915158748,0.45393043148309575,5000,5000,SEEN_same_task_comparison; extra fullgene control information disclosed
macro,Manual_hgb,TargetControlExpression_CP4000,spearman,0.08542612950011207,0.1068751285612168,-0.02144899906110473,-0.2455435840189752,0.1977401145022068,5000,5000,SEEN_same_task_comparison; extra fullgene control information disclosed
macro,Manual_hgb,TargetControlExpression_CP4000,aurc,0.03257118076263811,0.032936967329686664,-0.00036578656704855383,-0.0018242010832636411,0.0009537511608431117,5000,5000,SEEN_same_task_comparison; extra fullgene control information disclosed
macro,Manual_hgb,TargetControlExpression_CP4000,error_at_10,0.03139777401756165,0.03230520255491506,-0.0009074285373534136,-0.004477446890298484,0.0027998221539393053,5000,5000,SEEN_same_task_comparison; extra fullgene control information disclosed
macro,Manual_hgb,TargetControlExpression_CP4000,error_at_20,0.03159771837010232,0.0328576962239982,-0.00125997785389588,-0.003997056457819432,0.0017027740812539023,5000,5000,SEEN_same_task_comparison; extra fullgene control information disclosed
macro,Manual_hgb,TargetControlExpression_CP4000,error_at_50,0.032607769975326883,0.03331379458495614,-0.0007060246096292563,-0.0024762495088639677,0.0010376157641931276,5000,5000,SEEN_same_task_comparison; extra fullgene control information disclosed
macro,Manual_hgb,TargetControlExpression_CP4000,high_risk_miss_rate,0.6809090909090909,0.7636363636363637,-0.08272727272727276,-0.22818181818181826,0.13043780193236712,5000,5000,SEEN_same_task_comparison; extra fullgene control information disclosed
macro,Learned_ridge,TargetControlExpression_CP4000,utility20,0.13856784045694356,0.07830363439753406,0.060264206059409506,-0.2702111042115817,0.34937671652771024,5000,5000,SEEN_same_task_comparison; extra fullgene control information disclosed
macro,Learned_ridge,TargetControlExpression_CP4000,spearman,0.06150018160249988,0.1068751285612168,-0.04537494695871692,-0.2562458723514852,0.16418785493600258,5000,5000,SEEN_same_task_comparison; extra fullgene control information disclosed
macro,Learned_ridge,TargetControlExpression_CP4000,aurc,0.03255867565465044,0.032936967329686664,-0.0003782916750362242,-0.001694610273900353,0.000879792618952167,5000,5000,SEEN_same_task_comparison; extra fullgene control information disclosed
macro,Learned_ridge,TargetControlExpression_CP4000,error_at_10,0.031218366668612274,0.03230520255491506,-0.0010868358863027894,-0.005106188329496506,0.0033219000579644362,5000,5000,SEEN_same_task_comparison; extra fullgene control information disclosed
macro,Learned_ridge,TargetControlExpression_CP4000,error_at_20,0.031850582763571375,0.0328576962239982,-0.0010071134604268256,-0.003761147994901197,0.0016845846397175893,5000,5000,SEEN_same_task_comparison; extra fullgene control information disclosed
macro,Learned_ridge,TargetControlExpression_CP4000,error_at_50,0.03292817031718344,0.03331379458495614,-0.0003856242677727009,-0.0022659176682441316,0.0012090960142791117,5000,5000,SEEN_same_task_comparison; extra fullgene control information disclosed
macro,Learned_ridge,TargetControlExpression_CP4000,high_risk_miss_rate,0.7236363636363636,0.7636363636363637,-0.040000000000000036,-0.18783946608946606,0.1638910003040436,5000,5000,SEEN_same_task_comparison; extra fullgene control information disclosed
macro,Learned_hgb,TargetControlExpression_CP4000,utility20,0.2048352470614185,0.07830363439753406,0.12653161266388446,-0.21617229842639435,0.4162309646195136,5000,5000,SEEN_same_task_comparison; extra fullgene control information disclosed
macro,Learned_hgb,TargetControlExpression_CP4000,spearman,0.052010185779117875,0.1068751285612168,-0.05486494278209892,-0.2698016582191737,0.16251886254019354,5000,5000,SEEN_same_task_comparison; extra fullgene control information disclosed
macro,Learned_hgb,TargetControlExpression_CP4000,aurc,0.032971258632538955,0.032936967329686664,3.429130285229065e-05,-0.0013513972609555292,0.0012732199985863502,5000,5000,SEEN_same_task_comparison; extra fullgene control information disclosed
macro,Learned_hgb,TargetControlExpression_CP4000,error_at_10,0.0316246902616525,0.03230520255491506,-0.0006805122932625612,-0.004305846625003862,0.002766533382602222,5000,5000,SEEN_same_task_comparison; extra fullgene control information disclosed
macro,Learned_hgb,TargetControlExpression_CP4000,error_at_20,0.03172073358153263,0.0328576962239982,-0.001136962642465572,-0.003918626389612571,0.0016032024943161021,5000,5000,SEEN_same_task_comparison; extra fullgene control information disclosed
macro,Learned_hgb,TargetControlExpression_CP4000,error_at_50,0.03320044227550744,0.03331379458495614,-0.0001133523094486999,-0.0018952729152372056,0.0016192723245978722,5000,5000,SEEN_same_task_comparison; extra fullgene control information disclosed
macro,Learned_hgb,TargetControlExpression_CP4000,high_risk_miss_rate,0.7463636363636363,0.7636363636363637,-0.01727272727272733,-0.1905681818181819,0.17142857142857137,5000,5000,SEEN_same_task_comparison; extra fullgene control information disclosed
macro,Manual_WeightedHistoryDistance,TargetControlExpression_CP4000,utility20,0.18666106079523148,0.07830363439753406,0.10835742639769742,-0.2676965627619616,0.4217125395670244,5000,5000,SEEN_same_task_comparison; extra fullgene control information disclosed
macro,Manual_WeightedHistoryDistance,TargetControlExpression_CP4000,spearman,0.08236437158428501,0.1068751285612168,-0.02451075697693178,-0.25465765346314173,0.200164633280977,5000,5000,SEEN_same_task_comparison; extra fullgene control information disclosed
macro,Manual_WeightedHistoryDistance,TargetControlExpression_CP4000,aurc,0.03230679053306103,0.032936967329686664,-0.0006301767966256366,-0.001976511861410052,0.0006690529270558603,5000,5000,SEEN_same_task_comparison; extra fullgene control information disclosed
macro,Manual_WeightedHistoryDistance,TargetControlExpression_CP4000,error_at_10,0.030789412673278508,0.03230520255491506,-0.0015157898816365555,-0.005440220493755205,0.002356402465440679,5000,5000,SEEN_same_task_comparison; extra fullgene control information disclosed
macro,Manual_WeightedHistoryDistance,TargetControlExpression_CP4000,error_at_20,0.03159308372906936,0.0328576962239982,-0.0012646124949288393,-0.004302835031028395,0.001120350874983519,5000,5000,SEEN_same_task_comparison; extra fullgene control information disclosed
macro,Manual_WeightedHistoryDistance,TargetControlExpression_CP4000,error_at_50,0.032813174304913345,0.03331379458495614,-0.0005006202800427947,-0.002430325842740878,0.0013020391831314096,5000,5000,SEEN_same_task_comparison; extra fullgene control information disclosed
macro,Manual_WeightedHistoryDistance,TargetControlExpression_CP4000,high_risk_miss_rate,0.7009090909090909,0.7636363636363637,-0.06272727272727274,-0.21592045454545458,0.1621108058608055,5000,5000,SEEN_same_task_comparison; extra fullgene control information disclosed
macro,Learned_WeightedHistoryDistance,TargetControlExpression_CP4000,utility20,0.21488742155186286,0.07830363439753406,0.13658378715432878,-0.23374258265709258,0.44584801040757066,5000,5000,SEEN_same_task_comparison; extra fullgene control information disclosed
macro,Learned_WeightedHistoryDistance,TargetControlExpression_CP4000,spearman,0.0841946892874817,0.1068751285612168,-0.0226804392737351,-0.25124616222942453,0.20232109142814816,5000,5000,SEEN_same_task_comparison; extra fullgene control information disclosed
macro,Learned_WeightedHistoryDistance,TargetControlExpression_CP4000,aurc,0.03227749883726665,0.032936967329686664,-0.0006594684924200178,-0.0019958963754625704,0.000621702797239708,5000,5000,SEEN_same_task_comparison; extra fullgene control information disclosed
macro,Learned_WeightedHistoryDistance,TargetControlExpression_CP4000,error_at_10,0.030864930336920695,0.03230520255491506,-0.0014402722179943685,-0.005726879975056141,0.002264305577487596,5000,5000,SEEN_same_task_comparison; extra fullgene control information disclosed
macro,Learned_WeightedHistoryDistance,TargetControlExpression_CP4000,error_at_20,0.03135942348631914,0.0328576962239982,-0.0014982727376790586,-0.004347128059064712,0.0009231084480239082,5000,5000,SEEN_same_task_comparison; extra fullgene control information disclosed
macro,Learned_WeightedHistoryDistance,TargetControlExpression_CP4000,error_at_50,0.032971767893916926,0.03331379458495614,-0.0003420266910392142,-0.002346611228801774,0.0014058323560128786,5000,5000,SEEN_same_task_comparison; extra fullgene control information disclosed
macro,Learned_WeightedHistoryDistance,TargetControlExpression_CP4000,high_risk_miss_rate,0.7009090909090909,0.7636363636363637,-0.06272727272727274,-0.21783522727272733,0.15530303030303028,5000,5000,SEEN_same_task_comparison; extra fullgene control information disclosed
macro,Uniform_DirectRMSE,TargetControlExpression_CP4000,utility20,0.2621204050625849,0.07830363439753406,0.1838167706650508,-0.17985561716691897,0.46161923203551375,5000,5000,SEEN_same_task_comparison; extra fullgene control information disclosed
macro,Uniform_DirectRMSE,TargetControlExpression_CP4000,spearman,0.09360258203201077,0.1068751285612168,-0.013272546529206022,-0.23768050404217317,0.20835367333896665,5000,5000,SEEN_same_task_comparison; extra fullgene control information disclosed
macro,Uniform_DirectRMSE,TargetControlExpression_CP4000,aurc,0.03247367823312067,0.032936967329686664,-0.00046328909656599693,-0.0018216930253742907,0.0008391430960141391,5000,5000,SEEN_same_task_comparison; extra fullgene control information disclosed
macro,Uniform_DirectRMSE,TargetControlExpression_CP4000,error_at_10,0.031528471804866946,0.03230520255491506,-0.0007767307500481171,-0.004363873317466944,0.002869241597913345,5000,5000,SEEN_same_task_comparison; extra fullgene control information disclosed
macro,Uniform_DirectRMSE,TargetControlExpression_CP4000,error_at_20,0.0313362250466151,0.0328576962239982,-0.0015214711773830977,-0.004055927870693864,0.0015143174361734648,5000,5000,SEEN_same_task_comparison; extra fullgene control information disclosed
macro,Uniform_DirectRMSE,TargetControlExpression_CP4000,error_at_50,0.03214991749007979,0.03331379458495614,-0.0011638770948763505,-0.0027166620168615468,0.0009125422467235286,5000,5000,SEEN_same_task_comparison; extra fullgene control information disclosed
macro,Uniform_DirectRMSE,TargetControlExpression_CP4000,high_risk_miss_rate,0.7009090909090909,0.7636363636363637,-0.06272727272727274,-0.21520238095238095,0.1503641304347827,5000,5000,SEEN_same_task_comparison; extra fullgene control information disclosed
macro,Manual_DirectRMSE,TargetControlExpression_CP4000,utility20,0.24403066166583504,0.07830363439753406,0.16572702726830096,-0.20236958409256497,0.43081560185438617,5000,5000,SEEN_same_task_comparison; extra fullgene control information disclosed
macro,Manual_DirectRMSE,TargetControlExpression_CP4000,spearman,0.06965163298365044,0.1068751285612168,-0.03722349557756635,-0.26321491836396665,0.18042290831405564,5000,5000,SEEN_same_task_comparison; extra fullgene control information disclosed
macro,Manual_DirectRMSE,TargetControlExpression_CP4000,aurc,0.03253173466352091,0.032936967329686664,-0.00040523266616575293,-0.0017535552892310848,0.0008765729419102726,5000,5000,SEEN_same_task_comparison; extra fullgene control information disclosed
macro,Manual_DirectRMSE,TargetControlExpression_CP4000,error_at_10,0.03111352946850538,0.03230520255491506,-0.0011916730864096822,-0.004625519860547151,0.002283753810583388,5000,5000,SEEN_same_task_comparison; extra fullgene control information disclosed
macro,Manual_DirectRMSE,TargetControlExpression_CP4000,error_at_20,0.031672163437058906,0.0328576962239982,-0.0011855327869392945,-0.0039381314379062895,0.0013290844724041797,5000,5000,SEEN_same_task_comparison; extra fullgene control information disclosed
macro,Manual_DirectRMSE,TargetControlExpression_CP4000,error_at_50,0.03300810288219026,0.03331379458495614,-0.00030569170276587704,-0.0022283830394374646,0.001521574156671666,5000,5000,SEEN_same_task_comparison; extra fullgene control information disclosed
macro,Manual_DirectRMSE,TargetControlExpression_CP4000,high_risk_miss_rate,0.7209090909090909,0.7636363636363637,-0.042727272727272725,-0.2015849802371542,0.15834325396825394,5000,5000,SEEN_same_task_comparison; extra fullgene control information disclosed
macro,Learned_DirectRMSE,TargetControlExpression_CP4000,utility20,0.26706553130529587,0.07830363439753406,0.1887618969077618,-0.17129599489586064,0.4610581742954136,5000,5000,SEEN_same_task_comparison; extra fullgene control information disclosed
macro,Learned_DirectRMSE,TargetControlExpression_CP4000,spearman,0.07662296266982246,0.1068751285612168,-0.03025216589139433,-0.2546311524200648,0.18963199779776446,5000,5000,SEEN_same_task_comparison; extra fullgene control information disclosed
macro,Learned_DirectRMSE,TargetControlExpression_CP4000,aurc,0.03247528004445575,0.032936967329686664,-0.00046168728523091757,-0.0018105536730917192,0.0008472078353871141,5000,5000,SEEN_same_task_comparison; extra fullgene control information disclosed
macro,Learned_DirectRMSE,TargetControlExpression_CP4000,error_at_10,0.031411313618836506,0.03230520255491506,-0.0008938889360785574,-0.004513210721909087,0.0026154237656039114,5000,5000,SEEN_same_task_comparison; extra fullgene control information disclosed
macro,Learned_DirectRMSE,TargetControlExpression_CP4000,error_at_20,0.031481169984140175,0.0328576962239982,-0.0013765262398580252,-0.003990074356651,0.0012694640523588203,5000,5000,SEEN_same_task_comparison; extra fullgene control information disclosed
macro,Learned_DirectRMSE,TargetControlExpression_CP4000,error_at_50,0.03323937687879917,0.03331379458495614,-7.441770615696647e-05,-0.002005894278210771,0.0016682647821589362,5000,5000,SEEN_same_task_comparison; extra fullgene control information disclosed
macro,Learned_DirectRMSE,TargetControlExpression_CP4000,high_risk_miss_rate,0.7036363636363636,0.7636363636363637,-0.06000000000000005,-0.20833333333333337,0.15067640692640694,5000,5000,SEEN_same_task_comparison; extra fullgene control information disclosed
macro,NegativeSourceHistorySupport,TargetControlExpression_CP4000,utility20,-0.15628364184032234,0.07830363439753406,-0.2345872762378564,-0.5048321794103311,-0.01851266827338319,5000,5000,SEEN_same_task_comparison; extra fullgene control information disclosed
macro,NegativeSourceHistorySupport,TargetControlExpression_CP4000,spearman,-0.10770673596854846,0.1068751285612168,-0.21458186452976524,-0.4216566311478537,-0.0004144199625639583,5000,5000,SEEN_same_task_comparison; extra fullgene control information disclosed
macro,NegativeSourceHistorySupport,TargetControlExpression_CP4000,aurc,0.03437958531945474,0.032936967329686664,0.0014426179897680733,0.00012046164108866016,0.002833599019874672,5000,5000,SEEN_same_task_comparison; extra fullgene control information disclosed
macro,NegativeSourceHistorySupport,TargetControlExpression_CP4000,error_at_10,0.03530845062150312,0.03230520255491506,0.0030032480665880545,-0.0010635615332519734,0.0069928436967279855,5000,5000,SEEN_same_task_comparison; extra fullgene control information disclosed
macro,NegativeSourceHistorySupport,TargetControlExpression_CP4000,error_at_20,0.03357664407258623,0.0328576962239982,0.0007189478485880307,-0.0023004169840426126,0.004420557951760743,5000,5000,SEEN_same_task_comparison; extra fullgene control information disclosed
macro,NegativeSourceHistorySupport,TargetControlExpression_CP4000,error_at_50,0.03456412533503085,0.03331379458495614,0.0012503307500747116,-0.000368681226835979,0.0029609751946928827,5000,5000,SEEN_same_task_comparison; extra fullgene control information disclosed
macro,NegativeSourceHistorySupport,TargetControlExpression_CP4000,high_risk_miss_rate,0.8972727272727272,0.7636363636363637,0.13363636363636355,-0.012988424618859407,0.33000668896321056,5000,5000,SEEN_same_task_comparison; extra fullgene control information disclosed
macro,B010_TargetOnly_ridge,TargetControlExpression_CP4000,utility20,0.040597834565822284,0.07830363439753406,-0.037705799831711774,-0.2098080426346767,0.11284447185311018,5000,5000,SEEN_same_task_comparison; extra fullgene control information disclosed
macro,B010_TargetOnly_ridge,TargetControlExpression_CP4000,spearman,0.01518118721339344,0.1068751285612168,-0.09169394134782335,-0.19439232879701837,0.006048267154291356,5000,5000,SEEN_same_task_comparison; extra fullgene control information disclosed
macro,B010_TargetOnly_ridge,TargetControlExpression_CP4000,aurc,0.033918446215854214,0.032936967329686664,0.00098147888616755,5.6385820220782566e-05,0.001861589821984611,5000,5000,SEEN_same_task_comparison; extra fullgene control information disclosed
macro,B010_TargetOnly_ridge,TargetControlExpression_CP4000,error_at_10,0.034384802255365596,0.03230520255491506,0.0020795997004505323,-0.0016098143116654974,0.006210292873985115,5000,5000,SEEN_same_task_comparison; extra fullgene control information disclosed
macro,B010_TargetOnly_ridge,TargetControlExpression_CP4000,error_at_20,0.03382529460085534,0.0328576962239982,0.0009675983768571428,-0.0008807291436562235,0.003673205706876775,5000,5000,SEEN_same_task_comparison; extra fullgene control information disclosed
macro,B010_TargetOnly_ridge,TargetControlExpression_CP4000,error_at_50,0.0335212454295195,0.03331379458495614,0.0002074508445633616,-0.0009536801442487183,0.0014184409083174622,5000,5000,SEEN_same_task_comparison; extra fullgene control information disclosed
macro,B010_TargetOnly_ridge,TargetControlExpression_CP4000,high_risk_miss_rate,0.7863636363636364,0.7636363636363637,0.022727272727272707,-0.08391608391608385,0.12818181818181817,5000,5000,SEEN_same_task_comparison; extra fullgene control information disclosed
macro,B010_TargetOnly_hgb,TargetControlExpression_CP4000,utility20,-0.07197797578723093,0.07830363439753406,-0.150281610184765,-0.31407236767201424,0.002568702477525168,5000,5000,SEEN_same_task_comparison; extra fullgene control information disclosed
macro,B010_TargetOnly_hgb,TargetControlExpression_CP4000,spearman,0.005795065002485163,0.1068751285612168,-0.10108006355873163,-0.21669467925992716,0.015413140540819237,5000,5000,SEEN_same_task_comparison; extra fullgene control information disclosed
macro,B010_TargetOnly_hgb,TargetControlExpression_CP4000,aurc,0.03330130752485473,0.032936967329686664,0.0003643401951680669,-0.00035546448609181605,0.0010233460498297474,5000,5000,SEEN_same_task_comparison; extra fullgene control information disclosed
macro,B010_TargetOnly_hgb,TargetControlExpression_CP4000,error_at_10,0.03313034646090053,0.03230520255491506,0.0008251439059854676,-0.0023573251933291114,0.0032256143864343194,5000,5000,SEEN_same_task_comparison; extra fullgene control information disclosed
macro,B010_TargetOnly_hgb,TargetControlExpression_CP4000,error_at_20,0.033438033358205096,0.0328576962239982,0.0005803371342068958,-0.0021834626287062903,0.002395754381997642,5000,5000,SEEN_same_task_comparison; extra fullgene control information disclosed
macro,B010_TargetOnly_hgb,TargetControlExpression_CP4000,error_at_50,0.033804436064874294,0.03331379458495614,0.0004906414799181538,-0.0006564879136983652,0.0016445668510936481,5000,5000,SEEN_same_task_comparison; extra fullgene control information disclosed
macro,B010_TargetOnly_hgb,TargetControlExpression_CP4000,high_risk_miss_rate,0.8263636363636364,0.7636363636363637,0.06272727272727274,-0.0567765567765568,0.16137123745819393,5000,5000,SEEN_same_task_comparison; extra fullgene control information disclosed
macro,B010_PublicTarget_ridge,TargetControlExpression_CP4000,utility20,0.28145998407690853,0.07830363439753406,0.20315634967937446,-0.15421321301733928,0.4439485877766679,5000,5000,SEEN_same_task_comparison; extra fullgene control information disclosed
macro,B010_PublicTarget_ridge,TargetControlExpression_CP4000,spearman,0.0980906231736838,0.1068751285612168,-0.00878450538753299,-0.2003486232839636,0.17593441014987396,5000,5000,SEEN_same_task_comparison; extra fullgene control information disclosed
macro,B010_PublicTarget_ridge,TargetControlExpression_CP4000,aurc,0.03222611023073116,0.032936967329686664,-0.0007108570989555058,-0.0019421214971487807,0.0004575528831940741,5000,5000,SEEN_same_task_comparison; extra fullgene control information disclosed
macro,B010_PublicTarget_ridge,TargetControlExpression_CP4000,error_at_10,0.0305989904053679,0.03230520255491506,-0.001706212149547165,-0.005720016870269053,0.00212036388224996,5000,5000,SEEN_same_task_comparison; extra fullgene control information disclosed
macro,B010_PublicTarget_ridge,TargetControlExpression_CP4000,error_at_20,0.03235485229060841,0.0328576962239982,-0.0005028439333897919,-0.003401165333078983,0.001774880406619219,5000,5000,SEEN_same_task_comparison; extra fullgene control information disclosed
macro,B010_PublicTarget_ridge,TargetControlExpression_CP4000,error_at_50,0.032436283702255986,0.03331379458495614,-0.000877510882700154,-0.002462857119866166,0.0007981317773879307,5000,5000,SEEN_same_task_comparison; extra fullgene control information disclosed
macro,B010_PublicTarget_ridge,TargetControlExpression_CP4000,high_risk_miss_rate,0.6581818181818182,0.7636363636363637,-0.10545454545454547,-0.2417670807453415,0.10085597826086934,5000,5000,SEEN_same_task_comparison; extra fullgene control information disclosed
macro,B010_PublicTarget_hgb,TargetControlExpression_CP4000,utility20,-0.07197797578723093,0.07830363439753406,-0.150281610184765,-0.31407236767201424,0.002568702477525168,5000,5000,SEEN_same_task_comparison; extra fullgene control information disclosed
macro,B010_PublicTarget_hgb,TargetControlExpression_CP4000,spearman,0.005795065002485163,0.1068751285612168,-0.10108006355873163,-0.21669467925992716,0.015413140540819237,5000,5000,SEEN_same_task_comparison; extra fullgene control information disclosed
macro,B010_PublicTarget_hgb,TargetControlExpression_CP4000,aurc,0.03330130752485473,0.032936967329686664,0.0003643401951680669,-0.00035546448609181605,0.0010233460498297474,5000,5000,SEEN_same_task_comparison; extra fullgene control information disclosed
macro,B010_PublicTarget_hgb,TargetControlExpression_CP4000,error_at_10,0.03313034646090053,0.03230520255491506,0.0008251439059854676,-0.0023573251933291114,0.0032256143864343194,5000,5000,SEEN_same_task_comparison; extra fullgene control information disclosed
macro,B010_PublicTarget_hgb,TargetControlExpression_CP4000,error_at_20,0.033438033358205096,0.0328576962239982,0.0005803371342068958,-0.0021834626287062903,0.002395754381997642,5000,5000,SEEN_same_task_comparison; extra fullgene control information disclosed
macro,B010_PublicTarget_hgb,TargetControlExpression_CP4000,error_at_50,0.033804436064874294,0.03331379458495614,0.0004906414799181538,-0.0006564879136983652,0.0016445668510936481,5000,5000,SEEN_same_task_comparison; extra fullgene control information disclosed
macro,B010_PublicTarget_hgb,TargetControlExpression_CP4000,high_risk_miss_rate,0.8263636363636364,0.7636363636363637,0.06272727272727274,-0.0567765567765568,0.16137123745819393,5000,5000,SEEN_same_task_comparison; extra fullgene control information disclosed
macro,B010_SharedTarget_ridge,TargetControlExpression_CP4000,utility20,0.27290777160249546,0.07830363439753406,0.1946041372049614,-0.16175348753905794,0.41981660729609105,5000,5000,SEEN_same_task_comparison; extra fullgene control information disclosed
macro,B010_SharedTarget_ridge,TargetControlExpression_CP4000,spearman,0.11043080121318351,0.1068751285612168,0.0035556726519667126,-0.18501011147452043,0.18950943066032713,5000,5000,SEEN_same_task_comparison; extra fullgene control information disclosed
macro,B010_SharedTarget_ridge,TargetControlExpression_CP4000,aurc,0.032048992519809597,0.032936967329686664,-0.0008879748098770679,-0.002157136988258698,0.0003151892600317263,5000,5000,SEEN_same_task_comparison; extra fullgene control information disclosed
macro,B010_SharedTarget_ridge,TargetControlExpression_CP4000,error_at_10,0.030242677305641,0.03230520255491506,-0.0020625252492740623,-0.005812855063145726,0.001909531413714249,5000,5000,SEEN_same_task_comparison; extra fullgene control information disclosed
macro,B010_SharedTarget_ridge,TargetControlExpression_CP4000,error_at_20,0.031183005446664618,0.0328576962239982,-0.0016746907773335824,-0.004197133083917818,0.0008336414162203515,5000,5000,SEEN_same_task_comparison; extra fullgene control information disclosed
macro,B010_SharedTarget_ridge,TargetControlExpression_CP4000,error_at_50,0.032562131179976486,0.03331379458495614,-0.0007516634049796536,-0.002559711982692662,0.0008425274439064036,5000,5000,SEEN_same_task_comparison; extra fullgene control information disclosed
macro,B010_SharedTarget_ridge,TargetControlExpression_CP4000,high_risk_miss_rate,0.6354545454545454,0.7636363636363637,-0.12818181818181829,-0.25917857142857137,0.06630192723942703,5000,5000,SEEN_same_task_comparison; extra fullgene control information disclosed
macro,B010_SharedTarget_hgb,TargetControlExpression_CP4000,utility20,-0.07197797578723093,0.07830363439753406,-0.150281610184765,-0.31407236767201424,0.002568702477525168,5000,5000,SEEN_same_task_comparison; extra fullgene control information disclosed
macro,B010_SharedTarget_hgb,TargetControlExpression_CP4000,spearman,0.005795065002485163,0.1068751285612168,-0.10108006355873163,-0.21669467925992716,0.015413140540819237,5000,5000,SEEN_same_task_comparison; extra fullgene control information disclosed
macro,B010_SharedTarget_hgb,TargetControlExpression_CP4000,aurc,0.03330130752485473,0.032936967329686664,0.0003643401951680669,-0.00035546448609181605,0.0010233460498297474,5000,5000,SEEN_same_task_comparison; extra fullgene control information disclosed
macro,B010_SharedTarget_hgb,TargetControlExpression_CP4000,error_at_10,0.03313034646090053,0.03230520255491506,0.0008251439059854676,-0.0023573251933291114,0.0032256143864343194,5000,5000,SEEN_same_task_comparison; extra fullgene control information disclosed
macro,B010_SharedTarget_hgb,TargetControlExpression_CP4000,error_at_20,0.033438033358205096,0.0328576962239982,0.0005803371342068958,-0.0021834626287062903,0.002395754381997642,5000,5000,SEEN_same_task_comparison; extra fullgene control information disclosed
macro,B010_SharedTarget_hgb,TargetControlExpression_CP4000,error_at_50,0.033804436064874294,0.03331379458495614,0.0004906414799181538,-0.0006564879136983652,0.0016445668510936481,5000,5000,SEEN_same_task_comparison; extra fullgene control information disclosed
macro,B010_SharedTarget_hgb,TargetControlExpression_CP4000,high_risk_miss_rate,0.8263636363636364,0.7636363636363637,0.06272727272727274,-0.0567765567765568,0.16137123745819393,5000,5000,SEEN_same_task_comparison; extra fullgene control information disclosed
macro,B025_TargetOnly_ridge,TargetControlExpression_CP4000,utility20,0.05520199041672007,0.07830363439753406,-0.02310164398081399,-0.20769576678328128,0.11139702670752967,5000,5000,SEEN_same_task_comparison; extra fullgene control information disclosed
macro,B025_TargetOnly_ridge,TargetControlExpression_CP4000,spearman,0.0207436682331023,0.1068751285612168,-0.0861314603281145,-0.19053897854691806,0.016976891456421166,5000,5000,SEEN_same_task_comparison; extra fullgene control information disclosed
macro,B025_TargetOnly_ridge,TargetControlExpression_CP4000,aurc,0.03370433235635582,0.032936967329686664,0.000767365026669159,-3.4903594277053614e-05,0.0015978665834842872,5000,5000,SEEN_same_task_comparison; extra fullgene control information disclosed
macro,B025_TargetOnly_ridge,TargetControlExpression_CP4000,error_at_10,0.03347947035171593,0.03230520255491506,0.001174267796800868,-0.001831623613260934,0.0054859997838237005,5000,5000,SEEN_same_task_comparison; extra fullgene control information disclosed
macro,B025_TargetOnly_ridge,TargetControlExpression_CP4000,error_at_20,0.03431039218970736,0.0328576962239982,0.0014526959657091623,-0.0009879166064797299,0.003807090736917212,5000,5000,SEEN_same_task_comparison; extra fullgene control information disclosed
macro,B025_TargetOnly_ridge,TargetControlExpression_CP4000,error_at_50,0.033441715323930726,0.03331379458495614,0.0001279207389745865,-0.00114100681165327,0.0014367596904151067,5000,5000,SEEN_same_task_comparison; extra fullgene control information disclosed
macro,B025_TargetOnly_ridge,TargetControlExpression_CP4000,high_risk_miss_rate,0.7863636363636364,0.7636363636363637,0.022727272727272707,-0.0700965909090909,0.12589491405280856,5000,5000,SEEN_same_task_comparison; extra fullgene control information disclosed
macro,B025_TargetOnly_hgb,TargetControlExpression_CP4000,utility20,0.02948303889456976,0.07830363439753406,-0.0488205955029643,-0.2587907273917563,0.167440562628983,5000,5000,SEEN_same_task_comparison; extra fullgene control information disclosed
macro,B025_TargetOnly_hgb,TargetControlExpression_CP4000,spearman,0.0870881471476975,0.1068751285612168,-0.019786981413519297,-0.15097297963260828,0.10704966997893635,5000,5000,SEEN_same_task_comparison; extra fullgene control information disclosed
macro,B025_TargetOnly_hgb,TargetControlExpression_CP4000,aurc,0.032795417162387194,0.032936967329686664,-0.00014155016729947012,-0.0009835431702928641,0.0006810663528604624,5000,5000,SEEN_same_task_comparison; extra fullgene control information disclosed
macro,B025_TargetOnly_hgb,TargetControlExpression_CP4000,error_at_10,0.031795891924621816,0.03230520255491506,-0.0005093106302932471,-0.00383162107742273,0.002861717591346777,5000,5000,SEEN_same_task_comparison; extra fullgene control information disclosed
macro,B025_TargetOnly_hgb,TargetControlExpression_CP4000,error_at_20,0.032177320330454603,0.0328576962239982,-0.0006803758935435972,-0.0028837873656013518,0.0014444178587832493,5000,5000,SEEN_same_task_comparison; extra fullgene control information disclosed
macro,B025_TargetOnly_hgb,TargetControlExpression_CP4000,error_at_50,0.03309351241808248,0.03331379458495614,-0.00022028216687366292,-0.0015486644218644925,0.0010749326038902093,5000,5000,SEEN_same_task_comparison; extra fullgene control information disclosed
macro,B025_TargetOnly_hgb,TargetControlExpression_CP4000,high_risk_miss_rate,0.7463636363636363,0.7636363636363637,-0.01727272727272733,-0.12454212454212443,0.14214335382813642,5000,5000,SEEN_same_task_comparison; extra fullgene control information disclosed
macro,B025_PublicTarget_ridge,TargetControlExpression_CP4000,utility20,0.2548295437109622,0.07830363439753406,0.17652590931342815,-0.14240095809606937,0.45960889069671335,5000,5000,SEEN_same_task_comparison; extra fullgene control information disclosed
macro,B025_PublicTarget_ridge,TargetControlExpression_CP4000,spearman,0.08456390691145696,0.1068751285612168,-0.022311221649759835,-0.21839532999177516,0.16532908855990616,5000,5000,SEEN_same_task_comparison; extra fullgene control information disclosed
macro,B025_PublicTarget_ridge,TargetControlExpression_CP4000,aurc,0.03234441581943493,0.032936967329686664,-0.0005925515102517334,-0.0018178136412699097,0.0005953417633754584,5000,5000,SEEN_same_task_comparison; extra fullgene control information disclosed
macro,B025_PublicTarget_ridge,TargetControlExpression_CP4000,error_at_10,0.03159183556335177,0.03230520255491506,-0.0007133669915632967,-0.005429786457525604,0.002848826593486236,5000,5000,SEEN_same_task_comparison; extra fullgene control information disclosed
macro,B025_PublicTarget_ridge,TargetControlExpression_CP4000,error_at_20,0.03254031207762105,0.0328576962239982,-0.0003173841463771504,-0.003039114528659748,0.001901318071352285,5000,5000,SEEN_same_task_comparison; extra fullgene control information disclosed
macro,B025_PublicTarget_ridge,TargetControlExpression_CP4000,error_at_50,0.03289201675316519,0.03331379458495614,-0.0004217778317909468,-0.0022753036605943546,0.0011501321315834125,5000,5000,SEEN_same_task_comparison; extra fullgene control information disclosed
macro,B025_PublicTarget_ridge,TargetControlExpression_CP4000,high_risk_miss_rate,0.7009090909090909,0.7636363636363637,-0.06272727272727274,-0.22552447552447552,0.1166666666666667,5000,5000,SEEN_same_task_comparison; extra fullgene control information disclosed
macro,B025_PublicTarget_hgb,TargetControlExpression_CP4000,utility20,0.04987861525165414,0.07830363439753406,-0.028425019145879915,-0.2717301934065378,0.18166788439291098,5000,5000,SEEN_same_task_comparison; extra fullgene control information disclosed
macro,B025_PublicTarget_hgb,TargetControlExpression_CP4000,spearman,0.09413140059791017,0.1068751285612168,-0.012743727963306625,-0.1427574926713539,0.11277629944114209,5000,5000,SEEN_same_task_comparison; extra fullgene control information disclosed
macro,B025_PublicTarget_hgb,TargetControlExpression_CP4000,aurc,0.032658081145134146,0.032936967329686664,-0.0002788861845525181,-0.0011603347632676414,0.0005529654348218581,5000,5000,SEEN_same_task_comparison; extra fullgene control information disclosed
macro,B025_PublicTarget_hgb,TargetControlExpression_CP4000,error_at_10,0.03229469842459298,0.03230520255491506,-1.0504130322080973e-05,-0.004168694050748954,0.0028052827344519533,5000,5000,SEEN_same_task_comparison; extra fullgene control information disclosed
macro,B025_PublicTarget_hgb,TargetControlExpression_CP4000,error_at_20,0.032343521133856315,0.0328576962239982,-0.0005141750901418857,-0.0034114349031637704,0.001360774264120823,5000,5000,SEEN_same_task_comparison; extra fullgene control information disclosed
macro,B025_PublicTarget_hgb,TargetControlExpression_CP4000,error_at_50,0.03281535938639314,0.03331379458495614,-0.0004984351985629978,-0.0017269394290631626,0.0007116985497316855,5000,5000,SEEN_same_task_comparison; extra fullgene control information disclosed
macro,B025_PublicTarget_hgb,TargetControlExpression_CP4000,high_risk_miss_rate,0.7463636363636363,0.7636363636363637,-0.01727272727272733,-0.11728823350562484,0.1499999999999999,5000,5000,SEEN_same_task_comparison; extra fullgene control information disclosed
macro,B025_SharedTarget_ridge,TargetControlExpression_CP4000,utility20,0.2505380895655721,0.07830363439753406,0.17223445516803804,-0.1448359176306609,0.4482847243404347,5000,5000,SEEN_same_task_comparison; extra fullgene control information disclosed
macro,B025_SharedTarget_ridge,TargetControlExpression_CP4000,spearman,0.09470020715545338,0.1068751285612168,-0.012174921405763414,-0.20361305306773725,0.1747246313455836,5000,5000,SEEN_same_task_comparison; extra fullgene control information disclosed
macro,B025_SharedTarget_ridge,TargetControlExpression_CP4000,aurc,0.032202808544034414,0.032936967329686664,-0.0007341587856522502,-0.002021020282353854,0.0004925054509478193,5000,5000,SEEN_same_task_comparison; extra fullgene control information disclosed
macro,B025_SharedTarget_ridge,TargetControlExpression_CP4000,error_at_10,0.03105773500822339,0.03230520255491506,-0.0012474675466916732,-0.005423775374581126,0.0026554678255790126,5000,5000,SEEN_same_task_comparison; extra fullgene control information disclosed
macro,B025_SharedTarget_ridge,TargetControlExpression_CP4000,error_at_20,0.031987070730317854,0.0328576962239982,-0.0008706254936803465,-0.003792497111084394,0.0013180092483155623,5000,5000,SEEN_same_task_comparison; extra fullgene control information disclosed
macro,B025_SharedTarget_ridge,TargetControlExpression_CP4000,error_at_50,0.03255553979247752,0.03331379458495614,-0.0007582547924786173,-0.0023791596373237862,0.0008525353238851933,5000,5000,SEEN_same_task_comparison; extra fullgene control information disclosed
macro,B025_SharedTarget_ridge,TargetControlExpression_CP4000,high_risk_miss_rate,0.6809090909090909,0.7636363636363637,-0.08272727272727276,-0.24761904761904752,0.09142857142857141,5000,5000,SEEN_same_task_comparison; extra fullgene control information disclosed
macro,B025_SharedTarget_hgb,TargetControlExpression_CP4000,utility20,0.04987861525165414,0.07830363439753406,-0.028425019145879915,-0.2717301934065378,0.18166788439291098,5000,5000,SEEN_same_task_comparison; extra fullgene control information disclosed
macro,B025_SharedTarget_hgb,TargetControlExpression_CP4000,spearman,0.09413140059791017,0.1068751285612168,-0.012743727963306625,-0.1427574926713539,0.11277629944114209,5000,5000,SEEN_same_task_comparison; extra fullgene control information disclosed
macro,B025_SharedTarget_hgb,TargetControlExpression_CP4000,aurc,0.032658081145134146,0.032936967329686664,-0.0002788861845525181,-0.0011603347632676414,0.0005529654348218581,5000,5000,SEEN_same_task_comparison; extra fullgene control information disclosed
macro,B025_SharedTarget_hgb,TargetControlExpression_CP4000,error_at_10,0.03229469842459298,0.03230520255491506,-1.0504130322080973e-05,-0.004168694050748954,0.0028052827344519533,5000,5000,SEEN_same_task_comparison; extra fullgene control information disclosed
macro,B025_SharedTarget_hgb,TargetControlExpression_CP4000,error_at_20,0.032343521133856315,0.0328576962239982,-0.0005141750901418857,-0.0034114349031637704,0.001360774264120823,5000,5000,SEEN_same_task_comparison; extra fullgene control information disclosed
macro,B025_SharedTarget_hgb,TargetControlExpression_CP4000,error_at_50,0.03281535938639314,0.03331379458495614,-0.0004984351985629978,-0.0017269394290631626,0.0007116985497316855,5000,5000,SEEN_same_task_comparison; extra fullgene control information disclosed
macro,B025_SharedTarget_hgb,TargetControlExpression_CP4000,high_risk_miss_rate,0.7463636363636363,0.7636363636363637,-0.01727272727272733,-0.11728823350562484,0.1499999999999999,5000,5000,SEEN_same_task_comparison; extra fullgene control information disclosed
macro,B050_TargetOnly_ridge,TargetControlExpression_CP4000,utility20,0.0518903287804084,0.07830363439753406,-0.02641330561712566,-0.1969517713371152,0.12144491519623767,5000,5000,SEEN_same_task_comparison; extra fullgene control information disclosed
macro,B050_TargetOnly_ridge,TargetControlExpression_CP4000,spearman,0.013065422908279316,0.1068751285612168,-0.09380970565293748,-0.1973380351343856,0.007114772596791302,5000,5000,SEEN_same_task_comparison; extra fullgene control information disclosed
macro,B050_TargetOnly_ridge,TargetControlExpression_CP4000,aurc,0.03388919533446971,0.032936967329686664,0.0009522280047830484,8.61299878924216e-05,0.0018058670958901863,5000,5000,SEEN_same_task_comparison; extra fullgene control information disclosed
macro,B050_TargetOnly_ridge,TargetControlExpression_CP4000,error_at_10,0.03436512506875589,0.03230520255491506,0.0020599225138408297,-0.0014499283420898752,0.005669321619379252,5000,5000,SEEN_same_task_comparison; extra fullgene control information disclosed
macro,B050_TargetOnly_ridge,TargetControlExpression_CP4000,error_at_20,0.034156528471156564,0.0328576962239982,0.001298832247158363,-0.0007307825894270296,0.003834151324389124,5000,5000,SEEN_same_task_comparison; extra fullgene control information disclosed
macro,B050_TargetOnly_ridge,TargetControlExpression_CP4000,error_at_50,0.03335464587592736,0.03331379458495614,4.085129097122081e-05,-0.0010988321926580576,0.0014485607920763073,5000,5000,SEEN_same_task_comparison; extra fullgene control information disclosed
macro,B050_TargetOnly_ridge,TargetControlExpression_CP4000,high_risk_miss_rate,0.7863636363636364,0.7636363636363637,0.022727272727272707,-0.08712121212121215,0.12382783882783857,5000,5000,SEEN_same_task_comparison; extra fullgene control information disclosed
macro,B050_TargetOnly_hgb,TargetControlExpression_CP4000,utility20,0.07151602197303929,0.07830363439753406,-0.006787612424494771,-0.20022462953242873,0.16461159217497964,5000,5000,SEEN_same_task_comparison; extra fullgene control information disclosed
macro,B050_TargetOnly_hgb,TargetControlExpression_CP4000,spearman,0.10951625978571708,0.1068751285612168,0.0026411312245002844,-0.1462589413966201,0.1413622461798405,5000,5000,SEEN_same_task_comparison; extra fullgene control information disclosed
macro,B050_TargetOnly_hgb,TargetControlExpression_CP4000,aurc,0.03290818542343227,0.032936967329686664,-2.8781906254396472e-05,-0.0009837492829896939,0.0009445444027143324,5000,5000,SEEN_same_task_comparison; extra fullgene control information disclosed
macro,B050_TargetOnly_hgb,TargetControlExpression_CP4000,error_at_10,0.03112594222110291,0.03230520255491506,-0.001179260333812153,-0.004130444239786931,0.0021285484221852864,5000,5000,SEEN_same_task_comparison; extra fullgene control information disclosed
macro,B050_TargetOnly_hgb,TargetControlExpression_CP4000,error_at_20,0.03252955879131675,0.0328576962239982,-0.00032813743268145235,-0.003005843493904466,0.0020172409783251826,5000,5000,SEEN_same_task_comparison; extra fullgene control information disclosed
macro,B050_TargetOnly_hgb,TargetControlExpression_CP4000,error_at_50,0.0327995547757963,0.03331379458495614,-0.000514239809159843,-0.0018353258275875662,0.0010237013976975092,5000,5000,SEEN_same_task_comparison; extra fullgene control information disclosed
macro,B050_TargetOnly_hgb,TargetControlExpression_CP4000,high_risk_miss_rate,0.7836363636363637,0.7636363636363637,0.020000000000000018,-0.07907463369963368,0.14395712982669476,5000,5000,SEEN_same_task_comparison; extra fullgene control information disclosed
macro,B050_PublicTarget_ridge,TargetControlExpression_CP4000,utility20,0.1734869708180168,0.07830363439753406,0.09518333642048275,-0.21441805389891708,0.38883100657096453,5000,5000,SEEN_same_task_comparison; extra fullgene control information disclosed
macro,B050_PublicTarget_ridge,TargetControlExpression_CP4000,spearman,0.09209869250277604,0.1068751285612168,-0.014776436058440756,-0.2153448620150793,0.19029410992714563,5000,5000,SEEN_same_task_comparison; extra fullgene control information disclosed
macro,B050_PublicTarget_ridge,TargetControlExpression_CP4000,aurc,0.032369309171312824,0.032936967329686664,-0.0005676581583738405,-0.0018763977584639936,0.0006620877964264644,5000,5000,SEEN_same_task_comparison; extra fullgene control information disclosed
macro,B050_PublicTarget_ridge,TargetControlExpression_CP4000,error_at_10,0.030056397737269182,0.03230520255491506,-0.0022488048176458816,-0.005786899164992431,0.0019077269587162169,5000,5000,SEEN_same_task_comparison; extra fullgene control information disclosed
macro,B050_PublicTarget_ridge,TargetControlExpression_CP4000,error_at_20,0.031438491029261675,0.0328576962239982,-0.0014192051947365253,-0.004231220329021388,0.001079384484615503,5000,5000,SEEN_same_task_comparison; extra fullgene control information disclosed
macro,B050_PublicTarget_ridge,TargetControlExpression_CP4000,error_at_50,0.03264070114616496,0.03331379458495614,-0.0006730934387911766,-0.0023414442457705166,0.0011390742327770122,5000,5000,SEEN_same_task_comparison; extra fullgene control information disclosed
macro,B050_PublicTarget_ridge,TargetControlExpression_CP4000,high_risk_miss_rate,0.7236363636363636,0.7636363636363637,-0.040000000000000036,-0.19129048035298024,0.1607418831168827,5000,5000,SEEN_same_task_comparison; extra fullgene control information disclosed
macro,B050_PublicTarget_hgb,TargetControlExpression_CP4000,utility20,0.20756762870139828,0.07830363439753406,0.1292639943038642,-0.2543996946280334,0.4341363965217898,5000,5000,SEEN_same_task_comparison; extra fullgene control information disclosed
macro,B050_PublicTarget_hgb,TargetControlExpression_CP4000,spearman,0.044044524842614875,0.1068751285612168,-0.06283060371860191,-0.2834669772741206,0.15491511849171796,5000,5000,SEEN_same_task_comparison; extra fullgene control information disclosed
macro,B050_PublicTarget_hgb,TargetControlExpression_CP4000,aurc,0.03287510361892448,0.032936967329686664,-6.18637107621875e-05,-0.0013936490552106436,0.0012591158415589442,5000,5000,SEEN_same_task_comparison; extra fullgene control information disclosed
macro,B050_PublicTarget_hgb,TargetControlExpression_CP4000,error_at_10,0.03255677800539727,0.03230520255491506,0.00025157545048220403,-0.0035469000486336366,0.004206509976615414,5000,5000,SEEN_same_task_comparison; extra fullgene control information disclosed
macro,B050_PublicTarget_hgb,TargetControlExpression_CP4000,error_at_20,0.03215266222899421,0.0328576962239982,-0.0007050339950039897,-0.003437328587221801,0.002073752977337031,5000,5000,SEEN_same_task_comparison; extra fullgene control information disclosed
macro,B050_PublicTarget_hgb,TargetControlExpression_CP4000,error_at_50,0.03309364331354446,0.03331379458495614,-0.00022015127141167962,-0.0018893336920942382,0.0015853208361576094,5000,5000,SEEN_same_task_comparison; extra fullgene control information disclosed
macro,B050_PublicTarget_hgb,TargetControlExpression_CP4000,high_risk_miss_rate,0.7209090909090909,0.7636363636363637,-0.042727272727272725,-0.19637878787878782,0.17408730158730149,5000,5000,SEEN_same_task_comparison; extra fullgene control information disclosed
macro,B050_SharedTarget_ridge,TargetControlExpression_CP4000,utility20,0.173708157230404,0.07830363439753406,0.09540452283286995,-0.2184700516622228,0.3835655688471272,5000,5000,SEEN_same_task_comparison; extra fullgene control information disclosed
macro,B050_SharedTarget_ridge,TargetControlExpression_CP4000,spearman,0.09405510218665797,0.1068751285612168,-0.012820026374558827,-0.21191318603982126,0.1914464467279066,5000,5000,SEEN_same_task_comparison; extra fullgene control information disclosed
macro,B050_SharedTarget_ridge,TargetControlExpression_CP4000,aurc,0.03222284928800187,0.032936967329686664,-0.0007141180416847942,-0.0020066660530863806,0.0005187388392160127,5000,5000,SEEN_same_task_comparison; extra fullgene control information disclosed
macro,B050_SharedTarget_ridge,TargetControlExpression_CP4000,error_at_10,0.03010204303623954,0.03230520255491506,-0.0022031595186755223,-0.006476349690469586,0.0019928889719939085,5000,5000,SEEN_same_task_comparison; extra fullgene control information disclosed
macro,B050_SharedTarget_ridge,TargetControlExpression_CP4000,error_at_20,0.03166227941855975,0.0328576962239982,-0.0011954168054384498,-0.004042392935522765,0.001297593895719321,5000,5000,SEEN_same_task_comparison; extra fullgene control information disclosed
macro,B050_SharedTarget_ridge,TargetControlExpression_CP4000,error_at_50,0.03257706658265606,0.03331379458495614,-0.0007367280023000827,-0.0025093660687493945,0.00094974581288817,5000,5000,SEEN_same_task_comparison; extra fullgene control information disclosed
macro,B050_SharedTarget_ridge,TargetControlExpression_CP4000,high_risk_miss_rate,0.7236363636363636,0.7636363636363637,-0.040000000000000036,-0.19139194139194138,0.15559440559440563,5000,5000,SEEN_same_task_comparison; extra fullgene control information disclosed
macro,B050_SharedTarget_hgb,TargetControlExpression_CP4000,utility20,0.21601871083277238,0.07830363439753406,0.13771507643523834,-0.2487876302932281,0.4110640518747992,5000,5000,SEEN_same_task_comparison; extra fullgene control information disclosed
macro,B050_SharedTarget_hgb,TargetControlExpression_CP4000,spearman,0.07135887031046263,0.1068751285612168,-0.03551625825075416,-0.25150652065880785,0.1818556839086138,5000,5000,SEEN_same_task_comparison; extra fullgene control information disclosed
macro,B050_SharedTarget_hgb,TargetControlExpression_CP4000,aurc,0.032594578561415136,0.032936967329686664,-0.00034238876827152875,-0.0016554209567028082,0.0009632058874065214,5000,5000,SEEN_same_task_comparison; extra fullgene control information disclosed
macro,B050_SharedTarget_hgb,TargetControlExpression_CP4000,error_at_10,0.031741413632720525,0.03230520255491506,-0.0005637889221945386,-0.0038018042064409717,0.0030972355830331073,5000,5000,SEEN_same_task_comparison; extra fullgene control information disclosed
macro,B050_SharedTarget_hgb,TargetControlExpression_CP4000,error_at_20,0.0321801412233635,0.0328576962239982,-0.0006775550006347039,-0.0035504403719964985,0.0020056271099291654,5000,5000,SEEN_same_task_comparison; extra fullgene control information disclosed
macro,B050_SharedTarget_hgb,TargetControlExpression_CP4000,error_at_50,0.032683724311748985,0.03331379458495614,-0.0006300702732071548,-0.0022420112649559967,0.0012574285152668803,5000,5000,SEEN_same_task_comparison; extra fullgene control information disclosed
macro,B050_SharedTarget_hgb,TargetControlExpression_CP4000,high_risk_miss_rate,0.740909090909091,0.7636363636363637,-0.022727272727272707,-0.178099346305868,0.186111111111111,5000,5000,SEEN_same_task_comparison; extra fullgene control information disclosed
macro,B075_TargetOnly_ridge,TargetControlExpression_CP4000,utility20,0.03339890699467946,0.07830363439753406,-0.044904727402854595,-0.21888927919823692,0.09563201600212631,5000,5000,SEEN_same_task_comparison; extra fullgene control information disclosed
macro,B075_TargetOnly_ridge,TargetControlExpression_CP4000,spearman,0.00863199669395311,0.1068751285612168,-0.09824313186726369,-0.20760802945886664,0.004765259934978237,5000,5000,SEEN_same_task_comparison; extra fullgene control information disclosed
macro,B075_TargetOnly_ridge,TargetControlExpression_CP4000,aurc,0.03402883092785259,0.032936967329686664,0.001091863598165925,0.0001864491256345342,0.002008209455344482,5000,5000,SEEN_same_task_comparison; extra fullgene control information disclosed
macro,B075_TargetOnly_ridge,TargetControlExpression_CP4000,error_at_10,0.0360323591248782,0.03230520255491506,0.0037271565699631345,-0.0004221695385332459,0.007843373485963019,5000,5000,SEEN_same_task_comparison; extra fullgene control information disclosed
macro,B075_TargetOnly_ridge,TargetControlExpression_CP4000,error_at_20,0.03431436127819103,0.0328576962239982,0.0014566650541928267,-0.0007326712081249895,0.00405309584537776,5000,5000,SEEN_same_task_comparison; extra fullgene control information disclosed
macro,B075_TargetOnly_ridge,TargetControlExpression_CP4000,error_at_50,0.03341520423522987,0.03331379458495614,0.00010140965027372745,-0.0010906202598626894,0.0015069409638222557,5000,5000,SEEN_same_task_comparison; extra fullgene control information disclosed
macro,B075_TargetOnly_ridge,TargetControlExpression_CP4000,high_risk_miss_rate,0.7863636363636364,0.7636363636363637,0.022727272727272707,-0.06818181818181823,0.12917176573426564,5000,5000,SEEN_same_task_comparison; extra fullgene control information disclosed
macro,B075_TargetOnly_hgb,TargetControlExpression_CP4000,utility20,0.10904217520109827,0.07830363439753406,0.03073854080356421,-0.15897798648654393,0.18163619896492145,5000,5000,SEEN_same_task_comparison; extra fullgene control information disclosed
macro,B075_TargetOnly_hgb,TargetControlExpression_CP4000,spearman,0.04830183883181309,0.1068751285612168,-0.058573289729403705,-0.1910781764878981,0.07122098023976968,5000,5000,SEEN_same_task_comparison; extra fullgene control information disclosed
macro,B075_TargetOnly_hgb,TargetControlExpression_CP4000,aurc,0.03374349075635401,0.032936967329686664,0.0008065234266673438,-0.00046664074232653297,0.0020221917574115024,5000,5000,SEEN_same_task_comparison; extra fullgene control information disclosed
macro,B075_TargetOnly_hgb,TargetControlExpression_CP4000,error_at_10,0.033424860179694246,0.03230520255491506,0.0011196576247791828,-0.002608296371084636,0.00601987658934873,5000,5000,SEEN_same_task_comparison; extra fullgene control information disclosed
macro,B075_TargetOnly_hgb,TargetControlExpression_CP4000,error_at_20,0.03459814014992876,0.0328576962239982,0.0017404439259305626,-0.0015983115004282893,0.004508022653823109,5000,5000,SEEN_same_task_comparison; extra fullgene control information disclosed
macro,B075_TargetOnly_hgb,TargetControlExpression_CP4000,error_at_50,0.03365220760986584,0.03331379458495614,0.000338413024909702,-0.0010492416936201566,0.0014441094203263088,5000,5000,SEEN_same_task_comparison; extra fullgene control information disclosed
macro,B075_TargetOnly_hgb,TargetControlExpression_CP4000,high_risk_miss_rate,0.7436363636363637,0.7636363636363637,-0.020000000000000018,-0.10545454545454547,0.10545454545454547,5000,5000,SEEN_same_task_comparison; extra fullgene control information disclosed
macro,B075_PublicTarget_ridge,TargetControlExpression_CP4000,utility20,0.2034212402237156,0.07830363439753406,0.12511760582618153,-0.21433775469499625,0.3917156323191903,5000,5000,SEEN_same_task_comparison; extra fullgene control information disclosed
macro,B075_PublicTarget_ridge,TargetControlExpression_CP4000,spearman,0.07882434396108415,0.1068751285612168,-0.028050784600132647,-0.23078626581881423,0.17702212277267795,5000,5000,SEEN_same_task_comparison; extra fullgene control information disclosed
macro,B075_PublicTarget_ridge,TargetControlExpression_CP4000,aurc,0.03243228621879314,0.032936967329686664,-0.0005046811108935234,-0.0017797077098304925,0.0007158241398417904,5000,5000,SEEN_same_task_comparison; extra fullgene control information disclosed
macro,B075_PublicTarget_ridge,TargetControlExpression_CP4000,error_at_10,0.0308099461104982,0.03230520255491506,-0.0014952564444168648,-0.005708599426103711,0.0025185097566812124,5000,5000,SEEN_same_task_comparison; extra fullgene control information disclosed
macro,B075_PublicTarget_ridge,TargetControlExpression_CP4000,error_at_20,0.03181352450410356,0.0328576962239982,-0.0010441717198946404,-0.0037839646459544014,0.0013523077478432622,5000,5000,SEEN_same_task_comparison; extra fullgene control information disclosed
macro,B075_PublicTarget_ridge,TargetControlExpression_CP4000,error_at_50,0.03283231624522445,0.03331379458495614,-0.0004814783397316877,-0.0023007926750571966,0.0011340449366045735,5000,5000,SEEN_same_task_comparison; extra fullgene control information disclosed
macro,B075_PublicTarget_ridge,TargetControlExpression_CP4000,high_risk_miss_rate,0.7236363636363636,0.7636363636363637,-0.040000000000000036,-0.1887282608695651,0.1681818181818182,5000,5000,SEEN_same_task_comparison; extra fullgene control information disclosed
macro,B075_PublicTarget_hgb,TargetControlExpression_CP4000,utility20,0.09164058660951166,0.07830363439753406,0.013336952211977601,-0.27429046935743956,0.29220990238827355,5000,5000,SEEN_same_task_comparison; extra fullgene control information disclosed
macro,B075_PublicTarget_hgb,TargetControlExpression_CP4000,spearman,0.1111241237749781,0.1068751285612168,0.004248995213761306,-0.2066382718709664,0.20893061115442427,5000,5000,SEEN_same_task_comparison; extra fullgene control information disclosed
macro,B075_PublicTarget_hgb,TargetControlExpression_CP4000,aurc,0.032591289247911145,0.032936967329686664,-0.00034567808177551895,-0.0015813752866069843,0.0008679940540390095,5000,5000,SEEN_same_task_comparison; extra fullgene control information disclosed
macro,B075_PublicTarget_hgb,TargetControlExpression_CP4000,error_at_10,0.032455061913940736,0.03230520255491506,0.0001498593590256725,-0.0036276106617691133,0.0037353519567720644,5000,5000,SEEN_same_task_comparison; extra fullgene control information disclosed
macro,B075_PublicTarget_hgb,TargetControlExpression_CP4000,error_at_20,0.032016405931441644,0.0328576962239982,-0.0008412902925565569,-0.0034057228169000068,0.0019498481036333375,5000,5000,SEEN_same_task_comparison; extra fullgene control information disclosed
macro,B075_PublicTarget_hgb,TargetControlExpression_CP4000,error_at_50,0.03241571060263586,0.03331379458495614,-0.0008980839823202816,-0.0026076746224280144,0.0007219201466089268,5000,5000,SEEN_same_task_comparison; extra fullgene control information disclosed
macro,B075_PublicTarget_hgb,TargetControlExpression_CP4000,high_risk_miss_rate,0.7863636363636364,0.7636363636363637,0.022727272727272707,-0.14819230769230782,0.18681318681318682,5000,5000,SEEN_same_task_comparison; extra fullgene control information disclosed
macro,B075_SharedTarget_ridge,TargetControlExpression_CP4000,utility20,0.18160159843065782,0.07830363439753406,0.10329796403312376,-0.22348096047985858,0.3827353247861861,5000,5000,SEEN_same_task_comparison; extra fullgene control information disclosed
macro,B075_SharedTarget_ridge,TargetControlExpression_CP4000,spearman,0.08165364461818514,0.1068751285612168,-0.025221483943031656,-0.22791312044413806,0.17664006292627552,5000,5000,SEEN_same_task_comparison; extra fullgene control information disclosed
macro,B075_SharedTarget_ridge,TargetControlExpression_CP4000,aurc,0.03236312630690303,0.032936967329686664,-0.0005738410227836346,-0.0018723161476225238,0.0006736013387582772,5000,5000,SEEN_same_task_comparison; extra fullgene control information disclosed
macro,B075_SharedTarget_ridge,TargetControlExpression_CP4000,error_at_10,0.030786453803069408,0.03230520255491506,-0.0015187487518456555,-0.005599465390759735,0.0027281050549916564,5000,5000,SEEN_same_task_comparison; extra fullgene control information disclosed
macro,B075_SharedTarget_ridge,TargetControlExpression_CP4000,error_at_20,0.03194985142506411,0.0328576962239982,-0.0009078447989340904,-0.003628091824467391,0.0016210720609742767,5000,5000,SEEN_same_task_comparison; extra fullgene control information disclosed
macro,B075_SharedTarget_ridge,TargetControlExpression_CP4000,error_at_50,0.03277782170307532,0.03331379458495614,-0.000535972881880821,-0.002379336366563881,0.00099873519933875,5000,5000,SEEN_same_task_comparison; extra fullgene control information disclosed
macro,B075_SharedTarget_ridge,TargetControlExpression_CP4000,high_risk_miss_rate,0.7236363636363636,0.7636363636363637,-0.040000000000000036,-0.18695918212222562,0.17044664031620532,5000,5000,SEEN_same_task_comparison; extra fullgene control information disclosed
macro,B075_SharedTarget_hgb,TargetControlExpression_CP4000,utility20,0.07276897944232244,0.07830363439753406,-0.005534654955211618,-0.279805401707758,0.24236245031272527,5000,5000,SEEN_same_task_comparison; extra fullgene control information disclosed
macro,B075_SharedTarget_hgb,TargetControlExpression_CP4000,spearman,0.09337400471706724,0.1068751285612168,-0.01350112384414956,-0.21653725581226319,0.18853729196367938,5000,5000,SEEN_same_task_comparison; extra fullgene control information disclosed
macro,B075_SharedTarget_hgb,TargetControlExpression_CP4000,aurc,0.03274224654763398,0.032936967329686664,-0.00019472078205268195,-0.0014327829449064895,0.001013374974207243,5000,5000,SEEN_same_task_comparison; extra fullgene control information disclosed
macro,B075_SharedTarget_hgb,TargetControlExpression_CP4000,error_at_10,0.0329092135032896,0.03230520255491506,0.0006040109483745337,-0.0033679964608348796,0.003691881639516903,5000,5000,SEEN_same_task_comparison; extra fullgene control information disclosed
macro,B075_SharedTarget_hgb,TargetControlExpression_CP4000,error_at_20,0.03200614754029624,0.0328576962239982,-0.0008515486837019637,-0.0037820445167450205,0.0016358423869396882,5000,5000,SEEN_same_task_comparison; extra fullgene control information disclosed
macro,B075_SharedTarget_hgb,TargetControlExpression_CP4000,error_at_50,0.032802370028649636,0.03331379458495614,-0.0005114245563065042,-0.002338689987200404,0.0010091230724502867,5000,5000,SEEN_same_task_comparison; extra fullgene control information disclosed
macro,B075_SharedTarget_hgb,TargetControlExpression_CP4000,high_risk_miss_rate,0.8063636363636364,0.7636363636363637,0.042727272727272725,-0.13462499999999997,0.20970904095904086,5000,5000,SEEN_same_task_comparison; extra fullgene control information disclosed
macro,B100_TargetOnly_ridge,TargetControlExpression_CP4000,utility20,0.02979500730527107,0.07830363439753406,-0.04850862709226299,-0.20966663690756243,0.11007281816232001,5000,5000,SEEN_same_task_comparison; extra fullgene control information disclosed
macro,B100_TargetOnly_ridge,TargetControlExpression_CP4000,spearman,0.004843478778268677,0.1068751285612168,-0.10203164978294813,-0.20794240777265915,-0.0009967356815071388,5000,5000,SEEN_same_task_comparison; extra fullgene control information disclosed
macro,B100_TargetOnly_ridge,TargetControlExpression_CP4000,aurc,0.03396150917911614,0.032936967329686664,0.001024541849429475,0.00015014034579258957,0.0019014117756809864,5000,5000,SEEN_same_task_comparison; extra fullgene control information disclosed
macro,B100_TargetOnly_ridge,TargetControlExpression_CP4000,error_at_10,0.03402529187648996,0.03230520255491506,0.0017200893215748997,-0.001131005306132721,0.006527590873947068,5000,5000,SEEN_same_task_comparison; extra fullgene control information disclosed
macro,B100_TargetOnly_ridge,TargetControlExpression_CP4000,error_at_20,0.03440031979949546,0.0328576962239982,0.0015426235754972609,-0.0006178756617843361,0.004094932474506444,5000,5000,SEEN_same_task_comparison; extra fullgene control information disclosed
macro,B100_TargetOnly_ridge,TargetControlExpression_CP4000,error_at_50,0.033438161166668194,0.03331379458495614,0.00012436658171205428,-0.000997868127785344,0.0015538029212706678,5000,5000,SEEN_same_task_comparison; extra fullgene control information disclosed
macro,B100_TargetOnly_ridge,TargetControlExpression_CP4000,high_risk_miss_rate,0.7863636363636364,0.7636363636363637,0.022727272727272707,-0.08249179292929283,0.12917176573426564,5000,5000,SEEN_same_task_comparison; extra fullgene control information disclosed
macro,B100_TargetOnly_hgb,TargetControlExpression_CP4000,utility20,0.07311887296981938,0.07830363439753406,-0.005184761427714679,-0.21080686054037331,0.12220774122359322,5000,5000,SEEN_same_task_comparison; extra fullgene control information disclosed
macro,B100_TargetOnly_hgb,TargetControlExpression_CP4000,spearman,0.031069506113212384,0.1068751285612168,-0.07580562244800441,-0.21063372268029154,0.05923880886248972,5000,5000,SEEN_same_task_comparison; extra fullgene control information disclosed
macro,B100_TargetOnly_hgb,TargetControlExpression_CP4000,aurc,0.03361971081044514,0.032936967329686664,0.0006827434807584742,-0.00028096386390981127,0.0016528268865261477,5000,5000,SEEN_same_task_comparison; extra fullgene control information disclosed
macro,B100_TargetOnly_hgb,TargetControlExpression_CP4000,error_at_10,0.03321464456266432,0.03230520255491506,0.000909442007749256,-0.0025307066440401955,0.004611794652342275,5000,5000,SEEN_same_task_comparison; extra fullgene control information disclosed
macro,B100_TargetOnly_hgb,TargetControlExpression_CP4000,error_at_20,0.033998214416958036,0.0328576962239982,0.0011405181929598357,-0.001475826214621711,0.004086640750130322,5000,5000,SEEN_same_task_comparison; extra fullgene control information disclosed
macro,B100_TargetOnly_hgb,TargetControlExpression_CP4000,error_at_50,0.03392277993031731,0.03331379458495614,0.0006089853453611696,-0.0005025726789035945,0.0017703270373311034,5000,5000,SEEN_same_task_comparison; extra fullgene control information disclosed
macro,B100_TargetOnly_hgb,TargetControlExpression_CP4000,high_risk_miss_rate,0.7636363636363637,0.7636363636363637,0.0,-0.07090909090909081,0.13523809523809516,5000,5000,SEEN_same_task_comparison; extra fullgene control information disclosed
macro,B100_PublicTarget_ridge,TargetControlExpression_CP4000,utility20,0.27907456681499826,0.07830363439753406,0.2007709324174642,-0.12618583333007485,0.42412967305427657,5000,5000,SEEN_same_task_comparison; extra fullgene control information disclosed
macro,B100_PublicTarget_ridge,TargetControlExpression_CP4000,spearman,0.0860004743980996,0.1068751285612168,-0.020874654163117193,-0.2028248177958001,0.16154504486277188,5000,5000,SEEN_same_task_comparison; extra fullgene control information disclosed
macro,B100_PublicTarget_ridge,TargetControlExpression_CP4000,aurc,0.0325076710269467,0.032936967329686664,-0.00042929630273996766,-0.0016774919966633015,0.0007357103038217903,5000,5000,SEEN_same_task_comparison; extra fullgene control information disclosed
macro,B100_PublicTarget_ridge,TargetControlExpression_CP4000,error_at_10,0.0315019452341404,0.03230520255491506,-0.0008032573207746654,-0.004981840871633669,0.0034125534278445684,5000,5000,SEEN_same_task_comparison; extra fullgene control information disclosed
macro,B100_PublicTarget_ridge,TargetControlExpression_CP4000,error_at_20,0.03228761425507748,0.0328576962239982,-0.0005700819689207215,-0.003008869178957746,0.001930030868111418,5000,5000,SEEN_same_task_comparison; extra fullgene control information disclosed
macro,B100_PublicTarget_ridge,TargetControlExpression_CP4000,error_at_50,0.0328316963888861,0.03331379458495614,-0.0004820981960700424,-0.002140087952316243,0.0011895943926188755,5000,5000,SEEN_same_task_comparison; extra fullgene control information disclosed
macro,B100_PublicTarget_ridge,TargetControlExpression_CP4000,high_risk_miss_rate,0.7009090909090909,0.7636363636363637,-0.06272727272727274,-0.21978088336783988,0.11636363636363622,5000,5000,SEEN_same_task_comparison; extra fullgene control information disclosed
macro,B100_PublicTarget_hgb,TargetControlExpression_CP4000,utility20,0.16838615546392313,0.07830363439753406,0.09008252106638907,-0.19806127186901118,0.2996740586093253,5000,5000,SEEN_same_task_comparison; extra fullgene control information disclosed
macro,B100_PublicTarget_hgb,TargetControlExpression_CP4000,spearman,0.14257465155181323,0.1068751285612168,0.035699522990596436,-0.1521723517127833,0.21858132766843844,5000,5000,SEEN_same_task_comparison; extra fullgene control information disclosed
macro,B100_PublicTarget_hgb,TargetControlExpression_CP4000,aurc,0.03256863971624479,0.032936967329686664,-0.0003683276134418753,-0.001521081708781951,0.000682592851830313,5000,5000,SEEN_same_task_comparison; extra fullgene control information disclosed
macro,B100_PublicTarget_hgb,TargetControlExpression_CP4000,error_at_10,0.032208256375747174,0.03230520255491506,-9.694617916788939e-05,-0.003892537559669297,0.0028629004477788334,5000,5000,SEEN_same_task_comparison; extra fullgene control information disclosed
macro,B100_PublicTarget_hgb,TargetControlExpression_CP4000,error_at_20,0.030853469714818595,0.0328576962239982,-0.002004226509179606,-0.004375081410515391,0.0004947881459536236,5000,5000,SEEN_same_task_comparison; extra fullgene control information disclosed
macro,B100_PublicTarget_hgb,TargetControlExpression_CP4000,error_at_50,0.03266378208523488,0.03331379458495614,-0.0006500124997212628,-0.0022900046613920423,0.0008408735015730384,5000,5000,SEEN_same_task_comparison; extra fullgene control information disclosed
macro,B100_PublicTarget_hgb,TargetControlExpression_CP4000,high_risk_miss_rate,0.7036363636363636,0.7636363636363637,-0.06000000000000005,-0.2163636363636363,0.12699999999999975,5000,5000,SEEN_same_task_comparison; extra fullgene control information disclosed
macro,B100_SharedTarget_ridge,TargetControlExpression_CP4000,utility20,0.2430189635787862,0.07830363439753406,0.16471532918125215,-0.12053072741669708,0.4237643669332408,5000,5000,SEEN_same_task_comparison; extra fullgene control information disclosed
macro,B100_SharedTarget_ridge,TargetControlExpression_CP4000,spearman,0.08581222202732072,0.1068751285612168,-0.021062906533896072,-0.20245725601440365,0.16222124906778443,5000,5000,SEEN_same_task_comparison; extra fullgene control information disclosed
macro,B100_SharedTarget_ridge,TargetControlExpression_CP4000,aurc,0.03250855616744584,0.032936967329686664,-0.00042841116224082154,-0.0016798712438634796,0.0007443904178427436,5000,5000,SEEN_same_task_comparison; extra fullgene control information disclosed
macro,B100_SharedTarget_ridge,TargetControlExpression_CP4000,error_at_10,0.0315019452341404,0.03230520255491506,-0.0008032573207746654,-0.004981840871633669,0.0034466652337567846,5000,5000,SEEN_same_task_comparison; extra fullgene control information disclosed
macro,B100_SharedTarget_ridge,TargetControlExpression_CP4000,error_at_20,0.032313048932944476,0.0328576962239982,-0.0005446472910537251,-0.0030033391742927394,0.001977300283075221,5000,5000,SEEN_same_task_comparison; extra fullgene control information disclosed
macro,B100_SharedTarget_ridge,TargetControlExpression_CP4000,error_at_50,0.0328316963888861,0.03331379458495614,-0.0004820981960700424,-0.0021474148733360687,0.0011952110353734753,5000,5000,SEEN_same_task_comparison; extra fullgene control information disclosed
macro,B100_SharedTarget_ridge,TargetControlExpression_CP4000,high_risk_miss_rate,0.7009090909090909,0.7636363636363637,-0.06272727272727274,-0.22134957433870472,0.11363636363636365,5000,5000,SEEN_same_task_comparison; extra fullgene control information disclosed
macro,B100_SharedTarget_hgb,TargetControlExpression_CP4000,utility20,0.06985144230580531,0.07830363439753406,-0.008452192091728747,-0.21876333073666168,0.24046271525877747,5000,5000,SEEN_same_task_comparison; extra fullgene control information disclosed
macro,B100_SharedTarget_hgb,TargetControlExpression_CP4000,spearman,0.13120774941869245,0.1068751285612168,0.02433262085747566,-0.15796124013663063,0.20885257332853607,5000,5000,SEEN_same_task_comparison; extra fullgene control information disclosed
macro,B100_SharedTarget_hgb,TargetControlExpression_CP4000,aurc,0.032695441756910054,0.032936967329686664,-0.00024152557277661024,-0.0014440321261279681,0.0007817942387943205,5000,5000,SEEN_same_task_comparison; extra fullgene control information disclosed
macro,B100_SharedTarget_hgb,TargetControlExpression_CP4000,error_at_10,0.031514326633890345,0.03230520255491506,-0.0007908759210247182,-0.004392916011751664,0.002662295996800699,5000,5000,SEEN_same_task_comparison; extra fullgene control information disclosed
macro,B100_SharedTarget_hgb,TargetControlExpression_CP4000,error_at_20,0.0317955343307124,0.0328576962239982,-0.0010621618932857985,-0.00397031532505618,0.0011987048553898183,5000,5000,SEEN_same_task_comparison; extra fullgene control information disclosed
macro,B100_SharedTarget_hgb,TargetControlExpression_CP4000,error_at_50,0.0323390497983628,0.03331379458495614,-0.0009747447865933387,-0.0025992668807342427,0.0006241191673447622,5000,5000,SEEN_same_task_comparison; extra fullgene control information disclosed
macro,B100_SharedTarget_hgb,TargetControlExpression_CP4000,high_risk_miss_rate,0.769090909090909,0.7636363636363637,0.005454545454545379,-0.1748251748251748,0.15127212732919243,5000,5000,SEEN_same_task_comparison; extra fullgene control information disclosed
