analysis,replicate,partial_spearman,magnitude_matched_spearman
E201_TxPert_whole_context,0,0.26285423722972512,0.28408101295180144
E201_TxPert_whole_context,1,0.30926068827860875,0.3169586236925872
E201_TxPert_whole_context,2,0.29408689125850729,0.31497878364632359
E201_TxPert_whole_context,3,0.24922770874728556,0.27195413916685435
E201_TxPert_whole_context,4,0.27796526982093445,0.28744806120482169
E201_TxPert_whole_context,5,0.28281214310467762,0.27837670377945661
E201_TxPert_whole_context,6,0.24334015848286372,0.27713632255225251
E201_TxPert_whole_context,7,0.26947166807332956,0.27223538898405109
E201_TxPert_whole_context,8,0.26646527291715305,0.29523033236054502
E201_TxPert_whole_context,9,0.24935515787190363,0.26985420296097806
E201_TxPert_whole_context,10,0.33784742970795184,0.34369706705674685
E201_TxPert_whole_context,11,0.24791254821566572,0.28549272455979358
E201_TxPert_whole_context,12,0.27099467006096295,0.27722897900815707
E201_TxPert_whole_context,13,0.27565732066444204,0.31164038160015356
E201_TxPert_whole_context,14,0.2602599312263662,0.26289687829955077
E201_TxPert_whole_context,15,0.30515888707384986,0.32618581635183008
E201_TxPert_whole_context,16,0.30893588982871933,0.33106568468168662
E201_TxPert_whole_context,17,0.25704717933347554,0.28410594657615179
E201_TxPert_whole_context,18,0.24733074573235236,0.27024153868865891
E201_TxPert_whole_context,19,0.28105331467829936,0.31573338032205694
E201_TxPert_whole_context,20,0.28620088852214037,0.30825173915740056
E201_TxPert_whole_context,21,0.3103081862754708,0.33167434786930833
E201_TxPert_whole_context,22,0.2536915124348359,0.29133192398000829
E201_TxPert_whole_context,23,0.29772325240053715,0.29696932275958943
E201_TxPert_whole_context,24,0.29488737902975642,0.3196706864908746
E201_TxPert_whole_context,25,0.29443579314546547,0.31158931567166459
E201_TxPert_whole_context,26,0.30146295350699359,0.3090319048870378
E201_TxPert_whole_context,27,0.29057808373582295,0.31808487420333253
E201_TxPert_whole_context,28,0.24285119220774704,0.2609176562436204
E201_TxPert_whole_context,29,0.29627472351297601,0.30389684743524248
E201_TxPert_whole_context,30,0.29966991193706122,0.30140141603792608
E201_TxPert_whole_context,31,0.30120047837467517,0.30324011923042271
E201_TxPert_whole_context,32,0.27614873361244324,0.31112653245350569
E201_TxPert_whole_context,33,0.28901322720506745,0.29979179218420282
E201_TxPert_whole_context,34,0.28162069729854078,0.31317431806329121
E201_TxPert_whole_context,35,0.23736237900212853,0.25382334617801605
E201_TxPert_whole_context,36,0.28715906054173962,0.32325858370271976
E201_TxPert_whole_context,37,0.25690590651342715,0.2712896816065189
E201_TxPert_whole_context,38,0.27623806000454532,0.29259044524893962
E201_TxPert_whole_context,39,0.25892655986194235,0.27777591582136391
E201_TxPert_whole_context,40,0.23414294856775791,0.25518107114112648
E201_TxPert_whole_context,41,0.25257260178111129,0.24838408330661102
E201_TxPert_whole_context,42,0.30986159444547295,0.33044814794030136
E201_TxPert_whole_context,43,0.29709951067342233,0.31427382085661054
E201_TxPert_whole_context,44,0.2754483286269952,0.31803644236657075
E201_TxPert_whole_context,45,0.2549839578468025,0.28347492922419165
E201_TxPert_whole_context,46,0.24698995085090347,0.27292123696257453
E201_TxPert_whole_context,47,0.31395623986594384,0.31337520369640637
E201_TxPert_whole_context,48,0.31136943505040937,0.33844776335466065
E201_TxPert_whole_context,49,0.27622978085253697,0.31970704560347762
E201_TxPert_whole_context,50,0.29189348980236901,0.32411187723296053
E201_TxPert_whole_context,51,0.28719423449249737,0.3217226839660145
E201_TxPert_whole_context,52,0.29308480003274728,0.30313738930355866
E201_TxPert_whole_context,53,0.2758378536249475,0.29255175876571055
E201_TxPert_whole_context,54,0.28443350925482441,0.30888118642210599
E201_TxPert_whole_context,55,0.2446184032168256,0.274940811939686
E201_TxPert_whole_context,56,0.24643215190984191,0.26317875266207591
E201_TxPert_whole_context,57,0.26134456746981194,0.28776239236766143
E201_TxPert_whole_context,58,0.278503636916276,0.29058454706554615
E201_TxPert_whole_context,59,0.27222113019644761,0.29779968264357859
E201_TxPert_whole_context,60,0.26192751407680503,0.26283371621519813
E201_TxPert_whole_context,61,0.28813480662513563,0.28926350557823471
E201_TxPert_whole_context,62,0.28486663001802354,0.28348046543488598
E201_TxPert_whole_context,63,0.32024867997153944,0.33423841150304134
E201_TxPert_whole_context,64,0.24847788105179053,0.2684390944911822
E201_TxPert_whole_context,65,0.26711807993471359,0.27787177175303329
E201_TxPert_whole_context,66,0.28121121334230786,0.28621044398484941
E201_TxPert_whole_context,67,0.2658500555125492,0.29333889723715667
E201_TxPert_whole_context,68,0.31978655061633005,0.33073061651344426
E201_TxPert_whole_context,69,0.26351973651980132,0.25888163899556837
E201_TxPert_whole_context,70,0.29818741073830957,0.3145540660060327
E201_TxPert_whole_context,71,0.33281041573016557,0.31375847502939169
E201_TxPert_whole_context,72,0.26675209920978149,0.29871730175221906
E201_TxPert_whole_context,73,0.24365637977779617,0.25547701830815139
E201_TxPert_whole_context,74,0.26084004497229407,0.2877537770429327
E201_TxPert_whole_context,75,0.29774817657144703,0.3144275438998726
E201_TxPert_whole_context,76,0.29126534651365871,0.32866052347232899
E201_TxPert_whole_context,77,0.31074557902561978,0.34248764644168495
E201_TxPert_whole_context,78,0.30313296518088023,0.31793449502287141
E201_TxPert_whole_context,79,0.28963520057346381,0.30301228902909733
E201_TxPert_whole_context,80,0.27941003139045822,0.30164377273185
E201_TxPert_whole_context,81,0.28261855738957625,0.31964249807157369
E201_TxPert_whole_context,82,0.31838954333075997,0.31575051826295986
E201_TxPert_whole_context,83,0.30795925089115811,0.31043962351251853
E201_TxPert_whole_context,84,0.30426196925875637,0.32734212791093403
E201_TxPert_whole_context,85,0.30479924988973151,0.32229485197977198
E201_TxPert_whole_context,86,0.31948317323633557,0.31365461578329662
E201_TxPert_whole_context,87,0.30321757947865907,0.30370806998592814
E201_TxPert_whole_context,88,0.24238751238531353,0.2471315074148199
E201_TxPert_whole_context,89,0.24853842188001252,0.24097523284024358
E201_TxPert_whole_context,90,0.28862872768620729,0.3162724534628511
E201_TxPert_whole_context,91,0.30185151731904852,0.29713125741520385
E201_TxPert_whole_context,92,0.30475118912918631,0.33419815063037545
E201_TxPert_whole_context,93,0.33231031109376796,0.33415954975353501
E201_TxPert_whole_context,94,0.2591442658651828,0.27975333260228252
E201_TxPert_whole_context,95,0.29928511186728352,0.30873694516415889
E201_TxPert_whole_context,96,0.29019105195916245,0.30384002386324482
E201_TxPert_whole_context,97,0.3224043717377012,0.32090262196167529
E201_TxPert_whole_context,98,0.3060293961239694,0.32123579036062483
E201_TxPert_whole_context,99,0.28111012512932737,0.29356722930731216
E201_TxPert_whole_context,100,0.2605612938979,0.24958661774107721
E201_TxPert_whole_context,101,0.32661147456729511,0.34369856626340689
E201_TxPert_whole_context,102,0.29494950407915999,0.31747498203308244
E201_TxPert_whole_context,103,0.25554386049924582,0.28018446231973476
E201_TxPert_whole_context,104,0.27004158843718989,0.2911211979402526
E201_TxPert_whole_context,105,0.28326557792642154,0.31066248723716444
E201_TxPert_whole_context,106,0.30279983720214804,0.32767876333931434
E201_TxPert_whole_context,107,0.31093219709149861,0.31845606495128631
E201_TxPert_whole_context,108,0.29188910463486273,0.28500901054459016
E201_TxPert_whole_context,109,0.25553259194968436,0.27855801615613873
E201_TxPert_whole_context,110,0.27606164727108773,0.29105968222582201
E201_TxPert_whole_context,111,0.30692815119021366,0.33537729351801704
E201_TxPert_whole_context,112,0.33645094153721666,0.33908162542848563
E201_TxPert_whole_context,113,0.30124107700005137,0.32431597366512366
E201_TxPert_whole_context,114,0.29800948908660019,0.32547553944976998
E201_TxPert_whole_context,115,0.27224195741858892,0.28908380128213185
E201_TxPert_whole_context,116,0.26132179765983682,0.27584355663265298
E201_TxPert_whole_context,117,0.27072325441887479,0.30598707618045784
E201_TxPert_whole_context,118,0.27517613185572332,0.27560228883451471
E201_TxPert_whole_context,119,0.31930749287295906,0.32504862746862206
E201_TxPert_whole_context,120,0.25852799957621869,0.23440460707247596
E201_TxPert_whole_context,121,0.29882587459031135,0.31807916750391629
E201_TxPert_whole_context,122,0.284663672031788,0.32193407465951995
E201_TxPert_whole_context,123,0.29559397473721782,0.30984630685507486
E201_TxPert_whole_context,124,0.24333312700139692,0.28801486543517318
E201_TxPert_whole_context,125,0.29080607029259176,0.28320564139086324
E201_TxPert_whole_context,126,0.28255293897033201,0.29504557843785434
E201_TxPert_whole_context,127,0.24308922638230335,0.2596894826804414
E201_TxPert_whole_context,128,0.2809647633261787,0.27767204380243543
E201_TxPert_whole_context,129,0.2399047597649781,0.27451290189723843
E201_TxPert_whole_context,130,0.25325751881396785,0.29138790244810436
E201_TxPert_whole_context,131,0.2818744081486308,0.29975712461434945
E201_TxPert_whole_context,132,0.26837525537982532,0.28082823129814566
E201_TxPert_whole_context,133,0.27885737313584158,0.27290839685805868
E201_TxPert_whole_context,134,0.26735658862504752,0.28289293115495495
E201_TxPert_whole_context,135,0.26194352762294476,0.25731733904604592
E201_TxPert_whole_context,136,0.28060490418520873,0.33182311757602023
E201_TxPert_whole_context,137,0.25599261024262493,0.2588474460006121
E201_TxPert_whole_context,138,0.27864335555341552,0.28770382549491424
E201_TxPert_whole_context,139,0.29227863002882082,0.30224933058162418
E201_TxPert_whole_context,140,0.28692003616474632,0.29940170918550973
E201_TxPert_whole_context,141,0.25022194924948982,0.26293876485107848
E201_TxPert_whole_context,142,0.28397393039121954,0.29069706716792321
E201_TxPert_whole_context,143,0.25129229780890094,0.28284906186990855
E201_TxPert_whole_context,144,0.28517767089300766,0.28771913222550594
E201_TxPert_whole_context,145,0.26180490044665183,0.28910286232180871
E201_TxPert_whole_context,146,0.2977888823659896,0.32054743515153611
E201_TxPert_whole_context,147,0.27545406823615909,0.3032010620740388
E201_TxPert_whole_context,148,0.27664966502369498,0.30090819902288796
E201_TxPert_whole_context,149,0.2339986977913385,0.23997109113693402
E201_TxPert_whole_context,150,0.30991844282511949,0.30882446037235189
E201_TxPert_whole_context,151,0.31159746562039459,0.31531738579381047
E201_TxPert_whole_context,152,0.33017254534684692,0.3507209480227958
E201_TxPert_whole_context,153,0.28339654820369553,0.29128486890786565
E201_TxPert_whole_context,154,0.31579960835910836,0.3277740515601778
E201_TxPert_whole_context,155,0.26784658586243087,0.27926083464333296
E201_TxPert_whole_context,156,0.25509578565886371,0.28135070389091066
E201_TxPert_whole_context,157,0.29681365935149012,0.30122784723238288
E201_TxPert_whole_context,158,0.28597806635012835,0.29481657055680632
E201_TxPert_whole_context,159,0.30149521112999766,0.33600700057616328
E201_TxPert_whole_context,160,0.28391640462245882,0.28581752102890989
E201_TxPert_whole_context,161,0.28453772046044817,0.30154721309361943
E201_TxPert_whole_context,162,0.29349775573234088,0.32552203565264787
E201_TxPert_whole_context,163,0.28562181662088215,0.29975148451610534
E201_TxPert_whole_context,164,0.310166166818862,0.31492945902402686
E201_TxPert_whole_context,165,0.25000481794395113,0.24970290393543068
E201_TxPert_whole_context,166,0.30953962484730335,0.32141638102840542
E201_TxPert_whole_context,167,0.25598368720565406,0.27157647267314577
E201_TxPert_whole_context,168,0.24853238943991687,0.28072072719046132
E201_TxPert_whole_context,169,0.3122838291770712,0.3224651274863985
E201_TxPert_whole_context,170,0.29871372783015732,0.29951135450022032
E201_TxPert_whole_context,171,0.28345349240679257,0.31375146645331714
E201_TxPert_whole_context,172,0.27949164420843131,0.28792142080077521
E201_TxPert_whole_context,173,0.30375741817278124,0.31291058719746023
E201_TxPert_whole_context,174,0.2455156714844019,0.26796667913400729
E201_TxPert_whole_context,175,0.24423748660614927,0.2484998180955223
E201_TxPert_whole_context,176,0.29556108829273731,0.29850862373269116
E201_TxPert_whole_context,177,0.29280462880288027,0.30238873104823438
E201_TxPert_whole_context,178,0.29140219885881502,0.30120673623921779
E201_TxPert_whole_context,179,0.25710744220376858,0.27550434013629477
E201_TxPert_whole_context,180,0.26208282617095169,0.27825283218695601
E201_TxPert_whole_context,181,0.30936451635438911,0.31709712344142293
E201_TxPert_whole_context,182,0.2817255904811361,0.31639558361301051
E201_TxPert_whole_context,183,0.23246022013917383,0.26012721601583388
E201_TxPert_whole_context,184,0.29838659242332682,0.31091206729168686
E201_TxPert_whole_context,185,0.30426623114305779,0.29545271255343986
E201_TxPert_whole_context,186,0.28701360368862205,0.29787728267610569
E201_TxPert_whole_context,187,0.30511068445485068,0.33637732043462465
E201_TxPert_whole_context,188,0.28956206727169204,0.32191552781514554
E201_TxPert_whole_context,189,0.28100051477954613,0.30580938542050068
E201_TxPert_whole_context,190,0.22337402754048313,0.2382921121762489
E201_TxPert_whole_context,191,0.29146078524457042,0.34030866056527631
E201_TxPert_whole_context,192,0.31043734523836441,0.30920566481116113
E201_TxPert_whole_context,193,0.23128197467306832,0.24135703626004396
E201_TxPert_whole_context,194,0.2822057521458593,0.31121994046343154
E201_TxPert_whole_context,195,0.26217735055717745,0.28602842769667891
E201_TxPert_whole_context,196,0.29049842601754039,0.30509768165107076
E201_TxPert_whole_context,197,0.2987289955284691,0.32676931747771515
E201_TxPert_whole_context,198,0.3430934778435541,0.36055202134768072
E201_TxPert_whole_context,199,0.2654969816335479,0.30007570697116326
E201_TxPert_whole_context,200,0.28760385438872788,0.3029031037650618
E201_TxPert_whole_context,201,0.28562172017206111,0.29321809687504075
E201_TxPert_whole_context,202,0.28963957956564107,0.29986252010134257
E201_TxPert_whole_context,203,0.28089492560869633,0.30880395976032554
E201_TxPert_whole_context,204,0.31936159040946022,0.32764326376988884
E201_TxPert_whole_context,205,0.26784961933803825,0.30886458414911899
E201_TxPert_whole_context,206,0.29992030168954814,0.32362413288051162
E201_TxPert_whole_context,207,0.27063057302061178,0.28907396437383925
E201_TxPert_whole_context,208,0.28612281496808178,0.31804263724019444
E201_TxPert_whole_context,209,0.32784950694290793,0.33731945377380967
E201_TxPert_whole_context,210,0.30954441759088058,0.3252156378375658
E201_TxPert_whole_context,211,0.27992682257277002,0.30896803129399086
E201_TxPert_whole_context,212,0.27729663287855882,0.3183627702515473
E201_TxPert_whole_context,213,0.30089960601211568,0.29823890328084135
E201_TxPert_whole_context,214,0.24044890570476393,0.25989873896820187
E201_TxPert_whole_context,215,0.25982262171665699,0.2824754331790188
E201_TxPert_whole_context,216,0.2920485777438987,0.30109835827609643
E201_TxPert_whole_context,217,0.27239685646474676,0.28865433072813346
E201_TxPert_whole_context,218,0.30881737566331557,0.29303111675873411
E201_TxPert_whole_context,219,0.24176124370581575,0.26756975747200273
E201_TxPert_whole_context,220,0.29509445240053001,0.32426509878270171
E201_TxPert_whole_context,221,0.30709543820044272,0.33905260403529192
E201_TxPert_whole_context,222,0.28928262787463305,0.30737403956813325
E201_TxPert_whole_context,223,0.31790634421865782,0.29902773347367806
E201_TxPert_whole_context,224,0.3078283634400425,0.33124562048816808
E201_TxPert_whole_context,225,0.32327325209812036,0.33820644204165928
E201_TxPert_whole_context,226,0.2536769141425288,0.28608927239093807
E201_TxPert_whole_context,227,0.28857116566401059,0.32451863309894247
E201_TxPert_whole_context,228,0.28466380377795297,0.29076557436050204
E201_TxPert_whole_context,229,0.27321466882845091,0.27053584371859069
E201_TxPert_whole_context,230,0.29721355532966126,0.29943032182213059
E201_TxPert_whole_context,231,0.24210647343467417,0.25823500030873736
E201_TxPert_whole_context,232,0.28173754936350726,0.31063610877762621
E201_TxPert_whole_context,233,0.27047978141229745,0.28881633605392243
E201_TxPert_whole_context,234,0.2882491353736315,0.29789951603219811
E201_TxPert_whole_context,235,0.25259942805367058,0.26021917520845872
E201_TxPert_whole_context,236,0.31375449838026981,0.3400684208219753
E201_TxPert_whole_context,237,0.29001366583293875,0.29060323507960151
E201_TxPert_whole_context,238,0.30903794586529237,0.31913503702805263
E201_TxPert_whole_context,239,0.29488347049088959,0.32831406343755953
E201_TxPert_whole_context,240,0.32325140111767087,0.33582189495038345
E201_TxPert_whole_context,241,0.29006908584207924,0.28631239511767559
E201_TxPert_whole_context,242,0.28726699108823328,0.28344819139190292
E201_TxPert_whole_context,243,0.29561497650603863,0.30400757376825022
E201_TxPert_whole_context,244,0.28323814069429437,0.2946911442338524
E201_TxPert_whole_context,245,0.30980185606191707,0.30916340097465239
E201_TxPert_whole_context,246,0.27347198399699002,0.32460320452512004
E201_TxPert_whole_context,247,0.29612121754653942,0.3126087947780099
E201_TxPert_whole_context,248,0.33201277585534833,0.33050769692310678
E201_TxPert_whole_context,249,0.29882266647781558,0.31149547226991764
E201_TxPert_whole_context,250,0.29758576198993414,0.32403919351214161
E201_TxPert_whole_context,251,0.31368135000883351,0.34122611682908766
E201_TxPert_whole_context,252,0.23914619179972335,0.27816796075212602
E201_TxPert_whole_context,253,0.2884899898816497,0.30888869167322497
E201_TxPert_whole_context,254,0.26061147101985066,0.28825116984497939
E201_TxPert_whole_context,255,0.29401770725052379,0.308677277704758
E201_TxPert_whole_context,256,0.25189473184363242,0.28072828983981729
E201_TxPert_whole_context,257,0.2860606155825749,0.31948012792562269
E201_TxPert_whole_context,258,0.29997424382876892,0.32027690750798754
E201_TxPert_whole_context,259,0.30443702780456605,0.3416898420037241
E201_TxPert_whole_context,260,0.29322821055600068,0.31578250941131941
E201_TxPert_whole_context,261,0.28902548809820472,0.31173618853618862
E201_TxPert_whole_context,262,0.29353820476300646,0.27523268956470326
E201_TxPert_whole_context,263,0.27120668947516446,0.29272827928078138
E201_TxPert_whole_context,264,0.27618346409436378,0.28473757552744078
E201_TxPert_whole_context,265,0.29463971558694851,0.31010101420407987
E201_TxPert_whole_context,266,0.26745932338910761,0.29431915434369998
E201_TxPert_whole_context,267,0.30182481527173965,0.29518597088010207
E201_TxPert_whole_context,268,0.2951935435395216,0.3208546502818973
E201_TxPert_whole_context,269,0.29185938519143562,0.29144793717555839
E201_TxPert_whole_context,270,0.27496353660099115,0.30246951304509506
E201_TxPert_whole_context,271,0.28597947461284623,0.31244086917991121
E201_TxPert_whole_context,272,0.28217941229813082,0.28989480343088192
E201_TxPert_whole_context,273,0.2813316131688503,0.27729842861930681
E201_TxPert_whole_context,274,0.31326718269988324,0.3197075968951763
E201_TxPert_whole_context,275,0.2556018305715459,0.28445196905648812
E201_TxPert_whole_context,276,0.24020009400446915,0.24984688053233473
E201_TxPert_whole_context,277,0.28024338331815468,0.29065460070052707
E201_TxPert_whole_context,278,0.29290966727497858,0.30327782393993663
E201_TxPert_whole_context,279,0.26937223947433936,0.28647653588676197
E201_TxPert_whole_context,280,0.27730481512278143,0.31546794372022019
E201_TxPert_whole_context,281,0.29195614610401105,0.28708861469523317
E201_TxPert_whole_context,282,0.32354039125392814,0.31851643184776962
E201_TxPert_whole_context,283,0.24953649024374888,0.24587413258172686
E201_TxPert_whole_context,284,0.29636854285209868,0.31728790895429126
E201_TxPert_whole_context,285,0.33288254527754724,0.34915256470116285
E201_TxPert_whole_context,286,0.28295282528911203,0.28432964753683065
E201_TxPert_whole_context,287,0.31015933008532248,0.34432779710671074
E201_TxPert_whole_context,288,0.2675903723998706,0.2987965729969202
E201_TxPert_whole_context,289,0.25516318476086314,0.31589333589577678
E201_TxPert_whole_context,290,0.29219711061878478,0.3210953796762559
E201_TxPert_whole_context,291,0.30689169084506884,0.33198864442354614
E201_TxPert_whole_context,292,0.2629126836893857,0.27916802034000587
E201_TxPert_whole_context,293,0.27842847496439366,0.28407927516504194
E201_TxPert_whole_context,294,0.31643292795140698,0.33644682493685613
E201_TxPert_whole_context,295,0.28283911869245215,0.2875736064087443
E201_TxPert_whole_context,296,0.27569740309305163,0.29514593310828691
E201_TxPert_whole_context,297,0.29997263892648124,0.3102904589463879
E201_TxPert_whole_context,298,0.30350384440319372,0.34299107896291359
E201_TxPert_whole_context,299,0.29449418258008242,0.29205772668187335
E201_TxPert_whole_context,300,0.31579263294212945,0.33359894002025686
E201_TxPert_whole_context,301,0.30213117423536784,0.32124017017292744
E201_TxPert_whole_context,302,0.32950118730538064,0.34436198404579232
E201_TxPert_whole_context,303,0.24862083616874245,0.29725704402355113
E201_TxPert_whole_context,304,0.26314854102493612,0.28433907662772784
E201_TxPert_whole_context,305,0.26406856650458116,0.27811611121124891
E201_TxPert_whole_context,306,0.28838821960144823,0.29863106864329625
E201_TxPert_whole_context,307,0.28758961363125102,0.3336117664551278
E201_TxPert_whole_context,308,0.26212239768125584,0.24263119314100504
E201_TxPert_whole_context,309,0.27888884519240115,0.2997432327495273
E201_TxPert_whole_context,310,0.25947983770236543,0.27596509643540362
E201_TxPert_whole_context,311,0.26539642415165587,0.29796139198835819
E201_TxPert_whole_context,312,0.29034431614125367,0.29179176670157714
E201_TxPert_whole_context,313,0.30370822804952896,0.32534502614299238
E201_TxPert_whole_context,314,0.25066632670262284,0.30095722689550919
E201_TxPert_whole_context,315,0.27638386746348609,0.29379734463034674
E201_TxPert_whole_context,316,0.25816355085803283,0.25650993300786018
E201_TxPert_whole_context,317,0.25317837178799202,0.2860548749695504
E201_TxPert_whole_context,318,0.33068169231296352,0.34398309119756348
E201_TxPert_whole_context,319,0.28766195142416096,0.29267814495822841
E201_TxPert_whole_context,320,0.28416863587952751,0.30105084505918073
E201_TxPert_whole_context,321,0.30483917382236558,0.32181463723597087
E201_TxPert_whole_context,322,0.32277017457016366,0.32779246347693969
E201_TxPert_whole_context,323,0.28189645121233864,0.27137293775029214
E201_TxPert_whole_context,324,0.29745300634329935,0.33030978682498513
E201_TxPert_whole_context,325,0.26472775876993065,0.31781464181738711
E201_TxPert_whole_context,326,0.21181159747597844,0.26271740118846337
E201_TxPert_whole_context,327,0.24033198598116101,0.25754981737329369
E201_TxPert_whole_context,328,0.25336164701450559,0.24640109908770869
E201_TxPert_whole_context,329,0.27608919348090144,0.2925896703032802
E201_TxPert_whole_context,330,0.29229249638550564,0.30670192888032155
E201_TxPert_whole_context,331,0.29788107389632879,0.30332612037767309
E201_TxPert_whole_context,332,0.35628357645269121,0.36626425542756513
E201_TxPert_whole_context,333,0.28676739090629783,0.28525896846043786
E201_TxPert_whole_context,334,0.23103855360229866,0.27623214343200897
E201_TxPert_whole_context,335,0.21966955258889179,0.27154520535588689
E201_TxPert_whole_context,336,0.26997862162379432,0.29729766545296799
E201_TxPert_whole_context,337,0.29746044783413178,0.32106505035395017
E201_TxPert_whole_context,338,0.31052073888073511,0.31466785224481708
E201_TxPert_whole_context,339,0.31923930726660854,0.32997964391548684
E201_TxPert_whole_context,340,0.26096570000442076,0.30198449977009378
E201_TxPert_whole_context,341,0.29308627706933044,0.32815835992491965
E201_TxPert_whole_context,342,0.26297712991275202,0.28441158778514392
E201_TxPert_whole_context,343,0.31876205605993996,0.31827205332669384
E201_TxPert_whole_context,344,0.27768180976859902,0.30697084272717989
E201_TxPert_whole_context,345,0.28780842534061557,0.29864452450113244
E201_TxPert_whole_context,346,0.26957676623802479,0.29331863963745514
E201_TxPert_whole_context,347,0.25877233913621622,0.31588999143264807
E201_TxPert_whole_context,348,0.30718933291642325,0.32267991542599361
E201_TxPert_whole_context,349,0.31873501464295406,0.31614912171394116
E201_TxPert_whole_context,350,0.26832644063110278,0.31207300955379152
E201_TxPert_whole_context,351,0.31676701931442025,0.34863336560283115
E201_TxPert_whole_context,352,0.23567393941546527,0.27446540226938276
E201_TxPert_whole_context,353,0.24225324857663047,0.27321657041602071
E201_TxPert_whole_context,354,0.28069723129255408,0.29394084237318674
E201_TxPert_whole_context,355,0.25365665022773221,0.26286801388678416
E201_TxPert_whole_context,356,0.27474746803744193,0.29649663793458114
E201_TxPert_whole_context,357,0.27807614224912858,0.285604246653682
E201_TxPert_whole_context,358,0.28000163050818544,0.30057835670741062
E201_TxPert_whole_context,359,0.28322590679132609,0.30696886013373148
E201_TxPert_whole_context,360,0.29744563327805273,0.29923305931245597
E201_TxPert_whole_context,361,0.26847110084715653,0.27060284874757379
E201_TxPert_whole_context,362,0.27139331216874457,0.29107787153837639
E201_TxPert_whole_context,363,0.27542234063545584,0.29107365831233778
E201_TxPert_whole_context,364,0.25061050121036099,0.26795776664597898
E201_TxPert_whole_context,365,0.23118310258711086,0.22749238665598664
E201_TxPert_whole_context,366,0.24128094518842158,0.2572208840750948
E201_TxPert_whole_context,367,0.25109995517658501,0.26491551746498776
E201_TxPert_whole_context,368,0.28624384263992164,0.29808858241528985
E201_TxPert_whole_context,369,0.28700866265549868,0.31844788237251376
E201_TxPert_whole_context,370,0.28099576980707014,0.28612848677289826
E201_TxPert_whole_context,371,0.28255405043474541,0.29700078742846098
E201_TxPert_whole_context,372,0.24469401249750852,0.2768850117287554
E201_TxPert_whole_context,373,0.31183896488293283,0.31870659359491921
E201_TxPert_whole_context,374,0.30263889696053509,0.30732200620009265
E201_TxPert_whole_context,375,0.30383909729361258,0.31607167914728956
E201_TxPert_whole_context,376,0.25721613972955593,0.30456552068622816
E201_TxPert_whole_context,377,0.30028668676226661,0.30330416447105135
E201_TxPert_whole_context,378,0.28584017789049898,0.29713461791175366
E201_TxPert_whole_context,379,0.28658890555904537,0.30859749099747708
E201_TxPert_whole_context,380,0.27272962477470841,0.27649869162709245
E201_TxPert_whole_context,381,0.34506615340808672,0.34407577075577189
E201_TxPert_whole_context,382,0.26477953844879004,0.29931147193954433
E201_TxPert_whole_context,383,0.25563982436330396,0.27182150945086769
E201_TxPert_whole_context,384,0.27229723956251922,0.29078008044928672
E201_TxPert_whole_context,385,0.31572273335200063,0.34049039480897164
E201_TxPert_whole_context,386,0.26464125183774406,0.2775050972623202
E201_TxPert_whole_context,387,0.29038866835118105,0.30289642358275531
E201_TxPert_whole_context,388,0.31414030329263587,0.29528213112842916
E201_TxPert_whole_context,389,0.33214494184994076,0.34147340522702047
E201_TxPert_whole_context,390,0.30621206983204285,0.32111202996602639
E201_TxPert_whole_context,391,0.29114035725946297,0.29275829336519099
E201_TxPert_whole_context,392,0.29545265560899558,0.3041399723854431
E201_TxPert_whole_context,393,0.31789410215956704,0.31943195164400962
E201_TxPert_whole_context,394,0.30000839406004154,0.29198952532902367
E201_TxPert_whole_context,395,0.27855615434688902,0.29865199264724601
E201_TxPert_whole_context,396,0.25405460971275562,0.27222220258465174
E201_TxPert_whole_context,397,0.30649477366653222,0.30639112885180575
E201_TxPert_whole_context,398,0.33825188585139271,0.33595180966050464
E201_TxPert_whole_context,399,0.25167500902845585,0.27870072816628955
E201_TxPert_whole_context,400,0.29732119756414349,0.33255888067403899
E201_TxPert_whole_context,401,0.26627899373173819,0.27674215148516318
E201_TxPert_whole_context,402,0.2853682109919522,0.31520885988162839
E201_TxPert_whole_context,403,0.2914398198590199,0.28524771388248382
E201_TxPert_whole_context,404,0.29434433878153909,0.30800439182076922
E201_TxPert_whole_context,405,0.27253484238827153,0.26156811525937401
E201_TxPert_whole_context,406,0.28113713547084829,0.26382484032240339
E201_TxPert_whole_context,407,0.31270800702646806,0.33005274765355297
E201_TxPert_whole_context,408,0.26939859554742368,0.29022435664536067
E201_TxPert_whole_context,409,0.29163593234828117,0.29517104078740519
E201_TxPert_whole_context,410,0.24458884044593437,0.27994695972570166
E201_TxPert_whole_context,411,0.23114600556124149,0.25314602128470265
E201_TxPert_whole_context,412,0.25211015684798205,0.27783986969141677
E201_TxPert_whole_context,413,0.2869845560983153,0.31229216225773926
E201_TxPert_whole_context,414,0.28744187556016065,0.31026333678401108
E201_TxPert_whole_context,415,0.28759490305317559,0.28923358326261517
E201_TxPert_whole_context,416,0.27374944275554902,0.30129366726944967
E201_TxPert_whole_context,417,0.31014105532694208,0.34129756393670962
E201_TxPert_whole_context,418,0.25376011253647252,0.23284040474336332
E201_TxPert_whole_context,419,0.28424271721193783,0.27445685631160155
E201_TxPert_whole_context,420,0.27702979162522018,0.27338083680353431
E201_TxPert_whole_context,421,0.28940691482947489,0.29871459720202787
E201_TxPert_whole_context,422,0.27077122345429894,0.29721344675214406
E201_TxPert_whole_context,423,0.28575866464981264,0.28561309061017792
E201_TxPert_whole_context,424,0.25799749481502249,0.2913429861051019
E201_TxPert_whole_context,425,0.25688245644576196,0.2855514271260885
E201_TxPert_whole_context,426,0.26299853947257529,0.28472480215029577
E201_TxPert_whole_context,427,0.30563792079536672,0.30327997910396237
E201_TxPert_whole_context,428,0.27828027075118345,0.29626052934366115
E201_TxPert_whole_context,429,0.25455772264851823,0.27972792656144518
E201_TxPert_whole_context,430,0.25139856962917601,0.27810706393448054
E201_TxPert_whole_context,431,0.29004221408987796,0.34158262189768962
E201_TxPert_whole_context,432,0.27008759793975479,0.30765997196872774
E201_TxPert_whole_context,433,0.29696359394950339,0.29575925626116395
E201_TxPert_whole_context,434,0.27875801128951394,0.30008046103793062
E201_TxPert_whole_context,435,0.26351356557474459,0.28681341773781294
E201_TxPert_whole_context,436,0.24910992816530816,0.27755952705572268
E201_TxPert_whole_context,437,0.32383526541894836,0.34977355463378029
E201_TxPert_whole_context,438,0.28872960947518639,0.29390429748981267
E201_TxPert_whole_context,439,0.25141307914582561,0.24502775093324938
E201_TxPert_whole_context,440,0.31117740270096783,0.32378577888652671
E201_TxPert_whole_context,441,0.30276370339561653,0.32818526425689548
E201_TxPert_whole_context,442,0.27738291975803386,0.28901963914773854
E201_TxPert_whole_context,443,0.28236523866466001,0.30101559869145422
E201_TxPert_whole_context,444,0.29906567418775404,0.3104679154720979
E201_TxPert_whole_context,445,0.27631442949777762,0.27809947834392557
E201_TxPert_whole_context,446,0.3235361828231374,0.34441754841597338
E201_TxPert_whole_context,447,0.30806463365134401,0.31886022239034706
E201_TxPert_whole_context,448,0.30424924498671563,0.30464135909262696
E201_TxPert_whole_context,449,0.27526593720209436,0.31047386126811616
E201_TxPert_whole_context,450,0.27309604194306114,0.31282429115520616
E201_TxPert_whole_context,451,0.23813796169490054,0.26403164076793267
E201_TxPert_whole_context,452,0.31481724508091236,0.31749816688749366
E201_TxPert_whole_context,453,0.33927598097835099,0.3427691386307391
E201_TxPert_whole_context,454,0.25028679949976662,0.2831510609733448
E201_TxPert_whole_context,455,0.27921651811477866,0.31087310844291483
E201_TxPert_whole_context,456,0.2920590651021161,0.30305926760733048
E201_TxPert_whole_context,457,0.32110062395226269,0.31857607164638285
E201_TxPert_whole_context,458,0.29716737960381628,0.31472616917074103
E201_TxPert_whole_context,459,0.29281974126979576,0.31844967603601038
E201_TxPert_whole_context,460,0.26954520071530536,0.30281473221013472
E201_TxPert_whole_context,461,0.27227861187268509,0.28363221122382926
E201_TxPert_whole_context,462,0.31656058577738083,0.34687428713363827
E201_TxPert_whole_context,463,0.28893809443707152,0.31445170272676387
E201_TxPert_whole_context,464,0.29398119224755953,0.28984553969625065
E201_TxPert_whole_context,465,0.27792128238666369,0.29114878140157985
E201_TxPert_whole_context,466,0.29033759947865806,0.30746818845693119
E201_TxPert_whole_context,467,0.28200387225300833,0.30150889825977895
E201_TxPert_whole_context,468,0.2984050082232324,0.33205100143582927
E201_TxPert_whole_context,469,0.27234634089987925,0.28660272260603653
E201_TxPert_whole_context,470,0.27224607727013433,0.29131156179612649
E201_TxPert_whole_context,471,0.29452226965455153,0.32486329910195355
E201_TxPert_whole_context,472,0.29110243893908838,0.30699225818517234
E201_TxPert_whole_context,473,0.3147747446854226,0.31927770749866619
E201_TxPert_whole_context,474,0.31226214423117854,0.33149493298793187
E201_TxPert_whole_context,475,0.32571532773542933,0.33983579921615203
E201_TxPert_whole_context,476,0.29007089905566219,0.30401606434111494
E201_TxPert_whole_context,477,0.27100702795009507,0.28499540156725145
E201_TxPert_whole_context,478,0.22668738095744076,0.24618531675982608
E201_TxPert_whole_context,479,0.32519359264893588,0.32758446477778153
E201_TxPert_whole_context,480,0.27153048538096014,0.29368156154310732
E201_TxPert_whole_context,481,0.29712211800339294,0.32269804364525534
E201_TxPert_whole_context,482,0.29484036050135987,0.32951451400615217
E201_TxPert_whole_context,483,0.3346541604264851,0.35525080212843463
E201_TxPert_whole_context,484,0.23367551176301671,0.24649887373355794
E201_TxPert_whole_context,485,0.27264516670180106,0.29532168958690108
E201_TxPert_whole_context,486,0.281431132177556,0.29128637898653564
E201_TxPert_whole_context,487,0.29850285713068564,0.30749974580604633
E201_TxPert_whole_context,488,0.28100876324319529,0.31342295882054483
E201_TxPert_whole_context,489,0.2934825681543991,0.32148062209643657
E201_TxPert_whole_context,490,0.26655577259007468,0.28239244753745341
E201_TxPert_whole_context,491,0.31252916712407003,0.3019450655847733
E201_TxPert_whole_context,492,0.27731801190922079,0.29690915471548873
E201_TxPert_whole_context,493,0.28771213513535543,0.30216526841363422
E201_TxPert_whole_context,494,0.29220110617329653,0.32905692057504582
E201_TxPert_whole_context,495,0.29318395009406995,0.32045218826711863
E201_TxPert_whole_context,496,0.26035379824318372,0.31071727442596336
E201_TxPert_whole_context,497,0.26352418356569007,0.2909069085338275
E201_TxPert_whole_context,498,0.25919445547632253,0.27262729610670622
E201_TxPert_whole_context,499,0.27757186014651208,0.28984683081582097
E201_TxPert_whole_context,500,0.28393947222406246,0.27681643336519623
E201_TxPert_whole_context,501,0.29589429065094952,0.29679798211921266
E201_TxPert_whole_context,502,0.26124520040801147,0.30391570309009408
E201_TxPert_whole_context,503,0.30046699450563041,0.32638734897828536
E201_TxPert_whole_context,504,0.32291966244754466,0.33236266611452414
E201_TxPert_whole_context,505,0.27677884941096081,0.28897578157963655
E201_TxPert_whole_context,506,0.3228984612260295,0.34835250449643806
E201_TxPert_whole_context,507,0.27528672353620287,0.29873112072335933
E201_TxPert_whole_context,508,0.29374299774198931,0.31393483252959326
E201_TxPert_whole_context,509,0.23236699731248872,0.27022458033398888
E201_TxPert_whole_context,510,0.28369414890592065,0.3183898274360723
E201_TxPert_whole_context,511,0.23796745779884293,0.24054692660637761
E201_TxPert_whole_context,512,0.26338268564019435,0.28315239560268429
E201_TxPert_whole_context,513,0.31764982402191927,0.33569689500807709
E201_TxPert_whole_context,514,0.25935323126670634,0.28437624721562077
E201_TxPert_whole_context,515,0.26840696197374536,0.30437984763638481
E201_TxPert_whole_context,516,0.29726004998516847,0.3075274145009137
E201_TxPert_whole_context,517,0.31845308832686681,0.3331563036541586
E201_TxPert_whole_context,518,0.26126799509913412,0.31195719476806016
E201_TxPert_whole_context,519,0.24427592120746078,0.27118137813541898
E201_TxPert_whole_context,520,0.31565375616216823,0.33021151567295576
E201_TxPert_whole_context,521,0.27038706004917334,0.29806940006808202
E201_TxPert_whole_context,522,0.24734534761421209,0.29074365010323533
E201_TxPert_whole_context,523,0.29890750598043703,0.28852882747673525
E201_TxPert_whole_context,524,0.24268900087329892,0.25335377624498512
E201_TxPert_whole_context,525,0.30754023996336982,0.31460921619989224
E201_TxPert_whole_context,526,0.27380668907721206,0.2998811811762826
E201_TxPert_whole_context,527,0.29465407569317392,0.31154878162245397
E201_TxPert_whole_context,528,0.27689350445834066,0.31269075086848785
E201_TxPert_whole_context,529,0.26731641392904615,0.30649253012769484
E201_TxPert_whole_context,530,0.28862955870561036,0.29534271774542004
E201_TxPert_whole_context,531,0.28396782053209751,0.30123557625066655
E201_TxPert_whole_context,532,0.27785290018845293,0.27124778850493653
E201_TxPert_whole_context,533,0.26784051454369168,0.26941089663020384
E201_TxPert_whole_context,534,0.32363731548845476,0.32679083507178924
E201_TxPert_whole_context,535,0.28318092835101411,0.27593194391830556
E201_TxPert_whole_context,536,0.28080145292556624,0.29040704307182247
E201_TxPert_whole_context,537,0.28727508377877964,0.31323306083029068
E201_TxPert_whole_context,538,0.26198252061264365,0.2583101813618609
E201_TxPert_whole_context,539,0.30833703473756846,0.33125359393971332
E201_TxPert_whole_context,540,0.35246778844012222,0.34573425733418095
E201_TxPert_whole_context,541,0.24656345073667479,0.25275556748788519
E201_TxPert_whole_context,542,0.26852629879349577,0.28715556749840998
E201_TxPert_whole_context,543,0.29748729060890067,0.3198192699579761
E201_TxPert_whole_context,544,0.29242335676722675,0.29083224634888477
E201_TxPert_whole_context,545,0.27077885591166972,0.29988619893835272
E201_TxPert_whole_context,546,0.2819397985210913,0.29288643759347399
E201_TxPert_whole_context,547,0.32477138806949551,0.33439047883826534
E201_TxPert_whole_context,548,0.28555006961381912,0.29980614809065498
E201_TxPert_whole_context,549,0.2805607301667048,0.29635384705082835
E201_TxPert_whole_context,550,0.25396060667510617,0.26396913411439016
E201_TxPert_whole_context,551,0.31373608552807986,0.31494342618660209
E201_TxPert_whole_context,552,0.26377254411204426,0.2891860893773005
E201_TxPert_whole_context,553,0.32375574969049631,0.3313290268955385
E201_TxPert_whole_context,554,0.29573450749463803,0.30304047078116114
E201_TxPert_whole_context,555,0.29345295924380138,0.31702805972808651
E201_TxPert_whole_context,556,0.31330751557364411,0.34739631234027402
E201_TxPert_whole_context,557,0.28930566910251165,0.30229974420385453
E201_TxPert_whole_context,558,0.27066722445930436,0.28207849975991856
E201_TxPert_whole_context,559,0.26633261716136425,0.28115488679374923
E201_TxPert_whole_context,560,0.2903080428238683,0.28596572108297563
E201_TxPert_whole_context,561,0.258728800066585,0.26859047327785285
E201_TxPert_whole_context,562,0.31621039635928883,0.31083148625064666
E201_TxPert_whole_context,563,0.27919546271623313,0.31631280500333542
E201_TxPert_whole_context,564,0.30421582477512732,0.30920508574294836
E201_TxPert_whole_context,565,0.24545961169850011,0.26588331493869177
E201_TxPert_whole_context,566,0.28308412476803807,0.30789660129403817
E201_TxPert_whole_context,567,0.28849002940680646,0.32825205983903172
E201_TxPert_whole_context,568,0.29979342454028457,0.32526107700818885
E201_TxPert_whole_context,569,0.27209508558151518,0.31677357308563836
E201_TxPert_whole_context,570,0.27161853385846801,0.28194995520170635
E201_TxPert_whole_context,571,0.30518728758741553,0.3344858129742212
E201_TxPert_whole_context,572,0.30507598741550696,0.31787037433381771
E201_TxPert_whole_context,573,0.23369927465249224,0.2421330338135077
E201_TxPert_whole_context,574,0.28643767937896186,0.32660648494199501
E201_TxPert_whole_context,575,0.24513010957053399,0.29508013724780946
E201_TxPert_whole_context,576,0.27225756821647507,0.2721794217526704
E201_TxPert_whole_context,577,0.29527132126722189,0.29912466435975593
E201_TxPert_whole_context,578,0.29818175534972657,0.3363141065929014
E201_TxPert_whole_context,579,0.23267382571667322,0.26451307077900971
E201_TxPert_whole_context,580,0.26912852599740267,0.2859668273132851
E201_TxPert_whole_context,581,0.26014324582029175,0.26836822782038816
E201_TxPert_whole_context,582,0.3253843144662919,0.3252273555737335
E201_TxPert_whole_context,583,0.23635118940782182,0.28486673561572945
E201_TxPert_whole_context,584,0.29347078725771403,0.32616668741089866
E201_TxPert_whole_context,585,0.27540365049165161,0.30520989625769895
E201_TxPert_whole_context,586,0.27871119361115138,0.28797308597562765
E201_TxPert_whole_context,587,0.29777991838454149,0.30267235554928956
E201_TxPert_whole_context,588,0.27350778331310316,0.29513569143031404
E201_TxPert_whole_context,589,0.29067335637838948,0.32820389041059611
E201_TxPert_whole_context,590,0.27117158435311495,0.29736594804334859
E201_TxPert_whole_context,591,0.28426019908446398,0.31406724303163358
E201_TxPert_whole_context,592,0.30227561080050858,0.302445162954601
E201_TxPert_whole_context,593,0.26530706263976062,0.30753938074451587
E201_TxPert_whole_context,594,0.28938970025804645,0.31757609461709291
E201_TxPert_whole_context,595,0.25185562760324698,0.27770168015387897
E201_TxPert_whole_context,596,0.293510373894381,0.32460337520740035
E201_TxPert_whole_context,597,0.25277650145415648,0.29507126584401877
E201_TxPert_whole_context,598,0.27168240842045366,0.2689228987262664
E201_TxPert_whole_context,599,0.30898692863963584,0.32378593294636848
E201_TxPert_whole_context,600,0.27548740636011948,0.30404052253382918
E201_TxPert_whole_context,601,0.23884713647636791,0.26806660236706054
E201_TxPert_whole_context,602,0.31057190635688858,0.32341766736007993
E201_TxPert_whole_context,603,0.27423992021549082,0.31371567831205682
E201_TxPert_whole_context,604,0.26615599822990599,0.29445337984935127
E201_TxPert_whole_context,605,0.25968736867489622,0.30340518155831259
E201_TxPert_whole_context,606,0.28668023079997124,0.30638233265377895
E201_TxPert_whole_context,607,0.28779980524936205,0.30270579218237026
E201_TxPert_whole_context,608,0.25136178994673097,0.29670043474477453
E201_TxPert_whole_context,609,0.31041892838583673,0.30537647729809098
E201_TxPert_whole_context,610,0.26729059537578631,0.28957863468476663
E201_TxPert_whole_context,611,0.2839762728044799,0.33374741097853222
E201_TxPert_whole_context,612,0.28267193816214586,0.28593976685859246
E201_TxPert_whole_context,613,0.27888950298033743,0.29109970952189168
E201_TxPert_whole_context,614,0.29694838027918424,0.29093564400456112
E201_TxPert_whole_context,615,0.28571892486834966,0.29044669301945725
E201_TxPert_whole_context,616,0.28614326359719222,0.28389950737992803
E201_TxPert_whole_context,617,0.25972392665376798,0.28690737236586861
E201_TxPert_whole_context,618,0.28419860530019148,0.31352357754836746
E201_TxPert_whole_context,619,0.29521297671271779,0.31546320699445529
E201_TxPert_whole_context,620,0.25615777937833895,0.24420851655171746
E201_TxPert_whole_context,621,0.28287135070083336,0.29790782675298511
E201_TxPert_whole_context,622,0.30218213498569679,0.2995596778536801
E201_TxPert_whole_context,623,0.27986667770807233,0.2933540396032176
E201_TxPert_whole_context,624,0.25506314387833129,0.29474067724945163
E201_TxPert_whole_context,625,0.27993115997466117,0.26755382364660807
E201_TxPert_whole_context,626,0.30792405353138064,0.31694349796242677
E201_TxPert_whole_context,627,0.27899920266573225,0.29380537084271158
E201_TxPert_whole_context,628,0.26974567992195725,0.30481342614534601
E201_TxPert_whole_context,629,0.31211924613335773,0.32509051953626
E201_TxPert_whole_context,630,0.31264146728086345,0.32189643039294158
E201_TxPert_whole_context,631,0.27223122716754317,0.31218319750269846
E201_TxPert_whole_context,632,0.31382931556228405,0.30643982726079322
E201_TxPert_whole_context,633,0.24884748990399858,0.26545040576306306
E201_TxPert_whole_context,634,0.25098073984852104,0.28792800640335653
E201_TxPert_whole_context,635,0.28719591380961357,0.31978093839886507
E201_TxPert_whole_context,636,0.27645855708891537,0.29651218876223434
E201_TxPert_whole_context,637,0.32513131342856583,0.32563186061480837
E201_TxPert_whole_context,638,0.32341220307526236,0.33216806617476541
E201_TxPert_whole_context,639,0.30783262619962298,0.31237403033236377
E201_TxPert_whole_context,640,0.28463965162189703,0.2963571964345742
E201_TxPert_whole_context,641,0.28433315926361491,0.30682254987024332
E201_TxPert_whole_context,642,0.30970957261476401,0.30382657731472063
E201_TxPert_whole_context,643,0.32470979879970219,0.31636347262977393
E201_TxPert_whole_context,644,0.30831834760678822,0.33324006825786878
E201_TxPert_whole_context,645,0.29218785591976848,0.31191717803572089
E201_TxPert_whole_context,646,0.28625740550390588,0.2921703533977974
E201_TxPert_whole_context,647,0.28073792348078724,0.30978266195066473
E201_TxPert_whole_context,648,0.2980900561898796,0.2907375567383953
E201_TxPert_whole_context,649,0.26278150288520691,0.28772424182450268
E201_TxPert_whole_context,650,0.25119115445179402,0.27979328984468815
E201_TxPert_whole_context,651,0.29488660971116976,0.30551111154937999
E201_TxPert_whole_context,652,0.3139182500579647,0.31630397805134852
E201_TxPert_whole_context,653,0.28864463732090029,0.30634760297887653
E201_TxPert_whole_context,654,0.30545006900964472,0.31453617459748706
E201_TxPert_whole_context,655,0.28579986911703403,0.31029559287924946
E201_TxPert_whole_context,656,0.27001116022173788,0.29924457080384292
E201_TxPert_whole_context,657,0.27817153831450375,0.29472308040304956
E201_TxPert_whole_context,658,0.30031807355307039,0.28703104874990348
E201_TxPert_whole_context,659,0.26632124719899047,0.31404737416891959
E201_TxPert_whole_context,660,0.26753384325057572,0.30198906817975418
E201_TxPert_whole_context,661,0.2869116356234348,0.31818235674863116
E201_TxPert_whole_context,662,0.28239643053087832,0.28714109083346218
E201_TxPert_whole_context,663,0.27498282653964956,0.32533740314317844
E201_TxPert_whole_context,664,0.29557505081294144,0.30087401886235898
E201_TxPert_whole_context,665,0.29699648092785308,0.30453159190939794
E201_TxPert_whole_context,666,0.25388196902296145,0.26755359113514093
E201_TxPert_whole_context,667,0.28145597297236047,0.30761469502473382
E201_TxPert_whole_context,668,0.27214934869208773,0.30850396692149312
E201_TxPert_whole_context,669,0.31238250679025736,0.31736519017246512
E201_TxPert_whole_context,670,0.30914659696041846,0.31231563654613115
E201_TxPert_whole_context,671,0.32905432944590896,0.35854717644084394
E201_TxPert_whole_context,672,0.30279878744081218,0.33137878858499692
E201_TxPert_whole_context,673,0.23945177249699606,0.25247838968461833
E201_TxPert_whole_context,674,0.27144989249411761,0.30731900558526193
E201_TxPert_whole_context,675,0.28631793293093766,0.31467278066079396
E201_TxPert_whole_context,676,0.30444305681795636,0.3007479630182569
E201_TxPert_whole_context,677,0.26036762039946088,0.27208346459524746
E201_TxPert_whole_context,678,0.2997387236321577,0.309982426665592
E201_TxPert_whole_context,679,0.29301238097124754,0.3225495113045791
E201_TxPert_whole_context,680,0.26519430551531609,0.29641948576506605
E201_TxPert_whole_context,681,0.31788993339072752,0.32749810318707873
E201_TxPert_whole_context,682,0.27804321920031716,0.29134251270282485
E201_TxPert_whole_context,683,0.25780528721368351,0.26048621790023335
E201_TxPert_whole_context,684,0.21620868757499151,0.25731344953071011
E201_TxPert_whole_context,685,0.29481066872638895,0.3064328681353895
E201_TxPert_whole_context,686,0.26072571961765589,0.29318124735255774
E201_TxPert_whole_context,687,0.28148217011865245,0.32627237740048037
E201_TxPert_whole_context,688,0.300087856512049,0.30610870994746647
E201_TxPert_whole_context,689,0.24911072549691285,0.27367693005405597
E201_TxPert_whole_context,690,0.31564706237667378,0.32931510313401996
E201_TxPert_whole_context,691,0.29009440924256741,0.29677475601379033
E201_TxPert_whole_context,692,0.24548887099581787,0.29775085484402242
E201_TxPert_whole_context,693,0.26566629126716418,0.27140480649451038
E201_TxPert_whole_context,694,0.29571039483385064,0.30432907638124146
E201_TxPert_whole_context,695,0.27562238051982757,0.29268566853730482
E201_TxPert_whole_context,696,0.27828616064574851,0.2884994850297633
E201_TxPert_whole_context,697,0.25926382136667248,0.28308354537565994
E201_TxPert_whole_context,698,0.29823434626675172,0.30337416914407628
E201_TxPert_whole_context,699,0.25186158135042674,0.3045898488230141
E201_TxPert_whole_context,700,0.34064971759984897,0.34150999652915737
E201_TxPert_whole_context,701,0.26097280923057725,0.2620421206459988
E201_TxPert_whole_context,702,0.27536885074272666,0.28034514681371536
E201_TxPert_whole_context,703,0.29268025892275151,0.29497890012184425
E201_TxPert_whole_context,704,0.29692692751815342,0.31343065437804973
E201_TxPert_whole_context,705,0.31326660334508316,0.32138214588054453
E201_TxPert_whole_context,706,0.27528797692700091,0.32666472322154327
E201_TxPert_whole_context,707,0.28879489171472444,0.32205705149857278
E201_TxPert_whole_context,708,0.29621720319123468,0.29566982871204267
E201_TxPert_whole_context,709,0.27790455562779126,0.30326199138264398
E201_TxPert_whole_context,710,0.29478941894421723,0.3398751647821121
E201_TxPert_whole_context,711,0.24994618151510517,0.26408021935925796
E201_TxPert_whole_context,712,0.24462554364863431,0.25434278606970417
E201_TxPert_whole_context,713,0.3062043979434711,0.31727489028529909
E201_TxPert_whole_context,714,0.29512925917417998,0.30097191275655699
E201_TxPert_whole_context,715,0.31050606602990249,0.29755367234750552
E201_TxPert_whole_context,716,0.28784882453131122,0.31685844068365832
E201_TxPert_whole_context,717,0.29765074440251937,0.31811576554756171
E201_TxPert_whole_context,718,0.29343928819922732,0.30551872936999946
E201_TxPert_whole_context,719,0.28496542452974766,0.2998317071856138
E201_TxPert_whole_context,720,0.31446004988284837,0.31144177195678613
E201_TxPert_whole_context,721,0.25197891847435011,0.2887732856659096
E201_TxPert_whole_context,722,0.26085449812399053,0.26663492543172507
E201_TxPert_whole_context,723,0.2730714894473032,0.27763450392265404
E201_TxPert_whole_context,724,0.3027385754395796,0.30377222957558581
E201_TxPert_whole_context,725,0.3164234664506701,0.33596830292348012
E201_TxPert_whole_context,726,0.26483271661018426,0.29220546951253096
E201_TxPert_whole_context,727,0.26570908333593724,0.28101063118925801
E201_TxPert_whole_context,728,0.31112846386219251,0.32960159211740214
E201_TxPert_whole_context,729,0.24918104869443669,0.25445600593491458
E201_TxPert_whole_context,730,0.2566859724752899,0.27743402596060479
E201_TxPert_whole_context,731,0.27417993600391938,0.30274304982401035
E201_TxPert_whole_context,732,0.3279059508951998,0.31671642527079907
E201_TxPert_whole_context,733,0.27405000235198096,0.31838923875796826
E201_TxPert_whole_context,734,0.257266877241909,0.27266851889898958
E201_TxPert_whole_context,735,0.2814152304821963,0.2991868719959877
E201_TxPert_whole_context,736,0.28568489992610785,0.29051691337156227
E201_TxPert_whole_context,737,0.29707713000829572,0.29347010068955492
E201_TxPert_whole_context,738,0.29317601469088306,0.315504503054092
E201_TxPert_whole_context,739,0.27623714750762679,0.31705717739151329
E201_TxPert_whole_context,740,0.30504358622427014,0.30147454999497414
E201_TxPert_whole_context,741,0.26850714652738833,0.29651125718377702
E201_TxPert_whole_context,742,0.30454796491180558,0.30444441275578216
E201_TxPert_whole_context,743,0.27957712591951311,0.30589367194886818
E201_TxPert_whole_context,744,0.2873725676671538,0.28989682910314402
E201_TxPert_whole_context,745,0.32857685680229221,0.33017205174284409
E201_TxPert_whole_context,746,0.28594378192906889,0.2916379261275287
E201_TxPert_whole_context,747,0.26964015952549425,0.29101932974128863
E201_TxPert_whole_context,748,0.23432280418338114,0.25906706114185762
E201_TxPert_whole_context,749,0.31791869568637016,0.32386196223165659
E201_TxPert_whole_context,750,0.26946090192408301,0.29632229732717552
E201_TxPert_whole_context,751,0.25886572146684211,0.30249884635892277
E201_TxPert_whole_context,752,0.30998914888427487,0.32058401801805775
E201_TxPert_whole_context,753,0.25364398011151601,0.26963008293450819
E201_TxPert_whole_context,754,0.29793285631278305,0.30660993148861709
E201_TxPert_whole_context,755,0.29159840386625363,0.32441909485105458
E201_TxPert_whole_context,756,0.27690469552306751,0.30968277877976064
E201_TxPert_whole_context,757,0.27433982788309924,0.29008981671297157
E201_TxPert_whole_context,758,0.29921788704114394,0.32701469849215026
E201_TxPert_whole_context,759,0.26433447734120541,0.25479160143412954
E201_TxPert_whole_context,760,0.28825745118110724,0.27951366097640695
E201_TxPert_whole_context,761,0.27593586722506913,0.30357900276459254
E201_TxPert_whole_context,762,0.30512144286859694,0.31548946199474281
E201_TxPert_whole_context,763,0.24006556702674031,0.25293241971419705
E201_TxPert_whole_context,764,0.30491787340469739,0.29915225256062999
E201_TxPert_whole_context,765,0.25771082055931588,0.29020584558377011
E201_TxPert_whole_context,766,0.25868968901105555,0.28919779813837682
E201_TxPert_whole_context,767,0.2555653643569098,0.29115054014571234
E201_TxPert_whole_context,768,0.30418474653508182,0.3327074695681681
E201_TxPert_whole_context,769,0.29662038839922833,0.29223063810878763
E201_TxPert_whole_context,770,0.29521493849333214,0.30130796388163611
E201_TxPert_whole_context,771,0.3109231972126098,0.29024553115460805
E201_TxPert_whole_context,772,0.26029391911934979,0.28776633879832891
E201_TxPert_whole_context,773,0.31358368424004879,0.29184496364298729
E201_TxPert_whole_context,774,0.26272682014753829,0.27976881583807017
E201_TxPert_whole_context,775,0.2430127481520023,0.25221356274591528
E201_TxPert_whole_context,776,0.28782809625166589,0.31367557672776564
E201_TxPert_whole_context,777,0.25668545430865519,0.26293365710955002
E201_TxPert_whole_context,778,0.28850204841211785,0.29844721787500322
E201_TxPert_whole_context,779,0.28323655099751982,0.2791341364150336
E201_TxPert_whole_context,780,0.31556727072131535,0.33071129751019268
E201_TxPert_whole_context,781,0.27392552357564054,0.28971596525718951
E201_TxPert_whole_context,782,0.35033278162036557,0.32533824307909193
E201_TxPert_whole_context,783,0.30191108563583441,0.32722177186880719
E201_TxPert_whole_context,784,0.27579061568494695,0.27581670901844946
E201_TxPert_whole_context,785,0.29698658818715939,0.31886764674826956
E201_TxPert_whole_context,786,0.2653814927224486,0.30101117176366576
E201_TxPert_whole_context,787,0.25481892117135463,0.26161055138064981
E201_TxPert_whole_context,788,0.29018712065808083,0.29622695772901547
E201_TxPert_whole_context,789,0.28083190646806216,0.29242214943519768
E201_TxPert_whole_context,790,0.2225909268526215,0.23984137315654117
E201_TxPert_whole_context,791,0.26775545123503441,0.29348841323107722
E201_TxPert_whole_context,792,0.30698355467843952,0.33750022964022375
E201_TxPert_whole_context,793,0.29803521145334677,0.28272119516242994
E201_TxPert_whole_context,794,0.28749219156135397,0.30695808912184497
E201_TxPert_whole_context,795,0.30646414312469378,0.32541523084488533
E201_TxPert_whole_context,796,0.26464575201305796,0.28864265050950055
E201_TxPert_whole_context,797,0.29776328135162716,0.29122369282445776
E201_TxPert_whole_context,798,0.29374030522113481,0.33331658899823163
E201_TxPert_whole_context,799,0.29921938961654077,0.32849772580000858
E201_TxPert_whole_context,800,0.27696035682412901,0.30611062499633324
E201_TxPert_whole_context,801,0.30410975429930354,0.30775504981168045
E201_TxPert_whole_context,802,0.29705903428046321,0.30356456806020049
E201_TxPert_whole_context,803,0.25914240154129453,0.27992144286913401
E201_TxPert_whole_context,804,0.27024331440452831,0.31159371505699418
E201_TxPert_whole_context,805,0.2619737844130498,0.28956860741011248
E201_TxPert_whole_context,806,0.25942226490668685,0.30212181425733642
E201_TxPert_whole_context,807,0.25791719467607277,0.27971246695892205
E201_TxPert_whole_context,808,0.2833344017496961,0.29662942023636174
E201_TxPert_whole_context,809,0.28949655666240404,0.30633727972441172
E201_TxPert_whole_context,810,0.3085545842501457,0.30356299278088794
E201_TxPert_whole_context,811,0.31218075335615053,0.31169277268837431
E201_TxPert_whole_context,812,0.29214807672883608,0.29721264910809897
E201_TxPert_whole_context,813,0.30276515784024371,0.3011765976651033
E201_TxPert_whole_context,814,0.29302718557461083,0.29605638850882199
E201_TxPert_whole_context,815,0.28629740969409156,0.28850597666772382
E201_TxPert_whole_context,816,0.26028975077859606,0.29007921747489551
E201_TxPert_whole_context,817,0.27207419101229285,0.28467845141429748
E201_TxPert_whole_context,818,0.28618008011610763,0.28227644914057998
E201_TxPert_whole_context,819,0.26706057390088139,0.30005491495983949
E201_TxPert_whole_context,820,0.2789394915777853,0.29266393917419969
E201_TxPert_whole_context,821,0.29596029455979361,0.32967820234171119
E201_TxPert_whole_context,822,0.28345336676070276,0.30668151475374161
E201_TxPert_whole_context,823,0.27863774963559768,0.30819767316345703
E201_TxPert_whole_context,824,0.26887302918829636,0.28740793860695207
E201_TxPert_whole_context,825,0.28784485611519067,0.33128231352182136
E201_TxPert_whole_context,826,0.2967250738821402,0.32863085615238741
E201_TxPert_whole_context,827,0.30873739529015398,0.33182070806410102
E201_TxPert_whole_context,828,0.28563379667519551,0.32427806693198979
E201_TxPert_whole_context,829,0.32047281539246802,0.332102917074169
E201_TxPert_whole_context,830,0.31193171287586524,0.33940621705153917
E201_TxPert_whole_context,831,0.29846526052549927,0.32544589836290611
E201_TxPert_whole_context,832,0.29600362295554378,0.32227795141701293
E201_TxPert_whole_context,833,0.25413877943861796,0.25484016546581345
E201_TxPert_whole_context,834,0.33316967687531251,0.33302305479137384
E201_TxPert_whole_context,835,0.28562668393513374,0.30042582359617293
E201_TxPert_whole_context,836,0.30988659597175156,0.31877734988499695
E201_TxPert_whole_context,837,0.22471666911036667,0.25132377255523231
E201_TxPert_whole_context,838,0.32293902821524262,0.33174553673526824
E201_TxPert_whole_context,839,0.24665295799539116,0.26390365291338819
E201_TxPert_whole_context,840,0.2386659264857785,0.27334344591779441
E201_TxPert_whole_context,841,0.29667629181522126,0.31804309935736419
E201_TxPert_whole_context,842,0.26929706322289171,0.30619800354293136
E201_TxPert_whole_context,843,0.2465081294074527,0.26358575438452087
E201_TxPert_whole_context,844,0.27241884711102921,0.29116808242542924
E201_TxPert_whole_context,845,0.28289625524746348,0.3086531150230365
E201_TxPert_whole_context,846,0.26513075656816276,0.315612851798103
E201_TxPert_whole_context,847,0.25881368845635566,0.2849013138214268
E201_TxPert_whole_context,848,0.26798356288792652,0.2962840228298218
E201_TxPert_whole_context,849,0.29343576535637861,0.33053778740528522
E201_TxPert_whole_context,850,0.3005446829171432,0.29345883103328874
E201_TxPert_whole_context,851,0.29828456382181318,0.30752792195016543
E201_TxPert_whole_context,852,0.29321261722637532,0.29965574601466394
E201_TxPert_whole_context,853,0.27189066304395909,0.28379456531838398
E201_TxPert_whole_context,854,0.27096366970226904,0.32110600204010009
E201_TxPert_whole_context,855,0.2909007862686987,0.31514381211127795
E201_TxPert_whole_context,856,0.28526321680653738,0.29226263262329355
E201_TxPert_whole_context,857,0.29580062042432625,0.3023843805959282
E201_TxPert_whole_context,858,0.32050665457196281,0.31409908351525262
E201_TxPert_whole_context,859,0.25536008736558163,0.27986965692958105
E201_TxPert_whole_context,860,0.28005251585550428,0.27890688732269187
E201_TxPert_whole_context,861,0.2441048309771493,0.24497504433676121
E201_TxPert_whole_context,862,0.33115890238031603,0.35473507862396098
E201_TxPert_whole_context,863,0.28533231856547459,0.2948365068641251
E201_TxPert_whole_context,864,0.25039863122171069,0.26972878573813797
E201_TxPert_whole_context,865,0.27488053349863839,0.30990712788624875
E201_TxPert_whole_context,866,0.25985611369698425,0.27145120073479034
E201_TxPert_whole_context,867,0.26791028630596092,0.29188770094086214
E201_TxPert_whole_context,868,0.27250221084463949,0.31079660230127643
E201_TxPert_whole_context,869,0.2689692531992377,0.29856683048704047
E201_TxPert_whole_context,870,0.31794140777718127,0.35844100436889542
E201_TxPert_whole_context,871,0.27370792201080968,0.30555355743445917
E201_TxPert_whole_context,872,0.26078999714039358,0.25372511013711763
E201_TxPert_whole_context,873,0.26616817041067453,0.30447166253852853
E201_TxPert_whole_context,874,0.27049436744762723,0.29310649570076186
E201_TxPert_whole_context,875,0.285440514436413,0.28804504538293013
E201_TxPert_whole_context,876,0.27424383378211648,0.28249310478921486
E201_TxPert_whole_context,877,0.28739429448871984,0.32814650864261596
E201_TxPert_whole_context,878,0.25249438601567004,0.29131061344707582
E201_TxPert_whole_context,879,0.27628800080519456,0.28458698033228613
E201_TxPert_whole_context,880,0.32910901865942832,0.34840926728785937
E201_TxPert_whole_context,881,0.31252196057747872,0.31008216012202522
E201_TxPert_whole_context,882,0.28371107707929571,0.29690198443156746
E201_TxPert_whole_context,883,0.28408612295249069,0.31550591755010038
E201_TxPert_whole_context,884,0.29095945025862896,0.29005054866696428
E201_TxPert_whole_context,885,0.30069940715083965,0.28793399816640658
E201_TxPert_whole_context,886,0.26706437571020919,0.28340439971642839
E201_TxPert_whole_context,887,0.29706866088859202,0.31275531261792122
E201_TxPert_whole_context,888,0.22841850247676676,0.27505942329781558
E201_TxPert_whole_context,889,0.31248043645863338,0.3265344714553638
E201_TxPert_whole_context,890,0.2821001155982058,0.31046207470277287
E201_TxPert_whole_context,891,0.25472511642494383,0.28318126408487215
E201_TxPert_whole_context,892,0.33433802076750002,0.35060993367311899
E201_TxPert_whole_context,893,0.28371640464669051,0.32195737305984701
E201_TxPert_whole_context,894,0.31043695928232223,0.3070125487772275
E201_TxPert_whole_context,895,0.30890870542472987,0.32738805335682569
E201_TxPert_whole_context,896,0.25609843067189247,0.27615263566727849
E201_TxPert_whole_context,897,0.28142199710148136,0.30205016656588968
E201_TxPert_whole_context,898,0.27769768978235182,0.27946236122362006
E201_TxPert_whole_context,899,0.2930584974597828,0.28614159933615768
E201_TxPert_whole_context,900,0.28151215048412126,0.29582765406972522
E201_TxPert_whole_context,901,0.30976509865579022,0.32788126869996415
E201_TxPert_whole_context,902,0.31196763566286934,0.2910615143053813
E201_TxPert_whole_context,903,0.27106043775621735,0.28279122051346395
E201_TxPert_whole_context,904,0.30452050329155261,0.3263965622932356
E201_TxPert_whole_context,905,0.22189788131653529,0.27241843277042804
E201_TxPert_whole_context,906,0.2672877559884585,0.29088000299868655
E201_TxPert_whole_context,907,0.2871684266505008,0.30774917019354786
E201_TxPert_whole_context,908,0.26819489253724083,0.30283937525137022
E201_TxPert_whole_context,909,0.2634569856636666,0.2925485464229749
E201_TxPert_whole_context,910,0.29440323584341443,0.30255858281708964
E201_TxPert_whole_context,911,0.2718107371440085,0.29680028514265855
E201_TxPert_whole_context,912,0.23793896748892868,0.26715039624962483
E201_TxPert_whole_context,913,0.27192663137703954,0.29610643395205627
E201_TxPert_whole_context,914,0.25431648436540871,0.27654612598756578
E201_TxPert_whole_context,915,0.2950623391305911,0.30760849297801041
E201_TxPert_whole_context,916,0.32409211186759579,0.32135818288295087
E201_TxPert_whole_context,917,0.29972766450190075,0.32650012610849821
E201_TxPert_whole_context,918,0.30530554042232899,0.3044762956926369
E201_TxPert_whole_context,919,0.26654994031203866,0.28913857932408227
E201_TxPert_whole_context,920,0.26818482380205461,0.28917938882779948
E201_TxPert_whole_context,921,0.26067808319292218,0.28097922713101031
E201_TxPert_whole_context,922,0.29946630453762979,0.31811322583158624
E201_TxPert_whole_context,923,0.2778672636875561,0.3157573412921747
E201_TxPert_whole_context,924,0.30033689026892707,0.30385031609723689
E201_TxPert_whole_context,925,0.27179250363150487,0.29260337480121262
E201_TxPert_whole_context,926,0.31463158168296723,0.32344924532777575
E201_TxPert_whole_context,927,0.25952476924396606,0.29137339179688976
E201_TxPert_whole_context,928,0.27922160154624837,0.29498925481945298
E201_TxPert_whole_context,929,0.27212105392915137,0.29864072675544739
E201_TxPert_whole_context,930,0.30331048664752858,0.31464797902141944
E201_TxPert_whole_context,931,0.309960246384691,0.30661297417992678
E201_TxPert_whole_context,932,0.31296353482861317,0.30168979502566218
E201_TxPert_whole_context,933,0.2672385359248276,0.29189157649064301
E201_TxPert_whole_context,934,0.28384075014952531,0.28979776281392611
E201_TxPert_whole_context,935,0.24352561828029673,0.27429011942690179
E201_TxPert_whole_context,936,0.33270300373178396,0.3409152832798123
E201_TxPert_whole_context,937,0.26947101356338266,0.30124757614169195
E201_TxPert_whole_context,938,0.26816344128908542,0.26920613650118586
E201_TxPert_whole_context,939,0.33955790173617567,0.31732444247712677
E201_TxPert_whole_context,940,0.3202469566109768,0.32389086037338449
E201_TxPert_whole_context,941,0.26799135201355828,0.31052017775612456
E201_TxPert_whole_context,942,0.274456248863306,0.28898851895273125
E201_TxPert_whole_context,943,0.31084339819156426,0.35727712296176045
E201_TxPert_whole_context,944,0.26083245557191115,0.29410401170316786
E201_TxPert_whole_context,945,0.27763356825165475,0.28649909803576318
E201_TxPert_whole_context,946,0.27115674110555466,0.26803051167533753
E201_TxPert_whole_context,947,0.28726609326948338,0.28126187076901499
E201_TxPert_whole_context,948,0.33239323287170791,0.33035503806423383
E201_TxPert_whole_context,949,0.291962035965939,0.32072666774592667
E201_TxPert_whole_context,950,0.26298464376480934,0.30708660731179371
E201_TxPert_whole_context,951,0.28239900446945693,0.29961692137103918
E201_TxPert_whole_context,952,0.26518449444771713,0.31774894399106424
E201_TxPert_whole_context,953,0.3071863177254826,0.32965578692944103
E201_TxPert_whole_context,954,0.30069540306420406,0.33993968675876168
E201_TxPert_whole_context,955,0.31297698542484753,0.30484775735905234
E201_TxPert_whole_context,956,0.28951087905335798,0.31196326987962919
E201_TxPert_whole_context,957,0.27568410619098205,0.26093629579762961
E201_TxPert_whole_context,958,0.26362118367905396,0.30309573724455541
E201_TxPert_whole_context,959,0.32295967137631659,0.3347451355203554
E201_TxPert_whole_context,960,0.27034110524233612,0.29658702706749041
E201_TxPert_whole_context,961,0.30283832279823053,0.3025347428301644
E201_TxPert_whole_context,962,0.29921294005168603,0.29482410066164644
E201_TxPert_whole_context,963,0.28981909834181463,0.29079283019947583
E201_TxPert_whole_context,964,0.31110619052534472,0.35420401372459304
E201_TxPert_whole_context,965,0.23560573575383237,0.23681494438759371
E201_TxPert_whole_context,966,0.30990473103848543,0.31825306316070229
E201_TxPert_whole_context,967,0.28001926585119469,0.2818974928562521
E201_TxPert_whole_context,968,0.28562296241858126,0.30580239641366092
E201_TxPert_whole_context,969,0.29030127747606743,0.2920668432768449
E201_TxPert_whole_context,970,0.27249583290869828,0.27932343690201311
E201_TxPert_whole_context,971,0.287333554362322,0.29335848918854202
E201_TxPert_whole_context,972,0.26001860774884461,0.29428580969151913
E201_TxPert_whole_context,973,0.27397838457804707,0.31160881815458774
E201_TxPert_whole_context,974,0.32516663345523777,0.33093328425520885
E201_TxPert_whole_context,975,0.28829924462160306,0.30803491261221372
E201_TxPert_whole_context,976,0.27560963028986873,0.31217937546576807
E201_TxPert_whole_context,977,0.29356077886388476,0.3220606977059064
E201_TxPert_whole_context,978,0.26691346134098759,0.29097985718014152
E201_TxPert_whole_context,979,0.24993042080682376,0.29307062968547182
E201_TxPert_whole_context,980,0.30687049872665934,0.31772858891130706
E201_TxPert_whole_context,981,0.29428652097587799,0.28452968189128558
E201_TxPert_whole_context,982,0.24767528037299155,0.26977706733824258
E201_TxPert_whole_context,983,0.32200471730834679,0.32638296290135482
E201_TxPert_whole_context,984,0.28252196973019617,0.30337093259112996
E201_TxPert_whole_context,985,0.26210889160224138,0.30461187779504462
E201_TxPert_whole_context,986,0.29499751851856698,0.31975512292934544
E201_TxPert_whole_context,987,0.28472620261157588,0.29812048598708674
E201_TxPert_whole_context,988,0.3135005397520495,0.31444718122735121
E201_TxPert_whole_context,989,0.25294829449830614,0.28249005802228061
E201_TxPert_whole_context,990,0.2524523206997481,0.28754686028983134
E201_TxPert_whole_context,991,0.25289846573620939,0.28657761177820651
E201_TxPert_whole_context,992,0.30525911641903852,0.29027886286327587
E201_TxPert_whole_context,993,0.2533039732843837,0.2836833160276333
E201_TxPert_whole_context,994,0.26802038104800857,0.29385131537496539
E201_TxPert_whole_context,995,0.31155957104245524,0.31681261669924954
E201_TxPert_whole_context,996,0.26525753069324259,0.29880651094455107
E201_TxPert_whole_context,997,0.30078336735637717,0.30375316206081932
E201_TxPert_whole_context,998,0.32606547339880032,0.3313390578069404
E201_TxPert_whole_context,999,0.25769404007613828,0.2979677969322081
E201_TxPert_whole_context,1000,0.26108748165979717,0.3158411853016303
E201_TxPert_whole_context,1001,0.2774849082593126,0.27128420197416525
E201_TxPert_whole_context,1002,0.28790636066015601,0.30974853441056582
E201_TxPert_whole_context,1003,0.28540924816308461,0.32660398748205632
E201_TxPert_whole_context,1004,0.26578844339296404,0.27891553619666293
E201_TxPert_whole_context,1005,0.25123137602077872,0.25330390192315355
E201_TxPert_whole_context,1006,0.25846403466873136,0.28751026599760443
E201_TxPert_whole_context,1007,0.26043624423693557,0.29557316206706941
E201_TxPert_whole_context,1008,0.25811255191980853,0.28720602934330219
E201_TxPert_whole_context,1009,0.24498911138976864,0.2584395707070804
E201_TxPert_whole_context,1010,0.26412750546486902,0.29272805642538902
E201_TxPert_whole_context,1011,0.24204001269995623,0.24737580182926022
E201_TxPert_whole_context,1012,0.31821180578598313,0.3220627468642307
E201_TxPert_whole_context,1013,0.2947767781631252,0.3295448583459461
E201_TxPert_whole_context,1014,0.31080579617746196,0.321847041895578
E201_TxPert_whole_context,1015,0.31243755049066707,0.32720775306807048
E201_TxPert_whole_context,1016,0.27667196622520684,0.30914821660525821
E201_TxPert_whole_context,1017,0.27581371555637518,0.3031263338330884
E201_TxPert_whole_context,1018,0.29692518461861445,0.32032003722596036
E201_TxPert_whole_context,1019,0.34339412997750229,0.33446431126883402
E201_TxPert_whole_context,1020,0.24581392598209967,0.28037795779928776
E201_TxPert_whole_context,1021,0.29546406006368808,0.32029658797089244
E201_TxPert_whole_context,1022,0.305507473963186,0.3053609451165491
E201_TxPert_whole_context,1023,0.29420400173355943,0.30978554830334559
E201_TxPert_whole_context,1024,0.24988512194545226,0.26882101346289217
E201_TxPert_whole_context,1025,0.25279390989143791,0.27769402696329643
E201_TxPert_whole_context,1026,0.31227128335699766,0.3273304623628786
E201_TxPert_whole_context,1027,0.26275742673999736,0.29281941796337829
E201_TxPert_whole_context,1028,0.26630956686119373,0.28617095464511683
E201_TxPert_whole_context,1029,0.2775409455578467,0.29612233395204479
E201_TxPert_whole_context,1030,0.28655584668712863,0.31541205905659003
E201_TxPert_whole_context,1031,0.27077409711221329,0.27911420134266757
E201_TxPert_whole_context,1032,0.27442923738997144,0.29106777294577818
E201_TxPert_whole_context,1033,0.26784427803953414,0.28201201277583104
E201_TxPert_whole_context,1034,0.31819820085974576,0.30770762495830883
E201_TxPert_whole_context,1035,0.26708202959120186,0.27872361014259417
E201_TxPert_whole_context,1036,0.24352678428691754,0.25662523774011259
E201_TxPert_whole_context,1037,0.2809586359522423,0.29579666048199904
E201_TxPert_whole_context,1038,0.28739526131412158,0.32095967773051248
E201_TxPert_whole_context,1039,0.26238025885184191,0.31777582622837941
E201_TxPert_whole_context,1040,0.2723719754000028,0.30057450331700586
E201_TxPert_whole_context,1041,0.31385642464223612,0.32092363730162909
E201_TxPert_whole_context,1042,0.28977464404465847,0.3166224504798929
E201_TxPert_whole_context,1043,0.29988330608833014,0.31055186343847641
E201_TxPert_whole_context,1044,0.30217776910248439,0.32134833853129285
E201_TxPert_whole_context,1045,0.27125741081956106,0.33377081690720634
E201_TxPert_whole_context,1046,0.25532929255413139,0.28250800196553094
E201_TxPert_whole_context,1047,0.28394359060903762,0.27707072436707503
E201_TxPert_whole_context,1048,0.2962561036660456,0.31586200208008353
E201_TxPert_whole_context,1049,0.28879413842011387,0.27986742595528113
E201_TxPert_whole_context,1050,0.26879841296384005,0.29803577302934597
E201_TxPert_whole_context,1051,0.28235766160683307,0.2985269993718061
E201_TxPert_whole_context,1052,0.20427314061665311,0.25471055067128834
E201_TxPert_whole_context,1053,0.31347200879375436,0.33004006885175341
E201_TxPert_whole_context,1054,0.27508781223779372,0.28878919808446002
E201_TxPert_whole_context,1055,0.27402077829912408,0.31566359695159013
E201_TxPert_whole_context,1056,0.2944756064885013,0.31366950740660282
E201_TxPert_whole_context,1057,0.25286350640059163,0.26793884168176935
E201_TxPert_whole_context,1058,0.28982347589952157,0.30160230336316324
E201_TxPert_whole_context,1059,0.29020792443212384,0.30695939654360727
E201_TxPert_whole_context,1060,0.30866323729136802,0.33675312410620828
E201_TxPert_whole_context,1061,0.31172228474093994,0.32756306714194294
E201_TxPert_whole_context,1062,0.29970041711527429,0.30850579372040654
E201_TxPert_whole_context,1063,0.27826940056380822,0.28914412748446749
E201_TxPert_whole_context,1064,0.26938176867063435,0.28998613642023452
E201_TxPert_whole_context,1065,0.30791803256287292,0.33835467396584284
E201_TxPert_whole_context,1066,0.27799281264550174,0.30093165072223382
E201_TxPert_whole_context,1067,0.24513131458595139,0.25816366116307943
E201_TxPert_whole_context,1068,0.28220818826502508,0.29913265801641387
E201_TxPert_whole_context,1069,0.26218438180598402,0.28388533525335219
E201_TxPert_whole_context,1070,0.27637288765748586,0.28426497651174232
E201_TxPert_whole_context,1071,0.26485539601192065,0.30807813837492148
E201_TxPert_whole_context,1072,0.30283430634902692,0.32505985498260526
E201_TxPert_whole_context,1073,0.2859195537582423,0.3096501557838599
E201_TxPert_whole_context,1074,0.24849504176271103,0.26929666172062672
E201_TxPert_whole_context,1075,0.25378461732265056,0.25884389034785932
E201_TxPert_whole_context,1076,0.24761645882976918,0.27628384515449944
E201_TxPert_whole_context,1077,0.31119352947394874,0.32855441578079769
E201_TxPert_whole_context,1078,0.30568389324718348,0.31422554224511134
E201_TxPert_whole_context,1079,0.28265962194183686,0.30131008155876621
E201_TxPert_whole_context,1080,0.25517860018235256,0.28013338978560304
E201_TxPert_whole_context,1081,0.24200944212447492,0.27562188751362848
E201_TxPert_whole_context,1082,0.26416392224247609,0.29994638432494602
E201_TxPert_whole_context,1083,0.27308862281194002,0.26813820786088766
E201_TxPert_whole_context,1084,0.22581717586493047,0.2816066719698081
E201_TxPert_whole_context,1085,0.29034590125784948,0.3241665952422087
E201_TxPert_whole_context,1086,0.26012383232364139,0.28966992158635246
E201_TxPert_whole_context,1087,0.29701605855265645,0.28922245103997901
E201_TxPert_whole_context,1088,0.29822158041803304,0.31608918240766637
E201_TxPert_whole_context,1089,0.27453514789097766,0.29868036507360951
E201_TxPert_whole_context,1090,0.26170855626875233,0.29119452799149792
E201_TxPert_whole_context,1091,0.28327376633659207,0.2752174581330783
E201_TxPert_whole_context,1092,0.25870039729669253,0.27001951377332511
E201_TxPert_whole_context,1093,0.29198028141883847,0.30875272595986425
E201_TxPert_whole_context,1094,0.27829925841932091,0.30830880331064769
E201_TxPert_whole_context,1095,0.25356372641155517,0.30624165045813434
E201_TxPert_whole_context,1096,0.22601977660288208,0.23919329385169788
E201_TxPert_whole_context,1097,0.28201728330509163,0.30996295272891028
E201_TxPert_whole_context,1098,0.29040079522051365,0.28747002577033604
E201_TxPert_whole_context,1099,0.34357510956263981,0.35840278180300028
E201_TxPert_whole_context,1100,0.22891995313048202,0.25441574377082166
E201_TxPert_whole_context,1101,0.25684711800091725,0.27027786302380818
E201_TxPert_whole_context,1102,0.3263408207268223,0.33226923042398337
E201_TxPert_whole_context,1103,0.2698931723538342,0.2602532615296983
E201_TxPert_whole_context,1104,0.25990081465871595,0.2806940886650699
E201_TxPert_whole_context,1105,0.30005675657304931,0.31471342227019916
E201_TxPert_whole_context,1106,0.28611762476817448,0.3172524434298164
E201_TxPert_whole_context,1107,0.26736248205883861,0.2914046142904429
E201_TxPert_whole_context,1108,0.31696244301543458,0.34112005233340437
E201_TxPert_whole_context,1109,0.24325749433196303,0.2859432344327803
E201_TxPert_whole_context,1110,0.2322634641957827,0.23091379841809567
E201_TxPert_whole_context,1111,0.28538387231597812,0.30536441467679698
E201_TxPert_whole_context,1112,0.27281959848528198,0.28408418467322888
E201_TxPert_whole_context,1113,0.30317661906062365,0.31175700878084356
E201_TxPert_whole_context,1114,0.3298590179565784,0.34140372926438761
E201_TxPert_whole_context,1115,0.25866948614493201,0.30438032885056804
E201_TxPert_whole_context,1116,0.28652416282854498,0.32304788375379734
E201_TxPert_whole_context,1117,0.28566756885881717,0.29405252538957111
E201_TxPert_whole_context,1118,0.33715701806231824,0.3202208264602352
E201_TxPert_whole_context,1119,0.23296190476989997,0.25733397158440713
E201_TxPert_whole_context,1120,0.30490982497967734,0.31554430420180118
E201_TxPert_whole_context,1121,0.28440920285165106,0.32170810147326545
E201_TxPert_whole_context,1122,0.30087381612491504,0.28583365596876681
E201_TxPert_whole_context,1123,0.23828188067466691,0.26249032167898906
E201_TxPert_whole_context,1124,0.28904594913298975,0.29129075771409002
E201_TxPert_whole_context,1125,0.27272937475569659,0.27923093457078663
E201_TxPert_whole_context,1126,0.27947491835961968,0.29329683611631413
E201_TxPert_whole_context,1127,0.28816913280997991,0.28931221343322311
E201_TxPert_whole_context,1128,0.24453461948809999,0.3035726264415094
E201_TxPert_whole_context,1129,0.28493744133271504,0.28501736117443577
E201_TxPert_whole_context,1130,0.2940241977778752,0.30175343976083663
E201_TxPert_whole_context,1131,0.26894611024332282,0.30245540930560239
E201_TxPert_whole_context,1132,0.23524741802154486,0.25577648173227874
E201_TxPert_whole_context,1133,0.27441184496527304,0.29865267722461381
E201_TxPert_whole_context,1134,0.29833668467074886,0.30989122960882864
E201_TxPert_whole_context,1135,0.28585765197025137,0.28879154497666548
E201_TxPert_whole_context,1136,0.29817493166540981,0.32778773112874687
E201_TxPert_whole_context,1137,0.29346263886700186,0.31347350299098298
E201_TxPert_whole_context,1138,0.28373613717339691,0.3204771082072182
E201_TxPert_whole_context,1139,0.24788636503170047,0.26587025578698037
E201_TxPert_whole_context,1140,0.2633213012694402,0.29208120677513377
E201_TxPert_whole_context,1141,0.25292465305095058,0.28047061128432771
E201_TxPert_whole_context,1142,0.30204414699902304,0.30035052160031017
E201_TxPert_whole_context,1143,0.31494518721926429,0.29744462907804625
E201_TxPert_whole_context,1144,0.26175862993800414,0.25388954147090814
E201_TxPert_whole_context,1145,0.25801309774352754,0.30020824500600513
E201_TxPert_whole_context,1146,0.31208692044460329,0.33257117139370901
E201_TxPert_whole_context,1147,0.30263863409528241,0.31759951729852814
E201_TxPert_whole_context,1148,0.30996437686506767,0.31903974316308209
E201_TxPert_whole_context,1149,0.26493121369042194,0.29098025198527716
E201_TxPert_whole_context,1150,0.26955540749820012,0.29394238111154447
E201_TxPert_whole_context,1151,0.30165728816127391,0.31748261638861097
E201_TxPert_whole_context,1152,0.29354014691640828,0.2965565307836151
E201_TxPert_whole_context,1153,0.28738163562506475,0.30817513222447329
E201_TxPert_whole_context,1154,0.3105768783147394,0.34442065790886661
E201_TxPert_whole_context,1155,0.26071413220641387,0.27977546729548197
E201_TxPert_whole_context,1156,0.29578239217406621,0.31710294352498797
E201_TxPert_whole_context,1157,0.21497593499644929,0.2365555184986961
E201_TxPert_whole_context,1158,0.26623159830926957,0.27959256420290302
E201_TxPert_whole_context,1159,0.26849836340340988,0.2772803895593513
E201_TxPert_whole_context,1160,0.27395973990677913,0.28963127885384077
E201_TxPert_whole_context,1161,0.29858676948985291,0.32767423808773599
E201_TxPert_whole_context,1162,0.27281893578843386,0.30858248872617317
E201_TxPert_whole_context,1163,0.27435426583326739,0.28461931815431435
E201_TxPert_whole_context,1164,0.28833981072624909,0.30450254086823408
E201_TxPert_whole_context,1165,0.29848084393360219,0.29530222543916895
E201_TxPert_whole_context,1166,0.31477711099228278,0.31730334114336867
E201_TxPert_whole_context,1167,0.26361477685682844,0.26739437178674935
E201_TxPert_whole_context,1168,0.24210846946053621,0.24520000330474112
E201_TxPert_whole_context,1169,0.28659016337979559,0.29919865269620982
E201_TxPert_whole_context,1170,0.29407340351468475,0.30347414793822286
E201_TxPert_whole_context,1171,0.26285524822752115,0.26475758851156517
E201_TxPert_whole_context,1172,0.29261151243178007,0.32506391942234314
E201_TxPert_whole_context,1173,0.25598027548806673,0.27876213702633823
E201_TxPert_whole_context,1174,0.24679005096130036,0.26134816681356388
E201_TxPert_whole_context,1175,0.23712341753072269,0.25891372677599633
E201_TxPert_whole_context,1176,0.28273529169333877,0.31631881813473794
E201_TxPert_whole_context,1177,0.25658166600699761,0.27753146305786136
E201_TxPert_whole_context,1178,0.30649783676312536,0.3268268562020139
E201_TxPert_whole_context,1179,0.29899534751570506,0.31170002518046763
E201_TxPert_whole_context,1180,0.28110882385107339,0.31310984054225066
E201_TxPert_whole_context,1181,0.29586845337505341,0.3143298507171185
E201_TxPert_whole_context,1182,0.28040121088248338,0.30045640035704213
E201_TxPert_whole_context,1183,0.27264814812373933,0.29770974241675802
E201_TxPert_whole_context,1184,0.29044859346579932,0.29903196028298618
E201_TxPert_whole_context,1185,0.30327372034537969,0.32097822338833759
E201_TxPert_whole_context,1186,0.24143278804404056,0.2646097169871478
E201_TxPert_whole_context,1187,0.29260837422894947,0.29068751262651216
E201_TxPert_whole_context,1188,0.28174261476827561,0.32040778152593785
E201_TxPert_whole_context,1189,0.26953643936927968,0.28857638767137328
E201_TxPert_whole_context,1190,0.29578557663584681,0.32390930487613562
E201_TxPert_whole_context,1191,0.29073545119852695,0.2905846331779397
E201_TxPert_whole_context,1192,0.28846024931044251,0.31125603988076589
E201_TxPert_whole_context,1193,0.29893301434745245,0.3034555362368484
E201_TxPert_whole_context,1194,0.28880988586510403,0.30286606361347423
E201_TxPert_whole_context,1195,0.29577488126447987,0.32187382271601916
E201_TxPert_whole_context,1196,0.25879033501734267,0.30375114691282118
E201_TxPert_whole_context,1197,0.28178735984428771,0.27768470994953964
E201_TxPert_whole_context,1198,0.31257744647817221,0.33264655559578782
E201_TxPert_whole_context,1199,0.28528122889919172,0.29832327393777969
E201_TxPert_whole_context,1200,0.31672395570631273,0.30046942294510637
E201_TxPert_whole_context,1201,0.25305445084375844,0.27561832401495767
E201_TxPert_whole_context,1202,0.2463675454561185,0.27312533894592184
E201_TxPert_whole_context,1203,0.31213419884212734,0.31741077368405451
E201_TxPert_whole_context,1204,0.27983291840041652,0.3006659308845796
E201_TxPert_whole_context,1205,0.29268610059100564,0.30505741163744859
E201_TxPert_whole_context,1206,0.2713104592340953,0.27166358790423251
E201_TxPert_whole_context,1207,0.29901534611689501,0.30525367449320151
E201_TxPert_whole_context,1208,0.29314970519814687,0.32035735585145303
E201_TxPert_whole_context,1209,0.27919055812241089,0.30669302525635256
E201_TxPert_whole_context,1210,0.28001254818573729,0.32212960365147725
E201_TxPert_whole_context,1211,0.29044770746728094,0.3331584012304315
E201_TxPert_whole_context,1212,0.28244438011678341,0.26889151708873837
E201_TxPert_whole_context,1213,0.28827461504903629,0.30470882988471015
E201_TxPert_whole_context,1214,0.31294146994000283,0.35171937939393288
E201_TxPert_whole_context,1215,0.2746949855548062,0.30488362960616361
E201_TxPert_whole_context,1216,0.30140030456618527,0.30760258475536717
E201_TxPert_whole_context,1217,0.28189102835192659,0.28873809635034697
E201_TxPert_whole_context,1218,0.26290673736597103,0.26748312819324005
E201_TxPert_whole_context,1219,0.26989993953075253,0.29475577306306638
E201_TxPert_whole_context,1220,0.29857064413990703,0.34054159451793203
E201_TxPert_whole_context,1221,0.30464003198239648,0.2924415436395198
E201_TxPert_whole_context,1222,0.30983179664698868,0.32678978735602193
E201_TxPert_whole_context,1223,0.2733159156692172,0.27934081585336235
E201_TxPert_whole_context,1224,0.29727651561599822,0.27929192472784403
E201_TxPert_whole_context,1225,0.28725628850448531,0.30023818195933449
E201_TxPert_whole_context,1226,0.31436188978225804,0.32335518783059969
E201_TxPert_whole_context,1227,0.29347609481168979,0.29260034314221389
E201_TxPert_whole_context,1228,0.26722006946551485,0.28625671915019879
E201_TxPert_whole_context,1229,0.26081115683234957,0.29987653662414504
E201_TxPert_whole_context,1230,0.27539512885701212,0.30673437199879061
E201_TxPert_whole_context,1231,0.28898211609609148,0.29783473423865048
E201_TxPert_whole_context,1232,0.27133608434929724,0.28803385630776185
E201_TxPert_whole_context,1233,0.29669149257986638,0.31267280324458657
E201_TxPert_whole_context,1234,0.29650075069120457,0.28649715137221288
E201_TxPert_whole_context,1235,0.30062277368222423,0.28672486203952913
E201_TxPert_whole_context,1236,0.26700897620408071,0.30406043669388028
E201_TxPert_whole_context,1237,0.26947939774741841,0.27603617950221793
E201_TxPert_whole_context,1238,0.28871185011845896,0.30055845525922908
E201_TxPert_whole_context,1239,0.27281823547196848,0.29418841810547414
E201_TxPert_whole_context,1240,0.29383030467942439,0.30631416884833623
E201_TxPert_whole_context,1241,0.32170245058312408,0.36415556102710323
E201_TxPert_whole_context,1242,0.28934871482514196,0.29676953528994338
E201_TxPert_whole_context,1243,0.23212630927286371,0.28484104005864508
E201_TxPert_whole_context,1244,0.29903606467504917,0.31193604418844983
E201_TxPert_whole_context,1245,0.25735038108859587,0.30151795767110223
E201_TxPert_whole_context,1246,0.2805067648357254,0.28780572344769451
E201_TxPert_whole_context,1247,0.2790672215754601,0.31594456031459356
E201_TxPert_whole_context,1248,0.28230895518420596,0.3014165943178414
E201_TxPert_whole_context,1249,0.30274957626690202,0.32139954279853544
E201_TxPert_whole_context,1250,0.28540921802558639,0.28059396453184515
E201_TxPert_whole_context,1251,0.23720437398901623,0.27326229054123197
E201_TxPert_whole_context,1252,0.27565411410394708,0.28418733569572852
E201_TxPert_whole_context,1253,0.30612458029572226,0.29961425352917687
E201_TxPert_whole_context,1254,0.28992349921067573,0.29301302324550349
E201_TxPert_whole_context,1255,0.29479185466758412,0.30448919525177365
E201_TxPert_whole_context,1256,0.31730115871828801,0.34328980480505411
E201_TxPert_whole_context,1257,0.28905297986268369,0.31482086709703649
E201_TxPert_whole_context,1258,0.3031145174491221,0.34545093977383506
E201_TxPert_whole_context,1259,0.2134239155779275,0.25486615060253565
E201_TxPert_whole_context,1260,0.27548822405721085,0.2963524694165045
E201_TxPert_whole_context,1261,0.29450598716153031,0.30376345851489478
E201_TxPert_whole_context,1262,0.30515480695135599,0.33112200127502067
E201_TxPert_whole_context,1263,0.24402355551048069,0.29455599881838795
E201_TxPert_whole_context,1264,0.25475818519898485,0.28997421397451373
E201_TxPert_whole_context,1265,0.24967118660758375,0.25201302782586915
E201_TxPert_whole_context,1266,0.25559328277500198,0.30414781558627929
E201_TxPert_whole_context,1267,0.25629792142652813,0.26310612650010679
E201_TxPert_whole_context,1268,0.29065651313275787,0.3173405197098938
E201_TxPert_whole_context,1269,0.28463264412263417,0.32507100625776519
E201_TxPert_whole_context,1270,0.25818876722423967,0.28658948027816178
E201_TxPert_whole_context,1271,0.24955892948483632,0.2715853789303812
E201_TxPert_whole_context,1272,0.27982041062721863,0.32339312642113383
E201_TxPert_whole_context,1273,0.25863537319993757,0.28494033592485668
E201_TxPert_whole_context,1274,0.29906786481436165,0.32491238987891663
E201_TxPert_whole_context,1275,0.27279578330620458,0.30994401628362145
E201_TxPert_whole_context,1276,0.3190576124129777,0.33373360537292751
E201_TxPert_whole_context,1277,0.2546718846576117,0.27547666043876307
E201_TxPert_whole_context,1278,0.28801302503319515,0.30727041227566537
E201_TxPert_whole_context,1279,0.29303543729912984,0.32753391209002375
E201_TxPert_whole_context,1280,0.28030687355887374,0.29805225544597563
E201_TxPert_whole_context,1281,0.28986227571923162,0.27857291363981096
E201_TxPert_whole_context,1282,0.31989196253927032,0.32152387274666122
E201_TxPert_whole_context,1283,0.25002290242562947,0.25620941349293819
E201_TxPert_whole_context,1284,0.29420042524014944,0.30948371451296824
E201_TxPert_whole_context,1285,0.24507258555965256,0.28541257991501595
E201_TxPert_whole_context,1286,0.28506110745308644,0.28652075399146537
E201_TxPert_whole_context,1287,0.30520173133792305,0.31770528612444149
E201_TxPert_whole_context,1288,0.26832564823170246,0.28578389930602305
E201_TxPert_whole_context,1289,0.28763000471060907,0.29785516484989449
E201_TxPert_whole_context,1290,0.30653827017772639,0.30515908232627964
E201_TxPert_whole_context,1291,0.30275948615260112,0.33760460616682514
E201_TxPert_whole_context,1292,0.25114323454455867,0.27390092543125732
E201_TxPert_whole_context,1293,0.24614244761782395,0.27166433470189427
E201_TxPert_whole_context,1294,0.30493066224925969,0.32645332867644922
E201_TxPert_whole_context,1295,0.26216038186324853,0.30819731933594241
E201_TxPert_whole_context,1296,0.26096138412363062,0.27541608658487293
E201_TxPert_whole_context,1297,0.28921590072496811,0.28860785596177196
E201_TxPert_whole_context,1298,0.22819609676556374,0.26150728646605337
E201_TxPert_whole_context,1299,0.28176133952966159,0.27266399016946113
E201_TxPert_whole_context,1300,0.27059059390103796,0.2552799839265672
E201_TxPert_whole_context,1301,0.2606090556055316,0.27418608498133107
E201_TxPert_whole_context,1302,0.26314104985918996,0.29902756449823298
E201_TxPert_whole_context,1303,0.30405281974708537,0.31256631836993354
E201_TxPert_whole_context,1304,0.26592582275702087,0.28389416930011135
E201_TxPert_whole_context,1305,0.26140384198903749,0.28115201674268497
E201_TxPert_whole_context,1306,0.25633677199461152,0.29970884729275865
E201_TxPert_whole_context,1307,0.27757290423576741,0.27930251973291359
E201_TxPert_whole_context,1308,0.30577694709835268,0.32367202284276414
E201_TxPert_whole_context,1309,0.29118955587372208,0.29099478717491983
E201_TxPert_whole_context,1310,0.32258910964369353,0.33867336270839099
E201_TxPert_whole_context,1311,0.26585318667458974,0.25982242021787916
E201_TxPert_whole_context,1312,0.27523379602850612,0.31732478447921419
E201_TxPert_whole_context,1313,0.25638238821820247,0.27031727576675468
E201_TxPert_whole_context,1314,0.32929967434670648,0.34546538126434345
E201_TxPert_whole_context,1315,0.24840470186992419,0.27804206445687174
E201_TxPert_whole_context,1316,0.3245557218560311,0.35386049984441698
E201_TxPert_whole_context,1317,0.27487568174689581,0.30771949904947105
E201_TxPert_whole_context,1318,0.29482434104078481,0.29786632785007006
E201_TxPert_whole_context,1319,0.268628520083251,0.33228431525894941
E201_TxPert_whole_context,1320,0.27868789297648694,0.30503767031331885
E201_TxPert_whole_context,1321,0.25831057109493927,0.27607064051876429
E201_TxPert_whole_context,1322,0.30961168615987883,0.29669314482896109
E201_TxPert_whole_context,1323,0.25493782204879001,0.28897518842677905
E201_TxPert_whole_context,1324,0.26790359898260546,0.28351668424543147
E201_TxPert_whole_context,1325,0.26898829702845894,0.29175501938192117
E201_TxPert_whole_context,1326,0.26642974187800339,0.27253420939149664
E201_TxPert_whole_context,1327,0.30871949782672348,0.31314618992705712
E201_TxPert_whole_context,1328,0.28223011533359954,0.30629322578866575
E201_TxPert_whole_context,1329,0.2653091524007361,0.28251544527754452
E201_TxPert_whole_context,1330,0.28989165711555775,0.33839039111270242
E201_TxPert_whole_context,1331,0.24170783914365213,0.27325075220104489
E201_TxPert_whole_context,1332,0.29398338917136319,0.31287293575270908
E201_TxPert_whole_context,1333,0.31193457375683548,0.32735365612825995
E201_TxPert_whole_context,1334,0.30806092388716522,0.32580343893891905
E201_TxPert_whole_context,1335,0.31140584185341519,0.31478494720776062
E201_TxPert_whole_context,1336,0.28723734313640503,0.30882274682152933
E201_TxPert_whole_context,1337,0.31934618962108063,0.33585063279517346
E201_TxPert_whole_context,1338,0.25468871805067195,0.27934460471043293
E201_TxPert_whole_context,1339,0.2977591328845226,0.31287186537492506
E201_TxPert_whole_context,1340,0.25502108945244789,0.28761443307284829
E201_TxPert_whole_context,1341,0.27146400363869483,0.28808242357737662
E201_TxPert_whole_context,1342,0.2532561658369793,0.28408508501410629
E201_TxPert_whole_context,1343,0.26101725793129854,0.30960405517161338
E201_TxPert_whole_context,1344,0.25433653860876604,0.25172220746854607
E201_TxPert_whole_context,1345,0.28610440657135305,0.31780496596537833
E201_TxPert_whole_context,1346,0.26154794538511855,0.31373782675054285
E201_TxPert_whole_context,1347,0.23816587411185178,0.2505235779125049
E201_TxPert_whole_context,1348,0.28252851036896531,0.29536806849969732
E201_TxPert_whole_context,1349,0.26604953196137548,0.26990588667355503
E201_TxPert_whole_context,1350,0.25668861941968596,0.273441031267254
E201_TxPert_whole_context,1351,0.28598332243845659,0.28019287280689481
E201_TxPert_whole_context,1352,0.31433655765624063,0.3485608351629067
E201_TxPert_whole_context,1353,0.26091085230340616,0.28059510105280222
E201_TxPert_whole_context,1354,0.2524463679500174,0.28856578686268519
E201_TxPert_whole_context,1355,0.26106076895629793,0.27499792539932483
E201_TxPert_whole_context,1356,0.29219366244193523,0.30474666515251492
E201_TxPert_whole_context,1357,0.29863482767002625,0.32542802929845915
E201_TxPert_whole_context,1358,0.25796268176453169,0.28329768010788248
E201_TxPert_whole_context,1359,0.28621125529843261,0.28105472660998698
E201_TxPert_whole_context,1360,0.29780632509139754,0.32450918416565144
E201_TxPert_whole_context,1361,0.28379122968814374,0.28977727623860489
E201_TxPert_whole_context,1362,0.2671706999527263,0.26364982600400833
E201_TxPert_whole_context,1363,0.30194578157953683,0.29542878259882172
E201_TxPert_whole_context,1364,0.29564288720772769,0.33734060483168393
E201_TxPert_whole_context,1365,0.29280760519574861,0.32765456174439178
E201_TxPert_whole_context,1366,0.31492910524749501,0.29164438741822729
E201_TxPert_whole_context,1367,0.26783550028825831,0.28842005760281197
E201_TxPert_whole_context,1368,0.26872315547506997,0.29220242521325684
E201_TxPert_whole_context,1369,0.28061536198843029,0.32566613911966497
E201_TxPert_whole_context,1370,0.24556325182698938,0.28284416554733821
E201_TxPert_whole_context,1371,0.26014403534514063,0.2550283801606758
E201_TxPert_whole_context,1372,0.28530558933444394,0.32651092539315479
E201_TxPert_whole_context,1373,0.26887806697404493,0.27503411928560989
E201_TxPert_whole_context,1374,0.28905988047136666,0.29055131781205079
E201_TxPert_whole_context,1375,0.28609077439445252,0.29896534991529655
E201_TxPert_whole_context,1376,0.26942505304448311,0.30558006553282757
E201_TxPert_whole_context,1377,0.29229896059473848,0.30179593112688541
E201_TxPert_whole_context,1378,0.28242704872204027,0.31316361845850371
E201_TxPert_whole_context,1379,0.29975884738469877,0.32885165859007387
E201_TxPert_whole_context,1380,0.27784504913934005,0.28426953016090484
E201_TxPert_whole_context,1381,0.29088663026246592,0.30957081655585089
E201_TxPert_whole_context,1382,0.30322624586180885,0.31136258933287131
E201_TxPert_whole_context,1383,0.32355810976260529,0.29975786230608581
E201_TxPert_whole_context,1384,0.29284200811156313,0.33675304767196967
E201_TxPert_whole_context,1385,0.30432969942236732,0.32602699951719327
E201_TxPert_whole_context,1386,0.26322233114241234,0.30489803453895498
E201_TxPert_whole_context,1387,0.27572480516958198,0.28665127000683532
E201_TxPert_whole_context,1388,0.28412149341029358,0.29950635249566027
E201_TxPert_whole_context,1389,0.34223523159873737,0.34470855080129326
E201_TxPert_whole_context,1390,0.269220482001858,0.30594391743518579
E201_TxPert_whole_context,1391,0.28572147748063909,0.30035674840369664
E201_TxPert_whole_context,1392,0.22927843624266914,0.26126012268199295
E201_TxPert_whole_context,1393,0.28357328157941059,0.30418845050779181
E201_TxPert_whole_context,1394,0.31349420638261216,0.31346425085623753
E201_TxPert_whole_context,1395,0.2771718891226887,0.30553479368350767
E201_TxPert_whole_context,1396,0.28684949693341782,0.30967279890758492
E201_TxPert_whole_context,1397,0.25601176969663075,0.26217110542684263
E201_TxPert_whole_context,1398,0.24062576515023498,0.2534858790558836
E201_TxPert_whole_context,1399,0.27806744437919595,0.29984626279329329
E201_TxPert_whole_context,1400,0.30931677978460737,0.3345238849982517
E201_TxPert_whole_context,1401,0.26125737903342972,0.27713827409760877
E201_TxPert_whole_context,1402,0.27904454569975934,0.27771154927142389
E201_TxPert_whole_context,1403,0.25009314733550653,0.25072209701928116
E201_TxPert_whole_context,1404,0.27380545772304599,0.29720421555532517
E201_TxPert_whole_context,1405,0.29928685650075088,0.31446863883236764
E201_TxPert_whole_context,1406,0.25866836776001212,0.27633136565815525
E201_TxPert_whole_context,1407,0.21935282556237304,0.2626558888348563
E201_TxPert_whole_context,1408,0.30161101308203775,0.31182510465011876
E201_TxPert_whole_context,1409,0.3299079533581642,0.34659357296279497
E201_TxPert_whole_context,1410,0.29593412570619226,0.31003093697568507
E201_TxPert_whole_context,1411,0.28025678605459936,0.30506554341770831
E201_TxPert_whole_context,1412,0.27251817226519798,0.31104112547712759
E201_TxPert_whole_context,1413,0.2855489807494655,0.2978749583344189
E201_TxPert_whole_context,1414,0.29235131812372972,0.29700725115496501
E201_TxPert_whole_context,1415,0.26736582489970573,0.32286722031164622
E201_TxPert_whole_context,1416,0.25900031769712184,0.26698153057161933
E201_TxPert_whole_context,1417,0.26498452420810292,0.27023356118361574
E201_TxPert_whole_context,1418,0.26716129740176164,0.29724704320764361
E201_TxPert_whole_context,1419,0.26449340028112484,0.29879470492056626
E201_TxPert_whole_context,1420,0.2532992568533794,0.30104723438831882
E201_TxPert_whole_context,1421,0.29084722667835067,0.32931932254507168
E201_TxPert_whole_context,1422,0.282954432919439,0.29984329074634775
E201_TxPert_whole_context,1423,0.30660212684990706,0.32474402080292514
E201_TxPert_whole_context,1424,0.25835089238943398,0.26687125094829872
E201_TxPert_whole_context,1425,0.29112662102034348,0.32171567845863736
E201_TxPert_whole_context,1426,0.30424671975713385,0.31921457491773209
E201_TxPert_whole_context,1427,0.26540918711089828,0.30197750747752711
E201_TxPert_whole_context,1428,0.28817365099107234,0.31578721464427589
E201_TxPert_whole_context,1429,0.31907904434914347,0.33526630578444305
E201_TxPert_whole_context,1430,0.23210003630439638,0.25421508836673512
E201_TxPert_whole_context,1431,0.30217997430395077,0.30368586894048311
E201_TxPert_whole_context,1432,0.2561929547679061,0.29037932995726862
E201_TxPert_whole_context,1433,0.30710039103221698,0.31232690303216482
E201_TxPert_whole_context,1434,0.26707942360757558,0.27879849841033039
E201_TxPert_whole_context,1435,0.27122870761076207,0.3101334842635145
E201_TxPert_whole_context,1436,0.29928409940849815,0.32845325614895238
E201_TxPert_whole_context,1437,0.29992452757341148,0.28894361658785678
E201_TxPert_whole_context,1438,0.26264060871144279,0.30520575247154719
E201_TxPert_whole_context,1439,0.26643722062894681,0.27984835169857408
E201_TxPert_whole_context,1440,0.26846911556928765,0.30731272678329191
E201_TxPert_whole_context,1441,0.29811186666386286,0.31973062746049458
E201_TxPert_whole_context,1442,0.26728480841262164,0.29381225499280827
E201_TxPert_whole_context,1443,0.27948551460033111,0.30194516423413248
E201_TxPert_whole_context,1444,0.26205118034996044,0.28340182696351612
E201_TxPert_whole_context,1445,0.30483525317521687,0.31832428600092921
E201_TxPert_whole_context,1446,0.28969678143731292,0.29936763671085975
E201_TxPert_whole_context,1447,0.30446472180993178,0.29880758295604132
E201_TxPert_whole_context,1448,0.31914025143591063,0.32301814568549514
E201_TxPert_whole_context,1449,0.27497186893664277,0.28960148827093513
E201_TxPert_whole_context,1450,0.30154517663855573,0.32461484517019223
E201_TxPert_whole_context,1451,0.24587237736218689,0.26912034194130263
E201_TxPert_whole_context,1452,0.25951363398238519,0.27323571079646414
E201_TxPert_whole_context,1453,0.30031896217525739,0.31806206578948887
E201_TxPert_whole_context,1454,0.30892709771994653,0.33087098298726081
E201_TxPert_whole_context,1455,0.31536076808441849,0.30155024581370032
E201_TxPert_whole_context,1456,0.27384152244145321,0.28484651489552182
E201_TxPert_whole_context,1457,0.26358636156129073,0.27572094767835115
E201_TxPert_whole_context,1458,0.27268750292648136,0.31636899860579493
E201_TxPert_whole_context,1459,0.28032048456342612,0.28043222858754646
E201_TxPert_whole_context,1460,0.31350152634646494,0.3492709003410509
E201_TxPert_whole_context,1461,0.24716650964035869,0.27533120686034773
E201_TxPert_whole_context,1462,0.2604792878121952,0.27706422673402775
E201_TxPert_whole_context,1463,0.28822273024570821,0.3015013752748984
E201_TxPert_whole_context,1464,0.294184151001329,0.32510149518446069
E201_TxPert_whole_context,1465,0.27555194604948435,0.28555525152574407
E201_TxPert_whole_context,1466,0.28706388344081291,0.3022196262102943
E201_TxPert_whole_context,1467,0.28901043206255583,0.30581184402853939
E201_TxPert_whole_context,1468,0.27476894631416743,0.316545935807377
E201_TxPert_whole_context,1469,0.27681035682313776,0.32054951641665896
E201_TxPert_whole_context,1470,0.27645917497548256,0.29815293265201359
E201_TxPert_whole_context,1471,0.23724304454025119,0.27391725308995285
E201_TxPert_whole_context,1472,0.26691319655179024,0.27318520487519155
E201_TxPert_whole_context,1473,0.29833724424677205,0.31614619579391251
E201_TxPert_whole_context,1474,0.28271446632875297,0.29029874514709286
E201_TxPert_whole_context,1475,0.30098923183018178,0.31019233679770825
E201_TxPert_whole_context,1476,0.28649691880790795,0.2976143465564256
E201_TxPert_whole_context,1477,0.26729605182378524,0.30324243597919376
E201_TxPert_whole_context,1478,0.2984805676647494,0.30188968385687009
E201_TxPert_whole_context,1479,0.31235866574935001,0.31121850467817314
E201_TxPert_whole_context,1480,0.24037830443918151,0.27405063542534591
E201_TxPert_whole_context,1481,0.26677071987726303,0.26335269501640718
E201_TxPert_whole_context,1482,0.32315858908309941,0.34404007935035141
E201_TxPert_whole_context,1483,0.27078868734427752,0.2994615171627098
E201_TxPert_whole_context,1484,0.21167799495316547,0.24451870139997939
E201_TxPert_whole_context,1485,0.28763171753370664,0.31734504556297494
E201_TxPert_whole_context,1486,0.22956835455140859,0.25434667528525851
E201_TxPert_whole_context,1487,0.26681844755335393,0.28012736514559455
E201_TxPert_whole_context,1488,0.27178145898347456,0.2948984142343597
E201_TxPert_whole_context,1489,0.29424853029905018,0.31490582920409649
E201_TxPert_whole_context,1490,0.30433248435737648,0.34608579717686838
E201_TxPert_whole_context,1491,0.25841504751930017,0.27043110257100322
E201_TxPert_whole_context,1492,0.26623458362864083,0.26784160235838422
E201_TxPert_whole_context,1493,0.30695699562981205,0.30720945657983512
E201_TxPert_whole_context,1494,0.27580486093045514,0.28068066413617354
E201_TxPert_whole_context,1495,0.28292197743445424,0.29805203055650875
E201_TxPert_whole_context,1496,0.28940292025544367,0.30016425793579493
E201_TxPert_whole_context,1497,0.24475284615302373,0.25770116849570179
E201_TxPert_whole_context,1498,0.27104173483296756,0.29506357786775683
E201_TxPert_whole_context,1499,0.35306411159554429,0.34563509996292707
E201_TxPert_whole_context,1500,0.25742570898449096,0.27643150789337889
E201_TxPert_whole_context,1501,0.27600701501243885,0.26807543978620901
E201_TxPert_whole_context,1502,0.28033433745208342,0.28316360858254014
E201_TxPert_whole_context,1503,0.27518061266311461,0.27397678298402761
E201_TxPert_whole_context,1504,0.31331566541713773,0.29521132134861722
E201_TxPert_whole_context,1505,0.31722085379414749,0.30637149859929197
E201_TxPert_whole_context,1506,0.29565046941650563,0.30123532100800454
E201_TxPert_whole_context,1507,0.28828192703429184,0.3113847069714013
E201_TxPert_whole_context,1508,0.24262721938256593,0.26699361213933859
E201_TxPert_whole_context,1509,0.24535132774625534,0.27030047438190963
E201_TxPert_whole_context,1510,0.26990557921756858,0.27797727333244632
E201_TxPert_whole_context,1511,0.32107254735246094,0.32636286843103807
E201_TxPert_whole_context,1512,0.30458807052362902,0.30866480374390076
E201_TxPert_whole_context,1513,0.26398707845371611,0.28298209538744729
E201_TxPert_whole_context,1514,0.25845451799096431,0.29180051769025528
E201_TxPert_whole_context,1515,0.27152600991102299,0.28392364532191622
E201_TxPert_whole_context,1516,0.26788585287902955,0.29183407352635959
E201_TxPert_whole_context,1517,0.28780507690333046,0.28880708258154519
E201_TxPert_whole_context,1518,0.28293128345951529,0.28731703358584249
E201_TxPert_whole_context,1519,0.254187644497398,0.30678924949622188
E201_TxPert_whole_context,1520,0.30932655438694207,0.32908314260606808
E201_TxPert_whole_context,1521,0.27959588425763027,0.30645743289488853
E201_TxPert_whole_context,1522,0.30198936337444954,0.31072980709702352
E201_TxPert_whole_context,1523,0.29605824546891302,0.28705579387887603
E201_TxPert_whole_context,1524,0.29065136550244158,0.26531007474434948
E201_TxPert_whole_context,1525,0.29690704920626165,0.2954593989814962
E201_TxPert_whole_context,1526,0.30549858945701391,0.3016331663797911
E201_TxPert_whole_context,1527,0.33520319541839927,0.34952744764245969
E201_TxPert_whole_context,1528,0.28767334432239755,0.29804685212735776
E201_TxPert_whole_context,1529,0.29556891723920709,0.28855143272458844
E201_TxPert_whole_context,1530,0.27483143940365989,0.27642212325144738
E201_TxPert_whole_context,1531,0.31556796553629884,0.32606759746490188
E201_TxPert_whole_context,1532,0.25450052580924026,0.2956112321017319
E201_TxPert_whole_context,1533,0.25255178769641462,0.27313198668551142
E201_TxPert_whole_context,1534,0.25289381591335158,0.26129104605843256
E201_TxPert_whole_context,1535,0.26757407481539464,0.27848870814080534
E201_TxPert_whole_context,1536,0.27357238160772512,0.27769563452211021
E201_TxPert_whole_context,1537,0.29076829216018407,0.31820864077341732
E201_TxPert_whole_context,1538,0.24241079692342266,0.26402560011732351
E201_TxPert_whole_context,1539,0.27530702165745019,0.29388470682621359
E201_TxPert_whole_context,1540,0.24464678444685545,0.27584088262478201
E201_TxPert_whole_context,1541,0.23727462096510449,0.26265048948879383
E201_TxPert_whole_context,1542,0.29844828791468803,0.30287959510922585
E201_TxPert_whole_context,1543,0.25899951848884961,0.25843231586778898
E201_TxPert_whole_context,1544,0.31452170051885692,0.3049327207282051
E201_TxPert_whole_context,1545,0.29973883236194143,0.32856646186220662
E201_TxPert_whole_context,1546,0.31412598748267984,0.30832221288053097
E201_TxPert_whole_context,1547,0.28757807947959568,0.31115326177257469
E201_TxPert_whole_context,1548,0.23724131385376485,0.28307550461551906
E201_TxPert_whole_context,1549,0.27471946037512085,0.28395984741463254
E201_TxPert_whole_context,1550,0.27502116627487672,0.30159325175079232
E201_TxPert_whole_context,1551,0.26855699888941331,0.27238519429545249
E201_TxPert_whole_context,1552,0.30057734022272575,0.32336560046112245
E201_TxPert_whole_context,1553,0.26931183173404144,0.29968559780669646
E201_TxPert_whole_context,1554,0.3050504901267187,0.3220625370220408
E201_TxPert_whole_context,1555,0.31103731534008677,0.30306761911347718
E201_TxPert_whole_context,1556,0.29955701047113914,0.28461936845793478
E201_TxPert_whole_context,1557,0.25767218206538267,0.25685456937515866
E201_TxPert_whole_context,1558,0.30453853932026742,0.30930351911907894
E201_TxPert_whole_context,1559,0.26116939986766752,0.30043415220247505
E201_TxPert_whole_context,1560,0.27045990204867498,0.27367320026322073
E201_TxPert_whole_context,1561,0.26369212164404615,0.28605318478030833
E201_TxPert_whole_context,1562,0.26386402835045586,0.27612139075467451
E201_TxPert_whole_context,1563,0.32117628748923599,0.32443669898020022
E201_TxPert_whole_context,1564,0.30672826423980876,0.31960988784158195
E201_TxPert_whole_context,1565,0.27307203700464838,0.28355428908642261
E201_TxPert_whole_context,1566,0.30863723602475518,0.30745711498030326
E201_TxPert_whole_context,1567,0.24554935085937263,0.27448883643514188
E201_TxPert_whole_context,1568,0.26215783241791879,0.27044633076550395
E201_TxPert_whole_context,1569,0.30994918869466032,0.30090187312146605
E201_TxPert_whole_context,1570,0.25563908303854088,0.28126645638550629
E201_TxPert_whole_context,1571,0.24379389836526791,0.2580742734080424
E201_TxPert_whole_context,1572,0.21989789041598332,0.24070790018541899
E201_TxPert_whole_context,1573,0.27757254660149222,0.30322191547293931
E201_TxPert_whole_context,1574,0.30112241766350922,0.30524907783843286
E201_TxPert_whole_context,1575,0.29927828870955964,0.28825956663631636
E201_TxPert_whole_context,1576,0.29891964183065228,0.29425050302747596
E201_TxPert_whole_context,1577,0.26822430418703391,0.31035113738403025
E201_TxPert_whole_context,1578,0.28570963268525723,0.2956457690940954
E201_TxPert_whole_context,1579,0.25127802373391139,0.26414649547610985
E201_TxPert_whole_context,1580,0.26513559512799939,0.28781808237987239
E201_TxPert_whole_context,1581,0.24317790481466048,0.27603415625962302
E201_TxPert_whole_context,1582,0.26529850732528998,0.31761009469459545
E201_TxPert_whole_context,1583,0.29182881895477236,0.31266577855257777
E201_TxPert_whole_context,1584,0.28245696009599558,0.29729546403065954
E201_TxPert_whole_context,1585,0.28874455785905029,0.30046160018053414
E201_TxPert_whole_context,1586,0.29110744400872884,0.31255773761408256
E201_TxPert_whole_context,1587,0.25197536266971277,0.29039469613751101
E201_TxPert_whole_context,1588,0.30090848212578075,0.32566082514399253
E201_TxPert_whole_context,1589,0.2710532917511882,0.32096369868966151
E201_TxPert_whole_context,1590,0.26745570095340299,0.28974376197619534
E201_TxPert_whole_context,1591,0.29090566334929074,0.33086748937959903
E201_TxPert_whole_context,1592,0.30257830012510384,0.31206577165537053
E201_TxPert_whole_context,1593,0.22931747993071191,0.27698603670024918
E201_TxPert_whole_context,1594,0.2628061096774168,0.26571583737350946
E201_TxPert_whole_context,1595,0.31059841739664967,0.33241636871620772
E201_TxPert_whole_context,1596,0.29828264094681245,0.29537264027283555
E201_TxPert_whole_context,1597,0.25184203681087997,0.25077062123259986
E201_TxPert_whole_context,1598,0.28766738596329017,0.32889046304950187
E201_TxPert_whole_context,1599,0.28379404809110775,0.28985030944499313
E201_TxPert_whole_context,1600,0.2389767422701414,0.25385850734600057
E201_TxPert_whole_context,1601,0.2446985918448977,0.26432536201839674
E201_TxPert_whole_context,1602,0.28453282815935854,0.32093410965917413
E201_TxPert_whole_context,1603,0.23672052652100245,0.27007127721209329
E201_TxPert_whole_context,1604,0.27525253727385451,0.31300759055502136
E201_TxPert_whole_context,1605,0.25326102576682596,0.2869772314330406
E201_TxPert_whole_context,1606,0.31623613310740145,0.32544907229193187
E201_TxPert_whole_context,1607,0.25757036610121131,0.29089859752001868
E201_TxPert_whole_context,1608,0.26068772143068253,0.26845882938270871
E201_TxPert_whole_context,1609,0.29079574662932622,0.3047704845838054
E201_TxPert_whole_context,1610,0.2658893831105853,0.28629758620236145
E201_TxPert_whole_context,1611,0.23160605049389527,0.25757366700272533
E201_TxPert_whole_context,1612,0.27253996071381559,0.28427984702533493
E201_TxPert_whole_context,1613,0.2940850570908527,0.29430396291370226
E201_TxPert_whole_context,1614,0.31328233875824868,0.31687213860516394
E201_TxPert_whole_context,1615,0.28272215035020626,0.2998856491545161
E201_TxPert_whole_context,1616,0.26770586233891891,0.24935930781880272
E201_TxPert_whole_context,1617,0.29270868856034482,0.31010031390658754
E201_TxPert_whole_context,1618,0.26323982897416626,0.26289736084746274
E201_TxPert_whole_context,1619,0.29523084861336085,0.30304730037319
E201_TxPert_whole_context,1620,0.27057260519150039,0.28617758268560439
E201_TxPert_whole_context,1621,0.28023804390132373,0.30901890822646394
E201_TxPert_whole_context,1622,0.31070857308815608,0.342088218141542
E201_TxPert_whole_context,1623,0.2777193078464204,0.31378309086908418
E201_TxPert_whole_context,1624,0.26555809389788915,0.28217864449065277
E201_TxPert_whole_context,1625,0.3308270132001298,0.33561413473706375
E201_TxPert_whole_context,1626,0.27707488026396559,0.2871602071710101
E201_TxPert_whole_context,1627,0.30134188583902477,0.33211597269158355
E201_TxPert_whole_context,1628,0.25309996052213551,0.266590027070846
E201_TxPert_whole_context,1629,0.30107152743440485,0.30252318222572794
E201_TxPert_whole_context,1630,0.27501041282992511,0.29911234615219029
E201_TxPert_whole_context,1631,0.26453361840291117,0.28482488833982067
E201_TxPert_whole_context,1632,0.29024972343205729,0.29328265014631671
E201_TxPert_whole_context,1633,0.30290598138319214,0.33317457027708702
E201_TxPert_whole_context,1634,0.28870683922721763,0.32385713886790646
E201_TxPert_whole_context,1635,0.24886697080455583,0.284992935785438
E201_TxPert_whole_context,1636,0.25331968536435612,0.30985029131512731
E201_TxPert_whole_context,1637,0.29342959117938822,0.31469739574395106
E201_TxPert_whole_context,1638,0.29771197245397951,0.30363068867954207
E201_TxPert_whole_context,1639,0.33883131600497474,0.35008129107318681
E201_TxPert_whole_context,1640,0.29597128638085979,0.31217763623709061
E201_TxPert_whole_context,1641,0.2663873388805289,0.29480768742282532
E201_TxPert_whole_context,1642,0.28233076110578736,0.3168518170390679
E201_TxPert_whole_context,1643,0.31620111657301575,0.3279177728487444
E201_TxPert_whole_context,1644,0.26576507034834529,0.28845535892718088
E201_TxPert_whole_context,1645,0.30491723117260916,0.31396377805467712
E201_TxPert_whole_context,1646,0.32033943450034125,0.33514511131392011
E201_TxPert_whole_context,1647,0.2932161413351726,0.32634793978515725
E201_TxPert_whole_context,1648,0.3076436929891449,0.32509758972490521
E201_TxPert_whole_context,1649,0.25984233570108778,0.28056724352852852
E201_TxPert_whole_context,1650,0.28899751291969139,0.30581595516756188
E201_TxPert_whole_context,1651,0.26612817618704737,0.29726473720211921
E201_TxPert_whole_context,1652,0.30748379238937573,0.32188895270167295
E201_TxPert_whole_context,1653,0.25453601737488063,0.26020658476161884
E201_TxPert_whole_context,1654,0.28150908556700449,0.32439320929372695
E201_TxPert_whole_context,1655,0.31403997559924463,0.31238657279124227
E201_TxPert_whole_context,1656,0.27914143248449591,0.29687437024765684
E201_TxPert_whole_context,1657,0.28067713056997834,0.29033707659485097
E201_TxPert_whole_context,1658,0.2787628176347739,0.28264715997025319
E201_TxPert_whole_context,1659,0.25253834334182013,0.25576926073473266
E201_TxPert_whole_context,1660,0.2461066420304644,0.24847682459469422
E201_TxPert_whole_context,1661,0.27036033896249234,0.26497312190429539
E201_TxPert_whole_context,1662,0.28089189394291381,0.30293710492979081
E201_TxPert_whole_context,1663,0.3016132680996389,0.31077429941823842
E201_TxPert_whole_context,1664,0.29337948664722041,0.30313366602266856
E201_TxPert_whole_context,1665,0.31575764962059888,0.35113803358087181
E201_TxPert_whole_context,1666,0.29461349808084214,0.2802771042290797
E201_TxPert_whole_context,1667,0.28089750223430421,0.30032358955399063
E201_TxPert_whole_context,1668,0.29640324515542055,0.29435073725514366
E201_TxPert_whole_context,1669,0.27105769289179255,0.33132726888945735
E201_TxPert_whole_context,1670,0.32102507021355509,0.33341328631354589
E201_TxPert_whole_context,1671,0.3139114173371248,0.35020632805206092
E201_TxPert_whole_context,1672,0.22587420829136978,0.26805202437077152
E201_TxPert_whole_context,1673,0.27740019413961364,0.31131542303983373
E201_TxPert_whole_context,1674,0.29058403740270089,0.26557726928023717
E201_TxPert_whole_context,1675,0.27054195284864296,0.25947590104118717
E201_TxPert_whole_context,1676,0.26933727094676518,0.30551214305658536
E201_TxPert_whole_context,1677,0.2956558178675826,0.2916042725647342
E201_TxPert_whole_context,1678,0.26938401775471599,0.30805986830228993
E201_TxPert_whole_context,1679,0.24330438165932272,0.24052994553962131
E201_TxPert_whole_context,1680,0.23731329698955636,0.25406043510793508
E201_TxPert_whole_context,1681,0.2651090327548194,0.28489535131389088
E201_TxPert_whole_context,1682,0.26378456272572315,0.27194192160006175
E201_TxPert_whole_context,1683,0.26495185508736646,0.2807531023450523
E201_TxPert_whole_context,1684,0.3076782381052468,0.31795505604568081
E201_TxPert_whole_context,1685,0.27900321843312875,0.29044269261068151
E201_TxPert_whole_context,1686,0.28951949773880747,0.30666003097619859
E201_TxPert_whole_context,1687,0.25050392707677388,0.27871092370614448
E201_TxPert_whole_context,1688,0.25573725779301482,0.26918299124699685
E201_TxPert_whole_context,1689,0.26722927419866727,0.30379449487403387
E201_TxPert_whole_context,1690,0.26637934919318607,0.2902327031496964
E201_TxPert_whole_context,1691,0.23608245471622849,0.26433475981692184
E201_TxPert_whole_context,1692,0.29495815711161205,0.29717497193062203
E201_TxPert_whole_context,1693,0.25230165101983404,0.28133209858731789
E201_TxPert_whole_context,1694,0.30378456304573254,0.29298153241861769
E201_TxPert_whole_context,1695,0.31530632293259775,0.31637148182771652
E201_TxPert_whole_context,1696,0.30054795560708281,0.28456310272325275
E201_TxPert_whole_context,1697,0.20966869157337129,0.22222222069127257
E201_TxPert_whole_context,1698,0.28009462267795693,0.30735999469281794
E201_TxPert_whole_context,1699,0.29582979002780441,0.2989146671674372
E201_TxPert_whole_context,1700,0.22964995757573409,0.2310675903054154
E201_TxPert_whole_context,1701,0.26232762023486672,0.30093245378555356
E201_TxPert_whole_context,1702,0.30710693653366172,0.34375966425791821
E201_TxPert_whole_context,1703,0.28133434712186078,0.30605431971753633
E201_TxPert_whole_context,1704,0.27119758047012466,0.27032009820290526
E201_TxPert_whole_context,1705,0.27744701160687107,0.28697341550931071
E201_TxPert_whole_context,1706,0.32354007924190087,0.34516054423274856
E201_TxPert_whole_context,1707,0.29195433857910363,0.31552277021720454
E201_TxPert_whole_context,1708,0.27069838281396308,0.30853751474608193
E201_TxPert_whole_context,1709,0.27800693226896467,0.29620264704084387
E201_TxPert_whole_context,1710,0.28713313131431517,0.3279231648249521
E201_TxPert_whole_context,1711,0.29553723461125636,0.30880465300845916
E201_TxPert_whole_context,1712,0.27644879845944803,0.29579569754614077
E201_TxPert_whole_context,1713,0.26614932281192111,0.29015691288254064
E201_TxPert_whole_context,1714,0.26377713804199854,0.27216685368038496
E201_TxPert_whole_context,1715,0.30212962152385381,0.29523580449962938
E201_TxPert_whole_context,1716,0.29413049073794728,0.31695355662493785
E201_TxPert_whole_context,1717,0.26681092768671261,0.28807594896074096
E201_TxPert_whole_context,1718,0.27664647085679295,0.30798357696470735
E201_TxPert_whole_context,1719,0.28993893244112551,0.29833460475960732
E201_TxPert_whole_context,1720,0.29336114328871937,0.32528307340095614
E201_TxPert_whole_context,1721,0.2362537020407546,0.25749742579250406
E201_TxPert_whole_context,1722,0.26864528220639661,0.286312637648658
E201_TxPert_whole_context,1723,0.26280627605311974,0.28706866959323418
E201_TxPert_whole_context,1724,0.30771143873052687,0.29842990973348549
E201_TxPert_whole_context,1725,0.23276931804621623,0.27968568758103191
E201_TxPert_whole_context,1726,0.3146375759511118,0.32326248329217927
E201_TxPert_whole_context,1727,0.25163089787033832,0.25579365399130938
E201_TxPert_whole_context,1728,0.2360252206488121,0.25046994865998484
E201_TxPert_whole_context,1729,0.27663234969737166,0.26522853591067863
E201_TxPert_whole_context,1730,0.27755835211226038,0.30285733441332974
E201_TxPert_whole_context,1731,0.29214061222245868,0.30484767930537698
E201_TxPert_whole_context,1732,0.29048380269433166,0.30918944415220373
E201_TxPert_whole_context,1733,0.29779523272795622,0.30495725998521578
E201_TxPert_whole_context,1734,0.28398451366329963,0.30836764904143243
E201_TxPert_whole_context,1735,0.26875011452628078,0.30480011609044039
E201_TxPert_whole_context,1736,0.33320257265952563,0.34531260169449035
E201_TxPert_whole_context,1737,0.24416040821372284,0.27402885819047262
E201_TxPert_whole_context,1738,0.29697741936260613,0.32130611186676578
E201_TxPert_whole_context,1739,0.30043154409097167,0.3068307387951662
E201_TxPert_whole_context,1740,0.27162129206218133,0.293626762313975
E201_TxPert_whole_context,1741,0.27019888567427419,0.27355283146741627
E201_TxPert_whole_context,1742,0.3107034322469811,0.34470985813738797
E201_TxPert_whole_context,1743,0.27416073222190029,0.29310756012843053
E201_TxPert_whole_context,1744,0.21234651014590367,0.25994609726113366
E201_TxPert_whole_context,1745,0.30788452068842426,0.32944527316709382
E201_TxPert_whole_context,1746,0.26550171119307237,0.29030650065377539
E201_TxPert_whole_context,1747,0.2805621907590149,0.29013757934144258
E201_TxPert_whole_context,1748,0.32625837979524236,0.33348315813141294
E201_TxPert_whole_context,1749,0.29595945534606871,0.29805228990113591
E201_TxPert_whole_context,1750,0.28612884154938883,0.29046615676740539
E201_TxPert_whole_context,1751,0.26448331050112328,0.30258672364252115
E201_TxPert_whole_context,1752,0.28020912492548011,0.29394468626772452
E201_TxPert_whole_context,1753,0.31153877130986801,0.3579834762012104
E201_TxPert_whole_context,1754,0.28215947428437171,0.31323637621506434
E201_TxPert_whole_context,1755,0.29807567363011844,0.32358893178973847
E201_TxPert_whole_context,1756,0.31097359070848529,0.34391205011693343
E201_TxPert_whole_context,1757,0.27712550267182956,0.29686941620505303
E201_TxPert_whole_context,1758,0.30227583179251827,0.29260175540457539
E201_TxPert_whole_context,1759,0.27682588518256812,0.28635942777466128
E201_TxPert_whole_context,1760,0.31482337685770451,0.33677625147055079
E201_TxPert_whole_context,1761,0.27447215526204632,0.30025847115516513
E201_TxPert_whole_context,1762,0.29515946654355474,0.30931609810567279
E201_TxPert_whole_context,1763,0.28768540712222462,0.30084388875728213
E201_TxPert_whole_context,1764,0.26468952826470327,0.30045544023862475
E201_TxPert_whole_context,1765,0.26117334756858823,0.28604673507782952
E201_TxPert_whole_context,1766,0.29106926165729313,0.31397086063285268
E201_TxPert_whole_context,1767,0.26663550352985499,0.27986386185059658
E201_TxPert_whole_context,1768,0.24211277957829469,0.27004105015207858
E201_TxPert_whole_context,1769,0.27637713596806485,0.30549304274438122
E201_TxPert_whole_context,1770,0.32354172226317929,0.33922991916268375
E201_TxPert_whole_context,1771,0.29851416753900939,0.3039166023793255
E201_TxPert_whole_context,1772,0.28741287577749014,0.2886650543033305
E201_TxPert_whole_context,1773,0.30010307666479846,0.32224224553132974
E201_TxPert_whole_context,1774,0.28975328928091493,0.31565039717598187
E201_TxPert_whole_context,1775,0.26328547864970969,0.305215990026662
E201_TxPert_whole_context,1776,0.28563267366547151,0.3037033276371694
E201_TxPert_whole_context,1777,0.28364975175755219,0.2958864731466091
E201_TxPert_whole_context,1778,0.2621533319817394,0.28903251968640697
E201_TxPert_whole_context,1779,0.28473412777553309,0.30437100415878349
E201_TxPert_whole_context,1780,0.24811473053497718,0.2757708333180553
E201_TxPert_whole_context,1781,0.27008368963877522,0.28446510145491599
E201_TxPert_whole_context,1782,0.2811359004859435,0.32305591376598508
E201_TxPert_whole_context,1783,0.30515020552673472,0.32887593471428878
E201_TxPert_whole_context,1784,0.27003119338574222,0.29653841741583709
E201_TxPert_whole_context,1785,0.24972197324070466,0.27442998124809176
E201_TxPert_whole_context,1786,0.29186011501841103,0.3267740464024414
E201_TxPert_whole_context,1787,0.27322152455403903,0.27833555826399914
E201_TxPert_whole_context,1788,0.29183792829940136,0.30264074935157631
E201_TxPert_whole_context,1789,0.27939760726335749,0.30612888169646169
E201_TxPert_whole_context,1790,0.31615499085467685,0.32674698858100298
E201_TxPert_whole_context,1791,0.24238311186859554,0.27001190268485908
E201_TxPert_whole_context,1792,0.27502675801215126,0.3042146018476295
E201_TxPert_whole_context,1793,0.28224390235575736,0.27717251559668243
E201_TxPert_whole_context,1794,0.30136951220645053,0.31079813785178212
E201_TxPert_whole_context,1795,0.26427977878160291,0.27917826224925713
E201_TxPert_whole_context,1796,0.27153517070054023,0.29422518494988914
E201_TxPert_whole_context,1797,0.26402762063737628,0.27401637110904703
E201_TxPert_whole_context,1798,0.29159990215434756,0.28037581154092084
E201_TxPert_whole_context,1799,0.31762807327447773,0.31897240037439767
E201_TxPert_whole_context,1800,0.24131789094838951,0.28410328893031239
E201_TxPert_whole_context,1801,0.27877407387682263,0.29901529864551113
E201_TxPert_whole_context,1802,0.25727821400517425,0.28009417978258189
E201_TxPert_whole_context,1803,0.24819283782325519,0.28168558579781877
E201_TxPert_whole_context,1804,0.25105750332879634,0.28007003554713339
E201_TxPert_whole_context,1805,0.24227563235313399,0.27616507735650675
E201_TxPert_whole_context,1806,0.25741315255125197,0.26450396409384652
E201_TxPert_whole_context,1807,0.28163994797955705,0.2835380257675415
E201_TxPert_whole_context,1808,0.2662833812299788,0.29893987720224702
E201_TxPert_whole_context,1809,0.27344676089029996,0.24758710702240111
E201_TxPert_whole_context,1810,0.32773455344797231,0.32689509384593057
E201_TxPert_whole_context,1811,0.30274010075268021,0.30228254468563043
E201_TxPert_whole_context,1812,0.26183292949090475,0.27628188471142634
E201_TxPert_whole_context,1813,0.25169069706847497,0.2745699376499296
E201_TxPert_whole_context,1814,0.30585638656315806,0.30696664359016218
E201_TxPert_whole_context,1815,0.35115468219531498,0.37511042258589289
E201_TxPert_whole_context,1816,0.27090411097247014,0.29340960942129424
E201_TxPert_whole_context,1817,0.29230904275129976,0.2961939066188326
E201_TxPert_whole_context,1818,0.2904755841133761,0.31496560578367255
E201_TxPert_whole_context,1819,0.25240600137173813,0.2809967163015219
E201_TxPert_whole_context,1820,0.27823526474766214,0.30111887597538106
E201_TxPert_whole_context,1821,0.26362146551400117,0.29768334798029816
E201_TxPert_whole_context,1822,0.26548716694382324,0.30442418108806724
E201_TxPert_whole_context,1823,0.29050643125361675,0.30479125154462883
E201_TxPert_whole_context,1824,0.27374117507505014,0.2893576383370251
E201_TxPert_whole_context,1825,0.25744140052088033,0.27351709360244991
E201_TxPert_whole_context,1826,0.30480141824873341,0.29474900807371718
E201_TxPert_whole_context,1827,0.32261406263592851,0.3356038217390655
E201_TxPert_whole_context,1828,0.290127964780174,0.28835239867815998
E201_TxPert_whole_context,1829,0.2948680761800847,0.29875516300037797
E201_TxPert_whole_context,1830,0.25828368636056709,0.29028352530509205
E201_TxPert_whole_context,1831,0.32043293469064504,0.31434364556039684
E201_TxPert_whole_context,1832,0.27859439692913968,0.2948166658239264
E201_TxPert_whole_context,1833,0.27213650214387075,0.28401781207793597
E201_TxPert_whole_context,1834,0.27457686042614016,0.29113689071950449
E201_TxPert_whole_context,1835,0.30572993415371458,0.31377261201855328
E201_TxPert_whole_context,1836,0.3045974786645278,0.31844061357466447
E201_TxPert_whole_context,1837,0.27760893027529143,0.33203757591338828
E201_TxPert_whole_context,1838,0.2877244861116488,0.29839704337587281
E201_TxPert_whole_context,1839,0.29339501197149592,0.28826531962113905
E201_TxPert_whole_context,1840,0.24337108506107197,0.26949089653188418
E201_TxPert_whole_context,1841,0.30183987561482084,0.30207381319465554
E201_TxPert_whole_context,1842,0.2604323177778789,0.31629497698284592
E201_TxPert_whole_context,1843,0.25797603195058488,0.27001205151786012
E201_TxPert_whole_context,1844,0.28431301908542594,0.32587877004829086
E201_TxPert_whole_context,1845,0.28094243387873347,0.31650556190226797
E201_TxPert_whole_context,1846,0.30307011830657926,0.33139337814193137
E201_TxPert_whole_context,1847,0.33372122950638616,0.3298764191945972
E201_TxPert_whole_context,1848,0.27525193442953233,0.27917307773286787
E201_TxPert_whole_context,1849,0.27072386889967404,0.26944367025805943
E201_TxPert_whole_context,1850,0.30239473559084562,0.3038066292811058
E201_TxPert_whole_context,1851,0.27926125436934507,0.30737897633946881
E201_TxPert_whole_context,1852,0.26643400576149195,0.29240174811421682
E201_TxPert_whole_context,1853,0.30064522862886239,0.31331753695987374
E201_TxPert_whole_context,1854,0.28564141355728401,0.28848944744485278
E201_TxPert_whole_context,1855,0.28321474103984501,0.2966560607848745
E201_TxPert_whole_context,1856,0.30352098079842227,0.28798061676096576
E201_TxPert_whole_context,1857,0.25375938608865101,0.28029766030847925
E201_TxPert_whole_context,1858,0.29449881969707609,0.29471192600776375
E201_TxPert_whole_context,1859,0.28608484231546955,0.28911004697498743
E201_TxPert_whole_context,1860,0.25090859284695133,0.27058490051842465
E201_TxPert_whole_context,1861,0.25671283096622832,0.28482720240126236
E201_TxPert_whole_context,1862,0.2789902125145523,0.3101948579070406
E201_TxPert_whole_context,1863,0.29033120702635329,0.28283847920442529
E201_TxPert_whole_context,1864,0.26068582109772676,0.26261046802731969
E201_TxPert_whole_context,1865,0.22685159650943382,0.24735276613287133
E201_TxPert_whole_context,1866,0.27148183917555158,0.280337276844004
E201_TxPert_whole_context,1867,0.30379576902094407,0.31706977045194124
E201_TxPert_whole_context,1868,0.25172129944465771,0.28808862716284156
E201_TxPert_whole_context,1869,0.24018452939477711,0.2889497476546104
E201_TxPert_whole_context,1870,0.26355117826172253,0.29748448583658099
E201_TxPert_whole_context,1871,0.28226651224074739,0.28691222135535355
E201_TxPert_whole_context,1872,0.28662165331641465,0.30168172318231201
E201_TxPert_whole_context,1873,0.28649105813257392,0.29614194501943053
E201_TxPert_whole_context,1874,0.31259497893508048,0.32660301846244166
E201_TxPert_whole_context,1875,0.24117901111721324,0.25293744243234439
E201_TxPert_whole_context,1876,0.31371815275692322,0.34628153938926209
E201_TxPert_whole_context,1877,0.26261531783266895,0.28794720205684399
E201_TxPert_whole_context,1878,0.27924694046599413,0.28999855382125117
E201_TxPert_whole_context,1879,0.27191193112426121,0.28520033211686657
E201_TxPert_whole_context,1880,0.30951207473752218,0.32151100047962961
E201_TxPert_whole_context,1881,0.26969387154428676,0.31885949522523777
E201_TxPert_whole_context,1882,0.28961949537536646,0.28717453395317966
E201_TxPert_whole_context,1883,0.27422274825934456,0.3120730478437268
E201_TxPert_whole_context,1884,0.27922508381583722,0.28217836882043712
E201_TxPert_whole_context,1885,0.2569216791143481,0.29583085533989606
E201_TxPert_whole_context,1886,0.27925621104836118,0.2978460698157494
E201_TxPert_whole_context,1887,0.26168717124550744,0.28952914250154466
E201_TxPert_whole_context,1888,0.27265261396398133,0.30037044387843986
E201_TxPert_whole_context,1889,0.27509253977933634,0.2702397479063724
E201_TxPert_whole_context,1890,0.30447909222087055,0.3143616892698593
E201_TxPert_whole_context,1891,0.29871362614996083,0.29906999903530812
E201_TxPert_whole_context,1892,0.29104459606549027,0.29790529296021062
E201_TxPert_whole_context,1893,0.3196930380299905,0.33380717151121819
E201_TxPert_whole_context,1894,0.29306167053422127,0.33564224353404437
E201_TxPert_whole_context,1895,0.28688441242960488,0.30282603558348231
E201_TxPert_whole_context,1896,0.303002386374149,0.30765671769308378
E201_TxPert_whole_context,1897,0.25162058888263922,0.27064327670358557
E201_TxPert_whole_context,1898,0.28496959243885217,0.2912276188788383
E201_TxPert_whole_context,1899,0.27873553949406332,0.29526669094025038
E201_TxPert_whole_context,1900,0.29486174832407525,0.29043884566941808
E201_TxPert_whole_context,1901,0.30012068233312361,0.29962136504515374
E201_TxPert_whole_context,1902,0.27774253405345822,0.30383708603748283
E201_TxPert_whole_context,1903,0.27627123843517593,0.28007337968249768
E201_TxPert_whole_context,1904,0.2759806677629103,0.29725002509239445
E201_TxPert_whole_context,1905,0.29187576049524072,0.29031116833712067
E201_TxPert_whole_context,1906,0.2585064389015197,0.26185092405268917
E201_TxPert_whole_context,1907,0.29551015380027934,0.31218273301276472
E201_TxPert_whole_context,1908,0.27321638498794798,0.28983883227147911
E201_TxPert_whole_context,1909,0.23974213417769585,0.24286144609744001
E201_TxPert_whole_context,1910,0.29331801777861199,0.2971875675236646
E201_TxPert_whole_context,1911,0.30170134187715864,0.2963017900088854
E201_TxPert_whole_context,1912,0.31910656380347235,0.32959879681663196
E201_TxPert_whole_context,1913,0.27547207321680478,0.31129299613295519
E201_TxPert_whole_context,1914,0.29272296904947026,0.29069782603342043
E201_TxPert_whole_context,1915,0.31528398016688236,0.32519844741547105
E201_TxPert_whole_context,1916,0.30485324304428141,0.29862796945979297
E201_TxPert_whole_context,1917,0.24282083278380642,0.25528652211542113
E201_TxPert_whole_context,1918,0.27591206048679467,0.2887052750787219
E201_TxPert_whole_context,1919,0.24196863438054469,0.27169185825878234
E201_TxPert_whole_context,1920,0.30151306553742635,0.28624476203430083
E201_TxPert_whole_context,1921,0.2725508364028334,0.30793481374668263
E201_TxPert_whole_context,1922,0.2736634957494225,0.30301615734365656
E201_TxPert_whole_context,1923,0.32177728502751629,0.3387185436222645
E201_TxPert_whole_context,1924,0.26648622113210091,0.27800149669363022
E201_TxPert_whole_context,1925,0.27633251441651141,0.30011950823036315
E201_TxPert_whole_context,1926,0.24368357590345116,0.29961248302265786
E201_TxPert_whole_context,1927,0.28009315799211842,0.29055294085912148
E201_TxPert_whole_context,1928,0.290440192888827,0.32591285710599771
E201_TxPert_whole_context,1929,0.30551844867792111,0.31483752454820768
E201_TxPert_whole_context,1930,0.28100369790898039,0.27592676282918582
E201_TxPert_whole_context,1931,0.27174989589446547,0.26789587248986335
E201_TxPert_whole_context,1932,0.29449297163121535,0.30824107937699996
E201_TxPert_whole_context,1933,0.26967062472269376,0.30016127466469456
E201_TxPert_whole_context,1934,0.27180186583773419,0.31043780671685406
E201_TxPert_whole_context,1935,0.31349118703762463,0.3342291682456166
E201_TxPert_whole_context,1936,0.27099434470026323,0.28867912821091318
E201_TxPert_whole_context,1937,0.25545486435070314,0.27897118565993306
E201_TxPert_whole_context,1938,0.31559742803502644,0.30357689575286789
E201_TxPert_whole_context,1939,0.26522736459187252,0.28719836564893858
E201_TxPert_whole_context,1940,0.29644595071056828,0.32280214410994629
E201_TxPert_whole_context,1941,0.28609223966833203,0.2976634064133673
E201_TxPert_whole_context,1942,0.31986680544154855,0.32030233866871582
E201_TxPert_whole_context,1943,0.28715481721840586,0.32279761175310939
E201_TxPert_whole_context,1944,0.29515497379304023,0.30318737178747746
E201_TxPert_whole_context,1945,0.27681780633414116,0.28919213930048904
E201_TxPert_whole_context,1946,0.26778228492232781,0.27971722837028112
E201_TxPert_whole_context,1947,0.27352299437230548,0.30661858893882732
E201_TxPert_whole_context,1948,0.27762377740781108,0.2874516537739335
E201_TxPert_whole_context,1949,0.28603669257466718,0.27180906071039246
E201_TxPert_whole_context,1950,0.25455951733932991,0.29370346411323089
E201_TxPert_whole_context,1951,0.24805460036184834,0.26199716405606849
E201_TxPert_whole_context,1952,0.31371694941929473,0.30860677494541228
E201_TxPert_whole_context,1953,0.31047831161600348,0.33861008203420295
E201_TxPert_whole_context,1954,0.26937218296428189,0.30766167920106358
E201_TxPert_whole_context,1955,0.28045545308609143,0.31743427918376121
E201_TxPert_whole_context,1956,0.25504311954438019,0.26961074721084138
E201_TxPert_whole_context,1957,0.2919510558840499,0.31390690647069452
E201_TxPert_whole_context,1958,0.29190602768280866,0.30119151486020346
E201_TxPert_whole_context,1959,0.32119156679119976,0.33989025779557047
E201_TxPert_whole_context,1960,0.2358270757700219,0.28604687352081759
E201_TxPert_whole_context,1961,0.30281088078426788,0.3066639707876615
E201_TxPert_whole_context,1962,0.29383408899831337,0.30013885319573125
E201_TxPert_whole_context,1963,0.26258603156847643,0.26132854875331413
E201_TxPert_whole_context,1964,0.23219167670955404,0.24625869294039229
E201_TxPert_whole_context,1965,0.28601037852932132,0.29286823149518248
E201_TxPert_whole_context,1966,0.30707113612643178,0.30198104708602025
E201_TxPert_whole_context,1967,0.3284333877807985,0.34023507800978342
E201_TxPert_whole_context,1968,0.28077513518480113,0.31789037164095724
E201_TxPert_whole_context,1969,0.27919652189125554,0.28896853210128731
E201_TxPert_whole_context,1970,0.30584539094619362,0.29535332858068325
E201_TxPert_whole_context,1971,0.30865438328145789,0.33545502261000826
E201_TxPert_whole_context,1972,0.28806515983952558,0.29248645695255165
E201_TxPert_whole_context,1973,0.26839425141035916,0.28336481664227525
E201_TxPert_whole_context,1974,0.29426741410309581,0.30446220787830142
E201_TxPert_whole_context,1975,0.27679948479595029,0.27852949261316629
E201_TxPert_whole_context,1976,0.2707122553397095,0.31541684251402047
E201_TxPert_whole_context,1977,0.30093883110759673,0.32196061843151103
E201_TxPert_whole_context,1978,0.32813044152195392,0.34267120808621448
E201_TxPert_whole_context,1979,0.24023338116191276,0.25730017040964193
E201_TxPert_whole_context,1980,0.26294821525906409,0.29004519781454596
E201_TxPert_whole_context,1981,0.34926604909924686,0.35099888391369616
E201_TxPert_whole_context,1982,0.28548953973656843,0.30418390678379187
E201_TxPert_whole_context,1983,0.30794740942625615,0.31971811920523269
E201_TxPert_whole_context,1984,0.27495411765121747,0.28741725000083496
E201_TxPert_whole_context,1985,0.27393476162048691,0.2872809470332946
E201_TxPert_whole_context,1986,0.27569912192017221,0.28173096802020114
E201_TxPert_whole_context,1987,0.31399864733457528,0.31645691153969518
E201_TxPert_whole_context,1988,0.26549823058586886,0.27089114966192585
E201_TxPert_whole_context,1989,0.29157223952575761,0.33460815438733388
E201_TxPert_whole_context,1990,0.26179907443200312,0.28946245130441395
E201_TxPert_whole_context,1991,0.27785820422677265,0.30104218832173557
E201_TxPert_whole_context,1992,0.31007663299091043,0.34664788603069036
E201_TxPert_whole_context,1993,0.34031112294777677,0.3395603812466586
E201_TxPert_whole_context,1994,0.30805049654424199,0.31676461148966351
E201_TxPert_whole_context,1995,0.24728472483881472,0.26249022793270038
E201_TxPert_whole_context,1996,0.27628433837115951,0.2760566584514883
E201_TxPert_whole_context,1997,0.29049177590266406,0.3020198099814384
E201_TxPert_whole_context,1998,0.27939954550607199,0.28119167307792314
E201_TxPert_whole_context,1999,0.28477785359248592,0.29634836727491853
E153_genetic_8study,0,0.17789760803937774,0.14321461733549112
E153_genetic_8study,1,0.15727647885805335,0.10906536863860627
E153_genetic_8study,2,0.2208512278698895,0.2239291478193447
E153_genetic_8study,3,0.19534559422579872,0.10767046558231902
E153_genetic_8study,4,0.18537830197864563,0.16789322853534699
E153_genetic_8study,5,0.18552235202489603,0.17892639840482305
E153_genetic_8study,6,0.16389955929998556,0.1540961204097363
E153_genetic_8study,7,0.17717147028529454,0.19768415142074852
E153_genetic_8study,8,0.13272300364696948,0.12934577346195764
E153_genetic_8study,9,0.13043462782506654,0.11123575225653426
E153_genetic_8study,10,0.15578132959173133,0.17016582420189807
E153_genetic_8study,11,0.17430046719882766,0.14590367953247385
E153_genetic_8study,12,0.14288699501642232,0.12612535411002107
E153_genetic_8study,13,0.14492070378534241,0.10541898785864075
E153_genetic_8study,14,0.14371336609554219,0.14324369612622564
E153_genetic_8study,15,0.11826010580471528,0.11502809460011304
E153_genetic_8study,16,0.14033289848952846,0.1303097936092478
E153_genetic_8study,17,0.12839127732990011,0.078349839479034025
E153_genetic_8study,18,0.21039240841051077,0.18005359918118163
E153_genetic_8study,19,0.17084661370246523,0.12161089690031235
E153_genetic_8study,20,0.14129737970637218,0.12151469610027525
E153_genetic_8study,21,0.11223338335503498,0.14516978052596008
E153_genetic_8study,22,0.13141917001471712,0.11002486442951862
E153_genetic_8study,23,0.15743600201292224,0.14910088332966781
E153_genetic_8study,24,0.18534107458426413,0.19154818407492755
E153_genetic_8study,25,0.16372899111187153,0.15522246580491605
E153_genetic_8study,26,0.18850685296874375,0.16615603241641866
E153_genetic_8study,27,0.16739290734632237,0.1228358517251382
E153_genetic_8study,28,0.15758857642641855,0.14545041726049401
E153_genetic_8study,29,0.15274162663848262,0.11638228322269971
E153_genetic_8study,30,0.15882115483240433,0.13335038923488668
E153_genetic_8study,31,0.1482841296464156,0.11917860640526251
E153_genetic_8study,32,0.14449700780820438,0.15107447853853362
E153_genetic_8study,33,0.19586785293747627,0.21108289074876593
E153_genetic_8study,34,0.15725114677376095,0.11789608568941527
E153_genetic_8study,35,0.1372888537122566,0.099299343043697141
E153_genetic_8study,36,0.14833371578468824,0.13063466707425869
E153_genetic_8study,37,0.14005159658646904,0.11971984389628716
E153_genetic_8study,38,0.16547741953779274,0.12686014846601787
E153_genetic_8study,39,0.15846374961415516,0.10124177723860542
E153_genetic_8study,40,0.16855289668801246,0.14975893021732836
E153_genetic_8study,41,0.14472020264449575,0.12683453654978391
E153_genetic_8study,42,0.15449162567593011,0.1325554702562439
E153_genetic_8study,43,0.16023355777558096,0.10366221247540625
E153_genetic_8study,44,0.13887591759386428,0.14189215075745845
E153_genetic_8study,45,0.14565809710063088,0.13674840880427699
E153_genetic_8study,46,0.13967238994787134,0.12584178488909237
E153_genetic_8study,47,0.15457117887310781,0.15694462032913731
E153_genetic_8study,48,0.18229698308634484,0.17499661096708255
E153_genetic_8study,49,0.14377918016024599,0.14687091008010256
E153_genetic_8study,50,0.18015763468785201,0.15375688408741878
E153_genetic_8study,51,0.14959396844712564,0.14098298292003397
E153_genetic_8study,52,0.18801201310229121,0.16766642315052116
E153_genetic_8study,53,0.14499593052807858,0.15477891864549945
E153_genetic_8study,54,0.15760046884473328,0.14320221976680908
E153_genetic_8study,55,0.15597363859974461,0.16470538321401534
E153_genetic_8study,56,0.1600332596408503,0.17449882262998789
E153_genetic_8study,57,0.18536731008807017,0.15161529119750625
E153_genetic_8study,58,0.17845455229887935,0.14069484564271678
E153_genetic_8study,59,0.1462469766694704,0.11596075430298609
E153_genetic_8study,60,0.14999870642402507,0.15885832628678279
E153_genetic_8study,61,0.15667100439405837,0.16626313373181978
E153_genetic_8study,62,0.14131093935583539,0.12584782726818539
E153_genetic_8study,63,0.174290510951427,0.15320116253498633
E153_genetic_8study,64,0.15197990888079832,0.14689367845820051
E153_genetic_8study,65,0.15430227946861558,0.1063394316375405
E153_genetic_8study,66,0.14431664670120042,0.13123293333052785
E153_genetic_8study,67,0.16939620141066666,0.15404513495386274
E153_genetic_8study,68,0.16739861943659889,0.16876570075744202
E153_genetic_8study,69,0.14960042735641546,0.15940094010495398
E153_genetic_8study,70,0.18474376544286827,0.16443392133171786
E153_genetic_8study,71,0.18295183668762774,0.15486331823244837
E153_genetic_8study,72,0.17099808588822962,0.14962417429611766
E153_genetic_8study,73,0.15922662392833148,0.14630523300111234
E153_genetic_8study,74,0.13249937572329618,0.13847477789482404
E153_genetic_8study,75,0.2071801307402743,0.17828193300099751
E153_genetic_8study,76,0.21929630256794602,0.17178157849263581
E153_genetic_8study,77,0.17002691183341623,0.16416915450095287
E153_genetic_8study,78,0.11397311541989108,0.12679499598142296
E153_genetic_8study,79,0.1919860124253091,0.18517492724833862
E153_genetic_8study,80,0.12597658583293136,0.11777426192071387
E153_genetic_8study,81,0.146436868594366,0.15995433939437864
E153_genetic_8study,82,0.18105609144707466,0.13990387619264771
E153_genetic_8study,83,0.13943875646235609,0.12154444299248918
E153_genetic_8study,84,0.16856818121192596,0.14695107404050278
E153_genetic_8study,85,0.11194515237985628,0.10231925604730364
E153_genetic_8study,86,0.14429157756419891,0.13285375493689427
E153_genetic_8study,87,0.18796420467157171,0.14282245249796138
E153_genetic_8study,88,0.19822489299875429,0.18702919989895317
E153_genetic_8study,89,0.19547730561858451,0.16562996973248645
E153_genetic_8study,90,0.15692026775523824,0.1381588280766117
E153_genetic_8study,91,0.13448379221004617,0.10192151302558368
E153_genetic_8study,92,0.18474331435957325,0.14138569299853554
E153_genetic_8study,93,0.14951935633417235,0.14633180514894772
E153_genetic_8study,94,0.13081870726580461,0.12018837442310623
E153_genetic_8study,95,0.12682128199100309,0.12037662179256468
E153_genetic_8study,96,0.16634696581260561,0.16506456373947131
E153_genetic_8study,97,0.16221913549605615,0.15108381318074543
E153_genetic_8study,98,0.21052633607923707,0.13450553272427498
E153_genetic_8study,99,0.17243293901262741,0.12587090349046814
E153_genetic_8study,100,0.1449838930922992,0.11671688273645724
E153_genetic_8study,101,0.16565491219835038,0.13564084158812695
E153_genetic_8study,102,0.14879968715927139,0.12832098425519595
E153_genetic_8study,103,0.15008058491664669,0.18030643176222014
E153_genetic_8study,104,0.18294590823361662,0.16829186024893689
E153_genetic_8study,105,0.16682749242876144,0.14199643814287172
E153_genetic_8study,106,0.11572879539160985,0.13602129525737733
E153_genetic_8study,107,0.18515083290209017,0.1585916138545371
E153_genetic_8study,108,0.16434986061687726,0.14350678211829068
E153_genetic_8study,109,0.18841099577438913,0.15498937358273121
E153_genetic_8study,110,0.15609129542238942,0.15761975317137694
E153_genetic_8study,111,0.14668842543972782,0.13208796591142094
E153_genetic_8study,112,0.12373792096959071,0.11925006195420579
E153_genetic_8study,113,0.16736151086090506,0.17415475290814936
E153_genetic_8study,114,0.13621480428621807,0.15152441791394472
E153_genetic_8study,115,0.15299442259208437,0.11999131472213703
E153_genetic_8study,116,0.15835785691527204,0.14697748052361848
E153_genetic_8study,117,0.16223171906670786,0.14325074391182863
E153_genetic_8study,118,0.15818716229054297,0.15479495797219339
E153_genetic_8study,119,0.19692791184360359,0.17105981415441779
E153_genetic_8study,120,0.17815928045594004,0.17485524764316984
E153_genetic_8study,121,0.16326380452502251,0.15205462341011292
E153_genetic_8study,122,0.20911800231194166,0.17357545689673376
E153_genetic_8study,123,0.19932219378638916,0.1534308789255221
E153_genetic_8study,124,0.19093451903492728,0.15777543976883973
E153_genetic_8study,125,0.16800698812406145,0.13710519959775991
E153_genetic_8study,126,0.19918440751488209,0.1843797883829294
E153_genetic_8study,127,0.1502866307206443,0.13280452052357283
E153_genetic_8study,128,0.18706996738225701,0.18454832823836442
E153_genetic_8study,129,0.13997433317595767,0.1380341691359033
E153_genetic_8study,130,0.1479977560877942,0.12625872030870638
E153_genetic_8study,131,0.23578271327108336,0.18911711506861667
E153_genetic_8study,132,0.13885023379453265,0.10351537367830915
E153_genetic_8study,133,0.12902310257604194,0.11253255511701099
E153_genetic_8study,134,0.12991440768265267,0.14035079211882151
E153_genetic_8study,135,0.15868170863316472,0.14463402656100538
E153_genetic_8study,136,0.15136591608165459,0.11815329812160022
E153_genetic_8study,137,0.19012674503255836,0.14565984162041029
E153_genetic_8study,138,0.13001950496751136,0.12273509428266377
E153_genetic_8study,139,0.12704681229391276,0.096733080889320644
E153_genetic_8study,140,0.14550916304153319,0.15644772557515138
E153_genetic_8study,141,0.1482849809096693,0.1277681582367588
E153_genetic_8study,142,0.17407644731705774,0.18077025579102299
E153_genetic_8study,143,0.12184352785497787,0.13165007968903114
E153_genetic_8study,144,0.15101778349527673,0.1124280913105051
E153_genetic_8study,145,0.17992421824569188,0.1835531120130553
E153_genetic_8study,146,0.1868904344372469,0.15614822381467652
E153_genetic_8study,147,0.12253173663716452,0.12515439980630794
E153_genetic_8study,148,0.14613864649964595,0.14230141175165112
E153_genetic_8study,149,0.1440560915332014,0.11018772070174079
E153_genetic_8study,150,0.13164252209116672,0.13944745384147295
E153_genetic_8study,151,0.18280849832358426,0.10356900028661112
E153_genetic_8study,152,0.10709481430505205,0.1042249264647625
E153_genetic_8study,153,0.13255613068410804,0.1278802381204221
E153_genetic_8study,154,0.17270125102392503,0.16696574949551343
E153_genetic_8study,155,0.15322827106459627,0.12395953057802131
E153_genetic_8study,156,0.17063467923153119,0.14248141628316041
E153_genetic_8study,157,0.16442088019943274,0.16766075591656496
E153_genetic_8study,158,0.1566051229319298,0.14230466550769189
E153_genetic_8study,159,0.15961292384298437,0.12912426666841917
E153_genetic_8study,160,0.1583351705100853,0.13296491503407948
E153_genetic_8study,161,0.16764877012047377,0.13384742333040917
E153_genetic_8study,162,0.15177926471226846,0.15949651272355517
E153_genetic_8study,163,0.15662172956310133,0.13077212694479928
E153_genetic_8study,164,0.15421187001599346,0.094644335963658871
E153_genetic_8study,165,0.17450735139467205,0.11800817130024095
E153_genetic_8study,166,0.17862672946738589,0.16545360498334494
E153_genetic_8study,167,0.19303391373521711,0.20386079940898386
E153_genetic_8study,168,0.15287825011483486,0.13466565768201777
E153_genetic_8study,169,0.13602357986675312,0.13693234303858634
E153_genetic_8study,170,0.1776652813545592,0.11705554904345303
E153_genetic_8study,171,0.16277738709174078,0.1332816538739012
E153_genetic_8study,172,0.14433669855673251,0.14566264197509798
E153_genetic_8study,173,0.1869255456049615,0.17435805436431304
E153_genetic_8study,174,0.1372621873703716,0.14488726310041161
E153_genetic_8study,175,0.18273443184281246,0.14275728285450387
E153_genetic_8study,176,0.16088654464347274,0.1899772910301282
E153_genetic_8study,177,0.15262124073858038,0.10155439692727178
E153_genetic_8study,178,0.15282830105983139,0.13532725617574079
E153_genetic_8study,179,0.17393797943495198,0.14679908866060543
E153_genetic_8study,180,0.16691489494686204,0.16499529765804391
E153_genetic_8study,181,0.16235262911588286,0.12134789784529793
E153_genetic_8study,182,0.14246254129384855,0.1320149416799529
E153_genetic_8study,183,0.19502827741335618,0.17474653390505981
E153_genetic_8study,184,0.17168251642157464,0.15974547279325202
E153_genetic_8study,185,0.19836646104479466,0.166276699122865
E153_genetic_8study,186,0.16376197978956708,0.1720163519652132
E153_genetic_8study,187,0.14540578002929783,0.14157772300206722
E153_genetic_8study,188,0.20053992643860266,0.14501388004105129
E153_genetic_8study,189,0.17268499558752035,0.17533725195061695
E153_genetic_8study,190,0.14835758025357737,0.11517432377587883
E153_genetic_8study,191,0.21861604123611206,0.18227920652228854
E153_genetic_8study,192,0.18158434888460601,0.16413249842326261
E153_genetic_8study,193,0.10348336411532444,0.094608920053987272
E153_genetic_8study,194,0.17884167542252316,0.15191639295358839
E153_genetic_8study,195,0.16439331511845645,0.17005455072064507
E153_genetic_8study,196,0.15432596661638404,0.15134236757036176
E153_genetic_8study,197,0.19386807308574089,0.16593562347633423
E153_genetic_8study,198,0.15094508058245515,0.1676292781630036
E153_genetic_8study,199,0.16635833577817738,0.11798218853038958
E153_genetic_8study,200,0.15104368970393744,0.13206991395119183
E153_genetic_8study,201,0.17851116680897292,0.1304002653199251
E153_genetic_8study,202,0.16554353798649246,0.15840012332477435
E153_genetic_8study,203,0.15569114775352888,0.12807731948449555
E153_genetic_8study,204,0.17688205639524737,0.16677038999223692
E153_genetic_8study,205,0.10478971597152467,0.12010835275113796
E153_genetic_8study,206,0.15819039304342997,0.12718297371690113
E153_genetic_8study,207,0.17481351578534871,0.15805420495808176
E153_genetic_8study,208,0.17432760943948783,0.18590023101065531
E153_genetic_8study,209,0.16003336789066142,0.12623062909493571
E153_genetic_8study,210,0.13482449194213691,0.12176282727264645
E153_genetic_8study,211,0.18794143704188687,0.15834668740098734
E153_genetic_8study,212,0.1683725743928009,0.11715758967857723
E153_genetic_8study,213,0.14354133716040995,0.16370235446432679
E153_genetic_8study,214,0.17110665102291514,0.14431008604545964
E153_genetic_8study,215,0.16797988797744129,0.14991659692441639
E153_genetic_8study,216,0.16170490986083919,0.14375767830716568
E153_genetic_8study,217,0.1889415538308547,0.17580170327800088
E153_genetic_8study,218,0.18530293152579852,0.13658550721136836
E153_genetic_8study,219,0.1675649629497174,0.15034172077598446
E153_genetic_8study,220,0.16375177025596477,0.16929288604767662
E153_genetic_8study,221,0.1871960221099378,0.1538088068426382
E153_genetic_8study,222,0.15849173779198716,0.10670397058281819
E153_genetic_8study,223,0.14141496617091706,0.12705792460825385
E153_genetic_8study,224,0.16966479207548071,0.12610455841802629
E153_genetic_8study,225,0.16522346692408046,0.17099353603010067
E153_genetic_8study,226,0.20215661409924712,0.18504044788900736
E153_genetic_8study,227,0.13714433811785365,0.10256154045402202
E153_genetic_8study,228,0.20188011331345229,0.17427063692211847
E153_genetic_8study,229,0.15859382592585441,0.14650027478396677
E153_genetic_8study,230,0.1386684450498093,0.15957275581358929
E153_genetic_8study,231,0.14196264087339366,0.11632121718061819
E153_genetic_8study,232,0.17290413609380714,0.13629429972908508
E153_genetic_8study,233,0.15175309310102675,0.13197994196682383
E153_genetic_8study,234,0.21670640643685701,0.21273678481955838
E153_genetic_8study,235,0.19703701556255682,0.19341233280709649
E153_genetic_8study,236,0.1759793442206804,0.13833797127378006
E153_genetic_8study,237,0.14372221674936642,0.12539224200117358
E153_genetic_8study,238,0.17632585599461534,0.1233058834344469
E153_genetic_8study,239,0.15143231725618528,0.13267374066568274
E153_genetic_8study,240,0.16942217333843651,0.1285248395506306
E153_genetic_8study,241,0.16080734610375411,0.13592702907301402
E153_genetic_8study,242,0.21845355008326722,0.17543817760523739
E153_genetic_8study,243,0.16395177327323257,0.12722061586721189
E153_genetic_8study,244,0.16039663126041828,0.15960262860185279
E153_genetic_8study,245,0.16990640196311618,0.14073601219693735
E153_genetic_8study,246,0.21134838636404696,0.17783645764593475
E153_genetic_8study,247,0.17037853916093856,0.17729664458068936
E153_genetic_8study,248,0.14162269127268118,0.16725913273460907
E153_genetic_8study,249,0.16552759811160692,0.14932950974717654
E153_genetic_8study,250,0.11647740520672877,0.086990393589304327
E153_genetic_8study,251,0.18885491732094095,0.16955789810113314
E153_genetic_8study,252,0.14875589458562738,0.14374591928914957
E153_genetic_8study,253,0.21025739447354197,0.15971574980529435
E153_genetic_8study,254,0.14993303232267699,0.13826119008162485
E153_genetic_8study,255,0.17443907869175329,0.13745037762237636
E153_genetic_8study,256,0.15513664137262484,0.11548105699616731
E153_genetic_8study,257,0.17807287782015349,0.16819918089700298
E153_genetic_8study,258,0.18157728513215396,0.16921024461010484
E153_genetic_8study,259,0.19037291349609023,0.1597588701652268
E153_genetic_8study,260,0.14317402732435611,0.16528213878848691
E153_genetic_8study,261,0.14608177335068454,0.14400050728070671
E153_genetic_8study,262,0.16225388793351064,0.12578948748390875
E153_genetic_8study,263,0.17017275649316044,0.16154266484614802
E153_genetic_8study,264,0.15336583158017436,0.11948788203284505
E153_genetic_8study,265,0.15958978816345007,0.15148443208677115
E153_genetic_8study,266,0.18919700075513601,0.20120467804338521
E153_genetic_8study,267,0.156540094878062,0.13091088254686165
E153_genetic_8study,268,0.16212844894796755,0.14783742547132933
E153_genetic_8study,269,0.20020103108917253,0.22821929538578339
E153_genetic_8study,270,0.15587450313711518,0.15128703434450558
E153_genetic_8study,271,0.16730586369143058,0.15549781863719003
E153_genetic_8study,272,0.18687138460449201,0.15106128811017649
E153_genetic_8study,273,0.17505945673500969,0.1289649669586948
E153_genetic_8study,274,0.15097391532086496,0.16301171526637404
E153_genetic_8study,275,0.16809424018014393,0.13721044662140655
E153_genetic_8study,276,0.13001248234129625,0.12851000816378028
E153_genetic_8study,277,0.13024187449685823,0.11335314316171195
E153_genetic_8study,278,0.16723494539734524,0.15011784852312288
E153_genetic_8study,279,0.16942165042394169,0.10988939393378271
E153_genetic_8study,280,0.15016649257783515,0.11377068981363328
E153_genetic_8study,281,0.12882912532410684,0.10441765383167925
E153_genetic_8study,282,0.1763583202402664,0.13682131436663672
E153_genetic_8study,283,0.19930274318124586,0.16904228008624111
E153_genetic_8study,284,0.16588578163875684,0.1609978254203647
E153_genetic_8study,285,0.17500855798435888,0.14331407495668869
E153_genetic_8study,286,0.19703232970755541,0.18004887801147879
E153_genetic_8study,287,0.1701257489960237,0.1577555684808489
E153_genetic_8study,288,0.1464424149977307,0.17203058062914589
E153_genetic_8study,289,0.12842418657972426,0.10755957207928754
E153_genetic_8study,290,0.19129388376715684,0.18460525101388336
E153_genetic_8study,291,0.16676567989207974,0.16734585357964038
E153_genetic_8study,292,0.15039359479646308,0.14375261293618005
E153_genetic_8study,293,0.14606848129113875,0.13542126682348041
E153_genetic_8study,294,0.18999229155937641,0.15292868187281553
E153_genetic_8study,295,0.17356302258389206,0.14602257207130342
E153_genetic_8study,296,0.15825776799753133,0.13980056340175456
E153_genetic_8study,297,0.13431737355168849,0.14216540858096199
E153_genetic_8study,298,0.18987478295083127,0.16664378093067969
E153_genetic_8study,299,0.15225321724164004,0.17104846488106004
E153_genetic_8study,300,0.17104643669397182,0.12462212940460876
E153_genetic_8study,301,0.15647973594023029,0.12002280214151388
E153_genetic_8study,302,0.16012783018299115,0.12393092136174103
E153_genetic_8study,303,0.16717173969277668,0.14309670480429143
E153_genetic_8study,304,0.14948687215068091,0.13054329780884466
E153_genetic_8study,305,0.14178488957836705,0.12528602299111821
E153_genetic_8study,306,0.13929890407661227,0.096133313513711849
E153_genetic_8study,307,0.1537190053828961,0.10248215340772511
E153_genetic_8study,308,0.11722329795612926,0.10385018474732818
E153_genetic_8study,309,0.20224496784179208,0.17044532709960458
E153_genetic_8study,310,0.13486954548604554,0.1246986430914471
E153_genetic_8study,311,0.19543114532104347,0.15742066850732184
E153_genetic_8study,312,0.17242743457531001,0.19635421782478019
E153_genetic_8study,313,0.16360681227244039,0.12800214104002622
E153_genetic_8study,314,0.20067367164252992,0.17480129351531498
E153_genetic_8study,315,0.17058049890475391,0.1353811925538867
E153_genetic_8study,316,0.20504203135593077,0.19406457977955205
E153_genetic_8study,317,0.16610637153763974,0.12768842166042613
E153_genetic_8study,318,0.1637239820269426,0.17695475946049422
E153_genetic_8study,319,0.1789501081736527,0.12783976953068193
E153_genetic_8study,320,0.14512272900307183,0.13877161547544742
E153_genetic_8study,321,0.12083281655659266,0.11686103685300014
E153_genetic_8study,322,0.11179521333883041,0.13948818445578939
E153_genetic_8study,323,0.17235109698535167,0.13617151518031773
E153_genetic_8study,324,0.14755937157382273,0.11284820694446002
E153_genetic_8study,325,0.14624593809983305,0.14806892226104984
E153_genetic_8study,326,0.18215811933349979,0.19072925705177196
E153_genetic_8study,327,0.12595597299131583,0.11014716677287806
E153_genetic_8study,328,0.17833924877197954,0.18814874684933458
E153_genetic_8study,329,0.11822171879350228,0.13341482837261681
E153_genetic_8study,330,0.16748547383143209,0.15852937423335545
E153_genetic_8study,331,0.16067101604388784,0.15731699777427371
E153_genetic_8study,332,0.18842784123118494,0.17652882946561493
E153_genetic_8study,333,0.13512961558874598,0.16078977696818059
E153_genetic_8study,334,0.18105662651707075,0.18128807462544499
E153_genetic_8study,335,0.19501060959355554,0.18138206214143343
E153_genetic_8study,336,0.13246156202325601,0.11204636596535303
E153_genetic_8study,337,0.12128442110252803,0.12362049572880007
E153_genetic_8study,338,0.1711789727765442,0.1564053304353526
E153_genetic_8study,339,0.17574954831118442,0.18551963608880795
E153_genetic_8study,340,0.17803821386072677,0.1443570120462265
E153_genetic_8study,341,0.17133331116060657,0.12910948682874418
E153_genetic_8study,342,0.15068588114124612,0.13340243096832627
E153_genetic_8study,343,0.11474756429630896,0.13157974932959188
E153_genetic_8study,344,0.14669210012537917,0.11773397319545242
E153_genetic_8study,345,0.14682690140993326,0.14205691084767791
E153_genetic_8study,346,0.20579923882305284,0.17864104140325721
E153_genetic_8study,347,0.16341761243022562,0.15162176495718385
E153_genetic_8study,348,0.1572862808602018,0.15085843164340018
E153_genetic_8study,349,0.14556459911971242,0.13027576589149395
E153_genetic_8study,350,0.16385834617195166,0.10094332796504199
E153_genetic_8study,351,0.19077109459093108,0.1598920620257161
E153_genetic_8study,352,0.15201318900407065,0.11218279896811162
E153_genetic_8study,353,0.15049793308488701,0.12648109232757632
E153_genetic_8study,354,0.20639293496602742,0.18707477048757556
E153_genetic_8study,355,0.16959332523038126,0.11883200486164074
E153_genetic_8study,356,0.17081176204882309,0.15243276057919616
E153_genetic_8study,357,0.19115486732711637,0.14394552892353751
E153_genetic_8study,358,0.14848132938996289,0.11672293746535101
E153_genetic_8study,359,0.16281535131793304,0.13536075357292265
E153_genetic_8study,360,0.21235749845396934,0.23176742199187655
E153_genetic_8study,361,0.1680377027687821,0.16787627634684518
E153_genetic_8study,362,0.18087578659288722,0.17249522524630834
E153_genetic_8study,363,0.14485739440570078,0.14926674764644898
E153_genetic_8study,364,0.16173065814865933,0.17076536746943094
E153_genetic_8study,365,0.16875483486018183,0.17679656797673876
E153_genetic_8study,366,0.15689770799824926,0.15801798045257001
E153_genetic_8study,367,0.15574332578042191,0.15318390937386667
E153_genetic_8study,368,0.16399910918772065,0.19038472282415198
E153_genetic_8study,369,0.17631930603307527,0.19566841630773257
E153_genetic_8study,370,0.18849605495162219,0.12744245264754533
E153_genetic_8study,371,0.16735750931293103,0.17574796825407729
E153_genetic_8study,372,0.13168284206014599,0.14001275984305531
E153_genetic_8study,373,0.168842807537121,0.1429740242284061
E153_genetic_8study,374,0.19775002398243879,0.10674565569925532
E153_genetic_8study,375,0.17644797740424223,0.19208931785643066
E153_genetic_8study,376,0.14755619099555575,0.13079024161900674
E153_genetic_8study,377,0.15672220217278562,0.15797735703259091
E153_genetic_8study,378,0.17056620757357183,0.10927684023248599
E153_genetic_8study,379,0.14674508922796706,0.1390374350079544
E153_genetic_8study,380,0.22170115776802002,0.18973269172237683
E153_genetic_8study,381,0.16521782608313454,0.15561649108579295
E153_genetic_8study,382,0.13920106500965221,0.12123806514712389
E153_genetic_8study,383,0.16040497478152871,0.12979607555798478
E153_genetic_8study,384,0.15534558797793976,0.13472380587978872
E153_genetic_8study,385,0.13980118629899202,0.12939209883968775
E153_genetic_8study,386,0.14785606077874475,0.15663292147432456
E153_genetic_8study,387,0.18443397507054474,0.18959846853563178
E153_genetic_8study,388,0.18853981131755021,0.17400718721572436
E153_genetic_8study,389,0.16441375528425795,0.15619042229458249
E153_genetic_8study,390,0.15910865715724504,0.16402340739747687
E153_genetic_8study,391,0.118234726908507,0.12436575859563592
E153_genetic_8study,392,0.17358904695547978,0.13128274320579991
E153_genetic_8study,393,0.15292371854908765,0.12700288921591726
E153_genetic_8study,394,0.14880105804496582,0.14227382235938996
E153_genetic_8study,395,0.12310903083037167,0.11074810451925758
E153_genetic_8study,396,0.1569429923705627,0.1369561770935343
E153_genetic_8study,397,0.12042374892746317,0.10960958199978779
E153_genetic_8study,398,0.13189495074165974,0.16711908941051531
E153_genetic_8study,399,0.16331411479720365,0.13853485898403231
E153_genetic_8study,400,0.16410549361408303,0.13164092023768922
E153_genetic_8study,401,0.12078939328689305,0.10933054427788809
E153_genetic_8study,402,0.16888491872771585,0.17070748123332366
E153_genetic_8study,403,0.16017131525532555,0.13500284930356143
E153_genetic_8study,404,0.17011224236967076,0.14771630192699287
E153_genetic_8study,405,0.17070017606221105,0.15807764526412132
E153_genetic_8study,406,0.1850490795058978,0.14436332958471915
E153_genetic_8study,407,0.14137474608366296,0.15108970963486418
E153_genetic_8study,408,0.18988959618499085,0.15830721502475678
E153_genetic_8study,409,0.12960369927782053,0.13564211174872717
E153_genetic_8study,410,0.16703638469773535,0.15570605888136621
E153_genetic_8study,411,0.17944643345388589,0.18192711127916378
E153_genetic_8study,412,0.18313039822316463,0.12716161268046086
E153_genetic_8study,413,0.17611713639362886,0.13825888634384112
E153_genetic_8study,414,0.15859011143371476,0.095205398234638888
E153_genetic_8study,415,0.1292313592397249,0.086975329124138204
E153_genetic_8study,416,0.18432531433414645,0.14290964168554493
E153_genetic_8study,417,0.13907372877526861,0.17076907324850232
E153_genetic_8study,418,0.23882290489894004,0.19552035307489468
E153_genetic_8study,419,0.15232141316442746,0.13102023543980063
E153_genetic_8study,420,0.10285331868584185,0.11580654143166813
E153_genetic_8study,421,0.20314301233467683,0.16412922114605349
E153_genetic_8study,422,0.19093148304483937,0.16101113525552835
E153_genetic_8study,423,0.12710138607319582,0.10742116848268066
E153_genetic_8study,424,0.14295188811224713,0.12952158884469156
E153_genetic_8study,425,0.12769831245220886,0.14237287139409047
E153_genetic_8study,426,0.19468925704748369,0.14922195014005502
E153_genetic_8study,427,0.15330819702445359,0.11600927676811509
E153_genetic_8study,428,0.13500619928802818,0.1297946180266665
E153_genetic_8study,429,0.17654128729943269,0.13156665391814384
E153_genetic_8study,430,0.15197126584982501,0.13408394846737753
E153_genetic_8study,431,0.15531776859362445,0.12063572657556429
E153_genetic_8study,432,0.15613108198833225,0.13808867597474719
E153_genetic_8study,433,0.14458518925066588,0.11773240737107317
E153_genetic_8study,434,0.1888172090162123,0.17463170003113404
E153_genetic_8study,435,0.16799542661906799,0.15735446196313357
E153_genetic_8study,436,0.15587966033731698,0.13919580923871361
E153_genetic_8study,437,0.16626507017876929,0.12027581289027801
E153_genetic_8study,438,0.1540288016677771,0.10392512301808314
E153_genetic_8study,439,0.1416385099125872,0.10186750652404208
E153_genetic_8study,440,0.20111612422625288,0.16624233300910918
E153_genetic_8study,441,0.17706112259037554,0.13825122251873029
E153_genetic_8study,442,0.17325405812505551,0.14821866985956528
E153_genetic_8study,443,0.15178278344754026,0.14580633757312153
E153_genetic_8study,444,0.1625209086678969,0.11756841422188197
E153_genetic_8study,445,0.14673368651369562,0.12151765862614886
E153_genetic_8study,446,0.18287374146756541,0.1839771587910608
E153_genetic_8study,447,0.17373566111470162,0.13493572839586948
E153_genetic_8study,448,0.1721551077938604,0.16822280492748079
E153_genetic_8study,449,0.15504824749255175,0.14020292384956404
E153_genetic_8study,450,0.11400592692582165,0.13493845704913068
E153_genetic_8study,451,0.13851706681601042,0.1248938108293807
E153_genetic_8study,452,0.10424837543498999,0.10349718495242508
E153_genetic_8study,453,0.11588430636665045,0.14542028631233078
E153_genetic_8study,454,0.14976564013442681,0.1409827930427005
E153_genetic_8study,455,0.19584745170476295,0.17740189283926538
E153_genetic_8study,456,0.11211255330578193,0.078177600765034772
E153_genetic_8study,457,0.15304697514868273,0.1226861028782452
E153_genetic_8study,458,0.16334007364301489,0.1461390428969071
E153_genetic_8study,459,0.15995256138479863,0.16760675155403496
E153_genetic_8study,460,0.17021986078583773,0.15914168079851199
E153_genetic_8study,461,0.1388259166305166,0.13567776136211629
E153_genetic_8study,462,0.15914402129916988,0.12934880037551857
E153_genetic_8study,463,0.14237336839678477,0.11993869411230232
E153_genetic_8study,464,0.17106605487786902,0.16094814751164788
E153_genetic_8study,465,0.15225432386755788,0.12938437425446475
E153_genetic_8study,466,0.17426763867888873,0.13876964196696043
E153_genetic_8study,467,0.1798305072908068,0.14393616418476912
E153_genetic_8study,468,0.14196502797181099,0.12110073098361701
E153_genetic_8study,469,0.20240496384663434,0.18004567077056716
E153_genetic_8study,470,0.12700768209330884,0.10488911945164121
E153_genetic_8study,471,0.14618170522654195,0.14310061276469205
E153_genetic_8study,472,0.18259655040672718,0.1263361067828499
E153_genetic_8study,473,0.15649615809551992,0.13696875491197014
E153_genetic_8study,474,0.089444784595294397,0.085948042589472445
E153_genetic_8study,475,0.1877243937934312,0.1394714754654835
E153_genetic_8study,476,0.13827482241778297,0.12050656169393817
E153_genetic_8study,477,0.16601459041892253,0.14898799358696807
E153_genetic_8study,478,0.20468453301155637,0.18032508394006563
E153_genetic_8study,479,0.14385310744541011,0.15157814442104536
E153_genetic_8study,480,0.13822615519796111,0.13530389455179095
E153_genetic_8study,481,0.1947774489435069,0.14618721743376689
E153_genetic_8study,482,0.1876504527940997,0.15130015862025004
E153_genetic_8study,483,0.17814235179124671,0.13844179531477102
E153_genetic_8study,484,0.15440006209409157,0.16615795378727782
E153_genetic_8study,485,0.15450217844833819,0.16109037297227036
E153_genetic_8study,486,0.16823384810930861,0.16957247922483487
E153_genetic_8study,487,0.17948599937731069,0.16474278097351502
E153_genetic_8study,488,0.17528297556088168,0.16667478276925252
E153_genetic_8study,489,0.15805009881260135,0.13247983059037716
E153_genetic_8study,490,0.12178282480344305,0.17141890974761323
E153_genetic_8study,491,0.15343453278596345,0.13624671475738831
E153_genetic_8study,492,0.14313669505798216,0.12591783694436021
E153_genetic_8study,493,0.13544295373858412,0.1452191774417772
E153_genetic_8study,494,0.18441917901470251,0.17082909216266762
E153_genetic_8study,495,0.1569982201557476,0.11616723959293464
E153_genetic_8study,496,0.18218297285340307,0.11568787458153604
E153_genetic_8study,497,0.15316431211960796,0.12258577855225271
E153_genetic_8study,498,0.16210136343359943,0.14343461524552029
E153_genetic_8study,499,0.15905208346596478,0.13675702850099039
E153_genetic_8study,500,0.16532407433801161,0.14877201354338446
E153_genetic_8study,501,0.15685048002719293,0.15631239151389148
E153_genetic_8study,502,0.18447724381593342,0.16986346454614404
E153_genetic_8study,503,0.15489984073072816,0.088997096652031649
E153_genetic_8study,504,0.15818988193485228,0.15799441681671267
E153_genetic_8study,505,0.18672938287596219,0.16594360548852191
E153_genetic_8study,506,0.21970610596198742,0.21041386970436185
E153_genetic_8study,507,0.16772414491945803,0.17687135636454604
E153_genetic_8study,508,0.14044280466278261,0.1202801095077706
E153_genetic_8study,509,0.13919330205201383,0.13661353586241365
E153_genetic_8study,510,0.21351820571419858,0.14432820023292403
E153_genetic_8study,511,0.16408230816129502,0.16960258928131178
E153_genetic_8study,512,0.15555276476290428,0.18869435572953569
E153_genetic_8study,513,0.19313806306223502,0.16107147265960853
E153_genetic_8study,514,0.18869845440754535,0.18589263651334115
E153_genetic_8study,515,0.1821146827785112,0.13768723481735023
E153_genetic_8study,516,0.16914228450066482,0.14428561402330642
E153_genetic_8study,517,0.21825157928264932,0.20983542134942118
E153_genetic_8study,518,0.1668754238798118,0.14132657568267459
E153_genetic_8study,519,0.17732712586839025,0.15725031807224649
E153_genetic_8study,520,0.16597773032145019,0.12315202109472154
E153_genetic_8study,521,0.18048967926185835,0.14849640058251534
E153_genetic_8study,522,0.14689560462464263,0.12036422964024332
E153_genetic_8study,523,0.1743615356582266,0.17384809504645948
E153_genetic_8study,524,0.17223848173576173,0.15361678179191282
E153_genetic_8study,525,0.13583734415392901,0.12096613228553392
E153_genetic_8study,526,0.19807500237183567,0.18435474270516494
E153_genetic_8study,527,0.20873882406884059,0.20344788368281752
E153_genetic_8study,528,0.19243491560733592,0.14400797623117262
E153_genetic_8study,529,0.15874047438835481,0.11340768724192821
E153_genetic_8study,530,0.13279511523541651,0.12312378626855297
E153_genetic_8study,531,0.17176063801421448,0.12635535908030107
E153_genetic_8study,532,0.13721900510327434,0.089145010336947689
E153_genetic_8study,533,0.13024037238628536,0.11066908961306343
E153_genetic_8study,534,0.20181609721388705,0.16778776354047548
E153_genetic_8study,535,0.17494006638735848,0.16158954623303928
E153_genetic_8study,536,0.14954738763959435,0.14302679982252406
E153_genetic_8study,537,0.14087614438697771,0.12080118166232648
E153_genetic_8study,538,0.1645158316691436,0.15183247314746323
E153_genetic_8study,539,0.19997948599699833,0.15792019178973402
E153_genetic_8study,540,0.15890779095178698,0.15111130193317543
E153_genetic_8study,541,0.18623411554439706,0.15501258223337264
E153_genetic_8study,542,0.17055576154129501,0.11561565135094012
E153_genetic_8study,543,0.16450858688215489,0.16338052625457791
E153_genetic_8study,544,0.21217898632171905,0.1806971403739821
E153_genetic_8study,545,0.18930946734470652,0.13834082938797165
E153_genetic_8study,546,0.18416906006906109,0.18659439777456771
E153_genetic_8study,547,0.1819664001496053,0.1658402420779814
E153_genetic_8study,548,0.16363070982421299,0.13508299567242771
E153_genetic_8study,549,0.18904152957544573,0.15356605950326394
E153_genetic_8study,550,0.16087000082350064,0.13419323121212551
E153_genetic_8study,551,0.17671697193305419,0.15304198818453824
E153_genetic_8study,552,0.14013463300861212,0.092142062213796505
E153_genetic_8study,553,0.16030155418022196,0.17596664197153339
E153_genetic_8study,554,0.19321046260602204,0.17709566818440783
E153_genetic_8study,555,0.21785731552397974,0.1942571606756005
E153_genetic_8study,556,0.18877832059209448,0.14426440247981429
E153_genetic_8study,557,0.2008851858126644,0.21211850766505624
E153_genetic_8study,558,0.17016331010958216,0.19413644483683246
E153_genetic_8study,559,0.17629665348462376,0.13728619310971643
E153_genetic_8study,560,0.13369030067547633,0.15436450770657398
E153_genetic_8study,561,0.16303437283902925,0.15805667914199989
E153_genetic_8study,562,0.18561733311965228,0.16093528387107592
E153_genetic_8study,563,0.16144008492936976,0.12584801249514904
E153_genetic_8study,564,0.16000232232231579,0.12510964527341895
E153_genetic_8study,565,0.15595229158009408,0.10721981388000795
E153_genetic_8study,566,0.1228903570157879,0.099723910730413395
E153_genetic_8study,567,0.14427328368688622,0.1018344710993189
E153_genetic_8study,568,0.14395733006343717,0.086244636744175124
E153_genetic_8study,569,0.19964912939440838,0.17232407299466462
E153_genetic_8study,570,0.15144484298159713,0.14534737275869064
E153_genetic_8study,571,0.10070428895770103,0.087719574241664489
E153_genetic_8study,572,0.11827103150328715,0.099102471513796586
E153_genetic_8study,573,0.19114828077410209,0.19233935952581768
E153_genetic_8study,574,0.13468904848952634,0.14395325810993945
E153_genetic_8study,575,0.15938111791147244,0.15683745483894013
E153_genetic_8study,576,0.18124799057713836,0.16830791564058384
E153_genetic_8study,577,0.15262370746820805,0.15896411587379444
E153_genetic_8study,578,0.17903254173900648,0.15712363722709202
E153_genetic_8study,579,0.1803237415421628,0.15775201160396485
E153_genetic_8study,580,0.16847645057236105,0.10958763226513632
E153_genetic_8study,581,0.18208629985020225,0.13752491026825586
E153_genetic_8study,582,0.15517982292978938,0.14693855306411929
E153_genetic_8study,583,0.17872187352516572,0.15987279308105853
E153_genetic_8study,584,0.16654688245035809,0.16148603257360389
E153_genetic_8study,585,0.16170957767031413,0.12168602330928141
E153_genetic_8study,586,0.11955567216716516,0.10374362875714954
E153_genetic_8study,587,0.1689499628942569,0.12910957925765434
E153_genetic_8study,588,0.18560599262435501,0.16237145843699008
E153_genetic_8study,589,0.16821287400229148,0.14999279516142441
E153_genetic_8study,590,0.15663533563810453,0.12924942092049307
E153_genetic_8study,591,0.16971388918517832,0.1597959651012209
E153_genetic_8study,592,0.17789273996210783,0.10937116317529205
E153_genetic_8study,593,0.15174618830827974,0.14253031847862174
E153_genetic_8study,594,0.15024069933441181,0.1507142887862043
E153_genetic_8study,595,0.16284044131741143,0.16464872593587132
E153_genetic_8study,596,0.18747147135894926,0.14601671617385398
E153_genetic_8study,597,0.14323649319621601,0.16303564011482827
E153_genetic_8study,598,0.19768205514008969,0.18280721004725722
E153_genetic_8study,599,0.17956857610123278,0.16451441915042844
E153_genetic_8study,600,0.19006289660705422,0.17213637394012951
E153_genetic_8study,601,0.16652341395628215,0.11752774842347896
E153_genetic_8study,602,0.19314420219377759,0.15038817975747762
E153_genetic_8study,603,0.19901340686178376,0.16885979605765269
E153_genetic_8study,604,0.19582412511012637,0.15457806033243066
E153_genetic_8study,605,0.16724441724482295,0.17581444878373181
E153_genetic_8study,606,0.15487849528128417,0.12459586862521019
E153_genetic_8study,607,0.12935164137101651,0.11867831955740722
E153_genetic_8study,608,0.14473198437090282,0.15915523165958984
E153_genetic_8study,609,0.16986970060991222,0.15350470971776481
E153_genetic_8study,610,0.16205005993447097,0.13456470679215427
E153_genetic_8study,611,0.17309857326096617,0.11812288828737913
E153_genetic_8study,612,0.14837001371050473,0.17523832813727039
E153_genetic_8study,613,0.19407820898080852,0.12260649447447601
E153_genetic_8study,614,0.17767124107337567,0.14026082906599199
E153_genetic_8study,615,0.17281944048413464,0.17211275345347393
E153_genetic_8study,616,0.16935203314879524,0.13339091335702261
E153_genetic_8study,617,0.16596395192068508,0.15411933879099105
E153_genetic_8study,618,0.16631961633110262,0.11169834117983704
E153_genetic_8study,619,0.15101637954284325,0.13598782703987033
E153_genetic_8study,620,0.12852560134471175,0.089972723139043115
E153_genetic_8study,621,0.15606505322471864,0.14773276824774209
E153_genetic_8study,622,0.16822718591608871,0.15644466733691034
E153_genetic_8study,623,0.17108833985261662,0.11637928178669005
E153_genetic_8study,624,0.20537777533434162,0.17273509313747876
E153_genetic_8study,625,0.15009075513518511,0.12528582993451493
E153_genetic_8study,626,0.1296003026711515,0.1163969880474659
E153_genetic_8study,627,0.14682221814017937,0.13251548709768271
E153_genetic_8study,628,0.15823375215758359,0.18752892365322038
E153_genetic_8study,629,0.15983176558013859,0.13774284138796344
E153_genetic_8study,630,0.17400714026518418,0.13771786146254705
E153_genetic_8study,631,0.19489783303950262,0.14712800799980918
E153_genetic_8study,632,0.14897030196281397,0.15821694948752291
E153_genetic_8study,633,0.15862643207852528,0.17017704978718201
E153_genetic_8study,634,0.16388283067945419,0.15038574354657092
E153_genetic_8study,635,0.18992056615498976,0.15146386947917478
E153_genetic_8study,636,0.1639257807669027,0.17018132180565379
E153_genetic_8study,637,0.18094811233769112,0.16056059830755598
E153_genetic_8study,638,0.16029594594548313,0.15559810625649154
E153_genetic_8study,639,0.15955469180504162,0.14317966465711704
E153_genetic_8study,640,0.14729303923493337,0.13941924078116502
E153_genetic_8study,641,0.14799499312073652,0.12033144723408706
E153_genetic_8study,642,0.12823139869432665,0.13836879486625805
E153_genetic_8study,643,0.14175041621821077,0.13168704925678987
E153_genetic_8study,644,0.20119807283778735,0.15508245638175189
E153_genetic_8study,645,0.12989306667222297,0.13872733456048375
E153_genetic_8study,646,0.173710574409836,0.12670734784184101
E153_genetic_8study,647,0.16349173491887542,0.15907516920308662
E153_genetic_8study,648,0.16395479274842356,0.15735893012164304
E153_genetic_8study,649,0.14100060022923461,0.12294960934798291
E153_genetic_8study,650,0.18034530003579569,0.14281354489215872
E153_genetic_8study,651,0.21182167393440987,0.18424078935807331
E153_genetic_8study,652,0.17221003020610551,0.13019782151772002
E153_genetic_8study,653,0.16588075628218082,0.13311875878295909
E153_genetic_8study,654,0.145889447576286,0.11968691576475685
E153_genetic_8study,655,0.13446800789959787,0.15984628440948606
E153_genetic_8study,656,0.17274850693935123,0.13400224338375419
E153_genetic_8study,657,0.16862453312247053,0.11890063601048695
E153_genetic_8study,658,0.17025532969885782,0.14104685242614362
E153_genetic_8study,659,0.1664528468325209,0.19580849049992638
E153_genetic_8study,660,0.15558764413065654,0.14659793391553086
E153_genetic_8study,661,0.18563745041078733,0.15286427035532985
E153_genetic_8study,662,0.14065476331118509,0.10963537932399513
E153_genetic_8study,663,0.16401762775924394,0.14795066825927061
E153_genetic_8study,664,0.18121359969133455,0.15440399425462409
E153_genetic_8study,665,0.15005317205686658,0.13919281757326257
E153_genetic_8study,666,0.15050282462130241,0.13410966570110533
E153_genetic_8study,667,0.17475930631228448,0.15027720362494104
E153_genetic_8study,668,0.21223835783331954,0.21144178688145776
E153_genetic_8study,669,0.18520686923227153,0.14327417165413206
E153_genetic_8study,670,0.15694323302740598,0.14476195944240722
E153_genetic_8study,671,0.15754568366525956,0.14415825003332189
E153_genetic_8study,672,0.18562742363649148,0.14274131921386407
E153_genetic_8study,673,0.15173433415500753,0.13814876968722206
E153_genetic_8study,674,0.19891396662728453,0.16544706466914799
E153_genetic_8study,675,0.19566939673414663,0.16419926282826922
E153_genetic_8study,676,0.15052653301897981,0.15876011884230726
E153_genetic_8study,677,0.1693197577007603,0.18440439622991422
E153_genetic_8study,678,0.15929150423359295,0.15781001719828758
E153_genetic_8study,679,0.1671438483969567,0.1553804563399995
E153_genetic_8study,680,0.15318007352901092,0.15642396519548751
E153_genetic_8study,681,0.17402958745543898,0.13875196769052997
E153_genetic_8study,682,0.19932825093890985,0.16320321297135426
E153_genetic_8study,683,0.16885335385110073,0.16125846487767631
E153_genetic_8study,684,0.15318060195439215,0.16601438843668853
E153_genetic_8study,685,0.1773599427396125,0.14463976533593192
E153_genetic_8study,686,0.14472694495461147,0.14339634056163514
E153_genetic_8study,687,0.16042411016910579,0.15934474940301327
E153_genetic_8study,688,0.17340500735740538,0.14417388069800097
E153_genetic_8study,689,0.13643623854835268,0.10691669841870194
E153_genetic_8study,690,0.20025697752931393,0.20588379454563507
E153_genetic_8study,691,0.15691892290365295,0.17596130215521433
E153_genetic_8study,692,0.14610763079988418,0.12879750153515121
E153_genetic_8study,693,0.17218237349395521,0.14403468059484181
E153_genetic_8study,694,0.17313582429943031,0.14915306237784631
E153_genetic_8study,695,0.14587367810264779,0.14722367167857306
E153_genetic_8study,696,0.13999429892255574,0.14337164961301974
E153_genetic_8study,697,0.15036139631161155,0.10369962738767853
E153_genetic_8study,698,0.13638051791617595,0.10712440042706377
E153_genetic_8study,699,0.16022580871363704,0.12246586403063754
E153_genetic_8study,700,0.15250504237647872,0.18144250750652374
E153_genetic_8study,701,0.15430438587375561,0.11687519057959847
E153_genetic_8study,702,0.1623468100973387,0.14281233408309413
E153_genetic_8study,703,0.15134241842022364,0.10967054394845641
E153_genetic_8study,704,0.1576297958254074,0.13582142621187854
E153_genetic_8study,705,0.12928775343485427,0.1041303124849445
E153_genetic_8study,706,0.17808241766581087,0.1281075027294295
E153_genetic_8study,707,0.18953109561878159,0.14240453937270986
E153_genetic_8study,708,0.16187834913370663,0.16791873893955458
E153_genetic_8study,709,0.13574908469708349,0.055949499516237559
E153_genetic_8study,710,0.19204641314743631,0.1603922827408194
E153_genetic_8study,711,0.16798001467421914,0.14683282627300859
E153_genetic_8study,712,0.1678816476273764,0.11915677788902737
E153_genetic_8study,713,0.18080085019612907,0.15563598865218956
E153_genetic_8study,714,0.14627867721204701,0.11507633999254871
E153_genetic_8study,715,0.13385372222760117,0.084706639148306506
E153_genetic_8study,716,0.1404684924184168,0.13674630367650564
E153_genetic_8study,717,0.16078430272408245,0.13000813652170937
E153_genetic_8study,718,0.15313121025963383,0.1608912465742543
E153_genetic_8study,719,0.15393151654691117,0.14193037114775087
E153_genetic_8study,720,0.20087374800057228,0.16559784578466488
E153_genetic_8study,721,0.18458984172969695,0.16271326470242609
E153_genetic_8study,722,0.15537126666134407,0.14505101404975976
E153_genetic_8study,723,0.18471447559142415,0.15432116780227784
E153_genetic_8study,724,0.14847849926830936,0.11740173737972343
E153_genetic_8study,725,0.15624567437953912,0.14233137454964984
E153_genetic_8study,726,0.14659711033244008,0.13026880405282343
E153_genetic_8study,727,0.17500020558184942,0.16677665477878434
E153_genetic_8study,728,0.20102979511712371,0.15082191799654246
E153_genetic_8study,729,0.15406177281485955,0.15311585356875676
E153_genetic_8study,730,0.14431116233891733,0.11317372745586038
E153_genetic_8study,731,0.20825444842907698,0.19772022723665722
E153_genetic_8study,732,0.16174980690329954,0.16490676025000456
E153_genetic_8study,733,0.15666558440271355,0.13035512764465981
E153_genetic_8study,734,0.16866533951425547,0.14903836555312056
E153_genetic_8study,735,0.17818180114712656,0.14739233949931357
E153_genetic_8study,736,0.14841134300049158,0.15485641843925474
E153_genetic_8study,737,0.14733945381531299,0.15451080598989175
E153_genetic_8study,738,0.19701359830207665,0.2024809969084288
E153_genetic_8study,739,0.18866654817480771,0.18815856850584578
E153_genetic_8study,740,0.16192767751237541,0.16866927093482825
E153_genetic_8study,741,0.16085266942711363,0.15319693906040824
E153_genetic_8study,742,0.15137417603653655,0.085321893184547221
E153_genetic_8study,743,0.19240990704486169,0.1402335233222986
E153_genetic_8study,744,0.17487390600568109,0.15752866731967469
E153_genetic_8study,745,0.1803760773768493,0.18129360566414518
E153_genetic_8study,746,0.15498680615322252,0.12576845114480126
E153_genetic_8study,747,0.18710170856975045,0.12934953550259354
E153_genetic_8study,748,0.17554070522585358,0.10982013039667284
E153_genetic_8study,749,0.19092644372956941,0.19236804700212387
E153_genetic_8study,750,0.15976546082760334,0.15012552564907269
E153_genetic_8study,751,0.17086879436580271,0.17672826440313938
E153_genetic_8study,752,0.1655986825497463,0.14284768340552095
E153_genetic_8study,753,0.13155878000877846,0.13822690369982693
E153_genetic_8study,754,0.19016229173084173,0.14251737137069123
E153_genetic_8study,755,0.17689741422719224,0.13105863942069709
E153_genetic_8study,756,0.13871430332867765,0.1402861927144089
E153_genetic_8study,757,0.20097584801197693,0.17391263180970692
E153_genetic_8study,758,0.17933844046134462,0.14004628216595499
E153_genetic_8study,759,0.13425605190427742,0.14327990614537225
E153_genetic_8study,760,0.16017790093726275,0.15016515358500238
E153_genetic_8study,761,0.15296857289405588,0.15514046967725864
E153_genetic_8study,762,0.17899982213594171,0.12633472767354031
E153_genetic_8study,763,0.14454769103814205,0.14550476708781818
E153_genetic_8study,764,0.1236523373678734,0.1060365546954902
E153_genetic_8study,765,0.19142247883534957,0.13125700678562877
E153_genetic_8study,766,0.1684151994356145,0.12360003459761046
E153_genetic_8study,767,0.17323203390892092,0.1645627087182274
E153_genetic_8study,768,0.13686008973900465,0.082067819443960674
E153_genetic_8study,769,0.13753835599524766,0.12691031179564782
E153_genetic_8study,770,0.15397089968466471,0.13176622788710476
E153_genetic_8study,771,0.15755105131699698,0.15076677647255168
E153_genetic_8study,772,0.16004839157027584,0.14772790803262525
E153_genetic_8study,773,0.17365788898720533,0.17303590080603704
E153_genetic_8study,774,0.14470171746772598,0.12090531801608984
E153_genetic_8study,775,0.10551011145514985,0.1339503291035592
E153_genetic_8study,776,0.14096249944433592,0.10865498639916982
E153_genetic_8study,777,0.13436822874080182,0.14818089269085255
E153_genetic_8study,778,0.19369192106823654,0.16292126753846267
E153_genetic_8study,779,0.17230256334251892,0.17301648484222587
E153_genetic_8study,780,0.16976722914517312,0.16409120610904751
E153_genetic_8study,781,0.18658165146501932,0.13306563311811126
E153_genetic_8study,782,0.15757521165586619,0.1370937819698326
E153_genetic_8study,783,0.16065155812122095,0.13262425830799057
E153_genetic_8study,784,0.20935290545985014,0.19511689646134106
E153_genetic_8study,785,0.16571402914728417,0.15858446344184188
E153_genetic_8study,786,0.16272185965962477,0.14420258939977304
E153_genetic_8study,787,0.13824903664411956,0.13826760519674242
E153_genetic_8study,788,0.1420579334007796,0.15172931803479373
E153_genetic_8study,789,0.18932823896014633,0.17204036814185081
E153_genetic_8study,790,0.14776996111964702,0.091171377426184502
E153_genetic_8study,791,0.15877321276257506,0.1479222489696333
E153_genetic_8study,792,0.16830990759650657,0.14248211424300378
E153_genetic_8study,793,0.18725700639286974,0.17824977821809432
E153_genetic_8study,794,0.16214273963606363,0.11725131137018532
E153_genetic_8study,795,0.17329270647745176,0.18343493820388607
E153_genetic_8study,796,0.19289070838394151,0.16187180850014982
E153_genetic_8study,797,0.17858080495748918,0.13193733398037033
E153_genetic_8study,798,0.18846725994113944,0.16098508356460736
E153_genetic_8study,799,0.18421059956726288,0.20387760757837131
E153_genetic_8study,800,0.18179804672932354,0.14570574580850276
E153_genetic_8study,801,0.13889043268442453,0.13012432878659663
E153_genetic_8study,802,0.15199710453361392,0.1241850231312516
E153_genetic_8study,803,0.14603129216133925,0.11398201082355597
E153_genetic_8study,804,0.17388983217415149,0.15895319750635761
E153_genetic_8study,805,0.19197739903867631,0.15378064512655665
E153_genetic_8study,806,0.17518828896367342,0.1805436095469678
E153_genetic_8study,807,0.14374998578700376,0.11002803230271153
E153_genetic_8study,808,0.10822401942510401,0.087125308489460332
E153_genetic_8study,809,0.16533940603881458,0.12309165234843476
E153_genetic_8study,810,0.156274773950551,0.12325105250894269
E153_genetic_8study,811,0.19519196724284829,0.15333950996396917
E153_genetic_8study,812,0.17657212550893187,0.13320826330075916
E153_genetic_8study,813,0.15634900165651749,0.14076546220326938
E153_genetic_8study,814,0.16490567940421988,0.11571132975705228
E153_genetic_8study,815,0.16375831084553544,0.12024536703941213
E153_genetic_8study,816,0.19814696058217657,0.19865723823380399
E153_genetic_8study,817,0.16646491824834864,0.13575856214468224
E153_genetic_8study,818,0.14739846369022944,0.11229133774875001
E153_genetic_8study,819,0.17333595070188434,0.14653707304352315
E153_genetic_8study,820,0.14559077900660167,0.1578807649634334
E153_genetic_8study,821,0.16140246033380734,0.09692772451264578
E153_genetic_8study,822,0.1699270196103036,0.17797768519852677
E153_genetic_8study,823,0.18504006642795545,0.16705919599725072
E153_genetic_8study,824,0.14052365664797126,0.13053846275911776
E153_genetic_8study,825,0.14266330714623937,0.13440313764328263
E153_genetic_8study,826,0.16067978628755591,0.15653413205675568
E153_genetic_8study,827,0.14523315334438253,0.15491927672095179
E153_genetic_8study,828,0.14454450842446076,0.14450049386246588
E153_genetic_8study,829,0.16657165200519297,0.1669958635418462
E153_genetic_8study,830,0.1393130520252133,0.16972754420607855
E153_genetic_8study,831,0.16366437384644425,0.12598946310075526
E153_genetic_8study,832,0.16524123973072272,0.12053432742505978
E153_genetic_8study,833,0.17906872718891237,0.1808024077098408
E153_genetic_8study,834,0.20719421698429275,0.15077672146248289
E153_genetic_8study,835,0.15423468204878335,0.1686686513358929
E153_genetic_8study,836,0.1789727326038878,0.12778376937539565
E153_genetic_8study,837,0.17783064150705841,0.12472345456918561
E153_genetic_8study,838,0.18525912031949818,0.15079790200153007
E153_genetic_8study,839,0.16855959570672677,0.13075889245577788
E153_genetic_8study,840,0.14437941750939287,0.13616785801667658
E153_genetic_8study,841,0.16556267717444106,0.12693300894470097
E153_genetic_8study,842,0.15703924967420288,0.16110358810688102
E153_genetic_8study,843,0.13680578058086251,0.13579892094417589
E153_genetic_8study,844,0.17536265064811568,0.16256317716930341
E153_genetic_8study,845,0.15587711466010207,0.11326189468041695
E153_genetic_8study,846,0.17831120619424079,0.17086102705836437
E153_genetic_8study,847,0.14489856811224167,0.12683127293780641
E153_genetic_8study,848,0.16125827099432644,0.12960933502759286
E153_genetic_8study,849,0.11539885474852485,0.11708512861110759
E153_genetic_8study,850,0.18235238711865753,0.12958895030821838
E153_genetic_8study,851,0.17947161091284908,0.11928112188971765
E153_genetic_8study,852,0.18143523784454813,0.17690932556919342
E153_genetic_8study,853,0.20113308543382089,0.1766597103791567
E153_genetic_8study,854,0.18204001514496537,0.13760375327429947
E153_genetic_8study,855,0.19378046023081166,0.1562243669074399
E153_genetic_8study,856,0.16399861147557476,0.13611405061769724
E153_genetic_8study,857,0.15837732783730277,0.1524714324522109
E153_genetic_8study,858,0.15977709251251415,0.12080613217948039
E153_genetic_8study,859,0.17602313042257003,0.15825505248098071
E153_genetic_8study,860,0.19020579105352753,0.17163575957044933
E153_genetic_8study,861,0.14432707869460726,0.10772239012697017
E153_genetic_8study,862,0.14115796716088524,0.11821813136530293
E153_genetic_8study,863,0.21319381835856274,0.18852773645805529
E153_genetic_8study,864,0.16738653336462547,0.12931390714543844
E153_genetic_8study,865,0.15700762092734036,0.15750331564821374
E153_genetic_8study,866,0.17183451870735852,0.15316441625449281
E153_genetic_8study,867,0.14300110518757708,0.1604517780840628
E153_genetic_8study,868,0.15057322073858581,0.12792261842560082
E153_genetic_8study,869,0.1849216858470262,0.1774059849115826
E153_genetic_8study,870,0.15777848848760692,0.12288012243441218
E153_genetic_8study,871,0.18223921363049808,0.17909178058788489
E153_genetic_8study,872,0.19843240287395367,0.13425883528561189
E153_genetic_8study,873,0.17818806633919998,0.18874271334417891
E153_genetic_8study,874,0.17355258908628071,0.16817302738113157
E153_genetic_8study,875,0.19302175006580874,0.15726836109147657
E153_genetic_8study,876,0.16846628046176887,0.16585510162082856
E153_genetic_8study,877,0.15305084449835132,0.13054656490872957
E153_genetic_8study,878,0.17908221471479377,0.15752381792372194
E153_genetic_8study,879,0.19278649974709641,0.15548162987818276
E153_genetic_8study,880,0.15169380587002143,0.1312112124253319
E153_genetic_8study,881,0.13844394916973313,0.10724403939420224
E153_genetic_8study,882,0.18836741350396785,0.16903185592669354
E153_genetic_8study,883,0.15769007088088213,0.15787387643555839
E153_genetic_8study,884,0.17467121323677098,0.1509669072535616
E153_genetic_8study,885,0.15089535533204917,0.10745759472679037
E153_genetic_8study,886,0.18897756298428589,0.16663221201159301
E153_genetic_8study,887,0.17679394706128032,0.17483578742468361
E153_genetic_8study,888,0.18505327548161202,0.12854916636206171
E153_genetic_8study,889,0.1422838892089392,0.12378820487569478
E153_genetic_8study,890,0.16599067028910847,0.20777252654242928
E153_genetic_8study,891,0.15516989006481036,0.13486097219869028
E153_genetic_8study,892,0.13373821571307618,0.087915298547153034
E153_genetic_8study,893,0.15264704182547204,0.14071018758917539
E153_genetic_8study,894,0.15055162249082338,0.11822722755979917
E153_genetic_8study,895,0.15781626244198957,0.13456782774666182
E153_genetic_8study,896,0.18147832007767625,0.14846895896016254
E153_genetic_8study,897,0.13510530445688443,0.090770982781302301
E153_genetic_8study,898,0.16855190859892188,0.15789435855441386
E153_genetic_8study,899,0.14975231477803735,0.12807243136665303
E153_genetic_8study,900,0.15507153698320281,0.15289492864118898
E153_genetic_8study,901,0.17413651977434608,0.16174506260343349
E153_genetic_8study,902,0.12025291027017553,0.14097742828989543
E153_genetic_8study,903,0.19690671719029179,0.1569571861086439
E153_genetic_8study,904,0.15651539710848669,0.13872484319677811
E153_genetic_8study,905,0.16556190484024194,0.19088054531093432
E153_genetic_8study,906,0.15882119110113571,0.13800770652687472
E153_genetic_8study,907,0.1339872511055121,0.082699284145698243
E153_genetic_8study,908,0.16112827573314265,0.14617856392040912
E153_genetic_8study,909,0.16010690124030549,0.16252201744756578
E153_genetic_8study,910,0.12080794119067195,0.11143574692816817
E153_genetic_8study,911,0.17711261906624437,0.12061829412790272
E153_genetic_8study,912,0.12534558564352238,0.11210732668628048
E153_genetic_8study,913,0.16926291627401002,0.14494959746986902
E153_genetic_8study,914,0.17656451668378825,0.14023727366324884
E153_genetic_8study,915,0.16265714217305327,0.11560185737949365
E153_genetic_8study,916,0.16165148254210449,0.11832228865247132
E153_genetic_8study,917,0.18211552616215421,0.13986654863506029
E153_genetic_8study,918,0.16096069044999639,0.12613224149548502
E153_genetic_8study,919,0.16116663942032433,0.13203849748688457
E153_genetic_8study,920,0.16637269220422368,0.15707861275318241
E153_genetic_8study,921,0.16929748078885859,0.16621231520509236
E153_genetic_8study,922,0.20104993791179379,0.19301899228527589
E153_genetic_8study,923,0.14197133309469587,0.12590419221040106
E153_genetic_8study,924,0.20677363957607642,0.17879644059996494
E153_genetic_8study,925,0.15387823273581225,0.13875637034776073
E153_genetic_8study,926,0.14223628820595496,0.13516203997374862
E153_genetic_8study,927,0.19023558016660086,0.17405094906814247
E153_genetic_8study,928,0.18032282532044694,0.14084324399227793
E153_genetic_8study,929,0.17457951513529793,0.15482093754886844
E153_genetic_8study,930,0.16122202427631194,0.13099242108561848
E153_genetic_8study,931,0.14252273256155046,0.12629115170761929
E153_genetic_8study,932,0.18103895171108814,0.14007663556348277
E153_genetic_8study,933,0.15466594304466927,0.17492382964002934
E153_genetic_8study,934,0.14467528795623341,0.14642028185331368
E153_genetic_8study,935,0.15098017794582663,0.09931768391566817
E153_genetic_8study,936,0.1360992582213367,0.13851603586521316
E153_genetic_8study,937,0.16686752379933761,0.15415119715455253
E153_genetic_8study,938,0.20040353348544929,0.16618555153356693
E153_genetic_8study,939,0.169164582676886,0.11131024072265869
E153_genetic_8study,940,0.14709456198766555,0.083924469913844862
E153_genetic_8study,941,0.20208486078134447,0.18999668478128584
E153_genetic_8study,942,0.14116448603382448,0.12484535164412641
E153_genetic_8study,943,0.19390813708647367,0.14815042312484317
E153_genetic_8study,944,0.19699716174510692,0.15465898258199143
E153_genetic_8study,945,0.17405670802398057,0.16722774628168974
E153_genetic_8study,946,0.15250516385351215,0.15966424916649941
E153_genetic_8study,947,0.18534125019458972,0.1575781049311849
E153_genetic_8study,948,0.13841639363668667,0.14353828968551258
E153_genetic_8study,949,0.16666793955669618,0.15119990011121553
E153_genetic_8study,950,0.17292498237147963,0.14512124487950329
E153_genetic_8study,951,0.14190391991501444,0.13729740022539363
E153_genetic_8study,952,0.15042427888559667,0.12918515683461554
E153_genetic_8study,953,0.20536995174234141,0.15936978667783303
E153_genetic_8study,954,0.15283893217059891,0.14975604770943235
E153_genetic_8study,955,0.11873608643657541,0.12639545361796956
E153_genetic_8study,956,0.13109338296876624,0.12528734586780829
E153_genetic_8study,957,0.17147447486931716,0.14062948891900007
E153_genetic_8study,958,0.15803241630978238,0.13123203372532177
E153_genetic_8study,959,0.18277336179028494,0.13449709236377538
E153_genetic_8study,960,0.14676707728647206,0.16854708876069557
E153_genetic_8study,961,0.19269129343498986,0.13062617134008497
E153_genetic_8study,962,0.13821458814420318,0.1275249756093233
E153_genetic_8study,963,0.17569133779825902,0.14938970272490912
E153_genetic_8study,964,0.19576120753271609,0.16462383527171731
E153_genetic_8study,965,0.19613295023203348,0.19247092847642933
E153_genetic_8study,966,0.14151924893029658,0.15631703258081125
E153_genetic_8study,967,0.17351587409484212,0.16325744888751331
E153_genetic_8study,968,0.15376523212739418,0.14906871462701812
E153_genetic_8study,969,0.14087541967493036,0.12896203010802493
E153_genetic_8study,970,0.18421165644720613,0.14077028354920357
E153_genetic_8study,971,0.19009059312718043,0.1677575851080117
E153_genetic_8study,972,0.1339729499709299,0.15342060337775859
E153_genetic_8study,973,0.15643906630253759,0.15487026523387465
E153_genetic_8study,974,0.14855483392570043,0.14070941309894622
E153_genetic_8study,975,0.16108018999779838,0.13280392449715844
E153_genetic_8study,976,0.19344981779783393,0.1698900087713478
E153_genetic_8study,977,0.16946995668180018,0.14960820667735147
E153_genetic_8study,978,0.16484404821043905,0.15167778145006414
E153_genetic_8study,979,0.16125342252239938,0.13733493478296016
E153_genetic_8study,980,0.18616480085073533,0.20246858503612647
E153_genetic_8study,981,0.1391726059105059,0.11192440064265405
E153_genetic_8study,982,0.16041216861557267,0.13746472247481611
E153_genetic_8study,983,0.17602367478951919,0.15631837164658507
E153_genetic_8study,984,0.16401911851689213,0.15689957635860563
E153_genetic_8study,985,0.1823269898188343,0.15490892922914976
E153_genetic_8study,986,0.19616345288955439,0.2090425185216489
E153_genetic_8study,987,0.16795789005014444,0.13436106134979814
E153_genetic_8study,988,0.1397008050562932,0.14733167656591414
E153_genetic_8study,989,0.18615281886335219,0.15509745120041049
E153_genetic_8study,990,0.15795196803041639,0.12780455148105396
E153_genetic_8study,991,0.13925425298181004,0.14671806936314913
E153_genetic_8study,992,0.14886774461825114,0.13794893420614046
E153_genetic_8study,993,0.18183726010570944,0.14786443278793887
E153_genetic_8study,994,0.18049941567223943,0.1505740042661734
E153_genetic_8study,995,0.15878785296544909,0.15373149810861059
E153_genetic_8study,996,0.14623842038213514,0.11261023841410345
E153_genetic_8study,997,0.14571634175734777,0.16314250397454819
E153_genetic_8study,998,0.12390692376867513,0.12972157240390064
E153_genetic_8study,999,0.16912020039827919,0.17806693273018953
E153_genetic_8study,1000,0.14883259431236201,0.1406775169606409
E153_genetic_8study,1001,0.17460746524442125,0.14083767624875682
E153_genetic_8study,1002,0.12568031272607547,0.10673765201263474
E153_genetic_8study,1003,0.1694918559950167,0.14395325725188773
E153_genetic_8study,1004,0.16151474741048727,0.11277849406671515
E153_genetic_8study,1005,0.18040623101757242,0.17192168618288728
E153_genetic_8study,1006,0.18909329263426961,0.15927793597865408
E153_genetic_8study,1007,0.17894983354154381,0.16003369409415719
E153_genetic_8study,1008,0.20154994989971189,0.13270729270024909
E153_genetic_8study,1009,0.11626160889243722,0.12020948393565803
E153_genetic_8study,1010,0.20287677997373998,0.16730377177203043
E153_genetic_8study,1011,0.18756222045868448,0.18909841952901574
E153_genetic_8study,1012,0.15792766214243176,0.1446449175424927
E153_genetic_8study,1013,0.14770725492803199,0.13938554136245843
E153_genetic_8study,1014,0.14688568173771144,0.17044447733840365
E153_genetic_8study,1015,0.1739127250435214,0.16797577643358197
E153_genetic_8study,1016,0.16724869451579494,0.15302193000000003
E153_genetic_8study,1017,0.13830936533528038,0.089666547285309955
E153_genetic_8study,1018,0.15801108485498117,0.11487722838404293
E153_genetic_8study,1019,0.18981575416151092,0.1378427774764035
E153_genetic_8study,1020,0.18177148109199059,0.17273856007417104
E153_genetic_8study,1021,0.18080629115732305,0.16290168796061097
E153_genetic_8study,1022,0.12219570700330888,0.075018255886248247
E153_genetic_8study,1023,0.17537082335149221,0.15061972106538968
E153_genetic_8study,1024,0.18564671144861722,0.16225329459631699
E153_genetic_8study,1025,0.16626361412528654,0.11959091541769508
E153_genetic_8study,1026,0.17336855172921906,0.1568477277060264
E153_genetic_8study,1027,0.16689461719078158,0.14605954719577768
E153_genetic_8study,1028,0.16903375593601416,0.15489302933359969
E153_genetic_8study,1029,0.15599469351414619,0.14101492580308558
E153_genetic_8study,1030,0.14346768299430307,0.15733400199431768
E153_genetic_8study,1031,0.16411703894589585,0.17213071068324154
E153_genetic_8study,1032,0.12219845867946384,0.10606283411705753
E153_genetic_8study,1033,0.15952759027419472,0.1268648916507871
E153_genetic_8study,1034,0.15468530161087474,0.13838028359190796
E153_genetic_8study,1035,0.1723631402818207,0.19866384876832566
E153_genetic_8study,1036,0.17345211710217512,0.15220153526696589
E153_genetic_8study,1037,0.16468554987503675,0.14613120031264992
E153_genetic_8study,1038,0.17777881814050889,0.17047164580752622
E153_genetic_8study,1039,0.14757292439306363,0.091900237255162054
E153_genetic_8study,1040,0.15331149946373282,0.1529930571013631
E153_genetic_8study,1041,0.19387688731694053,0.16094379651139878
E153_genetic_8study,1042,0.18141589031059407,0.13872694868802923
E153_genetic_8study,1043,0.14457883185834502,0.12896245626386232
E153_genetic_8study,1044,0.15889111755465776,0.14564845474066501
E153_genetic_8study,1045,0.16068441222067303,0.1428622574936893
E153_genetic_8study,1046,0.19565645241908755,0.1936066941440564
E153_genetic_8study,1047,0.15585201311931449,0.15707343450762917
E153_genetic_8study,1048,0.17637607245613873,0.17369451703037736
E153_genetic_8study,1049,0.17356553221528687,0.1135133920698034
E153_genetic_8study,1050,0.20018499279539359,0.17511920638964201
E153_genetic_8study,1051,0.15915394540109018,0.14705505147490072
E153_genetic_8study,1052,0.16240406758948051,0.16504100105825889
E153_genetic_8study,1053,0.19526797864979367,0.14645662573053414
E153_genetic_8study,1054,0.18779181403521705,0.1675574390490609
E153_genetic_8study,1055,0.11788402866915861,0.11945944786812579
E153_genetic_8study,1056,0.18148944742220369,0.18708020926620053
E153_genetic_8study,1057,0.16401428966439005,0.1399703592460646
E153_genetic_8study,1058,0.20754743307106005,0.19803143191333872
E153_genetic_8study,1059,0.19044665089215701,0.18955505566884095
E153_genetic_8study,1060,0.15110134357593086,0.14177557445142219
E153_genetic_8study,1061,0.12547039945183799,0.10181124000083151
E153_genetic_8study,1062,0.17065644599820085,0.15570401471559267
E153_genetic_8study,1063,0.14807194241624422,0.1684371583723708
E153_genetic_8study,1064,0.17991168957948661,0.18868709390460084
E153_genetic_8study,1065,0.20237684523910715,0.22527244083422757
E153_genetic_8study,1066,0.20076787850014538,0.20412501845869929
E153_genetic_8study,1067,0.1426065718658231,0.11934270177084036
E153_genetic_8study,1068,0.10551449585291969,0.12533429834080842
E153_genetic_8study,1069,0.17842319701177967,0.11694496559680492
E153_genetic_8study,1070,0.16835142926632934,0.16422524852040174
E153_genetic_8study,1071,0.18183047008298048,0.16308569309388274
E153_genetic_8study,1072,0.16596528014670545,0.11467262009945672
E153_genetic_8study,1073,0.13009820493982402,0.13115166276884666
E153_genetic_8study,1074,0.13098736657215593,0.12621014498583336
E153_genetic_8study,1075,0.20876866029472677,0.16484734955824071
E153_genetic_8study,1076,0.10023751121028887,0.11997628940453926
E153_genetic_8study,1077,0.15572826904360546,0.13589084967458853
E153_genetic_8study,1078,0.17245926895818486,0.17465604089821113
E153_genetic_8study,1079,0.17228789971050573,0.13157907409740938
E153_genetic_8study,1080,0.1412763823155955,0.16778360023971101
E153_genetic_8study,1081,0.15484379499711379,0.16966587744112485
E153_genetic_8study,1082,0.19598676187761116,0.15233680060986871
E153_genetic_8study,1083,0.13052331801719697,0.12166969719880319
E153_genetic_8study,1084,0.15755658000343434,0.13714576112627899
E153_genetic_8study,1085,0.15224452880073502,0.12948152104771848
E153_genetic_8study,1086,0.15929327660593109,0.1469426023706295
E153_genetic_8study,1087,0.17779092737184768,0.17160887918667378
E153_genetic_8study,1088,0.15590841840574166,0.11847855582623962
E153_genetic_8study,1089,0.16645493283037938,0.16767069384606195
E153_genetic_8study,1090,0.16561654155421932,0.168215917617132
E153_genetic_8study,1091,0.21735159752365998,0.19474196847645686
E153_genetic_8study,1092,0.11780055622040214,0.12787361041957618
E153_genetic_8study,1093,0.16550067264356261,0.15521315460959534
E153_genetic_8study,1094,0.19645697962031655,0.18946658701793806
E153_genetic_8study,1095,0.16233817377180704,0.14890469197643841
E153_genetic_8study,1096,0.14106762456177269,0.13311659577908919
E153_genetic_8study,1097,0.14239440255597566,0.15042790728827959
E153_genetic_8study,1098,0.15543872499271633,0.10518589414501839
E153_genetic_8study,1099,0.16890609912978255,0.13474994713718411
E153_genetic_8study,1100,0.13637382610407295,0.12581143811445983
E153_genetic_8study,1101,0.18266166199313319,0.1990880925384767
E153_genetic_8study,1102,0.17776321200865391,0.19003372874990632
E153_genetic_8study,1103,0.1554006123454931,0.14241042225299322
E153_genetic_8study,1104,0.15143483505108651,0.15399128453769223
E153_genetic_8study,1105,0.15238504425165011,0.15325494495793401
E153_genetic_8study,1106,0.18828642693242675,0.14481991182956333
E153_genetic_8study,1107,0.16658256161205673,0.13787044010350913
E153_genetic_8study,1108,0.10464279584591632,0.09294182833201356
E153_genetic_8study,1109,0.15766597020004081,0.16647991557249331
E153_genetic_8study,1110,0.18843301870962925,0.16836264324974892
E153_genetic_8study,1111,0.1459588057075269,0.17588614029028415
E153_genetic_8study,1112,0.16595508576822865,0.19304318903096188
E153_genetic_8study,1113,0.2316030161630529,0.19176334635142644
E153_genetic_8study,1114,0.18358873582691765,0.11969123796002409
E153_genetic_8study,1115,0.14979832451070163,0.13682475226743129
E153_genetic_8study,1116,0.19579239957841277,0.17585744778601659
E153_genetic_8study,1117,0.15618892468767473,0.1273450249759136
E153_genetic_8study,1118,0.14578114358119509,0.097211683956589592
E153_genetic_8study,1119,0.18776378732297205,0.17275415278856773
E153_genetic_8study,1120,0.15490787614942619,0.14374805815916586
E153_genetic_8study,1121,0.11301782432182772,0.089800758086198793
E153_genetic_8study,1122,0.14642513673650551,0.11972694898384979
E153_genetic_8study,1123,0.16809278006170913,0.13589404351160075
E153_genetic_8study,1124,0.16421926213858573,0.17824832784304256
E153_genetic_8study,1125,0.13681983570424541,0.11022278649332225
E153_genetic_8study,1126,0.15632238830765249,0.14154853978265222
E153_genetic_8study,1127,0.18993975049702488,0.19290619899785699
E153_genetic_8study,1128,0.1893659327145808,0.1570020316583961
E153_genetic_8study,1129,0.17200660256122757,0.13825111030410103
E153_genetic_8study,1130,0.13828810137647773,0.11018886981322074
E153_genetic_8study,1131,0.1537558457847113,0.16606784761062232
E153_genetic_8study,1132,0.12989997272440379,0.15057838328761736
E153_genetic_8study,1133,0.096856764236029319,0.10243527565467744
E153_genetic_8study,1134,0.12394497934726287,0.13770122119932179
E153_genetic_8study,1135,0.14855967147681398,0.13159314276958464
E153_genetic_8study,1136,0.17002674569060791,0.15568240127438623
E153_genetic_8study,1137,0.16730121837935336,0.12474176438767447
E153_genetic_8study,1138,0.20582072937069101,0.23844771007060939
E153_genetic_8study,1139,0.14653026646979303,0.1036087556788587
E153_genetic_8study,1140,0.15917042839140638,0.14742454651981085
E153_genetic_8study,1141,0.18563697914932292,0.1640092505514168
E153_genetic_8study,1142,0.15497041374165255,0.15742615389466813
E153_genetic_8study,1143,0.13254285181543354,0.12072975250250786
E153_genetic_8study,1144,0.20450246878554762,0.17773788644743985
E153_genetic_8study,1145,0.22272228588008608,0.19463801261476388
E153_genetic_8study,1146,0.18748886203208437,0.16057854145471398
E153_genetic_8study,1147,0.20154977272694707,0.19020471044300288
E153_genetic_8study,1148,0.15495502904447755,0.14272654703661636
E153_genetic_8study,1149,0.16740806354476967,0.16555820990946185
E153_genetic_8study,1150,0.11628528992376042,0.1088923274566998
E153_genetic_8study,1151,0.14041060996009469,0.10661523517812579
E153_genetic_8study,1152,0.16941914296271593,0.1213549571297913
E153_genetic_8study,1153,0.17494753802781415,0.18850008041094415
E153_genetic_8study,1154,0.15351792451303095,0.10016094310775979
E153_genetic_8study,1155,0.13531591431091586,0.091206964217485573
E153_genetic_8study,1156,0.17789453263942068,0.17263549090080768
E153_genetic_8study,1157,0.163395606697114,0.17229535063840512
E153_genetic_8study,1158,0.16995637125820418,0.1121666669647715
E153_genetic_8study,1159,0.21019668914913853,0.16246604082672023
E153_genetic_8study,1160,0.16714100338643173,0.15741581050971692
E153_genetic_8study,1161,0.17834930810357408,0.14747135790436944
E153_genetic_8study,1162,0.17769157493048901,0.16486776634031336
E153_genetic_8study,1163,0.17784903305525607,0.14370651234539902
E153_genetic_8study,1164,0.16898260190327585,0.14192903124439693
E153_genetic_8study,1165,0.14634359733303609,0.1106516756183101
E153_genetic_8study,1166,0.13105175897232033,0.09452909914732327
E153_genetic_8study,1167,0.17960485062272394,0.1340422243025936
E153_genetic_8study,1168,0.17458523470930781,0.15016167567736544
E153_genetic_8study,1169,0.16160972403636795,0.11747940196453513
E153_genetic_8study,1170,0.18088219619735924,0.14362167239365053
E153_genetic_8study,1171,0.18887495896610168,0.15490533929429487
E153_genetic_8study,1172,0.17052680827652966,0.15202529302226844
E153_genetic_8study,1173,0.16507755023394205,0.13150751790626208
E153_genetic_8study,1174,0.15193757670862751,0.12151436194714167
E153_genetic_8study,1175,0.14848904703983795,0.11376969440404788
E153_genetic_8study,1176,0.13244316211284199,0.13788331778443111
E153_genetic_8study,1177,0.17333075705965165,0.15775212569651195
E153_genetic_8study,1178,0.13544429978702233,0.14446290276928714
E153_genetic_8study,1179,0.16774624552850725,0.10804197581134081
E153_genetic_8study,1180,0.17116152090388967,0.14182338873055789
E153_genetic_8study,1181,0.11652020456236817,0.12744857452816574
E153_genetic_8study,1182,0.1678808536682507,0.13337782061940034
E153_genetic_8study,1183,0.18190870228523734,0.14675089301094246
E153_genetic_8study,1184,0.18428041114819221,0.15826812981778471
E153_genetic_8study,1185,0.16709228356827732,0.11915660147006954
E153_genetic_8study,1186,0.14705622986000327,0.14873669760154223
E153_genetic_8study,1187,0.15854917811273966,0.12952265314409622
E153_genetic_8study,1188,0.18702892736375559,0.16972306742262161
E153_genetic_8study,1189,0.1367488885335281,0.13817203151555749
E153_genetic_8study,1190,0.154003142804233,0.15759030042271266
E153_genetic_8study,1191,0.15012419568486005,0.11239662355434415
E153_genetic_8study,1192,0.13673830453123786,0.12185758730812515
E153_genetic_8study,1193,0.15623197719318549,0.14783680284014306
E153_genetic_8study,1194,0.17624798416261706,0.14642560951686606
E153_genetic_8study,1195,0.18856671102477429,0.14656665639856872
E153_genetic_8study,1196,0.16448737393476659,0.17013762443833508
E153_genetic_8study,1197,0.15942249372476858,0.14131925677892906
E153_genetic_8study,1198,0.17342645547421962,0.17702291405684062
E153_genetic_8study,1199,0.16670524995571512,0.13129655221018099
E153_genetic_8study,1200,0.17701017412945619,0.15502602074070293
E153_genetic_8study,1201,0.15005062768277178,0.12871325738338335
E153_genetic_8study,1202,0.16680940375491871,0.13514922504430771
E153_genetic_8study,1203,0.13913862185819181,0.1242068789580973
E153_genetic_8study,1204,0.17317194888566967,0.15259720704875171
E153_genetic_8study,1205,0.19083135501157114,0.15075162540107528
E153_genetic_8study,1206,0.18259264259155969,0.17501931363108203
E153_genetic_8study,1207,0.16015071935359687,0.13244185599744088
E153_genetic_8study,1208,0.18142761178832992,0.16386793486678569
E153_genetic_8study,1209,0.18167675110091663,0.12361050002094168
E153_genetic_8study,1210,0.16260456175217963,0.17645865426749868
E153_genetic_8study,1211,0.12996608089272776,0.10854176765853506
E153_genetic_8study,1212,0.15015428850468282,0.11991480352494713
E153_genetic_8study,1213,0.17133647708865124,0.18054318740610251
E153_genetic_8study,1214,0.16348243966592252,0.15624828561297804
E153_genetic_8study,1215,0.13209968171033837,0.15544364670589145
E153_genetic_8study,1216,0.16349539411585481,0.12068248271137327
E153_genetic_8study,1217,0.12674750209872224,0.11512524075931888
E153_genetic_8study,1218,0.14427483999723131,0.12245638144660798
E153_genetic_8study,1219,0.16422333199899761,0.13436411634911999
E153_genetic_8study,1220,0.15474835142915083,0.14169747611803102
E153_genetic_8study,1221,0.18011187618724878,0.1502068818941984
E153_genetic_8study,1222,0.20844464101743454,0.21728303664879217
E153_genetic_8study,1223,0.1315244075732398,0.12426379886220604
E153_genetic_8study,1224,0.17379624267045893,0.12282862119026638
E153_genetic_8study,1225,0.17866608552189517,0.17733360901883061
E153_genetic_8study,1226,0.16625026160417902,0.11157955154640976
E153_genetic_8study,1227,0.18120145323496153,0.160656105486159
E153_genetic_8study,1228,0.14375545304413659,0.16560172382384686
E153_genetic_8study,1229,0.15854999780669421,0.15320351062996754
E153_genetic_8study,1230,0.15851255771807654,0.14046458032478526
E153_genetic_8study,1231,0.16736127949238422,0.14897095845567709
E153_genetic_8study,1232,0.18869889000350995,0.17609566868828594
E153_genetic_8study,1233,0.1501297612067426,0.13322546993811307
E153_genetic_8study,1234,0.15169057232907457,0.12949458641512121
E153_genetic_8study,1235,0.12947756478681255,0.13531608330376504
E153_genetic_8study,1236,0.15698433153747643,0.16343849563976567
E153_genetic_8study,1237,0.17997884567325567,0.16115167692202728
E153_genetic_8study,1238,0.21373502174587891,0.16901866518049041
E153_genetic_8study,1239,0.20317395383937634,0.16561051744654623
E153_genetic_8study,1240,0.15742988317853862,0.12919171170355803
E153_genetic_8study,1241,0.18219411639440969,0.16952293657893741
E153_genetic_8study,1242,0.14343446306544783,0.12255458174409217
E153_genetic_8study,1243,0.12153339602739825,0.11419806612272884
E153_genetic_8study,1244,0.18887957543410483,0.20857606456741748
E153_genetic_8study,1245,0.13938294465907555,0.1376308131366753
E153_genetic_8study,1246,0.18830743648182147,0.12352899258017536
E153_genetic_8study,1247,0.12685240968681505,0.097051640932089817
E153_genetic_8study,1248,0.14856421920655463,0.11547324755655745
E153_genetic_8study,1249,0.13158328589040827,0.15544575741708727
E153_genetic_8study,1250,0.18859484917813724,0.1557402566825733
E153_genetic_8study,1251,0.15876656341667555,0.13753105819364503
E153_genetic_8study,1252,0.1698721390996849,0.1228440213833959
E153_genetic_8study,1253,0.16532102089708187,0.14200234195069111
E153_genetic_8study,1254,0.14524190186573105,0.14134342070968392
E153_genetic_8study,1255,0.14142910782143159,0.10652318607752284
E153_genetic_8study,1256,0.19168911191111299,0.14571061621698483
E153_genetic_8study,1257,0.17853747247675805,0.1093125051282063
E153_genetic_8study,1258,0.15781612395377148,0.15965383466892025
E153_genetic_8study,1259,0.1703484186658803,0.15433939846008779
E153_genetic_8study,1260,0.15381480580992035,0.11356550323276948
E153_genetic_8study,1261,0.17730338327996298,0.13459408067422768
E153_genetic_8study,1262,0.18816497339624033,0.18308205808047368
E153_genetic_8study,1263,0.16090669007535474,0.15647121417595239
E153_genetic_8study,1264,0.16432346008503895,0.18516279799145394
E153_genetic_8study,1265,0.18881690100778448,0.16432025784052912
E153_genetic_8study,1266,0.15494411893005761,0.1353181310789047
E153_genetic_8study,1267,0.1892737311847818,0.15888468440801418
E153_genetic_8study,1268,0.084375676909807254,0.086746963962216608
E153_genetic_8study,1269,0.1524663551048302,0.17663430418765608
E153_genetic_8study,1270,0.15480629818335354,0.12028190364852094
E153_genetic_8study,1271,0.15911853042349772,0.14274044144434994
E153_genetic_8study,1272,0.15361761137598401,0.11928223676892145
E153_genetic_8study,1273,0.14437951697839674,0.1944487095476834
E153_genetic_8study,1274,0.15662450839367772,0.14753207353011599
E153_genetic_8study,1275,0.15819796078033793,0.13678378990852336
E153_genetic_8study,1276,0.18748900810505725,0.14636007709504606
E153_genetic_8study,1277,0.17410588214287404,0.17888908983854479
E153_genetic_8study,1278,0.16772703094765501,0.16324203059611536
E153_genetic_8study,1279,0.16359776413593155,0.092199017683323392
E153_genetic_8study,1280,0.15842917711613153,0.12249258974182024
E153_genetic_8study,1281,0.16083609065223636,0.14522150481552831
E153_genetic_8study,1282,0.18185334572412948,0.14224178520015718
E153_genetic_8study,1283,0.14324197489540447,0.12236077811218513
E153_genetic_8study,1284,0.17398145613479227,0.15922790563508998
E153_genetic_8study,1285,0.1772307266237948,0.16017746240864228
E153_genetic_8study,1286,0.20184586176127009,0.19248327795181697
E153_genetic_8study,1287,0.15995738645277158,0.16356351709381844
E153_genetic_8study,1288,0.14440555994113158,0.11732310936796062
E153_genetic_8study,1289,0.14800716379214779,0.12608058006473555
E153_genetic_8study,1290,0.16540159609102739,0.14176166383192718
E153_genetic_8study,1291,0.13914620830408042,0.19102324443987451
E153_genetic_8study,1292,0.19807248924013773,0.14802605290775389
E153_genetic_8study,1293,0.21648126286545982,0.22799438125094834
E153_genetic_8study,1294,0.11377668149636967,0.11786827969190763
E153_genetic_8study,1295,0.17800561387610431,0.1530778394499111
E153_genetic_8study,1296,0.19863911223468791,0.15272674212125165
E153_genetic_8study,1297,0.14582727194871281,0.13941104889139747
E153_genetic_8study,1298,0.14220968037395698,0.13175175479147452
E153_genetic_8study,1299,0.14680889940202749,0.14412408237443797
E153_genetic_8study,1300,0.14773944056684168,0.13556498986302745
E153_genetic_8study,1301,0.1937076536771544,0.12475543662698976
E153_genetic_8study,1302,0.14970704666125817,0.10478363504273135
E153_genetic_8study,1303,0.15047814334723658,0.11099255652281112
E153_genetic_8study,1304,0.17105994976879985,0.13673857077738336
E153_genetic_8study,1305,0.17218361129801557,0.13394874688530489
E153_genetic_8study,1306,0.19779637664135893,0.16393547899479416
E153_genetic_8study,1307,0.17122036308405003,0.12423112832214164
E153_genetic_8study,1308,0.14863455278151766,0.11834010391009825
E153_genetic_8study,1309,0.16567492794332683,0.11755733396452191
E153_genetic_8study,1310,0.18484096708804057,0.17391588944143613
E153_genetic_8study,1311,0.14959540062784532,0.12732169844096886
E153_genetic_8study,1312,0.14662224750819722,0.15929882714239435
E153_genetic_8study,1313,0.17471827735907891,0.16844098364326612
E153_genetic_8study,1314,0.17662754261975858,0.18957402036160792
E153_genetic_8study,1315,0.16195128595048003,0.14541137054210299
E153_genetic_8study,1316,0.1960341313099952,0.16426374686685635
E153_genetic_8study,1317,0.13853009004418163,0.13229188518998686
E153_genetic_8study,1318,0.16905716287680844,0.16632069261411558
E153_genetic_8study,1319,0.21808438191994484,0.18759589009793332
E153_genetic_8study,1320,0.18257548240932658,0.15132840215130977
E153_genetic_8study,1321,0.19173759875346411,0.14775817985281453
E153_genetic_8study,1322,0.16549322901645946,0.13871318907876851
E153_genetic_8study,1323,0.19861880623679085,0.1814438709387412
E153_genetic_8study,1324,0.17735935892953358,0.14267661210943544
E153_genetic_8study,1325,0.17291399354195469,0.13762431344279202
E153_genetic_8study,1326,0.17796562165073421,0.16484547111616663
E153_genetic_8study,1327,0.13293972173632049,0.13962969913626322
E153_genetic_8study,1328,0.18505891273007263,0.17121428954114956
E153_genetic_8study,1329,0.18830196943805633,0.13455412890970608
E153_genetic_8study,1330,0.19584519900190173,0.12558859204465117
E153_genetic_8study,1331,0.16353847134199867,0.11312665363513372
E153_genetic_8study,1332,0.17992003076540539,0.14736527661860227
E153_genetic_8study,1333,0.17922966411511954,0.13530628072091408
E153_genetic_8study,1334,0.14107562096561962,0.13296816946013143
E153_genetic_8study,1335,0.21208063431081503,0.19409656108414808
E153_genetic_8study,1336,0.1322672552781354,0.14964351075110593
E153_genetic_8study,1337,0.16758264086110206,0.15204423579539933
E153_genetic_8study,1338,0.14217478195080774,0.18697370325127516
E153_genetic_8study,1339,0.16027225837580189,0.12183453315915976
E153_genetic_8study,1340,0.16638600607399473,0.12734675565242362
E153_genetic_8study,1341,0.16683296236428768,0.15747242814479639
E153_genetic_8study,1342,0.16730013790162043,0.15413253385112399
E153_genetic_8study,1343,0.18018371962922292,0.16722575019255836
E153_genetic_8study,1344,0.1447899570745767,0.12451816051995603
E153_genetic_8study,1345,0.15721554762272449,0.16168800995288862
E153_genetic_8study,1346,0.20702210682340094,0.17663889205658384
E153_genetic_8study,1347,0.1544817159179753,0.17036825517014553
E153_genetic_8study,1348,0.18242335175375846,0.18204672188346316
E153_genetic_8study,1349,0.18488201945477806,0.12304976703429669
E153_genetic_8study,1350,0.18927731957543173,0.15726784338579405
E153_genetic_8study,1351,0.16028410473153315,0.11626380255516047
E153_genetic_8study,1352,0.15344452044576959,0.17685939517648705
E153_genetic_8study,1353,0.1744179414604799,0.16421289085692931
E153_genetic_8study,1354,0.14721243583637653,0.15520747652722738
E153_genetic_8study,1355,0.16508700592363279,0.17464641539557033
E153_genetic_8study,1356,0.20159966908690735,0.14129438490362284
E153_genetic_8study,1357,0.14997174325418133,0.099812986377877055
E153_genetic_8study,1358,0.18783283424138392,0.14601540269000104
E153_genetic_8study,1359,0.17437782962449741,0.18684190146311497
E153_genetic_8study,1360,0.2076684975697865,0.17420253545444386
E153_genetic_8study,1361,0.15338172190543323,0.1484608001881379
E153_genetic_8study,1362,0.13960789026740067,0.11563082266115196
E153_genetic_8study,1363,0.19505568913814741,0.17913966767232614
E153_genetic_8study,1364,0.17945679957888569,0.1263808660944612
E153_genetic_8study,1365,0.17560075762972299,0.15425812147303103
E153_genetic_8study,1366,0.18590904550383461,0.12845812095452744
E153_genetic_8study,1367,0.19042303134068783,0.20047212375159068
E153_genetic_8study,1368,0.17791402871455206,0.11931779941736652
E153_genetic_8study,1369,0.16779648980533937,0.10881417423423041
E153_genetic_8study,1370,0.1715545436213437,0.17920462348520749
E153_genetic_8study,1371,0.14382646428860779,0.14228509938626138
E153_genetic_8study,1372,0.15770057040963903,0.12298490650915171
E153_genetic_8study,1373,0.1460665868125513,0.16667845160967665
E153_genetic_8study,1374,0.19043217528611572,0.1514677280680253
E153_genetic_8study,1375,0.1610667471404848,0.14431239723976463
E153_genetic_8study,1376,0.18975630095778839,0.17200577242839035
E153_genetic_8study,1377,0.13712427789625209,0.17521125660776579
E153_genetic_8study,1378,0.16318923199399618,0.15256276511576319
E153_genetic_8study,1379,0.16168138772294502,0.13645317541998175
E153_genetic_8study,1380,0.16407619529884146,0.136180213178547
E153_genetic_8study,1381,0.16910694889142108,0.14605661912733858
E153_genetic_8study,1382,0.16547074506380957,0.08302688158220245
E153_genetic_8study,1383,0.15116995296791746,0.16488644602262748
E153_genetic_8study,1384,0.19493707151920206,0.13007807390852735
E153_genetic_8study,1385,0.16589209676049713,0.16264850989009488
E153_genetic_8study,1386,0.11068455344987715,0.11926340862377845
E153_genetic_8study,1387,0.17207812737138059,0.15309781575168063
E153_genetic_8study,1388,0.16471841228167927,0.12379524569233621
E153_genetic_8study,1389,0.17070945199168774,0.13013374252103804
E153_genetic_8study,1390,0.15878724745022338,0.15703277931217699
E153_genetic_8study,1391,0.14233586620610328,0.12330588952267921
E153_genetic_8study,1392,0.13922805651476125,0.11273822210510598
E153_genetic_8study,1393,0.13853167769137692,0.12205632841582874
E153_genetic_8study,1394,0.15496710191875807,0.12985603266840889
E153_genetic_8study,1395,0.11804990480149494,0.1368507565670353
E153_genetic_8study,1396,0.17508207013893237,0.16086437284966176
E153_genetic_8study,1397,0.12816610232310194,0.12094753096518007
E153_genetic_8study,1398,0.19496467508779464,0.1652573386726329
E153_genetic_8study,1399,0.15550912763223862,0.14594553304879443
E153_genetic_8study,1400,0.16323101548303665,0.11631320027020234
E153_genetic_8study,1401,0.18189776928213439,0.16279303666126949
E153_genetic_8study,1402,0.14879974302290663,0.11574140472669123
E153_genetic_8study,1403,0.15455164384499701,0.1135396924751354
E153_genetic_8study,1404,0.16059604292713175,0.13977449990635141
E153_genetic_8study,1405,0.1611800462683548,0.15402848071008796
E153_genetic_8study,1406,0.168321414322088,0.12867255367602298
E153_genetic_8study,1407,0.16988455002202318,0.12014488797799411
E153_genetic_8study,1408,0.14302979449616757,0.096452802675275923
E153_genetic_8study,1409,0.15114309348531846,0.11346507105427478
E153_genetic_8study,1410,0.16072557553477229,0.082390830815179311
E153_genetic_8study,1411,0.17033826719854261,0.16152020538878503
E153_genetic_8study,1412,0.1396369325411462,0.11514082904571199
E153_genetic_8study,1413,0.15991150415312239,0.16732960823079623
E153_genetic_8study,1414,0.16660154813311723,0.14026760794369178
E153_genetic_8study,1415,0.16004233211149127,0.12196672282433756
E153_genetic_8study,1416,0.18166066675943951,0.13503282600904395
E153_genetic_8study,1417,0.12293928449421415,0.15018258848550697
E153_genetic_8study,1418,0.1360337014406236,0.086696660541686205
E153_genetic_8study,1419,0.17105365981918627,0.12552059593154255
E153_genetic_8study,1420,0.14589250961716588,0.1323438874198421
E153_genetic_8study,1421,0.15009556743526234,0.14509333817517528
E153_genetic_8study,1422,0.15727900451288784,0.12749042437347946
E153_genetic_8study,1423,0.17384614208780858,0.12422526501802822
E153_genetic_8study,1424,0.12941671409235844,0.066204425334428663
E153_genetic_8study,1425,0.16787366453167704,0.1409924172105973
E153_genetic_8study,1426,0.17875568234070333,0.14771606526889222
E153_genetic_8study,1427,0.19164002052755186,0.17768778563951226
E153_genetic_8study,1428,0.09808659711766346,0.072006673260545065
E153_genetic_8study,1429,0.17939253989813286,0.16842508311094861
E153_genetic_8study,1430,0.14093817415511761,0.11509346678333213
E153_genetic_8study,1431,0.21661156896667683,0.19512080948000732
E153_genetic_8study,1432,0.099016028875036868,0.099628283243751448
E153_genetic_8study,1433,0.14292233698794543,0.13528833075049607
E153_genetic_8study,1434,0.20041281439640035,0.14470684942250217
E153_genetic_8study,1435,0.19829644681655512,0.18090005149006372
E153_genetic_8study,1436,0.19198603145054222,0.18629941901719765
E153_genetic_8study,1437,0.18381164316406867,0.14198756432749077
E153_genetic_8study,1438,0.11365360567316279,0.12964308198645866
E153_genetic_8study,1439,0.15440957472051994,0.11159248178504394
E153_genetic_8study,1440,0.15080066860317209,0.11272751661063299
E153_genetic_8study,1441,0.13917270302857021,0.10217290267906454
E153_genetic_8study,1442,0.14159829153783693,0.12708886338575798
E153_genetic_8study,1443,0.11916273989367999,0.12272188325981653
E153_genetic_8study,1444,0.13859692735585555,0.12275217959159569
E153_genetic_8study,1445,0.12022391708733368,0.10110611459384314
E153_genetic_8study,1446,0.11863019882656753,0.10373084112030916
E153_genetic_8study,1447,0.17780018295006123,0.16908947983980627
E153_genetic_8study,1448,0.17102239892061963,0.1663011244068987
E153_genetic_8study,1449,0.1339182293847852,0.10671692780572822
E153_genetic_8study,1450,0.16102168328035035,0.1483713689522525
E153_genetic_8study,1451,0.10841393779939487,0.088478917685996111
E153_genetic_8study,1452,0.15856719789754453,0.15555121841573913
E153_genetic_8study,1453,0.15054107637312747,0.13738547036193488
E153_genetic_8study,1454,0.15123804019981824,0.13758807723217437
E153_genetic_8study,1455,0.15609170702292097,0.13693903813822383
E153_genetic_8study,1456,0.17392993031840848,0.19042635590749712
E153_genetic_8study,1457,0.12825134686365008,0.12914191797466734
E153_genetic_8study,1458,0.13165151929208463,0.11401676988268453
E153_genetic_8study,1459,0.17523318695077389,0.13883424155099722
E153_genetic_8study,1460,0.19578886990363931,0.13153275387185814
E153_genetic_8study,1461,0.175207509815796,0.1247221753312717
E153_genetic_8study,1462,0.15427730652901919,0.15687770177208893
E153_genetic_8study,1463,0.16831646874431555,0.13050435111061662
E153_genetic_8study,1464,0.18048716133844492,0.14859727386854535
E153_genetic_8study,1465,0.13584898642399551,0.087285057471493982
E153_genetic_8study,1466,0.17686443603349872,0.15780843697216507
E153_genetic_8study,1467,0.16714474461312517,0.10847579267043794
E153_genetic_8study,1468,0.16796053109956535,0.13427200201516293
E153_genetic_8study,1469,0.10057368184555941,0.10063750237153746
E153_genetic_8study,1470,0.18622238779199934,0.085013151703610207
E153_genetic_8study,1471,0.12056973024133633,0.12054647837824281
E153_genetic_8study,1472,0.16073894230857305,0.19105501969596542
E153_genetic_8study,1473,0.13236886001690518,0.10951793056570951
E153_genetic_8study,1474,0.18202446616099222,0.13691570088713348
E153_genetic_8study,1475,0.17652711283619898,0.1327812209546306
E153_genetic_8study,1476,0.18626193574302288,0.17811294431705993
E153_genetic_8study,1477,0.13926174549518733,0.16027785885953949
E153_genetic_8study,1478,0.18044193940921427,0.13045577658412241
E153_genetic_8study,1479,0.16071800939306402,0.13210468607377623
E153_genetic_8study,1480,0.11483722625159784,0.11826563061381355
E153_genetic_8study,1481,0.15028797197889188,0.12049338642705804
E153_genetic_8study,1482,0.15035232668847726,0.1206550168038179
E153_genetic_8study,1483,0.1404258472964991,0.141427549758467
E153_genetic_8study,1484,0.16723604371239914,0.14045917891133347
E153_genetic_8study,1485,0.16785598170929811,0.15392322999176866
E153_genetic_8study,1486,0.14117722705204386,0.1121231387732156
E153_genetic_8study,1487,0.15819130634323503,0.13990508634945539
E153_genetic_8study,1488,0.17435316034029458,0.16797917528308859
E153_genetic_8study,1489,0.1784096443345497,0.14791437017692893
E153_genetic_8study,1490,0.15069924009667485,0.12865579734806437
E153_genetic_8study,1491,0.14460580388990718,0.12824863967767602
E153_genetic_8study,1492,0.12429020708609313,0.12621333423318024
E153_genetic_8study,1493,0.16482027886387468,0.16039079064164785
E153_genetic_8study,1494,0.18140810999511711,0.14816600388563364
E153_genetic_8study,1495,0.14310075407123862,0.096203167443791412
E153_genetic_8study,1496,0.18207282308371928,0.16214980115851665
E153_genetic_8study,1497,0.16158590294489672,0.12308135026254426
E153_genetic_8study,1498,0.16984469813372702,0.16524445464253446
E153_genetic_8study,1499,0.16122684128604214,0.14692544193659562
E153_genetic_8study,1500,0.21351550741382691,0.1973629993052278
E153_genetic_8study,1501,0.1598733736741203,0.17162286711776936
E153_genetic_8study,1502,0.1511629750088499,0.12573578502799393
E153_genetic_8study,1503,0.21466524846035853,0.19742889784868031
E153_genetic_8study,1504,0.14757503464327862,0.11604674911576655
E153_genetic_8study,1505,0.15265717020944775,0.14870138152840554
E153_genetic_8study,1506,0.15953026089989858,0.08363436477690725
E153_genetic_8study,1507,0.20496560290847898,0.15011894092341216
E153_genetic_8study,1508,0.14778365609515248,0.16493241878246706
E153_genetic_8study,1509,0.16157675309086766,0.12239933431826
E153_genetic_8study,1510,0.17553434100804394,0.15051781614909543
E153_genetic_8study,1511,0.18082853104947624,0.1306232186582556
E153_genetic_8study,1512,0.16687406522116077,0.13823092980309543
E153_genetic_8study,1513,0.20276663557789892,0.17330359781337906
E153_genetic_8study,1514,0.16312145460150967,0.14995263106292456
E153_genetic_8study,1515,0.14866894426995397,0.15081255671819888
E153_genetic_8study,1516,0.15317679568646003,0.11785320869009501
E153_genetic_8study,1517,0.16471659432597915,0.16786346777669309
E153_genetic_8study,1518,0.1767258230809535,0.17370532471310698
E153_genetic_8study,1519,0.11165290331636718,0.11858131678900503
E153_genetic_8study,1520,0.17488181141974227,0.12349509833919405
E153_genetic_8study,1521,0.15364737790950808,0.13082559454929021
E153_genetic_8study,1522,0.15388525276480114,0.15432104319923137
E153_genetic_8study,1523,0.17789259955923031,0.17183891777962138
E153_genetic_8study,1524,0.15385949853993275,0.1124193342958735
E153_genetic_8study,1525,0.15634854569544585,0.15571056551233048
E153_genetic_8study,1526,0.19072345585825984,0.16179422831321424
E153_genetic_8study,1527,0.15859144750136661,0.17759465357850907
E153_genetic_8study,1528,0.1550662745274288,0.13821100930812757
E153_genetic_8study,1529,0.12904011985993283,0.12865593768853684
E153_genetic_8study,1530,0.14483023156051658,0.13824654492503091
E153_genetic_8study,1531,0.13954862590553918,0.12970637762645926
E153_genetic_8study,1532,0.17231117340714791,0.18739711892710276
E153_genetic_8study,1533,0.1860321388121095,0.1506815274744682
E153_genetic_8study,1534,0.19534709379932877,0.15175199314857146
E153_genetic_8study,1535,0.14380307199390574,0.13437315045903947
E153_genetic_8study,1536,0.17694778093531296,0.1468083102416414
E153_genetic_8study,1537,0.14096824584802564,0.11402044330491869
E153_genetic_8study,1538,0.19536066567533816,0.16399842239765478
E153_genetic_8study,1539,0.17656798746369787,0.18199371959452113
E153_genetic_8study,1540,0.18100926266574086,0.16445394064584296
E153_genetic_8study,1541,0.22263016312186173,0.16087453099570606
E153_genetic_8study,1542,0.17523373726164521,0.15709946604879468
E153_genetic_8study,1543,0.15602685317489284,0.1160407484566722
E153_genetic_8study,1544,0.1343665974269298,0.13457175933791218
E153_genetic_8study,1545,0.13498738083533673,0.1315475500667731
E153_genetic_8study,1546,0.17463018105870962,0.167695902385052
E153_genetic_8study,1547,0.15747705275333063,0.12632472196046365
E153_genetic_8study,1548,0.14100060517456162,0.1344553738456917
E153_genetic_8study,1549,0.15117855423788742,0.12568764398391313
E153_genetic_8study,1550,0.17282949577064538,0.17588559866214909
E153_genetic_8study,1551,0.17883549351610084,0.15779495225173143
E153_genetic_8study,1552,0.18208502294638923,0.17378528445656374
E153_genetic_8study,1553,0.16577878479313343,0.11088913078774573
E153_genetic_8study,1554,0.13798517960630227,0.11847100632648599
E153_genetic_8study,1555,0.19086522314657095,0.1724884750528165
E153_genetic_8study,1556,0.16808489232419094,0.14886744606743874
E153_genetic_8study,1557,0.17647721360042842,0.15983184860432942
E153_genetic_8study,1558,0.14052811024881062,0.15287116780287199
E153_genetic_8study,1559,0.18916406708682995,0.17267270464270171
E153_genetic_8study,1560,0.18184696261579619,0.16465945204259905
E153_genetic_8study,1561,0.16198709522180293,0.09921475542822468
E153_genetic_8study,1562,0.16208149779197184,0.14544205852785835
E153_genetic_8study,1563,0.12175347388604706,0.10706351289954061
E153_genetic_8study,1564,0.19122650140850792,0.19117221778703489
E153_genetic_8study,1565,0.17070230492735269,0.11661908574002038
E153_genetic_8study,1566,0.20747356492648422,0.20681312448562214
E153_genetic_8study,1567,0.12995000197913323,0.10112728555567795
E153_genetic_8study,1568,0.1456274565446885,0.11046569749871181
E153_genetic_8study,1569,0.16449937221303096,0.1430440100826916
E153_genetic_8study,1570,0.17164619870205727,0.18656079147943028
E153_genetic_8study,1571,0.1551897871027858,0.15845354454427898
E153_genetic_8study,1572,0.13312219475106682,0.14269367278708611
E153_genetic_8study,1573,0.19528362318087095,0.16053053299863318
E153_genetic_8study,1574,0.19466566644712768,0.16900091928604133
E153_genetic_8study,1575,0.18439019842534538,0.13897013226760835
E153_genetic_8study,1576,0.15456442992673458,0.1425300207016067
E153_genetic_8study,1577,0.15734694959883894,0.14792598473396973
E153_genetic_8study,1578,0.21219964263137722,0.17085537416992438
E153_genetic_8study,1579,0.12808901566272629,0.10267238561634498
E153_genetic_8study,1580,0.15966046417775467,0.14096026865360453
E153_genetic_8study,1581,0.17035560080151627,0.13796297701328525
E153_genetic_8study,1582,0.18736166612597682,0.15775684650594043
E153_genetic_8study,1583,0.11944030076290438,0.082398474471145428
E153_genetic_8study,1584,0.15744558320484897,0.10379207893302858
E153_genetic_8study,1585,0.17298165053163073,0.11944669600733772
E153_genetic_8study,1586,0.16647220608620827,0.17207264713294196
E153_genetic_8study,1587,0.1618914416255707,0.11817517238005115
E153_genetic_8study,1588,0.16928565997263054,0.14428683998144559
E153_genetic_8study,1589,0.17711669968515373,0.12131089819029353
E153_genetic_8study,1590,0.1607277248215411,0.1395879640280708
E153_genetic_8study,1591,0.18684069518162313,0.15631311972457559
E153_genetic_8study,1592,0.14296671485589266,0.15464169443127634
E153_genetic_8study,1593,0.13231803941791295,0.11978492226128937
E153_genetic_8study,1594,0.16453162018209294,0.14374098703324673
E153_genetic_8study,1595,0.1856079976438213,0.1537446744589131
E153_genetic_8study,1596,0.18782395449763989,0.18567813620269324
E153_genetic_8study,1597,0.16783612879202542,0.15703403633312307
E153_genetic_8study,1598,0.18277633650395683,0.13155897170364539
E153_genetic_8study,1599,0.18912273222313519,0.20851956572539182
E153_genetic_8study,1600,0.1515300568480219,0.12517368707636811
E153_genetic_8study,1601,0.1109879023656013,0.14529016411310758
E153_genetic_8study,1602,0.14398338393790033,0.15785538665377036
E153_genetic_8study,1603,0.15274343550925121,0.13472030199899959
E153_genetic_8study,1604,0.13946717628483657,0.11884301449029805
E153_genetic_8study,1605,0.1405077560242198,0.12968620456648103
E153_genetic_8study,1606,0.15680991502182604,0.14347723688915143
E153_genetic_8study,1607,0.14346671690427629,0.13450612238156537
E153_genetic_8study,1608,0.17429699147493416,0.16243862714148832
E153_genetic_8study,1609,0.15611379470442188,0.16668592422853457
E153_genetic_8study,1610,0.17270561341210011,0.11036341945975688
E153_genetic_8study,1611,0.14173891606421735,0.14371610422456796
E153_genetic_8study,1612,0.17603917537138,0.14157211935182859
E153_genetic_8study,1613,0.13643214512734864,0.11949942918413767
E153_genetic_8study,1614,0.1503715744783069,0.17535319751495582
E153_genetic_8study,1615,0.19124139961685643,0.17933769943960648
E153_genetic_8study,1616,0.16647203039508093,0.1631147574432214
E153_genetic_8study,1617,0.17589733226969373,0.13410719982754957
E153_genetic_8study,1618,0.16282496212404654,0.14865469530419734
E153_genetic_8study,1619,0.18196602958537902,0.17196091114599027
E153_genetic_8study,1620,0.18394011178960218,0.16808933810211479
E153_genetic_8study,1621,0.1821081038922161,0.16174514868702961
E153_genetic_8study,1622,0.18290943763363016,0.1693756624894196
E153_genetic_8study,1623,0.15537233328204683,0.12774108086097796
E153_genetic_8study,1624,0.19183702242783246,0.18625038515733516
E153_genetic_8study,1625,0.16962131567940031,0.14722769888364029
E153_genetic_8study,1626,0.14608393440502324,0.16407170344316818
E153_genetic_8study,1627,0.15124423879701115,0.14941358446593156
E153_genetic_8study,1628,0.15498589249365491,0.15559547684381594
E153_genetic_8study,1629,0.15740347143240493,0.16873206415945297
E153_genetic_8study,1630,0.16772956592827948,0.17082838634153202
E153_genetic_8study,1631,0.19779858242926557,0.13575373161844284
E153_genetic_8study,1632,0.12435097612948164,0.10838950506378478
E153_genetic_8study,1633,0.18538840557061931,0.18273259361028921
E153_genetic_8study,1634,0.11873634585066598,0.12395079829617241
E153_genetic_8study,1635,0.16526924067487192,0.12646217830544229
E153_genetic_8study,1636,0.15484241115842123,0.14883151999204319
E153_genetic_8study,1637,0.17640085544561679,0.18201453841741813
E153_genetic_8study,1638,0.17962469276772741,0.11777202390953345
E153_genetic_8study,1639,0.17953827568712219,0.13062346465537789
E153_genetic_8study,1640,0.16683291156855476,0.14617210421232307
E153_genetic_8study,1641,0.1713128933231346,0.1804827904565677
E153_genetic_8study,1642,0.18132983251610102,0.19659088112871748
E153_genetic_8study,1643,0.11851758004223481,0.14149021995147049
E153_genetic_8study,1644,0.12859405609340482,0.11304170887043219
E153_genetic_8study,1645,0.15832792198614454,0.14811268457098628
E153_genetic_8study,1646,0.14843526917448335,0.18869414714603616
E153_genetic_8study,1647,0.16088755421001427,0.11338600256145684
E153_genetic_8study,1648,0.1894438932978319,0.14684110196603639
E153_genetic_8study,1649,0.14917673042190072,0.12984179218683742
E153_genetic_8study,1650,0.1261593143254606,0.1363581486599954
E153_genetic_8study,1651,0.20112542533300143,0.17021840739160538
E153_genetic_8study,1652,0.15505664796082921,0.11924426310576988
E153_genetic_8study,1653,0.15217019297909087,0.1578666687912155
E153_genetic_8study,1654,0.1756679257030703,0.1575236266233333
E153_genetic_8study,1655,0.13929622841634123,0.097383926011636243
E153_genetic_8study,1656,0.16962554521086587,0.15909505391514556
E153_genetic_8study,1657,0.19138290537851665,0.14564798744010676
E153_genetic_8study,1658,0.13404047490518789,0.12652811204132436
E153_genetic_8study,1659,0.18753586066541955,0.18882614108278806
E153_genetic_8study,1660,0.17700834677861793,0.1359064874055354
E153_genetic_8study,1661,0.20311729044817614,0.16388960549677214
E153_genetic_8study,1662,0.20189972939756445,0.16601859795217741
E153_genetic_8study,1663,0.15235002589457022,0.16009135327873622
E153_genetic_8study,1664,0.15722488896336217,0.10470240128501773
E153_genetic_8study,1665,0.15280308274203377,0.13631414013041132
E153_genetic_8study,1666,0.14980114244312245,0.14827694218592341
E153_genetic_8study,1667,0.17819825736505895,0.17518848787311764
E153_genetic_8study,1668,0.14075783238606032,0.12313949124258627
E153_genetic_8study,1669,0.13829267630137351,0.12126106753407651
E153_genetic_8study,1670,0.17381070070526716,0.17203354598988535
E153_genetic_8study,1671,0.16904637444920595,0.15628649940214301
E153_genetic_8study,1672,0.15223723274771211,0.12317932075453578
E153_genetic_8study,1673,0.17220723724074194,0.16043843666472682
E153_genetic_8study,1674,0.16372856083901716,0.12892735999715549
E153_genetic_8study,1675,0.13838705733069795,0.13313320861087041
E153_genetic_8study,1676,0.16089853485578406,0.12340720961966355
E153_genetic_8study,1677,0.17222210437688451,0.15144311439817518
E153_genetic_8study,1678,0.16728839189106678,0.14208747057181501
E153_genetic_8study,1679,0.15303944115432583,0.16132663570270794
E153_genetic_8study,1680,0.11963118782385453,0.10182229966195808
E153_genetic_8study,1681,0.17761747927724841,0.15214029564080081
E153_genetic_8study,1682,0.12443707586691963,0.14610008519587783
E153_genetic_8study,1683,0.14253808828088879,0.15229477371877348
E153_genetic_8study,1684,0.097450030879796909,0.11234019022304745
E153_genetic_8study,1685,0.13955943388403835,0.16291419625351544
E153_genetic_8study,1686,0.15737403094949592,0.12626739691960803
E153_genetic_8study,1687,0.1445400828743631,0.13112336071690112
E153_genetic_8study,1688,0.19162411681307562,0.16349883055864528
E153_genetic_8study,1689,0.14457078767957024,0.11039422040447239
E153_genetic_8study,1690,0.16826534691811471,0.18609113406457839
E153_genetic_8study,1691,0.14714969602598768,0.14100551180933441
E153_genetic_8study,1692,0.19900433939338166,0.18856942988384728
E153_genetic_8study,1693,0.19441672364470444,0.13391563107121393
E153_genetic_8study,1694,0.1744127585103159,0.13486777137960534
E153_genetic_8study,1695,0.16313086994247544,0.12809736848091113
E153_genetic_8study,1696,0.17617540551830435,0.12230751448982441
E153_genetic_8study,1697,0.17256043739602264,0.14732946795619156
E153_genetic_8study,1698,0.1886792829235556,0.15570848130254708
E153_genetic_8study,1699,0.19059719477067089,0.14175144936883907
E153_genetic_8study,1700,0.1097704190093903,0.07139307857519106
E153_genetic_8study,1701,0.14126748342762097,0.16652669535316766
E153_genetic_8study,1702,0.14208407190791422,0.10080210741918046
E153_genetic_8study,1703,0.17902178806797445,0.16280894330557377
E153_genetic_8study,1704,0.19978645602275624,0.17227944228318401
E153_genetic_8study,1705,0.1476838965751065,0.12352615790565552
E153_genetic_8study,1706,0.18071576651221066,0.19430605111321714
E153_genetic_8study,1707,0.18804916389383225,0.14858969211458489
E153_genetic_8study,1708,0.15984769532017717,0.13526754076602859
E153_genetic_8study,1709,0.1181563384007433,0.12681286186748336
E153_genetic_8study,1710,0.2065659807460502,0.19082579043293763
E153_genetic_8study,1711,0.15169713634364054,0.12764547033417872
E153_genetic_8study,1712,0.21642813832908056,0.17887645182875983
E153_genetic_8study,1713,0.14824422706291254,0.13646955253666346
E153_genetic_8study,1714,0.15658929976666175,0.13667781074701835
E153_genetic_8study,1715,0.16364490068002788,0.13889625872897882
E153_genetic_8study,1716,0.16373139128785735,0.13788856349131831
E153_genetic_8study,1717,0.19236680236799214,0.19605542616788185
E153_genetic_8study,1718,0.20223306433813854,0.1434919464072629
E153_genetic_8study,1719,0.15938184188730722,0.14825924248215822
E153_genetic_8study,1720,0.17251906635615377,0.16814807986662883
E153_genetic_8study,1721,0.16962725192043482,0.17703891080567205
E153_genetic_8study,1722,0.16180739320681531,0.15525213252827752
E153_genetic_8study,1723,0.15953430856907774,0.12405855499014722
E153_genetic_8study,1724,0.13947963680344108,0.14427308392301391
E153_genetic_8study,1725,0.16141676956624007,0.17792450766284013
E153_genetic_8study,1726,0.19164092020893342,0.16584603265026576
E153_genetic_8study,1727,0.16809699415837645,0.094800139858430776
E153_genetic_8study,1728,0.16702179492530594,0.094349394709214357
E153_genetic_8study,1729,0.15050201816214909,0.14625014703003575
E153_genetic_8study,1730,0.1445035723024623,0.12711908088367679
E153_genetic_8study,1731,0.18929097257727881,0.17153049004041099
E153_genetic_8study,1732,0.12117282948390867,0.081625497145739523
E153_genetic_8study,1733,0.1485720301399174,0.15308287329346462
E153_genetic_8study,1734,0.13089519216672621,0.12641400195463956
E153_genetic_8study,1735,0.18110246414429859,0.16344648581090701
E153_genetic_8study,1736,0.17047641942627856,0.16050816705682666
E153_genetic_8study,1737,0.15336926372634974,0.16006935516344073
E153_genetic_8study,1738,0.12651337048952005,0.12540585369188972
E153_genetic_8study,1739,0.16578396273037407,0.13882570143489675
E153_genetic_8study,1740,0.21051747301666118,0.1359815261902721
E153_genetic_8study,1741,0.12131483080166656,0.11333009980092215
E153_genetic_8study,1742,0.15505041366126662,0.16227531296689485
E153_genetic_8study,1743,0.20543687982397371,0.19516940028124319
E153_genetic_8study,1744,0.18119045609752235,0.14127181077291592
E153_genetic_8study,1745,0.19034096377535015,0.15085826762117888
E153_genetic_8study,1746,0.16476047241605241,0.11923286120634068
E153_genetic_8study,1747,0.19018597606337015,0.16475845137479017
E153_genetic_8study,1748,0.15119061966280906,0.1389635407026697
E153_genetic_8study,1749,0.18020335515287597,0.15887389655069767
E153_genetic_8study,1750,0.15954165634836379,0.14324573561080015
E153_genetic_8study,1751,0.17021367251885877,0.13683620297144961
E153_genetic_8study,1752,0.14198537550346443,0.13536456495233834
E153_genetic_8study,1753,0.18696855160288123,0.16829805864821362
E153_genetic_8study,1754,0.15730228148357306,0.14887070101004471
E153_genetic_8study,1755,0.17604708343596864,0.15064005357408866
E153_genetic_8study,1756,0.1470099865309929,0.052778569974899388
E153_genetic_8study,1757,0.14157093072260407,0.14375574959781484
E153_genetic_8study,1758,0.1798901952676466,0.15837423059605399
E153_genetic_8study,1759,0.19099718285201933,0.16148936995564606
E153_genetic_8study,1760,0.16338174214766699,0.12898768026558227
E153_genetic_8study,1761,0.1663139867002067,0.14704060013627582
E153_genetic_8study,1762,0.19837626267013941,0.14546480345544521
E153_genetic_8study,1763,0.17922301224539477,0.17572324488190794
E153_genetic_8study,1764,0.17908350279699967,0.14056575779545932
E153_genetic_8study,1765,0.22277776898585691,0.18688010583089096
E153_genetic_8study,1766,0.1041683291658175,0.099469806901841512
E153_genetic_8study,1767,0.18526044020677113,0.1047707610651335
E153_genetic_8study,1768,0.16439779512829547,0.12905037792840426
E153_genetic_8study,1769,0.1647572406971064,0.1426495343920699
E153_genetic_8study,1770,0.16078551328107069,0.14119992349834523
E153_genetic_8study,1771,0.16860246415961641,0.13336806982942401
E153_genetic_8study,1772,0.16842184718491288,0.14268799988903963
E153_genetic_8study,1773,0.16000095316352503,0.14863944037805202
E153_genetic_8study,1774,0.16427113298654822,0.17174140795514503
E153_genetic_8study,1775,0.19895318265212664,0.16190283842039666
E153_genetic_8study,1776,0.15568524432137193,0.14717789102653381
E153_genetic_8study,1777,0.17842641475493526,0.20952831367216385
E153_genetic_8study,1778,0.1773155606589305,0.136158144633164
E153_genetic_8study,1779,0.14559272665899459,0.11766916872287117
E153_genetic_8study,1780,0.20588427034121765,0.19475440369788682
E153_genetic_8study,1781,0.20267848415415163,0.17669125620682147
E153_genetic_8study,1782,0.15897342183585475,0.13224472882247873
E153_genetic_8study,1783,0.1641992617457691,0.15612689394883617
E153_genetic_8study,1784,0.15615796783508157,0.16226202491671943
E153_genetic_8study,1785,0.13591910537657576,0.12505331116814153
E153_genetic_8study,1786,0.15960639915582431,0.14601068716391619
E153_genetic_8study,1787,0.19017244113186027,0.18888792035893606
E153_genetic_8study,1788,0.13190739445332575,0.12657606237818075
E153_genetic_8study,1789,0.16212424675475162,0.13964476212587021
E153_genetic_8study,1790,0.17581015620460849,0.18162682203959926
E153_genetic_8study,1791,0.16887503527610775,0.14323922461127342
E153_genetic_8study,1792,0.14621960480992,0.12448125892894103
E153_genetic_8study,1793,0.12224358413225013,0.090997707895911162
E153_genetic_8study,1794,0.11659394365273802,0.10430352049989709
E153_genetic_8study,1795,0.16559436130399355,0.18994854617920062
E153_genetic_8study,1796,0.18569601119239998,0.16529024741507251
E153_genetic_8study,1797,0.20825090957592229,0.14876201822823368
E153_genetic_8study,1798,0.1809447758307037,0.10954008287347078
E153_genetic_8study,1799,0.16030891069478698,0.11883825916609458
E153_genetic_8study,1800,0.14825265023294548,0.14740777798102131
E153_genetic_8study,1801,0.17484508826651873,0.14861237728002857
E153_genetic_8study,1802,0.15190119357295764,0.1580115824139274
E153_genetic_8study,1803,0.1410434402121368,0.11148513753698393
E153_genetic_8study,1804,0.22666402513218092,0.20920196788552831
E153_genetic_8study,1805,0.16705573306289712,0.15753159024757446
E153_genetic_8study,1806,0.19259053363332737,0.16295655831305314
E153_genetic_8study,1807,0.14064818732977963,0.1672834038819731
E153_genetic_8study,1808,0.16710840944407607,0.1499865025046932
E153_genetic_8study,1809,0.15992268972091278,0.15902290860324539
E153_genetic_8study,1810,0.15882291913165733,0.16149766249961733
E153_genetic_8study,1811,0.16276374897047075,0.15931509342818956
E153_genetic_8study,1812,0.18035931557010318,0.16692271366596362
E153_genetic_8study,1813,0.1709478153983553,0.15173430836024571
E153_genetic_8study,1814,0.17225195099122292,0.14779651337266997
E153_genetic_8study,1815,0.1921019122903076,0.21650782054350784
E153_genetic_8study,1816,0.17593430374158392,0.14519578047850079
E153_genetic_8study,1817,0.16881985377060849,0.11982850207571978
E153_genetic_8study,1818,0.14639813357975312,0.18497071237120855
E153_genetic_8study,1819,0.18137457935144186,0.12839719545609821
E153_genetic_8study,1820,0.18779359206689611,0.15246919762219985
E153_genetic_8study,1821,0.088156281232376343,0.12182085461566362
E153_genetic_8study,1822,0.12947041324423739,0.1090362370060198
E153_genetic_8study,1823,0.13368326499252448,0.13074102494387629
E153_genetic_8study,1824,0.12898859134832838,0.11991838389386229
E153_genetic_8study,1825,0.15809241213033512,0.11738236249765646
E153_genetic_8study,1826,0.17081998261732034,0.12523477007353112
E153_genetic_8study,1827,0.14726887745181833,0.075755901853751847
E153_genetic_8study,1828,0.18397388422928412,0.14953596064298028
E153_genetic_8study,1829,0.1193719135051432,0.12404770865778492
E153_genetic_8study,1830,0.17377513760745777,0.14741443144826849
E153_genetic_8study,1831,0.14422942299363356,0.14894915150069016
E153_genetic_8study,1832,0.15741716318263266,0.15554845604000528
E153_genetic_8study,1833,0.1481584713860134,0.14437491218830512
E153_genetic_8study,1834,0.2043609295648548,0.17004272056284303
E153_genetic_8study,1835,0.18665949708554763,0.16168200379837327
E153_genetic_8study,1836,0.14786968526852581,0.12588974257159624
E153_genetic_8study,1837,0.12815123722417682,0.09174438775069324
E153_genetic_8study,1838,0.16410168124476046,0.14560931842073616
E153_genetic_8study,1839,0.18329593446640946,0.16376123499131134
E153_genetic_8study,1840,0.15087341068258689,0.14601026347151463
E153_genetic_8study,1841,0.19108323088364859,0.15705539014636638
E153_genetic_8study,1842,0.14057490875977099,0.14172665212323737
E153_genetic_8study,1843,0.14323359450340606,0.14065398725142231
E153_genetic_8study,1844,0.12004814878911638,0.096983139826558873
E153_genetic_8study,1845,0.18485362362595129,0.15127501180231651
E153_genetic_8study,1846,0.13087141965553317,0.13187577467120576
E153_genetic_8study,1847,0.20784498534130824,0.21072656767433945
E153_genetic_8study,1848,0.20755505299154853,0.1847236682699859
E153_genetic_8study,1849,0.17820970859498081,0.1759416211775526
E153_genetic_8study,1850,0.18086290604537494,0.18328183999445935
E153_genetic_8study,1851,0.16450095140975998,0.17990778701008703
E153_genetic_8study,1852,0.14530500208461658,0.12372673773930726
E153_genetic_8study,1853,0.20000752967121505,0.13786102162301125
E153_genetic_8study,1854,0.14870378928197786,0.14005647278776742
E153_genetic_8study,1855,0.16159063585870775,0.12703169053949248
E153_genetic_8study,1856,0.16346414702660189,0.12653368413707095
E153_genetic_8study,1857,0.16192446372722524,0.15233162324655511
E153_genetic_8study,1858,0.15099039884003504,0.15526506064066983
E153_genetic_8study,1859,0.1532200501904126,0.17166907424775096
E153_genetic_8study,1860,0.16195506834878687,0.16682208993966235
E153_genetic_8study,1861,0.13431446187416848,0.11674714809958593
E153_genetic_8study,1862,0.16340077040484158,0.143323296243794
E153_genetic_8study,1863,0.1398389015618926,0.14590239280719319
E153_genetic_8study,1864,0.13837720609178097,0.14408483891974333
E153_genetic_8study,1865,0.148108925627428,0.1356010033738369
E153_genetic_8study,1866,0.1231134377322587,0.13017342303665536
E153_genetic_8study,1867,0.13396602795506329,0.14948547662161399
E153_genetic_8study,1868,0.18465350248823964,0.16030221736808326
E153_genetic_8study,1869,0.14502964701416343,0.14255904335041017
E153_genetic_8study,1870,0.16801558778675912,0.14778873274704135
E153_genetic_8study,1871,0.18449775595216172,0.15564307143687844
E153_genetic_8study,1872,0.18439643393374666,0.16520658774613015
E153_genetic_8study,1873,0.19475906879262045,0.17590805530441514
E153_genetic_8study,1874,0.21845934248629914,0.22051062619346024
E153_genetic_8study,1875,0.16469307276760761,0.16182974378333476
E153_genetic_8study,1876,0.16740130024888741,0.16149618350858425
E153_genetic_8study,1877,0.14177886898689462,0.1678561238690654
E153_genetic_8study,1878,0.16769179590604943,0.15927447411007475
E153_genetic_8study,1879,0.13448632825220941,0.080650532194189106
E153_genetic_8study,1880,0.17274869924109396,0.13833429326035418
E153_genetic_8study,1881,0.16021590164293756,0.15618731884832476
E153_genetic_8study,1882,0.12454367527634581,0.15224767327284044
E153_genetic_8study,1883,0.18189430319498553,0.20551148792572929
E153_genetic_8study,1884,0.13687030814451434,0.11872786555020887
E153_genetic_8study,1885,0.11745029979293484,0.12751848140720909
E153_genetic_8study,1886,0.16383073410124555,0.13781577703093759
E153_genetic_8study,1887,0.20170890088578736,0.16664429370042658
E153_genetic_8study,1888,0.17144269179703667,0.16270454468600179
E153_genetic_8study,1889,0.16641100949583224,0.1707423449789171
E153_genetic_8study,1890,0.1430914050453726,0.11516585579202239
E153_genetic_8study,1891,0.17840157419263453,0.15448983084518703
E153_genetic_8study,1892,0.18723326296052237,0.14191507936125158
E153_genetic_8study,1893,0.16793055895782394,0.1728674869344822
E153_genetic_8study,1894,0.14947265849960317,0.14146704263006382
E153_genetic_8study,1895,0.083182945165629338,0.095854614769168262
E153_genetic_8study,1896,0.16388862635699214,0.10212233651302047
E153_genetic_8study,1897,0.20516918359066602,0.18852539704787366
E153_genetic_8study,1898,0.13413695589448385,0.12015603841186795
E153_genetic_8study,1899,0.17416413530398309,0.11454613188790076
E153_genetic_8study,1900,0.17607286910922038,0.17014760408938878
E153_genetic_8study,1901,0.15893805070644945,0.19145414208000167
E153_genetic_8study,1902,0.16360518320114267,0.119175307130489
E153_genetic_8study,1903,0.17041964091639164,0.095750425884581492
E153_genetic_8study,1904,0.17225026657762618,0.11075769973896027
E153_genetic_8study,1905,0.2024025645135617,0.18610031656331241
E153_genetic_8study,1906,0.18485486736705053,0.14216433490561167
E153_genetic_8study,1907,0.11348956458612459,0.074441111640017155
E153_genetic_8study,1908,0.11856813303944408,0.1058651900009028
E153_genetic_8study,1909,0.1554371378192545,0.1578382893937017
E153_genetic_8study,1910,0.16061665932416527,0.12306200988902341
E153_genetic_8study,1911,0.10413823561497218,0.097274680183130652
E153_genetic_8study,1912,0.14989350615402641,0.14334278150957752
E153_genetic_8study,1913,0.1283467728746357,0.10778543759777298
E153_genetic_8study,1914,0.18750241406165691,0.18269903068495219
E153_genetic_8study,1915,0.15866594797344227,0.13881593617735893
E153_genetic_8study,1916,0.17511614096500513,0.15338054296502984
E153_genetic_8study,1917,0.15140765530712766,0.13348062099405164
E153_genetic_8study,1918,0.13980750735748748,0.14247061478191769
E153_genetic_8study,1919,0.14016769207591245,0.15665230571485111
E153_genetic_8study,1920,0.19620474273397503,0.14529650822107221
E153_genetic_8study,1921,0.14588038213746554,0.11373386695522478
E153_genetic_8study,1922,0.15437765244379137,0.12735345308179433
E153_genetic_8study,1923,0.19393590330067989,0.14920381368846103
E153_genetic_8study,1924,0.13904096718639933,0.12176189467117253
E153_genetic_8study,1925,0.17038511225609287,0.13710253813225071
E153_genetic_8study,1926,0.1828251039728373,0.13311933141113028
E153_genetic_8study,1927,0.14175985126422086,0.14349345630108562
E153_genetic_8study,1928,0.19965064120812859,0.17462390441393796
E153_genetic_8study,1929,0.14947252381962772,0.15968678677346101
E153_genetic_8study,1930,0.16297176026966753,0.14274500363634648
E153_genetic_8study,1931,0.21451975669399814,0.15185655615984961
E153_genetic_8study,1932,0.19336228308008241,0.14866600033720567
E153_genetic_8study,1933,0.15027625303275727,0.13070025071083768
E153_genetic_8study,1934,0.16578201415329083,0.15301897515330409
E153_genetic_8study,1935,0.16960348613678317,0.15233854580981304
E153_genetic_8study,1936,0.16541899143477806,0.1626361637408778
E153_genetic_8study,1937,0.19460279592718582,0.15707909675655796
E153_genetic_8study,1938,0.16747682936807431,0.14561228162004303
E153_genetic_8study,1939,0.17448806065800621,0.17895802596341895
E153_genetic_8study,1940,0.16951432014139545,0.13663600427195297
E153_genetic_8study,1941,0.15501726987827213,0.15964080505993458
E153_genetic_8study,1942,0.20621889089237999,0.19420185751626415
E153_genetic_8study,1943,0.15447643637300956,0.1503326224859402
E153_genetic_8study,1944,0.17375384944378114,0.16390161927232241
E153_genetic_8study,1945,0.18047988930193959,0.16397921261458065
E153_genetic_8study,1946,0.16076770647686547,0.16226636685981929
E153_genetic_8study,1947,0.14953565695769033,0.12921551262863892
E153_genetic_8study,1948,0.13549086275482586,0.1089316315260908
E153_genetic_8study,1949,0.16188772814840408,0.13123158553532066
E153_genetic_8study,1950,0.16520506289401726,0.13050537976986859
E153_genetic_8study,1951,0.16610262336050985,0.15066130100819036
E153_genetic_8study,1952,0.13042180375111673,0.13894455606621664
E153_genetic_8study,1953,0.16835346269415236,0.13496006141428962
E153_genetic_8study,1954,0.14469511534626117,0.12861017070058739
E153_genetic_8study,1955,0.16138026983852188,0.16270473823455583
E153_genetic_8study,1956,0.18011696282540637,0.1626925740535794
E153_genetic_8study,1957,0.19978049676705206,0.15564655110415085
E153_genetic_8study,1958,0.21582683500960692,0.19447306680965995
E153_genetic_8study,1959,0.1470189838745323,0.14507339305784617
E153_genetic_8study,1960,0.17474852517478137,0.13778684930977594
E153_genetic_8study,1961,0.12954840290973971,0.15067720674129201
E153_genetic_8study,1962,0.16934443665105367,0.16658088193129322
E153_genetic_8study,1963,0.16125702322321261,0.13865226452985391
E153_genetic_8study,1964,0.16318200345063666,0.14501367842626159
E153_genetic_8study,1965,0.19325668440760874,0.16302142440801243
E153_genetic_8study,1966,0.16360264074758971,0.139068936224999
E153_genetic_8study,1967,0.18867352140050542,0.16792135753840273
E153_genetic_8study,1968,0.1562237825068509,0.15520774941973725
E153_genetic_8study,1969,0.17515332135191286,0.13612992256751233
E153_genetic_8study,1970,0.17720936153044048,0.10289682533982082
E153_genetic_8study,1971,0.13864707270887552,0.16117471829503668
E153_genetic_8study,1972,0.17836360856069478,0.18204842844826372
E153_genetic_8study,1973,0.16549028424119638,0.15092091929427937
E153_genetic_8study,1974,0.13821113127699269,0.12930689711380478
E153_genetic_8study,1975,0.19732728476589911,0.15065445774257574
E153_genetic_8study,1976,0.1803650848680409,0.13072186008301592
E153_genetic_8study,1977,0.16033655619424556,0.14739552023321623
E153_genetic_8study,1978,0.19890795076183512,0.1964590289208441
E153_genetic_8study,1979,0.14313286331627001,0.11695046916984174
E153_genetic_8study,1980,0.18694452341849993,0.18144712117318354
E153_genetic_8study,1981,0.16484296168706836,0.13314449262775999
E153_genetic_8study,1982,0.16694534530182936,0.16604683646938262
E153_genetic_8study,1983,0.1500332907262116,0.097412061920305576
E153_genetic_8study,1984,0.19248682414880219,0.16268381453403305
E153_genetic_8study,1985,0.18021574408193358,0.19851604000858544
E153_genetic_8study,1986,0.18349010046687175,0.1809123570082935
E153_genetic_8study,1987,0.16756641208436973,0.19942817499107346
E153_genetic_8study,1988,0.17851452849286176,0.15726192493133467
E153_genetic_8study,1989,0.16047159959695073,0.12627226654724016
E153_genetic_8study,1990,0.14882991988576144,0.14447895964862492
E153_genetic_8study,1991,0.13424999580999147,0.12120812741311118
E153_genetic_8study,1992,0.17087965825696594,0.11443087243532554
E153_genetic_8study,1993,0.199789427904392,0.15693635834295022
E153_genetic_8study,1994,0.15825973356326634,0.16457101391925499
E153_genetic_8study,1995,0.18412103153198639,0.16842336747555714
E153_genetic_8study,1996,0.17850188403578485,0.118281670005193
E153_genetic_8study,1997,0.13662077897298758,0.13588907821730606
E153_genetic_8study,1998,0.16612266199309964,0.12284396234601791
E153_genetic_8study,1999,0.14403078996170479,0.14886162478456474
E187_cytokine_difficulty,0,0.17981652195427472,0.20435193423646292
E187_cytokine_difficulty,1,0.14842019747751509,0.24432983029720218
E187_cytokine_difficulty,2,0.13139306238453957,0.13955230430069551
E187_cytokine_difficulty,3,0.131294874112907,0.057376159949341435
E187_cytokine_difficulty,4,0.17679847881465111,0.043962528016198044
E187_cytokine_difficulty,5,0.17645828413484121,0.073907355615722231
E187_cytokine_difficulty,6,0.171856409987309,0.09998066651604931
E187_cytokine_difficulty,7,0.14680137942499824,0.24286605529029445
E187_cytokine_difficulty,8,0.1518954701676461,0.095684998430616314
E187_cytokine_difficulty,9,0.168584251282968,0.16580128869182345
E187_cytokine_difficulty,10,0.17303067965975252,0.17523056709238236
E187_cytokine_difficulty,11,0.2545195219944637,0.29470513337430831
E187_cytokine_difficulty,12,0.18610015553690801,0.032691582515860705
E187_cytokine_difficulty,13,0.16050796029591796,0.22463375123653762
E187_cytokine_difficulty,14,0.19870604522035151,0.19960874887210805
E187_cytokine_difficulty,15,0.16120502046907551,0.19962822123015345
E187_cytokine_difficulty,16,0.1949297424524645,0.036888308057880161
E187_cytokine_difficulty,17,0.18221736385224563,0.092918130746444422
E187_cytokine_difficulty,18,0.20887129643476735,0.25237400021902429
E187_cytokine_difficulty,19,0.1114000003136033,0.1256363193167733
E187_cytokine_difficulty,20,0.13899112888055618,0.16183952934330348
E187_cytokine_difficulty,21,0.18337119372030983,0.24735306334622043
E187_cytokine_difficulty,22,0.18629428995555433,0.15921472747367155
E187_cytokine_difficulty,23,0.20809254050503487,0.12107643142947865
E187_cytokine_difficulty,24,0.16460595833915026,0.20424226085020777
E187_cytokine_difficulty,25,0.1479390692889388,0.16951981869498398
E187_cytokine_difficulty,26,0.19548367602146541,0.21822839935783628
E187_cytokine_difficulty,27,0.18983212320721757,0.16685581383145195
E187_cytokine_difficulty,28,0.19168252789934476,0.27624547811944605
E187_cytokine_difficulty,29,0.19819053555550814,0.22981242361767285
E187_cytokine_difficulty,30,0.16651065191667988,0.055943929134079272
E187_cytokine_difficulty,31,0.12163595126004789,0.10618034695150275
E187_cytokine_difficulty,32,0.16336423304864853,0.17344846077641859
E187_cytokine_difficulty,33,0.19762672287470956,0.13826618885838315
E187_cytokine_difficulty,34,0.1862870594982097,0.20006618690759101
E187_cytokine_difficulty,35,0.19785216552526666,0.12126728617965732
E187_cytokine_difficulty,36,0.18392767859234768,0.22069172529323242
E187_cytokine_difficulty,37,0.19991563263054907,0.15402567474384843
E187_cytokine_difficulty,38,0.17175538451655614,0.1301328472077552
E187_cytokine_difficulty,39,0.1542010106539303,0.14436383311448076
E187_cytokine_difficulty,40,0.20297323649272214,0.24624683015398235
E187_cytokine_difficulty,41,0.14501208194954399,0.17966448209774608
E187_cytokine_difficulty,42,0.15490519911026807,0.18361505992258079
E187_cytokine_difficulty,43,0.16924964016495309,0.25614723888728663
E187_cytokine_difficulty,44,0.23043035503503514,0.18431092395094476
E187_cytokine_difficulty,45,0.14261843049666545,0.17542057250995235
E187_cytokine_difficulty,46,0.16467631745493883,0.1112927920715818
E187_cytokine_difficulty,47,0.1991132157863415,0.17143931683472366
E187_cytokine_difficulty,48,0.21416449397674986,0.24022667235955963
E187_cytokine_difficulty,49,0.18563333675941873,0.058339732356135134
E187_cytokine_difficulty,50,0.22077930679330374,0.19884782922462813
E187_cytokine_difficulty,51,0.20561282415021132,0.13940637975679868
E187_cytokine_difficulty,52,0.14442510540368522,0.21236690536515129
E187_cytokine_difficulty,53,0.17465508410399058,0.13436274046294747
E187_cytokine_difficulty,54,0.19263888277640404,0.25171565694296355
E187_cytokine_difficulty,55,0.1463606910588782,0.17224331611495633
E187_cytokine_difficulty,56,0.20103046152240273,0.12714525731051293
E187_cytokine_difficulty,57,0.15458782982704186,0.13015426980994096
E187_cytokine_difficulty,58,0.13119154338474928,0.19898647696902122
E187_cytokine_difficulty,59,0.14989073918594312,0.20537482433727514
E187_cytokine_difficulty,60,0.1797658365718787,0.16738070798419774
E187_cytokine_difficulty,61,0.17648679787250635,0.27449238511236657
E187_cytokine_difficulty,62,0.18418823387021155,0.11181791973934742
E187_cytokine_difficulty,63,0.19508021777307408,0.19635830344686081
E187_cytokine_difficulty,64,0.12049172324865641,0.14936503203118626
E187_cytokine_difficulty,65,0.23224519256282919,0.075685757767627232
E187_cytokine_difficulty,66,0.16741495864523764,0.18633049801526835
E187_cytokine_difficulty,67,0.17749692187106941,0.16875685943249577
E187_cytokine_difficulty,68,0.15285833861275031,0.15779972754886154
E187_cytokine_difficulty,69,0.20566483649733827,0.059072923000459868
E187_cytokine_difficulty,70,0.21392715177231772,0.15041304655371313
E187_cytokine_difficulty,71,0.23057890618612198,0.21480537607638989
E187_cytokine_difficulty,72,0.20169424903606978,0.20983384825624982
E187_cytokine_difficulty,73,0.23031478006152406,0.19769762923122353
E187_cytokine_difficulty,74,0.12401741821943128,0.20270768913924006
E187_cytokine_difficulty,75,0.18262425482929828,0.071216753883558664
E187_cytokine_difficulty,76,0.17803958226763505,0.13975567865648761
E187_cytokine_difficulty,77,0.24726942814161135,0.28558441441469701
E187_cytokine_difficulty,78,0.16191859981100445,0.24237596480315088
E187_cytokine_difficulty,79,0.18454610468683078,0.3009025769984337
E187_cytokine_difficulty,80,0.1638754911635914,0.10294976537684539
E187_cytokine_difficulty,81,0.15212483194690096,0.13763392873672212
E187_cytokine_difficulty,82,0.16486775074043489,0.18615999150898777
E187_cytokine_difficulty,83,0.15994990639809242,0.15629405409041661
E187_cytokine_difficulty,84,0.19144969561716665,0.20199541073195737
E187_cytokine_difficulty,85,0.17095155144305918,0.082629102580712224
E187_cytokine_difficulty,86,0.14025081317809171,0.14618515305648677
E187_cytokine_difficulty,87,0.20522514925662427,0.24749817102784613
E187_cytokine_difficulty,88,0.22042752927839238,0.22764458877372645
E187_cytokine_difficulty,89,0.16862187037878806,0.066277263348488699
E187_cytokine_difficulty,90,0.19162303961740965,0.13866043505086925
E187_cytokine_difficulty,91,0.15745030496555656,0.16159014389533602
E187_cytokine_difficulty,92,0.15751625225274518,0.12845690904310683
E187_cytokine_difficulty,93,0.18931623285026075,0.14535321780301874
E187_cytokine_difficulty,94,0.23584848251632096,0.096913722406823929
E187_cytokine_difficulty,95,0.18405245230456008,0.20529370597054508
E187_cytokine_difficulty,96,0.17173734706837529,0.17807106667052905
E187_cytokine_difficulty,97,0.12572912001676706,0.11351260955432185
E187_cytokine_difficulty,98,0.23120664501370761,0.19116784552549262
E187_cytokine_difficulty,99,0.19957020026327321,0.27421810192107021
E187_cytokine_difficulty,100,0.19815865376861438,0.25169201650501655
E187_cytokine_difficulty,101,0.17511325702625635,0.17730837353567144
E187_cytokine_difficulty,102,0.16875404566634614,0.15022726457840763
E187_cytokine_difficulty,103,0.18082973624635673,0.1994368790052882
E187_cytokine_difficulty,104,0.16615178270865838,0.15452151630774003
E187_cytokine_difficulty,105,0.21716885492291937,0.16059117322806982
E187_cytokine_difficulty,106,0.18080979253025697,0.20466017913067996
E187_cytokine_difficulty,107,0.15845821119320971,0.14231873425870861
E187_cytokine_difficulty,108,0.11239721043623842,0.181475996116748
E187_cytokine_difficulty,109,0.19214715717860445,0.16465677030090728
E187_cytokine_difficulty,110,0.19689969905457161,0.23347928104299212
E187_cytokine_difficulty,111,0.16548555759002964,0.23686366129544639
E187_cytokine_difficulty,112,0.17690310881978413,0.14447994187684093
E187_cytokine_difficulty,113,0.17767338935332297,0.14987280391080537
E187_cytokine_difficulty,114,0.18208381407274699,0.19573515021396232
E187_cytokine_difficulty,115,0.20999955293529726,0.2139435148934194
E187_cytokine_difficulty,116,0.11175771834411531,0.10661867188057056
E187_cytokine_difficulty,117,0.13710281907718624,0.12279453115722609
E187_cytokine_difficulty,118,0.17665191215682383,0.16848137214304207
E187_cytokine_difficulty,119,0.19305436631386746,0.16784313257391548
E187_cytokine_difficulty,120,0.13510493777996363,0.11776234673193302
E187_cytokine_difficulty,121,0.11353063818227453,0.15280217766714482
E187_cytokine_difficulty,122,0.22491708459065302,0.24411669693393329
E187_cytokine_difficulty,123,0.23176400738908176,0.11296561677480875
E187_cytokine_difficulty,124,0.18956758651317129,0.17845428875599809
E187_cytokine_difficulty,125,0.1387140352992968,0.23303024009283757
E187_cytokine_difficulty,126,0.18766423095877963,0.095338284738237675
E187_cytokine_difficulty,127,0.14035872034316318,0.17371911707843563
E187_cytokine_difficulty,128,0.18631028033087538,0.25465938499102547
E187_cytokine_difficulty,129,0.22161416777789833,0.15988842231827693
E187_cytokine_difficulty,130,0.17898652443014573,0.18709069254227814
E187_cytokine_difficulty,131,0.15306196841264663,0.17759780527128494
E187_cytokine_difficulty,132,0.21717138330492256,0.20121616217853155
E187_cytokine_difficulty,133,0.1605460575289715,0.16441395319108518
E187_cytokine_difficulty,134,0.14497868865046229,0.13472231943362248
E187_cytokine_difficulty,135,0.17730006583018876,0.20274856875839356
E187_cytokine_difficulty,136,0.15055193345863002,0.12922534095280647
E187_cytokine_difficulty,137,0.19915784120224805,0.15985096235737042
E187_cytokine_difficulty,138,0.16128362810500826,0.23518267132700735
E187_cytokine_difficulty,139,0.14677680712021288,0.20937230644907096
E187_cytokine_difficulty,140,0.14547172220487675,0.07608652150444481
E187_cytokine_difficulty,141,0.14327933433617027,0.053905618934351265
E187_cytokine_difficulty,142,0.13159869921025175,0.10553828473804212
E187_cytokine_difficulty,143,0.14083873271238201,0.18213883117447144
E187_cytokine_difficulty,144,0.17832648549988525,0.2551063101317485
E187_cytokine_difficulty,145,0.1535235158368039,0.13758596633077452
E187_cytokine_difficulty,146,0.14550921687080051,0.1217116956448621
E187_cytokine_difficulty,147,0.11462611680090019,0.12898740588264387
E187_cytokine_difficulty,148,0.16756775178087457,0.08251613095117899
E187_cytokine_difficulty,149,0.18916222678065728,0.22664034041501177
E187_cytokine_difficulty,150,0.16372387746859626,0.16175683101594263
E187_cytokine_difficulty,151,0.25132018231091641,0.20524297601442326
E187_cytokine_difficulty,152,0.157399029329683,0.10194554665775225
E187_cytokine_difficulty,153,0.16295772747165718,0.13161846808941652
E187_cytokine_difficulty,154,0.20544557247642414,0.1960860068841799
E187_cytokine_difficulty,155,0.15933575668117303,0.096016971053584158
E187_cytokine_difficulty,156,0.19577092004578758,0.20599761922860491
E187_cytokine_difficulty,157,0.12754904223646571,0.10368345285038205
E187_cytokine_difficulty,158,0.2089896141778248,0.19354956733321158
E187_cytokine_difficulty,159,0.14141745735515107,0.18334764975654286
E187_cytokine_difficulty,160,0.13856883193380481,0.1432196390868973
E187_cytokine_difficulty,161,0.26352148048282287,0.28330311013816328
E187_cytokine_difficulty,162,0.18339548530960378,0.15276982699106909
E187_cytokine_difficulty,163,0.22890469386701209,0.060378292338430575
E187_cytokine_difficulty,164,0.16938841895092338,0.089965937336586685
E187_cytokine_difficulty,165,0.1408397806151292,0.11433712046733598
E187_cytokine_difficulty,166,0.13222653708065038,0.17139471326218328
E187_cytokine_difficulty,167,0.14360188093566728,0.16745753149452808
E187_cytokine_difficulty,168,0.18879308429535854,0.14699975080467653
E187_cytokine_difficulty,169,0.20528056298435307,0.17969377155839131
E187_cytokine_difficulty,170,0.15307768821051426,0.13192504444920733
E187_cytokine_difficulty,171,0.23220154279816971,0.20509284459939919
E187_cytokine_difficulty,172,0.11959277581066426,0.2387303357083061
E187_cytokine_difficulty,173,0.21280897353446754,0.16166550774622812
E187_cytokine_difficulty,174,0.18153142659699395,0.14345605060398064
E187_cytokine_difficulty,175,0.15679560534319256,0.056767044729204554
E187_cytokine_difficulty,176,0.16527261918793568,0.22470690178715777
E187_cytokine_difficulty,177,0.16857309617030874,0.21441497691767972
E187_cytokine_difficulty,178,0.18770764193198775,0.15601627001543106
E187_cytokine_difficulty,179,0.19718955128434598,0.21737089979680543
E187_cytokine_difficulty,180,0.16116397394153373,0.13464823210469296
E187_cytokine_difficulty,181,0.12844233680669967,0.18189076103106219
E187_cytokine_difficulty,182,0.14353599416222476,0.18783804642302038
E187_cytokine_difficulty,183,0.15305265492324716,0.28240031586481912
E187_cytokine_difficulty,184,0.15902543473165048,0.15374274270948188
E187_cytokine_difficulty,185,0.13857092355249975,0.11084681386325689
E187_cytokine_difficulty,186,0.1398302347284528,0.12371581521613909
E187_cytokine_difficulty,187,0.19372072590491538,0.24006366903010795
E187_cytokine_difficulty,188,0.20974961518841462,0.17654457858924341
E187_cytokine_difficulty,189,0.20829074355273478,0.14498061545644708
E187_cytokine_difficulty,190,0.14282983525259982,0.14104170486342252
E187_cytokine_difficulty,191,0.17131075845070629,0.1074960076707807
E187_cytokine_difficulty,192,0.090663271640207252,0.20842844585867987
E187_cytokine_difficulty,193,0.17532045062127,0.20755271330104874
E187_cytokine_difficulty,194,0.14708059141151233,0.17628444235542151
E187_cytokine_difficulty,195,0.15503414630710391,0.24677262365732969
E187_cytokine_difficulty,196,0.12999029659607431,0.18014937042576507
E187_cytokine_difficulty,197,0.18200325191151337,0.27444050023461652
E187_cytokine_difficulty,198,0.13711825368371083,0.084331366209400654
E187_cytokine_difficulty,199,0.17519335787945192,0.085020366196782673
E187_cytokine_difficulty,200,0.15017240249195798,0.12748767172504916
E187_cytokine_difficulty,201,0.14102885352352304,0.0084516265756787601
E187_cytokine_difficulty,202,0.19135422957570386,0.12868067227090124
E187_cytokine_difficulty,203,0.16087562612685316,0.18325941076208224
E187_cytokine_difficulty,204,0.20825567579447501,0.20067867882165094
E187_cytokine_difficulty,205,0.13728525374526168,0.19344994167659346
E187_cytokine_difficulty,206,0.16713362052332026,0.098969287100938871
E187_cytokine_difficulty,207,0.21867334881533965,0.21151073983387356
E187_cytokine_difficulty,208,0.16932711122222097,0.19552035931522377
E187_cytokine_difficulty,209,0.23023972368573462,0.24172089545309669
E187_cytokine_difficulty,210,0.25880857085020298,0.27944648012285178
E187_cytokine_difficulty,211,0.15518365955899646,0.10099166399699835
E187_cytokine_difficulty,212,0.20803547242515452,0.21062220578401736
E187_cytokine_difficulty,213,0.19600114421255987,0.19889757999284952
E187_cytokine_difficulty,214,0.16384461227484215,0.21335529637314504
E187_cytokine_difficulty,215,0.15885306993532036,0.086166655285797422
E187_cytokine_difficulty,216,0.2061831484652504,0.16748396753608935
E187_cytokine_difficulty,217,0.22662616615724362,0.22035820419446511
E187_cytokine_difficulty,218,0.15726067806084404,0.14118887207959407
E187_cytokine_difficulty,219,0.15668719236769424,0.20286949157294923
E187_cytokine_difficulty,220,0.17207569820382257,0.12763869986004747
E187_cytokine_difficulty,221,0.10615641083587886,0.037479409779609139
E187_cytokine_difficulty,222,0.15362699964507201,0.11045702927777969
E187_cytokine_difficulty,223,0.19624189856594074,0.31408208991687786
E187_cytokine_difficulty,224,0.10860863116135588,0.18179467445519037
E187_cytokine_difficulty,225,0.17184212492737194,0.17051327939758881
E187_cytokine_difficulty,226,0.16458698893921281,0.1923841959791541
E187_cytokine_difficulty,227,0.115442876673469,0.15575838940667772
E187_cytokine_difficulty,228,0.2351332731381629,0.17999342540011884
E187_cytokine_difficulty,229,0.15543112455632493,0.12598966619648044
E187_cytokine_difficulty,230,0.1558558224163413,0.15767596103684131
E187_cytokine_difficulty,231,0.10966859306270227,0.11724058318399165
E187_cytokine_difficulty,232,0.15509743840310994,0.18327815062688677
E187_cytokine_difficulty,233,0.1764494099381648,0.046921013798642434
E187_cytokine_difficulty,234,0.20103276957505059,0.115751324180747
E187_cytokine_difficulty,235,0.2213294331890307,0.16401670026628848
E187_cytokine_difficulty,236,0.17758742559633844,0.23675914399600448
E187_cytokine_difficulty,237,0.22457847288889621,0.18160899907553169
E187_cytokine_difficulty,238,0.21387347641023433,0.20765522146943799
E187_cytokine_difficulty,239,0.15590100300397502,0.17078420697880886
E187_cytokine_difficulty,240,0.19025706819836685,0.1714475117792599
E187_cytokine_difficulty,241,0.18706905309637212,0.15302656995450484
E187_cytokine_difficulty,242,0.1325751215304615,0.26384844500106752
E187_cytokine_difficulty,243,0.17150212911660287,0.26790547763776584
E187_cytokine_difficulty,244,0.14099219484475181,0.22954477086857322
E187_cytokine_difficulty,245,0.19659430186267449,0.18222632215541465
E187_cytokine_difficulty,246,0.1967565594431876,0.14082042350463381
E187_cytokine_difficulty,247,0.15341698831617082,0.059639773375880327
E187_cytokine_difficulty,248,0.22436213824642079,0.13882327778914119
E187_cytokine_difficulty,249,0.20306211399154747,0.17375909374786835
E187_cytokine_difficulty,250,0.19163605072077253,0.15982668821877286
E187_cytokine_difficulty,251,0.17869918303229829,0.1579830844817168
E187_cytokine_difficulty,252,0.17889465112908293,0.18389250957894165
E187_cytokine_difficulty,253,0.30419276411436225,0.15053383373691936
E187_cytokine_difficulty,254,0.15942787499356242,0.12996042004926486
E187_cytokine_difficulty,255,0.2188236135081856,0.20047399824539544
E187_cytokine_difficulty,256,0.18930276909227758,0.12261095248554114
E187_cytokine_difficulty,257,0.19820368510633127,0.15437016457833391
E187_cytokine_difficulty,258,0.17447711911019989,0.083633733833276436
E187_cytokine_difficulty,259,0.21140198912289379,0.19703558498328436
E187_cytokine_difficulty,260,0.22358347583154223,0.06358154735325855
E187_cytokine_difficulty,261,0.19089051624660658,0.16646736813561469
E187_cytokine_difficulty,262,0.17762840404159799,0.17391900539690378
E187_cytokine_difficulty,263,0.17300089153620488,0.057642829057438692
E187_cytokine_difficulty,264,0.17639616953995832,0.1112802763275475
E187_cytokine_difficulty,265,0.20003161140340098,0.15566586918409805
E187_cytokine_difficulty,266,0.16712809748495963,0.23319630929397919
E187_cytokine_difficulty,267,0.23410979066359752,0.24273600796708567
E187_cytokine_difficulty,268,0.16080370265169933,0.15672152192984709
E187_cytokine_difficulty,269,0.15516824826854961,0.10842391915817574
E187_cytokine_difficulty,270,0.17770362612889382,0.13622539103360598
E187_cytokine_difficulty,271,0.12237510536303263,0.18152681512240298
E187_cytokine_difficulty,272,0.20401632705907344,0.20993002217649692
E187_cytokine_difficulty,273,0.22623464969703203,0.16726564488212703
E187_cytokine_difficulty,274,0.14796878434190358,0.10554518862563493
E187_cytokine_difficulty,275,0.13601594298113784,0.21618909608774212
E187_cytokine_difficulty,276,0.10601166707159888,0.21065475714812767
E187_cytokine_difficulty,277,0.15516122760599596,0.16703719634396164
E187_cytokine_difficulty,278,0.17508795305900152,0.19945652045128551
E187_cytokine_difficulty,279,0.17517911389301008,0.12593707199518997
E187_cytokine_difficulty,280,0.18828115332502102,0.22960391719703246
E187_cytokine_difficulty,281,0.10043537009947734,0.13205002980984326
E187_cytokine_difficulty,282,0.16529046585609511,0.10319487875104032
E187_cytokine_difficulty,283,0.1783712795798014,0.19022932381522864
E187_cytokine_difficulty,284,0.17789482161183476,0.10387963805518406
E187_cytokine_difficulty,285,0.17393777731524152,0.14990250023807719
E187_cytokine_difficulty,286,0.17546687006787731,0.14027208180361181
E187_cytokine_difficulty,287,0.20213533175184586,0.168236523738341
E187_cytokine_difficulty,288,0.1391996273440734,0.17789723103543517
E187_cytokine_difficulty,289,0.2003355263501862,0.10828943212232518
E187_cytokine_difficulty,290,0.21874305193674828,0.22724334906800622
E187_cytokine_difficulty,291,0.17492663941721212,0.26653796022878745
E187_cytokine_difficulty,292,0.17246567992085399,0.099361802812493336
E187_cytokine_difficulty,293,0.1887448678242741,0.14206268529351834
E187_cytokine_difficulty,294,0.16976416902822086,0.22231971656574662
E187_cytokine_difficulty,295,0.19292052293956094,0.19984698201632103
E187_cytokine_difficulty,296,0.18425955465142291,0.16031304705800548
E187_cytokine_difficulty,297,0.24356198733573572,0.1160111263972049
E187_cytokine_difficulty,298,0.22644796166354214,0.089858681965798742
E187_cytokine_difficulty,299,0.11482907292684214,0.16117412600809075
E187_cytokine_difficulty,300,0.14266371046563039,0.21088383173841305
E187_cytokine_difficulty,301,0.11656198590837387,0.10978817045530967
E187_cytokine_difficulty,302,0.20897727172894259,0.12793309347294216
E187_cytokine_difficulty,303,0.21280045086023913,0.15150939530575291
E187_cytokine_difficulty,304,0.15316435060944961,0.22269231608935364
E187_cytokine_difficulty,305,0.17358651913918666,0.25979826189509525
E187_cytokine_difficulty,306,0.18963496292442328,0.089514463296290647
E187_cytokine_difficulty,307,0.20759913489045156,0.11403533313909853
E187_cytokine_difficulty,308,0.17493109514876118,0.18444905241103926
E187_cytokine_difficulty,309,0.18941859002142178,0.17764007841539101
E187_cytokine_difficulty,310,0.23993152030073239,0.15453620861990047
E187_cytokine_difficulty,311,0.13686886337335713,0.15800766882715683
E187_cytokine_difficulty,312,0.1435403486437343,0.10652132422965203
E187_cytokine_difficulty,313,0.14987350108779857,0.11414344163031254
E187_cytokine_difficulty,314,0.19696350704120133,0.069425578396813306
E187_cytokine_difficulty,315,0.20687518936273994,0.14574327423605482
E187_cytokine_difficulty,316,0.19015532383854947,0.23626103993942646
E187_cytokine_difficulty,317,0.19705833939458392,0.022866287991367862
E187_cytokine_difficulty,318,0.18832689658158466,0.22634259442422824
E187_cytokine_difficulty,319,0.1535964509192827,0.17249958958797051
E187_cytokine_difficulty,320,0.18449953160795077,0.086497179281579184
E187_cytokine_difficulty,321,0.18496947455951893,0.20719077504910483
E187_cytokine_difficulty,322,0.17127957530277077,0.17614778555137198
E187_cytokine_difficulty,323,0.25220280401941431,0.23735454831249389
E187_cytokine_difficulty,324,0.14966247525512397,0.17750097102983414
E187_cytokine_difficulty,325,0.18005919718435046,0.11387711312061925
E187_cytokine_difficulty,326,0.15496677591477381,0.19404342845836772
E187_cytokine_difficulty,327,0.21131774465709655,0.10633294062557466
E187_cytokine_difficulty,328,0.19378075816492735,0.18646924679729351
E187_cytokine_difficulty,329,0.20093331588799893,0.091196231178779952
E187_cytokine_difficulty,330,0.21469316211333789,0.28188411239173089
E187_cytokine_difficulty,331,0.18040653226279157,0.16643048987878195
E187_cytokine_difficulty,332,0.19067242644350815,0.20399686940527706
E187_cytokine_difficulty,333,0.097750721175535085,0.17883258613377437
E187_cytokine_difficulty,334,0.18117085459827864,0.18236654515855039
E187_cytokine_difficulty,335,0.15254109649040626,0.17382698669239258
E187_cytokine_difficulty,336,0.15974319339855347,0.26780947577909014
E187_cytokine_difficulty,337,0.1839441477586353,0.11042119633765575
E187_cytokine_difficulty,338,0.19667941526523591,0.037120784371095041
E187_cytokine_difficulty,339,0.1352969527057451,0.15515723877975529
E187_cytokine_difficulty,340,0.22049448238818969,0.22019731313135707
E187_cytokine_difficulty,341,0.14207424194290999,0.12143700525755498
E187_cytokine_difficulty,342,0.13892901950961392,0.11442620427227713
E187_cytokine_difficulty,343,0.18056232236941339,0.23839258661815413
E187_cytokine_difficulty,344,0.2157135320843564,0.12468025885590539
E187_cytokine_difficulty,345,0.16292972433210542,0.14397882192822592
E187_cytokine_difficulty,346,0.18577872017072131,0.16389600478030844
E187_cytokine_difficulty,347,0.13564804613110323,0.15363396302795482
E187_cytokine_difficulty,348,0.14350488541700554,0.15930775788670218
E187_cytokine_difficulty,349,0.187392521622752,0.20728095189375362
E187_cytokine_difficulty,350,0.12822949091637362,0.17224693402689531
E187_cytokine_difficulty,351,0.16336384654241981,0.097459414218743184
E187_cytokine_difficulty,352,0.18101477122070117,0.062033917994525012
E187_cytokine_difficulty,353,0.20424566083032381,0.21515187884307999
E187_cytokine_difficulty,354,0.091457197168196808,0.2643858399104882
E187_cytokine_difficulty,355,0.20004936923579908,0.19720108390627988
E187_cytokine_difficulty,356,0.12176432243244918,0.15578004115558836
E187_cytokine_difficulty,357,0.16249178280301113,0.18364084195134797
E187_cytokine_difficulty,358,0.32531495726337034,0.20035383277915272
E187_cytokine_difficulty,359,0.15605177278502302,0.12914035537786286
E187_cytokine_difficulty,360,0.17607326278892924,0.26044011897069436
E187_cytokine_difficulty,361,0.15034973229798759,0.17307144406120914
E187_cytokine_difficulty,362,0.17073036467023081,0.11413754615014074
E187_cytokine_difficulty,363,0.14102752368178759,0.16529838879953715
E187_cytokine_difficulty,364,0.19792994907588599,0.1882032699194128
E187_cytokine_difficulty,365,0.14673502580620648,0.084603318587373022
E187_cytokine_difficulty,366,0.1610090814945058,0.017036556434112133
E187_cytokine_difficulty,367,0.20889078414472095,0.011811284853243299
E187_cytokine_difficulty,368,0.11606568811805427,0.16444120409060228
E187_cytokine_difficulty,369,0.15835396804125224,0.23940427552767138
E187_cytokine_difficulty,370,0.23626272739967147,0.22204448409234523
E187_cytokine_difficulty,371,0.18455697028686036,0.091883756848489873
E187_cytokine_difficulty,372,0.17355775472823132,0.24894150089477582
E187_cytokine_difficulty,373,0.11236240659023718,0.16002001923705986
E187_cytokine_difficulty,374,0.17906689694269617,0.1825940083886135
E187_cytokine_difficulty,375,0.19346899676390847,0.12759344290389604
E187_cytokine_difficulty,376,0.21636982267665394,0.22762528144419444
E187_cytokine_difficulty,377,0.16072693125378165,0.2435038377973737
E187_cytokine_difficulty,378,0.21694565763457307,0.23585007348971715
E187_cytokine_difficulty,379,0.1979057674209081,0.12924155685435113
E187_cytokine_difficulty,380,0.23494536262524532,0.23193141959571048
E187_cytokine_difficulty,381,0.19971914017232498,0.07987948659188461
E187_cytokine_difficulty,382,0.13012938780211833,0.18137691236308814
E187_cytokine_difficulty,383,0.17200308751420312,0.23764904040777285
E187_cytokine_difficulty,384,0.15600513685166997,0.17470510281743443
E187_cytokine_difficulty,385,0.19817673118327467,0.17165691973558322
E187_cytokine_difficulty,386,0.15417933586058594,-0.006436718900662667
E187_cytokine_difficulty,387,0.17312755401071789,0.17713190357055722
E187_cytokine_difficulty,388,0.17239636509708306,0.097602601120978641
E187_cytokine_difficulty,389,0.20862507800294075,0.21630957821983085
E187_cytokine_difficulty,390,0.16063420446797136,0.074146025905928004
E187_cytokine_difficulty,391,0.22918138850397371,0.2150825607985476
E187_cytokine_difficulty,392,0.25872144160140598,0.17942371952438432
E187_cytokine_difficulty,393,0.1826207261722709,0.25664464756318722
E187_cytokine_difficulty,394,0.19416127098658156,0.14325708089363129
E187_cytokine_difficulty,395,0.20222615755117104,0.19065671604008075
E187_cytokine_difficulty,396,0.11942157911984863,0.13159884744369013
E187_cytokine_difficulty,397,0.25955417395735636,0.21798298709512187
E187_cytokine_difficulty,398,0.15847601930136423,0.22180654526843344
E187_cytokine_difficulty,399,0.20659536409264428,0.15813730060788833
E187_cytokine_difficulty,400,0.1608792149383779,0.21972968719927052
E187_cytokine_difficulty,401,0.21344003979909298,0.12325283585427269
E187_cytokine_difficulty,402,0.1779789027491995,0.17758266189883551
E187_cytokine_difficulty,403,0.17355655655306271,0.17721831175326541
E187_cytokine_difficulty,404,0.20610470086148533,0.055980942060752617
E187_cytokine_difficulty,405,0.16131393023302759,0.12973219818732296
E187_cytokine_difficulty,406,0.21179441881975702,0.18000414886086258
E187_cytokine_difficulty,407,0.19830863707081359,0.20847064273023561
E187_cytokine_difficulty,408,0.17555183123391735,0.16190719502026507
E187_cytokine_difficulty,409,0.19273895070384986,0.23956354091069232
E187_cytokine_difficulty,410,0.16589504598914115,0.14164918351588671
E187_cytokine_difficulty,411,0.14467724340049096,0.10183550362972868
E187_cytokine_difficulty,412,0.22123052633840032,0.19672595800514575
E187_cytokine_difficulty,413,0.13342939045059268,0.23351489214137164
E187_cytokine_difficulty,414,0.16597539225131253,0.21586366962221365
E187_cytokine_difficulty,415,0.20491718526524202,0.060449212437168692
E187_cytokine_difficulty,416,0.18074361738058456,0.18251031107611074
E187_cytokine_difficulty,417,0.18944389792776103,0.18755308044655561
E187_cytokine_difficulty,418,0.16896897797618313,0.13720854865235338
E187_cytokine_difficulty,419,0.15779887045146321,0.11309693469312418
E187_cytokine_difficulty,420,0.1922040864568581,0.18485040446988646
E187_cytokine_difficulty,421,0.15163269171342456,0.12363820457920846
E187_cytokine_difficulty,422,0.20850646830710345,0.1745673944078259
E187_cytokine_difficulty,423,0.16958095297970374,0.13945803725781755
E187_cytokine_difficulty,424,0.21931288382534278,0.24032776708037518
E187_cytokine_difficulty,425,0.17088337927333899,0.20206493755649757
E187_cytokine_difficulty,426,0.16483718975743028,0.22367132525499281
E187_cytokine_difficulty,427,0.17242727718616646,0.12137978244578283
E187_cytokine_difficulty,428,0.16040033507684934,0.1658899111655236
E187_cytokine_difficulty,429,0.18757630604819847,0.093750882880154679
E187_cytokine_difficulty,430,0.13313049314540248,0.1530631793958597
E187_cytokine_difficulty,431,0.18310639035292969,0.19812873278498744
E187_cytokine_difficulty,432,0.22751778509245704,0.20290342053941754
E187_cytokine_difficulty,433,0.19130587324196044,0.14484602801574434
E187_cytokine_difficulty,434,0.21529482767824729,0.16721163617653384
E187_cytokine_difficulty,435,0.18804212811870538,0.24954568423677309
E187_cytokine_difficulty,436,0.23845440063545398,0.24113500371637231
E187_cytokine_difficulty,437,0.18341479942284397,0.1668926634253344
E187_cytokine_difficulty,438,0.15944438860721979,0.26780503010192508
E187_cytokine_difficulty,439,0.21796150971889794,0.23606834339390842
E187_cytokine_difficulty,440,0.17506450078623192,0.18533084162976574
E187_cytokine_difficulty,441,0.21132337052158093,0.15017415207633264
E187_cytokine_difficulty,442,0.17144643611895194,0.12393976068401649
E187_cytokine_difficulty,443,0.11389708971038308,0.14396989434845875
E187_cytokine_difficulty,444,0.23022786999668032,0.094304611972044594
E187_cytokine_difficulty,445,0.16950348797796327,0.19241908255268106
E187_cytokine_difficulty,446,0.15026411522086411,0.17357857449567293
E187_cytokine_difficulty,447,0.18043608207749043,0.086798004093087841
E187_cytokine_difficulty,448,0.15444004846907547,0.22156694749575379
E187_cytokine_difficulty,449,0.14670460260100485,0.22960854115893203
E187_cytokine_difficulty,450,0.20330016588448574,0.14563509426240029
E187_cytokine_difficulty,451,0.18596029578135495,0.27441909042386825
E187_cytokine_difficulty,452,0.20976581304383024,0.25797503689614387
E187_cytokine_difficulty,453,0.21272467683220164,0.14974957651388132
E187_cytokine_difficulty,454,0.23999169080333582,0.31024299794130494
E187_cytokine_difficulty,455,0.10897581302061622,0.21551560427842278
E187_cytokine_difficulty,456,0.17215393227999429,0.25765649346621738
E187_cytokine_difficulty,457,0.24807874959627382,0.25280057282960489
E187_cytokine_difficulty,458,0.14629690008959892,0.084158889211676233
E187_cytokine_difficulty,459,0.14935334618746576,0.26666159292273595
E187_cytokine_difficulty,460,0.1544182739410658,0.17613691264759093
E187_cytokine_difficulty,461,0.19295829411571686,0.17329453684235635
E187_cytokine_difficulty,462,0.15808807721590282,0.17152317356521782
E187_cytokine_difficulty,463,0.20111616984823399,0.15965369222347189
E187_cytokine_difficulty,464,0.22268645592385078,0.11276113714320521
E187_cytokine_difficulty,465,0.21482337427795936,0.23703187563066894
E187_cytokine_difficulty,466,0.13427256740379781,0.16654575842901811
E187_cytokine_difficulty,467,0.18971382949781443,0.024804523762601602
E187_cytokine_difficulty,468,0.14693200768707868,0.1232146521683304
E187_cytokine_difficulty,469,0.1785503477422247,0.15721911670520725
E187_cytokine_difficulty,470,0.17859032903497496,0.12865448826631604
E187_cytokine_difficulty,471,0.15639142162756478,0.17656178278858603
E187_cytokine_difficulty,472,0.17564887616209759,0.069303253169272813
E187_cytokine_difficulty,473,0.2000214546726124,0.01982295056227491
E187_cytokine_difficulty,474,0.12542709774153307,0.13479304145568108
E187_cytokine_difficulty,475,0.19051506900430371,0.21084792559021967
E187_cytokine_difficulty,476,0.22585106562732468,0.18238775033578336
E187_cytokine_difficulty,477,0.17362548091290092,0.23563555127988153
E187_cytokine_difficulty,478,0.16382637273098763,0.055296699239006028
E187_cytokine_difficulty,479,0.20684453553267532,0.25406223916466414
E187_cytokine_difficulty,480,0.27290648196371103,0.19145435879394376
E187_cytokine_difficulty,481,0.20605535888659304,0.12293720400342892
E187_cytokine_difficulty,482,0.20924915302972213,0.26231136018232165
E187_cytokine_difficulty,483,0.15934462122900844,0.073377626412715863
E187_cytokine_difficulty,484,0.17989624563336151,0.22075465613032252
E187_cytokine_difficulty,485,0.15197243898981949,0.2071060964462321
E187_cytokine_difficulty,486,0.19412557635270733,0.22755029940783575
E187_cytokine_difficulty,487,0.19786349702163283,0.1746987071511909
E187_cytokine_difficulty,488,0.22632176311143598,0.18368444634807224
E187_cytokine_difficulty,489,0.19476800821659337,0.20942176741883695
E187_cytokine_difficulty,490,0.18243828946653065,0.20081195808417548
E187_cytokine_difficulty,491,0.19957318948749955,0.051805553799496348
E187_cytokine_difficulty,492,0.14300671367231063,0.17899291437407255
E187_cytokine_difficulty,493,0.19113937211638785,0.21106988370274621
E187_cytokine_difficulty,494,0.21768951967301201,0.22879652869120667
E187_cytokine_difficulty,495,0.20214567043980894,0.12022967799051984
E187_cytokine_difficulty,496,0.12351038365185242,0.14540774043277677
E187_cytokine_difficulty,497,0.15302890444869019,0.080755239423978151
E187_cytokine_difficulty,498,0.18601063161690432,0.1880968311388635
E187_cytokine_difficulty,499,0.15516303823904612,0.14722930338636359
E187_cytokine_difficulty,500,0.13783856174751696,0.13999947740783819
E187_cytokine_difficulty,501,0.1523760132118229,0.19498404095861535
E187_cytokine_difficulty,502,0.14915573939340662,0.14517684653233001
E187_cytokine_difficulty,503,0.21643388627040749,0.1323383579042158
E187_cytokine_difficulty,504,0.20503350430944534,0.09461770009935154
E187_cytokine_difficulty,505,0.17644119283635828,0.15590731579781436
E187_cytokine_difficulty,506,0.22763730727131076,0.12977904485467015
E187_cytokine_difficulty,507,0.13979448172191258,0.12645833999458272
E187_cytokine_difficulty,508,0.13726663243467524,0.15871473998023436
E187_cytokine_difficulty,509,0.1473819901704462,0.073704832459502823
E187_cytokine_difficulty,510,0.16377269319218352,0.1801299307678699
E187_cytokine_difficulty,511,0.1472255725363458,0.097442299105575336
E187_cytokine_difficulty,512,0.11351650017899768,0.040605768090645339
E187_cytokine_difficulty,513,0.18359030000874033,0.21497485167127123
E187_cytokine_difficulty,514,0.15594986118438117,0.18470736911680405
E187_cytokine_difficulty,515,0.19074533230160992,0.029735491823994382
E187_cytokine_difficulty,516,0.17675938725372856,0.11748409689742677
E187_cytokine_difficulty,517,0.24959119140411781,0.24833970440361561
E187_cytokine_difficulty,518,0.15478653788925981,0.16054256969023123
E187_cytokine_difficulty,519,0.1694675474336296,0.20831866600424234
E187_cytokine_difficulty,520,0.23106526518732728,0.21992568910064422
E187_cytokine_difficulty,521,0.19504251289669047,0.20133798031440839
E187_cytokine_difficulty,522,0.12813668016635402,0.16000067343379909
E187_cytokine_difficulty,523,0.16736294628624612,0.23098568646500073
E187_cytokine_difficulty,524,0.21986396444985537,0.097278337589333311
E187_cytokine_difficulty,525,0.15916196270117197,0.17432231118988753
E187_cytokine_difficulty,526,0.16926170519308317,0.24890393684025391
E187_cytokine_difficulty,527,0.22110227070843394,0.15592153575270595
E187_cytokine_difficulty,528,0.15377544966847354,0.19161906667546383
E187_cytokine_difficulty,529,0.16567416193751272,0.18012424429896315
E187_cytokine_difficulty,530,0.22422902049388613,0.14646034463457513
E187_cytokine_difficulty,531,0.18632310929520865,0.038552244471639456
E187_cytokine_difficulty,532,0.18834444415809062,0.23095121848711878
E187_cytokine_difficulty,533,0.15733483841541118,0.26560480632756134
E187_cytokine_difficulty,534,0.19421430523226588,0.18691206095718479
E187_cytokine_difficulty,535,0.15454719099247252,0.17770971065988878
E187_cytokine_difficulty,536,0.097781932332684521,0.12382822620624048
E187_cytokine_difficulty,537,0.15870052680645899,0.045217903276608261
E187_cytokine_difficulty,538,0.13946354154959259,0.19629618037072136
E187_cytokine_difficulty,539,0.17327439134567399,0.18388679289866905
E187_cytokine_difficulty,540,0.19449527135762454,0.10251812785436171
E187_cytokine_difficulty,541,0.12490485826775412,0.27047617968829218
E187_cytokine_difficulty,542,0.15485920299828726,0.151713459686349
E187_cytokine_difficulty,543,0.21535492650064769,0.31722690809201243
E187_cytokine_difficulty,544,0.2003694962485307,0.23346755889530138
E187_cytokine_difficulty,545,0.17054246325584796,0.15992113590428536
E187_cytokine_difficulty,546,0.2251318924377094,0.27658798996139478
E187_cytokine_difficulty,547,0.20114720728400062,0.1329026003089803
E187_cytokine_difficulty,548,0.17663246831631363,0.17609800689241309
E187_cytokine_difficulty,549,0.16239441609612609,0.096209645737265953
E187_cytokine_difficulty,550,0.17008005176064875,0.27219727176763842
E187_cytokine_difficulty,551,0.20125745831451139,0.12725656532144583
E187_cytokine_difficulty,552,0.13935590184720428,0.24067936922284372
E187_cytokine_difficulty,553,0.19643794936199147,0.13397861270754374
E187_cytokine_difficulty,554,0.12191611391183448,0.23989177853626559
E187_cytokine_difficulty,555,0.20371890697279949,0.1299531807962378
E187_cytokine_difficulty,556,0.14678313947471966,0.10294291397114473
E187_cytokine_difficulty,557,0.18674344259812289,0.13333442677862631
E187_cytokine_difficulty,558,0.16514567382400222,0.12063480451021182
E187_cytokine_difficulty,559,0.2353889821335767,0.2112470516721236
E187_cytokine_difficulty,560,0.18226034434610081,0.17514671733893908
E187_cytokine_difficulty,561,0.097129008063335187,0.17915934921153592
E187_cytokine_difficulty,562,0.19076915514660331,0.21144196185053002
E187_cytokine_difficulty,563,0.14935565717732277,0.16297560100318814
E187_cytokine_difficulty,564,0.14357915239393246,0.22082233446491131
E187_cytokine_difficulty,565,0.17449677006709505,0.21896094229342156
E187_cytokine_difficulty,566,0.17394518240759302,0.24710061518502124
E187_cytokine_difficulty,567,0.17682301417155841,0.18956924069840078
E187_cytokine_difficulty,568,0.18196872696504759,0.24140943209697216
E187_cytokine_difficulty,569,0.1960853372225328,0.11278565093147067
E187_cytokine_difficulty,570,0.17048495407622449,0.16552785878860499
E187_cytokine_difficulty,571,0.1392281252609571,0.056461986247521474
E187_cytokine_difficulty,572,0.21021534764482475,0.15066233064980339
E187_cytokine_difficulty,573,0.20013687188671114,0.070617169004816252
E187_cytokine_difficulty,574,0.21565095993000336,0.24804195565292531
E187_cytokine_difficulty,575,0.19225631640111041,0.27398390566463815
E187_cytokine_difficulty,576,0.2122887782122552,0.19433742905978055
E187_cytokine_difficulty,577,0.13613543004113662,0.20597355897412675
E187_cytokine_difficulty,578,0.24567654238200948,0.26700139334201201
E187_cytokine_difficulty,579,0.21553010056141841,0.22293473647224937
E187_cytokine_difficulty,580,0.23203490564382812,0.1739791117963233
E187_cytokine_difficulty,581,0.17096784975296039,0.06819003718908502
E187_cytokine_difficulty,582,0.12800932957775191,0.13885235959215314
E187_cytokine_difficulty,583,0.17640953675019311,0.17380266930536878
E187_cytokine_difficulty,584,0.19768704740412713,0.19563642853365662
E187_cytokine_difficulty,585,0.15164386987749315,0.09599191946375854
E187_cytokine_difficulty,586,0.16642194382307643,0.14652806323089454
E187_cytokine_difficulty,587,0.22121671891952469,0.21718999549381743
E187_cytokine_difficulty,588,0.18163883490504418,0.047188229638188604
E187_cytokine_difficulty,589,0.23222489222743548,0.23492379665293864
E187_cytokine_difficulty,590,0.16268880305480979,0.13802248383242907
E187_cytokine_difficulty,591,0.2256672948237588,0.20221708957328816
E187_cytokine_difficulty,592,0.22861248373396623,0.25057949881037928
E187_cytokine_difficulty,593,0.1662971661759037,0.17392021288025614
E187_cytokine_difficulty,594,0.18592280528106564,0.12350295132365406
E187_cytokine_difficulty,595,0.18575438611902229,0.18939644217457063
E187_cytokine_difficulty,596,0.18578766471552458,0.12896240174222737
E187_cytokine_difficulty,597,0.18475329679176741,0.20660937215839803
E187_cytokine_difficulty,598,0.15093597673855538,0.16740358416867213
E187_cytokine_difficulty,599,0.23168830890466374,0.18081335968792625
E187_cytokine_difficulty,600,0.24990828184703687,0.26576135366051024
E187_cytokine_difficulty,601,0.20868200956411756,0.15631595598924644
E187_cytokine_difficulty,602,0.17117585302374283,0.26537910418439592
E187_cytokine_difficulty,603,0.20290441283463584,0.23005847789109382
E187_cytokine_difficulty,604,0.1866819957057661,0.19528749693126507
E187_cytokine_difficulty,605,0.19705413840645725,0.11674029697514057
E187_cytokine_difficulty,606,0.19138899742441043,0.18517205567627454
E187_cytokine_difficulty,607,0.20237932178242693,0.13239107059453437
E187_cytokine_difficulty,608,0.092353062989447329,0.1365030915268072
E187_cytokine_difficulty,609,0.194411008132649,0.20705521267475768
E187_cytokine_difficulty,610,0.19040709184957264,0.12571161809999609
E187_cytokine_difficulty,611,0.17881156311935828,0.099327920905804168
E187_cytokine_difficulty,612,0.16654379037558933,0.10738531284842509
E187_cytokine_difficulty,613,0.23140701645920617,0.11625917809354026
E187_cytokine_difficulty,614,0.14978071337656101,0.11687368861396275
E187_cytokine_difficulty,615,0.14553113204182577,0.16273432293450588
E187_cytokine_difficulty,616,0.14653958452074528,0.21394226894326526
E187_cytokine_difficulty,617,0.22378668129949628,0.12322247074140996
E187_cytokine_difficulty,618,0.1451324782082902,0.056156601940422421
E187_cytokine_difficulty,619,0.16990350447892194,0.15042414475145535
E187_cytokine_difficulty,620,0.23330877777682918,0.2251336852046335
E187_cytokine_difficulty,621,0.18690750680997661,0.14116588659034301
E187_cytokine_difficulty,622,0.18809892996254038,0.22344252344072221
E187_cytokine_difficulty,623,0.14890965741169554,0.13864150261246028
E187_cytokine_difficulty,624,0.16875842175409719,0.11816758472651681
E187_cytokine_difficulty,625,0.18459940495899077,0.11518592477939418
E187_cytokine_difficulty,626,0.16123127233582946,0.22816966436522984
E187_cytokine_difficulty,627,0.10141384502180867,0.17214173537605701
E187_cytokine_difficulty,628,0.19563810903089243,0.16296743622042237
E187_cytokine_difficulty,629,0.1365059073155101,0.19131180015949628
E187_cytokine_difficulty,630,0.14612086262965254,0.2123956618296412
E187_cytokine_difficulty,631,0.15800251180987734,0.21938631175524595
E187_cytokine_difficulty,632,0.15227033883240657,0.10378740584524211
E187_cytokine_difficulty,633,0.15811721060047193,0.2310938171969221
E187_cytokine_difficulty,634,0.11745457466176501,0.1551889092782604
E187_cytokine_difficulty,635,0.20301143619254497,0.16105748734504144
E187_cytokine_difficulty,636,0.23906531819794974,0.12135785861965355
E187_cytokine_difficulty,637,0.18147334922957015,0.16693000103844668
E187_cytokine_difficulty,638,0.1478205178269304,0.21046941425108515
E187_cytokine_difficulty,639,0.14458933657994058,0.13152890784229562
E187_cytokine_difficulty,640,0.14907464009087887,0.13023754000838556
E187_cytokine_difficulty,641,0.24072735102681628,0.22771973379376126
E187_cytokine_difficulty,642,0.16286011637891121,0.13417593676005532
E187_cytokine_difficulty,643,0.20206183946046907,0.19835523203878153
E187_cytokine_difficulty,644,0.16258672403330221,0.19519490965025815
E187_cytokine_difficulty,645,0.16132457308261142,0.25776386360708964
E187_cytokine_difficulty,646,0.16710057050357627,0.15086711970462199
E187_cytokine_difficulty,647,0.18068219168992924,0.28298751312828596
E187_cytokine_difficulty,648,0.21147232586304096,0.15123171482053099
E187_cytokine_difficulty,649,0.18019519292782188,0.15668197223835181
E187_cytokine_difficulty,650,0.17018957328742323,0.16479222272241975
E187_cytokine_difficulty,651,0.19191470688980902,0.14750866605920659
E187_cytokine_difficulty,652,0.11887121560115563,0.054734504348570023
E187_cytokine_difficulty,653,0.19234746570758163,0.28528068135227308
E187_cytokine_difficulty,654,0.18987791317852321,0.16595041273947594
E187_cytokine_difficulty,655,0.13706552691165461,0.089754496700593614
E187_cytokine_difficulty,656,0.1500366603506742,0.15711871817286743
E187_cytokine_difficulty,657,0.15113190214091518,0.1612688805834365
E187_cytokine_difficulty,658,0.12902996907246095,0.13920975535177621
E187_cytokine_difficulty,659,0.13362128232470957,0.16334651739028982
E187_cytokine_difficulty,660,0.151637896195292,0.15036085969946406
E187_cytokine_difficulty,661,0.18592122701163327,0.11837141902223933
E187_cytokine_difficulty,662,0.16683374337675774,0.052481247933300626
E187_cytokine_difficulty,663,0.18124426521948336,0.23144003363644111
E187_cytokine_difficulty,664,0.18269946776244586,0.066868308459586925
E187_cytokine_difficulty,665,0.1986715434556259,0.20240720934806711
E187_cytokine_difficulty,666,0.22010794922592086,0.18503157836872239
E187_cytokine_difficulty,667,0.17229240301638629,0.15585613006032323
E187_cytokine_difficulty,668,0.18925063264447445,0.28464426231803031
E187_cytokine_difficulty,669,0.14733734711165,0.10921438513181894
E187_cytokine_difficulty,670,0.14846855802854964,0.17971122548625068
E187_cytokine_difficulty,671,0.20642330708214404,0.18376991902018308
E187_cytokine_difficulty,672,0.16399529244773856,0.20935830537857389
E187_cytokine_difficulty,673,0.17599801717845986,0.054495684416799181
E187_cytokine_difficulty,674,0.1167097482659353,0.13052334986310565
E187_cytokine_difficulty,675,0.14468234917763426,0.25361501061504049
E187_cytokine_difficulty,676,0.18258305479683198,0.21890770927406167
E187_cytokine_difficulty,677,0.17739099125367816,0.19664346244664394
E187_cytokine_difficulty,678,0.19695429318436408,0.14236056147549689
E187_cytokine_difficulty,679,0.13232824412195576,0.14511270091085565
E187_cytokine_difficulty,680,0.18805137725449908,0.18993854638627919
E187_cytokine_difficulty,681,0.16907564223325364,0.14494571840047449
E187_cytokine_difficulty,682,0.22920843863522647,0.1828280893180079
E187_cytokine_difficulty,683,0.19380390084306939,0.21057155641418876
E187_cytokine_difficulty,684,0.17796800535271928,0.084303794342054025
E187_cytokine_difficulty,685,0.2704794016387248,0.26917476502436066
E187_cytokine_difficulty,686,0.21761687014021872,0.15305324101211973
E187_cytokine_difficulty,687,0.1872738429270126,0.19824717849962259
E187_cytokine_difficulty,688,0.13201782484985086,0.21794842410523885
E187_cytokine_difficulty,689,0.21374406848607341,0.15333633421725903
E187_cytokine_difficulty,690,0.15684247306874158,0.25810694238272719
E187_cytokine_difficulty,691,0.19505766312405845,0.12399545464245858
E187_cytokine_difficulty,692,0.15704628660510148,0.077426048734631339
E187_cytokine_difficulty,693,0.18687467126199869,0.2132528812365945
E187_cytokine_difficulty,694,0.17484168146840726,0.18577988249357746
E187_cytokine_difficulty,695,0.17878982182654882,0.18242772479141359
E187_cytokine_difficulty,696,0.20082002028265275,0.1313405221744367
E187_cytokine_difficulty,697,0.14865592543646142,0.11198017186249964
E187_cytokine_difficulty,698,0.16792319977228545,0.16017883325030419
E187_cytokine_difficulty,699,0.15146435215028081,0.2055520737382103
E187_cytokine_difficulty,700,0.19946236087571989,0.23695251625810143
E187_cytokine_difficulty,701,0.21984815294318083,0.20792905400326869
E187_cytokine_difficulty,702,0.19981113020457955,0.22561505547150484
E187_cytokine_difficulty,703,0.16527071766317983,0.24101644161223482
E187_cytokine_difficulty,704,0.17708006150354549,0.20446708036256636
E187_cytokine_difficulty,705,0.1788880001241403,0.21207383057411008
E187_cytokine_difficulty,706,0.15138633005304264,0.1860729078917881
E187_cytokine_difficulty,707,0.21120041893870389,0.18706944959562549
E187_cytokine_difficulty,708,0.18429494066385219,0.09307814609692304
E187_cytokine_difficulty,709,0.12458539254307684,0.13005175167164065
E187_cytokine_difficulty,710,0.31461144384137507,0.23093067991332533
E187_cytokine_difficulty,711,0.21123152181098662,0.2391090880199134
E187_cytokine_difficulty,712,0.15308816730171074,0.18344405171303227
E187_cytokine_difficulty,713,0.21832818381603436,0.20413116166377185
E187_cytokine_difficulty,714,0.1966141109612411,0.28797029462791146
E187_cytokine_difficulty,715,0.17319062994268655,0.22971041688674501
E187_cytokine_difficulty,716,0.18970883406118841,0.20273584222234017
E187_cytokine_difficulty,717,0.14848532690409172,-0.033627030440572664
E187_cytokine_difficulty,718,0.18343728473668597,0.18069777122598271
E187_cytokine_difficulty,719,0.17675041866892657,0.26091001527461549
E187_cytokine_difficulty,720,0.10949450114969883,0.21576180849672857
E187_cytokine_difficulty,721,0.19655264631411226,0.13084171446082754
E187_cytokine_difficulty,722,0.19060898852278749,0.12567951365385399
E187_cytokine_difficulty,723,0.19291409545686924,0.28442634924158822
E187_cytokine_difficulty,724,0.16509128259081488,0.086020859980990877
E187_cytokine_difficulty,725,0.2157174628583288,0.1141713310457332
E187_cytokine_difficulty,726,0.15815226564225479,0.096937749754932162
E187_cytokine_difficulty,727,0.19888349014493278,0.18507548896046017
E187_cytokine_difficulty,728,0.20336728380433736,0.011787939866339752
E187_cytokine_difficulty,729,0.1683502103230301,0.10585070839044119
E187_cytokine_difficulty,730,0.20784763793440772,0.068946304790539384
E187_cytokine_difficulty,731,0.21031939050958595,0.24655828957969664
E187_cytokine_difficulty,732,0.1869726423046349,0.2273772982520888
E187_cytokine_difficulty,733,0.14735574175580143,0.28785309045307395
E187_cytokine_difficulty,734,0.25547310290869824,0.16852819343718212
E187_cytokine_difficulty,735,0.1438815469414135,0.16109234379839474
E187_cytokine_difficulty,736,0.21852903145075264,0.112274371476292
E187_cytokine_difficulty,737,0.16335311257339849,0.11852291464613178
E187_cytokine_difficulty,738,0.1688144560148622,0.21287679231269524
E187_cytokine_difficulty,739,0.17803544044179906,0.25670503835094621
E187_cytokine_difficulty,740,0.15018090599350961,0.15034927317222846
E187_cytokine_difficulty,741,0.16507752498656558,0.15892025936441068
E187_cytokine_difficulty,742,0.13581613485988386,0.16496548215687593
E187_cytokine_difficulty,743,0.20327254004058762,0.28105225101302428
E187_cytokine_difficulty,744,0.14967619848337674,0.20691481193021163
E187_cytokine_difficulty,745,0.17807281460189903,0.11521133645166132
E187_cytokine_difficulty,746,0.15564577666056789,0.059567103589869178
E187_cytokine_difficulty,747,0.19617281915967724,0.2450613801369097
E187_cytokine_difficulty,748,0.13746135602713477,0.18706266171388974
E187_cytokine_difficulty,749,0.12398245729738691,0.1990925891678629
E187_cytokine_difficulty,750,0.22662928701318921,0.20147196253310157
E187_cytokine_difficulty,751,0.21524319582312601,0.18510929501544551
E187_cytokine_difficulty,752,0.16253445698005897,0.12561353958706215
E187_cytokine_difficulty,753,0.19275838519476896,0.16683023908542072
E187_cytokine_difficulty,754,0.17727512789902697,0.21344248046070372
E187_cytokine_difficulty,755,0.22396885689114324,0.15790857585285617
E187_cytokine_difficulty,756,0.16673923917504185,0.16469225749423425
E187_cytokine_difficulty,757,0.16243422888417688,0.14756477216580663
E187_cytokine_difficulty,758,0.14766695067627181,0.18149404793273605
E187_cytokine_difficulty,759,0.1688034114536843,0.24297921375684492
E187_cytokine_difficulty,760,0.1895078345140507,0.17852789605299671
E187_cytokine_difficulty,761,0.15621971694240472,0.21377806827842419
E187_cytokine_difficulty,762,0.19268105064650404,0.15458255922548578
E187_cytokine_difficulty,763,0.21104807306277662,0.22491955654026113
E187_cytokine_difficulty,764,0.1790088664236284,0.17817798070469129
E187_cytokine_difficulty,765,0.19940834407349681,0.16044349118263976
E187_cytokine_difficulty,766,0.15011465577939051,0.16786290765722153
E187_cytokine_difficulty,767,0.24725205671544501,0.22511218637404398
E187_cytokine_difficulty,768,0.18291628582067956,0.17113904079537282
E187_cytokine_difficulty,769,0.14953689685900609,0.11678601971096565
E187_cytokine_difficulty,770,0.15153406162852773,0.11052199269044631
E187_cytokine_difficulty,771,0.16244674852332694,0.16260923391796775
E187_cytokine_difficulty,772,0.17475588516766782,0.21708974907525769
E187_cytokine_difficulty,773,0.17372630161162661,0.099819866110582661
E187_cytokine_difficulty,774,0.14357561496001683,0.21032938072544791
E187_cytokine_difficulty,775,0.16462740241302184,0.15413007867689485
E187_cytokine_difficulty,776,0.20351408089419087,0.11648489789449386
E187_cytokine_difficulty,777,0.16506876251037533,0.16418759314487924
E187_cytokine_difficulty,778,0.24176983305382854,0.27333238485373523
E187_cytokine_difficulty,779,0.19292562134074329,0.25349959129664323
E187_cytokine_difficulty,780,0.21816534220893471,0.16393694302508668
E187_cytokine_difficulty,781,0.20760951443586384,0.19840436581726148
E187_cytokine_difficulty,782,0.22410074679917585,0.210000183398593
E187_cytokine_difficulty,783,0.14383317027483258,0.16016275129696853
E187_cytokine_difficulty,784,0.11363880900628243,0.23546804610099892
E187_cytokine_difficulty,785,0.19958336529572837,0.21763374170597244
E187_cytokine_difficulty,786,0.12989050170855007,0.14275696781682062
E187_cytokine_difficulty,787,0.22695529303651124,0.24755599753545549
E187_cytokine_difficulty,788,0.20959896874632336,0.18447394275520887
E187_cytokine_difficulty,789,0.19377858540312701,0.19288676951836786
E187_cytokine_difficulty,790,0.27956639739771172,0.13076614235870068
E187_cytokine_difficulty,791,0.18451991984240426,0.23462373724394464
E187_cytokine_difficulty,792,0.15985664751143858,0.10368754878173764
E187_cytokine_difficulty,793,0.12925062392915435,0.11228531849081869
E187_cytokine_difficulty,794,0.2098736738950063,0.099161749053761336
E187_cytokine_difficulty,795,0.20438654661863934,0.17841094072045913
E187_cytokine_difficulty,796,0.11555086816488434,0.12685470226042847
E187_cytokine_difficulty,797,0.18142646427841394,0.16226223857393329
E187_cytokine_difficulty,798,0.17260038781208634,0.15073609011764011
E187_cytokine_difficulty,799,0.19383467769870596,0.25929033527031659
E187_cytokine_difficulty,800,0.15135149861428379,0.038526931632964098
E187_cytokine_difficulty,801,0.19865609923345828,0.13807756143987152
E187_cytokine_difficulty,802,0.11188169508951117,0.17859116459235289
E187_cytokine_difficulty,803,0.15483483742879553,0.23175651516000634
E187_cytokine_difficulty,804,0.14732683500699115,0.25112596890447469
E187_cytokine_difficulty,805,0.11600618774069725,0.19824293834644627
E187_cytokine_difficulty,806,0.16317135987445811,0.27318703320050353
E187_cytokine_difficulty,807,0.20663102686689735,0.3081047051512662
E187_cytokine_difficulty,808,0.14914957990593306,0.20775293945392637
E187_cytokine_difficulty,809,0.18651260570585546,0.25431626305539623
E187_cytokine_difficulty,810,0.1857471486170536,0.13888127402572509
E187_cytokine_difficulty,811,0.10183250295409262,0.18010362581475589
E187_cytokine_difficulty,812,0.20441819915783963,0.17416416136089408
E187_cytokine_difficulty,813,0.17914397232789991,0.17274614063073712
E187_cytokine_difficulty,814,0.17460259123798169,0.15191624022521966
E187_cytokine_difficulty,815,0.17440958194002698,0.11126330202501614
E187_cytokine_difficulty,816,0.13922727945132857,0.119077405579349
E187_cytokine_difficulty,817,0.18093983501947083,0.24594735861051825
E187_cytokine_difficulty,818,0.1645924480686064,0.16395937749875497
E187_cytokine_difficulty,819,0.23030339005256334,0.14878737735389502
E187_cytokine_difficulty,820,0.19930557840906479,0.29915247678021695
E187_cytokine_difficulty,821,0.14684951520969483,0.22107030824320437
E187_cytokine_difficulty,822,0.20581117080759639,0.25422858609205684
E187_cytokine_difficulty,823,0.15917235109268335,0.19493567250180033
E187_cytokine_difficulty,824,0.19140931538341352,0.11355933883106871
E187_cytokine_difficulty,825,0.25724096621089798,0.22216908513206379
E187_cytokine_difficulty,826,0.15228452234242199,0.0075932977717075925
E187_cytokine_difficulty,827,0.18601397429332042,0.18523155291416105
E187_cytokine_difficulty,828,0.19195451264326083,0.18415647733403714
E187_cytokine_difficulty,829,0.1454461016603619,0.070357832192517178
E187_cytokine_difficulty,830,0.20585423195804434,0.29761569012401845
E187_cytokine_difficulty,831,0.10267066966727671,0.1404495849512325
E187_cytokine_difficulty,832,0.14656745461974413,0.14968167485729067
E187_cytokine_difficulty,833,0.17385237631059039,0.13166910935471685
E187_cytokine_difficulty,834,0.1592569045180724,0.20990177098764212
E187_cytokine_difficulty,835,0.22530509537490898,0.16020511187873468
E187_cytokine_difficulty,836,0.19349680650710641,0.21481634218035281
E187_cytokine_difficulty,837,0.17705901563559862,0.17359116536735036
E187_cytokine_difficulty,838,0.16511488374347102,0.040613388268774746
E187_cytokine_difficulty,839,0.17769412291073294,0.21183519670375917
E187_cytokine_difficulty,840,0.20032127577201586,0.15337421149535088
E187_cytokine_difficulty,841,0.2311006805762171,0.20336065429641054
E187_cytokine_difficulty,842,0.1664263895609914,0.078382184480670539
E187_cytokine_difficulty,843,0.068591653344570888,0.17991079586873726
E187_cytokine_difficulty,844,0.14808256731003347,0.22643487962098366
E187_cytokine_difficulty,845,0.14698358584891177,0.20966479637055241
E187_cytokine_difficulty,846,0.15627365658521059,0.095773108161757187
E187_cytokine_difficulty,847,0.22967871888945285,0.20663039781189119
E187_cytokine_difficulty,848,0.1791557178802356,0.15122397944030963
E187_cytokine_difficulty,849,0.17678406596273066,0.16449092779400176
E187_cytokine_difficulty,850,0.14895071729672094,0.22278330932109666
E187_cytokine_difficulty,851,0.16331511402085339,0.10239424248867277
E187_cytokine_difficulty,852,0.20560815023850826,0.04219844671364633
E187_cytokine_difficulty,853,0.17947804644409307,0.11151389880693476
E187_cytokine_difficulty,854,0.21511757365422926,0.19060913892597633
E187_cytokine_difficulty,855,0.20616658532255216,0.19256729487499821
E187_cytokine_difficulty,856,0.17581902485496667,0.21323175639480052
E187_cytokine_difficulty,857,0.22404255544628604,0.27903850540523956
E187_cytokine_difficulty,858,0.23927772056667782,0.22411710182807607
E187_cytokine_difficulty,859,0.18498397934699098,0.15769650288776277
E187_cytokine_difficulty,860,0.17326208442984245,0.23754444383220463
E187_cytokine_difficulty,861,0.18264433322945953,0.095269137023096917
E187_cytokine_difficulty,862,0.14774602257503802,0.12883809141068572
E187_cytokine_difficulty,863,0.10077098281606288,0.080577380839152002
E187_cytokine_difficulty,864,0.23007692934559157,0.17596682033160441
E187_cytokine_difficulty,865,0.18637982290797608,0.17919287935835543
E187_cytokine_difficulty,866,0.16547121057073136,0.11923648298607431
E187_cytokine_difficulty,867,0.20682153337577533,0.28933247052379424
E187_cytokine_difficulty,868,0.17842508083016531,0.17884826878958357
E187_cytokine_difficulty,869,0.15351339212894108,0.085539321689472578
E187_cytokine_difficulty,870,0.19133946969277885,0.17773959915283263
E187_cytokine_difficulty,871,0.1303860739110608,0.20039061128118196
E187_cytokine_difficulty,872,0.18946255942498247,0.22971030838975162
E187_cytokine_difficulty,873,0.20527361288466681,0.070705975309551777
E187_cytokine_difficulty,874,0.21797117940556285,0.16022590187039959
E187_cytokine_difficulty,875,0.15521724795108646,0.27708593935925335
E187_cytokine_difficulty,876,0.25414321805866713,0.12962817875730673
E187_cytokine_difficulty,877,0.1990166297334989,0.25913949313040491
E187_cytokine_difficulty,878,0.19154953913757164,0.12329463617865315
E187_cytokine_difficulty,879,0.1232726812356545,0.17199594381559929
E187_cytokine_difficulty,880,0.17712446378398239,0.22429513778384425
E187_cytokine_difficulty,881,0.22100134378488417,0.14452480396808723
E187_cytokine_difficulty,882,0.13737840044619901,0.20764268229300573
E187_cytokine_difficulty,883,0.16345060603968006,0.089710895673024732
E187_cytokine_difficulty,884,0.16286165599131563,0.090515993100858366
E187_cytokine_difficulty,885,0.20355043720720412,0.18564316279302748
E187_cytokine_difficulty,886,0.18313615046053178,0.18570001477423775
E187_cytokine_difficulty,887,0.15225691190970816,0.14006673320403337
E187_cytokine_difficulty,888,0.23038824188902965,0.19212236803909447
E187_cytokine_difficulty,889,0.1617398945957155,0.1750238499257917
E187_cytokine_difficulty,890,0.19522352024176615,0.047993319964813749
E187_cytokine_difficulty,891,0.13338321985203674,0.18939726932668033
E187_cytokine_difficulty,892,0.15185096438010709,0.046665060214683016
E187_cytokine_difficulty,893,0.13522959882585822,0.1218982846857905
E187_cytokine_difficulty,894,0.16680301975472422,0.10063240808067667
E187_cytokine_difficulty,895,0.21578124422996303,0.25824707278477838
E187_cytokine_difficulty,896,0.1876330054891461,0.16644164462305897
E187_cytokine_difficulty,897,0.19703039848246431,0.1538843249475885
E187_cytokine_difficulty,898,0.23033969671162827,0.22725519914026143
E187_cytokine_difficulty,899,0.17961759103009189,0.11901896954439486
E187_cytokine_difficulty,900,0.13850396896579745,0.0055606030397442434
E187_cytokine_difficulty,901,0.19887251424090494,0.23346376054563167
E187_cytokine_difficulty,902,0.18153069907654687,0.15652534024294629
E187_cytokine_difficulty,903,0.13591197169030936,0.20377813047766061
E187_cytokine_difficulty,904,0.14870220227163597,0.19977069656984053
E187_cytokine_difficulty,905,0.16062592493557995,0.15311091797806178
E187_cytokine_difficulty,906,0.12683655512021055,0.10649837577740748
E187_cytokine_difficulty,907,0.17444893886352023,0.22937480986131206
E187_cytokine_difficulty,908,0.15162659178852589,0.21415316683544086
E187_cytokine_difficulty,909,0.14891603369616854,0.20062707244107059
E187_cytokine_difficulty,910,0.14870549049245532,0.22345415552678177
E187_cytokine_difficulty,911,0.20918955123734495,0.16125716356485731
E187_cytokine_difficulty,912,0.21741777074740609,0.15685965187874679
E187_cytokine_difficulty,913,0.11642203658722092,0.17650085748664027
E187_cytokine_difficulty,914,0.18505713125921347,0.13451286409583726
E187_cytokine_difficulty,915,0.23311039320401972,0.26990959035069312
E187_cytokine_difficulty,916,0.096299861300921968,0.11385745782537401
E187_cytokine_difficulty,917,0.17482663594010217,0.25070608189882276
E187_cytokine_difficulty,918,0.21428868293252692,0.27059339022310963
E187_cytokine_difficulty,919,0.17083238563597777,0.088862443074081018
E187_cytokine_difficulty,920,0.18514344625615764,0.18568603441577999
E187_cytokine_difficulty,921,0.16462643876364799,0.11957631692703335
E187_cytokine_difficulty,922,0.19891770786494867,0.10626421057102253
E187_cytokine_difficulty,923,0.19593407485075467,0.10024491311562919
E187_cytokine_difficulty,924,0.13909238722786968,0.10868838977080736
E187_cytokine_difficulty,925,0.18053703048259886,0.17127606633769635
E187_cytokine_difficulty,926,0.19901355841035281,0.17390023904481319
E187_cytokine_difficulty,927,0.21767523096775981,0.23960376382439794
E187_cytokine_difficulty,928,0.17503001372646707,0.20553999937800865
E187_cytokine_difficulty,929,0.19406534141303894,0.12985863245707699
E187_cytokine_difficulty,930,0.20226240396083664,0.24322654181861084
E187_cytokine_difficulty,931,0.14252162290521514,0.1803219768773375
E187_cytokine_difficulty,932,0.19972604678135622,0.24941057939993042
E187_cytokine_difficulty,933,0.14782656990572943,0.17140621381253324
E187_cytokine_difficulty,934,0.2093139997381642,0.17543069693119667
E187_cytokine_difficulty,935,0.17323193616857943,0.21283406003310579
E187_cytokine_difficulty,936,0.17980781140671617,0.17447587756918617
E187_cytokine_difficulty,937,0.18467647382491267,0.22246602351143391
E187_cytokine_difficulty,938,0.1869449546302695,0.1354821120984705
E187_cytokine_difficulty,939,0.20746332395228942,0.18650352353164437
E187_cytokine_difficulty,940,0.21245478614504068,0.18979810725659588
E187_cytokine_difficulty,941,0.1342779323561544,0.25161146423337638
E187_cytokine_difficulty,942,0.10313529230843299,0.12308825400316119
E187_cytokine_difficulty,943,0.19126249772140602,0.16171696344633149
E187_cytokine_difficulty,944,0.16043169302273969,0.098821093155746109
E187_cytokine_difficulty,945,0.20192534968778267,0.16961423197886402
E187_cytokine_difficulty,946,0.23511646808199538,0.21843672891372981
E187_cytokine_difficulty,947,0.16306061532420427,0.16753959414038416
E187_cytokine_difficulty,948,0.1853471643291266,0.1985158179910694
E187_cytokine_difficulty,949,0.13981545232086084,0.099315706496061293
E187_cytokine_difficulty,950,0.2478495588385223,0.22298569624438414
E187_cytokine_difficulty,951,0.21402726677454403,0.23445111304805705
E187_cytokine_difficulty,952,0.20902561245517079,0.19535138929504017
E187_cytokine_difficulty,953,0.16257931634116088,0.21739346207007695
E187_cytokine_difficulty,954,0.14680131749154152,0.16567602235005396
E187_cytokine_difficulty,955,0.18762871875423412,0.049092919114000357
E187_cytokine_difficulty,956,0.20612273473715129,0.1824482057295666
E187_cytokine_difficulty,957,0.18840057031651683,0.20965776525848326
E187_cytokine_difficulty,958,0.13388465106903844,0.16541383192845469
E187_cytokine_difficulty,959,0.12233854691431732,0.14421106230072792
E187_cytokine_difficulty,960,0.18658346126784958,0.28154077816357437
E187_cytokine_difficulty,961,0.20036120101559404,0.19674643715966128
E187_cytokine_difficulty,962,0.19438666374740085,0.15239573201704715
E187_cytokine_difficulty,963,0.19497125970315052,0.15067267999244111
E187_cytokine_difficulty,964,0.11465767704320458,0.19501992852910113
E187_cytokine_difficulty,965,0.17774669579575114,0.20484213161215256
E187_cytokine_difficulty,966,0.15010607168454229,0.14416199084507278
E187_cytokine_difficulty,967,0.16680789422078413,0.19574162514199483
E187_cytokine_difficulty,968,0.17506644853565501,0.18389322462603802
E187_cytokine_difficulty,969,0.19468766838409546,0.13766304447601951
E187_cytokine_difficulty,970,0.14063461618386533,0.18926027531466608
E187_cytokine_difficulty,971,0.2018072249676465,0.23305969249906219
E187_cytokine_difficulty,972,0.14287721980605969,0.086282979960455114
E187_cytokine_difficulty,973,0.15325365250119866,0.12523412974509107
E187_cytokine_difficulty,974,0.17627271380517001,0.070681620456357869
E187_cytokine_difficulty,975,0.17837593176747166,0.082576467475776988
E187_cytokine_difficulty,976,0.15572572797596404,0.22545222593098999
E187_cytokine_difficulty,977,0.19566489271045387,0.20826839965834937
E187_cytokine_difficulty,978,0.18975909921314474,0.14956549343214195
E187_cytokine_difficulty,979,0.21757157804061686,0.16442883389252119
E187_cytokine_difficulty,980,0.11287928648632689,0.16902661071212613
E187_cytokine_difficulty,981,0.20743381311031547,0.18739683369781968
E187_cytokine_difficulty,982,0.12956837474867414,0.16099149770153212
E187_cytokine_difficulty,983,0.1813252287525397,0.11985655474386256
E187_cytokine_difficulty,984,0.19754045086188288,0.16691651960628709
E187_cytokine_difficulty,985,0.15098154736560024,0.17345168422703139
E187_cytokine_difficulty,986,0.12759006998912278,0.23573812389079932
E187_cytokine_difficulty,987,0.15011899790213681,0.13230699422427197
E187_cytokine_difficulty,988,0.18556525802715776,0.13252886667275043
E187_cytokine_difficulty,989,0.212663941784664,0.21821128103270421
E187_cytokine_difficulty,990,0.15665725512193121,0.18319896913038597
E187_cytokine_difficulty,991,0.11804036569702664,0.15833628060818342
E187_cytokine_difficulty,992,0.20221778615831157,0.20409806617559137
E187_cytokine_difficulty,993,0.17423228282487679,0.22035061709517889
E187_cytokine_difficulty,994,0.13870826705827022,0.061750545577881372
E187_cytokine_difficulty,995,0.13122586382075721,0.17202294470258236
E187_cytokine_difficulty,996,0.20354754261118352,0.1667417328658968
E187_cytokine_difficulty,997,0.16067530700030055,0.10900176078523147
E187_cytokine_difficulty,998,0.12455346767794269,0.15401015047180891
E187_cytokine_difficulty,999,0.19333481449230702,0.13354058892352655
E187_cytokine_difficulty,1000,0.22152926708233586,0.13748598188482233
E187_cytokine_difficulty,1001,0.1497012107517845,0.13697832814529282
E187_cytokine_difficulty,1002,0.18505717856932333,0.20117403865823591
E187_cytokine_difficulty,1003,0.20006391767427098,0.18409334194135132
E187_cytokine_difficulty,1004,0.17156829087294301,0.12660898499016351
E187_cytokine_difficulty,1005,0.13958873895076937,0.12569449325397009
E187_cytokine_difficulty,1006,0.21729542477898178,0.19266267777062338
E187_cytokine_difficulty,1007,0.12057569200138113,0.1152471802926583
E187_cytokine_difficulty,1008,0.17263262780037758,0.20270438645674452
E187_cytokine_difficulty,1009,0.21706782350671444,0.15602244562704609
E187_cytokine_difficulty,1010,0.13064808438211725,0.14914506980062753
E187_cytokine_difficulty,1011,0.13945296391107428,0.16237545890199409
E187_cytokine_difficulty,1012,0.21175493285354002,0.097830351587694028
E187_cytokine_difficulty,1013,0.1837613253550314,0.16323648959985421
E187_cytokine_difficulty,1014,0.14627654814881652,0.18802687172910126
E187_cytokine_difficulty,1015,0.16619932282762026,0.22420119936140498
E187_cytokine_difficulty,1016,0.13074026152530141,0.24454811395869855
E187_cytokine_difficulty,1017,0.10796564132473706,0.11451999386001999
E187_cytokine_difficulty,1018,0.12514769164681053,0.22465452228862492
E187_cytokine_difficulty,1019,0.11236350972327193,0.1741561366069217
E187_cytokine_difficulty,1020,0.20393328910151023,0.07935168692813277
E187_cytokine_difficulty,1021,0.17372460485441008,0.20701649649186379
E187_cytokine_difficulty,1022,0.23114138455031921,0.19092616277934243
E187_cytokine_difficulty,1023,0.13959166215812036,0.13927623196301156
E187_cytokine_difficulty,1024,0.22121146384984244,0.12716331221766025
E187_cytokine_difficulty,1025,0.19843903601893209,0.15195085701912228
E187_cytokine_difficulty,1026,0.20130077387181575,0.28563889597473552
E187_cytokine_difficulty,1027,0.20324729905929834,0.18808965036698028
E187_cytokine_difficulty,1028,0.12779746499884892,0.14576919099719166
E187_cytokine_difficulty,1029,0.21024235959810914,0.15967945182800747
E187_cytokine_difficulty,1030,0.1451095424260492,0.14481597210298247
E187_cytokine_difficulty,1031,0.21827081868070219,0.1250071208706279
E187_cytokine_difficulty,1032,0.18450754799987676,0.17295408026946291
E187_cytokine_difficulty,1033,0.19838437736177664,0.19163920165170423
E187_cytokine_difficulty,1034,0.14522395765993293,0.15033901809013173
E187_cytokine_difficulty,1035,0.15380280111700073,0.12939324033234456
E187_cytokine_difficulty,1036,0.15644374425059096,0.14767450143135474
E187_cytokine_difficulty,1037,0.1933488733359697,0.10353140049973435
E187_cytokine_difficulty,1038,0.2101693205046995,0.24806729945494516
E187_cytokine_difficulty,1039,0.15202708868785178,0.1849711075386623
E187_cytokine_difficulty,1040,0.18823582389233545,0.19920954840463484
E187_cytokine_difficulty,1041,0.17886903639428628,0.16291441057952366
E187_cytokine_difficulty,1042,0.16960031295723962,0.19767377366832323
E187_cytokine_difficulty,1043,0.17034425653623214,0.024955096385858938
E187_cytokine_difficulty,1044,0.21880155553736089,0.19395894702107783
E187_cytokine_difficulty,1045,0.22748100250597197,0.19450247440129784
E187_cytokine_difficulty,1046,0.15816504509174359,0.16293317319399953
E187_cytokine_difficulty,1047,0.14663325125927643,0.13413554677779227
E187_cytokine_difficulty,1048,0.1948613545150206,0.25225898648152961
E187_cytokine_difficulty,1049,0.18814833629251057,0.14494279358561948
E187_cytokine_difficulty,1050,0.16621996820598822,0.11706030970298537
E187_cytokine_difficulty,1051,0.20488989636481461,0.14432443540401324
E187_cytokine_difficulty,1052,0.16801376239629273,0.17866353877996533
E187_cytokine_difficulty,1053,0.19479176312614985,0.2084589122622568
E187_cytokine_difficulty,1054,0.17594943060604604,0.25911197354529342
E187_cytokine_difficulty,1055,0.19929450765068737,0.20496443702361794
E187_cytokine_difficulty,1056,0.21950214550044456,0.18934680888766567
E187_cytokine_difficulty,1057,0.15267872731665283,0.18541751853595514
E187_cytokine_difficulty,1058,0.10950003744234038,0.11033592783116032
E187_cytokine_difficulty,1059,0.17390352906611897,0.22326325683559822
E187_cytokine_difficulty,1060,0.18984021156027883,0.086982280179045093
E187_cytokine_difficulty,1061,0.20211122750646121,0.10381673749019052
E187_cytokine_difficulty,1062,0.15694336764276925,0.1506807401808688
E187_cytokine_difficulty,1063,0.17343012763392018,0.10330923863295577
E187_cytokine_difficulty,1064,0.17903229175797,0.12915387159157224
E187_cytokine_difficulty,1065,0.22826514069911821,0.19416518271909602
E187_cytokine_difficulty,1066,0.16190567217567073,0.19198576118246513
E187_cytokine_difficulty,1067,0.19210559182405224,0.2312666549829149
E187_cytokine_difficulty,1068,0.20310620283212086,0.20806887521330716
E187_cytokine_difficulty,1069,0.16033673743857449,0.14952920861262051
E187_cytokine_difficulty,1070,0.15952819218000203,0.10248340432057064
E187_cytokine_difficulty,1071,0.18285985669403265,0.10785283722889728
E187_cytokine_difficulty,1072,0.14269452796618651,0.14198257194221126
E187_cytokine_difficulty,1073,0.16500003569672247,0.11354413575034979
E187_cytokine_difficulty,1074,0.19423289829566837,0.20222227571238446
E187_cytokine_difficulty,1075,0.10297244375041935,0.1645400829016225
E187_cytokine_difficulty,1076,0.19452543612566919,0.18359469891003832
E187_cytokine_difficulty,1077,0.1859590726832866,0.14536383665431599
E187_cytokine_difficulty,1078,0.16853289275544536,0.099267600494884228
E187_cytokine_difficulty,1079,0.15696909719966504,0.12822428018511331
E187_cytokine_difficulty,1080,0.22098601342332058,0.18358772541568069
E187_cytokine_difficulty,1081,0.18065892965889874,0.083873782500621802
E187_cytokine_difficulty,1082,0.18092742039978008,0.2493124525486129
E187_cytokine_difficulty,1083,0.18095354240295969,0.21906461836615893
E187_cytokine_difficulty,1084,0.18751206256613825,0.16746786522885523
E187_cytokine_difficulty,1085,0.21328231476008433,0.0999405810411194
E187_cytokine_difficulty,1086,0.19487744522348469,0.19720128462631412
E187_cytokine_difficulty,1087,0.19142979619924086,0.17917437732744562
E187_cytokine_difficulty,1088,0.21451816215573563,0.085300996953713362
E187_cytokine_difficulty,1089,0.16201064322398676,0.15195401257131641
E187_cytokine_difficulty,1090,0.17236076969591449,0.23429766595163265
E187_cytokine_difficulty,1091,0.17199704421108497,0.11797582984812849
E187_cytokine_difficulty,1092,0.20013402210485459,0.081290912707175964
E187_cytokine_difficulty,1093,0.19869973530002902,0.19755518947134718
E187_cytokine_difficulty,1094,0.16845246651619392,0.061069558289890816
E187_cytokine_difficulty,1095,0.12605631902258937,0.14369912535150867
E187_cytokine_difficulty,1096,0.17561556841424034,0.14158061816125625
E187_cytokine_difficulty,1097,0.1885847122717583,0.28880783626752199
E187_cytokine_difficulty,1098,0.14036838187457459,0.10628080467496147
E187_cytokine_difficulty,1099,0.18583414866065301,0.2568612190666657
E187_cytokine_difficulty,1100,0.20143760684603076,0.23146848295075934
E187_cytokine_difficulty,1101,0.19505211217157073,0.14129576782066219
E187_cytokine_difficulty,1102,0.21336828679840975,0.17700111973379518
E187_cytokine_difficulty,1103,0.15581173436353887,0.22486332424285069
E187_cytokine_difficulty,1104,0.18230155217437199,0.1206942552257404
E187_cytokine_difficulty,1105,0.21430474487073231,0.16907840908748006
E187_cytokine_difficulty,1106,0.19495348918246072,0.1489353298244184
E187_cytokine_difficulty,1107,0.18558399175981732,0.097314763714958397
E187_cytokine_difficulty,1108,0.1715418588157103,0.15688340981911209
E187_cytokine_difficulty,1109,0.17619821748056422,0.17037120467261596
E187_cytokine_difficulty,1110,0.19491460280428252,0.1874508755285014
E187_cytokine_difficulty,1111,0.13477345096514354,0.02126546741583106
E187_cytokine_difficulty,1112,0.12499149591617879,0.14640224474498267
E187_cytokine_difficulty,1113,0.23231117406246582,0.16594785070275755
E187_cytokine_difficulty,1114,0.13355253114362486,0.16485776675893471
E187_cytokine_difficulty,1115,0.1375287770651511,0.10966518466491262
E187_cytokine_difficulty,1116,0.27528705148145499,0.29310635589434625
E187_cytokine_difficulty,1117,0.24558130729017189,0.30617373545078602
E187_cytokine_difficulty,1118,0.12725392535097699,0.07169699818491905
E187_cytokine_difficulty,1119,0.2113639029392497,0.23860906910065727
E187_cytokine_difficulty,1120,0.14766788999920683,0.21130600903155511
E187_cytokine_difficulty,1121,0.17647148894572981,0.19624531388828481
E187_cytokine_difficulty,1122,0.11281852084483239,0.14518638670660808
E187_cytokine_difficulty,1123,0.1566280130096305,0.14540153408115825
E187_cytokine_difficulty,1124,0.19100824359460411,0.17045326219667289
E187_cytokine_difficulty,1125,0.16197007483171325,0.2094916993711825
E187_cytokine_difficulty,1126,0.13586576120286134,0.15067550503696128
E187_cytokine_difficulty,1127,0.16304110820561149,0.22137166708701883
E187_cytokine_difficulty,1128,0.1961812123025356,0.18527786220575762
E187_cytokine_difficulty,1129,0.12346985536878488,0.23345877070030344
E187_cytokine_difficulty,1130,0.16599519287401684,0.16115764122470277
E187_cytokine_difficulty,1131,0.15950787352941229,0.073462779574768503
E187_cytokine_difficulty,1132,0.18587668645107733,0.25035717020604509
E187_cytokine_difficulty,1133,0.18286658710874962,0.15919771932212984
E187_cytokine_difficulty,1134,0.14759438027736063,0.12432514753489943
E187_cytokine_difficulty,1135,0.20991081547177318,0.19309752058870536
E187_cytokine_difficulty,1136,0.1752454942435818,0.19474023626722484
E187_cytokine_difficulty,1137,0.16703517934515674,0.20774493512655151
E187_cytokine_difficulty,1138,0.13811260980355106,0.20884338230326407
E187_cytokine_difficulty,1139,0.18823759753437927,0.18739368665865086
E187_cytokine_difficulty,1140,0.16142966647251838,0.20253683564147854
E187_cytokine_difficulty,1141,0.22815180365140689,0.26173861931517112
E187_cytokine_difficulty,1142,0.21442351547006774,0.19606892973888443
E187_cytokine_difficulty,1143,0.1772039106692016,0.14936362804048497
E187_cytokine_difficulty,1144,0.11270490404328104,0.28005256773235992
E187_cytokine_difficulty,1145,0.16895078054267684,0.13105374693304811
E187_cytokine_difficulty,1146,0.15470648824572797,0.18365810873728197
E187_cytokine_difficulty,1147,0.2268987898194938,0.24800050723884123
E187_cytokine_difficulty,1148,0.21103372785885574,0.16807267023808437
E187_cytokine_difficulty,1149,0.19535793368243148,0.12326596506288304
E187_cytokine_difficulty,1150,0.19335197828771492,0.19675954748507851
E187_cytokine_difficulty,1151,0.12034433607774632,0.087076498790645204
E187_cytokine_difficulty,1152,0.15264356784481536,0.16479364051957321
E187_cytokine_difficulty,1153,0.21201658250900707,0.23148512163066373
E187_cytokine_difficulty,1154,0.19617645323393013,0.18229719413110559
E187_cytokine_difficulty,1155,0.22818238521954523,0.27449533823194233
E187_cytokine_difficulty,1156,0.14331623405807628,0.19864687589707278
E187_cytokine_difficulty,1157,0.19465863722499999,0.10810069716053479
E187_cytokine_difficulty,1158,0.24229242084647928,0.25708322023533892
E187_cytokine_difficulty,1159,0.26374090421125934,0.13005787683131473
E187_cytokine_difficulty,1160,0.18408592346839237,0.15892359633076703
E187_cytokine_difficulty,1161,0.12497820715014892,0.27335241308628433
E187_cytokine_difficulty,1162,0.19148015279617572,0.25272938983693616
E187_cytokine_difficulty,1163,0.16387187168268061,0.24728316681735332
E187_cytokine_difficulty,1164,0.16817065087407224,0.15846896643804495
E187_cytokine_difficulty,1165,0.24757184902270157,0.25512506420487968
E187_cytokine_difficulty,1166,0.17783717966671539,0.14268536794598269
E187_cytokine_difficulty,1167,0.14861123827132364,0.12223154386109356
E187_cytokine_difficulty,1168,0.1285580173301589,0.14813651474218242
E187_cytokine_difficulty,1169,0.18078066490179265,0.23590613817621506
E187_cytokine_difficulty,1170,0.14240874632449108,0.20195059317584005
E187_cytokine_difficulty,1171,0.20070819549936511,0.20241267618526859
E187_cytokine_difficulty,1172,0.20468443785563725,0.1619086868850422
E187_cytokine_difficulty,1173,0.18662518055173916,0.22944441533548871
E187_cytokine_difficulty,1174,0.10923520442192669,0.16264474032082973
E187_cytokine_difficulty,1175,0.1935306140889505,0.17311049449785673
E187_cytokine_difficulty,1176,0.14304040487368327,0.073481217021584028
E187_cytokine_difficulty,1177,0.14321387790838538,0.16543227554090023
E187_cytokine_difficulty,1178,0.085324943581274279,0.11281930297495787
E187_cytokine_difficulty,1179,0.20784350571903146,0.16982170773755237
E187_cytokine_difficulty,1180,0.16413389725162342,0.21049061774567759
E187_cytokine_difficulty,1181,0.090666480583040818,0.070215140389946432
E187_cytokine_difficulty,1182,0.24429834907327452,0.26586628332510653
E187_cytokine_difficulty,1183,0.20106859611102301,0.25380642227645206
E187_cytokine_difficulty,1184,0.19231931188150334,0.23364562473840042
E187_cytokine_difficulty,1185,0.17186362972043243,0.21125410242258022
E187_cytokine_difficulty,1186,0.16933699778809488,0.079902686969968023
E187_cytokine_difficulty,1187,0.17798857525649567,0.10270053632196008
E187_cytokine_difficulty,1188,0.1995524683210079,0.21040633615331941
E187_cytokine_difficulty,1189,0.16157474204187611,0.19240051126482494
E187_cytokine_difficulty,1190,0.17090303224052958,0.087482229903459274
E187_cytokine_difficulty,1191,0.23182134978022637,0.15725833055729854
E187_cytokine_difficulty,1192,0.19219113036268487,0.22229888945513079
E187_cytokine_difficulty,1193,0.12367385968180471,0.085520247386439915
E187_cytokine_difficulty,1194,0.15041638890434983,0.16765691963933543
E187_cytokine_difficulty,1195,0.20825399853479706,0.15627669744563769
E187_cytokine_difficulty,1196,0.1931905271092611,0.24264524920415714
E187_cytokine_difficulty,1197,0.16996737427495531,0.083919859479516662
E187_cytokine_difficulty,1198,0.16711531375610486,0.090082146529649854
E187_cytokine_difficulty,1199,0.19803411141317184,0.16793636871078987
E187_cytokine_difficulty,1200,0.18169910020261498,0.23161136589964393
E187_cytokine_difficulty,1201,0.14554467096946214,0.13717434132157341
E187_cytokine_difficulty,1202,0.1673210008213917,0.2256979598626534
E187_cytokine_difficulty,1203,0.13494636087295536,0.18196851928356386
E187_cytokine_difficulty,1204,0.15348906222228684,0.08936903999982275
E187_cytokine_difficulty,1205,0.16274176769763701,0.10868344657455888
E187_cytokine_difficulty,1206,0.12884034998689578,0.10649607641130193
E187_cytokine_difficulty,1207,0.23281838141825062,0.19837219948634488
E187_cytokine_difficulty,1208,0.1877817042865885,0.1620321124589448
E187_cytokine_difficulty,1209,0.20243453840207112,0.16834992103519475
E187_cytokine_difficulty,1210,0.13456113481024468,0.22954685955077292
E187_cytokine_difficulty,1211,0.18552208151500607,0.15942698919627168
E187_cytokine_difficulty,1212,0.18701845905394951,0.16534177301501146
E187_cytokine_difficulty,1213,0.20768054449583459,0.22676846205460743
E187_cytokine_difficulty,1214,0.23499044468502078,0.14124381737345362
E187_cytokine_difficulty,1215,0.17394795906748853,0.20049645473910324
E187_cytokine_difficulty,1216,0.13839555259880923,0.12439292255063418
E187_cytokine_difficulty,1217,0.20096531429508599,0.1643665709659036
E187_cytokine_difficulty,1218,0.14654964306623677,0.24745959361143902
E187_cytokine_difficulty,1219,0.16963647712924781,0.21319281867889903
E187_cytokine_difficulty,1220,0.20393821391358533,0.10831291844903533
E187_cytokine_difficulty,1221,0.10889613287316552,0.071933575969693644
E187_cytokine_difficulty,1222,0.14291079610874341,0.054340812904799238
E187_cytokine_difficulty,1223,0.21174016012552033,0.16877014360678302
E187_cytokine_difficulty,1224,0.16714756280740908,0.22050698394658089
E187_cytokine_difficulty,1225,0.13905718114078677,0.15613116430779925
E187_cytokine_difficulty,1226,0.1382368923379087,0.24934778987972825
E187_cytokine_difficulty,1227,0.20779829206695735,0.20490120860621983
E187_cytokine_difficulty,1228,0.15042033180638181,0.20231042807072283
E187_cytokine_difficulty,1229,0.16049269092333457,0.26171325982621391
E187_cytokine_difficulty,1230,0.15378131926124938,0.12416433080824447
E187_cytokine_difficulty,1231,0.16060879428949468,0.12426962216370835
E187_cytokine_difficulty,1232,0.15484170294249813,0.16224447935077926
E187_cytokine_difficulty,1233,0.13092505504459429,0.1902359659740879
E187_cytokine_difficulty,1234,0.22166228411637112,0.1734661111984856
E187_cytokine_difficulty,1235,0.13832865588468574,0.084143512945154333
E187_cytokine_difficulty,1236,0.18921574211160844,0.21568294850081521
E187_cytokine_difficulty,1237,0.16979826547320007,0.18057166187852558
E187_cytokine_difficulty,1238,0.17720800044076898,0.14518220570203946
E187_cytokine_difficulty,1239,0.17674722722902989,0.14433445916230289
E187_cytokine_difficulty,1240,0.16817725629511315,0.12821469810656932
E187_cytokine_difficulty,1241,0.16709988928285169,0.21709078146760843
E187_cytokine_difficulty,1242,0.17902429536332884,0.050214276853973921
E187_cytokine_difficulty,1243,0.17511002516236418,0.16984515552931778
E187_cytokine_difficulty,1244,0.12806240180519254,0.12850240931609114
E187_cytokine_difficulty,1245,0.12285758558467963,0.1995720276226392
E187_cytokine_difficulty,1246,0.19622799228195728,0.17555359304306017
E187_cytokine_difficulty,1247,0.14059967876671428,0.25436174342020035
E187_cytokine_difficulty,1248,0.10322549885189898,0.16857719947862287
E187_cytokine_difficulty,1249,0.225496053154706,0.0096462814654169754
E187_cytokine_difficulty,1250,0.11991690932314411,0.15633823079732095
E187_cytokine_difficulty,1251,0.13106338893264347,0.11760987270661651
E187_cytokine_difficulty,1252,0.15409899081598116,0.19410651447370925
E187_cytokine_difficulty,1253,0.22054512490523595,0.22536288974395047
E187_cytokine_difficulty,1254,0.19065644323020969,0.18005262299501171
E187_cytokine_difficulty,1255,0.18615497990588928,0.17229250680776503
E187_cytokine_difficulty,1256,0.13490003682185606,0.14879603925457457
E187_cytokine_difficulty,1257,0.19918386379050848,0.16126445086750202
E187_cytokine_difficulty,1258,0.10659508504381326,0.21075442530166794
E187_cytokine_difficulty,1259,0.14535134937933245,0.16340636502537953
E187_cytokine_difficulty,1260,0.20473168590611213,0.18255100295798735
E187_cytokine_difficulty,1261,0.20099678362044618,0.1776013190662607
E187_cytokine_difficulty,1262,0.20511425401639036,0.23583213942084019
E187_cytokine_difficulty,1263,0.11278763346214597,0.1994922916736305
E187_cytokine_difficulty,1264,0.13892547718131218,0.1116804555524654
E187_cytokine_difficulty,1265,0.1591652809059928,0.062405029017012614
E187_cytokine_difficulty,1266,0.14051690061969926,0.057165431272536316
E187_cytokine_difficulty,1267,0.19187178380054989,0.19215251043996148
E187_cytokine_difficulty,1268,0.17406892172575175,0.17528698051581934
E187_cytokine_difficulty,1269,0.1458831856072795,0.14978524302637436
E187_cytokine_difficulty,1270,0.13525333641081166,0.22281789852654296
E187_cytokine_difficulty,1271,0.19110554810686967,0.10099188946438359
E187_cytokine_difficulty,1272,0.16500478732127385,0.089470051796184835
E187_cytokine_difficulty,1273,0.11839776048876616,0.12161132163443179
E187_cytokine_difficulty,1274,0.21305694285003482,0.26392003503794076
E187_cytokine_difficulty,1275,0.18216614980684909,0.28678641463492888
E187_cytokine_difficulty,1276,0.18610452842845571,0.17089552887853382
E187_cytokine_difficulty,1277,0.20043837725998556,0.27752447984727119
E187_cytokine_difficulty,1278,0.16762201342108893,0.095616365601737377
E187_cytokine_difficulty,1279,0.14187731009878382,0.22102709047251998
E187_cytokine_difficulty,1280,0.18530115883842513,0.23612796360066032
E187_cytokine_difficulty,1281,0.15654305157919213,0.15637094451586486
E187_cytokine_difficulty,1282,0.15129143168634893,0.16593924868886301
E187_cytokine_difficulty,1283,0.23842383839355225,0.26035644262644081
E187_cytokine_difficulty,1284,0.1711085272808088,0.16428222661940256
E187_cytokine_difficulty,1285,0.10063121080797983,0.095544944929275635
E187_cytokine_difficulty,1286,0.1889574942875778,0.18901967552211374
E187_cytokine_difficulty,1287,0.21410541871957434,0.18579908724314853
E187_cytokine_difficulty,1288,0.14378831020397365,0.21453465401552993
E187_cytokine_difficulty,1289,0.15878388146806707,0.14681680817672774
E187_cytokine_difficulty,1290,0.15917872213194911,0.14302420461336376
E187_cytokine_difficulty,1291,0.17048368582322412,0.17930941723189042
E187_cytokine_difficulty,1292,0.22700279064055096,0.23560085263275093
E187_cytokine_difficulty,1293,0.18655984092777614,0.18460491352001379
E187_cytokine_difficulty,1294,0.16933797453479396,0.16602946631846896
E187_cytokine_difficulty,1295,0.1923415461477461,0.15195716430262599
E187_cytokine_difficulty,1296,0.12195762915357272,0.035725443068219329
E187_cytokine_difficulty,1297,0.17953878826896694,0.23636530483156226
E187_cytokine_difficulty,1298,0.13990957551756344,0.20633087663746008
E187_cytokine_difficulty,1299,0.25299855778095848,0.2191588647574679
E187_cytokine_difficulty,1300,0.13733872012924478,0.092330965356290998
E187_cytokine_difficulty,1301,0.12175591085516102,0.26679927792617292
E187_cytokine_difficulty,1302,0.22600942914020494,0.23611166511783271
E187_cytokine_difficulty,1303,0.12958293595384865,0.0017725501812071117
E187_cytokine_difficulty,1304,0.27926456972258268,0.27281346802999512
E187_cytokine_difficulty,1305,0.1978752884504674,0.18019083569927938
E187_cytokine_difficulty,1306,0.19895995748527467,0.13054129709492693
E187_cytokine_difficulty,1307,0.1618232319465914,0.18297910925981534
E187_cytokine_difficulty,1308,0.14560931210520484,0.10364704096933065
E187_cytokine_difficulty,1309,0.17964840519004049,0.24984168003316534
E187_cytokine_difficulty,1310,0.18508580740325378,0.24319643380834507
E187_cytokine_difficulty,1311,0.1598019311079818,0.069284990318249834
E187_cytokine_difficulty,1312,0.13442161651590517,0.25858896537305076
E187_cytokine_difficulty,1313,0.21757386097648143,0.22056069111793461
E187_cytokine_difficulty,1314,0.12602581574709915,0.10944168414977583
E187_cytokine_difficulty,1315,0.18567156128021811,0.22138532959916943
E187_cytokine_difficulty,1316,0.21670884268864044,0.22060941825311378
E187_cytokine_difficulty,1317,0.20628258871749916,0.17845986650242579
E187_cytokine_difficulty,1318,0.19968489461769195,0.19698581747959279
E187_cytokine_difficulty,1319,0.1935236707704234,0.073024590546514959
E187_cytokine_difficulty,1320,0.16639865760789857,0.13737136746129966
E187_cytokine_difficulty,1321,0.19722440363415131,0.3303720045486544
E187_cytokine_difficulty,1322,0.18050993942286722,0.25993843101162373
E187_cytokine_difficulty,1323,0.18459531218175063,0.18035732882293537
E187_cytokine_difficulty,1324,0.13953027582220312,0.18164234269614357
E187_cytokine_difficulty,1325,0.13272873962241941,0.082294251161423984
E187_cytokine_difficulty,1326,0.20348645033010765,0.14178992016718389
E187_cytokine_difficulty,1327,0.22972726928796264,0.16363811849464943
E187_cytokine_difficulty,1328,0.22942831534137295,0.16890761611434732
E187_cytokine_difficulty,1329,0.14360974148452396,0.25584130728839094
E187_cytokine_difficulty,1330,0.17767856432205001,0.16400010247226071
E187_cytokine_difficulty,1331,0.19031014948578484,0.17162263189927909
E187_cytokine_difficulty,1332,0.21392578880861088,0.19871450916191516
E187_cytokine_difficulty,1333,0.20070536510275602,0.27836634822461215
E187_cytokine_difficulty,1334,0.19830642756727213,0.04909068485499659
E187_cytokine_difficulty,1335,0.17982614745508252,0.14352904811382328
E187_cytokine_difficulty,1336,0.19175871327878202,0.22560330701878953
E187_cytokine_difficulty,1337,0.22689837490301235,0.098716664363831252
E187_cytokine_difficulty,1338,0.19369981673869685,0.037245615558296981
E187_cytokine_difficulty,1339,0.15993975356558984,0.22114801158087141
E187_cytokine_difficulty,1340,0.13810016374749831,0.14477968598246169
E187_cytokine_difficulty,1341,0.21228817864235427,0.12218886874997757
E187_cytokine_difficulty,1342,0.16744995970456825,0.157641118607972
E187_cytokine_difficulty,1343,0.14119476714185886,0.20128495552477399
E187_cytokine_difficulty,1344,0.21383318240996094,0.23601235892314534
E187_cytokine_difficulty,1345,0.1559334468627657,0.12885807691131848
E187_cytokine_difficulty,1346,0.16321207073372168,0.10009928801840628
E187_cytokine_difficulty,1347,0.11651745522330952,0.22148574310554703
E187_cytokine_difficulty,1348,0.20921163620340277,0.21959690229920587
E187_cytokine_difficulty,1349,0.13854751838349746,0.13030685829878516
E187_cytokine_difficulty,1350,0.16632921713639368,0.1690381948795871
E187_cytokine_difficulty,1351,0.2152170451748969,0.22651897222009168
E187_cytokine_difficulty,1352,0.2217179759458778,0.26497013661692598
E187_cytokine_difficulty,1353,0.22919144114472734,0.18947369785030613
E187_cytokine_difficulty,1354,0.1062698379499681,0.11893365590047922
E187_cytokine_difficulty,1355,0.11758720345593775,0.10441336897418199
E187_cytokine_difficulty,1356,0.18280560406361382,0.18327410034532254
E187_cytokine_difficulty,1357,0.14796613348895343,0.19328798848899337
E187_cytokine_difficulty,1358,0.1659923528728878,0.27727217007247318
E187_cytokine_difficulty,1359,0.17276458878386081,0.17306938285324322
E187_cytokine_difficulty,1360,0.11391883131438642,-0.010439117665003037
E187_cytokine_difficulty,1361,0.24922193564597725,0.27452027964454423
E187_cytokine_difficulty,1362,0.19367953949886421,0.18464504862535938
E187_cytokine_difficulty,1363,0.21748263692339892,0.29818294685779811
E187_cytokine_difficulty,1364,0.15739980742605705,0.13731296082739219
E187_cytokine_difficulty,1365,0.097645936045709675,0.12344733103017028
E187_cytokine_difficulty,1366,0.15587505696941931,0.14571411585394387
E187_cytokine_difficulty,1367,0.17401881687878828,0.21480440932979414
E187_cytokine_difficulty,1368,0.19359482806415948,0.1376333968828149
E187_cytokine_difficulty,1369,0.14288935823459972,0.05807164533080357
E187_cytokine_difficulty,1370,0.13355008908640795,0.22077789895425998
E187_cytokine_difficulty,1371,0.19226560910086612,0.021909665595049373
E187_cytokine_difficulty,1372,0.1752794612995032,0.21613225191493918
E187_cytokine_difficulty,1373,0.17850841281076216,0.082072503303245836
E187_cytokine_difficulty,1374,0.25691487008878156,0.27885881447099653
E187_cytokine_difficulty,1375,0.22052783066167062,0.15235030413666345
E187_cytokine_difficulty,1376,0.14992920607755172,0.23592343564081344
E187_cytokine_difficulty,1377,0.21712293134767521,0.21320671215986522
E187_cytokine_difficulty,1378,0.18148933621180785,0.15315030342792221
E187_cytokine_difficulty,1379,0.21797378002508463,0.25463874018197952
E187_cytokine_difficulty,1380,0.13386385149749561,0.15588857975112749
E187_cytokine_difficulty,1381,0.09555891942467383,0.13974795694972558
E187_cytokine_difficulty,1382,0.19820570728067721,0.107231122397383
E187_cytokine_difficulty,1383,0.17073254876009655,0.17688315675139815
E187_cytokine_difficulty,1384,0.17224711109739693,0.26440438203302941
E187_cytokine_difficulty,1385,0.14822901731981819,0.23018686837360533
E187_cytokine_difficulty,1386,0.094173889221877957,0.25565117651375663
E187_cytokine_difficulty,1387,0.23154287486331618,0.10390463445171702
E187_cytokine_difficulty,1388,0.22948896226041648,0.16355965688123814
E187_cytokine_difficulty,1389,0.18053777377194616,0.17933080592999295
E187_cytokine_difficulty,1390,0.12518275124908312,0.13301424150493704
E187_cytokine_difficulty,1391,0.18227414265451855,0.23280003629971335
E187_cytokine_difficulty,1392,0.16330283573066517,0.099783732320941593
E187_cytokine_difficulty,1393,0.14745803978223102,0.12200327264421033
E187_cytokine_difficulty,1394,0.19938532496036609,0.19333283635243004
E187_cytokine_difficulty,1395,0.19230515197784259,0.086177528055945585
E187_cytokine_difficulty,1396,0.14949540181445589,0.18316881699336152
E187_cytokine_difficulty,1397,0.18862904426401847,0.20387371625266046
E187_cytokine_difficulty,1398,0.23250246994799403,0.11500450177020644
E187_cytokine_difficulty,1399,0.17111082503412817,0.17964942063686834
E187_cytokine_difficulty,1400,0.19891831843421293,0.20424521443718061
E187_cytokine_difficulty,1401,0.21922940801701449,0.17760696362506184
E187_cytokine_difficulty,1402,0.11972153292814068,0.22170044963166788
E187_cytokine_difficulty,1403,0.17106409769434985,0.21126327968209882
E187_cytokine_difficulty,1404,0.17902959171255375,0.22541267135562129
E187_cytokine_difficulty,1405,0.11654887919295347,0.13939811927604215
E187_cytokine_difficulty,1406,0.19272828495879177,0.1727956654590769
E187_cytokine_difficulty,1407,0.17490083873661855,0.13450015002866222
E187_cytokine_difficulty,1408,0.1842592596768704,0.2528124042780171
E187_cytokine_difficulty,1409,0.16040951374589937,0.18306829124086879
E187_cytokine_difficulty,1410,0.17370670455464862,0.17092915285953025
E187_cytokine_difficulty,1411,0.17223813445349412,0.16044832678985643
E187_cytokine_difficulty,1412,0.13842976002628374,0.1564643155587862
E187_cytokine_difficulty,1413,0.17359850821708689,0.15466951916948823
E187_cytokine_difficulty,1414,0.21210299650990971,0.15723384216236924
E187_cytokine_difficulty,1415,0.15568942590218318,0.1997050257743323
E187_cytokine_difficulty,1416,0.079340390023149091,0.10064761724528679
E187_cytokine_difficulty,1417,0.1484235328857392,0.040750902765909071
E187_cytokine_difficulty,1418,0.13773182130104711,0.1560694053251013
E187_cytokine_difficulty,1419,0.18140388381944808,0.18656972439550412
E187_cytokine_difficulty,1420,0.16327648935829869,0.10318883481073797
E187_cytokine_difficulty,1421,0.20783747484221529,0.19335870139009301
E187_cytokine_difficulty,1422,0.16993150247192632,0.18846039442825022
E187_cytokine_difficulty,1423,0.21067308108757099,0.25156022162373165
E187_cytokine_difficulty,1424,0.1538433309932635,0.27224592667058189
E187_cytokine_difficulty,1425,0.21356178896445707,0.10287728130450866
E187_cytokine_difficulty,1426,0.17771480757627287,0.26091964137121187
E187_cytokine_difficulty,1427,0.19470672032106176,0.14477331769554297
E187_cytokine_difficulty,1428,0.19595229465621997,0.1129480806781698
E187_cytokine_difficulty,1429,0.19287627105839669,0.11992756773553033
E187_cytokine_difficulty,1430,0.17668962880462055,0.16751074600514845
E187_cytokine_difficulty,1431,0.18203066883517313,0.096891035742929801
E187_cytokine_difficulty,1432,0.10908277507879847,0.13762631829179733
E187_cytokine_difficulty,1433,0.15928743630330711,0.16348788397354175
E187_cytokine_difficulty,1434,0.17908946245532184,0.23534469035883981
E187_cytokine_difficulty,1435,0.18854894542130352,0.14641866384571711
E187_cytokine_difficulty,1436,0.22449981692832785,0.27243500270500753
E187_cytokine_difficulty,1437,0.17154665389728171,0.24938732081703172
E187_cytokine_difficulty,1438,0.13649183566754849,0.096011209344133749
E187_cytokine_difficulty,1439,0.17490815081428376,0.10898697223404555
E187_cytokine_difficulty,1440,0.14181825770330786,0.23798480690544721
E187_cytokine_difficulty,1441,0.18294034755385821,0.10388811439512438
E187_cytokine_difficulty,1442,0.18058937998065175,0.2579697920995081
E187_cytokine_difficulty,1443,0.19686483048154918,0.0618699884960267
E187_cytokine_difficulty,1444,0.12201357786776522,0.1233762344165354
E187_cytokine_difficulty,1445,0.19975655628306635,0.2918662083595005
E187_cytokine_difficulty,1446,0.23087778266277184,0.23207458173741621
E187_cytokine_difficulty,1447,0.19350231934283932,0.10689661529988877
E187_cytokine_difficulty,1448,0.20518526101060811,0.17275570489771122
E187_cytokine_difficulty,1449,0.15800921668191922,0.22642774868897425
E187_cytokine_difficulty,1450,0.18444156238589282,0.090829708488214159
E187_cytokine_difficulty,1451,0.17827777123637614,0.17447571567823433
E187_cytokine_difficulty,1452,0.17116957433673893,0.12819662054189918
E187_cytokine_difficulty,1453,0.22351502701857293,0.16864484585132375
E187_cytokine_difficulty,1454,0.097020394826446449,0.094802045472791252
E187_cytokine_difficulty,1455,0.2212032265829604,0.15086210600924566
E187_cytokine_difficulty,1456,0.15296028862057576,0.044867582529847384
E187_cytokine_difficulty,1457,0.24365911197986606,0.20941942390751711
E187_cytokine_difficulty,1458,0.22157423327084383,0.24027996520153086
E187_cytokine_difficulty,1459,0.1490529350535352,0.11533033194748174
E187_cytokine_difficulty,1460,0.15790170337547757,0.18345986520760341
E187_cytokine_difficulty,1461,0.23632386188913271,0.12520748809499369
E187_cytokine_difficulty,1462,0.17136236976604921,0.20455976007099999
E187_cytokine_difficulty,1463,0.2240784965904721,0.31130114607626269
E187_cytokine_difficulty,1464,0.16828245918547549,0.10743903360647539
E187_cytokine_difficulty,1465,0.21553094193486311,0.13313181505098967
E187_cytokine_difficulty,1466,0.2168354783587958,0.23332501883276163
E187_cytokine_difficulty,1467,0.21004835799439242,0.23346646489282991
E187_cytokine_difficulty,1468,0.18104827374321122,0.21473242890154232
E187_cytokine_difficulty,1469,0.16623203828868233,0.099344248903177571
E187_cytokine_difficulty,1470,0.21307428969170786,0.2084779722776833
E187_cytokine_difficulty,1471,0.13647381162625488,0.25301118887533841
E187_cytokine_difficulty,1472,0.18204884090409876,0.17548317368521757
E187_cytokine_difficulty,1473,0.14162611585666413,0.13808256320730969
E187_cytokine_difficulty,1474,0.22703479862601772,0.12667092735069627
E187_cytokine_difficulty,1475,0.18271886210059404,0.19932229479159677
E187_cytokine_difficulty,1476,0.21017934050320752,0.30693840971798203
E187_cytokine_difficulty,1477,0.19521988921474587,0.1624144472084052
E187_cytokine_difficulty,1478,0.15594292888891692,0.13252361537977325
E187_cytokine_difficulty,1479,0.14752638931147888,0.14969898580829208
E187_cytokine_difficulty,1480,0.12553433018855692,0.17327811740502577
E187_cytokine_difficulty,1481,0.17279720440835936,0.19578159245335452
E187_cytokine_difficulty,1482,0.2160319853705252,0.16873619734343931
E187_cytokine_difficulty,1483,0.17462372678954061,0.20517832786751095
E187_cytokine_difficulty,1484,0.20932676484204138,0.21163487269663503
E187_cytokine_difficulty,1485,0.14298522570148289,0.1156772837798733
E187_cytokine_difficulty,1486,0.22270082685440384,0.23568690861443645
E187_cytokine_difficulty,1487,0.18988347279395967,0.34175823431202756
E187_cytokine_difficulty,1488,0.13390440968133571,0.13090219002459669
E187_cytokine_difficulty,1489,0.15181732347662857,0.12639989658270268
E187_cytokine_difficulty,1490,0.21189797558104195,0.21920547310647165
E187_cytokine_difficulty,1491,0.23589527609975836,0.22139983423223158
E187_cytokine_difficulty,1492,0.17922782234234083,0.21171877081854221
E187_cytokine_difficulty,1493,0.17132014263114184,0.18084593957075484
E187_cytokine_difficulty,1494,0.20884595473032821,0.20102472436296875
E187_cytokine_difficulty,1495,0.19813696394477512,0.18747546538744111
E187_cytokine_difficulty,1496,0.20178255099932429,0.16231114741840141
E187_cytokine_difficulty,1497,0.14306059351273981,0.17392399783420626
E187_cytokine_difficulty,1498,0.17758514809438442,0.15982768523721513
E187_cytokine_difficulty,1499,0.17896243441683832,0.1919481800854328
E187_cytokine_difficulty,1500,0.21487408778618297,0.22453389175750382
E187_cytokine_difficulty,1501,0.20255089268524171,0.1911407736201981
E187_cytokine_difficulty,1502,0.18673643321073699,0.19637721492477905
E187_cytokine_difficulty,1503,0.15242490791937238,0.21908596911606315
E187_cytokine_difficulty,1504,0.16077668204385212,0.10996573483123687
E187_cytokine_difficulty,1505,0.20797045399323813,0.18651056399688087
E187_cytokine_difficulty,1506,0.16606048290858932,0.11463360229431827
E187_cytokine_difficulty,1507,0.2333568502527672,0.23857334065579519
E187_cytokine_difficulty,1508,0.19894738740416237,0.17179567543470345
E187_cytokine_difficulty,1509,0.097334061300912364,0.087585356406495188
E187_cytokine_difficulty,1510,0.20547725392346222,0.22236143105189693
E187_cytokine_difficulty,1511,0.2198978245140765,0.19288263613220147
E187_cytokine_difficulty,1512,0.17280478681025299,0.1532247958011809
E187_cytokine_difficulty,1513,0.14825269164629618,0.15047987559766243
E187_cytokine_difficulty,1514,0.094728627651994413,0.17229459067464403
E187_cytokine_difficulty,1515,0.1168111707819031,0.20978380091957446
E187_cytokine_difficulty,1516,0.11527231589703058,0.19981918846373364
E187_cytokine_difficulty,1517,0.13746349299647795,0.13179527104690195
E187_cytokine_difficulty,1518,0.1722403406293796,0.19127568194491709
E187_cytokine_difficulty,1519,0.12974705977422141,0.051455803747916085
E187_cytokine_difficulty,1520,0.18618963737850558,0.19481775522487418
E187_cytokine_difficulty,1521,0.17966473160361532,0.23876916720815644
E187_cytokine_difficulty,1522,0.17120225231365249,0.12597343321916091
E187_cytokine_difficulty,1523,0.14509355604881985,0.17110332911518539
E187_cytokine_difficulty,1524,0.18400261462121945,0.1827642945102157
E187_cytokine_difficulty,1525,0.14800900894623828,0.14202866177533285
E187_cytokine_difficulty,1526,0.18173004286545844,0.2203261065078716
E187_cytokine_difficulty,1527,0.15130943227831914,0.15575716530653216
E187_cytokine_difficulty,1528,0.20330265861573821,0.18502156925433524
E187_cytokine_difficulty,1529,0.20404277928111747,0.1606421676087679
E187_cytokine_difficulty,1530,0.17811763025403146,0.20890865409641884
E187_cytokine_difficulty,1531,0.17960629879073822,0.15759215009212377
E187_cytokine_difficulty,1532,0.24826379973332177,0.27325994133390885
E187_cytokine_difficulty,1533,0.13487519390170735,0.11918468211628193
E187_cytokine_difficulty,1534,0.11103861026649701,0.18988398647925039
E187_cytokine_difficulty,1535,0.21937985398750967,0.11626839409293691
E187_cytokine_difficulty,1536,0.15045496908400155,0.14402527539240173
E187_cytokine_difficulty,1537,0.17857834758700999,0.20282785346402951
E187_cytokine_difficulty,1538,0.21251674046400715,0.18612622941333498
E187_cytokine_difficulty,1539,0.14623735560953069,0.19807081924112566
E187_cytokine_difficulty,1540,0.18073241309670715,0.18750610278904642
E187_cytokine_difficulty,1541,0.20271669274026302,0.21865731627403395
E187_cytokine_difficulty,1542,0.093594940932945889,0.1572923908151527
E187_cytokine_difficulty,1543,0.21287525319551112,0.12424931393136122
E187_cytokine_difficulty,1544,0.18319940866283088,0.13117373963925746
E187_cytokine_difficulty,1545,0.14563110353507558,0.15180137690281359
E187_cytokine_difficulty,1546,0.22619815724167994,0.15363100511253486
E187_cytokine_difficulty,1547,0.25684005269135685,0.11535303225276451
E187_cytokine_difficulty,1548,0.16154884804396114,0.12890146139882872
E187_cytokine_difficulty,1549,0.1798212658048168,0.21636140509650376
E187_cytokine_difficulty,1550,0.23574850177806528,0.22843450611882582
E187_cytokine_difficulty,1551,0.18941703633398599,0.21407014058367799
E187_cytokine_difficulty,1552,0.2076375763672566,0.14266996205256585
E187_cytokine_difficulty,1553,0.17302743334965845,0.17368069404289163
E187_cytokine_difficulty,1554,0.15470806589192218,0.065221722843483695
E187_cytokine_difficulty,1555,0.14728668336354617,0.13463616461263739
E187_cytokine_difficulty,1556,0.24032636824906742,0.029374330654213628
E187_cytokine_difficulty,1557,0.12858569954131491,0.1875888413152336
E187_cytokine_difficulty,1558,0.13621069542263947,0.1844894673513322
E187_cytokine_difficulty,1559,0.23012361205894979,0.12661870612283863
E187_cytokine_difficulty,1560,0.15967052400923051,0.13792953697585353
E187_cytokine_difficulty,1561,0.10681941717297794,0.20514033224573666
E187_cytokine_difficulty,1562,0.16904205898159144,0.11757935477337206
E187_cytokine_difficulty,1563,0.20530534526062527,0.24097953084451376
E187_cytokine_difficulty,1564,0.19766565170949976,0.18801679146329991
E187_cytokine_difficulty,1565,0.18705985158238242,0.28627502182515185
E187_cytokine_difficulty,1566,0.20076127074397532,0.1017602931272832
E187_cytokine_difficulty,1567,0.20404283574261109,0.1491643984678814
E187_cytokine_difficulty,1568,0.20221624279996073,0.15948824002895173
E187_cytokine_difficulty,1569,0.18486420913150692,0.10709509688878248
E187_cytokine_difficulty,1570,0.16424931589660671,0.14824599161009197
E187_cytokine_difficulty,1571,0.18981521040087387,0.16823431932541105
E187_cytokine_difficulty,1572,0.14548138976981281,0.19595619822583457
E187_cytokine_difficulty,1573,0.13038477969836079,0.095716178025650522
E187_cytokine_difficulty,1574,0.1852544129615411,0.12671946061116796
E187_cytokine_difficulty,1575,0.17814846276815696,0.10464334134327501
E187_cytokine_difficulty,1576,0.17225279082318981,0.048002414617046602
E187_cytokine_difficulty,1577,0.19455667281680936,0.20930715286769203
E187_cytokine_difficulty,1578,0.17080109267354976,0.13068986851493711
E187_cytokine_difficulty,1579,0.149596402446281,0.1311620428592026
E187_cytokine_difficulty,1580,0.16993493219281577,0.15133887957079026
E187_cytokine_difficulty,1581,0.17203179625513407,0.14359486551466785
E187_cytokine_difficulty,1582,0.18083467031549741,0.14921167368729876
E187_cytokine_difficulty,1583,0.18809934057465449,0.17924018795940344
E187_cytokine_difficulty,1584,0.13156605899541954,0.052120682934957113
E187_cytokine_difficulty,1585,0.16702487806790023,0.18965136377577019
E187_cytokine_difficulty,1586,0.16910992862946322,0.064329053346638035
E187_cytokine_difficulty,1587,0.25367615631491236,0.24997045352885899
E187_cytokine_difficulty,1588,0.176532062536784,0.17967853587537516
E187_cytokine_difficulty,1589,0.12819827280822019,0.029792165625429343
E187_cytokine_difficulty,1590,0.15707004309007441,0.24604397364674388
E187_cytokine_difficulty,1591,0.20303622672053173,0.27345626122780881
E187_cytokine_difficulty,1592,0.18600918292665755,0.099753353397570008
E187_cytokine_difficulty,1593,0.16669163824860669,0.19175674700306455
E187_cytokine_difficulty,1594,0.19689746602986016,0.15756314870304602
E187_cytokine_difficulty,1595,0.17192737183776644,0.21812971961058353
E187_cytokine_difficulty,1596,0.23163251232186954,0.13092884778224445
E187_cytokine_difficulty,1597,0.15939596946507181,0.23446131617353283
E187_cytokine_difficulty,1598,0.19985872083629708,0.26332759488513818
E187_cytokine_difficulty,1599,0.2070320874143044,0.23743212740049266
E187_cytokine_difficulty,1600,0.22993725408359769,0.19846536177693463
E187_cytokine_difficulty,1601,0.2086039294960309,0.21290586362892006
E187_cytokine_difficulty,1602,0.16871117546868664,0.20519519852248103
E187_cytokine_difficulty,1603,0.18807493547863896,0.18680184228610935
E187_cytokine_difficulty,1604,0.17611942131759128,0.13543131809419703
E187_cytokine_difficulty,1605,0.15254781354679256,0.23846281544261699
E187_cytokine_difficulty,1606,0.17644388080892348,0.19451113019339564
E187_cytokine_difficulty,1607,0.16121352848153234,0.21931799855808259
E187_cytokine_difficulty,1608,0.22811272351358433,0.28129549720428454
E187_cytokine_difficulty,1609,0.16156417556610089,0.13721433630032034
E187_cytokine_difficulty,1610,0.18839300345122467,0.14260778411932643
E187_cytokine_difficulty,1611,0.20271030202648468,0.28512541734525915
E187_cytokine_difficulty,1612,0.18023358009814061,0.19845650762682313
E187_cytokine_difficulty,1613,0.23464716759805074,0.16663094853163782
E187_cytokine_difficulty,1614,0.17691520385972978,0.27521214997825877
E187_cytokine_difficulty,1615,0.21508294391388985,0.1457977258905436
E187_cytokine_difficulty,1616,0.14034616997432445,0.15707360954767863
E187_cytokine_difficulty,1617,0.16891336319562372,0.23830934399459897
E187_cytokine_difficulty,1618,0.1511044741761792,0.26702006599379913
E187_cytokine_difficulty,1619,0.12263619566261479,0.1894063524452691
E187_cytokine_difficulty,1620,0.14245389250517901,0.20801904398861829
E187_cytokine_difficulty,1621,0.16121520427318092,0.14676049385939188
E187_cytokine_difficulty,1622,0.1696633935307521,0.19950680558167486
E187_cytokine_difficulty,1623,0.20988873926412857,0.18796881012803346
E187_cytokine_difficulty,1624,0.19849072801258585,0.20342084254768547
E187_cytokine_difficulty,1625,0.25288881189313633,0.24122831604794959
E187_cytokine_difficulty,1626,0.12416989090008189,0.079729994279092206
E187_cytokine_difficulty,1627,0.13781910470295125,0.10989314732907852
E187_cytokine_difficulty,1628,0.19658807611794382,0.16630222547259674
E187_cytokine_difficulty,1629,0.10856659788116386,0.14127172381827249
E187_cytokine_difficulty,1630,0.18932274182805897,0.21533783830755443
E187_cytokine_difficulty,1631,0.16541987207850697,0.13794451215845543
E187_cytokine_difficulty,1632,0.20278436726759944,0.17395857093939313
E187_cytokine_difficulty,1633,0.18392120751594995,0.11500149839692192
E187_cytokine_difficulty,1634,0.17905277788477111,0.21386681972031399
E187_cytokine_difficulty,1635,0.19426261282545618,-0.027490833210245445
E187_cytokine_difficulty,1636,0.17302558362351786,0.2133532653122942
E187_cytokine_difficulty,1637,0.17536602877851892,0.18950317561401134
E187_cytokine_difficulty,1638,0.14419578844790923,0.26221062722124128
E187_cytokine_difficulty,1639,0.18792328506758296,0.24490577509218733
E187_cytokine_difficulty,1640,0.20023915559397881,0.26521217671741265
E187_cytokine_difficulty,1641,0.23181523667257212,0.15483845266968022
E187_cytokine_difficulty,1642,0.18066651207613071,0.1062844507808626
E187_cytokine_difficulty,1643,0.17663538031343626,0.12790386343729501
E187_cytokine_difficulty,1644,0.19558019927242856,0.17725815543230253
E187_cytokine_difficulty,1645,0.17492931261744749,0.12524465511280947
E187_cytokine_difficulty,1646,0.17174145295259219,0.1476550489333372
E187_cytokine_difficulty,1647,0.20131337000455496,0.23936761582605945
E187_cytokine_difficulty,1648,0.18010093387629925,0.14442841814678242
E187_cytokine_difficulty,1649,0.16433323318197496,0.20191651994149701
E187_cytokine_difficulty,1650,0.14751567795666334,0.13307595650731313
E187_cytokine_difficulty,1651,0.19059743794226358,0.16974840509279016
E187_cytokine_difficulty,1652,0.1900674413976399,0.17989129324501865
E187_cytokine_difficulty,1653,0.13111623929304927,0.16348464209488281
E187_cytokine_difficulty,1654,0.18907641188735708,0.10804683363742677
E187_cytokine_difficulty,1655,0.18389277837839327,0.026295584886825579
E187_cytokine_difficulty,1656,0.22434313281821797,0.2648568667631252
E187_cytokine_difficulty,1657,0.12749202492587594,0.21095484745368723
E187_cytokine_difficulty,1658,0.11596191914768873,0.081891718046859352
E187_cytokine_difficulty,1659,0.13383281305050448,0.20850011809406058
E187_cytokine_difficulty,1660,0.16627956284301607,0.11940559747355277
E187_cytokine_difficulty,1661,0.24342851137600152,0.18043039398107075
E187_cytokine_difficulty,1662,0.20466497058243979,0.10675998591060697
E187_cytokine_difficulty,1663,0.19119030258809064,0.18372868627063635
E187_cytokine_difficulty,1664,0.12557446531642016,0.18872019831387754
E187_cytokine_difficulty,1665,0.13898655133361554,0.19665569511951014
E187_cytokine_difficulty,1666,0.2947066196921187,0.26808205352507042
E187_cytokine_difficulty,1667,0.18294189508480097,0.024195764035334771
E187_cytokine_difficulty,1668,0.25905775678906678,0.30153721112985288
E187_cytokine_difficulty,1669,0.15561257646947713,0.12295915816919108
E187_cytokine_difficulty,1670,0.18398990257261202,0.041933902886253503
E187_cytokine_difficulty,1671,0.19147666594042334,0.22731231555362488
E187_cytokine_difficulty,1672,0.21563321201039878,0.090783573331553652
E187_cytokine_difficulty,1673,0.12424147833662222,0.060578063675043967
E187_cytokine_difficulty,1674,0.16110605845486789,0.17339682046749944
E187_cytokine_difficulty,1675,0.16188019968747111,0.18339533752955245
E187_cytokine_difficulty,1676,0.17441944791356279,0.17860179077464361
E187_cytokine_difficulty,1677,0.16427545261627405,0.13606684652533235
E187_cytokine_difficulty,1678,0.15883778528826856,0.12360340358103743
E187_cytokine_difficulty,1679,0.20338365402091349,0.088312748505219016
E187_cytokine_difficulty,1680,0.16419931252229783,0.1217299454663071
E187_cytokine_difficulty,1681,0.192642913661627,0.27969215729979724
E187_cytokine_difficulty,1682,0.16306678419482024,0.21775507223743473
E187_cytokine_difficulty,1683,0.23971154418897228,0.20335542275477217
E187_cytokine_difficulty,1684,0.13380505601769857,-0.015147181095643725
E187_cytokine_difficulty,1685,0.11530335645557037,0.20698342412511608
E187_cytokine_difficulty,1686,0.23651849809711076,0.19023322844046736
E187_cytokine_difficulty,1687,0.1641334827847272,0.12141481476005136
E187_cytokine_difficulty,1688,0.19199620845402462,0.094635897720479104
E187_cytokine_difficulty,1689,0.15134292719619322,0.11270190781312857
E187_cytokine_difficulty,1690,0.20719578540316841,0.15331699476072433
E187_cytokine_difficulty,1691,0.17494730166916594,0.24320842035489065
E187_cytokine_difficulty,1692,0.13858422877658119,0.15426665341339824
E187_cytokine_difficulty,1693,0.18815015213004674,0.14427348099772072
E187_cytokine_difficulty,1694,0.19456942089869728,0.10649087442385122
E187_cytokine_difficulty,1695,0.12671110537013261,0.10399152525025712
E187_cytokine_difficulty,1696,0.15082644805012319,0.17556012262901433
E187_cytokine_difficulty,1697,0.19414417393414565,0.13387466811122367
E187_cytokine_difficulty,1698,0.17256442926046112,0.028993155892806759
E187_cytokine_difficulty,1699,0.15244180720054279,0.21048926723061684
E187_cytokine_difficulty,1700,0.22782102460024786,0.25067008262411272
E187_cytokine_difficulty,1701,0.14495964203352843,0.055935703404888279
E187_cytokine_difficulty,1702,0.19759830909421094,0.20964372775510845
E187_cytokine_difficulty,1703,0.2096073645476712,0.19364376049594523
E187_cytokine_difficulty,1704,0.20170150817805119,0.25259158820137606
E187_cytokine_difficulty,1705,0.16197843485762006,0.11826625000953248
E187_cytokine_difficulty,1706,0.19851043275397459,0.0562799985286455
E187_cytokine_difficulty,1707,0.18916580087583154,0.1893408090539595
E187_cytokine_difficulty,1708,0.15109855977901418,0.23130213348879949
E187_cytokine_difficulty,1709,0.10784931766096205,0.05381915979897077
E187_cytokine_difficulty,1710,0.17247742411574657,0.117901439585505
E187_cytokine_difficulty,1711,0.22242583720699036,0.196269161673227
E187_cytokine_difficulty,1712,0.17740144510492548,0.18460723326660028
E187_cytokine_difficulty,1713,0.17862537328071806,0.16908083033387092
E187_cytokine_difficulty,1714,0.24167190764591595,0.2213056006041739
E187_cytokine_difficulty,1715,0.16666886381623094,0.15517463813928606
E187_cytokine_difficulty,1716,0.10720412778933518,0.18434145042522673
E187_cytokine_difficulty,1717,0.12991892807006117,0.074198693542260177
E187_cytokine_difficulty,1718,0.14658365558267317,0.094294605690928776
E187_cytokine_difficulty,1719,0.16724266742937574,0.20958509633068931
E187_cytokine_difficulty,1720,0.11549727527861453,0.097793594010835247
E187_cytokine_difficulty,1721,0.18653739127444735,0.19494107480006503
E187_cytokine_difficulty,1722,0.1564271124750333,0.10668924988497273
E187_cytokine_difficulty,1723,0.13524011247645731,0.12382285451137405
E187_cytokine_difficulty,1724,0.2534102393692429,0.20924525891762685
E187_cytokine_difficulty,1725,0.20304344819285491,0.21987661591007718
E187_cytokine_difficulty,1726,0.16786930721080645,0.18935814483423558
E187_cytokine_difficulty,1727,0.12139272864139822,0.13723188603448377
E187_cytokine_difficulty,1728,0.15869704301818946,0.20359106298341698
E187_cytokine_difficulty,1729,0.20526430616738214,0.20026852093778955
E187_cytokine_difficulty,1730,0.1844223733486462,0.1509101454538484
E187_cytokine_difficulty,1731,0.17075123129831568,0.082816323528582841
E187_cytokine_difficulty,1732,0.13116832549963789,0.16848665852891984
E187_cytokine_difficulty,1733,0.18997693257882631,0.22968394334797923
E187_cytokine_difficulty,1734,0.16236669816133756,-0.02535388916971756
E187_cytokine_difficulty,1735,0.19673942504652941,0.14959463986497351
E187_cytokine_difficulty,1736,0.16349742587822425,0.13212330630101357
E187_cytokine_difficulty,1737,0.21225525612419582,0.17350269757223008
E187_cytokine_difficulty,1738,0.237570456176707,0.14750071337966947
E187_cytokine_difficulty,1739,0.22252913667251187,0.14919310273692066
E187_cytokine_difficulty,1740,0.20310794768745374,0.17525034600205178
E187_cytokine_difficulty,1741,0.22158979062844736,0.11867457034799121
E187_cytokine_difficulty,1742,0.20727179806941476,0.20727897620687047
E187_cytokine_difficulty,1743,0.20854501009397544,0.23738026841018023
E187_cytokine_difficulty,1744,0.21819790235046296,0.19773046679529716
E187_cytokine_difficulty,1745,0.16260273609050763,0.18122334657409556
E187_cytokine_difficulty,1746,0.18368979903031463,0.11407959981869861
E187_cytokine_difficulty,1747,0.2066842502061533,0.21957112938106044
E187_cytokine_difficulty,1748,0.21620567168943108,0.24746297044584281
E187_cytokine_difficulty,1749,0.16522312846950996,0.15820486508185744
E187_cytokine_difficulty,1750,0.17448310427074018,0.13335558015782031
E187_cytokine_difficulty,1751,0.14130991222322584,0.077573788607258401
E187_cytokine_difficulty,1752,0.20217526775375752,0.15279250115580503
E187_cytokine_difficulty,1753,0.20883411005659955,0.22007701102190524
E187_cytokine_difficulty,1754,0.20770832920656532,0.16228468346569666
E187_cytokine_difficulty,1755,0.14266160503689762,0.24581455094935403
E187_cytokine_difficulty,1756,0.11091208881828966,0.1521102247992559
E187_cytokine_difficulty,1757,0.12422519399099785,0.19564982568924297
E187_cytokine_difficulty,1758,0.18075267756202443,0.12662630611464568
E187_cytokine_difficulty,1759,0.16420557599458876,0.16220954223371165
E187_cytokine_difficulty,1760,0.22028656270958338,0.20548268566710354
E187_cytokine_difficulty,1761,0.26124419595877096,0.17197181502655581
E187_cytokine_difficulty,1762,0.16667062569310437,0.1505930023596537
E187_cytokine_difficulty,1763,0.19265678989381349,0.093901655721546295
E187_cytokine_difficulty,1764,0.21164959137460015,0.12729437935624988
E187_cytokine_difficulty,1765,0.18998805856297685,0.15808480143267811
E187_cytokine_difficulty,1766,0.15994143202156216,0.16447383604097576
E187_cytokine_difficulty,1767,0.19487591575153931,0.22481844649759358
E187_cytokine_difficulty,1768,0.15616945652281128,0.12059149369340888
E187_cytokine_difficulty,1769,0.1579852587383947,0.17067432099500929
E187_cytokine_difficulty,1770,0.18332561776633868,0.19939341986693909
E187_cytokine_difficulty,1771,0.20837716590828922,0.19343775067155738
E187_cytokine_difficulty,1772,0.21099729526744079,0.18686829414016043
E187_cytokine_difficulty,1773,0.18457868374809391,0.27464828890966991
E187_cytokine_difficulty,1774,0.17677203631853919,0.15709298237276037
E187_cytokine_difficulty,1775,0.22148263425526532,0.26270531374545608
E187_cytokine_difficulty,1776,0.20325604415719548,0.27376343646090734
E187_cytokine_difficulty,1777,0.18150562491739863,0.17091089940579612
E187_cytokine_difficulty,1778,0.18249718370268617,0.11810086318103044
E187_cytokine_difficulty,1779,0.15572508331686111,0.10339849237238025
E187_cytokine_difficulty,1780,0.17135569810564699,0.17068539503275643
E187_cytokine_difficulty,1781,0.16729873370152576,0.17243799998753892
E187_cytokine_difficulty,1782,0.19568528764419221,0.18308211083636886
E187_cytokine_difficulty,1783,0.17853059675714811,0.092611792584168004
E187_cytokine_difficulty,1784,0.17717652491492122,0.18868177944929257
E187_cytokine_difficulty,1785,0.088412245651907237,0.033095562990531485
E187_cytokine_difficulty,1786,0.18970217889831925,0.14573504825388561
E187_cytokine_difficulty,1787,0.18662257333456914,0.19013283109131615
E187_cytokine_difficulty,1788,0.20907306486211233,0.19449676874329133
E187_cytokine_difficulty,1789,0.1679647282507922,0.11187097732179192
E187_cytokine_difficulty,1790,0.13514130362323537,0.13749433110364723
E187_cytokine_difficulty,1791,0.24144352527472882,0.26210379837020487
E187_cytokine_difficulty,1792,0.15548290427825245,0.10420701022758747
E187_cytokine_difficulty,1793,0.18191826467072594,0.17587235507111679
E187_cytokine_difficulty,1794,0.17924034828437052,0.13163787728026807
E187_cytokine_difficulty,1795,0.15514275403313388,0.28086712562136207
E187_cytokine_difficulty,1796,0.18603918673716668,0.22301950146474958
E187_cytokine_difficulty,1797,0.21960129913808316,0.20702045228086427
E187_cytokine_difficulty,1798,0.254184906792917,0.21998854805552479
E187_cytokine_difficulty,1799,0.19606687767242462,0.24681109271981969
E187_cytokine_difficulty,1800,0.19959415373693543,0.3798893300437956
E187_cytokine_difficulty,1801,0.17287752373186149,0.11682905033773358
E187_cytokine_difficulty,1802,0.16029194037581623,0.2594548837719477
E187_cytokine_difficulty,1803,0.24618624073543519,0.1712084243700136
E187_cytokine_difficulty,1804,0.19718077734301809,0.13570334878886872
E187_cytokine_difficulty,1805,0.19551657299308792,0.15166148597865733
E187_cytokine_difficulty,1806,0.17993708542360207,0.16621066744801782
E187_cytokine_difficulty,1807,0.20197240340171743,0.15679893469214951
E187_cytokine_difficulty,1808,0.21247401356602105,0.12132447799162306
E187_cytokine_difficulty,1809,0.17514976374101376,0.077945045298251331
E187_cytokine_difficulty,1810,0.25736389604674786,0.1023138494468393
E187_cytokine_difficulty,1811,0.13665009378385054,0.19137119974492256
E187_cytokine_difficulty,1812,0.15101932434123808,0.12077095475229482
E187_cytokine_difficulty,1813,0.10922111114787149,0.10779325414579348
E187_cytokine_difficulty,1814,0.16856657622428947,0.16053963330386395
E187_cytokine_difficulty,1815,0.20513539659045829,0.20131878820866766
E187_cytokine_difficulty,1816,0.16203815315960224,0.15193622682198754
E187_cytokine_difficulty,1817,0.15740633579350841,0.13262751978557047
E187_cytokine_difficulty,1818,0.18056406360782953,0.22585240764601255
E187_cytokine_difficulty,1819,0.21057046209708263,0.13832270956769052
E187_cytokine_difficulty,1820,0.12486321194854434,0.12693312194160408
E187_cytokine_difficulty,1821,0.16944062133660245,0.14594897462588169
E187_cytokine_difficulty,1822,0.15950514507683625,0.10054708528277828
E187_cytokine_difficulty,1823,0.14708850391322903,0.10795669172134835
E187_cytokine_difficulty,1824,0.16973146380422274,0.20963641913160494
E187_cytokine_difficulty,1825,0.1774007174650748,0.089613542026815943
E187_cytokine_difficulty,1826,0.21920166656863724,0.21853814133077165
E187_cytokine_difficulty,1827,0.1792875104998565,0.1692972205768917
E187_cytokine_difficulty,1828,0.19920134663502667,0.26445457671790068
E187_cytokine_difficulty,1829,0.17870468023990629,0.23318146711920307
E187_cytokine_difficulty,1830,0.17011059403232207,0.12357448866284809
E187_cytokine_difficulty,1831,0.13481527365830209,0.11993822602512309
E187_cytokine_difficulty,1832,0.19751553309669859,0.29658394536906768
E187_cytokine_difficulty,1833,0.18226714677113443,0.072145823886485994
E187_cytokine_difficulty,1834,0.19010350976908344,0.22913929801429872
E187_cytokine_difficulty,1835,0.18651896111108862,0.10068940752330614
E187_cytokine_difficulty,1836,0.25102294599464126,0.15294144489330064
E187_cytokine_difficulty,1837,0.22027021972459537,0.21314319721963357
E187_cytokine_difficulty,1838,0.20017817378011615,0.18625989231395909
E187_cytokine_difficulty,1839,0.17083615966290758,0.18654710394433605
E187_cytokine_difficulty,1840,0.15743024841175263,0.18267157737508788
E187_cytokine_difficulty,1841,0.19042314458596718,0.1747897413725642
E187_cytokine_difficulty,1842,0.20333434973030981,0.12445305983479396
E187_cytokine_difficulty,1843,0.1570478705454752,0.11015679229389067
E187_cytokine_difficulty,1844,0.19101656951367607,0.15980352212311472
E187_cytokine_difficulty,1845,0.16411980588228384,0.14787233272016717
E187_cytokine_difficulty,1846,0.22800749949804675,0.17771573052627362
E187_cytokine_difficulty,1847,0.1685896274366093,0.2034052679971835
E187_cytokine_difficulty,1848,0.19790949661985224,0.25221204277477616
E187_cytokine_difficulty,1849,0.13937791343236883,0.27111187525461217
E187_cytokine_difficulty,1850,0.1516860771035686,0.17675096247323713
E187_cytokine_difficulty,1851,0.17785968034359145,0.24145356061558154
E187_cytokine_difficulty,1852,0.16053776974439696,0.16695105356660189
E187_cytokine_difficulty,1853,0.11807382940280516,0.11250781813503083
E187_cytokine_difficulty,1854,0.19988733196927164,0.079991598525331192
E187_cytokine_difficulty,1855,0.12635591527573239,0.19485935016250944
E187_cytokine_difficulty,1856,0.16019784162866699,0.16857531487821678
E187_cytokine_difficulty,1857,0.17796039181124709,0.20969385374580343
E187_cytokine_difficulty,1858,0.18780165816830716,0.15288449025151205
E187_cytokine_difficulty,1859,0.1750605766366444,0.19268337773004315
E187_cytokine_difficulty,1860,0.17587840712013605,0.20658306738817281
E187_cytokine_difficulty,1861,0.16011710747117611,0.23251448420572829
E187_cytokine_difficulty,1862,0.18053613670429827,0.13784613751087668
E187_cytokine_difficulty,1863,0.20202380942575726,0.22553957377763179
E187_cytokine_difficulty,1864,0.1547062687715037,0.22128005754262639
E187_cytokine_difficulty,1865,0.16472343498601946,0.22468933173377387
E187_cytokine_difficulty,1866,0.23605253122135716,0.14324500921059083
E187_cytokine_difficulty,1867,0.19435225589406779,0.058353906274713777
E187_cytokine_difficulty,1868,0.18957956867773965,0.24775570855532833
E187_cytokine_difficulty,1869,0.17924209610424829,0.1783270221452031
E187_cytokine_difficulty,1870,0.18386249880270134,0.19856010514005318
E187_cytokine_difficulty,1871,0.20480637852408334,0.13582392138624605
E187_cytokine_difficulty,1872,0.19767432111232894,0.19097547360393721
E187_cytokine_difficulty,1873,0.18312914910970188,0.16621499743666016
E187_cytokine_difficulty,1874,0.21893585629982826,0.24329283487581127
E187_cytokine_difficulty,1875,0.24735407850560509,0.1680936791793109
E187_cytokine_difficulty,1876,0.14639992781366645,0.15188591567587992
E187_cytokine_difficulty,1877,0.19900946534789424,0.20235155878201205
E187_cytokine_difficulty,1878,0.16787533986093675,0.22035485443416897
E187_cytokine_difficulty,1879,0.14589053653188344,0.13726225886508675
E187_cytokine_difficulty,1880,0.13266431411721646,0.037602040523372418
E187_cytokine_difficulty,1881,0.19951305369436692,0.15944458638436684
E187_cytokine_difficulty,1882,0.16272790429716019,0.17825740677813132
E187_cytokine_difficulty,1883,0.15896382060292455,0.15812278766076351
E187_cytokine_difficulty,1884,0.10976472412676209,0.14192333207978339
E187_cytokine_difficulty,1885,0.20187890442158082,0.18320623251316406
E187_cytokine_difficulty,1886,0.2038462299644884,0.21294774435156522
E187_cytokine_difficulty,1887,0.15773513636084138,0.11407050609302136
E187_cytokine_difficulty,1888,0.14434325805956194,0.0302123024948171
E187_cytokine_difficulty,1889,0.20159923107429334,0.16251013601645714
E187_cytokine_difficulty,1890,0.12113238488398186,0.085129009134573844
E187_cytokine_difficulty,1891,0.19763840183567619,0.20711602553891884
E187_cytokine_difficulty,1892,0.1949638599320537,0.23294358120207553
E187_cytokine_difficulty,1893,0.21357172758393725,0.28117716959103717
E187_cytokine_difficulty,1894,0.11863156972020138,0.12251466168983928
E187_cytokine_difficulty,1895,0.19995478993275398,0.17939884328455658
E187_cytokine_difficulty,1896,0.17030219713512759,0.1279761309027404
E187_cytokine_difficulty,1897,0.21116380771237908,0.11526944919286769
E187_cytokine_difficulty,1898,0.17699354025696759,0.14569325404129091
E187_cytokine_difficulty,1899,0.152869374040908,0.13481948532648955
E187_cytokine_difficulty,1900,0.18052404552414761,0.20175078308693103
E187_cytokine_difficulty,1901,0.18096055450204535,0.21758811819331669
E187_cytokine_difficulty,1902,0.14527987209419882,0.19581708476019244
E187_cytokine_difficulty,1903,0.18683678228468628,0.065267648485529364
E187_cytokine_difficulty,1904,0.10688934412147465,0.090455807799770166
E187_cytokine_difficulty,1905,0.23364099710504807,0.18676820377073311
E187_cytokine_difficulty,1906,0.24024462885397924,0.12922821535500281
E187_cytokine_difficulty,1907,0.1618165871228199,0.094643583887201788
E187_cytokine_difficulty,1908,0.15017630815693087,0.11909575935805909
E187_cytokine_difficulty,1909,0.21140336180481908,0.24749818185125597
E187_cytokine_difficulty,1910,0.12783206408907896,0.11502136077507334
E187_cytokine_difficulty,1911,0.23683309948381118,0.2410058273611442
E187_cytokine_difficulty,1912,0.15958135842875551,0.25646525111564566
E187_cytokine_difficulty,1913,0.13883830769479652,0.11748998561968871
E187_cytokine_difficulty,1914,0.20316582538774486,0.12767107731094327
E187_cytokine_difficulty,1915,0.19074693949881324,0.26574587959356205
E187_cytokine_difficulty,1916,0.22074946188695863,0.19160564639496236
E187_cytokine_difficulty,1917,0.19345146657601656,0.14723618618610443
E187_cytokine_difficulty,1918,0.16302180609499292,0.21347231317907722
E187_cytokine_difficulty,1919,0.18347532204858408,0.18489178152827332
E187_cytokine_difficulty,1920,0.22047125856379801,0.19928147564819068
E187_cytokine_difficulty,1921,0.24026625168598859,0.10714750156213187
E187_cytokine_difficulty,1922,0.18010467931551385,0.23886411634098234
E187_cytokine_difficulty,1923,0.16229338982642286,0.22421717313916106
E187_cytokine_difficulty,1924,0.24697083916598592,0.15264198522392333
E187_cytokine_difficulty,1925,0.16387509387902141,0.24139074531198934
E187_cytokine_difficulty,1926,0.12175579551705625,0.19725223533836983
E187_cytokine_difficulty,1927,0.1779642582282468,0.1540127041652232
E187_cytokine_difficulty,1928,0.14948718379725243,0.16544334955743287
E187_cytokine_difficulty,1929,0.15735766938023552,0.12843605411882109
E187_cytokine_difficulty,1930,0.15328603786611925,0.16648127221551084
E187_cytokine_difficulty,1931,0.18351295000826476,0.1889134039714625
E187_cytokine_difficulty,1932,0.16228657965995816,0.19220539689574415
E187_cytokine_difficulty,1933,0.20393035112651003,0.14682770330584283
E187_cytokine_difficulty,1934,0.18364420352526575,0.17258209698850888
E187_cytokine_difficulty,1935,0.21518516689098235,0.13154380947898439
E187_cytokine_difficulty,1936,0.17313480016735641,0.1213131454430417
E187_cytokine_difficulty,1937,0.15291086682504426,0.17102521619366601
E187_cytokine_difficulty,1938,0.21982101937193424,0.24017566608490537
E187_cytokine_difficulty,1939,0.17329034429771192,0.15550804251775249
E187_cytokine_difficulty,1940,0.18717798334706032,0.14198704719193081
E187_cytokine_difficulty,1941,0.19145968216864998,0.2011992037811122
E187_cytokine_difficulty,1942,0.21272018433636863,0.20533680366241125
E187_cytokine_difficulty,1943,0.19167477451700451,0.19211870224102034
E187_cytokine_difficulty,1944,0.14693786888489682,0.047054468005654486
E187_cytokine_difficulty,1945,0.20509720390419944,0.07461275459934992
E187_cytokine_difficulty,1946,0.16741340640160315,0.094420817459875309
E187_cytokine_difficulty,1947,0.20745515852348137,0.26642518311410668
E187_cytokine_difficulty,1948,0.2202451513521409,0.16375102571287831
E187_cytokine_difficulty,1949,0.15416116216324588,0.12774587606944562
E187_cytokine_difficulty,1950,0.21853271154875117,0.21905151576984186
E187_cytokine_difficulty,1951,0.23123862407925441,0.12123752870263735
E187_cytokine_difficulty,1952,0.14787914228345089,0.20420755808599578
E187_cytokine_difficulty,1953,0.17839506910217504,0.17725339129033341
E187_cytokine_difficulty,1954,0.1564991861851745,0.21173283104210072
E187_cytokine_difficulty,1955,0.17038076381156475,0.12177222087172887
E187_cytokine_difficulty,1956,0.1447777052810251,0.18455302800785142
E187_cytokine_difficulty,1957,0.16416965481802603,0.17826455798456312
E187_cytokine_difficulty,1958,0.19702762939666227,0.10615489914218193
E187_cytokine_difficulty,1959,0.15500656534954241,0.073085708596764415
E187_cytokine_difficulty,1960,0.18806472762680315,0.13363196897455376
E187_cytokine_difficulty,1961,0.17258266038537873,0.122485483711258
E187_cytokine_difficulty,1962,0.20022829854008786,0.16037791582864719
E187_cytokine_difficulty,1963,0.19617808822751104,0.25074397731468839
E187_cytokine_difficulty,1964,0.18716551097309894,0.26572218354434951
E187_cytokine_difficulty,1965,0.12952461531725315,0.15849375597371207
E187_cytokine_difficulty,1966,0.13492120772816316,-0.0083522512739485182
E187_cytokine_difficulty,1967,0.15144218948135516,0.21919133520512812
E187_cytokine_difficulty,1968,0.18527394416343276,0.2351278658843719
E187_cytokine_difficulty,1969,0.19006588298046845,0.1328405221795832
E187_cytokine_difficulty,1970,0.17407419546054112,0.14002335265583377
E187_cytokine_difficulty,1971,0.17711902063696058,0.24092944340057143
E187_cytokine_difficulty,1972,0.15632050944920345,0.1795672276594984
E187_cytokine_difficulty,1973,0.15132941641921904,0.066641159064203162
E187_cytokine_difficulty,1974,0.16645155147682336,0.14625725061472541
E187_cytokine_difficulty,1975,0.15165711496606846,0.32631142373670491
E187_cytokine_difficulty,1976,0.20699967719311219,0.21251300595126002
E187_cytokine_difficulty,1977,0.16813006949459589,0.24008581213258762
E187_cytokine_difficulty,1978,0.14884508824840939,0.14204693299277255
E187_cytokine_difficulty,1979,0.18793262982236986,0.16938567414525024
E187_cytokine_difficulty,1980,0.18399947872176967,0.12821725562153852
E187_cytokine_difficulty,1981,0.12629459023048911,0.13227389970069445
E187_cytokine_difficulty,1982,0.1748889375196597,0.12128726607896476
E187_cytokine_difficulty,1983,0.19903675342218374,0.15146397959579577
E187_cytokine_difficulty,1984,0.17988849622215808,0.1534470824751652
E187_cytokine_difficulty,1985,0.12850458772933582,0.14048757998808617
E187_cytokine_difficulty,1986,0.1334680527714405,0.20799328216680543
E187_cytokine_difficulty,1987,0.17757945432031566,0.28710847602798434
E187_cytokine_difficulty,1988,0.21070436227453784,0.075928575519406044
E187_cytokine_difficulty,1989,0.19415396176206864,0.15740947059487659
E187_cytokine_difficulty,1990,0.15771839263112797,0.18646108690897306
E187_cytokine_difficulty,1991,0.19236286056333862,0.15892841119176002
E187_cytokine_difficulty,1992,0.20408493570184161,0.21852250935370698
E187_cytokine_difficulty,1993,0.16423018703661516,0.15620897121449084
E187_cytokine_difficulty,1994,0.17847134175609669,0.14242749805661115
E187_cytokine_difficulty,1995,0.19308825234802718,0.25824135315723512
E187_cytokine_difficulty,1996,0.16879498861087702,0.22903150434976993
E187_cytokine_difficulty,1997,0.13959229018093441,0.29877281635189418
E187_cytokine_difficulty,1998,0.16828553010855546,0.14843458961763967
E187_cytokine_difficulty,1999,0.19983829644291862,0.159036056109225
E187_genetic_difficulty,0,0.10990746131644412,0.19672439767288816
E187_genetic_difficulty,1,0.14559021025893307,0.12034639542615549
E187_genetic_difficulty,2,0.17223891666063085,0.20308126907238114
E187_genetic_difficulty,3,0.17436107685323773,0.21188930442693019
E187_genetic_difficulty,4,0.20146614013196049,0.29482932336352002
E187_genetic_difficulty,5,0.15323854384066549,0.17990251298751114
E187_genetic_difficulty,6,0.19334169981373539,0.1974561690383918
E187_genetic_difficulty,7,0.10395944595454798,0.17873030801897635
E187_genetic_difficulty,8,0.12787865056603234,0.31121381982742169
E187_genetic_difficulty,9,0.18663431120549689,0.23926106750185194
E187_genetic_difficulty,10,0.19759321734198987,0.25773114354388194
E187_genetic_difficulty,11,0.24497901082152959,0.2123664316007533
E187_genetic_difficulty,12,0.11122188219245237,0.19378167176529779
E187_genetic_difficulty,13,0.15616946939414536,0.21560109207848419
E187_genetic_difficulty,14,0.14467457909859302,0.19635544419287962
E187_genetic_difficulty,15,0.17734899592252704,0.25850262041717503
E187_genetic_difficulty,16,0.16771478614836988,0.2443794719091951
E187_genetic_difficulty,17,0.1900257896842712,0.19965002830026132
E187_genetic_difficulty,18,0.22955106591135122,0.23052591241029941
E187_genetic_difficulty,19,0.19921619735827822,0.22652544660034615
E187_genetic_difficulty,20,0.16199380588789447,0.20400648744176006
E187_genetic_difficulty,21,0.14175813436850634,0.22036928798769795
E187_genetic_difficulty,22,0.182142250697512,0.24895332519732771
E187_genetic_difficulty,23,0.16350069364476191,0.21461272085948166
E187_genetic_difficulty,24,0.19192821557526141,0.26246854674236558
E187_genetic_difficulty,25,0.18555556490573957,0.21578250551770647
E187_genetic_difficulty,26,0.17427709017133788,0.17195364138100788
E187_genetic_difficulty,27,0.14814846292350911,0.12123476308419183
E187_genetic_difficulty,28,0.13903176614940657,0.22231895739906804
E187_genetic_difficulty,29,0.1652960365591836,0.21923761069932235
E187_genetic_difficulty,30,0.19512385515869188,0.2594491959357747
E187_genetic_difficulty,31,0.17442572150756522,0.12685881175462246
E187_genetic_difficulty,32,0.14262749194553728,0.18618022503520681
E187_genetic_difficulty,33,0.16538097389250153,0.22274332516932005
E187_genetic_difficulty,34,0.19176457861410037,0.26731530798413189
E187_genetic_difficulty,35,0.16372618195298802,0.24719015177346307
E187_genetic_difficulty,36,0.14509125434216055,0.1750437075214101
E187_genetic_difficulty,37,0.18728764331885414,0.28383804738432522
E187_genetic_difficulty,38,0.18108231198458935,0.27554953042000402
E187_genetic_difficulty,39,0.1704192894692157,0.16495239945452281
E187_genetic_difficulty,40,0.17843540471526029,0.14648074152183166
E187_genetic_difficulty,41,0.14941101578620619,0.19821705849274043
E187_genetic_difficulty,42,0.20752878552298926,0.12998601560470083
E187_genetic_difficulty,43,0.15111493952396141,0.2524799114086691
E187_genetic_difficulty,44,0.13246000028819876,0.19871702587386486
E187_genetic_difficulty,45,0.1476200027805967,0.23921811290970818
E187_genetic_difficulty,46,0.15720837860935219,0.19737834829887815
E187_genetic_difficulty,47,0.13579950844544633,0.2449327989328979
E187_genetic_difficulty,48,0.13087982467353651,0.23554729424141793
E187_genetic_difficulty,49,0.1687063825218581,0.15475403551540565
E187_genetic_difficulty,50,0.11716535163340501,0.19494752786877734
E187_genetic_difficulty,51,0.19026624625465718,0.19632896641225858
E187_genetic_difficulty,52,0.13385806792018703,0.25861818904031803
E187_genetic_difficulty,53,0.19484730459228281,0.12655744167033087
E187_genetic_difficulty,54,0.17668016479577306,0.20857559622132851
E187_genetic_difficulty,55,0.17211882044029483,0.18097143084432596
E187_genetic_difficulty,56,0.20925101578480829,0.26965395941723652
E187_genetic_difficulty,57,0.14397621387672616,0.18939849093099356
E187_genetic_difficulty,58,0.20879586686863771,0.26749126844848059
E187_genetic_difficulty,59,0.13260493596753375,0.20209327728975268
E187_genetic_difficulty,60,0.19434061331969166,0.23006228233804163
E187_genetic_difficulty,61,0.17142533504728877,0.29272649479368745
E187_genetic_difficulty,62,0.21403908042176401,0.13832364181389209
E187_genetic_difficulty,63,0.1723635174463323,0.22646221594570448
E187_genetic_difficulty,64,0.12403604811920792,0.20746404484081585
E187_genetic_difficulty,65,0.1621674135134227,0.09086314315252475
E187_genetic_difficulty,66,0.14933147083500892,0.26278345530286923
E187_genetic_difficulty,67,0.14009230575190304,0.21125629088193029
E187_genetic_difficulty,68,0.16761212082979396,0.22056207408293074
E187_genetic_difficulty,69,0.16195422518819225,0.25295872009444503
E187_genetic_difficulty,70,0.18822395267959227,0.20441408145885456
E187_genetic_difficulty,71,0.18454490231848997,0.19943688222935418
E187_genetic_difficulty,72,0.11603314091145843,0.15974629804772847
E187_genetic_difficulty,73,0.16457139885606198,0.13440866362050155
E187_genetic_difficulty,74,0.16011655236291636,0.19269206568358543
E187_genetic_difficulty,75,0.16939224384905882,0.1536274050305276
E187_genetic_difficulty,76,0.17892258640022798,0.26147483873603045
E187_genetic_difficulty,77,0.091858210431124895,0.21422496617880835
E187_genetic_difficulty,78,0.17267808390369108,0.22884394967503308
E187_genetic_difficulty,79,0.12678652866608428,0.27678190829482691
E187_genetic_difficulty,80,0.20511405184841017,0.28701226277100106
E187_genetic_difficulty,81,0.15658137762424518,0.15691496214260103
E187_genetic_difficulty,82,0.10560681049542597,0.23523308040735869
E187_genetic_difficulty,83,0.19753274671035714,0.3280629493901101
E187_genetic_difficulty,84,0.17993301754116722,0.2195577620664376
E187_genetic_difficulty,85,0.14853408429056228,0.19751663724402913
E187_genetic_difficulty,86,0.12117544686402397,0.14946294603334884
E187_genetic_difficulty,87,0.16389314297935209,0.13952764426554934
E187_genetic_difficulty,88,0.16743907598764859,0.29008392115513193
E187_genetic_difficulty,89,0.18949323240278701,0.29742111143872885
E187_genetic_difficulty,90,0.14133827748871494,0.19148022192569206
E187_genetic_difficulty,91,0.19426278454188872,0.22189442084308572
E187_genetic_difficulty,92,0.15686822135730494,0.15690974506042971
E187_genetic_difficulty,93,0.16034355232061315,0.23539514057934496
E187_genetic_difficulty,94,0.2111444683588104,0.27508011649024128
E187_genetic_difficulty,95,0.13998904588029551,0.2013001362616956
E187_genetic_difficulty,96,0.15542796361712891,0.24700370500266952
E187_genetic_difficulty,97,0.1316490700464796,0.2592523960691831
E187_genetic_difficulty,98,0.19732576386362335,0.17588711694447604
E187_genetic_difficulty,99,0.23740892127836544,0.2067488430205113
E187_genetic_difficulty,100,0.13773071783245952,0.20357141215888822
E187_genetic_difficulty,101,0.16700223483400736,0.17596643202695275
E187_genetic_difficulty,102,0.1496995940558766,0.15724486343307981
E187_genetic_difficulty,103,0.1362986702456391,0.2566426985396642
E187_genetic_difficulty,104,0.17280555158890989,0.22117903454060575
E187_genetic_difficulty,105,0.17788378642640468,0.19744260803341115
E187_genetic_difficulty,106,0.18784616957600073,0.21688328492404019
E187_genetic_difficulty,107,0.15795881907126544,0.24103230090022129
E187_genetic_difficulty,108,0.21222788497371528,0.15548907176126567
E187_genetic_difficulty,109,0.15385720963155988,0.22571199588593238
E187_genetic_difficulty,110,0.15214491062688887,0.17294028626069416
E187_genetic_difficulty,111,0.1449267199411218,0.18630867534605242
E187_genetic_difficulty,112,0.20000698950975859,0.2640667187540725
E187_genetic_difficulty,113,0.16329746899196376,0.16471880464746705
E187_genetic_difficulty,114,0.14968828786932603,0.21637081215498033
E187_genetic_difficulty,115,0.18735544825555805,0.21157381501696912
E187_genetic_difficulty,116,0.17242356532653549,0.20967371900988696
E187_genetic_difficulty,117,0.12145761664928434,0.22599601250317436
E187_genetic_difficulty,118,0.14920898230758492,0.22606193438778929
E187_genetic_difficulty,119,0.12866747744077081,0.20541903047210322
E187_genetic_difficulty,120,0.12743784143425557,0.19020097752012244
E187_genetic_difficulty,121,0.14768684635702684,0.14767732266144473
E187_genetic_difficulty,122,0.17318283745897189,0.21198684894571185
E187_genetic_difficulty,123,0.17185726966443748,0.16949330058735626
E187_genetic_difficulty,124,0.22247090274172621,0.22550364955441504
E187_genetic_difficulty,125,0.19397915807762625,0.16107538795232582
E187_genetic_difficulty,126,0.17224395694636976,0.21154835375304917
E187_genetic_difficulty,127,0.19697579633459381,0.14319440436271272
E187_genetic_difficulty,128,0.21099239015294927,0.24652323154823966
E187_genetic_difficulty,129,0.15754413246139853,0.19587222399791951
E187_genetic_difficulty,130,0.18712703135900646,0.23723543275959888
E187_genetic_difficulty,131,0.20931744439777877,0.24667600313914539
E187_genetic_difficulty,132,0.18527791934116991,0.15136223568997989
E187_genetic_difficulty,133,0.1412004153470762,0.14564195995257151
E187_genetic_difficulty,134,0.16188294302335288,0.21420829305803038
E187_genetic_difficulty,135,0.15561526946620549,0.23084533548290478
E187_genetic_difficulty,136,0.13445560211906213,0.17440765000503924
E187_genetic_difficulty,137,0.1035041453063511,0.25751836146610629
E187_genetic_difficulty,138,0.16826874590786048,0.1645063936785621
E187_genetic_difficulty,139,0.20378766858190753,0.20906166344610777
E187_genetic_difficulty,140,0.19849933151849161,0.25713838308185694
E187_genetic_difficulty,141,0.14982056186553994,0.19670093017355295
E187_genetic_difficulty,142,0.18898592866144701,0.26882147749101565
E187_genetic_difficulty,143,0.18753289938651363,0.23730137388094782
E187_genetic_difficulty,144,0.23378425993309757,0.19175283540126384
E187_genetic_difficulty,145,0.12692922745881405,0.18196002902898209
E187_genetic_difficulty,146,0.17066222792375366,0.20537855555651033
E187_genetic_difficulty,147,0.16259469100811166,0.21819393263351469
E187_genetic_difficulty,148,0.14918486777059151,0.14920953953823499
E187_genetic_difficulty,149,0.16139041214698982,0.21852407987672329
E187_genetic_difficulty,150,0.18910743656312645,0.21330926532314418
E187_genetic_difficulty,151,0.14954331331586435,0.23822271694022892
E187_genetic_difficulty,152,0.12793481913928001,0.26860809207317821
E187_genetic_difficulty,153,0.18868484715161207,0.26048233489293843
E187_genetic_difficulty,154,0.14974561402836173,0.228970268425054
E187_genetic_difficulty,155,0.19249706807821695,0.24960143780185476
E187_genetic_difficulty,156,0.14653771912661123,0.1868512558046472
E187_genetic_difficulty,157,0.20127774425916858,0.24025257237577946
E187_genetic_difficulty,158,0.18457193225722365,0.21583346471198903
E187_genetic_difficulty,159,0.18167017492190432,0.21114297565198639
E187_genetic_difficulty,160,0.14675610382264556,0.14723866724225967
E187_genetic_difficulty,161,0.16086046526653991,0.14858277397107433
E187_genetic_difficulty,162,0.16792835010780707,0.18670797988216895
E187_genetic_difficulty,163,0.13936353528831971,0.21239838738656283
E187_genetic_difficulty,164,0.14613794303709032,0.25748500968560356
E187_genetic_difficulty,165,0.17177122651268539,0.23086966034444356
E187_genetic_difficulty,166,0.14444522656787936,0.12561632255593849
E187_genetic_difficulty,167,0.16930365936221703,0.16104172714259254
E187_genetic_difficulty,168,0.18280787821722244,0.18073204142390195
E187_genetic_difficulty,169,0.17771016552750096,0.1572766404973969
E187_genetic_difficulty,170,0.13642833063704415,0.14866767137521167
E187_genetic_difficulty,171,0.20785844168144729,0.17391795059549828
E187_genetic_difficulty,172,0.12385359505043413,0.22361117544545281
E187_genetic_difficulty,173,0.20591634016362501,0.19197729910790243
E187_genetic_difficulty,174,0.17403662944086185,0.22553546024560869
E187_genetic_difficulty,175,0.16412556085988811,0.15466317581111758
E187_genetic_difficulty,176,0.17947936494542718,0.27897063106026149
E187_genetic_difficulty,177,0.17597779849489761,0.25327835694000345
E187_genetic_difficulty,178,0.16606660654531447,0.26491655539579284
E187_genetic_difficulty,179,0.19920333244520996,0.18349145952339321
E187_genetic_difficulty,180,0.20915231412835836,0.20893795264521539
E187_genetic_difficulty,181,0.20466483667999547,0.23207003496656711
E187_genetic_difficulty,182,0.17179134345918046,0.16862111139345237
E187_genetic_difficulty,183,0.12965998733166509,0.15774992949946959
E187_genetic_difficulty,184,0.14665375541876757,0.17923620808628213
E187_genetic_difficulty,185,0.16801358573896777,0.27269553050036749
E187_genetic_difficulty,186,0.21110617593619127,0.21138314692725593
E187_genetic_difficulty,187,0.16934055266176906,0.22709575755960545
E187_genetic_difficulty,188,0.20024512530365626,0.26224440813144878
E187_genetic_difficulty,189,0.2062449860957071,0.24052741577367406
E187_genetic_difficulty,190,0.17623908931193355,0.18933627910046483
E187_genetic_difficulty,191,0.15396658357250168,0.19135109523179636
E187_genetic_difficulty,192,0.21514214536854812,0.32140076502085985
E187_genetic_difficulty,193,0.21051467524788117,0.24243373641109767
E187_genetic_difficulty,194,0.18821599337356201,0.27593897160623043
E187_genetic_difficulty,195,0.18889006924136797,0.20697257734432284
E187_genetic_difficulty,196,0.17011763627162399,0.19224842634837402
E187_genetic_difficulty,197,0.14529420553753239,0.22197377795470485
E187_genetic_difficulty,198,0.16846826802230219,0.31384110840693669
E187_genetic_difficulty,199,0.21540196039031514,0.23530524491255767
E187_genetic_difficulty,200,0.12982713579742947,0.21119779543040604
E187_genetic_difficulty,201,0.13519139520003576,0.15512742848915004
E187_genetic_difficulty,202,0.21909166312013698,0.20934260054142242
E187_genetic_difficulty,203,0.16869078792467992,0.23847239853085758
E187_genetic_difficulty,204,0.15173026336951786,0.24373311176110615
E187_genetic_difficulty,205,0.20236334101604891,0.19167053783550989
E187_genetic_difficulty,206,0.17205512582685178,0.20432544310711412
E187_genetic_difficulty,207,0.15826234525817512,0.12767636630596038
E187_genetic_difficulty,208,0.16771846256806403,0.24709392487523496
E187_genetic_difficulty,209,0.18853275098600805,0.195087648978158
E187_genetic_difficulty,210,0.20248198351915359,0.21171427553429653
E187_genetic_difficulty,211,0.19001660793345862,0.16974437027231193
E187_genetic_difficulty,212,0.16419905804448759,0.24439473028018752
E187_genetic_difficulty,213,0.19774438976337319,0.22016400338641837
E187_genetic_difficulty,214,0.10217655972814126,0.15037728409388104
E187_genetic_difficulty,215,0.1443545824231931,0.26524278817767333
E187_genetic_difficulty,216,0.14866085000948262,0.21842791148215793
E187_genetic_difficulty,217,0.17231486194950962,0.24503888593757525
E187_genetic_difficulty,218,0.11005409766438552,0.22665750309034002
E187_genetic_difficulty,219,0.15643773674308384,0.26830759687192668
E187_genetic_difficulty,220,0.20076436600823119,0.18279661934806546
E187_genetic_difficulty,221,0.17307823585024948,0.25447795263131295
E187_genetic_difficulty,222,0.15994156683157046,0.20727497761107749
E187_genetic_difficulty,223,0.16317157189508999,0.21315848274674121
E187_genetic_difficulty,224,0.17232588276195182,0.3295010109969041
E187_genetic_difficulty,225,0.16750549139406667,0.26990893177208125
E187_genetic_difficulty,226,0.16115752978439421,0.18733244194328011
E187_genetic_difficulty,227,0.18379182758983301,0.24876583971582131
E187_genetic_difficulty,228,0.22673310310618869,0.16838385645928319
E187_genetic_difficulty,229,0.160910026496386,0.2362416713010147
E187_genetic_difficulty,230,0.22860890969168801,0.24086831346632553
E187_genetic_difficulty,231,0.11629181416463308,0.20380347417607117
E187_genetic_difficulty,232,0.15800451067882332,0.18533188216088248
E187_genetic_difficulty,233,0.17319525250269099,0.19900177477273859
E187_genetic_difficulty,234,0.19095914721182161,0.27489948928467761
E187_genetic_difficulty,235,0.12164103304622766,0.21395086298646029
E187_genetic_difficulty,236,0.15572190642544434,0.25483063544227907
E187_genetic_difficulty,237,0.1441263231379625,0.23020382078579119
E187_genetic_difficulty,238,0.22097441734229895,0.15999627902886138
E187_genetic_difficulty,239,0.19724738607411083,0.18394442636776787
E187_genetic_difficulty,240,0.20539588997714622,0.25793334870668
E187_genetic_difficulty,241,0.17747683963228214,0.19047041353871208
E187_genetic_difficulty,242,0.15447722281828546,0.21561685648057302
E187_genetic_difficulty,243,0.12883649625574503,0.13104152995599624
E187_genetic_difficulty,244,0.17946790006739718,0.13311385182713251
E187_genetic_difficulty,245,0.14392816618065873,0.16651569088892149
E187_genetic_difficulty,246,0.1569010052666793,0.25178803081254125
E187_genetic_difficulty,247,0.1832204103169103,0.27607399589634368
E187_genetic_difficulty,248,0.18761292068781207,0.24417581927586476
E187_genetic_difficulty,249,0.18402100662807142,0.18886751308863839
E187_genetic_difficulty,250,0.17747810123229404,0.32337975981921241
E187_genetic_difficulty,251,0.17023861793894424,0.28840744808215696
E187_genetic_difficulty,252,0.11516240368314394,0.21836428855761772
E187_genetic_difficulty,253,0.1758916264170213,0.13833175195305467
E187_genetic_difficulty,254,0.21846219834277161,0.26408604647904788
E187_genetic_difficulty,255,0.16879013378591981,0.23709575690616749
E187_genetic_difficulty,256,0.12706662307705605,0.1779772435225947
E187_genetic_difficulty,257,0.17696164102049095,0.22345260647354079
E187_genetic_difficulty,258,0.17960524640201503,0.18686931383867458
E187_genetic_difficulty,259,0.20854107882447057,0.19361023841586286
E187_genetic_difficulty,260,0.15154666294524305,0.25389586829548239
E187_genetic_difficulty,261,0.20455673049489687,0.23670024201008069
E187_genetic_difficulty,262,0.16108226857337257,0.14648078529569156
E187_genetic_difficulty,263,0.2164299114600354,0.17685916973590765
E187_genetic_difficulty,264,0.15625847756636407,0.16113763671292539
E187_genetic_difficulty,265,0.12145745896329131,0.18834266354588172
E187_genetic_difficulty,266,0.18071498038177122,0.19930036791126091
E187_genetic_difficulty,267,0.15153992272656117,0.26670754118439127
E187_genetic_difficulty,268,0.1703887432303722,0.22700233049164129
E187_genetic_difficulty,269,0.18854257364223012,0.27163646740265751
E187_genetic_difficulty,270,0.17948833176001844,0.16275088079908964
E187_genetic_difficulty,271,0.14688706926770217,0.2190650720170885
E187_genetic_difficulty,272,0.16483398439062011,0.23958891859550949
E187_genetic_difficulty,273,0.14666744556930653,0.21144514460043196
E187_genetic_difficulty,274,0.1694565473570597,0.14983289910531086
E187_genetic_difficulty,275,0.18576168878128052,0.21614297567399507
E187_genetic_difficulty,276,0.15323511210049107,0.19829764314672479
E187_genetic_difficulty,277,0.20399032879567769,0.21840621120563983
E187_genetic_difficulty,278,0.1565375394841361,0.21723554978760484
E187_genetic_difficulty,279,0.18957180807879778,0.18275290045216841
E187_genetic_difficulty,280,0.18280599983602808,0.151126987849245
E187_genetic_difficulty,281,0.20832367676752253,0.22689407465804742
E187_genetic_difficulty,282,0.16702308528880316,0.23306876604845428
E187_genetic_difficulty,283,0.1849540746400716,0.25828491829759875
E187_genetic_difficulty,284,0.13470172525519472,0.2071431066055186
E187_genetic_difficulty,285,0.17852429030588582,0.2007445414454013
E187_genetic_difficulty,286,0.1469522548266585,0.19374039205358098
E187_genetic_difficulty,287,0.16377261086724651,0.27335268393557199
E187_genetic_difficulty,288,0.12427450501210612,0.26501638540603573
E187_genetic_difficulty,289,0.15627331246614132,0.17028353098145035
E187_genetic_difficulty,290,0.075902872940123323,0.14224705993566369
E187_genetic_difficulty,291,0.14966221688348982,0.1497501828805691
E187_genetic_difficulty,292,0.14127217754909802,0.22064340902587518
E187_genetic_difficulty,293,0.15331139561696089,0.12069204325516836
E187_genetic_difficulty,294,0.15939222658384225,0.15264582770381022
E187_genetic_difficulty,295,0.20646706330608033,0.22843146058555408
E187_genetic_difficulty,296,0.17878814977176496,0.24587575130184228
E187_genetic_difficulty,297,0.12330985453261033,0.13227524849772407
E187_genetic_difficulty,298,0.16158234459816614,0.26942398546139101
E187_genetic_difficulty,299,0.13027095761481514,0.23124484325179764
E187_genetic_difficulty,300,0.17239277064253319,0.24835015408521152
E187_genetic_difficulty,301,0.15142096777035338,0.22315604508966513
E187_genetic_difficulty,302,0.1833700927493295,0.22317169467087991
E187_genetic_difficulty,303,0.20339503448885463,0.189187821067066
E187_genetic_difficulty,304,0.18850403279499539,0.26044074836891951
E187_genetic_difficulty,305,0.18172982989533901,0.25282473651449117
E187_genetic_difficulty,306,0.1743632865310081,0.29899998093558372
E187_genetic_difficulty,307,0.13053339281525111,0.16139614746720485
E187_genetic_difficulty,308,0.14334089279086712,0.18778814288297149
E187_genetic_difficulty,309,0.1805989518134262,0.24579663180805975
E187_genetic_difficulty,310,0.20711897979038874,0.18756254800096384
E187_genetic_difficulty,311,0.19383911187865291,0.22542981172592011
E187_genetic_difficulty,312,0.16359228863975228,0.26558031321311204
E187_genetic_difficulty,313,0.13536783068792188,0.11775300659509076
E187_genetic_difficulty,314,0.15821039109729973,0.20958462613503523
E187_genetic_difficulty,315,0.16782801783532508,0.21020848113100618
E187_genetic_difficulty,316,0.13868021562831237,0.18028348406262981
E187_genetic_difficulty,317,0.15289106283549891,0.20358954434892187
E187_genetic_difficulty,318,0.17590188172143359,0.18792643614471594
E187_genetic_difficulty,319,0.13883583188227783,0.22717247107365171
E187_genetic_difficulty,320,0.21495474243562993,0.22459351158426796
E187_genetic_difficulty,321,0.179770597569196,0.24740613713263118
E187_genetic_difficulty,322,0.12049805950495827,0.1404298535121016
E187_genetic_difficulty,323,0.17179668117884717,0.1606983640503534
E187_genetic_difficulty,324,0.18610820996044689,0.19275391562760683
E187_genetic_difficulty,325,0.16836553997463269,0.20467773053784821
E187_genetic_difficulty,326,0.14341295268057877,0.15914701418290705
E187_genetic_difficulty,327,0.14672669564948979,0.22286515375335317
E187_genetic_difficulty,328,0.19333373129939102,0.22710175685958556
E187_genetic_difficulty,329,0.13659270813323968,0.20737393096363332
E187_genetic_difficulty,330,0.15831833107136545,0.20966963925956608
E187_genetic_difficulty,331,0.16438259307308037,0.13221312493020002
E187_genetic_difficulty,332,0.12095929770612594,0.16058745598753518
E187_genetic_difficulty,333,0.16233314135218094,0.22107158854957532
E187_genetic_difficulty,334,0.17107997730052851,0.28387984541237193
E187_genetic_difficulty,335,0.13792533290270342,0.25813829352018658
E187_genetic_difficulty,336,0.21446523929161032,0.21332762404713346
E187_genetic_difficulty,337,0.18694246826038277,0.19550560076598675
E187_genetic_difficulty,338,0.16405701033452136,0.26579870997404698
E187_genetic_difficulty,339,0.17204662087054204,0.25828620530212737
E187_genetic_difficulty,340,0.18484673633391702,0.14295253090684881
E187_genetic_difficulty,341,0.16293518580626698,0.19908199384628977
E187_genetic_difficulty,342,0.18145413227828985,0.23733554128668607
E187_genetic_difficulty,343,0.15555698608951582,0.16730738442586335
E187_genetic_difficulty,344,0.15893928433695281,0.13646823041998399
E187_genetic_difficulty,345,0.20825141924148052,0.25362277617758738
E187_genetic_difficulty,346,0.11140232663423777,0.17416128640583362
E187_genetic_difficulty,347,0.14043381700657179,0.25495211570728166
E187_genetic_difficulty,348,0.14320577148838384,0.28041343646404721
E187_genetic_difficulty,349,0.16272028909767375,0.23933042387270653
E187_genetic_difficulty,350,0.18137235496734139,0.20388949480713395
E187_genetic_difficulty,351,0.16598776394340667,0.18661837435934772
E187_genetic_difficulty,352,0.14729194520599267,0.13744718861030489
E187_genetic_difficulty,353,0.11254310255508304,0.25308270335597788
E187_genetic_difficulty,354,0.17487164587007553,0.30250477545562698
E187_genetic_difficulty,355,0.15866085651124542,0.25000336984954558
E187_genetic_difficulty,356,0.19292828970838957,0.14990304275434196
E187_genetic_difficulty,357,0.18290285383175078,0.11152539063960611
E187_genetic_difficulty,358,0.12747875131095257,0.17791760580996455
E187_genetic_difficulty,359,0.18191742371244024,0.23418632695707808
E187_genetic_difficulty,360,0.19404702892108214,0.21230634664608475
E187_genetic_difficulty,361,0.16503273685018402,0.18688844547489292
E187_genetic_difficulty,362,0.1741347513247222,0.2273462022489908
E187_genetic_difficulty,363,0.11584972974301189,0.25857143682469591
E187_genetic_difficulty,364,0.19405157288165917,0.20838153451309585
E187_genetic_difficulty,365,0.21349387328658467,0.16310464902612878
E187_genetic_difficulty,366,0.17128933720718584,0.26334122983194042
E187_genetic_difficulty,367,0.18727839232515708,0.13422403254480958
E187_genetic_difficulty,368,0.17397400905647789,0.1348096547977746
E187_genetic_difficulty,369,0.15796257789731649,0.24238577292585903
E187_genetic_difficulty,370,0.20331291493959633,0.2867542612938605
E187_genetic_difficulty,371,0.13062960942116011,0.27685446751645676
E187_genetic_difficulty,372,0.15507806709401617,0.16122188779980917
E187_genetic_difficulty,373,0.16894540728432669,0.22618427757596235
E187_genetic_difficulty,374,0.14615977119859205,0.16383109474188842
E187_genetic_difficulty,375,0.17472987568819112,0.21054134944398328
E187_genetic_difficulty,376,0.19359163813222646,0.2253504793082087
E187_genetic_difficulty,377,0.19501070507661769,0.23489227653482483
E187_genetic_difficulty,378,0.1429715938395057,0.17882993500043975
E187_genetic_difficulty,379,0.16075679015731026,0.13817622223986412
E187_genetic_difficulty,380,0.21126701252648694,0.23188884352396077
E187_genetic_difficulty,381,0.15859823180618923,0.19588329707102337
E187_genetic_difficulty,382,0.17847067753582813,0.19896955325344548
E187_genetic_difficulty,383,0.17313712131291184,0.18362178464634205
E187_genetic_difficulty,384,0.1981946197502209,0.22598307877442728
E187_genetic_difficulty,385,0.14783238775478025,0.211801282250871
E187_genetic_difficulty,386,0.13366247899211012,0.17922229464736786
E187_genetic_difficulty,387,0.19432518599279436,0.28569873318924927
E187_genetic_difficulty,388,0.14811937695354269,0.2092911909917482
E187_genetic_difficulty,389,0.20307673436729842,0.32988926226747428
E187_genetic_difficulty,390,0.18062236523399966,0.21450324490254249
E187_genetic_difficulty,391,0.14592214587948721,0.17829933404952861
E187_genetic_difficulty,392,0.16859651401234435,0.20923724486276984
E187_genetic_difficulty,393,0.1672100362991473,0.066593565574563127
E187_genetic_difficulty,394,0.10836234020406177,0.18820210363988607
E187_genetic_difficulty,395,0.16355693850453823,0.1945842598488339
E187_genetic_difficulty,396,0.16433606873905812,0.31555973321133235
E187_genetic_difficulty,397,0.18701543059667136,0.23087852265597164
E187_genetic_difficulty,398,0.21153552564237332,0.30538364848656069
E187_genetic_difficulty,399,0.16813153643671574,0.20475244967775977
E187_genetic_difficulty,400,0.17612608366144614,0.25178406823728028
E187_genetic_difficulty,401,0.17396641827905412,0.13725874350410106
E187_genetic_difficulty,402,0.14804181258688093,0.28341079396712471
E187_genetic_difficulty,403,0.14746666416551271,0.21462035202215299
E187_genetic_difficulty,404,0.19649266226261411,0.17707377782518532
E187_genetic_difficulty,405,0.15794622068629097,0.23063519517996278
E187_genetic_difficulty,406,0.17720692590473561,0.25711850864970254
E187_genetic_difficulty,407,0.1707392608862334,0.20749619182737666
E187_genetic_difficulty,408,0.16103834470811204,0.18910870344548622
E187_genetic_difficulty,409,0.19295065524622323,0.21756024564991017
E187_genetic_difficulty,410,0.18386361804249893,0.19038035809116313
E187_genetic_difficulty,411,0.19078597819861987,0.21065230584241398
E187_genetic_difficulty,412,0.15352707201644047,0.14254723139086398
E187_genetic_difficulty,413,0.094045363307298846,0.17007754533179761
E187_genetic_difficulty,414,0.1645283610433004,0.24905145989673169
E187_genetic_difficulty,415,0.18483441502830567,0.26208008910881903
E187_genetic_difficulty,416,0.20580101690475661,0.1732274438370689
E187_genetic_difficulty,417,0.15165636164322316,0.21331103124484699
E187_genetic_difficulty,418,0.1503531762102388,0.21002843463654977
E187_genetic_difficulty,419,0.16858171233451624,0.24147412031904447
E187_genetic_difficulty,420,0.14657543614696678,0.19115837132200506
E187_genetic_difficulty,421,0.16025211124031055,0.14907865696434022
E187_genetic_difficulty,422,0.13296237358592625,0.16350559535325856
E187_genetic_difficulty,423,0.15615466985475152,0.20629621807979936
E187_genetic_difficulty,424,0.19187488806544198,0.24244309782868909
E187_genetic_difficulty,425,0.14452908663511713,0.23542457339169123
E187_genetic_difficulty,426,0.19253200984606522,0.24367384603126654
E187_genetic_difficulty,427,0.1941309953976543,0.23285366728126353
E187_genetic_difficulty,428,0.17872060141429288,0.11881849019630664
E187_genetic_difficulty,429,0.15530489475663919,0.21436300784087217
E187_genetic_difficulty,430,0.096235062747938624,0.18700977769639193
E187_genetic_difficulty,431,0.16333350912786224,0.12498256277979641
E187_genetic_difficulty,432,0.17862695143040988,0.2696192968638999
E187_genetic_difficulty,433,0.17036454035417883,0.22629955660257775
E187_genetic_difficulty,434,0.20150827143760866,0.19613539179246342
E187_genetic_difficulty,435,0.14650123824406977,0.22053777797197816
E187_genetic_difficulty,436,0.12676143434097922,0.22082851723972299
E187_genetic_difficulty,437,0.17339462584296553,0.2152250932853558
E187_genetic_difficulty,438,0.14799587202604647,0.18161319344072771
E187_genetic_difficulty,439,0.17270168378049311,0.20863641996673746
E187_genetic_difficulty,440,0.14693592871733543,0.18141205441884078
E187_genetic_difficulty,441,0.16857034308716226,0.29007837336246872
E187_genetic_difficulty,442,0.14696490934759396,0.29277470018999802
E187_genetic_difficulty,443,0.12120630831253094,0.18005306240153507
E187_genetic_difficulty,444,0.19270426666903173,0.19870391516355712
E187_genetic_difficulty,445,0.20295310021244314,0.27508535049380073
E187_genetic_difficulty,446,0.20641690231195012,0.18148994288588091
E187_genetic_difficulty,447,0.21699569865421142,0.29895212592647413
E187_genetic_difficulty,448,0.13532541537193615,0.18526733271235196
E187_genetic_difficulty,449,0.1646620440315773,0.25184774758076572
E187_genetic_difficulty,450,0.14670814013227734,0.20091788980910785
E187_genetic_difficulty,451,0.13140790554227233,0.2230112907215949
E187_genetic_difficulty,452,0.20002485786290281,0.17370371575765722
E187_genetic_difficulty,453,0.16355849709477446,0.22101115074155633
E187_genetic_difficulty,454,0.16230140290567535,0.20166301595993974
E187_genetic_difficulty,455,0.17847194676308134,0.10914124309463301
E187_genetic_difficulty,456,0.17308453758788403,0.22697717141796644
E187_genetic_difficulty,457,0.18738636729542998,0.21274428447185303
E187_genetic_difficulty,458,0.1124081539234336,0.15990621809563063
E187_genetic_difficulty,459,0.1483683684373083,0.20800473684861712
E187_genetic_difficulty,460,0.18123123846540135,0.16840372639961776
E187_genetic_difficulty,461,0.12646330790859728,0.21616300736872887
E187_genetic_difficulty,462,0.1729715092135575,0.21710231815440709
E187_genetic_difficulty,463,0.13507533791303178,0.25596653190781904
E187_genetic_difficulty,464,0.18790727819532146,0.17956818389412674
E187_genetic_difficulty,465,0.20402809566374183,0.237120834046917
E187_genetic_difficulty,466,0.16557963221711849,0.30204211884929894
E187_genetic_difficulty,467,0.15857884052729046,0.17986570429192025
E187_genetic_difficulty,468,0.16021529425245271,0.20584530914403257
E187_genetic_difficulty,469,0.20361283315800097,0.25301501446872438
E187_genetic_difficulty,470,0.19335934454591619,0.21816873493272279
E187_genetic_difficulty,471,0.19112824194620157,0.20587239247379799
E187_genetic_difficulty,472,0.21244461143422308,0.23600761266657513
E187_genetic_difficulty,473,0.18071728360847325,0.21576420005451644
E187_genetic_difficulty,474,0.15882727382733347,0.16666770671920747
E187_genetic_difficulty,475,0.11004195214373681,0.252342533115471
E187_genetic_difficulty,476,0.16119906558105679,0.26804769691477082
E187_genetic_difficulty,477,0.15983115401136394,0.18030209123627675
E187_genetic_difficulty,478,0.15891808946327604,0.18773124286609646
E187_genetic_difficulty,479,0.16760396121549906,0.17631545646994193
E187_genetic_difficulty,480,0.20300602123405168,0.21127108418410581
E187_genetic_difficulty,481,0.19475152187299705,0.16025049650858278
E187_genetic_difficulty,482,0.16692043597826836,0.20331318622091957
E187_genetic_difficulty,483,0.15764750535563454,0.1898889315088271
E187_genetic_difficulty,484,0.20725523935099274,0.26145268195362981
E187_genetic_difficulty,485,0.22136292650744471,0.30362472668296109
E187_genetic_difficulty,486,0.21798625456553319,0.2347339362855094
E187_genetic_difficulty,487,0.14695314256356654,0.15152215059818105
E187_genetic_difficulty,488,0.14333072885929668,0.14464798254375252
E187_genetic_difficulty,489,0.14780375912887031,0.17198876017094442
E187_genetic_difficulty,490,0.1936118270468089,0.21283874570658187
E187_genetic_difficulty,491,0.17856364422462079,0.26045334320922803
E187_genetic_difficulty,492,0.18857785175011524,0.17119818273140533
E187_genetic_difficulty,493,0.18572809941832358,0.1001315308539749
E187_genetic_difficulty,494,0.12019825733156586,0.12290263810941708
E187_genetic_difficulty,495,0.18944019925190037,0.23208033580755341
E187_genetic_difficulty,496,0.12033674178452734,0.19553653965035833
E187_genetic_difficulty,497,0.14629314016979086,0.21078663383089594
E187_genetic_difficulty,498,0.20146433909819653,0.20378989567850606
E187_genetic_difficulty,499,0.18478851957754314,0.20700503412408003
E187_genetic_difficulty,500,0.14779787378977663,0.25706094694634385
E187_genetic_difficulty,501,0.21008050408860471,0.20765533688696583
E187_genetic_difficulty,502,0.16264076843392769,0.28329365171660542
E187_genetic_difficulty,503,0.21043322769585918,0.15772856585055109
E187_genetic_difficulty,504,0.16069164813413689,0.2526122311782768
E187_genetic_difficulty,505,0.15244329048238572,0.20796415692568071
E187_genetic_difficulty,506,0.14856740584810488,0.16309906390426071
E187_genetic_difficulty,507,0.20100293474768885,0.21995601417706281
E187_genetic_difficulty,508,0.14064943063442364,0.19171391975454599
E187_genetic_difficulty,509,0.18840063519942044,0.18830562042788768
E187_genetic_difficulty,510,0.14192763154653651,0.13525506659617448
E187_genetic_difficulty,511,0.14276558215986887,0.12696831828548164
E187_genetic_difficulty,512,0.16251341218720267,0.26546566085261486
E187_genetic_difficulty,513,0.14763221444656394,0.21168209396463808
E187_genetic_difficulty,514,0.20438524019804502,0.16498125992103543
E187_genetic_difficulty,515,0.13693867138933943,0.18411214405695495
E187_genetic_difficulty,516,0.12146967440307173,0.21266215077739958
E187_genetic_difficulty,517,0.14112922141317968,0.16154040521172483
E187_genetic_difficulty,518,0.10264763353592464,0.18770854123789063
E187_genetic_difficulty,519,0.17771890934685733,0.24848262966916965
E187_genetic_difficulty,520,0.16337839171954247,0.17617750128886642
E187_genetic_difficulty,521,0.14921387967954228,0.20927948088811163
E187_genetic_difficulty,522,0.12047869050015274,0.15273054513150472
E187_genetic_difficulty,523,0.16233482638461172,0.17831387678189994
E187_genetic_difficulty,524,0.16582032108017034,0.20232035286137653
E187_genetic_difficulty,525,0.13364381185256372,0.18767631916734306
E187_genetic_difficulty,526,0.12489637937273081,0.12357781838680548
E187_genetic_difficulty,527,0.15929626248169027,0.26235498932246987
E187_genetic_difficulty,528,0.182356188545056,0.26084794692833763
E187_genetic_difficulty,529,0.14917439423634948,0.16486661331528943
E187_genetic_difficulty,530,0.16028762836531679,0.22191428169682617
E187_genetic_difficulty,531,0.25636273328564668,0.26984981138875558
E187_genetic_difficulty,532,0.19363039037354254,0.19662963948145684
E187_genetic_difficulty,533,0.18278980081276638,0.25241890947833734
E187_genetic_difficulty,534,0.12635102082472469,0.1782770408105602
E187_genetic_difficulty,535,0.16902172348291977,0.2421812109483594
E187_genetic_difficulty,536,0.25478984674994476,0.22153617143766657
E187_genetic_difficulty,537,0.14002682400246227,0.18987357288256648
E187_genetic_difficulty,538,0.23177101820995383,0.21457015081992481
E187_genetic_difficulty,539,0.16180188904174964,0.25175374817808382
E187_genetic_difficulty,540,0.16475030307252628,0.17891401956844533
E187_genetic_difficulty,541,0.18899207879967636,0.22439302407658082
E187_genetic_difficulty,542,0.1519936634619819,0.25885255829180415
E187_genetic_difficulty,543,0.14654531944344476,0.19244303243463354
E187_genetic_difficulty,544,0.20615514565137863,0.17345944973050173
E187_genetic_difficulty,545,0.17058339951225407,0.19294288441773644
E187_genetic_difficulty,546,0.13105932033210901,0.11898950875630034
E187_genetic_difficulty,547,0.18424586562697146,0.23700586366494089
E187_genetic_difficulty,548,0.1826281377654537,0.23839089268427061
E187_genetic_difficulty,549,0.19721730639553778,0.22603465729016012
E187_genetic_difficulty,550,0.16569208764997997,0.23170988438858467
E187_genetic_difficulty,551,0.18260550837779491,0.18257484373470442
E187_genetic_difficulty,552,0.13174287417048869,0.22621534930927492
E187_genetic_difficulty,553,0.1221987431494807,0.093783831032099599
E187_genetic_difficulty,554,0.11945412188717865,0.20518063863601785
E187_genetic_difficulty,555,0.14903992067965785,0.21553828040081044
E187_genetic_difficulty,556,0.11961799800605249,0.1815925438806395
E187_genetic_difficulty,557,0.20435342059498526,0.15926940835026515
E187_genetic_difficulty,558,0.19062430883160564,0.17319623397128947
E187_genetic_difficulty,559,0.21741579090360455,0.24953980265827191
E187_genetic_difficulty,560,0.19515539980661198,0.15448467887782782
E187_genetic_difficulty,561,0.19625663119124481,0.21993771202290188
E187_genetic_difficulty,562,0.14067885093179619,0.080792641250760591
E187_genetic_difficulty,563,0.13879946846825178,0.15175384672640529
E187_genetic_difficulty,564,0.15474661236649032,0.24476881096666789
E187_genetic_difficulty,565,0.1101124729938207,0.21043546550503253
E187_genetic_difficulty,566,0.20256536650594278,0.20725731776466119
E187_genetic_difficulty,567,0.167641772853348,0.14294288626952598
E187_genetic_difficulty,568,0.19480517476327661,0.23964814391835296
E187_genetic_difficulty,569,0.18192911556991442,0.12911292066477867
E187_genetic_difficulty,570,0.1700998792202236,0.30898300252278749
E187_genetic_difficulty,571,0.15742461468795418,0.16572864543302465
E187_genetic_difficulty,572,0.14805848648753558,0.27120970254912452
E187_genetic_difficulty,573,0.16705328398374505,0.17115321278385739
E187_genetic_difficulty,574,0.14004296470218899,0.25177749271087196
E187_genetic_difficulty,575,0.14569065374238979,0.22491547647768431
E187_genetic_difficulty,576,0.19494732943808304,0.30772068249713086
E187_genetic_difficulty,577,0.18637125039222924,0.18168309263296104
E187_genetic_difficulty,578,0.14810285382975716,0.14095595375041076
E187_genetic_difficulty,579,0.23325315914622344,0.24945031192570885
E187_genetic_difficulty,580,0.15405256683421722,0.20882113793167933
E187_genetic_difficulty,581,0.17883374191469989,0.20706494324074343
E187_genetic_difficulty,582,0.17352490486766844,0.22483612498744524
E187_genetic_difficulty,583,0.15783788130414769,0.19567211874827303
E187_genetic_difficulty,584,0.18008476972696422,0.18817047480812876
E187_genetic_difficulty,585,0.20981355148800518,0.28504760670072354
E187_genetic_difficulty,586,0.11474282042722776,0.17579855812817388
E187_genetic_difficulty,587,0.18927532545631146,0.20405331215693959
E187_genetic_difficulty,588,0.18758115473230999,0.29448306648781802
E187_genetic_difficulty,589,0.18038092896403457,0.17123529907813453
E187_genetic_difficulty,590,0.18005770950940367,0.22750147978699795
E187_genetic_difficulty,591,0.14198802401842978,0.12333114887218018
E187_genetic_difficulty,592,0.16406967401295322,0.23148281619991762
E187_genetic_difficulty,593,0.22575801739002785,0.22274516416465531
E187_genetic_difficulty,594,0.15010867084796195,0.1715755037861281
E187_genetic_difficulty,595,0.12776198111066514,0.18184532210590679
E187_genetic_difficulty,596,0.15420451712548877,0.16643680276815379
E187_genetic_difficulty,597,0.11327777296881429,0.14898111029231817
E187_genetic_difficulty,598,0.17864761937746068,0.21527064920247049
E187_genetic_difficulty,599,0.13777562363558218,0.23012073760718188
E187_genetic_difficulty,600,0.17113940916826764,0.20714937942042275
E187_genetic_difficulty,601,0.15188287182652085,0.15789047573487686
E187_genetic_difficulty,602,0.2277305159414722,0.2943705364835672
E187_genetic_difficulty,603,0.17339706699305202,0.27924494838430147
E187_genetic_difficulty,604,0.14190405233322193,0.2111529060624632
E187_genetic_difficulty,605,0.17924692825483282,0.17564520588679003
E187_genetic_difficulty,606,0.1410723385889506,0.16684602240368282
E187_genetic_difficulty,607,0.13845079651412343,0.23658739181716737
E187_genetic_difficulty,608,0.16146178134025355,0.20908887987580438
E187_genetic_difficulty,609,0.161802077959706,0.16324622188484175
E187_genetic_difficulty,610,0.16934921913658296,0.20925964126552621
E187_genetic_difficulty,611,0.17300674109672229,0.21871050955724236
E187_genetic_difficulty,612,0.19231203264708721,0.18739649622238871
E187_genetic_difficulty,613,0.16072146367716439,0.25946552206828094
E187_genetic_difficulty,614,0.17241965358946834,0.23356299071951736
E187_genetic_difficulty,615,0.17340275779977343,0.11141541245145219
E187_genetic_difficulty,616,0.18562477605945182,0.25177609960536279
E187_genetic_difficulty,617,0.16291949438167394,0.24030470227067399
E187_genetic_difficulty,618,0.16805515431453699,0.24084568898412842
E187_genetic_difficulty,619,0.17925104893549279,0.18353518333289023
E187_genetic_difficulty,620,0.1696061382073748,0.23633319081385906
E187_genetic_difficulty,621,0.15036848501756009,0.15189725909895743
E187_genetic_difficulty,622,0.17479601150875487,0.23390413106493424
E187_genetic_difficulty,623,0.20195926891635876,0.18228172840242218
E187_genetic_difficulty,624,0.13511665966481959,0.16093789156019264
E187_genetic_difficulty,625,0.15784010186174288,0.11543474474991706
E187_genetic_difficulty,626,0.16317564279645044,0.24335367572713559
E187_genetic_difficulty,627,0.15625504305044655,0.17557923543622889
E187_genetic_difficulty,628,0.1576192163086502,0.2752287853658027
E187_genetic_difficulty,629,0.15936876693757121,0.19001703033948522
E187_genetic_difficulty,630,0.15101783814771841,0.21663034965540531
E187_genetic_difficulty,631,0.13619618054744495,0.20266047747688409
E187_genetic_difficulty,632,0.20252476791685814,0.13082065245415772
E187_genetic_difficulty,633,0.15369266898584943,0.21015786402782863
E187_genetic_difficulty,634,0.16968196168144745,0.30498868615663977
E187_genetic_difficulty,635,0.15537702158230476,0.14531350774716473
E187_genetic_difficulty,636,0.1863459466451062,0.23709017196043206
E187_genetic_difficulty,637,0.18054516257363321,0.19933229152052981
E187_genetic_difficulty,638,0.15094852873051462,0.21852707215065736
E187_genetic_difficulty,639,0.13041249381591533,0.15782307972609566
E187_genetic_difficulty,640,0.18737125837171051,0.21233931313735632
E187_genetic_difficulty,641,0.11737112582058422,0.14916698240219878
E187_genetic_difficulty,642,0.22545205548494504,0.21636255552832995
E187_genetic_difficulty,643,0.20387258731338287,0.23070387101529208
E187_genetic_difficulty,644,0.16074172741141854,0.18067111048883452
E187_genetic_difficulty,645,0.15368616021576015,0.20233404126322788
E187_genetic_difficulty,646,0.17653647974235021,0.20391304535224083
E187_genetic_difficulty,647,0.21861400480549956,0.21961504541946472
E187_genetic_difficulty,648,0.17254754463543123,0.27347304067023986
E187_genetic_difficulty,649,0.12657628425507864,0.21695630396810353
E187_genetic_difficulty,650,0.20352360200660616,0.21600495276107004
E187_genetic_difficulty,651,0.17948330523483969,0.196244599914464
E187_genetic_difficulty,652,0.17323148867274193,0.19945646400053496
E187_genetic_difficulty,653,0.16680332292006925,0.17091586473718948
E187_genetic_difficulty,654,0.17469877732348246,0.16199386700037702
E187_genetic_difficulty,655,0.16036344193600746,0.20011562245834114
E187_genetic_difficulty,656,0.21174400667466586,0.18356995295685249
E187_genetic_difficulty,657,0.18188246660509097,0.2952108597141066
E187_genetic_difficulty,658,0.1873047533094124,0.25722326785616118
E187_genetic_difficulty,659,0.16881961473458537,0.22062500337280891
E187_genetic_difficulty,660,0.20835186210947684,0.19572768498344537
E187_genetic_difficulty,661,0.18956797820103324,0.29013501683114395
E187_genetic_difficulty,662,0.1845045711980616,0.2153666524108343
E187_genetic_difficulty,663,0.25691019521915198,0.19875469533238563
E187_genetic_difficulty,664,0.17764290778299416,0.20578304029483033
E187_genetic_difficulty,665,0.16107001805768642,0.26850209571145461
E187_genetic_difficulty,666,0.18178722751734722,0.22344219097500581
E187_genetic_difficulty,667,0.17552741251422055,0.23393717941971115
E187_genetic_difficulty,668,0.20626171274677488,0.19824637956238852
E187_genetic_difficulty,669,0.18621652712182846,0.22504768908485753
E187_genetic_difficulty,670,0.1745645648761478,0.25378033242568349
E187_genetic_difficulty,671,0.18096595535690488,0.31521357496828234
E187_genetic_difficulty,672,0.17785753294716475,0.23120353665229151
E187_genetic_difficulty,673,0.20720117417272674,0.18670271161545907
E187_genetic_difficulty,674,0.18882874990419465,0.15587333107862464
E187_genetic_difficulty,675,0.15801010613549274,0.20662191807163102
E187_genetic_difficulty,676,0.18291790269864885,0.22689067054096315
E187_genetic_difficulty,677,0.12548804254245038,0.17666173871218935
E187_genetic_difficulty,678,0.15405141456888677,0.20643284205317583
E187_genetic_difficulty,679,0.17977592398462763,0.21109146116628177
E187_genetic_difficulty,680,0.13128168359986778,0.10039441106047074
E187_genetic_difficulty,681,0.17062513374191032,0.18376258813678192
E187_genetic_difficulty,682,0.15673343067246312,0.25823368691713516
E187_genetic_difficulty,683,0.14061415580534062,0.25827851447695871
E187_genetic_difficulty,684,0.14487435110340915,0.22187303760337729
E187_genetic_difficulty,685,0.19825698003441619,0.16807890094382719
E187_genetic_difficulty,686,0.15392521758420391,0.21528734902231872
E187_genetic_difficulty,687,0.19334336421329604,0.25008719479920977
E187_genetic_difficulty,688,0.14673984440711457,0.21632310019632661
E187_genetic_difficulty,689,0.1782420047185336,0.29040334394113154
E187_genetic_difficulty,690,0.19126100626773487,0.25011919882262634
E187_genetic_difficulty,691,0.18599482695916544,0.23498559757412316
E187_genetic_difficulty,692,0.16663159005494141,0.23637576771836208
E187_genetic_difficulty,693,0.20628844806770372,0.27180749643590213
E187_genetic_difficulty,694,0.19754934088778142,0.2646986720474897
E187_genetic_difficulty,695,0.19868159283742415,0.23147034679110509
E187_genetic_difficulty,696,0.15878008789049039,0.20797349681082355
E187_genetic_difficulty,697,0.21628931148485786,0.27644817914257463
E187_genetic_difficulty,698,0.16709382894735011,0.22280152443296328
E187_genetic_difficulty,699,0.18954596545443037,0.31777839499271743
E187_genetic_difficulty,700,0.12716608935430174,0.17907473470552518
E187_genetic_difficulty,701,0.16370057607748467,0.22820171822177127
E187_genetic_difficulty,702,0.16573802201381099,0.23214377078735601
E187_genetic_difficulty,703,0.20245924341420676,0.14712349688630524
E187_genetic_difficulty,704,0.16635661996161297,0.25807238619629375
E187_genetic_difficulty,705,0.15833311373672687,0.19849826830540782
E187_genetic_difficulty,706,0.13222371432637534,0.20281100539970165
E187_genetic_difficulty,707,0.15335484373809155,0.2697307908066518
E187_genetic_difficulty,708,0.16989758785931608,0.192385226910777
E187_genetic_difficulty,709,0.14990599440096225,0.18541873361587136
E187_genetic_difficulty,710,0.14221692171432612,0.19468498978520177
E187_genetic_difficulty,711,0.16295130630918753,0.19658649775894979
E187_genetic_difficulty,712,0.12202131435274273,0.3034813808830088
E187_genetic_difficulty,713,0.17982711769782012,0.30703072767837375
E187_genetic_difficulty,714,0.22005476645311006,0.22056227477225276
E187_genetic_difficulty,715,0.14961001519629735,0.21141704637664852
E187_genetic_difficulty,716,0.1798661753322425,0.23627366120495044
E187_genetic_difficulty,717,0.19060155947702206,0.21421548718062336
E187_genetic_difficulty,718,0.15659777602702682,0.1403209183394197
E187_genetic_difficulty,719,0.20380958272491789,0.23035122161187105
E187_genetic_difficulty,720,0.13364671512346793,0.2233787863446266
E187_genetic_difficulty,721,0.12639222996533284,0.25932036029359468
E187_genetic_difficulty,722,0.14875985160416835,0.21470662967329521
E187_genetic_difficulty,723,0.1266634007425658,0.13512892798629683
E187_genetic_difficulty,724,0.15206792009612724,0.13123549739751117
E187_genetic_difficulty,725,0.18651617157899536,0.24363694551713502
E187_genetic_difficulty,726,0.15233558009384915,0.18524710979507497
E187_genetic_difficulty,727,0.14566075779110918,0.17601923462267352
E187_genetic_difficulty,728,0.19112327286161915,0.16442940854348842
E187_genetic_difficulty,729,0.1303717399965208,0.11025642202404823
E187_genetic_difficulty,730,0.15499731351375851,0.18868376831217618
E187_genetic_difficulty,731,0.21120711183678645,0.25875501995519429
E187_genetic_difficulty,732,0.16899261760172482,0.1977975843958629
E187_genetic_difficulty,733,0.17532343128785888,0.16258418091727689
E187_genetic_difficulty,734,0.2063265086571878,0.2268770657172183
E187_genetic_difficulty,735,0.15906434695947252,0.18584439530656718
E187_genetic_difficulty,736,0.16585123875541546,0.21664001255352142
E187_genetic_difficulty,737,0.18513437419325948,0.14638296144903207
E187_genetic_difficulty,738,0.17431007725689004,0.18873382906482153
E187_genetic_difficulty,739,0.11257976571564038,0.13802793403524596
E187_genetic_difficulty,740,0.167226630952622,0.15337145384323053
E187_genetic_difficulty,741,0.17729996375426474,0.24064582788695735
E187_genetic_difficulty,742,0.17423771116849887,0.24626447638530222
E187_genetic_difficulty,743,0.16591888019446246,0.27292660487820314
E187_genetic_difficulty,744,0.12547350985312813,0.15316108450855392
E187_genetic_difficulty,745,0.22201156350878851,0.22618268284921797
E187_genetic_difficulty,746,0.13761407792335142,0.17548838172951484
E187_genetic_difficulty,747,0.17810876450943336,0.22136789244949204
E187_genetic_difficulty,748,0.19150180472945702,0.16288479498300626
E187_genetic_difficulty,749,0.14657471420057719,0.16760429280065445
E187_genetic_difficulty,750,0.16494895466474838,0.22388203653084751
E187_genetic_difficulty,751,0.18582551124479738,0.22276572010630225
E187_genetic_difficulty,752,0.1824501167819175,0.18523892881989892
E187_genetic_difficulty,753,0.15554062350670178,0.12248074049771425
E187_genetic_difficulty,754,0.17357141292459469,0.24720071566669258
E187_genetic_difficulty,755,0.19171261277868265,0.26493134921233347
E187_genetic_difficulty,756,0.18328099292020547,0.24251349388152885
E187_genetic_difficulty,757,0.15610979293828819,0.13222808873533656
E187_genetic_difficulty,758,0.13262791949022221,0.15306523854279722
E187_genetic_difficulty,759,0.1791463879636096,0.21925405337952483
E187_genetic_difficulty,760,0.1935521951579382,0.29800963824703258
E187_genetic_difficulty,761,0.18481335863473622,0.22393873483916374
E187_genetic_difficulty,762,0.21729940727960437,0.22599484229883346
E187_genetic_difficulty,763,0.14145420877978318,0.079710041269608359
E187_genetic_difficulty,764,0.19426375232035656,0.26754194736043757
E187_genetic_difficulty,765,0.21320508936065211,0.26679282991274017
E187_genetic_difficulty,766,0.1650498225557066,0.23364590746467226
E187_genetic_difficulty,767,0.12732541492453714,0.24465155139813219
E187_genetic_difficulty,768,0.18918040171306705,0.21675413160303683
E187_genetic_difficulty,769,0.17131119613203352,0.19495460111373542
E187_genetic_difficulty,770,0.16813904892081041,0.24190854091303113
E187_genetic_difficulty,771,0.13209263372476235,0.2375151352596365
E187_genetic_difficulty,772,0.20101581621032463,0.17379660223645113
E187_genetic_difficulty,773,0.13627823305719552,0.1790484705156595
E187_genetic_difficulty,774,0.20586655799307499,0.23414310005184413
E187_genetic_difficulty,775,0.19499229659086223,0.27451216337336309
E187_genetic_difficulty,776,0.15263553251118481,0.15247776885751158
E187_genetic_difficulty,777,0.21175109450837915,0.23375092097621286
E187_genetic_difficulty,778,0.17858710770943162,0.23271661002261221
E187_genetic_difficulty,779,0.13664490676919588,0.17630406991774814
E187_genetic_difficulty,780,0.15997775663200242,0.15104771628975544
E187_genetic_difficulty,781,0.15630440940294055,0.20826962862691425
E187_genetic_difficulty,782,0.11463246511334983,0.19586121706963644
E187_genetic_difficulty,783,0.11048450093449029,0.22837919642052465
E187_genetic_difficulty,784,0.18888122082191469,0.20794841599157812
E187_genetic_difficulty,785,0.12584456598370009,0.25372499116654573
E187_genetic_difficulty,786,0.15886385383956744,0.17626130963857248
E187_genetic_difficulty,787,0.17154079044498841,0.24903945437840228
E187_genetic_difficulty,788,0.21939235669389237,0.1851099604722318
E187_genetic_difficulty,789,0.19057259125585704,0.21241427354030121
E187_genetic_difficulty,790,0.17538636980072556,0.17712152501207953
E187_genetic_difficulty,791,0.16537129095015565,0.23879832301490445
E187_genetic_difficulty,792,0.18461839015046791,0.25310002288186628
E187_genetic_difficulty,793,0.17594788822607257,0.24615454667449554
E187_genetic_difficulty,794,0.17737837070962967,0.15125081587000055
E187_genetic_difficulty,795,0.16602604343688931,0.21371729424518326
E187_genetic_difficulty,796,0.20260678695648285,0.23741515121048984
E187_genetic_difficulty,797,0.10102576064172371,0.18651707861283551
E187_genetic_difficulty,798,0.14828362628553976,0.18362404959058709
E187_genetic_difficulty,799,0.13844677773935085,0.18595063746654719
E187_genetic_difficulty,800,0.15563766124588599,0.25751228278790211
E187_genetic_difficulty,801,0.13451657701894837,0.15619806975340822
E187_genetic_difficulty,802,0.15959603536451697,0.1623919833097196
E187_genetic_difficulty,803,0.19996011946995099,0.21444704355757851
E187_genetic_difficulty,804,0.19329394750964871,0.24481707322401045
E187_genetic_difficulty,805,0.20999772170516581,0.19146214363087477
E187_genetic_difficulty,806,0.13724487092492058,0.25080187583655439
E187_genetic_difficulty,807,0.15015926386212666,0.1589064876420892
E187_genetic_difficulty,808,0.17545967994897252,0.24844681789682688
E187_genetic_difficulty,809,0.14592114191242603,0.089081626403921962
E187_genetic_difficulty,810,0.12568774679323289,0.16470583517455353
E187_genetic_difficulty,811,0.16053383580395159,0.26984751017800368
E187_genetic_difficulty,812,0.12328417777585987,0.14863709932922392
E187_genetic_difficulty,813,0.17201977622178144,0.20742099153043372
E187_genetic_difficulty,814,0.11992970723028802,0.21773758041073035
E187_genetic_difficulty,815,0.21823695928680795,0.2787416016527724
E187_genetic_difficulty,816,0.12941835130264071,0.13763439073908013
E187_genetic_difficulty,817,0.1580779845804221,0.13947383119483936
E187_genetic_difficulty,818,0.18962036673727331,0.28739913755216556
E187_genetic_difficulty,819,0.17694298701045019,0.18327031343475178
E187_genetic_difficulty,820,0.18804110353745249,0.28046164706777121
E187_genetic_difficulty,821,0.18154207391222588,0.2239444034177589
E187_genetic_difficulty,822,0.13456302280470159,0.16639850325573244
E187_genetic_difficulty,823,0.12099839314855433,0.2339312532082134
E187_genetic_difficulty,824,0.15265936508383771,0.26540213220280551
E187_genetic_difficulty,825,0.13523179167803365,0.25969177827943563
E187_genetic_difficulty,826,0.13553263109783523,0.25108624880247837
E187_genetic_difficulty,827,0.099485150290171923,0.20356565293314868
E187_genetic_difficulty,828,0.13484165867253076,0.22446043245270073
E187_genetic_difficulty,829,0.13629648456990831,0.16142338462030117
E187_genetic_difficulty,830,0.20313337814337271,0.16889171628049346
E187_genetic_difficulty,831,0.13749423586881213,0.26923408736779053
E187_genetic_difficulty,832,0.15875031447848553,0.23393620690858338
E187_genetic_difficulty,833,0.17819604642941841,0.29797076619758112
E187_genetic_difficulty,834,0.18041105938415913,0.25581542108283445
E187_genetic_difficulty,835,0.17907021447461832,0.25516618517777162
E187_genetic_difficulty,836,0.17098389426455851,0.19296223297524698
E187_genetic_difficulty,837,0.20423962968454926,0.18791115578428066
E187_genetic_difficulty,838,0.1729177892429099,0.16102106350337006
E187_genetic_difficulty,839,0.148387435012306,0.17122706765106846
E187_genetic_difficulty,840,0.18905238898678431,0.21706230006586621
E187_genetic_difficulty,841,0.16059103839371294,0.18006930808250188
E187_genetic_difficulty,842,0.14616862248100337,0.2647243318347075
E187_genetic_difficulty,843,0.15006786339758307,0.14314757154462285
E187_genetic_difficulty,844,0.1220924312147683,0.18520334096550248
E187_genetic_difficulty,845,0.157823682787919,0.29969877765935204
E187_genetic_difficulty,846,0.1505110574887959,0.2265550962215713
E187_genetic_difficulty,847,0.12352674629195341,0.18841331904455053
E187_genetic_difficulty,848,0.15946106545588137,0.17783646716472948
E187_genetic_difficulty,849,0.17651229696083071,0.27874076464128111
E187_genetic_difficulty,850,0.1249472581427112,0.19207018263929035
E187_genetic_difficulty,851,0.15093670671141368,0.13300254877875731
E187_genetic_difficulty,852,0.16401013667310402,0.17758036768749905
E187_genetic_difficulty,853,0.11969829006545052,0.12852849579425554
E187_genetic_difficulty,854,0.19369804099082377,0.27290718243446405
E187_genetic_difficulty,855,0.14058837290030227,0.15483494356813843
E187_genetic_difficulty,856,0.11989046502937349,0.1600884730572695
E187_genetic_difficulty,857,0.16767992194635573,0.22058017564533475
E187_genetic_difficulty,858,0.1282906773166764,0.17447972248125512
E187_genetic_difficulty,859,0.19139326133035631,0.2355270160154509
E187_genetic_difficulty,860,0.15831344313091006,0.23085375112168149
E187_genetic_difficulty,861,0.20895641885288163,0.26141707643807605
E187_genetic_difficulty,862,0.19206050628908611,0.14803591496915222
E187_genetic_difficulty,863,0.15719027019320633,0.23283979531611013
E187_genetic_difficulty,864,0.14283645435954676,0.20322815452726259
E187_genetic_difficulty,865,0.1360956505151712,0.2618385188456106
E187_genetic_difficulty,866,0.14455014556014492,0.11438053001854732
E187_genetic_difficulty,867,0.18578284351681199,0.23050359911229612
E187_genetic_difficulty,868,0.16307935801455267,0.18129068244343571
E187_genetic_difficulty,869,0.13945072194321259,0.16544224299073679
E187_genetic_difficulty,870,0.21814241609746232,0.23553866985887828
E187_genetic_difficulty,871,0.15863264165450625,0.23323489098466044
E187_genetic_difficulty,872,0.1870870046223635,0.19639588994838761
E187_genetic_difficulty,873,0.20686869594369364,0.22054859236644164
E187_genetic_difficulty,874,0.11513340313191822,0.19912211427685847
E187_genetic_difficulty,875,0.1652660230087474,0.22677510977927665
E187_genetic_difficulty,876,0.14228001749374389,0.27704748260309259
E187_genetic_difficulty,877,0.18532531385877074,0.18346979851670131
E187_genetic_difficulty,878,0.12980627168294903,0.21434056289040501
E187_genetic_difficulty,879,0.21476903892810698,0.20047608944975467
E187_genetic_difficulty,880,0.11855281155422498,0.17259657001880077
E187_genetic_difficulty,881,0.23040225267581013,0.14408110626529821
E187_genetic_difficulty,882,0.1867460287363806,0.23873098397603779
E187_genetic_difficulty,883,0.17607701007566015,0.19675435412117093
E187_genetic_difficulty,884,0.082884253351728679,0.18861518745326963
E187_genetic_difficulty,885,0.25126040085771778,0.26974434099506567
E187_genetic_difficulty,886,0.18315442515379632,0.21236642494454727
E187_genetic_difficulty,887,0.20751731151936084,0.22691010351466057
E187_genetic_difficulty,888,0.15975265096539157,0.13246905800584505
E187_genetic_difficulty,889,0.17598974929963604,0.25950943242118829
E187_genetic_difficulty,890,0.16129105451149331,0.23338682293324606
E187_genetic_difficulty,891,0.1805929676847636,0.16706875564867041
E187_genetic_difficulty,892,0.20082877871052265,0.23728764299195468
E187_genetic_difficulty,893,0.20093303909106697,0.27200230483613047
E187_genetic_difficulty,894,0.11162108620542281,0.13721259231285887
E187_genetic_difficulty,895,0.16043362485440302,0.25382400850689985
E187_genetic_difficulty,896,0.2111288026417503,0.21124755792751357
E187_genetic_difficulty,897,0.13721138817771364,0.27638610384201995
E187_genetic_difficulty,898,0.17025311400653168,0.17882583843706454
E187_genetic_difficulty,899,0.1621266560326505,0.22624534913428118
E187_genetic_difficulty,900,0.14622798782307886,0.25872821669534302
E187_genetic_difficulty,901,0.17354580920161,0.28105016913330227
E187_genetic_difficulty,902,0.1641448416736718,0.22581196821636432
E187_genetic_difficulty,903,0.14710050970001942,0.21715428627295238
E187_genetic_difficulty,904,0.15330521271833483,0.20914947983232612
E187_genetic_difficulty,905,0.18739564090073305,0.25730682882757999
E187_genetic_difficulty,906,0.12686395232146092,0.29656658147577131
E187_genetic_difficulty,907,0.16601495636015265,0.18786060305355082
E187_genetic_difficulty,908,0.13997102040640075,0.20164139757625285
E187_genetic_difficulty,909,0.16393503677929311,0.24285398839396313
E187_genetic_difficulty,910,0.15599780039104863,0.18154179109661842
E187_genetic_difficulty,911,0.16182441052153138,0.21885969995798096
E187_genetic_difficulty,912,0.14373396266641397,0.24706868436246232
E187_genetic_difficulty,913,0.20033886085339961,0.24229302856875709
E187_genetic_difficulty,914,0.1693257232437152,0.16140467095390734
E187_genetic_difficulty,915,0.20841412492071273,0.24716899558284991
E187_genetic_difficulty,916,0.16027728053181264,0.16187027386948186
E187_genetic_difficulty,917,0.19784742926295315,0.21356631378109894
E187_genetic_difficulty,918,0.15417925183582332,0.22611277385769127
E187_genetic_difficulty,919,0.16669928176594895,0.23609339266979248
E187_genetic_difficulty,920,0.17880490551179232,0.27037173041886642
E187_genetic_difficulty,921,0.14169465774575554,0.12081041424346416
E187_genetic_difficulty,922,0.16090176672393977,0.25516352395882097
E187_genetic_difficulty,923,0.1523031272500189,0.2363950568996771
E187_genetic_difficulty,924,0.1321511575695262,0.22049928726646809
E187_genetic_difficulty,925,0.21240759573169965,0.18739358415359131
E187_genetic_difficulty,926,0.19626427273554703,0.20311684221258131
E187_genetic_difficulty,927,0.15054247262287507,0.22867631741816399
E187_genetic_difficulty,928,0.15350811457908625,0.20872031972863406
E187_genetic_difficulty,929,0.1277094953301556,0.16566811373181403
E187_genetic_difficulty,930,0.154713487184163,0.18996804649848131
E187_genetic_difficulty,931,0.1718265670450777,0.2040421356692064
E187_genetic_difficulty,932,0.16833635269882544,0.26964058936098007
E187_genetic_difficulty,933,0.16963538470721876,0.23456744385471243
E187_genetic_difficulty,934,0.1700123431908154,0.18254591231875184
E187_genetic_difficulty,935,0.1380818789774868,0.15720318794926622
E187_genetic_difficulty,936,0.1566639144145017,0.17739902358874196
E187_genetic_difficulty,937,0.12687807587566008,0.22166671829822848
E187_genetic_difficulty,938,0.15738422536085081,0.24311824031106596
E187_genetic_difficulty,939,0.22082528333961635,0.27846910801955027
E187_genetic_difficulty,940,0.17496713429360919,0.27505261436744649
E187_genetic_difficulty,941,0.19239799956167167,0.24430783619090743
E187_genetic_difficulty,942,0.11416555638240565,0.22787119947071541
E187_genetic_difficulty,943,0.13429616353159324,0.22987577737074158
E187_genetic_difficulty,944,0.17578963943876982,0.25657180292782067
E187_genetic_difficulty,945,0.15838251373583917,0.18044324737201486
E187_genetic_difficulty,946,0.1861977845371493,0.18338087855495355
E187_genetic_difficulty,947,0.1350861392865142,0.079210453645777792
E187_genetic_difficulty,948,0.14295156871452361,0.12999001169810262
E187_genetic_difficulty,949,0.13297557288185133,0.2310864971542633
E187_genetic_difficulty,950,0.084987333950712271,0.050193043725212529
E187_genetic_difficulty,951,0.17688782383283416,0.1937227269077835
E187_genetic_difficulty,952,0.14929514516449663,0.18575577282534037
E187_genetic_difficulty,953,0.17144004664187332,0.20052208136897734
E187_genetic_difficulty,954,0.15838246725880509,0.19041765230001795
E187_genetic_difficulty,955,0.13575037348750005,0.22494761195329291
E187_genetic_difficulty,956,0.15389659135929154,0.25480466730900037
E187_genetic_difficulty,957,0.14614463967087363,0.19136289025154526
E187_genetic_difficulty,958,0.19138507496046961,0.15044225358255539
E187_genetic_difficulty,959,0.18167775755444238,0.18294319551217694
E187_genetic_difficulty,960,0.1900687958807282,0.21878472200516219
E187_genetic_difficulty,961,0.15753270306276326,0.21449206714230518
E187_genetic_difficulty,962,0.15617908954142543,0.20435101181645329
E187_genetic_difficulty,963,0.21055251843969156,0.24330953577453659
E187_genetic_difficulty,964,0.14574274214506497,0.18785427022859313
E187_genetic_difficulty,965,0.15240815492037665,0.17825233141340702
E187_genetic_difficulty,966,0.15147252505478426,0.19618022517566749
E187_genetic_difficulty,967,0.20332870344590523,0.16076993781007223
E187_genetic_difficulty,968,0.10181278041867244,0.15257515145525571
E187_genetic_difficulty,969,0.19502441183218877,0.25723259529976783
E187_genetic_difficulty,970,0.15159514146670713,0.26733057383034969
E187_genetic_difficulty,971,0.17368236174406035,0.20154658738259898
E187_genetic_difficulty,972,0.18713218499510742,0.18584368964206274
E187_genetic_difficulty,973,0.19673392393334446,0.24553137259496546
E187_genetic_difficulty,974,0.19356961484307419,0.2293736106735409
E187_genetic_difficulty,975,0.12315779958327076,0.15674262612251424
E187_genetic_difficulty,976,0.18817969555643344,0.19995446731498259
E187_genetic_difficulty,977,0.14952476210720952,0.15134454660048285
E187_genetic_difficulty,978,0.13170668895464033,0.15624801129315616
E187_genetic_difficulty,979,0.19556690456586634,0.24766420359890848
E187_genetic_difficulty,980,0.17339038705295087,0.19005036770336572
E187_genetic_difficulty,981,0.15077527056004675,0.23152572557221054
E187_genetic_difficulty,982,0.12762062009867145,0.095825408970872814
E187_genetic_difficulty,983,0.15333016181462508,0.27187833799147437
E187_genetic_difficulty,984,0.14989077429353906,0.23320379760096824
E187_genetic_difficulty,985,0.15819052682286081,0.16459975453758771
E187_genetic_difficulty,986,0.15961532569256098,0.25858729632419414
E187_genetic_difficulty,987,0.1666402682796648,0.16823246571459416
E187_genetic_difficulty,988,0.20643701534617928,0.20314080875910942
E187_genetic_difficulty,989,0.15639305384999089,0.1883693604322442
E187_genetic_difficulty,990,0.18084701168450421,0.21079021167504131
E187_genetic_difficulty,991,0.17719009968326441,0.2148649788340001
E187_genetic_difficulty,992,0.14351035829016665,0.16927412951753418
E187_genetic_difficulty,993,0.17249656808482441,0.24072748150298487
E187_genetic_difficulty,994,0.13584493712693882,0.17887655753388243
E187_genetic_difficulty,995,0.15529466868479139,0.17442939664987503
E187_genetic_difficulty,996,0.18527173479297132,0.16565205907205183
E187_genetic_difficulty,997,0.14601538808565945,0.22634309023083055
E187_genetic_difficulty,998,0.17116848583891894,0.14223581948489397
E187_genetic_difficulty,999,0.16489165559336444,0.2027035053073748
E187_genetic_difficulty,1000,0.1949734638275589,0.14708987914170646
E187_genetic_difficulty,1001,0.11597394106000353,0.25866772571735591
E187_genetic_difficulty,1002,0.13624370615102802,0.19514880603211571
E187_genetic_difficulty,1003,0.1845819701434398,0.22824358517643475
E187_genetic_difficulty,1004,0.14387841732675366,0.18825055558762102
E187_genetic_difficulty,1005,0.15333205103517375,0.2942540418937189
E187_genetic_difficulty,1006,0.14837943928996447,0.19146260530835149
E187_genetic_difficulty,1007,0.13463311999864827,0.15627632771867914
E187_genetic_difficulty,1008,0.20507665017523513,0.18618218779222032
E187_genetic_difficulty,1009,0.16713277175939814,0.18461643097142622
E187_genetic_difficulty,1010,0.13761728175539889,0.18680976827347773
E187_genetic_difficulty,1011,0.2101107892025256,0.31903733033551057
E187_genetic_difficulty,1012,0.17934324880757715,0.24080579501064683
E187_genetic_difficulty,1013,0.20439821134252223,0.17481923548795666
E187_genetic_difficulty,1014,0.19259853476842495,0.24373303540367172
E187_genetic_difficulty,1015,0.13767550590727748,0.23090302940175
E187_genetic_difficulty,1016,0.25802246823107683,0.17708157538567923
E187_genetic_difficulty,1017,0.20759565305378599,0.22688205848408941
E187_genetic_difficulty,1018,0.1877555045740599,0.19077776697891935
E187_genetic_difficulty,1019,0.22860874299115419,0.22871250017865222
E187_genetic_difficulty,1020,0.16014542457503342,0.23804916176506655
E187_genetic_difficulty,1021,0.23216049005637299,0.27983666808467783
E187_genetic_difficulty,1022,0.14094793787995885,0.20683348481830055
E187_genetic_difficulty,1023,0.18632434756669281,0.23557461437705896
E187_genetic_difficulty,1024,0.16556473341918507,0.18498078650886365
E187_genetic_difficulty,1025,0.1903113992203278,0.24245304121554859
E187_genetic_difficulty,1026,0.20900497677413207,0.24173741115896538
E187_genetic_difficulty,1027,0.15701177088218168,0.28907409268510653
E187_genetic_difficulty,1028,0.13145908406746837,0.16581623403547235
E187_genetic_difficulty,1029,0.14412778149480729,0.20486548646205605
E187_genetic_difficulty,1030,0.24303646130998183,0.30102691283238797
E187_genetic_difficulty,1031,0.13383800902867093,0.17794904879753268
E187_genetic_difficulty,1032,0.15304654700093281,0.20983072087679189
E187_genetic_difficulty,1033,0.14688149934589087,0.18798188393723789
E187_genetic_difficulty,1034,0.17377055253642162,0.19456270223895
E187_genetic_difficulty,1035,0.13928763226798083,0.21648343151682367
E187_genetic_difficulty,1036,0.19062545610777634,0.23141544675050904
E187_genetic_difficulty,1037,0.18339341558088118,0.25931807004797292
E187_genetic_difficulty,1038,0.15030496350447833,0.19336301951350099
E187_genetic_difficulty,1039,0.13045431706714669,0.23519331779679806
E187_genetic_difficulty,1040,0.14884360028134028,0.10789177060186356
E187_genetic_difficulty,1041,0.18598252507822913,0.20751485588304452
E187_genetic_difficulty,1042,0.11753833719333263,0.19701831372417289
E187_genetic_difficulty,1043,0.1429299393486306,0.21469681896197348
E187_genetic_difficulty,1044,0.15787240267584482,0.24981202836694485
E187_genetic_difficulty,1045,0.11623651510453825,0.17088969499118412
E187_genetic_difficulty,1046,0.19776489249230197,0.24128429234385951
E187_genetic_difficulty,1047,0.17157504915274599,0.20743176024382284
E187_genetic_difficulty,1048,0.19886452991153014,0.17473293772517975
E187_genetic_difficulty,1049,0.16222889037217442,0.24772832783995735
E187_genetic_difficulty,1050,0.16886914249191864,0.14047473999970042
E187_genetic_difficulty,1051,0.15980167801448514,0.22256844808969464
E187_genetic_difficulty,1052,0.19090831408232889,0.21721889955504015
E187_genetic_difficulty,1053,0.24218169831816283,0.31633084677440726
E187_genetic_difficulty,1054,0.14101167053039079,0.17049980366276354
E187_genetic_difficulty,1055,0.13100470807178535,0.16440169875405819
E187_genetic_difficulty,1056,0.26158435714024914,0.20377618897100483
E187_genetic_difficulty,1057,0.17763561830867292,0.28635394271116471
E187_genetic_difficulty,1058,0.1877837080988424,0.19943631855646302
E187_genetic_difficulty,1059,0.16720880799834548,0.18491884249643997
E187_genetic_difficulty,1060,0.1566706406197646,0.19591903298319124
E187_genetic_difficulty,1061,0.087178068705496978,0.097734871566813819
E187_genetic_difficulty,1062,0.17869722750331762,0.20527357865477444
E187_genetic_difficulty,1063,0.13366197520364767,0.19166476227574281
E187_genetic_difficulty,1064,0.17500702387471104,0.19053230543774757
E187_genetic_difficulty,1065,0.1826829760864864,0.18341365504099383
E187_genetic_difficulty,1066,0.14767472670955276,0.2579414302813175
E187_genetic_difficulty,1067,0.19317941285380733,0.27101770411174564
E187_genetic_difficulty,1068,0.16099760931509291,0.15258960798713336
E187_genetic_difficulty,1069,0.14950351841440671,0.098517825378855506
E187_genetic_difficulty,1070,0.13663870190816818,0.19499131391554905
E187_genetic_difficulty,1071,0.16685495817680251,0.26741069907036469
E187_genetic_difficulty,1072,0.19109267383555797,0.18806812995577538
E187_genetic_difficulty,1073,0.18058524788956579,0.26808727430163737
E187_genetic_difficulty,1074,0.1321522778197374,0.24556865987934118
E187_genetic_difficulty,1075,0.15346936393734165,0.21300363637770003
E187_genetic_difficulty,1076,0.17562795104798656,0.19749502762430138
E187_genetic_difficulty,1077,0.15601564664532999,0.20474025440582744
E187_genetic_difficulty,1078,0.15703701595456473,0.2636013236296641
E187_genetic_difficulty,1079,0.16964568789286716,0.17908106202003407
E187_genetic_difficulty,1080,0.17496958955615791,0.15989148243868523
E187_genetic_difficulty,1081,0.18625028998919915,0.22178222971029651
E187_genetic_difficulty,1082,0.13793354715515932,0.13368658476202785
E187_genetic_difficulty,1083,0.16264664130807124,0.20866157889546888
E187_genetic_difficulty,1084,0.17839275424201848,0.17796316507184484
E187_genetic_difficulty,1085,0.15071764079052005,0.14534267950225835
E187_genetic_difficulty,1086,0.11716741085408865,0.20975614951566157
E187_genetic_difficulty,1087,0.15630516568032907,0.21526683465950489
E187_genetic_difficulty,1088,0.15171423817507881,0.21907064202895632
E187_genetic_difficulty,1089,0.17396030855791358,0.18086405987865906
E187_genetic_difficulty,1090,0.19598212141451754,0.18544379224374261
E187_genetic_difficulty,1091,0.1844493650363673,0.27906976403710765
E187_genetic_difficulty,1092,0.17123118759075373,0.21878660996486973
E187_genetic_difficulty,1093,0.25784814047240262,0.29827033720275586
E187_genetic_difficulty,1094,0.1112734572254221,0.19584298920362397
E187_genetic_difficulty,1095,0.12950632584361221,0.10957105856869954
E187_genetic_difficulty,1096,0.16656720015539117,0.20500386631554293
E187_genetic_difficulty,1097,0.11891009528760159,0.16222890488369743
E187_genetic_difficulty,1098,0.13295266445622864,0.11980856801622031
E187_genetic_difficulty,1099,0.16879865088289062,0.21454565737857342
E187_genetic_difficulty,1100,0.11166913409349698,0.12478015082432455
E187_genetic_difficulty,1101,0.12071109100946019,0.14867455380507238
E187_genetic_difficulty,1102,0.18715691438295387,0.23525560211710775
E187_genetic_difficulty,1103,0.17120618699339585,0.15704398644534187
E187_genetic_difficulty,1104,0.1171674492259324,0.15471170608665957
E187_genetic_difficulty,1105,0.10782921475406236,0.18804684145805142
E187_genetic_difficulty,1106,0.14505691755085498,0.19319981258700336
E187_genetic_difficulty,1107,0.1802546184908119,0.15844276330319743
E187_genetic_difficulty,1108,0.14922934360920478,0.11674419444417668
E187_genetic_difficulty,1109,0.151063795284469,0.17973530568300869
E187_genetic_difficulty,1110,0.13170193272612393,0.19868544633067911
E187_genetic_difficulty,1111,0.12827705631279787,0.19410194013513193
E187_genetic_difficulty,1112,0.14903561804222334,0.13634252939528366
E187_genetic_difficulty,1113,0.16588463847138263,0.2440894216422497
E187_genetic_difficulty,1114,0.22836346030382426,0.23301892288654122
E187_genetic_difficulty,1115,0.15578644666825622,0.2554945169784722
E187_genetic_difficulty,1116,0.18858363678100074,0.21974498920552299
E187_genetic_difficulty,1117,0.16538826360354514,0.22358221399864922
E187_genetic_difficulty,1118,0.12024102535971733,0.21005300046774011
E187_genetic_difficulty,1119,0.17729033528145124,0.22153034934998475
E187_genetic_difficulty,1120,0.16765246750566795,0.19113629783111066
E187_genetic_difficulty,1121,0.17079437060235181,0.1575407610890685
E187_genetic_difficulty,1122,0.15073969965209308,0.2026965253700955
E187_genetic_difficulty,1123,0.19294229669207985,0.15132987477970894
E187_genetic_difficulty,1124,0.20566860676009605,0.22458519167216154
E187_genetic_difficulty,1125,0.18589103626130379,0.18664666602008387
E187_genetic_difficulty,1126,0.17492545129549453,0.21640978919297124
E187_genetic_difficulty,1127,0.10718887911566939,0.30323383155974043
E187_genetic_difficulty,1128,0.20440507730295066,0.19810376757986339
E187_genetic_difficulty,1129,0.20610297117236365,0.23005148360903219
E187_genetic_difficulty,1130,0.19652857719750397,0.28778239412687262
E187_genetic_difficulty,1131,0.17995691494521182,0.15262566859782142
E187_genetic_difficulty,1132,0.17485937276719946,0.1979318443876695
E187_genetic_difficulty,1133,0.19042361382582962,0.24297085026472431
E187_genetic_difficulty,1134,0.1332198766488335,0.20087703937126125
E187_genetic_difficulty,1135,0.16721975796179578,0.33665035860775694
E187_genetic_difficulty,1136,0.16902446574862487,0.21757562361192581
E187_genetic_difficulty,1137,0.19959888142919158,0.13526717883040149
E187_genetic_difficulty,1138,0.17757743004653562,0.19749954094347222
E187_genetic_difficulty,1139,0.165046514903603,0.22861826743154401
E187_genetic_difficulty,1140,0.17092159265076437,0.13567200981076849
E187_genetic_difficulty,1141,0.23201409207675516,0.29512458116577789
E187_genetic_difficulty,1142,0.1829161306436875,0.25808588008475403
E187_genetic_difficulty,1143,0.17534809174295904,0.19842978215693174
E187_genetic_difficulty,1144,0.10750922576595574,0.11842751557470975
E187_genetic_difficulty,1145,0.2088472989310336,0.15513955048914174
E187_genetic_difficulty,1146,0.20376681010513495,0.13441602348941417
E187_genetic_difficulty,1147,0.15066310901772906,0.23209770397157911
E187_genetic_difficulty,1148,0.14882812357065789,0.19699968354411213
E187_genetic_difficulty,1149,0.2200978247063462,0.18023560197653379
E187_genetic_difficulty,1150,0.16316242832268887,0.28470009936228796
E187_genetic_difficulty,1151,0.20762870418790266,0.1765162541995737
E187_genetic_difficulty,1152,0.13972350367495823,0.15794260239976135
E187_genetic_difficulty,1153,0.09542256468668063,0.20211720462703409
E187_genetic_difficulty,1154,0.19772917544033983,0.18116286543991875
E187_genetic_difficulty,1155,0.12195888268398976,0.23941125072450653
E187_genetic_difficulty,1156,0.19313203284013516,0.17144123389011978
E187_genetic_difficulty,1157,0.23178780960950005,0.30106464737163946
E187_genetic_difficulty,1158,0.23049460019654575,0.29177352216386593
E187_genetic_difficulty,1159,0.1965284533756978,0.1987559574656296
E187_genetic_difficulty,1160,0.1965027457229668,0.21538940240403623
E187_genetic_difficulty,1161,0.24664319336782278,0.27572049305482121
E187_genetic_difficulty,1162,0.20653104096375638,0.18312617587015001
E187_genetic_difficulty,1163,0.15718069625399064,0.22189285337573902
E187_genetic_difficulty,1164,0.15242550191410217,0.14489253129584884
E187_genetic_difficulty,1165,0.18309235995329262,0.15494138727553189
E187_genetic_difficulty,1166,0.24139675552887618,0.28669907334362404
E187_genetic_difficulty,1167,0.14749231220362694,0.22029270997306941
E187_genetic_difficulty,1168,0.1793446114521435,0.15913103400261661
E187_genetic_difficulty,1169,0.16629704688240265,0.26802262673619187
E187_genetic_difficulty,1170,0.11674682436853256,0.15108862983723093
E187_genetic_difficulty,1171,0.15620959049586997,0.21447605274734971
E187_genetic_difficulty,1172,0.2036660006753572,0.22757932527009742
E187_genetic_difficulty,1173,0.12248331430014014,0.16429095663441642
E187_genetic_difficulty,1174,0.17416829241861084,0.26511165957701205
E187_genetic_difficulty,1175,0.18072737985848739,0.19208243681992387
E187_genetic_difficulty,1176,0.15095621863178926,0.24344733038807928
E187_genetic_difficulty,1177,0.1527061830223517,0.15282155234367298
E187_genetic_difficulty,1178,0.2128607047301784,0.19337426380239378
E187_genetic_difficulty,1179,0.1290214952542833,0.22863646958045972
E187_genetic_difficulty,1180,0.18741469903465566,0.23749765262507694
E187_genetic_difficulty,1181,0.16019142571928338,0.24132316832521905
E187_genetic_difficulty,1182,0.21312108137802274,0.25880611078581689
E187_genetic_difficulty,1183,0.15649654235771457,0.21953340973279825
E187_genetic_difficulty,1184,0.14940942688619788,0.1414581800626247
E187_genetic_difficulty,1185,0.14463771080756571,0.14045268235222405
E187_genetic_difficulty,1186,0.17626293385466399,0.18995791151786443
E187_genetic_difficulty,1187,0.24099213522256602,0.29181636897361946
E187_genetic_difficulty,1188,0.15074047816515684,0.28559225368259272
E187_genetic_difficulty,1189,0.16682414798739284,0.18895595871299178
E187_genetic_difficulty,1190,0.15492017533344957,0.27075592354323158
E187_genetic_difficulty,1191,0.18110293294635868,0.22701852568380068
E187_genetic_difficulty,1192,0.20839431236630604,0.17064235034712508
E187_genetic_difficulty,1193,0.12612850039998227,0.24096700872289745
E187_genetic_difficulty,1194,0.12649306140980032,0.18257886693991834
E187_genetic_difficulty,1195,0.13099415214528928,0.18952491091911003
E187_genetic_difficulty,1196,0.1539759608645748,0.31044888307538637
E187_genetic_difficulty,1197,0.17852498278172801,0.19911110372912497
E187_genetic_difficulty,1198,0.16232156299885411,0.167391878183037
E187_genetic_difficulty,1199,0.16096253231031599,0.27496781371317219
E187_genetic_difficulty,1200,0.20614197928631009,0.2163123010017802
E187_genetic_difficulty,1201,0.16714738663379414,0.21966262354241642
E187_genetic_difficulty,1202,0.23777216070683457,0.32893409394918754
E187_genetic_difficulty,1203,0.23024623355712562,0.24624835580987534
E187_genetic_difficulty,1204,0.15839484855225139,0.21188443725148656
E187_genetic_difficulty,1205,0.16063523126645626,0.17176033693713866
E187_genetic_difficulty,1206,0.11396126348137581,0.16297996420807989
E187_genetic_difficulty,1207,0.17587435612254188,0.24023152416096769
E187_genetic_difficulty,1208,0.13335098807545881,0.28065906566506754
E187_genetic_difficulty,1209,0.11504116712754857,0.18856002172328556
E187_genetic_difficulty,1210,0.16685953955569091,0.16214604701950872
E187_genetic_difficulty,1211,0.18810237652313591,0.21389566732190946
E187_genetic_difficulty,1212,0.1462413499356176,0.20795923437433891
E187_genetic_difficulty,1213,0.14664547857966095,0.23770557936341763
E187_genetic_difficulty,1214,0.22245597912791207,0.1985229627247185
E187_genetic_difficulty,1215,0.18068592646347678,0.17195449070955071
E187_genetic_difficulty,1216,0.13768007484770034,0.17300397163517919
E187_genetic_difficulty,1217,0.19008878445596991,0.1709746634659757
E187_genetic_difficulty,1218,0.12660854108001213,0.17237354929552198
E187_genetic_difficulty,1219,0.18436060632065202,0.23034466535873657
E187_genetic_difficulty,1220,0.19019348910813361,0.16117083429002102
E187_genetic_difficulty,1221,0.17847285311941186,0.20794663010880576
E187_genetic_difficulty,1222,0.1648408727525858,0.25871933598204799
E187_genetic_difficulty,1223,0.15604750842320494,0.29650750294585759
E187_genetic_difficulty,1224,0.18916120085767285,0.23671599758558659
E187_genetic_difficulty,1225,0.13746915259996717,0.17225698601705317
E187_genetic_difficulty,1226,0.1918991346914618,0.21126408374192099
E187_genetic_difficulty,1227,0.16833559893801897,0.2706941768198321
E187_genetic_difficulty,1228,0.2358726312449195,0.21155945925498784
E187_genetic_difficulty,1229,0.20878427101781993,0.19209447513788416
E187_genetic_difficulty,1230,0.13831258379949318,0.25545072768975402
E187_genetic_difficulty,1231,0.20496872549130848,0.15679538560841016
E187_genetic_difficulty,1232,0.17114002754091392,0.18679675495233439
E187_genetic_difficulty,1233,0.15985079704806557,0.17795052731409933
E187_genetic_difficulty,1234,0.14803765566801338,0.21953583258341602
E187_genetic_difficulty,1235,0.17704805563095916,0.21384921303425777
E187_genetic_difficulty,1236,0.17576740923337178,0.24018135759552472
E187_genetic_difficulty,1237,0.17372426916896302,0.19444674217766697
E187_genetic_difficulty,1238,0.19173063815239563,0.24721929448080679
E187_genetic_difficulty,1239,0.19426424455951233,0.18400535444821456
E187_genetic_difficulty,1240,0.17160582369658886,0.19472701236612674
E187_genetic_difficulty,1241,0.16627224761959758,0.25827184753734406
E187_genetic_difficulty,1242,0.16115077691219307,0.19638493732036408
E187_genetic_difficulty,1243,0.11505483961911028,0.15809890918268524
E187_genetic_difficulty,1244,0.11348693039099828,0.16187463535116162
E187_genetic_difficulty,1245,0.12065918811184234,0.18809847510853692
E187_genetic_difficulty,1246,0.2285191260380274,0.17857233980302201
E187_genetic_difficulty,1247,0.16087978763690983,0.19048775142864435
E187_genetic_difficulty,1248,0.12158669498386632,0.1520413632529117
E187_genetic_difficulty,1249,0.19929005583634485,0.20325421437615196
E187_genetic_difficulty,1250,0.13317205797723566,0.19298068635634025
E187_genetic_difficulty,1251,0.18565694197079075,0.31937411852517933
E187_genetic_difficulty,1252,0.15193354942662654,0.22695903607776224
E187_genetic_difficulty,1253,0.21714766478212499,0.23274750931382268
E187_genetic_difficulty,1254,0.17734009903079595,0.23273627345410289
E187_genetic_difficulty,1255,0.16209167556486659,0.18708334373499036
E187_genetic_difficulty,1256,0.14491817175379731,0.19644770233391021
E187_genetic_difficulty,1257,0.21914542021453409,0.23102096790535334
E187_genetic_difficulty,1258,0.1656711269703397,0.18766195795023677
E187_genetic_difficulty,1259,0.18404266738353936,0.27417472308816443
E187_genetic_difficulty,1260,0.15907658971970898,0.16458469923937
E187_genetic_difficulty,1261,0.16202511724220789,0.20110171766115204
E187_genetic_difficulty,1262,0.15619625973433135,0.30161522496491139
E187_genetic_difficulty,1263,0.15738406941875857,0.2033032147374326
E187_genetic_difficulty,1264,0.14798453468024736,0.22450352847957109
E187_genetic_difficulty,1265,0.17741686437028367,0.19145175911609078
E187_genetic_difficulty,1266,0.14275127345582048,0.19068402916431912
E187_genetic_difficulty,1267,0.16947637455574741,0.18658081064262336
E187_genetic_difficulty,1268,0.17471973951658393,0.22401146875276365
E187_genetic_difficulty,1269,0.16097975458423383,0.14831625978711044
E187_genetic_difficulty,1270,0.15335268848893097,0.2299865951930756
E187_genetic_difficulty,1271,0.15791479278110865,0.24885456585051791
E187_genetic_difficulty,1272,0.20765271922193573,0.21106685255642665
E187_genetic_difficulty,1273,0.18753074828338798,0.23935086017504201
E187_genetic_difficulty,1274,0.17027968829622364,0.25258281155119966
E187_genetic_difficulty,1275,0.19201968357570129,0.22642360081160884
E187_genetic_difficulty,1276,0.17309927324335214,0.19516060909160179
E187_genetic_difficulty,1277,0.16835988307511185,0.275291199550528
E187_genetic_difficulty,1278,0.1865917676158001,0.18868318864071429
E187_genetic_difficulty,1279,0.18198210426618364,0.14942158507534961
E187_genetic_difficulty,1280,0.16885082606181467,0.23065149725393527
E187_genetic_difficulty,1281,0.19361146416479649,0.19527256917686783
E187_genetic_difficulty,1282,0.13985978275785546,0.19983422248857596
E187_genetic_difficulty,1283,0.15927712303451433,0.26371082944796459
E187_genetic_difficulty,1284,0.2025884015423236,0.22361824513792308
E187_genetic_difficulty,1285,0.15744975044262355,0.24407789490738876
E187_genetic_difficulty,1286,0.14842456907811216,0.23740711816598037
E187_genetic_difficulty,1287,0.1471617462938202,0.17641163415591818
E187_genetic_difficulty,1288,0.16674870266062133,0.15986384888144101
E187_genetic_difficulty,1289,0.12716199475881729,0.18244766995268311
E187_genetic_difficulty,1290,0.1228240744194493,0.18907856764125386
E187_genetic_difficulty,1291,0.13351075191064574,0.10878636819545669
E187_genetic_difficulty,1292,0.14642548884957263,0.20995475592845128
E187_genetic_difficulty,1293,0.149992155599392,0.20729732450608399
E187_genetic_difficulty,1294,0.16845108207522552,0.26257713754504702
E187_genetic_difficulty,1295,0.14108098876399011,0.18496104189246776
E187_genetic_difficulty,1296,0.18007599666955731,0.22341598003481325
E187_genetic_difficulty,1297,0.16003413007093278,0.24743798013772286
E187_genetic_difficulty,1298,0.23808690790711526,0.22868667855652047
E187_genetic_difficulty,1299,0.17699812490200018,0.24824624576416243
E187_genetic_difficulty,1300,0.17026960864375118,0.26514621161366642
E187_genetic_difficulty,1301,0.14018117651310394,0.21587369443147761
E187_genetic_difficulty,1302,0.19618518161913021,0.19558548420152477
E187_genetic_difficulty,1303,0.24540769484043803,0.2494037494404191
E187_genetic_difficulty,1304,0.12369034729272217,0.19612596111115063
E187_genetic_difficulty,1305,0.15232102606552048,0.1577974669806271
E187_genetic_difficulty,1306,0.13331810638931768,0.21345306570920905
E187_genetic_difficulty,1307,0.17528497299893639,0.22979538157133941
E187_genetic_difficulty,1308,0.1722265707470895,0.22656539956520264
E187_genetic_difficulty,1309,0.16048230820677636,0.22283051852475846
E187_genetic_difficulty,1310,0.17723969403648474,0.26471123078173536
E187_genetic_difficulty,1311,0.1614972635564311,0.19597241418228137
E187_genetic_difficulty,1312,0.15130877393256559,0.24199854931136536
E187_genetic_difficulty,1313,0.18728548934260894,0.24082028735928426
E187_genetic_difficulty,1314,0.16447263088011319,0.21587592039869441
E187_genetic_difficulty,1315,0.15005950243686458,0.20208237965998091
E187_genetic_difficulty,1316,0.12428847269493558,0.095918873760578949
E187_genetic_difficulty,1317,0.2036801449594953,0.1208155328396071
E187_genetic_difficulty,1318,0.20832137367421963,0.26700667005871898
E187_genetic_difficulty,1319,0.17753923869715957,0.18861319157995074
E187_genetic_difficulty,1320,0.15309415218272091,0.21529025771330321
E187_genetic_difficulty,1321,0.15007040047987716,0.22904008974030865
E187_genetic_difficulty,1322,0.17858457519088547,0.18653878758002043
E187_genetic_difficulty,1323,0.13590772634379306,0.12913821958295882
E187_genetic_difficulty,1324,0.20720672250780728,0.17263925661933685
E187_genetic_difficulty,1325,0.17871582040781453,0.21907153571920046
E187_genetic_difficulty,1326,0.17049740808993744,0.26259068551205544
E187_genetic_difficulty,1327,0.18522664653331164,0.21719135057203245
E187_genetic_difficulty,1328,0.15609951100771349,0.18669531776416734
E187_genetic_difficulty,1329,0.19006518992776958,0.1368775243142826
E187_genetic_difficulty,1330,0.16028473413325758,0.16633850280755416
E187_genetic_difficulty,1331,0.16978500507571828,0.10346421143268418
E187_genetic_difficulty,1332,0.12478374833098914,0.20184528236363439
E187_genetic_difficulty,1333,0.15379720819151532,0.20633529952498894
E187_genetic_difficulty,1334,0.19932434702531696,0.25051414035986219
E187_genetic_difficulty,1335,0.19129127471601556,0.20629114906421853
E187_genetic_difficulty,1336,0.17279754592752114,0.2285373329748861
E187_genetic_difficulty,1337,0.18398055293511087,0.25854563099146222
E187_genetic_difficulty,1338,0.19738975515142373,0.20348080856579762
E187_genetic_difficulty,1339,0.14443095680355025,0.13367139711543896
E187_genetic_difficulty,1340,0.20209089068671959,0.20103163969303581
E187_genetic_difficulty,1341,0.17401831662293266,0.26019914128021066
E187_genetic_difficulty,1342,0.15489678473083854,0.23072475810659551
E187_genetic_difficulty,1343,0.16483017158282248,0.21966521667856898
E187_genetic_difficulty,1344,0.14526690193865308,0.17996016353777425
E187_genetic_difficulty,1345,0.16546800208667575,0.19831934930389239
E187_genetic_difficulty,1346,0.15889868681054325,0.1978998402919695
E187_genetic_difficulty,1347,0.18997423779559389,0.20707729965072841
E187_genetic_difficulty,1348,0.19945289959411391,0.16838144297591762
E187_genetic_difficulty,1349,0.19873543372083105,0.26601726084500094
E187_genetic_difficulty,1350,0.14767350715596231,0.22209992600268069
E187_genetic_difficulty,1351,0.1409218949270204,0.21194480404229979
E187_genetic_difficulty,1352,0.19766539038820918,0.23944695377048039
E187_genetic_difficulty,1353,0.18600083730331859,0.17277193828593007
E187_genetic_difficulty,1354,0.1612276926063799,0.24088119978516062
E187_genetic_difficulty,1355,0.16934595051089016,0.21027794200908501
E187_genetic_difficulty,1356,0.20797620107286596,0.32917649727533926
E187_genetic_difficulty,1357,0.10912669389958433,0.15229066153990686
E187_genetic_difficulty,1358,0.14311513311744339,0.16586065593776742
E187_genetic_difficulty,1359,0.15792097574181174,0.20188885384979058
E187_genetic_difficulty,1360,0.22807118307832228,0.34944201027528071
E187_genetic_difficulty,1361,0.18029582108775943,0.2225308759706823
E187_genetic_difficulty,1362,0.17223905402408654,0.23386327282726002
E187_genetic_difficulty,1363,0.16258650308654612,0.21501647208524308
E187_genetic_difficulty,1364,0.16571787049591127,0.1679086363006983
E187_genetic_difficulty,1365,0.15278156849308741,0.28853028253990026
E187_genetic_difficulty,1366,0.15362638641742624,0.23199278347498939
E187_genetic_difficulty,1367,0.19131579703246304,0.20155487490387727
E187_genetic_difficulty,1368,0.17056110285539994,0.20115083073470408
E187_genetic_difficulty,1369,0.2066581309588652,0.23357663879634258
E187_genetic_difficulty,1370,0.14958594841227044,0.11644286420410495
E187_genetic_difficulty,1371,0.14780414604752976,0.24349555550218502
E187_genetic_difficulty,1372,0.19029240002994099,0.28333907403444192
E187_genetic_difficulty,1373,0.17895068484360965,0.21466346781620047
E187_genetic_difficulty,1374,0.21245230552509078,0.17396932981947996
E187_genetic_difficulty,1375,0.1141073224365734,0.21113578049707168
E187_genetic_difficulty,1376,0.14153058209801145,0.18478341339109683
E187_genetic_difficulty,1377,0.15034973677334071,0.16657612274990533
E187_genetic_difficulty,1378,0.12261335387562471,0.2414556486040953
E187_genetic_difficulty,1379,0.20464535734853151,0.17677652251179596
E187_genetic_difficulty,1380,0.19689527007446958,0.28771854014951864
E187_genetic_difficulty,1381,0.14752504271716968,0.2102831951353826
E187_genetic_difficulty,1382,0.12678111493057709,0.20843693972317925
E187_genetic_difficulty,1383,0.1113104760635224,0.10202704241411435
E187_genetic_difficulty,1384,0.19489284014201236,0.24524879290388488
E187_genetic_difficulty,1385,0.17061573844280978,0.21770979833472026
E187_genetic_difficulty,1386,0.18068197642322628,0.18464024831620485
E187_genetic_difficulty,1387,0.14078046394474727,0.18999663701712111
E187_genetic_difficulty,1388,0.13249530552154781,0.079201415777122891
E187_genetic_difficulty,1389,0.19844563424617304,0.24489852403263856
E187_genetic_difficulty,1390,0.14842537982335002,0.19491868674413085
E187_genetic_difficulty,1391,0.15180175730718193,0.21130597356129135
E187_genetic_difficulty,1392,0.20042291619025407,0.1623503310553242
E187_genetic_difficulty,1393,0.18365983567112251,0.26500466578929988
E187_genetic_difficulty,1394,0.17548607382211415,0.22084632311909003
E187_genetic_difficulty,1395,0.14553344420238429,0.14091293980258138
E187_genetic_difficulty,1396,0.15256566874879837,0.2229559903267869
E187_genetic_difficulty,1397,0.16581798322932426,0.18427981085332648
E187_genetic_difficulty,1398,0.22716363805313811,0.25068998719324781
E187_genetic_difficulty,1399,0.14762422825050889,0.17525912346900951
E187_genetic_difficulty,1400,0.15106592178708389,0.22157733465934748
E187_genetic_difficulty,1401,0.16211770342691006,0.11818197650670058
E187_genetic_difficulty,1402,0.15119412915043762,0.20512211470197783
E187_genetic_difficulty,1403,0.20889220702034783,0.27158417844973692
E187_genetic_difficulty,1404,0.081944392517320067,0.24368546355402079
E187_genetic_difficulty,1405,0.17174162614242228,0.25929141240853332
E187_genetic_difficulty,1406,0.18167725417225189,0.1832807143387867
E187_genetic_difficulty,1407,0.18670977105674427,0.19407437829594262
E187_genetic_difficulty,1408,0.23839021037407834,0.21925361096314985
E187_genetic_difficulty,1409,0.16904067193419628,0.17572959277434308
E187_genetic_difficulty,1410,0.19213159960050638,0.27833779352648175
E187_genetic_difficulty,1411,0.15061070674237823,0.15485693068515891
E187_genetic_difficulty,1412,0.15225346662648265,0.22591954772805092
E187_genetic_difficulty,1413,0.16475241795961576,0.20604067224007946
E187_genetic_difficulty,1414,0.18475189620619123,0.15093801088683514
E187_genetic_difficulty,1415,0.21200876776892139,0.24970240190560553
E187_genetic_difficulty,1416,0.18273339219476101,0.23725436136556621
E187_genetic_difficulty,1417,0.17187382549923028,0.20854681540224015
E187_genetic_difficulty,1418,0.18961528294064589,0.22957090771481511
E187_genetic_difficulty,1419,0.18416874026863658,0.20011477586580614
E187_genetic_difficulty,1420,0.15142509196560186,0.27017162234196096
E187_genetic_difficulty,1421,0.15368297212358487,0.22040497616562083
E187_genetic_difficulty,1422,0.17339245673210624,0.21213777930199865
E187_genetic_difficulty,1423,0.15521732856119039,0.20720689354897423
E187_genetic_difficulty,1424,0.1522880435866584,0.24342568329013325
E187_genetic_difficulty,1425,0.14123490958365378,0.25090933899466855
E187_genetic_difficulty,1426,0.20459903005996213,0.27783170548481617
E187_genetic_difficulty,1427,0.14939855780102215,0.24152081912050302
E187_genetic_difficulty,1428,0.15274720817764695,0.20041039772498451
E187_genetic_difficulty,1429,0.15566959459600507,0.17913296234952672
E187_genetic_difficulty,1430,0.18365602348403195,0.33200876601804302
E187_genetic_difficulty,1431,0.12303005782472164,0.13548383879461115
E187_genetic_difficulty,1432,0.1437784959522323,0.24509911662385089
E187_genetic_difficulty,1433,0.15731367740736843,0.19154193001048292
E187_genetic_difficulty,1434,0.16240263243213027,0.25707297263153123
E187_genetic_difficulty,1435,0.15787413055274827,0.15087812744010975
E187_genetic_difficulty,1436,0.2000777018808495,0.22442067573378277
E187_genetic_difficulty,1437,0.18051068130311979,0.25246362042926013
E187_genetic_difficulty,1438,0.2090296484204677,0.25052640912464097
E187_genetic_difficulty,1439,0.17762944711436368,0.26070084943894195
E187_genetic_difficulty,1440,0.17873496643836784,0.26016370602134647
E187_genetic_difficulty,1441,0.18469451109468984,0.204487635418098
E187_genetic_difficulty,1442,0.15331874021877148,0.21215494856497186
E187_genetic_difficulty,1443,0.17509190221009061,0.19353643987368252
E187_genetic_difficulty,1444,0.14465336542857141,0.24620687177531
E187_genetic_difficulty,1445,0.21174140993241564,0.18365342284009889
E187_genetic_difficulty,1446,0.13569431276553626,0.11358507080730477
E187_genetic_difficulty,1447,0.20537588697909112,0.26844078046765002
E187_genetic_difficulty,1448,0.14978366135848106,0.18794105347188206
E187_genetic_difficulty,1449,0.16887220671318226,0.18148609891466708
E187_genetic_difficulty,1450,0.18396747071880637,0.21154875756034816
E187_genetic_difficulty,1451,0.16885822625061131,0.19797203166011398
E187_genetic_difficulty,1452,0.20935102836419803,0.31287039221067486
E187_genetic_difficulty,1453,0.17070913506650545,0.24568897054520578
E187_genetic_difficulty,1454,0.18377908770447596,0.13091983284793224
E187_genetic_difficulty,1455,0.1395957817441407,0.24337480855321761
E187_genetic_difficulty,1456,0.14235942751664524,0.17938645459524838
E187_genetic_difficulty,1457,0.14563969396496682,0.24796656952046239
E187_genetic_difficulty,1458,0.19325286537671593,0.2682638606679611
E187_genetic_difficulty,1459,0.16587376662651418,0.18253149068475874
E187_genetic_difficulty,1460,0.14276081075155747,0.22367655686933838
E187_genetic_difficulty,1461,0.15647295456500784,0.2284992017708016
E187_genetic_difficulty,1462,0.156000553223196,0.22560273846962756
E187_genetic_difficulty,1463,0.14628197644307855,0.1893564189888618
E187_genetic_difficulty,1464,0.17939839317457976,0.22087957196527977
E187_genetic_difficulty,1465,0.17134363372189565,0.22309781374181958
E187_genetic_difficulty,1466,0.17021734559616938,0.30043651056890192
E187_genetic_difficulty,1467,0.20083754644976778,0.22226813892303152
E187_genetic_difficulty,1468,0.22677561466685969,0.20695268403906444
E187_genetic_difficulty,1469,0.17320607554633091,0.20467840337258525
E187_genetic_difficulty,1470,0.12643789372556846,0.24081428563306706
E187_genetic_difficulty,1471,0.16694058138345724,0.24517368193420816
E187_genetic_difficulty,1472,0.16352037038890482,0.16423806103986846
E187_genetic_difficulty,1473,0.18940929167641832,0.24136330201280135
E187_genetic_difficulty,1474,0.11112392985004099,0.16220448911991392
E187_genetic_difficulty,1475,0.18568476790397592,0.23274840078126022
E187_genetic_difficulty,1476,0.18157228650411494,0.1956388286612025
E187_genetic_difficulty,1477,0.15454642622468404,0.16721246809831833
E187_genetic_difficulty,1478,0.13573333027239265,0.20110008787627576
E187_genetic_difficulty,1479,0.20255725834662219,0.20142466032864573
E187_genetic_difficulty,1480,0.14519577996119762,0.19554357010592627
E187_genetic_difficulty,1481,0.15331121391767882,0.1934461251719608
E187_genetic_difficulty,1482,0.17865805983687491,0.19831191372640952
E187_genetic_difficulty,1483,0.17892723710977096,0.1750760960325001
E187_genetic_difficulty,1484,0.18988624694090961,0.26352851589502657
E187_genetic_difficulty,1485,0.22959499762754346,0.15259849753056123
E187_genetic_difficulty,1486,0.1962941145847801,0.17012273981601037
E187_genetic_difficulty,1487,0.19760494053509126,0.25527528952507733
E187_genetic_difficulty,1488,0.18287948553683653,0.1931094048493753
E187_genetic_difficulty,1489,0.16691589406390553,0.16150469180332194
E187_genetic_difficulty,1490,0.19394188403427748,0.24115364205782719
E187_genetic_difficulty,1491,0.16271005458436036,0.12957438423961856
E187_genetic_difficulty,1492,0.17084501754631709,0.16627434712879907
E187_genetic_difficulty,1493,0.19898533034956614,0.22119073295865743
E187_genetic_difficulty,1494,0.1496345676603785,0.22581156401987854
E187_genetic_difficulty,1495,0.16272253638570786,0.21066486050127364
E187_genetic_difficulty,1496,0.1593191166798347,0.19240903407241375
E187_genetic_difficulty,1497,0.13513026685583643,0.14408486719545008
E187_genetic_difficulty,1498,0.15014659417453888,0.2164906578487471
E187_genetic_difficulty,1499,0.18654852129589247,0.26554007691265857
E187_genetic_difficulty,1500,0.20666294481937297,0.16238441984108695
E187_genetic_difficulty,1501,0.11565107368683809,0.21184745867555368
E187_genetic_difficulty,1502,0.14697496593943396,0.247064362951847
E187_genetic_difficulty,1503,0.16500166752857764,0.13970973703782322
E187_genetic_difficulty,1504,0.18804868094886829,0.24219045376532877
E187_genetic_difficulty,1505,0.19498879142354134,0.21425951287559553
E187_genetic_difficulty,1506,0.17760607668264083,0.12806271681586151
E187_genetic_difficulty,1507,0.15946443555772283,0.22403223793274751
E187_genetic_difficulty,1508,0.18001461851809922,0.15833359611520273
E187_genetic_difficulty,1509,0.14361205292778978,0.24214845761635617
E187_genetic_difficulty,1510,0.16327249317358333,0.20362084628085675
E187_genetic_difficulty,1511,0.14693876673930592,0.16682459724316623
E187_genetic_difficulty,1512,0.11428665507652697,0.1662962123276702
E187_genetic_difficulty,1513,0.18751092115694634,0.19084939240895704
E187_genetic_difficulty,1514,0.17405823704134457,0.26478227321214204
E187_genetic_difficulty,1515,0.14868396019197319,0.24639236816719615
E187_genetic_difficulty,1516,0.19162882468154485,0.22510405750109372
E187_genetic_difficulty,1517,0.11204191968388529,0.14630843190070336
E187_genetic_difficulty,1518,0.16696164324265086,0.20498472488028394
E187_genetic_difficulty,1519,0.16031157472792559,0.24406945370537439
E187_genetic_difficulty,1520,0.17441982006001236,0.22745324062482322
E187_genetic_difficulty,1521,0.17688344601117709,0.17538270096319872
E187_genetic_difficulty,1522,0.13456326997703302,0.20458342176393293
E187_genetic_difficulty,1523,0.16662379939221514,0.2178298001133453
E187_genetic_difficulty,1524,0.15185914560548466,0.18590452918028968
E187_genetic_difficulty,1525,0.14175287037535317,0.18311588079501132
E187_genetic_difficulty,1526,0.1982493962323725,0.20291208823026188
E187_genetic_difficulty,1527,0.17479975539782713,0.21608544734959753
E187_genetic_difficulty,1528,0.22387463213227574,0.22602587828645893
E187_genetic_difficulty,1529,0.13435500529510488,0.25027151231217598
E187_genetic_difficulty,1530,0.14420562914781365,0.20630917668833107
E187_genetic_difficulty,1531,0.16330919924710172,0.18907565352095268
E187_genetic_difficulty,1532,0.14960513960041641,0.21808088931494904
E187_genetic_difficulty,1533,0.12832578892350832,0.15788256026022551
E187_genetic_difficulty,1534,0.1564079623505851,0.20912581947993622
E187_genetic_difficulty,1535,0.20645710261164951,0.23669721989181344
E187_genetic_difficulty,1536,0.17203948813884448,0.21656765612447063
E187_genetic_difficulty,1537,0.1293776825946146,0.26096446033586607
E187_genetic_difficulty,1538,0.16390516986240394,0.23628922054087473
E187_genetic_difficulty,1539,0.17063337376948748,0.24786119266844167
E187_genetic_difficulty,1540,0.17137345643959831,0.20352339926374027
E187_genetic_difficulty,1541,0.1203868737646742,0.18789309984652103
E187_genetic_difficulty,1542,0.15690863063605834,0.26727016580627577
E187_genetic_difficulty,1543,0.081646497055354886,0.13958998320781196
E187_genetic_difficulty,1544,0.18034019648206859,0.2773518128130612
E187_genetic_difficulty,1545,0.17514778540983067,0.28021204668826244
E187_genetic_difficulty,1546,0.17594849640693108,0.18821602293878392
E187_genetic_difficulty,1547,0.14546827473279592,0.24884238754923438
E187_genetic_difficulty,1548,0.16669676681454701,0.21359700641413668
E187_genetic_difficulty,1549,0.13656123772956993,0.18432329825076735
E187_genetic_difficulty,1550,0.18454237277186905,0.24256530343361618
E187_genetic_difficulty,1551,0.1679893216413493,0.17760291194307776
E187_genetic_difficulty,1552,0.2042429184169805,0.22816963656781122
E187_genetic_difficulty,1553,0.15364803344654829,0.24120026519470705
E187_genetic_difficulty,1554,0.16458025047770033,0.13343943282033513
E187_genetic_difficulty,1555,0.18144246244222031,0.19909771787906252
E187_genetic_difficulty,1556,0.21273275135232719,0.27539020776096385
E187_genetic_difficulty,1557,0.15028943603715403,0.24681098803995419
E187_genetic_difficulty,1558,0.21387744068179207,0.23259438954630882
E187_genetic_difficulty,1559,0.21090770074792087,0.19944114377295963
E187_genetic_difficulty,1560,0.18995902978085855,0.18656085962232213
E187_genetic_difficulty,1561,0.14250137826792292,0.1949951122425807
E187_genetic_difficulty,1562,0.21840936580840375,0.25204196780713678
E187_genetic_difficulty,1563,0.15035857533551822,0.21012098939240495
E187_genetic_difficulty,1564,0.12573899276756378,0.19294902050428553
E187_genetic_difficulty,1565,0.13860429287484458,0.2432314346893675
E187_genetic_difficulty,1566,0.11479840963226985,0.19340137163002433
E187_genetic_difficulty,1567,0.16407543877153533,0.27332467217810857
E187_genetic_difficulty,1568,0.14081936805580977,0.1652178461420731
E187_genetic_difficulty,1569,0.11223510419236182,0.21561396080937104
E187_genetic_difficulty,1570,0.18926517694287148,0.15249377615704141
E187_genetic_difficulty,1571,0.17886264407348521,0.17958547468132849
E187_genetic_difficulty,1572,0.20960717642860741,0.24862029659932527
E187_genetic_difficulty,1573,0.12540312368782103,0.17128170626712813
E187_genetic_difficulty,1574,0.13968319808530402,0.19010400100146604
E187_genetic_difficulty,1575,0.15935415594864685,0.21941144755014333
E187_genetic_difficulty,1576,0.13539038600302458,0.19404157396731592
E187_genetic_difficulty,1577,0.16873141237101155,0.23814178957970986
E187_genetic_difficulty,1578,0.21999093450242146,0.22494861408159958
E187_genetic_difficulty,1579,0.15653961780761949,0.17947846600569176
E187_genetic_difficulty,1580,0.16540421137194863,0.27017218933510412
E187_genetic_difficulty,1581,0.171524529113563,0.23902980895620884
E187_genetic_difficulty,1582,0.18531882770728555,0.22874625047443434
E187_genetic_difficulty,1583,0.12272438250023365,0.20547877793811789
E187_genetic_difficulty,1584,0.18128924179792291,0.23507713358548979
E187_genetic_difficulty,1585,0.1935855707838102,0.2110545690863708
E187_genetic_difficulty,1586,0.16360194185155755,0.23804132767457711
E187_genetic_difficulty,1587,0.13580495440303128,0.21610446362564947
E187_genetic_difficulty,1588,0.13636804018464813,0.22059656024778163
E187_genetic_difficulty,1589,0.14745220786425617,0.17471133788152582
E187_genetic_difficulty,1590,0.22210569702810046,0.17148875345328862
E187_genetic_difficulty,1591,0.18315127343880519,0.20243562911153376
E187_genetic_difficulty,1592,0.13386704235709998,0.21037573506705123
E187_genetic_difficulty,1593,0.16296132675853192,0.12334342065980368
E187_genetic_difficulty,1594,0.21816960065680271,0.3038222624664853
E187_genetic_difficulty,1595,0.12825926627240022,0.1683575182841538
E187_genetic_difficulty,1596,0.19123274225635359,0.29611208577563253
E187_genetic_difficulty,1597,0.14217352247609619,0.2331262114203132
E187_genetic_difficulty,1598,0.12933190932377336,0.15348208193269094
E187_genetic_difficulty,1599,0.18263978390829758,0.17394179451626993
E187_genetic_difficulty,1600,0.17418478368875656,0.19163253224519208
E187_genetic_difficulty,1601,0.17936191194722476,0.20291863618943071
E187_genetic_difficulty,1602,0.15577026047325204,0.15755177174114773
E187_genetic_difficulty,1603,0.15594611543837031,0.18576635993245127
E187_genetic_difficulty,1604,0.16849245534331672,0.20760385473780618
E187_genetic_difficulty,1605,0.1726447626943407,0.16829388571141715
E187_genetic_difficulty,1606,0.15785765083959311,0.17626198637664278
E187_genetic_difficulty,1607,0.16623560294226547,0.26057161614231283
E187_genetic_difficulty,1608,0.16113850873061339,0.11324609799866976
E187_genetic_difficulty,1609,0.13117156829827642,0.22865893404409787
E187_genetic_difficulty,1610,0.17375993793011912,0.18183845280967528
E187_genetic_difficulty,1611,0.20803205767658131,0.1070987074075529
E187_genetic_difficulty,1612,0.18307899091870497,0.18879443557139453
E187_genetic_difficulty,1613,0.1311237584439551,0.18955849948167081
E187_genetic_difficulty,1614,0.14034729473417557,0.16722806714363259
E187_genetic_difficulty,1615,0.17820488163275017,0.18522982390202178
E187_genetic_difficulty,1616,0.18536559174891423,0.24679053690716882
E187_genetic_difficulty,1617,0.20174584318666791,0.23662662875823792
E187_genetic_difficulty,1618,0.12749334430983719,0.16095479082523023
E187_genetic_difficulty,1619,0.14124916694565134,0.18754948821249365
E187_genetic_difficulty,1620,0.21881467150881673,0.18101203462962093
E187_genetic_difficulty,1621,0.12561366825419748,0.17130913824352281
E187_genetic_difficulty,1622,0.17480133319759317,0.1670508512384058
E187_genetic_difficulty,1623,0.18953867260520962,0.22097447313147758
E187_genetic_difficulty,1624,0.1297386201316304,0.21821325463173458
E187_genetic_difficulty,1625,0.18921718013129551,0.23624165559749796
E187_genetic_difficulty,1626,0.1618442669507186,0.19221345234155299
E187_genetic_difficulty,1627,0.12145934048142558,0.10953784220849694
E187_genetic_difficulty,1628,0.15302484681715525,0.31826784207016035
E187_genetic_difficulty,1629,0.19309127461528933,0.25352459080642631
E187_genetic_difficulty,1630,0.16103448685769042,0.22514513954412088
E187_genetic_difficulty,1631,0.15060269130760379,0.21783131022575411
E187_genetic_difficulty,1632,0.17989774255047306,0.18664801030043621
E187_genetic_difficulty,1633,0.15464258147705071,0.19147197091759013
E187_genetic_difficulty,1634,0.16011714988852244,0.16423825679922741
E187_genetic_difficulty,1635,0.20751323153198067,0.25427007635449334
E187_genetic_difficulty,1636,0.13424859641068179,0.20021268168598608
E187_genetic_difficulty,1637,0.15259827999764256,0.22825722106994248
E187_genetic_difficulty,1638,0.14387767580580707,0.18223126646219112
E187_genetic_difficulty,1639,0.14568905330540313,0.29603549019649583
E187_genetic_difficulty,1640,0.1857001527558727,0.20542754184607012
E187_genetic_difficulty,1641,0.21377627279318692,0.26033147747081359
E187_genetic_difficulty,1642,0.14170613328625367,0.25465632618391304
E187_genetic_difficulty,1643,0.20401352478093959,0.23667988622829247
E187_genetic_difficulty,1644,0.17972824088333453,0.22016619884500055
E187_genetic_difficulty,1645,0.12777299010299703,0.1997932329372023
E187_genetic_difficulty,1646,0.20703091141782445,0.13510564165800262
E187_genetic_difficulty,1647,0.15207153537933144,0.18685583745362358
E187_genetic_difficulty,1648,0.15482073891007284,0.16101678761464117
E187_genetic_difficulty,1649,0.14627622036969379,0.21583913953039333
E187_genetic_difficulty,1650,0.18767449431881564,0.17770459340518141
E187_genetic_difficulty,1651,0.21297714292984335,0.21942738628734804
E187_genetic_difficulty,1652,0.12640392260739519,0.18954060527375863
E187_genetic_difficulty,1653,0.22146988014733862,0.27561652095275319
E187_genetic_difficulty,1654,0.19360049439772734,0.19216987772247326
E187_genetic_difficulty,1655,0.22280063423737559,0.26227297880840966
E187_genetic_difficulty,1656,0.1971814510405194,0.27935374849329159
E187_genetic_difficulty,1657,0.14624470476440735,0.18200606476346734
E187_genetic_difficulty,1658,0.20109790845424472,0.23057017673648425
E187_genetic_difficulty,1659,0.1439981733026823,0.19193726790051976
E187_genetic_difficulty,1660,0.16615956383323441,0.18651326198151952
E187_genetic_difficulty,1661,0.12989789023619364,0.16284828720280833
E187_genetic_difficulty,1662,0.21427783553508059,0.20354186063608848
E187_genetic_difficulty,1663,0.22209198400868765,0.21183323786295685
E187_genetic_difficulty,1664,0.15026583108153516,0.25504719612559146
E187_genetic_difficulty,1665,0.15455237884700324,0.21337418896735136
E187_genetic_difficulty,1666,0.15090218022393811,0.15878158999905642
E187_genetic_difficulty,1667,0.16852718822110305,0.22119134136490667
E187_genetic_difficulty,1668,0.16056127348674462,0.15849162211321269
E187_genetic_difficulty,1669,0.18471157682230718,0.19653661659535446
E187_genetic_difficulty,1670,0.16119433431436622,0.11750709633937455
E187_genetic_difficulty,1671,0.1550130486360424,0.17589723490658962
E187_genetic_difficulty,1672,0.20206437467688257,0.27186277363971961
E187_genetic_difficulty,1673,0.19246910159688135,0.1876452404294823
E187_genetic_difficulty,1674,0.16652196391682497,0.24927518883083424
E187_genetic_difficulty,1675,0.17507319979299477,0.22140029182802487
E187_genetic_difficulty,1676,0.18710753010914383,0.2368472862596871
E187_genetic_difficulty,1677,0.19226318398769279,0.24081232822119916
E187_genetic_difficulty,1678,0.19733425618026321,0.234879164405321
E187_genetic_difficulty,1679,0.19092687082757101,0.27513648458990342
E187_genetic_difficulty,1680,0.16149135995216304,0.12874522288846402
E187_genetic_difficulty,1681,0.23861029429606795,0.19264612157769442
E187_genetic_difficulty,1682,0.20442607806049129,0.18398107063187785
E187_genetic_difficulty,1683,0.15419442029925337,0.13464188515828021
E187_genetic_difficulty,1684,0.15628064398865155,0.2513490391433888
E187_genetic_difficulty,1685,0.2096846267633333,0.30183972341669879
E187_genetic_difficulty,1686,0.21722124144269431,0.12356034093498774
E187_genetic_difficulty,1687,0.15518852400957836,0.13818823485201417
E187_genetic_difficulty,1688,0.21475945716757372,0.28770827183965769
E187_genetic_difficulty,1689,0.16589940981371518,0.17221900013971803
E187_genetic_difficulty,1690,0.14461380145395994,0.22839250667955124
E187_genetic_difficulty,1691,0.18390806513806277,0.18822293776056331
E187_genetic_difficulty,1692,0.16188466325516959,0.20068692436914723
E187_genetic_difficulty,1693,0.13290464848225966,0.18235500696869633
E187_genetic_difficulty,1694,0.16131674016622197,0.18827468123189131
E187_genetic_difficulty,1695,0.18190865403470924,0.20431477500969086
E187_genetic_difficulty,1696,0.098110921303192808,0.11865293534255057
E187_genetic_difficulty,1697,0.17436430390115598,0.24539765762421481
E187_genetic_difficulty,1698,0.20396596429809977,0.18596549173095009
E187_genetic_difficulty,1699,0.17879054498011579,0.22598313163823183
E187_genetic_difficulty,1700,0.19292298944625488,0.25032428887846092
E187_genetic_difficulty,1701,0.17387866144519226,0.21033162079848225
E187_genetic_difficulty,1702,0.17246351842589538,0.13821072617557903
E187_genetic_difficulty,1703,0.17507535574237676,0.23715540869399107
E187_genetic_difficulty,1704,0.17356480717437991,0.31054365329562805
E187_genetic_difficulty,1705,0.14554284395191516,0.24435691738241846
E187_genetic_difficulty,1706,0.20181220686496451,0.19693961594328735
E187_genetic_difficulty,1707,0.1923244811104754,0.15190088529364457
E187_genetic_difficulty,1708,0.19066146795358521,0.23550659230556459
E187_genetic_difficulty,1709,0.1966941760252765,0.24277345519522484
E187_genetic_difficulty,1710,0.15857057588914025,0.18494921488295091
E187_genetic_difficulty,1711,0.17328807684439837,0.20028763531762619
E187_genetic_difficulty,1712,0.16968596521741863,0.14299246927617268
E187_genetic_difficulty,1713,0.16757664878979231,0.20903950549119008
E187_genetic_difficulty,1714,0.16551967580710567,0.30123236138728121
E187_genetic_difficulty,1715,0.19285833854219306,0.25942297275971199
E187_genetic_difficulty,1716,0.16449899902942849,0.22549582702643725
E187_genetic_difficulty,1717,0.17698893878214991,0.21207667160396571
E187_genetic_difficulty,1718,0.16104189870131205,0.1491138365836461
E187_genetic_difficulty,1719,0.1953728870141479,0.21886128586529752
E187_genetic_difficulty,1720,0.18694565781148495,0.16854493789551891
E187_genetic_difficulty,1721,0.21209989748032299,0.24424128132995623
E187_genetic_difficulty,1722,0.18718687404242637,0.18361294998915115
E187_genetic_difficulty,1723,0.14595146834220768,0.20087691276571906
E187_genetic_difficulty,1724,0.11764361312442832,0.22278692230383637
E187_genetic_difficulty,1725,0.14096905494551723,0.16906553934240895
E187_genetic_difficulty,1726,0.16898056268936443,0.14159425801741402
E187_genetic_difficulty,1727,0.17743802003228859,0.2086594213333953
E187_genetic_difficulty,1728,0.16791236996644573,0.22495819455568064
E187_genetic_difficulty,1729,0.20832520363460502,0.2238186389358833
E187_genetic_difficulty,1730,0.18339385270906791,0.17194494887084899
E187_genetic_difficulty,1731,0.20481107674541596,0.18658050692191905
E187_genetic_difficulty,1732,0.17394451163213639,0.24155842277540177
E187_genetic_difficulty,1733,0.17511798049441249,0.16058326119902519
E187_genetic_difficulty,1734,0.17564044096148967,0.22086347632141687
E187_genetic_difficulty,1735,0.1788959372519755,0.21573595628154404
E187_genetic_difficulty,1736,0.21816259462870277,0.21931157629211487
E187_genetic_difficulty,1737,0.21193442828443163,0.25868515625678795
E187_genetic_difficulty,1738,0.17696441260549334,0.17849789634380819
E187_genetic_difficulty,1739,0.1750339313505829,0.16342671165426489
E187_genetic_difficulty,1740,0.13843850976813579,0.24957682955142288
E187_genetic_difficulty,1741,0.20139705910014047,0.23439670651046704
E187_genetic_difficulty,1742,0.17576041202450621,0.13366977935939503
E187_genetic_difficulty,1743,0.12418259249120468,0.14555404577477615
E187_genetic_difficulty,1744,0.16369372759215384,0.14455096884636162
E187_genetic_difficulty,1745,0.15095831823941608,0.25672446734243204
E187_genetic_difficulty,1746,0.16384107275302978,0.24736325977187359
E187_genetic_difficulty,1747,0.15861383786978217,0.20174731800139697
E187_genetic_difficulty,1748,0.2258563833239555,0.20314913332965487
E187_genetic_difficulty,1749,0.170654305692403,0.23525525417611703
E187_genetic_difficulty,1750,0.16431135553883208,0.27028859270200045
E187_genetic_difficulty,1751,0.16871716900344144,0.21361541983382784
E187_genetic_difficulty,1752,0.11766353769206035,0.21402295381918365
E187_genetic_difficulty,1753,0.12751343713460134,0.21982566790617761
E187_genetic_difficulty,1754,0.17862471128433524,0.26806670985004205
E187_genetic_difficulty,1755,0.14649762716247736,0.099198028162283514
E187_genetic_difficulty,1756,0.22475378536358989,0.22001793311394838
E187_genetic_difficulty,1757,0.17874210453682157,0.33435278404645974
E187_genetic_difficulty,1758,0.18043487723758289,0.21955668545936161
E187_genetic_difficulty,1759,0.20078478985962622,0.16857031037399905
E187_genetic_difficulty,1760,0.25825989881533845,0.22646014949378399
E187_genetic_difficulty,1761,0.17915940275085274,0.16981715145632723
E187_genetic_difficulty,1762,0.22099703419606917,0.27357930676845948
E187_genetic_difficulty,1763,0.15786422225701416,0.23660615209524802
E187_genetic_difficulty,1764,0.17055945248837659,0.23516825841868746
E187_genetic_difficulty,1765,0.17439100006793909,0.22097039850936673
E187_genetic_difficulty,1766,0.16626351239284615,0.21163170067410889
E187_genetic_difficulty,1767,0.2186692993215901,0.23231211196091908
E187_genetic_difficulty,1768,0.17406820934750125,0.20852375282922739
E187_genetic_difficulty,1769,0.13988834180054263,0.30685726514171879
E187_genetic_difficulty,1770,0.13468107224909517,0.1951055455454275
E187_genetic_difficulty,1771,0.16181353010839486,0.24122826102917128
E187_genetic_difficulty,1772,0.19735310793145255,0.12613265838499593
E187_genetic_difficulty,1773,0.17000599490484933,0.20004404532357889
E187_genetic_difficulty,1774,0.16980965486733424,0.19065377119542712
E187_genetic_difficulty,1775,0.15977561580105759,0.1801597970985539
E187_genetic_difficulty,1776,0.16348439926868621,0.25481634897265654
E187_genetic_difficulty,1777,0.16877217917579282,0.25180260991111042
E187_genetic_difficulty,1778,0.12363029246019981,0.19334262686295309
E187_genetic_difficulty,1779,0.16041454156085103,0.1544758161466501
E187_genetic_difficulty,1780,0.13930949461913963,0.14537053848464462
E187_genetic_difficulty,1781,0.19022369575612538,0.14364923857229461
E187_genetic_difficulty,1782,0.11953326441881447,0.24685646461077626
E187_genetic_difficulty,1783,0.22906537091718268,0.23966550014455767
E187_genetic_difficulty,1784,0.16809549573964619,0.27296225473199692
E187_genetic_difficulty,1785,0.16180050078010064,0.18552903815523311
E187_genetic_difficulty,1786,0.19395463784455866,0.22636068829978664
E187_genetic_difficulty,1787,0.19990389363809122,0.18663541328675196
E187_genetic_difficulty,1788,0.15060066699986385,0.17897230078285165
E187_genetic_difficulty,1789,0.14380206941112353,0.17510003233576665
E187_genetic_difficulty,1790,0.2327261787741782,0.24644068080035672
E187_genetic_difficulty,1791,0.15368887269294823,0.16404223623629782
E187_genetic_difficulty,1792,0.16848034868470732,0.10809340290322322
E187_genetic_difficulty,1793,0.1678196470155148,0.13767064700788792
E187_genetic_difficulty,1794,0.18956686500879191,0.16519296301417583
E187_genetic_difficulty,1795,0.18085469698111364,0.26985315689494843
E187_genetic_difficulty,1796,0.19132539079421282,0.19215280846530128
E187_genetic_difficulty,1797,0.24342557255547037,0.28739618418275298
E187_genetic_difficulty,1798,0.1609654094177688,0.22940312854976908
E187_genetic_difficulty,1799,0.17261971336081536,0.24137075008544637
E187_genetic_difficulty,1800,0.17266328638518658,0.21565136304890967
E187_genetic_difficulty,1801,0.17737787051613915,0.23540218108188168
E187_genetic_difficulty,1802,0.20852877514635551,0.29424943068890347
E187_genetic_difficulty,1803,0.19485244622695264,0.1669788540267059
E187_genetic_difficulty,1804,0.1912148348737914,0.27066714999148728
E187_genetic_difficulty,1805,0.15865671415705629,0.097803958162850632
E187_genetic_difficulty,1806,0.17056302181665708,0.25926945731248258
E187_genetic_difficulty,1807,0.14883636786479079,0.18167973537404145
E187_genetic_difficulty,1808,0.1786538823386484,0.18467592759721055
E187_genetic_difficulty,1809,0.17220175855614617,0.19001320589636647
E187_genetic_difficulty,1810,0.17328330287565333,0.22254198186836491
E187_genetic_difficulty,1811,0.15580220850147999,0.15099020763196197
E187_genetic_difficulty,1812,0.19084752687394721,0.24732270510103702
E187_genetic_difficulty,1813,0.14699087129524649,0.27060190663447109
E187_genetic_difficulty,1814,0.13961747944286529,0.15825144075747843
E187_genetic_difficulty,1815,0.21966415023721753,0.16150624259638252
E187_genetic_difficulty,1816,0.18843480745006783,0.22180693784077624
E187_genetic_difficulty,1817,0.17041167671301885,0.093615558401209442
E187_genetic_difficulty,1818,0.15068451706560385,0.30602782130042627
E187_genetic_difficulty,1819,0.16696782991474765,0.19583463514815502
E187_genetic_difficulty,1820,0.17123853922662258,0.16347643018876104
E187_genetic_difficulty,1821,0.15949212362837414,0.20964273959494606
E187_genetic_difficulty,1822,0.18135679750445896,0.21466268449390946
E187_genetic_difficulty,1823,0.1661601954141993,0.24451392249838508
E187_genetic_difficulty,1824,0.19277660688174345,0.23930419106648695
E187_genetic_difficulty,1825,0.1480037338087534,0.21433452748487347
E187_genetic_difficulty,1826,0.1808979432095007,0.20630271124523827
E187_genetic_difficulty,1827,0.14090044125343634,0.24025795329975522
E187_genetic_difficulty,1828,0.17458249561992836,0.315693143765438
E187_genetic_difficulty,1829,0.18088809439273831,0.21730659226867535
E187_genetic_difficulty,1830,0.13294580359263178,0.22357582617158631
E187_genetic_difficulty,1831,0.12742178386581296,0.069892529079188373
E187_genetic_difficulty,1832,0.17928857252098995,0.26978336378650253
E187_genetic_difficulty,1833,0.21742705134679308,0.28283519753381453
E187_genetic_difficulty,1834,0.16177182564111789,0.1791264648597278
E187_genetic_difficulty,1835,0.18122603305651497,0.22212488884910186
E187_genetic_difficulty,1836,0.20009489752018006,0.25529453673939817
E187_genetic_difficulty,1837,0.17135942662886083,0.17913742935918317
E187_genetic_difficulty,1838,0.15401142378514543,0.23951535623164291
E187_genetic_difficulty,1839,0.14950200454976667,0.31339740639154895
E187_genetic_difficulty,1840,0.18383195142244832,0.22681147635030585
E187_genetic_difficulty,1841,0.2147444332626155,0.2711930030238846
E187_genetic_difficulty,1842,0.1358944946546565,0.28255549492375986
E187_genetic_difficulty,1843,0.16385773090648456,0.20632984170516225
E187_genetic_difficulty,1844,0.15823904001254807,0.27862672768329128
E187_genetic_difficulty,1845,0.12798648537434795,0.1530119416757604
E187_genetic_difficulty,1846,0.15671134573192966,0.17187057244402937
E187_genetic_difficulty,1847,0.15281571344669592,0.2070907448962741
E187_genetic_difficulty,1848,0.14095401094972235,0.24040872852068537
E187_genetic_difficulty,1849,0.11452760045322119,0.1454348241419425
E187_genetic_difficulty,1850,0.10075300222336253,0.20987086635763416
E187_genetic_difficulty,1851,0.15747048722036233,0.1809886923757551
E187_genetic_difficulty,1852,0.15990855526324091,0.230238840042016
E187_genetic_difficulty,1853,0.22862337757725551,0.28547152228441891
E187_genetic_difficulty,1854,0.1711374560772603,0.26862571647300681
E187_genetic_difficulty,1855,0.13670474290175849,0.22159798969248959
E187_genetic_difficulty,1856,0.13467009993495391,0.1980355374942171
E187_genetic_difficulty,1857,0.12684923218412267,0.15788075413866645
E187_genetic_difficulty,1858,0.21756381117734705,0.23985889589959167
E187_genetic_difficulty,1859,0.17024611198418738,0.29962900037239865
E187_genetic_difficulty,1860,0.19416687618829476,0.20952137057918305
E187_genetic_difficulty,1861,0.16342382768908623,0.19991716467228512
E187_genetic_difficulty,1862,0.16712669289510199,0.1661564057789249
E187_genetic_difficulty,1863,0.090646266279319765,0.17174895280037492
E187_genetic_difficulty,1864,0.181204664729716,0.2216403895792646
E187_genetic_difficulty,1865,0.1251011172174131,0.20733141052486156
E187_genetic_difficulty,1866,0.15709932357619222,0.20713265094006383
E187_genetic_difficulty,1867,0.1974197370527577,0.21487525486464712
E187_genetic_difficulty,1868,0.11858475191738325,0.21665804522563778
E187_genetic_difficulty,1869,0.12956119132473812,0.19003202765636298
E187_genetic_difficulty,1870,0.10257076359425976,0.2093074914111758
E187_genetic_difficulty,1871,0.17703163769927757,0.11760596889046256
E187_genetic_difficulty,1872,0.18750194905633447,0.21741200072452951
E187_genetic_difficulty,1873,0.13424567170127158,0.16782894138588333
E187_genetic_difficulty,1874,0.16510350925035899,0.1604384244697882
E187_genetic_difficulty,1875,0.17156158183227996,0.25983442591978184
E187_genetic_difficulty,1876,0.15263995871391689,0.16558025107250615
E187_genetic_difficulty,1877,0.14898653624085109,0.15330609006828935
E187_genetic_difficulty,1878,0.16305524904321175,0.26757186163263152
E187_genetic_difficulty,1879,0.19207341192858418,0.21205308746618057
E187_genetic_difficulty,1880,0.16581896302705693,0.25993718754271095
E187_genetic_difficulty,1881,0.19529690180348677,0.24859127269048778
E187_genetic_difficulty,1882,0.16108209980954233,0.2585523445166038
E187_genetic_difficulty,1883,0.15071919776945378,0.19241456205450172
E187_genetic_difficulty,1884,0.16224229803601745,0.24201773417601644
E187_genetic_difficulty,1885,0.15270420331139264,0.14203082852982138
E187_genetic_difficulty,1886,0.16043347129023952,0.11189754162091194
E187_genetic_difficulty,1887,0.17158035337983635,0.20228171156040889
E187_genetic_difficulty,1888,0.20052468261452536,0.30563490352356021
E187_genetic_difficulty,1889,0.14092684110194506,0.21182603211483242
E187_genetic_difficulty,1890,0.20958353525536147,0.2395860266443475
E187_genetic_difficulty,1891,0.17302685897436287,0.18929839437827969
E187_genetic_difficulty,1892,0.18603396433341923,0.2221358695988076
E187_genetic_difficulty,1893,0.18790545386254096,0.29012270270248131
E187_genetic_difficulty,1894,0.15669652187042618,0.28988684588817898
E187_genetic_difficulty,1895,0.15074374103463783,0.14073304370739173
E187_genetic_difficulty,1896,0.13442104468596186,0.24147601163419344
E187_genetic_difficulty,1897,0.12989989244621528,0.13964349602694523
E187_genetic_difficulty,1898,0.16429330709418274,0.23956464528966623
E187_genetic_difficulty,1899,0.19681317314779853,0.18678446858273415
E187_genetic_difficulty,1900,0.12350768218911608,0.23225458877417468
E187_genetic_difficulty,1901,0.18809573411360128,0.21546084270394453
E187_genetic_difficulty,1902,0.16151909233858852,0.1695078529764085
E187_genetic_difficulty,1903,0.12453628865994422,0.19704961799201923
E187_genetic_difficulty,1904,0.13241134230899468,0.18686266428128881
E187_genetic_difficulty,1905,0.17687926054797595,0.28504943557076962
E187_genetic_difficulty,1906,0.15995485594865777,0.16639831830794963
E187_genetic_difficulty,1907,0.14068413627278384,0.20965348192235192
E187_genetic_difficulty,1908,0.15897584069230405,0.23346139190334528
E187_genetic_difficulty,1909,0.12929073521599474,0.29474568547784413
E187_genetic_difficulty,1910,0.14602944059459583,0.20669317014383104
E187_genetic_difficulty,1911,0.16876469523246876,0.23812883499473234
E187_genetic_difficulty,1912,0.13844737595253845,0.091742521027556589
E187_genetic_difficulty,1913,0.16409052968844942,0.18660142831355939
E187_genetic_difficulty,1914,0.18221018975206085,0.27124257713302874
E187_genetic_difficulty,1915,0.20850282464550954,0.25477749142781153
E187_genetic_difficulty,1916,0.17481222555519374,0.22694849032995656
E187_genetic_difficulty,1917,0.15563540551935756,0.11064011139669365
E187_genetic_difficulty,1918,0.16950293798434043,0.32081252007940481
E187_genetic_difficulty,1919,0.15317607185853591,0.23039586061997794
E187_genetic_difficulty,1920,0.16993236321830582,0.24864007532022328
E187_genetic_difficulty,1921,0.12597308288090645,0.10209941013099155
E187_genetic_difficulty,1922,0.15755277829666994,0.28225509704599955
E187_genetic_difficulty,1923,0.14940358857706235,0.25152958030915368
E187_genetic_difficulty,1924,0.26465892564222737,0.26487009347542634
E187_genetic_difficulty,1925,0.20010237487205051,0.22079505413427927
E187_genetic_difficulty,1926,0.18170897918974852,0.25815334096271908
E187_genetic_difficulty,1927,0.16627582044290681,0.25995772838771086
E187_genetic_difficulty,1928,0.17522150464226685,0.27231752592513853
E187_genetic_difficulty,1929,0.16807486389541712,0.19255405989511076
E187_genetic_difficulty,1930,0.19692051895164933,0.26304032152549101
E187_genetic_difficulty,1931,0.20271945355974316,0.23866031495030948
E187_genetic_difficulty,1932,0.18283139513344315,0.15461638052917839
E187_genetic_difficulty,1933,0.15560327971084009,0.21690842070047137
E187_genetic_difficulty,1934,0.15134582216787199,0.1189207864090579
E187_genetic_difficulty,1935,0.20479035155797706,0.24473534319962875
E187_genetic_difficulty,1936,0.15787653230611184,0.17071692967021321
E187_genetic_difficulty,1937,0.14981517920944362,0.24615714256054955
E187_genetic_difficulty,1938,0.19872427871591591,0.21995703249815857
E187_genetic_difficulty,1939,0.20806810124652528,0.22185254173290514
E187_genetic_difficulty,1940,0.23656673546867776,0.2194242224352341
E187_genetic_difficulty,1941,0.15671454902596885,0.19666289470687115
E187_genetic_difficulty,1942,0.18806981208589177,0.14614111484327733
E187_genetic_difficulty,1943,0.14279130515218633,0.21880849703254238
E187_genetic_difficulty,1944,0.15788304542002185,0.14775827955007845
E187_genetic_difficulty,1945,0.18161126806786812,0.19418926233463565
E187_genetic_difficulty,1946,0.16429955684189138,0.26945741021863201
E187_genetic_difficulty,1947,0.14288708607260953,0.16849196524182342
E187_genetic_difficulty,1948,0.15572296689721304,0.15972805926787609
E187_genetic_difficulty,1949,0.21170071424629947,0.21354687120506285
E187_genetic_difficulty,1950,0.17300313772008222,0.19641805160450684
E187_genetic_difficulty,1951,0.20729185287225185,0.26638567490612369
E187_genetic_difficulty,1952,0.17061995610026193,0.16071049299536272
E187_genetic_difficulty,1953,0.16972312553695942,0.13411917447016999
E187_genetic_difficulty,1954,0.17079116362089466,0.25730228197541299
E187_genetic_difficulty,1955,0.17517945184245157,0.20318698578389885
E187_genetic_difficulty,1956,0.10734207933155633,0.24767983674417393
E187_genetic_difficulty,1957,0.18723570918416868,0.19094468689520641
E187_genetic_difficulty,1958,0.17346895596826503,0.2306700679254732
E187_genetic_difficulty,1959,0.14405586270135814,0.18460530732255157
E187_genetic_difficulty,1960,0.16923490810373543,0.20936073185980772
E187_genetic_difficulty,1961,0.13275382337334365,0.22059429700632824
E187_genetic_difficulty,1962,0.16217602759663377,0.21407840879598539
E187_genetic_difficulty,1963,0.20084498741726811,0.23454373092484396
E187_genetic_difficulty,1964,0.18400985378897691,0.24063291424269406
E187_genetic_difficulty,1965,0.16113038957960232,0.2610759636205961
E187_genetic_difficulty,1966,0.17719093699723587,0.22016460769696869
E187_genetic_difficulty,1967,0.15448460645711135,0.22506928559251102
E187_genetic_difficulty,1968,0.17330688051239093,0.13309999028560732
E187_genetic_difficulty,1969,0.18617224799964263,0.30912886863510297
E187_genetic_difficulty,1970,0.14839198908733867,0.19509156574264352
E187_genetic_difficulty,1971,0.15122825938829235,0.16426028249171151
E187_genetic_difficulty,1972,0.17574067321364395,0.23072500061126022
E187_genetic_difficulty,1973,0.12982806759628093,0.20821430215493544
E187_genetic_difficulty,1974,0.21506785422480057,0.25123714571960015
E187_genetic_difficulty,1975,0.14218795014800487,0.21587507180085694
E187_genetic_difficulty,1976,0.22810886434948921,0.28554959667721908
E187_genetic_difficulty,1977,0.20094941090202678,0.2217199036056974
E187_genetic_difficulty,1978,0.22205782373086927,0.23699873675862818
E187_genetic_difficulty,1979,0.16989389054518297,0.20955107318449437
E187_genetic_difficulty,1980,0.15225772649249281,0.13677040327276754
E187_genetic_difficulty,1981,0.16129623831395151,0.20223558471019509
E187_genetic_difficulty,1982,0.18995567669872138,0.21756257020204128
E187_genetic_difficulty,1983,0.16731509011530796,0.20894911147679396
E187_genetic_difficulty,1984,0.14927839228698989,0.13320075491767749
E187_genetic_difficulty,1985,0.21600240043370086,0.26312341582062343
E187_genetic_difficulty,1986,0.15832102988589869,0.22254364207439417
E187_genetic_difficulty,1987,0.13532306372057676,0.20797288234611658
E187_genetic_difficulty,1988,0.18111223326276896,0.21323402335382988
E187_genetic_difficulty,1989,0.13437138528305934,0.18496320855036796
E187_genetic_difficulty,1990,0.16002966840866342,0.26521417439518319
E187_genetic_difficulty,1991,0.21060809998519381,0.15678891952227547
E187_genetic_difficulty,1992,0.17214385378339403,0.20387725987840852
E187_genetic_difficulty,1993,0.14969306738579172,0.14789350187583955
E187_genetic_difficulty,1994,0.19604835980802782,0.23218465514758599
E187_genetic_difficulty,1995,0.10022915239578072,0.19931978199100508
E187_genetic_difficulty,1996,0.1503569059404917,0.2712254024557002
E187_genetic_difficulty,1997,0.11916582163945415,0.25906802401478263
E187_genetic_difficulty,1998,0.13215889067988681,0.24810466229851211
E187_genetic_difficulty,1999,0.11727042428524559,0.25055482921596356
